geometry,validation_seed,step,mode,original_QP_feasible,original_contracted_image_excess,used_outside_original_action_image,original_same_raw_P100,original_same_raw_F200,current_P100,current_F200,mapping_only_P100_change,mapping_only_F200_change,interpretation
C2_8,420002,0,Z_mode_existing_controller,True,-0.015136431614551416,False,191.93127232275413,212.16354700478502,191.75671787139146,212.16351396763108,-0.1745544513626669,-3.303715394054052e-05,"same state/z/raw action; local mapping effect only, no plant propagation"
C2_8,420002,1,Z_mode_existing_controller,True,-0.01933515792635872,False,188.80285883859509,211.4218228453434,188.63617882247675,211.42002283050397,-0.1666800161183346,-0.0018000148394321513,"same state/z/raw action; local mapping effect only, no plant propagation"
C2_8,420002,2,Z_mode_existing_controller,True,-0.019155082115538288,False,197.49056207293773,213.11017028743592,197.32138535692368,213.10119165228843,-0.16917671601405004,-0.008978635147485647,"same state/z/raw action; local mapping effect only, no plant propagation"
C2_8,420002,3,Z_mode_existing_controller,True,-0.008815731770997037,False,193.16795349361445,212.42442693143647,192.98978087124542,212.42619585396443,-0.17817262236903275,0.0017689225279582388,"same state/z/raw action; local mapping effect only, no plant propagation"
C2_8,420002,4,Z_mode_existing_controller,True,-0.017052517892754138,False,193.56473117419554,212.36893911143736,193.39114282242934,212.37002678784663,-0.1735883517661989,0.0010876764092699887,"same state/z/raw action; local mapping effect only, no plant propagation"
C2_8,420002,5,Z_mode_existing_controller,True,-0.01502418022127372,False,194.34253506615408,212.5431428383465,194.16778738537909,212.5410401739299,-0.17474768077499903,-0.002102664416611333,"same state/z/raw action; local mapping effect only, no plant propagation"
C2_8,420002,6,Z_mode_existing_controller,True,-0.008114975726614793,False,194.74640897978554,212.76311541673456,194.5677829782886,212.76275824160243,-0.1786260014969514,-0.0003571751321373995,"same state/z/raw action; local mapping effect only, no plant propagation"
C2_8,420002,7,Z_mode_existing_controller,True,-0.005131567690893402,False,194.46222393330666,212.7698391623451,194.2819162485334,212.7695354475789,-0.1803076847732541,-0.00030371476620416615,"same state/z/raw action; local mapping effect only, no plant propagation"
C2_8,420002,8,Z_mode_existing_controller,True,-0.01133817426976974,False,190.6916648261157,211.87534281106986,190.51479231016663,211.87653487815663,-0.17687251594907138,0.0011920670867766603,"same state/z/raw action; local mapping effect only, no plant propagation"
C2_8,420002,9,Omega_safe_one_step_QP,True,-0.024020794473445038,False,187.21752256550596,211.6258306566899,187.04690221036893,211.6252750494595,-0.17062035513703222,-0.0005556072304102599,"same state/z/raw action; local mapping effect only, no plant propagation"
C2_8,420002,10,Omega_safe_one_step_QP,True,-0.02636349905736862,False,181.46864793380104,210.01959497244897,181.3153094824191,209.99933540903336,-0.15333845138192714,-0.020259563415606863,"same state/z/raw action; local mapping effect only, no plant propagation"
C2_8,420002,11,Omega_safe_one_step_QP,True,-0.027494687980044286,False,179.07717380096634,209.09268326109634,178.94532694907377,209.05370032598893,-0.1318468518925613,-0.038982935107412686,"same state/z/raw action; local mapping effect only, no plant propagation"
C2_8,420002,12,Omega_safe_one_step_QP,True,-0.026300214773865592,False,182.3266431469067,209.08204580297212,182.18681696124736,208.98083079101258,-0.1398261856593308,-0.10121501195953897,"same state/z/raw action; local mapping effect only, no plant propagation"
C2_8,420002,13,Omega_safe_one_step_QP,True,-0.025923909339735207,False,175.86589158283113,208.4970276024052,175.70936816809643,208.47557673520615,-0.15652341473469278,-0.021450867199064305,"same state/z/raw action; local mapping effect only, no plant propagation"
C2_8,420002,14,Omega_safe_one_step_QP,True,-0.031807968985277144,False,170.02227720365892,208.45964720552982,170.1215655685378,208.4596471732803,0.09928836487887338,-3.224951683478139e-08,"same state/z/raw action; local mapping effect only, no plant propagation"
C2_8,420002,15,Omega_safe_one_step_QP,True,-0.03281328940632826,False,170.34985574240253,208.67540092658916,170.47638865436514,208.67540105683776,0.12653291196261307,1.302485941323539e-07,"same state/z/raw action; local mapping effect only, no plant propagation"
C2_8,420002,16,Omega_safe_one_step_QP,True,-0.016019863407273627,False,179.7273393744312,206.96868474341494,179.55802577917504,206.79551494827862,-0.1693135952561704,-0.17316979513631736,"same state/z/raw action; local mapping effect only, no plant propagation"
C2_8,420002,17,Omega_safe_one_step_QP,True,-0.025880440828280827,False,183.56896502639535,208.7950913352285,183.41684417288926,208.72036996522905,-0.15212085350609073,-0.07472136999945178,"same state/z/raw action; local mapping effect only, no plant propagation"
C2_8,420002,18,Z_mode_existing_controller,True,-0.01832414455119608,False,189.90664360314688,210.18929436788406,189.73914335664878,210.17946082362053,-0.16750024649809347,-0.009833544263528893,"same state/z/raw action; local mapping effect only, no plant propagation"
C2_8,420002,19,Z_mode_existing_controller,True,-0.018155251371109012,False,188.2925471953781,209.94163843356853,188.12194158868758,209.93943342401545,-0.17060560669051483,-0.0022050095530801173,"same state/z/raw action; local mapping effect only, no plant propagation"
C2_8,420002,20,Z_mode_existing_controller,True,-0.017993657165935446,False,189.23019820638996,210.02997249216608,189.05729277518992,210.0258270115569,-0.17290543120003576,-0.004145480609167862,"same state/z/raw action; local mapping effect only, no plant propagation"
C2_8,420002,21,Z_mode_existing_controller,True,-0.017863701023865163,False,187.59022314103925,209.7311545546954,187.41824089522464,209.72946649277552,-0.17198224581460408,-0.0016880619198786917,"same state/z/raw action; local mapping effect only, no plant propagation"
C2_8,420002,22,Z_mode_existing_controller,True,-0.017724800779114872,False,195.5100351425316,211.27547373819863,195.3377043871186,211.268358124735,-0.17233075541298604,-0.007115613463639647,"same state/z/raw action; local mapping effect only, no plant propagation"
C2_8,420002,23,Z_mode_existing_controller,True,-0.001896806938028739,False,194.83019307193837,211.373341588631,194.6480086084228,211.37581613278374,-0.1821844635155685,0.0024745441527329604,"same state/z/raw action; local mapping effect only, no plant propagation"
C2_8,420002,24,Z_mode_existing_controller,True,-0.003874942972173556,False,192.99877016554126,210.98306588799457,192.81766544209017,210.98307537992613,-0.1811047234510852,9.491931564298284e-06,"same state/z/raw action; local mapping effect only, no plant propagation"
C2_8,420002,25,Z_mode_existing_controller,True,-0.005268722294429484,False,191.02899012570828,210.54684669984778,190.84864025231332,210.54625165565383,-0.18034987339495956,-0.0005950441939432949,"same state/z/raw action; local mapping effect only, no plant propagation"
C2_8,420002,26,Z_mode_existing_controller,True,-0.009326767644589062,False,190.73142424221479,210.3755627437857,190.55329748345923,210.37379932169247,-0.17812675875555328,-0.0017634220932336575,"same state/z/raw action; local mapping effect only, no plant propagation"
C2_8,420002,27,Z_mode_existing_controller,True,-0.007758149298338735,False,198.05468883404242,211.77593243598855,197.87568061441078,211.77033590956376,-0.17900821963164049,-0.005596526424795911,"same state/z/raw action; local mapping effect only, no plant propagation"
C2_8,420002,28,Z_mode_existing_controller,True,-0.0009991896258232935,False,196.93209782803692,211.65688471470187,196.74935362005203,211.66105643029007,-0.18274420798488222,0.004171715588199731,"same state/z/raw action; local mapping effect only, no plant propagation"
C2_8,420002,29,Z_mode_existing_controller,True,-0.004119136011063895,False,194.8506832228259,211.2030119048485,194.66964219028006,211.20255500871735,-0.18104103254583492,-0.0004568961311406383,"same state/z/raw action; local mapping effect only, no plant propagation"
C2_8,420002,30,Z_mode_existing_controller,True,-0.003236249365969668,False,191.5350682235961,210.32320242013225,191.3535290315211,210.32407622239654,-0.18153919207500735,0.0008738022642944543,"same state/z/raw action; local mapping effect only, no plant propagation"
C2_8,420002,31,Omega_safe_one_step_QP,True,-0.009923146314414766,False,197.42052164753713,211.9680993305423,197.2385059258649,211.91979876632843,-0.18201572167222935,-0.04830056421386075,"same state/z/raw action; local mapping effect only, no plant propagation"
C2_8,420002,32,Omega_safe_one_step_QP,True,-0.005970877982223066,False,205.00988864372968,213.06234213709274,204.82469792377785,212.96786443991653,-0.18519071995183367,-0.09447769717621668,"same state/z/raw action; local mapping effect only, no plant propagation"
C2_8,420002,33,Omega_safe_one_step_QP,True,-0.015659869330095222,False,203.4780667538922,212.93512016705046,203.2966331005443,212.85710002146783,-0.18143365334788086,-0.07802014558262726,"same state/z/raw action; local mapping effect only, no plant propagation"
C2_8,420002,34,Z_mode_existing_controller,True,-0.0022661812930966363,False,197.01508488807585,211.84956277902435,196.83301719452248,211.84592927429298,-0.18206769355336405,-0.0036335047313684754,"same state/z/raw action; local mapping effect only, no plant propagation"
C2_8,420002,35,Z_mode_existing_controller,True,-0.0023860048864449146,False,193.9009727050091,211.23031066681474,193.71895862449415,211.22799441277996,-0.1820140805149606,-0.0023162540347811955,"same state/z/raw action; local mapping effect only, no plant propagation"
C2_8,420002,36,Omega_safe_one_step_QP,True,-0.00698206985877714,False,197.2919430513102,212.56679672719827,197.10875368043705,212.56701063939678,-0.18318937087315135,0.00021391219851807364,"same state/z/raw action; local mapping effect only, no plant propagation"
C2_8,420002,37,Z_mode_existing_controller,True,-0.016552218920481355,False,189.03681496802974,210.05233932068896,188.86724329309607,210.0507336163679,-0.1695716749336782,-0.0016057043210651045,"same state/z/raw action; local mapping effect only, no plant propagation"
C2_8,420002,38,Omega_safe_one_step_QP,True,-0.023331915795463364,False,185.52633741610157,209.38542681705542,185.36055409573152,209.3393445052651,-0.1657833203700534,-0.046082311790314634,"same state/z/raw action; local mapping effect only, no plant propagation"
C2_8,420002,39,Omega_safe_one_step_QP,True,-0.02294167465399417,False,186.75993596734838,209.61208070871882,186.5936848760886,209.57098480606322,-0.1662510912597952,-0.04109590265559859,"same state/z/raw action; local mapping effect only, no plant propagation"
C2_8,420002,40,Omega_safe_one_step_QP,True,-0.02526931721937325,False,180.9669322164105,208.6629465305862,180.81440687974595,208.66577905673745,-0.15252533666455292,0.0028325261512520683,"same state/z/raw action; local mapping effect only, no plant propagation"
C2_8,420002,41,Omega_safe_one_step_QP,True,-0.026637281029585257,False,177.15660872364995,208.05335651931156,177.00022433591243,208.0863361628337,-0.15638438773751773,0.03297964352213967,"same state/z/raw action; local mapping effect only, no plant propagation"
C2_8,420002,42,Z_mode_existing_controller,True,-0.01663246792032515,False,188.66307663050137,209.11421516834548,188.4894126611023,209.0950839118325,-0.17366396939905826,-0.019131256512991968,"same state/z/raw action; local mapping effect only, no plant propagation"
C2_8,420002,43,Omega_safe_one_step_QP,True,-0.01282431126362904,False,187.4923631176918,209.7437417884392,187.31550832413336,209.74306419466828,-0.1768547935584479,-0.0006775937709164737,"same state/z/raw action; local mapping effect only, no plant propagation"
C2_8,420002,44,Z_mode_existing_controller,True,-0.008805859283957218,False,192.9004291804622,210.15851443854135,192.72193855600176,210.1547985780132,-0.17849062446043718,-0.003715860528131998,"same state/z/raw action; local mapping effect only, no plant propagation"
C2_8,420002,45,Omega_safe_one_step_QP,True,-0.0037942619121455468,False,199.28748751652267,210.88120153142845,199.102566291259,210.73786489137964,-0.18492122526367893,-0.1433366400488012,"same state/z/raw action; local mapping effect only, no plant propagation"
C2_8,420002,46,Omega_safe_one_step_QP,True,-0.016182314008103993,False,204.73624462377174,211.77037695418196,204.5558811929232,211.60452805086234,-0.18036343084853002,-0.16584890331961333,"same state/z/raw action; local mapping effect only, no plant propagation"
C2_8,420002,47,Omega_safe_one_step_QP,True,0.0035119405840719486,True,208.80828656321282,213.73151258234606,208.6194208302344,213.65805022800586,-0.188865732978428,-0.07346235434019377,"same state/z/raw action; local mapping effect only, no plant propagation"
C2_8,420002,48,Omega_safe_one_step_QP,True,-0.005341083832692439,False,209.430467759935,214.04919622880809,209.24436856019256,213.98166801740217,-0.1860991997424435,-0.06752821140591436,"same state/z/raw action; local mapping effect only, no plant propagation"
C2_8,420002,49,Omega_safe_one_step_QP,True,-0.011079607387399049,False,208.11878786945744,213.76079053997816,207.93476237114663,213.68756350413693,-0.1840254983108025,-0.07322703584122792,"same state/z/raw action; local mapping effect only, no plant propagation"
C2_8,420002,50,Omega_safe_one_step_QP,True,-0.014263773429421867,False,203.93702995917823,212.77242254596482,203.75498188144678,212.69068479308012,-0.18204807773145149,-0.08173775288469187,"same state/z/raw action; local mapping effect only, no plant propagation"
C2_8,420002,51,Omega_safe_one_step_QP,True,-0.003485575646183181,False,209.15020011886313,214.01583545121326,208.9635457096368,213.9279931413867,-0.18665440922632115,-0.08784230982655572,"same state/z/raw action; local mapping effect only, no plant propagation"
C2_8,420002,52,Omega_safe_one_step_QP,True,-0.013110688016289118,False,208.29941284615285,213.9147438524394,208.11601825871418,213.81909329384754,-0.18339458743867,-0.09565055859184213,"same state/z/raw action; local mapping effect only, no plant propagation"
C2_8,420002,53,Omega_safe_one_step_QP,True,-0.006414288318802863,False,209.21473626759857,214.04620935757578,209.02901267446745,213.9236297661506,-0.1857235931311152,-0.12257959142516484,"same state/z/raw action; local mapping effect only, no plant propagation"
C2_8,420002,54,Omega_safe_one_step_QP,True,-0.01795195218986722,False,200.88648907902453,213.42325746776444,200.70774111489655,213.40266016289482,-0.17874796412797878,-0.020597304869625077,"same state/z/raw action; local mapping effect only, no plant propagation"
C2_8,420002,55,Z_mode_existing_controller,True,-0.003514400466237466,False,196.9097505277163,212.06317661325735,196.72839930672734,212.0597816056406,-0.18135122098897227,-0.0033950076167457155,"same state/z/raw action; local mapping effect only, no plant propagation"
C2_8,420002,56,Z_mode_existing_controller,True,-0.0018553462884788874,False,193.2689502190235,211.55356966708086,193.0866726392927,211.55425887077894,-0.18227757973082248,0.0006892036980730154,"same state/z/raw action; local mapping effect only, no plant propagation"
C2_8,420002,57,Z_mode_existing_controller,True,-0.016735923421100658,False,188.70155968614682,210.3586828028565,188.52889689089722,210.34644535038004,-0.17266279524960737,-0.012237452476455246,"same state/z/raw action; local mapping effect only, no plant propagation"
C2_8,420002,58,Z_mode_existing_controller,True,-0.016651046699557196,False,188.24484312457744,209.9568212877012,188.07538960823155,209.9352104339142,-0.16945351634589656,-0.021610853786995676,"same state/z/raw action; local mapping effect only, no plant propagation"
C2_8,420002,59,Omega_safe_one_step_QP,True,-0.022884124024416853,False,186.7707383650582,209.7799418412618,186.60075960913574,209.7226912706525,-0.1699787559224717,-0.05725057060931249,"same state/z/raw action; local mapping effect only, no plant propagation"
C2_8,420002,60,Z_mode_existing_controller,True,-0.00874294464622355,False,188.6543169598991,209.53422065822483,188.82035868147213,209.5342206491765,0.16604172157303765,-9.04833541426342e-09,"same state/z/raw action; local mapping effect only, no plant propagation"
C2_8,420002,61,Omega_safe_one_step_QP,True,-0.02370156665446943,False,183.27588632218084,209.35438980716526,183.1082701108025,209.33345726269113,-0.16761621137834481,-0.020932544474135284,"same state/z/raw action; local mapping effect only, no plant propagation"
C2_8,420002,62,Z_mode_existing_controller,True,-0.00776035053034313,False,190.11198076604774,210.27370560458283,189.93291496995585,210.26955901990465,-0.17906579609189066,-0.004146584678181853,"same state/z/raw action; local mapping effect only, no plant propagation"
C2_8,420002,63,Z_mode_existing_controller,True,-0.007887732210350107,False,189.62822898238127,210.16152520188118,189.44921822543446,210.16047381924724,-0.17901075694680912,-0.0010513826339320076,"same state/z/raw action; local mapping effect only, no plant propagation"
C2_8,420002,64,Z_mode_existing_controller,True,-0.003542033240238829,False,193.93872875955648,211.15851350178147,193.75732301900356,211.1565347100774,-0.18140574055291836,-0.0019787917040616776,"same state/z/raw action; local mapping effect only, no plant propagation"
C2_8,420002,65,Z_mode_existing_controller,True,-1.0313959943331064e-06,False,195.8746663231297,211.66301019705236,195.6913108713572,211.6627020541489,-0.18335545177251333,-0.000308142903463704,"same state/z/raw action; local mapping effect only, no plant propagation"
C2_8,420002,66,Z_mode_existing_controller,True,-0.0009202212189945991,False,195.3639738547877,211.49397831895624,195.18111038262026,211.49253695392866,-0.18286347216744048,-0.001441365027574193,"same state/z/raw action; local mapping effect only, no plant propagation"
C2_8,420002,67,Z_mode_existing_controller,True,0.0010837266136330959,True,195.79256913847675,211.74291824589116,195.6086006761159,211.7427711473468,-0.18396846236083775,-0.0001470985443745576,"same state/z/raw action; local mapping effect only, no plant propagation"
C2_8,420002,68,Z_mode_existing_controller,True,-0.01380050671824562,False,196.77726653667443,212.2053734098941,196.60140980709232,212.20601637731207,-0.17585672958210807,0.0006429674179742051,"same state/z/raw action; local mapping effect only, no plant propagation"
C2_8,420002,69,Z_mode_existing_controller,True,0.002096696193172598,True,193.5556942183445,211.36299836775527,193.3711556786199,211.36119482485958,-0.1845385397245991,-0.0018035428956864052,"same state/z/raw action; local mapping effect only, no plant propagation"
C2_8,420002,70,Z_mode_existing_controller,True,-0.0020612782304083588,False,195.5813884155245,211.76387956585225,195.39910579918833,211.76111853109774,-0.18228261633615261,-0.0027610347545135028,"same state/z/raw action; local mapping effect only, no plant propagation"
C2_8,420002,71,Z_mode_existing_controller,True,-0.0016542432211749114,False,193.9937632205537,211.57209117367248,193.81124885392398,211.5684906171061,-0.18251436662970377,-0.0036005565663685957,"same state/z/raw action; local mapping effect only, no plant propagation"
C2_8,420002,72,Omega_safe_one_step_QP,True,-0.0028143919492529257,False,197.85888898878923,212.89297198950072,197.67386906750468,212.86031501074248,-0.18501992128454958,-0.03265697875824003,"same state/z/raw action; local mapping effect only, no plant propagation"
C2_8,420002,73,Z_mode_existing_controller,True,0.0006173256347904443,True,196.27391076650218,212.13828957643602,196.09015804794325,212.13540678107486,-0.18375271855893516,-0.0028827953611596513,"same state/z/raw action; local mapping effect only, no plant propagation"
C2_8,420002,74,Omega_safe_one_step_QP,True,-0.02186079532357758,False,186.74643457630538,210.54242282528725,186.57518158361,210.53241515469045,-0.17125299269537209,-0.010007670596792195,"same state/z/raw action; local mapping effect only, no plant propagation"
C2_8,420002,75,Z_mode_existing_controller,True,-0.007269778691864404,False,191.80899266042593,210.9357355568269,191.62952768940573,210.93156983487353,-0.1794649710201952,-0.004165721953370394,"same state/z/raw action; local mapping effect only, no plant propagation"
C2_8,420002,76,Omega_safe_one_step_QP,True,-0.011138371672402947,False,183.6755748895647,209.7062252098509,183.49994448488755,209.70479704302855,-0.1756304046771504,-0.0014281668223645738,"same state/z/raw action; local mapping effect only, no plant propagation"
C2_8,420002,77,Omega_safe_one_step_QP,True,-0.011129922525752178,False,187.50774632614565,210.31297414458766,187.32997603531905,210.30449668797772,-0.17777029082660079,-0.008477456609938372,"same state/z/raw action; local mapping effect only, no plant propagation"
C2_8,420002,78,Omega_safe_one_step_QP,True,-0.022427901886587477,False,185.6553269241874,209.30241294198427,185.48497242822543,209.24553714969753,-0.17035449596195917,-0.05687579228674622,"same state/z/raw action; local mapping effect only, no plant propagation"
C2_8,420002,79,Z_mode_existing_controller,True,-0.01023420767430433,False,191.19113439233564,210.35428849658146,191.013299555213,210.35058082576924,-0.1778348371226457,-0.0037076708122185664,"same state/z/raw action; local mapping effect only, no plant propagation"
C2_8,420002,80,Z_mode_existing_controller,True,-0.008900888301355658,False,190.905640738433,210.26686664936315,190.72706701293882,210.26606025318767,-0.17857372549417505,-0.0008063961754771753,"same state/z/raw action; local mapping effect only, no plant propagation"
C2_8,420002,81,Z_mode_existing_controller,True,-0.0015024941403427028,False,195.6393146403773,211.36665413899732,195.45670616997995,211.36394048531503,-0.18260847039735495,-0.0027136536822922608,"same state/z/raw action; local mapping effect only, no plant propagation"
C2_8,420002,82,Z_mode_existing_controller,True,-0.0009174185087640896,False,192.45247576300235,210.74163604069992,192.2695400005265,210.7391425543499,-0.1829357624758643,-0.002493486350005014,"same state/z/raw action; local mapping effect only, no plant propagation"
C2_8,420002,83,Z_mode_existing_controller,True,-0.001822048184577929,False,195.51573671729065,211.40366605737088,195.33328272242449,211.40047978988778,-0.1824539948661652,-0.003186267483101801,"same state/z/raw action; local mapping effect only, no plant propagation"
C2_8,420002,84,Omega_safe_one_step_QP,True,-0.015059767614998831,False,187.7396065920849,210.41515029117716,187.56381424113872,210.41238941440403,-0.17579235094618184,-0.002760876773123755,"same state/z/raw action; local mapping effect only, no plant propagation"
C2_8,420002,85,Z_mode_existing_controller,True,-0.004565535416942101,False,191.81203351207688,210.52498416072143,191.63106677410806,210.52220165742335,-0.18096673796881646,-0.002782503298078609,"same state/z/raw action; local mapping effect only, no plant propagation"
C2_8,420002,86,Z_mode_existing_controller,True,0.0007530824105689837,True,198.23484162181816,211.7490843971483,198.05098075921964,211.7411548723586,-0.18386086259852163,-0.007929524789688003,"same state/z/raw action; local mapping effect only, no plant propagation"
C2_8,420002,87,Z_mode_existing_controller,True,-0.00031686767438537933,False,196.56132817773073,211.44825518851687,196.37803872789502,211.44627422690937,-0.18328944983571205,-0.0019809616075008307,"same state/z/raw action; local mapping effect only, no plant propagation"
C2_8,420002,88,Omega_safe_one_step_QP,True,-0.010182330647129867,False,202.51865438025078,212.12963520644084,202.33546223461843,212.00066203923856,-0.1831921456323471,-0.12897316720227536,"same state/z/raw action; local mapping effect only, no plant propagation"
C2_8,420002,89,Omega_safe_one_step_QP,True,-0.009206375388783994,False,200.13071273665165,212.05250894092703,199.9477092746446,211.96194059329034,-0.18300346200703643,-0.0905683476366903,"same state/z/raw action; local mapping effect only, no plant propagation"
C2_8,420002,90,Omega_safe_one_step_QP,True,-0.00926487830902939,False,201.69110620161578,212.2943358223256,201.50776136033843,212.19071793242804,-0.1833448412773464,-0.10361788989754928,"same state/z/raw action; local mapping effect only, no plant propagation"
C2_8,420002,91,Omega_safe_one_step_QP,True,-0.004558911969064772,False,201.18718728885867,212.21041864022777,201.0021852797,212.10148453257582,-0.18500200915866571,-0.10893410765194744,"same state/z/raw action; local mapping effect only, no plant propagation"
C2_8,420002,92,Omega_safe_one_step_QP,True,-0.0031974101529454457,False,201.79942785771965,212.30805002438072,201.61380421372706,212.1867343626084,-0.18562364399258513,-0.12131566177231434,"same state/z/raw action; local mapping effect only, no plant propagation"
C2_8,420002,93,Omega_safe_one_step_QP,True,-0.004997248404035037,False,201.17067417795565,212.3527661160571,200.98584024199167,212.24868808319766,-0.18483393596397946,-0.10407803285943373,"same state/z/raw action; local mapping effect only, no plant propagation"
C2_8,420002,94,Omega_safe_one_step_QP,True,-0.007951561110155714,False,204.74140318199656,213.0162314797797,204.55695235723556,212.89907276761437,-0.18445082476100083,-0.11715871216532037,"same state/z/raw action; local mapping effect only, no plant propagation"
C2_8,420002,95,Omega_safe_one_step_QP,True,-0.0026686076954631766,False,202.55383592067258,212.84371810435536,202.36788812557302,212.74231382694782,-0.18594779509956538,-0.10140427740753921,"same state/z/raw action; local mapping effect only, no plant propagation"
C2_8,420002,96,Omega_safe_one_step_QP,True,-0.00837405282575826,False,204.37408835483456,213.23528282218436,204.18985667885732,213.1320114276877,-0.18423167597723022,-0.10327139449665879,"same state/z/raw action; local mapping effect only, no plant propagation"
C2_8,420002,97,Omega_safe_one_step_QP,True,-0.008322998200528953,False,205.3764927388984,213.4946407002066,205.19205108660665,213.38300533940355,-0.1844416522917527,-0.11163536080303516,"same state/z/raw action; local mapping effect only, no plant propagation"
C2_8,420002,98,Omega_safe_one_step_QP,True,-0.00897806050954758,False,203.6471873146568,213.52530551533573,203.46331619729455,213.45164823899566,-0.18387111736225847,-0.07365727634007158,"same state/z/raw action; local mapping effect only, no plant propagation"
C2_8,420002,99,Omega_safe_one_step_QP,True,-0.005641638310002195,False,201.79477534767184,213.19891365714383,201.61006009047097,213.1210530418376,-0.1847152572008781,-0.07786061530623556,"same state/z/raw action; local mapping effect only, no plant propagation"
C2_8,420002,100,Omega_safe_one_step_QP,True,-0.009060215076581724,False,199.38253981405,213.6682881274314,199.19966211321886,213.66184157113693,-0.18287770083114196,-0.006446556294463335,"same state/z/raw action; local mapping effect only, no plant propagation"
C2_8,420002,101,Omega_safe_one_step_QP,True,-0.000972018455375534,False,209.86399096680307,214.10746503571917,209.67644625210764,213.94508709947158,-0.18754471469543432,-0.16237793624759433,"same state/z/raw action; local mapping effect only, no plant propagation"
C2_8,420002,102,Omega_safe_one_step_QP,True,-0.012927151415536964,False,207.26116142218703,214.67205544213036,207.07791418602315,214.59869289522564,-0.18324723616387928,-0.07336254690471833,"same state/z/raw action; local mapping effect only, no plant propagation"
C2_8,420002,103,Omega_safe_one_step_QP,True,-0.004098296774522281,False,203.24162826920895,213.71783120298,203.05608178726436,213.62574374261678,-0.18554648194458423,-0.09208746036321713,"same state/z/raw action; local mapping effect only, no plant propagation"
C2_8,420002,104,Omega_safe_one_step_QP,True,-0.00671284561508706,False,202.45451898542086,213.68481656227803,202.2700685608253,213.59834859406124,-0.18445042459555339,-0.08646796821679459,"same state/z/raw action; local mapping effect only, no plant propagation"
C2_8,420002,105,Omega_safe_one_step_QP,True,-0.0050185694812821535,False,204.69034545287764,213.85900907467624,204.50487762110154,213.73581195441037,-0.18546783177609427,-0.12319712026587126,"same state/z/raw action; local mapping effect only, no plant propagation"
C2_8,420002,106,Omega_safe_one_step_QP,True,-0.003629393947387538,False,203.21867261746488,213.81813672895532,203.03296115302413,213.71769011386652,-0.18571146444074316,-0.10044661508879926,"same state/z/raw action; local mapping effect only, no plant propagation"
C2_8,420002,107,Omega_safe_one_step_QP,True,-0.011404679007354146,False,201.39044912221667,214.43510980484587,201.20797560344164,214.41690052923377,-0.18247351877502638,-0.018209275612093734,"same state/z/raw action; local mapping effect only, no plant propagation"
C2_8,420002,108,Omega_safe_one_step_QP,True,-0.004964412160315068,False,204.33824064558894,213.99801278277093,204.15281385770797,213.87682860249487,-0.18542678788097078,-0.12118418027606026,"same state/z/raw action; local mapping effect only, no plant propagation"
C2_8,420002,109,Omega_safe_one_step_QP,True,-0.009147496174272907,False,198.87499741824797,214.2044468528105,198.69228137872284,214.19733784713887,-0.1827160395251326,-0.007109005671622981,"same state/z/raw action; local mapping effect only, no plant propagation"
C2_8,420002,110,Omega_safe_one_step_QP,True,-0.008185081644966008,False,200.87506715516756,214.55539772628777,200.69149980857682,214.54487837900112,-0.18356734659073481,-0.010519347286646052,"same state/z/raw action; local mapping effect only, no plant propagation"
C2_8,420002,111,Omega_safe_one_step_QP,True,-0.008617957610788207,False,204.75189755120334,214.26532932582117,204.56767780395091,214.14837734259646,-0.18421974725242762,-0.11695198322470901,"same state/z/raw action; local mapping effect only, no plant propagation"
C2_8,420002,112,Omega_safe_one_step_QP,True,-0.011671867827788618,False,198.845144109002,214.31882416205315,198.66343850977788,214.3123640465717,-0.18170559922413076,-0.006460115481445428,"same state/z/raw action; local mapping effect only, no plant propagation"
C2_8,420002,113,Omega_safe_one_step_QP,True,-0.00836516989475694,False,202.0617268707131,214.28172709457698,201.87796615612947,214.2154874092115,-0.1837607145836273,-0.06623968536547409,"same state/z/raw action; local mapping effect only, no plant propagation"
C2_8,420002,114,Omega_safe_one_step_QP,True,-0.0029376790530628583,False,199.22552319906617,214.34314846923237,199.0402781663437,214.3410111748482,-0.18524503272246307,-0.0021372943841697634,"same state/z/raw action; local mapping effect only, no plant propagation"
C2_8,420002,115,Omega_safe_one_step_QP,True,0.0023908310523241827,True,200.89691136993935,214.70335284747176,200.7093381345915,214.70559291836074,-0.18757323534785542,0.002240070888973378,"same state/z/raw action; local mapping effect only, no plant propagation"
C2_8,420002,116,Omega_safe_one_step_QP,True,-0.009679585156220694,False,203.1484730161984,214.52993659730834,202.9649591377903,214.4731889319458,-0.18351387840812095,-0.05674766536253628,"same state/z/raw action; local mapping effect only, no plant propagation"
C2_8,420002,117,Omega_safe_one_step_QP,True,-0.011475579555044524,False,205.67499044359826,214.79955315745033,205.49157681873493,214.70172583861324,-0.18341362486333423,-0.09782731883709062,"same state/z/raw action; local mapping effect only, no plant propagation"
C2_8,420002,118,Omega_safe_one_step_QP,True,-0.007434595605774086,False,203.04753144313548,214.3355901439465,202.8632259729903,214.23318026416894,-0.1843054701451763,-0.10240987977755367,"same state/z/raw action; local mapping effect only, no plant propagation"
C2_8,420002,119,Omega_safe_one_step_QP,True,0.00018017834314509873,True,210.90349091078852,215.73387710937064,210.71546975923584,215.60141408375935,-0.1880211515526753,-0.13246302561128687,"same state/z/raw action; local mapping effect only, no plant propagation"
C2_8,420002,120,Omega_safe_one_step_QP,True,-0.014509876330174677,False,209.7320277012282,216.36624532274305,209.54894605142093,216.30892321500005,-0.1830816498072636,-0.057322107743004835,"same state/z/raw action; local mapping effect only, no plant propagation"
C2_8,420002,121,Omega_safe_one_step_QP,True,-0.014601731798739801,False,209.5603002688284,216.26098692529953,209.3772082273826,216.18410864894187,-0.1830920414458035,-0.07687827635766098,"same state/z/raw action; local mapping effect only, no plant propagation"
C2_8,420002,122,Omega_safe_one_step_QP,True,-0.014136362049043782,False,209.91890138401172,216.41516072653678,209.73552276397825,216.3341060829292,-0.18337862003346572,-0.08105464360758674,"same state/z/raw action; local mapping effect only, no plant propagation"
C2_8,420002,123,Omega_safe_one_step_QP,True,-0.006812180434961401,False,212.23225353540224,217.0440511733136,212.0462194582786,216.9551561654748,-0.1860340771236224,-0.08889500783880067,"same state/z/raw action; local mapping effect only, no plant propagation"
C2_8,420002,124,Omega_safe_one_step_QP,True,-0.0009897834473719391,False,222.01988605407124,218.22535624377954,221.8311890251289,218.02958267381945,-0.18869702894232887,-0.19577356996009598,"same state/z/raw action; local mapping effect only, no plant propagation"
C2_8,420002,125,Omega_safe_one_step_QP,True,-0.008664156569362782,False,226.15328294229343,219.54908828646936,227.54727660563788,219.3376122119876,1.393993663344446,-0.21147607448176586,"same state/z/raw action; local mapping effect only, no plant propagation"
C2_8,420002,126,Omega_safe_one_step_QP,True,0.001699057446000074,True,225.75282991680152,223.37167269005306,225.56319580692335,223.51791249140572,-0.18963410987817042,0.1462398013526638,"same state/z/raw action; local mapping effect only, no plant propagation"
C2_8,420002,127,Omega_safe_one_step_QP,True,-0.008645987740123727,False,226.00573142238076,225.0105325825735,227.50747765177726,225.2459313700046,1.5017462293965025,0.23539878743110876,"same state/z/raw action; local mapping effect only, no plant propagation"
C2_8,420002,128,Omega_safe_one_step_QP,True,-0.006629549287155645,False,225.46682489556196,225.2441110670256,225.65601623399482,225.2441110269279,0.18919133843286318,-4.009771714663657e-08,"same state/z/raw action; local mapping effect only, no plant propagation"
C2_8,420002,129,Omega_safe_one_step_QP,True,-0.005769332925426474,False,222.23383285545694,223.88094018972245,222.0463558537256,224.0739960619642,-0.18747700173133808,0.19305587224175724,"same state/z/raw action; local mapping effect only, no plant propagation"
C2_8,420002,130,Omega_safe_one_step_QP,True,-0.0035029886700704282,False,223.4192159435394,220.79090223881244,223.23105068791153,220.6589340758415,-0.18816525562786524,-0.13196816297093505,"same state/z/raw action; local mapping effect only, no plant propagation"
C2_8,420002,131,Omega_safe_one_step_QP,True,-0.011549845241262235,False,217.71531840052376,220.85983694861778,217.52991112871683,220.81945542729312,-0.1854072718069233,-0.04038152132466166,"same state/z/raw action; local mapping effect only, no plant propagation"
C2_8,420002,132,Omega_safe_one_step_QP,True,-0.00684394267945948,False,214.62765722046376,220.3134264176321,214.44131562141263,220.26397990212956,-0.1863415990511328,-0.04944651550252388,"same state/z/raw action; local mapping effect only, no plant propagation"
C2_8,420002,133,Omega_safe_one_step_QP,True,-0.0069030977475247335,False,213.03076508398863,219.94194676834402,212.84464979462336,219.87483419096102,-0.18611528936526156,-0.06711257738299992,"same state/z/raw action; local mapping effect only, no plant propagation"
C2_8,420002,134,Omega_safe_one_step_QP,True,-0.015297583076971322,False,204.22072651270997,218.61682356263142,204.03897649852686,218.58183346248973,-0.181750014183109,-0.03499010014169812,"same state/z/raw action; local mapping effect only, no plant propagation"
C2_8,420002,135,Omega_safe_one_step_QP,True,-0.00714079748732388,False,210.04717661627365,218.56495969917304,209.86155898425932,218.40810742798894,-0.18561763201432768,-0.15685227118410694,"same state/z/raw action; local mapping effect only, no plant propagation"
C2_8,420002,136,Omega_safe_one_step_QP,True,-0.012637618139691997,False,208.6703666540831,218.6412201047172,208.4867458513799,218.50108749843986,-0.1836208027031887,-0.1401326062773478,"same state/z/raw action; local mapping effect only, no plant propagation"
C2_8,420002,137,Omega_safe_one_step_QP,True,-0.01772791070057804,False,202.11852715900181,218.7027493076811,201.93910113864246,218.69281848667293,-0.17942602035935806,-0.009930821008168778,"same state/z/raw action; local mapping effect only, no plant propagation"
C2_8,420002,138,Omega_safe_one_step_QP,True,-0.01660009048171901,False,197.4713174247077,217.67696837877082,197.29202872938146,217.67558388096631,-0.17928869532624958,-0.0013844978045085554,"same state/z/raw action; local mapping effect only, no plant propagation"
C2_8,420002,139,Omega_safe_one_step_QP,True,-0.012730925579416963,False,207.39860460479548,218.76680681749917,207.21526388619165,218.67341265941837,-0.18334071860383006,-0.0933941580807982,"same state/z/raw action; local mapping effect only, no plant propagation"
C2_8,420002,140,Omega_safe_one_step_QP,True,-0.016356594086489484,False,205.64831855756236,218.9018524980032,205.46659167785242,218.85013514602596,-0.1817268797099416,-0.051717351977231374,"same state/z/raw action; local mapping effect only, no plant propagation"
C2_8,420002,141,Omega_safe_one_step_QP,True,-0.015713750182820747,False,207.70345765741072,219.34811392633205,207.52120498275585,219.28885005526195,-0.18225267465487605,-0.059263871070101004,"same state/z/raw action; local mapping effect only, no plant propagation"
C2_8,420002,142,Omega_safe_one_step_QP,True,-0.013321759532322675,False,205.43426204959917,219.16662845026076,205.25153662367987,219.12159085751202,-0.1827254259193012,-0.04503759274874142,"same state/z/raw action; local mapping effect only, no plant propagation"
C2_8,420002,143,Omega_safe_one_step_QP,True,-0.006017577837682864,False,200.18565864621766,218.57073199687724,200.00141434658278,218.56569343128163,-0.18424429963488365,-0.005038565595611999,"same state/z/raw action; local mapping effect only, no plant propagation"
C2_8,420002,144,Omega_safe_one_step_QP,True,-0.012788380010377964,False,205.08134458020936,218.57777217180765,204.89851200089353,218.47955087689274,-0.18283257931582853,-0.09822129491490728,"same state/z/raw action; local mapping effect only, no plant propagation"
C2_8,420002,145,Z_mode_existing_controller,True,-0.005903842284312233,False,197.8230411667849,217.95297769705314,197.6431144327808,217.95109064130426,-0.1799267340040842,-0.001887055748881039,"same state/z/raw action; local mapping effect only, no plant propagation"
C2_8,420002,146,Omega_safe_one_step_QP,True,-0.011434104857886707,False,197.25256312267305,218.00970966676013,197.07121721721518,218.00630237821542,-0.18134590545787432,-0.0034072885447073986,"same state/z/raw action; local mapping effect only, no plant propagation"
C2_8,420002,147,Omega_safe_one_step_QP,True,-0.006541836501475495,False,200.13369601013108,218.59296934000207,199.9496645278837,218.59206407592828,-0.1840314822473772,-0.0009052640737934325,"same state/z/raw action; local mapping effect only, no plant propagation"
C2_8,420002,148,Z_mode_existing_controller,True,-0.008077877231397856,False,195.6420669042112,217.50211188888196,195.46333588354238,217.49870821468477,-0.1787310206688062,-0.0034036741971874562,"same state/z/raw action; local mapping effect only, no plant propagation"
C2_8,420002,149,Z_mode_existing_controller,True,-0.007032507445386749,False,195.51963177304478,217.40684483182662,195.34030300527274,217.40563720655186,-0.17932876777203433,-0.0012076252747590388,"same state/z/raw action; local mapping effect only, no plant propagation"
C2_8,420002,150,Omega_safe_one_step_QP,True,-0.00806416414232336,False,197.30257241201127,217.94595280885886,197.1198251282894,217.94468806046987,-0.18274728372188065,-0.0012647483889907107,"same state/z/raw action; local mapping effect only, no plant propagation"
C2_8,420002,151,Z_mode_existing_controller,True,-0.01229791892769061,False,189.27061643355324,215.97690774793472,189.09418861264135,215.97914006971365,-0.17642782091189702,0.0022323217789335104,"same state/z/raw action; local mapping effect only, no plant propagation"
C2_8,420002,152,Omega_safe_one_step_QP,True,-0.022833566512165115,False,186.9913029728955,215.30969654887664,186.82017882589722,215.2903623846714,-0.17112414699829515,-0.01933416420524736,"same state/z/raw action; local mapping effect only, no plant propagation"
C2_8,420002,153,Omega_safe_one_step_QP,True,-0.020228352521620585,False,186.3367760642011,215.23136618505012,186.16466901760737,215.23191313321587,-0.17210704659373732,0.0005469481657485176,"same state/z/raw action; local mapping effect only, no plant propagation"
C2_8,420002,154,Z_mode_existing_controller,True,-0.008921520452385964,False,188.60133933251782,215.0348215579029,188.4287265343941,215.0082393792953,-0.17261279812373687,-0.026582178607583273,"same state/z/raw action; local mapping effect only, no plant propagation"
C2_8,420002,155,Omega_safe_one_step_QP,True,-0.02239118780709809,False,186.58625756318605,215.02547337688213,186.41517834630514,215.02205331980247,-0.1710792168809121,-0.0034200570796656393,"same state/z/raw action; local mapping effect only, no plant propagation"
C2_8,420002,156,Omega_safe_one_step_QP,True,-0.02406029102864911,False,185.0335601304792,214.0460872614651,184.8719820219508,213.98693272697656,-0.1615781085284027,-0.05915453448852759,"same state/z/raw action; local mapping effect only, no plant propagation"
C2_8,420002,157,Omega_safe_one_step_QP,True,-0.024903554617008983,False,182.9059708267326,213.2507575786506,182.74686763723284,213.17813469238132,-0.1591031894997741,-0.07262288626927216,"same state/z/raw action; local mapping effect only, no plant propagation"
C2_8,420002,158,Omega_safe_one_step_QP,True,-0.023261672877465146,False,187.5162594594106,214.6624081955828,187.35498293998108,214.63188215920255,-0.1612765194295207,-0.030526036380251753,"same state/z/raw action; local mapping effect only, no plant propagation"
C2_8,420002,159,Z_mode_existing_controller,True,-0.009693817994918641,False,195.75284388124965,216.4352685332658,195.57496798881525,216.43461443721856,-0.17787589243440038,-0.000654096047242092,"same state/z/raw action; local mapping effect only, no plant propagation"
C2_8,420002,160,Z_mode_existing_controller,True,-0.00947996287549524,False,189.37482137454734,215.03674900635207,189.19680865167882,215.0377087565972,-0.178012722868516,0.0009597502451299533,"same state/z/raw action; local mapping effect only, no plant propagation"
C2_8,420002,161,Z_mode_existing_controller,True,-0.009854124814076881,False,189.13030846307618,214.90375381645,188.95248420472296,214.90438892988436,-0.17782425835321192,0.0006351134343560716,"same state/z/raw action; local mapping effect only, no plant propagation"
C2_8,420002,162,Z_mode_existing_controller,True,-0.008817988737167548,False,192.75756261024458,215.55535690706287,192.57914899224374,215.5546330394179,-0.17841361800083178,-0.0007238676449787818,"same state/z/raw action; local mapping effect only, no plant propagation"
C2_8,420002,163,Z_mode_existing_controller,True,-0.0062374817026825125,False,194.04529689258464,215.88740864048583,193.86544515860717,215.88514009118677,-0.1798517339774719,-0.002268549299060396,"same state/z/raw action; local mapping effect only, no plant propagation"
C2_8,420002,164,Z_mode_existing_controller,True,0.0012341571122952977,True,196.91325897303378,216.6392609935745,196.72928126892614,216.63987864545092,-0.18397770410763314,0.0006176518764107186,"same state/z/raw action; local mapping effect only, no plant propagation"
C2_8,420002,165,Z_mode_existing_controller,True,-0.00390995201151173,False,195.1209138017566,216.12649761849704,194.9397520220076,216.12482218630836,-0.18116177974897596,-0.0016754321886764956,"same state/z/raw action; local mapping effect only, no plant propagation"
C2_8,420002,166,Z_mode_existing_controller,True,-0.0029946552912740176,False,193.43021936751265,215.86856487203087,193.2485415981126,215.8664604667696,-0.18167776940003932,-0.0021044052612637643,"same state/z/raw action; local mapping effect only, no plant propagation"
C2_8,420002,167,Omega_safe_one_step_QP,True,-0.017502102317012547,False,187.752916452566,214.83438402503856,187.57841842827193,214.83209758168255,-0.17449802429408123,-0.0022864433560130237,"same state/z/raw action; local mapping effect only, no plant propagation"
C2_8,420002,168,Z_mode_existing_controller,True,-0.006799883252910421,False,192.43762920289134,215.47724140532486,192.2580319761536,215.4737750686977,-0.1795972267377408,-0.003466336627155897,"same state/z/raw action; local mapping effect only, no plant propagation"
C2_8,420002,169,Z_mode_existing_controller,True,-0.007739509270947742,False,189.18958215433628,214.73118816715711,189.0104853668742,214.73274295421706,-0.17909678746207192,0.0015547870599448288,"same state/z/raw action; local mapping effect only, no plant propagation"
C2_8,420002,170,Omega_safe_one_step_QP,True,-0.022983544608795196,False,185.22344323829697,213.4066792448901,185.05900614429976,213.35284511370216,-0.16443709399720774,-0.05383413118795488,"same state/z/raw action; local mapping effect only, no plant propagation"
C2_8,420002,171,Omega_safe_one_step_QP,True,-0.01665656520123654,False,187.7698588836079,214.27193084854113,187.59490023210995,214.25590709669302,-0.17495865149794554,-0.01602375184810967,"same state/z/raw action; local mapping effect only, no plant propagation"
C2_8,420002,172,Omega_safe_one_step_QP,True,-0.023451008185781542,False,184.20722856250444,212.83421994975845,184.04116870506635,212.77171966534672,-0.1660598574380856,-0.06250028441172617,"same state/z/raw action; local mapping effect only, no plant propagation"
C2_8,420002,173,Omega_safe_one_step_QP,True,-0.025031454148987702,False,180.48170619826737,212.45521826394025,180.3296644320491,212.44406780618473,-0.15204176621827514,-0.011150457755519483,"same state/z/raw action; local mapping effect only, no plant propagation"
C2_8,420002,174,Omega_safe_one_step_QP,True,-0.025683806260664882,False,179.06015853621633,212.41560147271522,178.91546514022232,212.4445935916976,-0.1446933959940111,0.028992118982387183,"same state/z/raw action; local mapping effect only, no plant propagation"
C2_8,420002,175,Omega_safe_one_step_QP,True,-0.010895971543497085,False,179.1302145573822,212.16138117438499,178.95780599309677,212.18081857081296,-0.17240856428543339,0.019437396427974818,"same state/z/raw action; local mapping effect only, no plant propagation"
C2_8,420002,176,Omega_safe_one_step_QP,True,-0.019245166426921034,False,181.34043770892387,211.46408729952697,181.1717736243656,211.39306069521268,-0.16866408455825876,-0.07102660431428376,"same state/z/raw action; local mapping effect only, no plant propagation"
C2_8,420002,177,Omega_safe_one_step_QP,True,-0.003799003103849563,False,180.44326515498125,212.15474722299504,180.26492704255426,212.1820167266291,-0.17833811242698516,0.027269503634045122,"same state/z/raw action; local mapping effect only, no plant propagation"
C2_8,420002,178,Omega_safe_one_step_QP,True,-0.021711593980342836,False,186.39559064164985,212.33022069124007,186.2242699563916,212.2696251504978,-0.17132068525825161,-0.060595540742269804,"same state/z/raw action; local mapping effect only, no plant propagation"
C2_8,420002,179,Omega_safe_one_step_QP,True,-0.023023908652703387,False,186.38184493696662,212.46322765941164,186.21132868213516,212.42501754167697,-0.17051625483145472,-0.038210117734678306,"same state/z/raw action; local mapping effect only, no plant propagation"
C2_8,420002,180,Omega_safe_one_step_QP,True,-0.023752898754532605,False,184.8154052830767,211.9450451179513,184.6525709675887,211.89547092073457,-0.16283431548799854,-0.04957419721674228,"same state/z/raw action; local mapping effect only, no plant propagation"
C2_8,420002,181,Z_mode_existing_controller,True,-0.016846237555855022,False,194.82899498988186,214.10042108670297,194.65688857902768,214.0974220103876,-0.17210641085418388,-0.0029990763153762146,"same state/z/raw action; local mapping effect only, no plant propagation"
C2_8,420002,182,Z_mode_existing_controller,True,-0.008868508998153612,False,190.35817940534494,213.1948378863673,190.17974672956734,213.19557676054515,-0.17843267577760002,0.0007388741778413532,"same state/z/raw action; local mapping effect only, no plant propagation"
C2_8,420002,183,Z_mode_existing_controller,True,-0.0044583593992689186,False,196.32731508641305,214.4210397972555,196.14644441871707,214.41777296328095,-0.18087066769598437,-0.0032668339745498542,"same state/z/raw action; local mapping effect only, no plant propagation"
C2_8,420002,184,Omega_safe_one_step_QP,True,-0.012437695495253531,False,198.3935233143816,214.37349895291297,198.21225162274075,214.2856679459277,-0.181271691640859,-0.08783100698525459,"same state/z/raw action; local mapping effect only, no plant propagation"
C2_8,420002,185,Z_mode_existing_controller,True,-0.01652573041353409,False,188.65641374957278,212.7942261819399,188.48394627946192,212.79251222619362,-0.17246747011085972,-0.001713955746282636,"same state/z/raw action; local mapping effect only, no plant propagation"
C2_8,420002,186,Z_mode_existing_controller,True,-0.012192287864049078,False,188.84618414090116,212.86423895359897,188.6695333615112,212.8608484459469,-0.176650779389945,-0.00339050765205684,"same state/z/raw action; local mapping effect only, no plant propagation"
C2_8,420002,187,Z_mode_existing_controller,True,-0.01004385514442685,False,190.07074803623524,212.95799401934212,189.89290352568815,212.95789466543206,-0.17784451054708938,-9.935391005910787e-05,"same state/z/raw action; local mapping effect only, no plant propagation"
C2_8,420002,188,Omega_safe_one_step_QP,True,-0.010744041880934252,False,198.6665183944303,214.3186547770078,198.48449236804564,214.2259038588798,-0.18202602638467624,-0.09275091812799019,"same state/z/raw action; local mapping effect only, no plant propagation"
C2_8,420002,189,Z_mode_existing_controller,True,0.0020378426682473028,True,197.1479665387134,214.50913376480725,196.96350018088657,214.50641337896099,-0.1844663578268353,-0.0027203858462598873,"same state/z/raw action; local mapping effect only, no plant propagation"
C2_8,420002,190,Z_mode_existing_controller,True,-0.0013542033726029468,False,195.68785685971355,214.13188879935265,195.50523620546375,214.1305868345246,-0.18262065424980278,-0.001301964828058999,"same state/z/raw action; local mapping effect only, no plant propagation"
C2_8,420002,191,Omega_safe_one_step_QP,True,-0.01629584919428584,False,202.09019921325404,214.5840933597624,201.90936821427482,214.4485457474907,-0.18083099897921784,-0.13554761227169365,"same state/z/raw action; local mapping effect only, no plant propagation"
C2_8,420002,192,Omega_safe_one_step_QP,True,-0.005666316203685462,False,197.7769265333424,214.96668731434232,197.5930814015791,214.950644076131,-0.18384513176329165,-0.01604323821132425,"same state/z/raw action; local mapping effect only, no plant propagation"
C2_8,420002,193,Z_mode_existing_controller,True,-0.00570415623973064,False,194.4415798983781,213.9387420266491,194.26133903619683,213.9366296933181,-0.18024086218127877,-0.002112333330984484,"same state/z/raw action; local mapping effect only, no plant propagation"
C2_8,420002,194,Z_mode_existing_controller,True,-0.004681486586773975,False,192.38448756160557,213.57042706245812,192.20367482979105,213.56869110373628,-0.18081273181451252,-0.0017359587218379602,"same state/z/raw action; local mapping effect only, no plant propagation"
C2_8,420002,195,Omega_safe_one_step_QP,True,-0.021170756139869684,False,181.09852842837574,211.48290670924877,180.93138670134937,211.47451302444006,-0.16714172702637597,-0.008393684808709168,"same state/z/raw action; local mapping effect only, no plant propagation"
C2_8,420002,196,Z_mode_existing_controller,True,-0.015940714845309366,False,189.12469699526946,212.6622439208267,188.95067015495465,212.6489549457059,-0.1740268403148093,-0.013288975120815394,"same state/z/raw action; local mapping effect only, no plant propagation"
C2_8,420002,197,Omega_safe_one_step_QP,True,-0.02234464297633404,False,185.9049731204106,212.31367182040842,185.73436697727251,212.2928300804009,-0.17060614313808742,-0.020841740007512044,"same state/z/raw action; local mapping effect only, no plant propagation"
C2_8,420002,198,Omega_safe_one_step_QP,True,-0.015943574445035913,False,185.31101093267563,211.97904789792128,185.13716620378707,211.9479094111272,-0.17384472888855385,-0.03113848679407738,"same state/z/raw action; local mapping effect only, no plant propagation"
C2_8,420002,199,Omega_safe_one_step_QP,True,-0.022345784285634277,False,186.5574930541298,212.14902930920027,186.3895520706103,212.12435870650833,-0.16794098351948605,-0.024670602691941212,"same state/z/raw action; local mapping effect only, no plant propagation"
C2_8,420002,200,Omega_safe_one_step_QP,True,-0.024822975621156207,False,178.67363850115981,210.4068661417532,178.51191173245476,210.3916283882094,-0.16172676870505143,-0.015237753543800636,"same state/z/raw action; local mapping effect only, no plant propagation"
C2_8,420002,201,Omega_safe_one_step_QP,True,-0.02530809634689185,False,179.3737588392115,210.59240659894374,179.22460652020646,210.60233717687836,-0.1491523190050259,0.009930577934625262,"same state/z/raw action; local mapping effect only, no plant propagation"
C2_8,420002,202,Omega_safe_one_step_QP,True,-0.02605990259951274,False,177.15631491309426,209.81427513583017,176.99861594368005,209.8060007053375,-0.1576989694142128,-0.008274430492662077,"same state/z/raw action; local mapping effect only, no plant propagation"
C2_8,420002,203,Omega_safe_one_step_QP,True,-0.025757176737012662,False,178.3290265037555,209.69388693144518,178.17582777080466,209.66420231317764,-0.15319873295084108,-0.0296846182675381,"same state/z/raw action; local mapping effect only, no plant propagation"
C2_8,420002,204,Omega_safe_one_step_QP,True,-0.013699025696342182,False,183.73610184941145,210.19991911423054,183.56198437836656,210.1090907485247,-0.1741174710448945,-0.09082836570584618,"same state/z/raw action; local mapping effect only, no plant propagation"
C2_8,420002,205,Omega_safe_one_step_QP,True,-0.023510594134328763,False,184.45390538337645,210.5215655416968,184.2866156629248,210.4679986119342,-0.16728972045166302,-0.053566929762581594,"same state/z/raw action; local mapping effect only, no plant propagation"
C2_8,420002,206,Omega_safe_one_step_QP,True,-0.023711724541593038,False,180.4268621839213,209.61342621596197,180.26217110313985,209.57471551113292,-0.1646910807814379,-0.03871070482904315,"same state/z/raw action; local mapping effect only, no plant propagation"
C2_8,420002,207,Omega_safe_one_step_QP,True,-0.02563972880350029,False,179.19683805251015,209.70244121246446,179.03807437820527,209.71082997233643,-0.15876367430487903,0.008388759871962748,"same state/z/raw action; local mapping effect only, no plant propagation"
C2_8,420002,208,Z_mode_existing_controller,True,-0.01649503166768853,False,188.06180548587034,210.58111037441412,187.88803583153722,210.56135871052297,-0.17376965433311398,-0.019751663891156568,"same state/z/raw action; local mapping effect only, no plant propagation"
C2_8,420002,209,Omega_safe_one_step_QP,True,-0.012873140778469128,False,187.5321490476182,211.30738157376786,187.35529981985087,211.30774433546858,-0.17684922776732037,0.00036276170072824243,"same state/z/raw action; local mapping effect only, no plant propagation"
C2_8,420002,210,Omega_safe_one_step_QP,True,-0.01566813977575987,False,186.4063187302823,210.7930479889659,186.2316271172536,210.78676507426042,-0.17469161302869907,-0.006282914705479925,"same state/z/raw action; local mapping effect only, no plant propagation"
C2_8,420002,211,Omega_safe_one_step_QP,True,-0.02303742674556758,False,184.25743933839001,209.66008002580077,184.088550151492,209.60463377592043,-0.16888918689801358,-0.0554462498803332,"same state/z/raw action; local mapping effect only, no plant propagation"
C2_8,420002,212,Z_mode_existing_controller,True,-0.008407235045369055,False,190.28598997364674,210.996025102703,190.1072833482763,210.99233858189632,-0.17870662537043813,-0.003686520806667204,"same state/z/raw action; local mapping effect only, no plant propagation"
C2_8,420002,213,Z_mode_existing_controller,True,-0.0018943643604710791,False,194.97559131264745,212.11557203805077,194.79329730249938,212.11362996763376,-0.18229401014806967,-0.0019420704170158842,"same state/z/raw action; local mapping effect only, no plant propagation"
C2_8,420002,214,Z_mode_existing_controller,True,-0.00037432167943463046,False,190.94374498576707,211.32446457487697,190.76060630554127,211.32406635500368,-0.18313868022579527,-0.0003982198732899178,"same state/z/raw action; local mapping effect only, no plant propagation"
C2_8,420002,215,Omega_safe_one_step_QP,True,-0.02292308950268191,False,185.7999958497963,210.57732108532682,185.63200950532166,210.56260648622293,-0.16798634447462746,-0.01471459910388262,"same state/z/raw action; local mapping effect only, no plant propagation"
C2_8,420002,216,Omega_safe_one_step_QP,True,-0.02261003183291514,False,186.84604699262,210.8892021358104,186.6788552509918,210.88070646377264,-0.16719174162818717,-0.008495672037753366,"same state/z/raw action; local mapping effect only, no plant propagation"
C2_8,420002,217,Z_mode_existing_controller,True,-0.005873529546162548,False,190.89341222933476,211.24907053360522,190.71328561453888,211.24767870914712,-0.18012661479588132,-0.0013918244580963801,"same state/z/raw action; local mapping effect only, no plant propagation"
C2_8,420002,218,Omega_safe_one_step_QP,True,-0.022344598506775656,False,187.27777283204344,210.99818000003475,187.10703993327482,210.99412284866312,-0.17073289876861963,-0.004057151371625878,"same state/z/raw action; local mapping effect only, no plant propagation"
C2_8,420002,219,Z_mode_existing_controller,True,0.00048068257814587456,True,198.24667787385118,212.8569292942578,198.06306530093724,212.85479982884678,-0.18361257291394395,-0.002129465411030651,"same state/z/raw action; local mapping effect only, no plant propagation"
C2_8,420002,220,Z_mode_existing_controller,True,-0.010569121765122702,False,192.33896287203376,211.67458172568325,192.16138353079185,211.67314656698414,-0.1775793412419091,-0.0014351586991097065,"same state/z/raw action; local mapping effect only, no plant propagation"
C2_8,420002,221,Z_mode_existing_controller,True,-0.0027331816527825237,False,193.02141819537388,211.80873990921066,192.83954145237516,211.8068891180305,-0.1818767429987247,-0.001850791180146416,"same state/z/raw action; local mapping effect only, no plant propagation"
C2_8,420002,222,Z_mode_existing_controller,True,-0.0034113593629931382,False,191.29277814134974,211.52048919041806,191.11126004262468,211.52107296064472,-0.1815180987250642,0.0005837702266546785,"same state/z/raw action; local mapping effect only, no plant propagation"
C2_8,420002,223,Z_mode_existing_controller,True,-0.006568104129766161,False,189.48021545924547,210.8868453387634,189.30040736368227,210.8861334355393,-0.1798080955632031,-0.0007119032241007517,"same state/z/raw action; local mapping effect only, no plant propagation"
C2_8,420002,224,Omega_safe_one_step_QP,True,-0.022469660560467064,False,185.53855796065437,210.46841242102704,185.3683011595325,210.44839487058533,-0.17025680112186592,-0.0200175504417075,"same state/z/raw action; local mapping effect only, no plant propagation"
C2_8,420002,225,Omega_safe_one_step_QP,True,-0.022265102914717783,False,184.94047362257012,210.1241928641483,184.77056610284626,210.09914951241865,-0.1699075197238642,-0.02504335172966421,"same state/z/raw action; local mapping effect only, no plant propagation"
C2_8,420002,226,Omega_safe_one_step_QP,True,-0.022274757134539008,False,186.6286899047004,210.48137986778417,186.45961861769763,210.45910716786645,-0.1690712870027653,-0.022272699917721184,"same state/z/raw action; local mapping effect only, no plant propagation"
C2_8,420002,227,Z_mode_existing_controller,True,-0.008531796729360663,False,193.62901686865348,211.43326075342378,193.4502917317746,211.42873007235158,-0.17872513687888159,-0.004530681072196785,"same state/z/raw action; local mapping effect only, no plant propagation"
C2_8,420002,228,Z_mode_existing_controller,True,0.0011127385755535513,True,198.0312870647159,212.2953699400169,197.8472883110038,212.28615646319824,-0.18399875371210328,-0.009213476818672461,"same state/z/raw action; local mapping effect only, no plant propagation"
C2_8,420002,229,Omega_safe_one_step_QP,True,-0.005530290087834067,False,197.35048224150364,212.47324605585317,197.16668239040004,212.42853997106076,-0.18379985110360053,-0.04470608479240923,"same state/z/raw action; local mapping effect only, no plant propagation"
C2_8,420002,230,Omega_safe_one_step_QP,True,-0.003984870794386031,False,197.3474298161688,212.9271393366161,197.16299677510113,212.92825515004503,-0.18443304106767755,0.001115813428924639,"same state/z/raw action; local mapping effect only, no plant propagation"
C2_8,420002,231,Z_mode_existing_controller,True,-0.00729186272053528,False,191.8049828714838,211.0086137867145,191.62557051246188,211.0091442723579,-0.1794123590219101,0.0005304856433951954,"same state/z/raw action; local mapping effect only, no plant propagation"
C2_8,420002,232,Z_mode_existing_controller,True,-0.003986687215202955,False,188.8124466977623,210.2677966966839,188.63121993516742,210.26974840167264,-0.18122676259488912,0.0019517049887554094,"same state/z/raw action; local mapping effect only, no plant propagation"
C2_8,420002,233,Omega_safe_one_step_QP,True,-0.007764535087760538,False,187.6163721382395,210.56514615131425,187.43675473265668,210.56476846742714,-0.17961740558283168,-0.0003776838871090149,"same state/z/raw action; local mapping effect only, no plant propagation"
C2_8,420002,234,Omega_safe_one_step_QP,True,-0.0011366608574315262,False,179.86482729244435,209.24001053631173,179.68499705234376,209.28286117614675,-0.17983024010058557,0.042850639835023685,"same state/z/raw action; local mapping effect only, no plant propagation"
C2_8,420002,235,Omega_safe_one_step_QP,True,-0.013931779122037191,False,185.1244744027754,208.92147536358766,184.9495881434839,208.83916759212184,-0.17488625929149748,-0.08230777146582113,"same state/z/raw action; local mapping effect only, no plant propagation"
C2_8,420002,236,Omega_safe_one_step_QP,True,-0.014596645693262744,False,185.6129072584474,209.48017452567228,185.43809899494866,209.43723507601624,-0.17480826349873269,-0.042939449656046236,"same state/z/raw action; local mapping effect only, no plant propagation"
C2_8,420002,237,Omega_safe_one_step_QP,True,-0.011347361295311553,False,183.70812563479353,208.9280388998956,183.5326013049687,208.87602256774167,-0.1755243298248388,-0.05201633215392576,"same state/z/raw action; local mapping effect only, no plant propagation"
C2_8,420002,238,Omega_safe_one_step_QP,True,-0.02249683871872164,False,186.40222784482097,209.57893412205792,186.23220647979525,209.5516955575732,-0.1700213650257183,-0.027238564484719063,"same state/z/raw action; local mapping effect only, no plant propagation"
C2_8,420002,239,Z_mode_existing_controller,True,-0.014939282402816778,False,188.46520461695172,209.41658520251113,188.28999290333454,209.41345352756687,-0.17521171361718757,-0.0031316749442567016,"same state/z/raw action; local mapping effect only, no plant propagation"
C2_8,420002,240,Z_mode_existing_controller,True,-0.007971206760506888,False,191.51455291192272,210.1023630943711,191.335520861693,210.09911459831255,-0.17903205022972202,-0.0032484960585463796,"same state/z/raw action; local mapping effect only, no plant propagation"
C2_8,420002,241,Omega_safe_one_step_QP,True,-0.01635722680950441,False,184.65716001261808,209.2223409121968,184.48399682260174,209.20112916884608,-0.17316319001633929,-0.02121174335073306,"same state/z/raw action; local mapping effect only, no plant propagation"
C2_8,420002,242,Z_mode_existing_controller,True,-0.006240997749990929,False,189.2573292514935,209.68848576123204,189.07734790017426,209.6837588346021,-0.17998135131924187,-0.0047269266299565516,"same state/z/raw action; local mapping effect only, no plant propagation"
C2_8,420002,243,Z_mode_existing_controller,True,-0.0028040949747564214,False,191.27738147938143,210.11000351121945,191.09551375422012,210.1082420569862,-0.181867725161311,-0.0017614542332466954,"same state/z/raw action; local mapping effect only, no plant propagation"
C2_8,420002,244,Z_mode_existing_controller,True,-0.010519302155836963,False,187.9909936192771,209.39027778619334,187.81331666121753,209.38740849339027,-0.17767695805957828,-0.0028692928030693565,"same state/z/raw action; local mapping effect only, no plant propagation"
C2_8,420002,245,Z_mode_existing_controller,True,-0.004215274522410273,False,188.73134878142088,209.5298966637964,188.55022728609362,209.5265581232608,-0.18112149532726107,-0.0033385405355943476,"same state/z/raw action; local mapping effect only, no plant propagation"
C2_8,420002,246,Omega_safe_one_step_QP,True,-0.022179109502271307,False,186.01794572789697,209.6263318716796,185.84858082658832,209.61862497170313,-0.16936490130865423,-0.007706899976483328,"same state/z/raw action; local mapping effect only, no plant propagation"
C2_8,420002,247,Omega_safe_one_step_QP,True,-0.02178854086693649,False,183.98184603836808,208.74884241868529,183.81243797372096,208.70803985034868,-0.169408064647115,-0.04080256833660201,"same state/z/raw action; local mapping effect only, no plant propagation"
C2_8,420002,248,Omega_safe_one_step_QP,True,-0.016472568183556247,False,182.98427253537798,208.48799359338227,182.8124092697348,208.44288288121996,-0.17186326564319643,-0.04511071216231244,"same state/z/raw action; local mapping effect only, no plant propagation"
C2_8,420002,249,Omega_safe_one_step_QP,True,-0.006716039400283869,False,180.71069935781657,207.6795812994909,180.53416531059736,207.6089649752644,-0.1765340472192065,-0.07061632422650632,"same state/z/raw action; local mapping effect only, no plant propagation"
C2_8,420002,250,Omega_safe_one_step_QP,True,0.008391051665466498,True,172.68041315297145,204.79382614481324,172.49696606032333,204.62888377900637,-0.1834470926481231,-0.1649423658068656,"same state/z/raw action; local mapping effect only, no plant propagation"
C2_8,420002,251,Omega_safe_one_step_QP,True,-0.014250858470667038,False,179.82578940450176,206.03552487255692,179.65513756090039,205.86787372824702,-0.17065184360137664,-0.16765114430990025,"same state/z/raw action; local mapping effect only, no plant propagation"
C2_8,420002,252,Omega_safe_one_step_QP,True,-0.022771210161700695,False,184.03076554886,207.77074594828736,183.86190936546262,207.68609880860626,-0.16885618339736652,-0.0846471396810955,"same state/z/raw action; local mapping effect only, no plant propagation"
C2_8,420002,253,Z_mode_existing_controller,True,-0.007942059180376437,False,191.4940166467119,209.5804933315358,191.31497066489976,209.57754943125354,-0.17904598181215192,-0.002943900282247114,"same state/z/raw action; local mapping effect only, no plant propagation"
C2_8,420002,254,Z_mode_existing_controller,True,-0.0002324775435962323,False,193.22078278239147,209.92511113266926,193.03751842170922,209.9236267147685,-0.1832643606822444,-0.0014844179007695857,"same state/z/raw action; local mapping effect only, no plant propagation"
C2_8,420002,255,Z_mode_existing_controller,True,-0.0023818617415163335,False,192.1465635212222,209.76628722448683,191.96446015913202,209.76473819438328,-0.18210336209017441,-0.001549030103547011,"same state/z/raw action; local mapping effect only, no plant propagation"
C2_8,420002,256,Omega_safe_one_step_QP,True,-0.022768560319718075,False,184.91944922735607,208.98107966535326,184.75143147712487,208.9738771444429,-0.16801775023120058,-0.007202520910368548,"same state/z/raw action; local mapping effect only, no plant propagation"
C2_8,420002,257,Z_mode_existing_controller,True,-0.0035302370249869486,False,190.50654698284444,209.35886183403852,190.32506534700389,209.35501721429134,-0.1814816358405551,-0.003844619747184197,"same state/z/raw action; local mapping effect only, no plant propagation"
C2_8,420002,258,Z_mode_existing_controller,True,-0.006975015542509677,False,188.5664827400897,208.86932428398254,188.38686447056818,208.867512040752,-0.17961826952151227,-0.0018122432305460734,"same state/z/raw action; local mapping effect only, no plant propagation"
C2_8,420002,259,Omega_safe_one_step_QP,True,-0.022286801697080697,False,186.0939509981091,208.66091003752794,185.92851944464732,208.64054948336215,-0.1654315534617865,-0.020360554165790745,"same state/z/raw action; local mapping effect only, no plant propagation"
C2_8,420002,260,Z_mode_existing_controller,True,-0.0077871651380743145,False,189.47359217310256,208.81075306496803,189.2944122205326,208.80776640581237,-0.17917995256996733,-0.00298665915565266,"same state/z/raw action; local mapping effect only, no plant propagation"
C2_8,420002,261,Z_mode_existing_controller,True,-0.00794998150796361,False,189.32132237382288,208.7476301963417,189.14221807744204,208.74563020223408,-0.17910429638084224,-0.0019999941076207506,"same state/z/raw action; local mapping effect only, no plant propagation"
C2_8,420002,262,Omega_safe_one_step_QP,True,-0.024704866472872677,False,177.85369937480215,206.81759546171406,177.6930236066577,206.80610151154715,-0.1606757681444435,-0.011493950166908462,"same state/z/raw action; local mapping effect only, no plant propagation"
C2_8,420002,263,Omega_safe_one_step_QP,True,-0.009011746452911917,False,182.7356700815211,206.65145208929144,182.5593196827607,206.5407828575152,-0.17635039876040537,-0.11066923177622812,"same state/z/raw action; local mapping effect only, no plant propagation"
C2_8,420002,264,Omega_safe_one_step_QP,True,-0.01495540010826979,False,183.72964474839262,207.19254782665863,183.55629392403986,207.12800998306568,-0.1733508243527524,-0.06453784359294445,"same state/z/raw action; local mapping effect only, no plant propagation"
C2_8,420002,265,Omega_safe_one_step_QP,True,-0.019141928341040726,False,184.65568866362136,207.2182079410587,184.48416674713746,207.14756846320518,-0.17152191648389703,-0.07063947785351843,"same state/z/raw action; local mapping effect only, no plant propagation"
C2_8,420002,266,Omega_safe_one_step_QP,True,-0.02460440777129248,False,180.3540462708823,206.78002576127324,180.19252025047666,206.76538193406572,-0.16152602040563124,-0.014643827207521554,"same state/z/raw action; local mapping effect only, no plant propagation"
C2_8,420002,267,Omega_safe_one_step_QP,True,-0.011044815699258193,False,184.32164102427728,207.084030167969,184.1455566006972,207.01812096243907,-0.17608442358007892,-0.06590920552991975,"same state/z/raw action; local mapping effect only, no plant propagation"
C2_8,420002,268,Z_mode_existing_controller,True,-0.007268115854432877,False,198.0910161025124,209.7157143476736,197.91158142973373,209.7061441532407,-0.17943467277868308,-0.009570194432910739,"same state/z/raw action; local mapping effect only, no plant propagation"
C2_8,420002,269,Z_mode_existing_controller,True,-0.001440791048163581,False,196.2044917727739,209.6323583909668,196.0218704760386,209.63194514717327,-0.1826212967353058,-0.00041324379353113727,"same state/z/raw action; local mapping effect only, no plant propagation"
C2_8,420002,270,Omega_safe_one_step_QP,True,-0.005474685801580503,False,198.05778949700468,209.7556560444141,197.87380180478792,209.6540529863037,-0.18398769221676048,-0.10160305811041326,"same state/z/raw action; local mapping effect only, no plant propagation"
C2_8,420002,271,Omega_safe_one_step_QP,True,-0.002324086455718022,False,200.09521944774437,209.79908904713892,199.90957155264013,209.64843659423565,-0.18564789510423907,-0.15065245290327312,"same state/z/raw action; local mapping effect only, no plant propagation"
C2_8,420002,272,Omega_safe_one_step_QP,True,-0.011709816407731555,False,201.5231770645211,210.5007930669853,201.3407854633154,210.397078303901,-0.1823916012056941,-0.10371476308429806,"same state/z/raw action; local mapping effect only, no plant propagation"
C2_8,420002,273,Z_mode_existing_controller,True,-0.0036141493647350864,False,194.87456551680512,209.346595919101,194.69313852945518,209.34333803898951,-0.181426987349937,-0.003257880111476652,"same state/z/raw action; local mapping effect only, no plant propagation"
C2_8,420002,274,Omega_safe_one_step_QP,True,-0.0029125624985418264,False,200.53580020223038,210.09893970503936,200.35029711473334,209.95995241881585,-0.1855030874970396,-0.13898728622351086,"same state/z/raw action; local mapping effect only, no plant propagation"
C2_8,420002,275,Z_mode_existing_controller,True,-0.0004628479315119116,False,197.5216731917989,210.2061919049056,197.33852467041817,210.20243245212458,-0.1831485213807298,-0.0037594527810256295,"same state/z/raw action; local mapping effect only, no plant propagation"
C2_8,420002,276,Z_mode_existing_controller,True,-0.007903714508117665,False,194.499917488573,209.77032392315877,194.32080972382073,209.7696145149873,-0.17910776475227408,-0.0007094081714740241,"same state/z/raw action; local mapping effect only, no plant propagation"
C2_8,420002,277,Omega_safe_one_step_QP,True,-0.007999569890003277,False,197.98863328093492,211.30226425046598,197.8056825137354,211.29924902436446,-0.18295076719951453,-0.003015226101524604,"same state/z/raw action; local mapping effect only, no plant propagation"
C2_8,420002,278,Omega_safe_one_step_QP,True,-0.006541772452275163,False,198.20240842045519,211.19062470656982,198.01881694072858,211.18045537076537,-0.1835914797266014,-0.010169335804448565,"same state/z/raw action; local mapping effect only, no plant propagation"
C2_8,420002,279,Z_mode_existing_controller,True,-0.013674484523974462,False,190.43765416431626,208.69442572642615,190.26169373483782,208.69456925241576,-0.1759604294784367,0.00014352598961409058,"same state/z/raw action; local mapping effect only, no plant propagation"
C2_8,420002,280,Omega_safe_one_step_QP,True,-0.024700064907047306,False,179.80625455606383,207.3222206395883,179.6444582847895,207.34632798280265,-0.1617962712743406,0.024107343214353705,"same state/z/raw action; local mapping effect only, no plant propagation"
C2_8,420002,281,Omega_safe_one_step_QP,True,-0.012781141208515923,False,183.5725104150128,206.93390795817783,183.3979455704281,206.85697165960016,-0.1745648445846939,-0.07693629857766382,"same state/z/raw action; local mapping effect only, no plant propagation"
C2_8,420002,282,Omega_safe_one_step_QP,True,-0.02185491588408867,False,187.84691105643526,208.30458493753915,187.67833928192118,208.27804576443606,-0.1685717745140778,-0.026539173103088842,"same state/z/raw action; local mapping effect only, no plant propagation"
C2_8,420002,283,Omega_safe_one_step_QP,True,-0.019553018485698348,False,182.58374673968436,207.26788504799805,182.41415102984132,207.24985111336323,-0.16959570984303696,-0.01803393463481484,"same state/z/raw action; local mapping effect only, no plant propagation"
C2_8,420002,284,Omega_safe_one_step_QP,True,-0.005751141150514616,False,184.41827314148208,207.05478694176787,184.23900612715434,206.98139396404036,-0.17926701432773484,-0.07339297772750797,"same state/z/raw action; local mapping effect only, no plant propagation"
C2_8,420002,285,Omega_safe_one_step_QP,True,-0.01589566052232272,False,184.26912813412724,207.21843537790323,184.0959622890238,207.1800104476938,-0.17316584510345479,-0.038424930209430386,"same state/z/raw action; local mapping effect only, no plant propagation"
C2_8,420002,286,Z_mode_existing_controller,True,-0.012199033946496352,False,188.81460508653754,207.54661093700338,188.6378851756482,207.53730844684887,-0.17671991088934647,-0.009302490154510679,"same state/z/raw action; local mapping effect only, no plant propagation"
C2_8,420002,287,Z_mode_existing_controller,True,0.000956163051876513,True,189.92585192692607,207.61577660635805,189.74194083636903,207.61515490283233,-0.18391109055704646,-0.0006217035257236603,"same state/z/raw action; local mapping effect only, no plant propagation"
C2_8,420002,288,Z_mode_existing_controller,True,-0.01086837182674788,False,191.60856676792002,207.98296067429393,191.4310896502987,207.98300691744168,-0.17747711762132212,4.624314775014682e-05,"same state/z/raw action; local mapping effect only, no plant propagation"
C2_8,420002,289,Omega_safe_one_step_QP,True,-0.022596953730170413,False,185.8073644830522,207.23880906881882,185.64008581263738,207.20633784211182,-0.1672786704148166,-0.03247122670700264,"same state/z/raw action; local mapping effect only, no plant propagation"
C2_8,420002,290,Z_mode_existing_controller,True,-0.008689402526006473,False,188.42749045243744,207.23679253417055,188.2488211438613,207.23261803808936,-0.17866930857613283,-0.004174496081191137,"same state/z/raw action; local mapping effect only, no plant propagation"
C2_8,420002,291,Z_mode_existing_controller,True,-0.005973199096630077,False,191.71334808602109,208.1956917347785,191.53318696015768,208.1943917808654,-0.18016112586340682,-0.0012999539131044457,"same state/z/raw action; local mapping effect only, no plant propagation"
C2_8,420002,292,Omega_safe_one_step_QP,True,-0.02252109484097445,False,185.52373614716697,207.6733787076584,185.35435085644775,207.66668126336168,-0.16938529071921948,-0.006697444296719368,"same state/z/raw action; local mapping effect only, no plant propagation"
C2_8,420002,293,Z_mode_existing_controller,True,-0.0027123202106550393,False,195.7874025533476,209.03448266711914,195.60546313993896,209.03108927089045,-0.18193941340862807,-0.0033933962286880615,"same state/z/raw action; local mapping effect only, no plant propagation"
C2_8,420002,294,Z_mode_existing_controller,True,2.364902356877252e-05,True,192.1322424307788,208.23967447103269,191.94880487853956,208.23827718843108,-0.18343755223924063,-0.001397282601601546,"same state/z/raw action; local mapping effect only, no plant propagation"
C2_8,420002,295,Z_mode_existing_controller,True,0.00020120239303333953,True,196.35000002584366,209.0262796218353,196.16645668581563,209.02318890378686,-0.18354334002802375,-0.0030907180484405217,"same state/z/raw action; local mapping effect only, no plant propagation"
C2_8,420002,296,Z_mode_existing_controller,True,-0.0001437263685958312,False,197.51360086863272,209.45815339055488,197.33023563336775,209.45204614254894,-0.18336523526497217,-0.006107248005946531,"same state/z/raw action; local mapping effect only, no plant propagation"
C2_8,420002,297,Z_mode_existing_controller,True,-0.003455566147083422,False,197.60329768921642,209.47054756159764,197.42171923241946,209.4647217255322,-0.18157845679695583,-0.005825836065440626,"same state/z/raw action; local mapping effect only, no plant propagation"
C2_8,420002,298,Z_mode_existing_controller,True,-0.00031284843373041715,False,195.91647198793683,209.24877231637865,195.73318056554598,209.24688517572727,-0.18329142239085172,-0.0018871406513767397,"same state/z/raw action; local mapping effect only, no plant propagation"
C2_8,420002,299,Omega_safe_one_step_QP,True,-0.0007041687590148005,False,201.44862422747326,209.81624334498153,201.26213115381856,209.66675195786,-0.18649307365470236,-0.14949138712154308,"same state/z/raw action; local mapping effect only, no plant propagation"
C2_8,420002,300,Omega_safe_one_step_QP,True,0.00426342219359932,True,208.06257433128545,211.46756241705387,207.8735337907199,211.32890271773044,-0.18904054056554287,-0.13865969932342637,"same state/z/raw action; local mapping effect only, no plant propagation"
C2_8,420002,301,Omega_safe_one_step_QP,True,-0.004377263758993388,False,203.45142684715103,210.88578153995658,203.26594451936515,210.77712105357935,-0.18548232778587703,-0.10866048637723225,"same state/z/raw action; local mapping effect only, no plant propagation"
C2_8,420002,302,Omega_safe_one_step_QP,True,-0.003079792700509676,False,204.47418626946842,211.3183999794897,204.2880744199038,211.20572625685915,-0.18611184956461102,-0.11267372263054654,"same state/z/raw action; local mapping effect only, no plant propagation"
C2_8,420002,303,Omega_safe_one_step_QP,True,-0.0005616899828810862,False,206.54875175580145,211.40213475792615,206.36147801510108,211.2552305446424,-0.18727374070036262,-0.14690421328376146,"same state/z/raw action; local mapping effect only, no plant propagation"
C2_8,420002,304,Omega_safe_one_step_QP,True,-0.004282030496417344,False,202.3009180936569,210.96224499946808,202.11560516488674,210.85652858691853,-0.18531292877014494,-0.10571641254955466,"same state/z/raw action; local mapping effect only, no plant propagation"
C2_8,420002,305,Omega_safe_one_step_QP,True,-0.008894522059232135,False,198.01272839518626,211.21006092267945,197.83013365772862,211.2039635266135,-0.18259473745763444,-0.00609739606593962,"same state/z/raw action; local mapping effect only, no plant propagation"
C2_8,420002,306,Omega_safe_one_step_QP,True,-0.006128283024924908,False,200.47138149757504,211.50174088963988,200.287118783698,211.4790095630535,-0.18426271387704674,-0.02273132658638133,"same state/z/raw action; local mapping effect only, no plant propagation"
C2_8,420002,307,Omega_safe_one_step_QP,True,-0.006325245078238284,False,201.853357993359,211.0368637876463,201.66888494951291,210.942935380046,-0.18447304384608287,-0.09392840760028776,"same state/z/raw action; local mapping effect only, no plant propagation"
C2_8,420002,308,Omega_safe_one_step_QP,True,-0.005331869112574661,False,199.41994917202206,211.52318178420938,199.23560235344024,211.51888770384798,-0.18434681858181534,-0.00429408036140444,"same state/z/raw action; local mapping effect only, no plant propagation"
C2_8,420002,309,Z_mode_existing_controller,True,-0.015131583278021776,False,192.0625691635761,209.0906555858011,191.8874099321965,209.0889371469498,-0.17515923137958112,-0.0017184388512987425,"same state/z/raw action; local mapping effect only, no plant propagation"
C2_8,420002,310,Omega_safe_one_step_QP,True,-0.018960327920074127,False,184.64604018024463,208.29594050903796,184.47441830790856,208.29208381758582,-0.1716218723360612,-0.0038566914521425133,"same state/z/raw action; local mapping effect only, no plant propagation"
C2_8,420002,311,Z_mode_existing_controller,True,-0.004066040959151196,False,193.69060917949477,209.36598334498467,193.50941801942233,209.3610799055811,-0.1811911600724443,-0.00490343940356297,"same state/z/raw action; local mapping effect only, no plant propagation"
C2_8,420002,312,Z_mode_existing_controller,True,-0.004780415240819791,False,193.11566338211102,209.27007839242137,192.93484935791483,209.26804836159144,-0.18081402419619508,-0.0020300308299283643,"same state/z/raw action; local mapping effect only, no plant propagation"
C2_8,420002,313,Z_mode_existing_controller,True,-0.00656809249745649,False,190.1142874997745,208.50427171497876,189.9344338519145,208.50588083415116,-0.1798536478599999,0.001609119172400142,"same state/z/raw action; local mapping effect only, no plant propagation"
C2_8,420002,314,Omega_safe_one_step_QP,True,-0.022187243191994326,False,186.028472584184,208.1263340437907,185.8607567047427,208.0992796928813,-0.16771587944128896,-0.027054350909395453,"same state/z/raw action; local mapping effect only, no plant propagation"
C2_8,420002,315,Omega_safe_one_step_QP,True,-0.018609104590484482,False,185.81146973857574,207.6072968843466,185.6388125968153,207.5487998023983,-0.1726571417604248,-0.058497081948303276,"same state/z/raw action; local mapping effect only, no plant propagation"
C2_8,420002,316,Z_mode_existing_controller,True,-0.0072171144359163275,False,188.31790266398957,207.74782501339413,188.13840717749662,207.74596210009804,-0.17949548649295366,-0.0018629132960938932,"same state/z/raw action; local mapping effect only, no plant propagation"
C2_8,420002,317,Z_mode_existing_controller,True,-0.007547178894499462,False,190.41850367597578,208.15685827863982,190.23917495703427,208.15713370215997,-0.17932871894151958,0.00027542352015075267,"same state/z/raw action; local mapping effect only, no plant propagation"
C2_8,420002,318,Z_mode_existing_controller,True,-0.007774508275577741,False,188.00867743340856,207.58675598658652,187.82945976949767,207.58683172153522,-0.17921766391089022,7.573494869461683e-05,"same state/z/raw action; local mapping effect only, no plant propagation"
C2_8,420002,319,Z_mode_existing_controller,True,-0.0104435536623661,False,197.83953411102712,209.67424989743137,197.66175203103148,209.6707640004955,-0.17778207999563733,-0.003485896935870869,"same state/z/raw action; local mapping effect only, no plant propagation"
C2_8,420002,320,Omega_safe_one_step_QP,True,-0.01093675820562523,False,202.4314719606775,210.3086210233004,202.24857645012457,210.18251356423548,-0.18289551055292463,-0.1261074590649116,"same state/z/raw action; local mapping effect only, no plant propagation"
C2_8,420002,321,Z_mode_existing_controller,True,-0.007528587758628247,False,191.0335938579339,208.38029001884365,190.85422843094983,208.37931245139004,-0.1793654269840772,-0.0009775674536172119,"same state/z/raw action; local mapping effect only, no plant propagation"
C2_8,420002,322,Z_mode_existing_controller,True,-0.014953268704830144,False,188.44676151703436,207.76649374119563,188.27185405794916,207.76164620584515,-0.17490745908520466,-0.004847535350478438,"same state/z/raw action; local mapping effect only, no plant propagation"
C2_8,420002,323,Omega_safe_one_step_QP,True,-0.019995540272123857,False,187.33611770688103,208.33377568806284,187.1632158791391,208.3182500160947,-0.1729018277419243,-0.015525671968134702,"same state/z/raw action; local mapping effect only, no plant propagation"
C2_8,420002,324,Z_mode_existing_controller,True,-0.006981546691476992,False,189.1881557276827,207.88807620680927,189.00848087127807,207.8834609407258,-0.1796748564046311,-0.004615266083476399,"same state/z/raw action; local mapping effect only, no plant propagation"
C2_8,420002,325,Omega_safe_one_step_QP,True,-0.021348740710902335,False,187.29789925684665,208.17272462891336,187.12620390588822,208.16038821479341,-0.17169535095843003,-0.012336414119943129,"same state/z/raw action; local mapping effect only, no plant propagation"
C2_8,420002,326,Z_mode_existing_controller,True,-0.010187324978487011,False,191.28087502038824,208.12583056411123,191.10293554462436,208.12243043663423,-0.17793947576387836,-0.0034001274769934753,"same state/z/raw action; local mapping effect only, no plant propagation"
C2_8,420002,327,Z_mode_existing_controller,True,-0.008984692132444294,False,192.1825355593659,208.26474337802625,192.00393233089918,208.26193759397492,-0.17860322846672716,-0.0028057840513326937,"same state/z/raw action; local mapping effect only, no plant propagation"
C2_8,420002,328,Z_mode_existing_controller,True,-0.008897403609677501,False,188.7003335754035,207.5437503690104,188.52167127478592,207.54491148771427,-0.1786623006175887,0.0011611187038624848,"same state/z/raw action; local mapping effect only, no plant propagation"
C2_8,420002,329,Omega_safe_one_step_QP,True,-0.0020752031678152316,False,198.13606565784332,210.28462869710518,197.95069149088974,210.27302309340408,-0.18537416695357933,-0.011605603701099199,"same state/z/raw action; local mapping effect only, no plant propagation"
C2_8,420002,330,Z_mode_existing_controller,True,-0.0012201783284280232,False,193.76772482920884,208.46936732241846,193.58490867062977,208.46882382429288,-0.1828161585790724,-0.0005434981255802995,"same state/z/raw action; local mapping effect only, no plant propagation"
C2_8,420002,331,Z_mode_existing_controller,True,0.004757939651267806,True,195.55103101248415,208.79600330996095,195.3649745132817,208.79752887444283,-0.1860564992024365,0.0015255644818807923,"same state/z/raw action; local mapping effect only, no plant propagation"
C2_8,420002,332,Z_mode_existing_controller,True,0.0014221421591406602,True,190.55914053247278,207.64733217252484,190.37487928797754,207.64663249204423,-0.1842612444952465,-0.0006996804806078671,"same state/z/raw action; local mapping effect only, no plant propagation"
C2_8,420002,333,Z_mode_existing_controller,True,0.0012041029905211498,True,190.88633572556685,207.64123958482804,190.70218473451916,207.64042554090432,-0.18415099104768728,-0.000814043923725194,"same state/z/raw action; local mapping effect only, no plant propagation"
C2_8,420002,334,Z_mode_existing_controller,True,8.467351036123283e-05,True,197.96367512036818,209.21290243059792,197.78012021807857,209.21205256860878,-0.18355490228961457,-0.0008498619891383896,"same state/z/raw action; local mapping effect only, no plant propagation"
C2_8,420002,335,Omega_safe_one_step_QP,True,-0.003064943781348528,False,198.34543381046987,209.20456897956822,198.16041497988823,209.0906506195708,-0.18501883058164026,-0.11391835999742739,"same state/z/raw action; local mapping effect only, no plant propagation"
C2_8,420002,336,Z_mode_existing_controller,True,0.0011257070471159536,True,195.5104005047325,208.94744970617967,195.32628445785838,208.9430498331821,-0.18411604687412364,-0.004399872997566945,"same state/z/raw action; local mapping effect only, no plant propagation"
C2_8,420002,337,Z_mode_existing_controller,True,-0.008851436886483321,False,188.41822677125828,207.5492031514397,188.23948031751303,207.5478642553074,-0.1787464537452479,-0.0013388961323244075,"same state/z/raw action; local mapping effect only, no plant propagation"
C2_8,420002,338,Z_mode_existing_controller,True,0.0006308339944771646,True,195.554980839324,209.00263170044244,195.37111717969103,208.99833088055846,-0.18386365963297635,-0.004300819883980012,"same state/z/raw action; local mapping effect only, no plant propagation"
C2_8,420002,339,Omega_safe_one_step_QP,True,-0.0016510034114700645,False,198.6110811933584,210.37094409141537,198.4254458722542,210.32367818365037,-0.18563532110420056,-0.04726590776499506,"same state/z/raw action; local mapping effect only, no plant propagation"
C2_8,420002,340,Z_mode_existing_controller,True,0.00035621123105700203,True,194.96163890119135,209.04263386681274,194.77792398022603,209.03610995900647,-0.18371492096531483,-0.0065239078062688804,"same state/z/raw action; local mapping effect only, no plant propagation"
C2_8,420002,341,Z_mode_existing_controller,True,-0.00337143336477691,False,189.78004644388284,207.96901632395645,189.59833046268344,207.9673189646735,-0.18171598119940313,-0.0016973592829572226,"same state/z/raw action; local mapping effect only, no plant propagation"
C2_8,420002,342,Z_mode_existing_controller,True,-0.000595916806079122,False,190.09594981494308,208.02816155406157,189.91273262367827,208.02483934955944,-0.1832171912648164,-0.0033222045021261692,"same state/z/raw action; local mapping effect only, no plant propagation"
C2_8,420002,343,Z_mode_existing_controller,True,0.00027654412607142076,True,193.469779696234,208.728965625025,193.28608616370036,208.72573924395076,-0.18369353253365261,-0.0032263810742563237,"same state/z/raw action; local mapping effect only, no plant propagation"
C2_8,420002,344,Z_mode_existing_controller,True,-0.00038156024909091757,False,191.44418001095357,208.33082190316452,191.26083318006556,208.32884273090514,-0.18334683088801285,-0.001979172259382267,"same state/z/raw action; local mapping effect only, no plant propagation"
C2_8,420002,345,Omega_safe_one_step_QP,True,-0.020994326299868016,False,185.67278935927757,207.58184495952028,185.5025965558249,207.5611630678508,-0.17019280345266452,-0.020681891669482866,"same state/z/raw action; local mapping effect only, no plant propagation"
C2_8,420002,346,Omega_safe_one_step_QP,True,-0.02056326566440914,False,187.0868673057544,207.77837674621532,186.915359967483,207.75710548188863,-0.17150733827139675,-0.02127126432668547,"same state/z/raw action; local mapping effect only, no plant propagation"
C2_8,420002,347,Z_mode_existing_controller,True,-0.006829997992662373,False,191.42437122434225,207.95181043089786,191.24450208407674,207.9466443079936,-0.1798691402655095,-0.005166122904256554,"same state/z/raw action; local mapping effect only, no plant propagation"
C2_8,420002,348,Z_mode_existing_controller,True,-0.00863265678918479,False,191.5724019461519,207.93003555562854,191.39349198280624,207.92720712940704,-0.17890996334566012,-0.002828426221498148,"same state/z/raw action; local mapping effect only, no plant propagation"
C2_8,420002,349,Z_mode_existing_controller,True,-0.003276574566437984,False,193.1766566352824,208.19900601878547,192.99486141506662,208.19760964756742,-0.18179522021577554,-0.0013963712180498078,"same state/z/raw action; local mapping effect only, no plant propagation"
C2_8,420002,350,Z_mode_existing_controller,True,-0.0071372807667003935,False,190.29005010513862,207.63203102257262,190.11031853144584,207.63058641325324,-0.17973157369277715,-0.0014446093193782872,"same state/z/raw action; local mapping effect only, no plant propagation"
C2_8,420002,351,Z_mode_existing_controller,True,-0.001843291784653034,False,194.12817978089862,208.51258827422564,193.94560043709234,208.50906415722594,-0.1825793438062817,-0.003524116999699345,"same state/z/raw action; local mapping effect only, no plant propagation"
C2_8,420002,352,Z_mode_existing_controller,True,0.00013013306684850345,True,197.25600121481168,209.04894607057022,197.07235704941058,209.040320188736,-0.1836441654010912,-0.008625881834234406,"same state/z/raw action; local mapping effect only, no plant propagation"
C2_8,420002,353,Z_mode_existing_controller,True,-0.0033853971469184896,False,193.04427923495703,208.23437194354392,192.86251163141483,208.22998128121066,-0.18176760354219823,-0.004390662333264572,"same state/z/raw action; local mapping effect only, no plant propagation"
C2_8,420002,354,Omega_safe_one_step_QP,True,-0.00696608432503143,False,188.0299142431805,208.06958186145854,187.84969961794408,208.06935187293192,-0.18021462523643095,-0.00022998852662681202,"same state/z/raw action; local mapping effect only, no plant propagation"
C2_8,420002,355,Z_mode_existing_controller,True,-0.002603691516068929,False,194.470554273411,208.48453616299378,194.28837148883719,208.47904287380655,-0.18218278457382553,-0.005493289187228356,"same state/z/raw action; local mapping effect only, no plant propagation"
C2_8,420002,356,Z_mode_existing_controller,True,-0.00016872698250658402,False,195.20479472808813,208.61158050549506,195.02130097760778,208.60664679486842,-0.183493750480352,-0.004933710626630727,"same state/z/raw action; local mapping effect only, no plant propagation"
C2_8,420002,357,Omega_safe_one_step_QP,True,-0.015752827868543096,False,182.53230561396825,206.63488512776436,182.3603442486245,206.6190495945377,-0.17196136534374773,-0.015835533226663756,"same state/z/raw action; local mapping effect only, no plant propagation"
C2_8,420002,358,Omega_safe_one_step_QP,True,-0.016266649127928856,False,178.23973531422732,205.8094604136706,178.07216016361525,205.8218864913237,-0.16757515061206618,0.012426077653117318,"same state/z/raw action; local mapping effect only, no plant propagation"
C2_8,420002,359,Omega_safe_one_step_QP,True,-0.014289402469239987,False,179.60331760939616,205.11973610116382,179.43290058543536,205.0477881199584,-0.17041702396079472,-0.071947981205426,"same state/z/raw action; local mapping effect only, no plant propagation"
C2_8,420002,360,Omega_safe_one_step_QP,True,0.007765662948912011,True,176.43517787086336,203.26751304699746,176.2504350493034,203.08667987967868,-0.1847428215599507,-0.18083316731878085,"same state/z/raw action; local mapping effect only, no plant propagation"
C2_8,420002,361,Omega_safe_one_step_QP,True,0.00915089854061124,True,177.6739032854863,202.93758276626062,177.48762439367113,202.70930218139978,-0.18627889181516366,-0.22828058486084046,"same state/z/raw action; local mapping effect only, no plant propagation"
C2_8,420002,362,Omega_safe_one_step_QP,True,-0.013482829577586508,False,177.92788598319498,204.300242575068,177.75854906967393,204.22258338215568,-0.1693369135210503,-0.07765919291233558,"same state/z/raw action; local mapping effect only, no plant propagation"
C2_8,420002,363,Omega_safe_one_step_QP,True,-0.01916471904471234,False,172.1002122718755,203.9032305626302,171.94486140674596,203.93262631076854,-0.15535086512954877,0.02939574813834156,"same state/z/raw action; local mapping effect only, no plant propagation"
C2_8,420002,364,Omega_safe_one_step_QP,True,-0.01078779717007522,False,179.35348000188873,204.14577900156337,179.18079986857876,204.0609077046243,-0.17268013330996723,-0.08487129693907036,"same state/z/raw action; local mapping effect only, no plant propagation"
C2_8,420002,365,Omega_safe_one_step_QP,True,-0.010450138517442475,False,178.93828884153038,204.63115671442978,178.76572663684954,204.61635077355072,-0.17256220468084393,-0.014805940879057289,"same state/z/raw action; local mapping effect only, no plant propagation"
C2_8,420002,366,Omega_safe_one_step_QP,True,-0.0015359833241974652,False,179.1130375246558,204.6591538075358,178.933924632929,204.65854926948194,-0.17911289172678835,-0.0006045380538637346,"same state/z/raw action; local mapping effect only, no plant propagation"
C2_8,420002,367,Omega_safe_one_step_QP,True,-0.02650033299078042,False,173.02762474300818,202.8057240453614,172.8781171654223,202.79725023345267,-0.1495075775858652,-0.008473811908714879,"same state/z/raw action; local mapping effect only, no plant propagation"
C2_8,420002,368,Omega_safe_one_step_QP,True,-0.024876478209874153,False,171.4231699559809,203.24753361481865,171.27546755649314,203.32013201901643,-0.14770239948776975,0.07259840419777674,"same state/z/raw action; local mapping effect only, no plant propagation"
C2_8,420002,369,Omega_safe_one_step_QP,True,-0.0249904424315817,False,177.52658374176656,203.37242704444103,177.36709578586863,203.34670759783913,-0.15948795589793008,-0.02571944660189729,"same state/z/raw action; local mapping effect only, no plant propagation"
C2_8,420002,370,Omega_safe_one_step_QP,True,-0.018863682767507273,False,176.5293077974647,203.52950842200016,176.36589915457046,203.55529925020292,-0.16340864289423962,0.025790828202758576,"same state/z/raw action; local mapping effect only, no plant propagation"
C2_8,420002,371,Omega_safe_one_step_QP,True,-0.00481603339967368,False,182.46293699851788,203.1066479795527,182.28410978038818,202.97976014016854,-0.17882721812969748,-0.12688783938415327,"same state/z/raw action; local mapping effect only, no plant propagation"
C2_8,420002,372,Z_mode_existing_controller,True,-0.010274923041123651,False,189.19423962270264,204.6471613171792,189.01633737492398,204.64050644594067,-0.17790224777866115,-0.006654871238538362,"same state/z/raw action; local mapping effect only, no plant propagation"
C2_8,420002,373,Omega_safe_one_step_QP,True,-0.022247632857306576,False,183.06300377587522,203.88313059579946,182.8946774019407,203.83393312035253,-0.16832637393451932,-0.049197475446931094,"same state/z/raw action; local mapping effect only, no plant propagation"
C2_8,420002,374,Omega_safe_one_step_QP,True,-0.02154012898865637,False,185.45698355672093,204.5790369370148,185.28625522940828,204.55058252882984,-0.17072832731264498,-0.028454408184956037,"same state/z/raw action; local mapping effect only, no plant propagation"
C2_8,420002,375,Omega_safe_one_step_QP,True,-0.019925462496569457,False,187.1164651946427,205.0583553545723,186.94366768673865,205.04942665792177,-0.17279750790405046,-0.008928696650542634,"same state/z/raw action; local mapping effect only, no plant propagation"
C2_8,420002,376,Omega_safe_one_step_QP,True,-0.013796479469657674,False,184.50074340030775,204.24495589461486,184.32617548568294,204.2113401080538,-0.17456791462481647,-0.03361578656105735,"same state/z/raw action; local mapping effect only, no plant propagation"
C2_8,420002,377,Omega_safe_one_step_QP,True,-0.0140953487540727,False,181.75371716736572,203.1366007457722,181.58130773596804,203.07593825312543,-0.17240943139768206,-0.06066249264677026,"same state/z/raw action; local mapping effect only, no plant propagation"
C2_8,420002,378,Z_mode_existing_controller,True,-0.011242239450803826,False,188.29064988896312,203.79749962951354,188.1133136273934,203.78529060653295,-0.17733626156970672,-0.012209022980584905,"same state/z/raw action; local mapping effect only, no plant propagation"
C2_8,420002,379,Omega_safe_one_step_QP,True,-0.018431858450977667,False,180.69917491782093,203.2783176278672,180.53058083812488,203.26066399824006,-0.16859407969604945,-0.017653629627147893,"same state/z/raw action; local mapping effect only, no plant propagation"
C2_8,420002,380,Omega_safe_one_step_QP,True,-0.013742298816083576,False,180.73132328112433,202.54966994992049,180.5595188080709,202.47015895192456,-0.1718044730534416,-0.07951099799592498,"same state/z/raw action; local mapping effect only, no plant propagation"
C2_8,420002,381,Omega_safe_one_step_QP,True,-0.015234708482028347,False,183.42198111399355,202.9258542486949,183.24902187562273,202.82589130966048,-0.17295923837082228,-0.09996293903441256,"same state/z/raw action; local mapping effect only, no plant propagation"
C2_8,420002,382,Omega_safe_one_step_QP,True,-0.006990207255749892,False,183.20965436905442,202.95760505418133,183.031768720327,202.87061097256318,-0.1778856487274254,-0.08699408161814404,"same state/z/raw action; local mapping effect only, no plant propagation"
C2_8,420002,383,Omega_safe_one_step_QP,True,-0.010601166860146838,False,181.7522666494457,202.590979117347,181.5775856729939,202.511244346272,-0.17468097645178204,-0.07973477107498184,"same state/z/raw action; local mapping effect only, no plant propagation"
C2_8,420002,384,Omega_safe_one_step_QP,True,-0.004178416874513313,False,183.21855221293856,202.80502513065437,183.03893493987755,202.72485999628623,-0.17961727306101238,-0.08016513436814421,"same state/z/raw action; local mapping effect only, no plant propagation"
C2_8,420002,385,Omega_safe_one_step_QP,True,-0.009259632180605826,False,181.88855207579311,202.41876519730636,181.71290814123722,202.34722362256502,-0.1756439345558931,-0.07154157474133171,"same state/z/raw action; local mapping effect only, no plant propagation"
C2_8,420002,386,Z_mode_existing_controller,True,-0.00900347303493565,False,191.63653307584048,203.88518273161864,191.45803413272304,203.8771880873496,-0.17849894311743242,-0.007994644269047058,"same state/z/raw action; local mapping effect only, no plant propagation"
C2_8,420002,387,Z_mode_existing_controller,True,-0.003007794924677898,False,197.64262694533085,205.17384941558555,197.4608508890314,205.16619354689738,-0.18177605629944082,-0.00765586868817536,"same state/z/raw action; local mapping effect only, no plant propagation"
C2_8,420002,388,Omega_safe_one_step_QP,True,-0.0056996217745141076,False,198.5635275912276,205.57759558760284,198.37951492617808,205.45786946852007,-0.18401266504952218,-0.11972611908277031,"same state/z/raw action; local mapping effect only, no plant propagation"
C2_8,420002,389,Omega_safe_one_step_QP,True,-0.006541689248649618,False,205.548534774193,206.53891773331043,205.3634478923352,206.36798060320362,-0.18508688185781352,-0.17093713010680744,"same state/z/raw action; local mapping effect only, no plant propagation"
C2_8,420002,390,Omega_safe_one_step_QP,True,-0.01204067673342396,False,198.51946671947726,206.3127352662093,198.33799974899904,206.23905441630632,-0.18146697047822613,-0.07368084990298485,"same state/z/raw action; local mapping effect only, no plant propagation"
C2_8,420002,391,Z_mode_existing_controller,True,-0.0007592478376489131,False,197.6902719647966,205.65788215313523,197.50728131559998,205.65525288270803,-0.18299064919662555,-0.0026292704272066203,"same state/z/raw action; local mapping effect only, no plant propagation"
C2_8,420002,392,Z_mode_existing_controller,True,-0.00606441460517948,False,190.469627339017,204.17269016139463,190.289513479075,204.17169227686875,-0.18011385994199713,-0.0009978845258729052,"same state/z/raw action; local mapping effect only, no plant propagation"
C2_8,420002,393,Z_mode_existing_controller,True,-0.012464098619974051,False,189.16217664972493,203.73009006020698,188.98553003159208,203.72624358518297,-0.17664661813284965,-0.003846475024005258,"same state/z/raw action; local mapping effect only, no plant propagation"
C2_8,420002,394,Z_mode_existing_controller,True,-0.006746023015933855,False,190.74215494387556,204.11546809839317,190.56238723486527,204.11270491332704,-0.17976770901029226,-0.002763185066129381,"same state/z/raw action; local mapping effect only, no plant propagation"
C2_8,420002,395,Z_mode_existing_controller,True,-0.001137178665963523,False,196.24442838587197,205.48421742411563,196.06160430749043,205.48247727494936,-0.18282407838154313,-0.0017401491662667468,"same state/z/raw action; local mapping effect only, no plant propagation"
C2_8,420002,396,Omega_safe_one_step_QP,True,-0.0027186859913014283,False,199.38050711919522,205.93245030865845,199.19514621201114,205.79446886713166,-0.1853609071840765,-0.13798144152679015,"same state/z/raw action; local mapping effect only, no plant propagation"
C2_8,420002,397,Omega_safe_one_step_QP,True,-0.009939318696921606,False,200.64673905638983,206.53048382256512,200.46389222267615,206.428794992272,-0.1828468337136826,-0.1016888302931136,"same state/z/raw action; local mapping effect only, no plant propagation"
C2_8,420002,398,Z_mode_existing_controller,True,0.00015824392309726765,True,196.91945218231845,205.64442333430404,196.73592907487796,205.64161792237945,-0.18352310744049305,-0.002805411924583723,"same state/z/raw action; local mapping effect only, no plant propagation"
C2_8,420002,399,Z_mode_existing_controller,True,-0.001965114416860536,False,197.22483695962256,205.67630656538054,197.04245658338687,205.67490344316445,-0.1823803762356988,-0.001403122216089514,"same state/z/raw action; local mapping effect only, no plant propagation"
C2_8,420002,400,Omega_safe_one_step_QP,True,-0.00647605437739307,False,197.13079257032936,207.0332425784915,196.9474350226306,207.02836654670404,-0.1833575476987619,-0.004876031787460988,"same state/z/raw action; local mapping effect only, no plant propagation"
C2_8,420002,401,Z_mode_existing_controller,True,-0.0009391466821045968,False,196.54841587340516,205.69703029575265,196.36547674408598,205.69353981155743,-0.18293912931918044,-0.003490484195225463,"same state/z/raw action; local mapping effect only, no plant propagation"
C2_8,420002,402,Omega_safe_one_step_QP,True,-0.008042093929929328,False,202.04849700500853,206.8069344349428,201.86461963494045,206.6776749810785,-0.1838773700680747,-0.12925945386430726,"same state/z/raw action; local mapping effect only, no plant propagation"
C2_8,420002,403,Omega_safe_one_step_QP,True,-0.01175144178392351,False,203.9509003647114,207.2162787258446,203.76795405192453,207.08395995877612,-0.1829463127868678,-0.1323187670684831,"same state/z/raw action; local mapping effect only, no plant propagation"
C2_8,420002,404,Omega_safe_one_step_QP,True,-0.007544765723457192,False,200.17697769608162,206.72071558825877,199.99332309058332,206.6006429814442,-0.1836546054983046,-0.1200726068145741,"same state/z/raw action; local mapping effect only, no plant propagation"
C2_8,420002,405,Omega_safe_one_step_QP,True,-0.007711616904900798,False,198.07126579487493,207.71464288777938,197.88817787613488,207.71164988865667,-0.18308791874005692,-0.002992999122710671,"same state/z/raw action; local mapping effect only, no plant propagation"
C2_8,420002,406,Z_mode_existing_controller,True,0.0012556589261122908,True,194.20622042564545,205.72628291558874,194.022107392903,205.72409350201656,-0.18411303274245938,-0.002189413572182275,"same state/z/raw action; local mapping effect only, no plant propagation"
C2_8,420002,407,Z_mode_existing_controller,True,0.0012415103004274064,True,194.22352357422625,205.76474021454882,194.03940932043218,205.7635228855839,-0.1841142537940641,-0.0012173289649126673,"same state/z/raw action; local mapping effect only, no plant propagation"
C2_8,420002,408,Z_mode_existing_controller,True,0.000323540637331865,True,197.7542690326013,206.4425558283225,197.57064407529614,206.44015356276896,-0.18362495730514183,-0.002402265553541838,"same state/z/raw action; local mapping effect only, no plant propagation"
C2_8,420002,409,Z_mode_existing_controller,True,0.0007139276264832572,True,197.3830727809935,206.52354556979725,197.19922747569962,206.52115205244814,-0.18384530529388599,-0.002393517349105423,"same state/z/raw action; local mapping effect only, no plant propagation"
C2_8,420002,410,Omega_safe_one_step_QP,True,-0.0067542980428638155,False,198.5241913502722,207.6798996474071,198.34060866204354,207.64818153221276,-0.18358268822865398,-0.031718115194337315,"same state/z/raw action; local mapping effect only, no plant propagation"
C2_8,420002,411,Z_mode_existing_controller,True,-0.0011416810449422221,False,194.84237919903916,205.9889855327557,194.65953741746185,205.98599477799476,-0.18284178157730935,-0.0029907547609298035,"same state/z/raw action; local mapping effect only, no plant propagation"
C2_8,420002,412,Z_mode_existing_controller,True,0.0019227627942417502,True,194.52590541947635,206.06845156534686,194.3413955016014,206.06665792438727,-0.18450991787494786,-0.001793640959590448,"same state/z/raw action; local mapping effect only, no plant propagation"
C2_8,420002,413,Z_mode_existing_controller,True,-0.006110245680177984,False,189.89002925385893,205.06062352514505,189.70985650869142,205.05889567121076,-0.18017274516751058,-0.001727853934283985,"same state/z/raw action; local mapping effect only, no plant propagation"
C2_8,420002,414,Z_mode_existing_controller,True,-0.004004121627807833,False,190.64423829873516,205.18614699434931,190.4629164564157,205.18297872334782,-0.18132184231944848,-0.003168271001499079,"same state/z/raw action; local mapping effect only, no plant propagation"
C2_8,420002,415,Omega_safe_one_step_QP,True,-0.019888671607059816,False,186.5412507085471,205.1846434514098,186.36881509684403,205.1653910041144,-0.1724356117030652,-0.019252447295400543,"same state/z/raw action; local mapping effect only, no plant propagation"
C2_8,420002,416,Z_mode_existing_controller,True,-0.014485020332672793,False,188.5318708665895,204.3959568754883,188.35621270520633,204.38825567792836,-0.17565816138315427,-0.007701197559953243,"same state/z/raw action; local mapping effect only, no plant propagation"
C2_8,420002,417,Z_mode_existing_controller,True,-0.0010457402751941625,False,191.635346193493,205.35270960305678,191.45241679014563,205.34871367132692,-0.18292940334737295,-0.003995931729861013,"same state/z/raw action; local mapping effect only, no plant propagation"
C2_8,420002,418,Omega_safe_one_step_QP,True,-0.009029634326528757,False,182.9617577544437,204.4041563902788,182.78527815595825,204.38481361153939,-0.17647959848545725,-0.019342778739428468,"same state/z/raw action; local mapping effect only, no plant propagation"
C2_8,420002,419,Z_mode_existing_controller,True,-0.0008938984437801833,False,191.69580643135671,205.19744047222412,191.51279439201505,205.1904474567092,-0.1830120393416621,-0.006993015514922263,"same state/z/raw action; local mapping effect only, no plant propagation"
C2_8,420002,420,Z_mode_existing_controller,True,-0.0023131874964877897,False,197.0850519293558,206.23338428576943,196.90279748622635,206.23120191659348,-0.18225444312946593,-0.0021823691759550456,"same state/z/raw action; local mapping effect only, no plant propagation"
C2_8,420002,421,Z_mode_existing_controller,True,0.002295572591839379,True,197.74764081468396,206.40036530912383,197.56289244115274,206.3992599561293,-0.18474837353122098,-0.00110535299452863,"same state/z/raw action; local mapping effect only, no plant propagation"
C2_8,420002,422,Z_mode_existing_controller,True,-0.007834897449098543,False,189.775392484931,204.7257226113468,189.59609534231387,204.72724915733957,-0.17929714261711638,0.0015265459927604752,"same state/z/raw action; local mapping effect only, no plant propagation"
C2_8,420002,423,Z_mode_existing_controller,True,-0.0025162392375072673,False,192.72045913726697,205.21938837773783,192.5382879072885,205.21952542611945,-0.18217122997847923,0.00013704838161743282,"same state/z/raw action; local mapping effect only, no plant propagation"
C2_8,420002,424,Omega_safe_one_step_QP,True,0.0005670634996111645,True,197.3468496251426,207.43187007994737,197.1605522102419,207.4269190217548,-0.18629741490070728,-0.0049510581925744646,"same state/z/raw action; local mapping effect only, no plant propagation"
C2_8,420002,425,Z_mode_existing_controller,True,-0.0010324523813535214,False,196.8902010811068,206.15139453210242,196.70723181883497,206.14834462642665,-0.18296926227182553,-0.00304990567576624,"same state/z/raw action; local mapping effect only, no plant propagation"
C2_8,420002,426,Z_mode_existing_controller,True,-0.006314031608182169,False,191.78178617065498,205.1087024708406,191.6016511234368,205.10570584621678,-0.18013504721818663,-0.0029966246238188887,"same state/z/raw action; local mapping effect only, no plant propagation"
C2_8,420002,427,Z_mode_existing_controller,True,-0.009199576778055774,False,191.6992634951041,204.9943362269342,191.52067050533176,204.9921679398967,-0.17859298977234062,-0.0021682870375059338,"same state/z/raw action; local mapping effect only, no plant propagation"
C2_8,420002,428,Omega_safe_one_step_QP,True,-0.003583335013434774,False,186.97400165518832,205.18524946726055,186.7924005449173,205.18877246861587,-0.18160111027100356,0.003523001355318911,"same state/z/raw action; local mapping effect only, no plant propagation"
C2_8,420002,429,Omega_safe_one_step_QP,True,-0.014378929231364357,False,183.58620152713561,203.76752150349967,183.4126012020944,203.7167420186181,-0.17360032504120682,-0.050779484881559256,"same state/z/raw action; local mapping effect only, no plant propagation"
C2_8,420002,430,Z_mode_existing_controller,True,-0.013308446549075592,False,188.16504971956758,203.8122010918186,187.98868295383386,203.79440877784305,-0.176366765733718,-0.017792313975547813,"same state/z/raw action; local mapping effect only, no plant propagation"
C2_8,420002,431,Z_mode_existing_controller,True,-0.006642376967191832,False,192.39762677458435,204.91974741715225,192.21766287287204,204.9149206753441,-0.1799639017123127,-0.0048267418081593405,"same state/z/raw action; local mapping effect only, no plant propagation"
C2_8,420002,432,Z_mode_existing_controller,True,-0.00417743211004723,False,190.5676656879989,204.63035316996172,190.38636735074368,204.62864603548377,-0.18129833725521394,-0.0017071344779537867,"same state/z/raw action; local mapping effect only, no plant propagation"
C2_8,420002,433,Omega_safe_one_step_QP,True,-0.015218232920095331,False,186.49390973155218,204.80413676330485,186.31891596528777,204.78759718694937,-0.1749937662644072,-0.016539576355484087,"same state/z/raw action; local mapping effect only, no plant propagation"
C2_8,420002,434,Omega_safe_one_step_QP,True,-0.014879542933419032,False,187.51149244494903,204.91801776601866,187.33572951913575,204.90115940418207,-0.1757629258132738,-0.01685836183659717,"same state/z/raw action; local mapping effect only, no plant propagation"
C2_8,420002,435,Z_mode_existing_controller,True,-0.0011972689808831816,False,192.00829256332955,204.8254867891643,191.82540296711278,204.82103204032626,-0.1828895962167678,-0.004454748838043088,"same state/z/raw action; local mapping effect only, no plant propagation"
C2_8,420002,436,Z_mode_existing_controller,True,-0.009173458782704813,False,189.17544715180594,204.0933006806016,188.996838076519,204.09396545987553,-0.1786090752869427,0.0006647792739329361,"same state/z/raw action; local mapping effect only, no plant propagation"
C2_8,420002,437,Z_mode_existing_controller,True,-0.008057299431389275,False,193.20942090325158,204.91623471751151,193.03020214743103,204.91102167872253,-0.1792187558205569,-0.005213038788980384,"same state/z/raw action; local mapping effect only, no plant propagation"
C2_8,420002,438,Omega_safe_one_step_QP,True,-0.01184023996061001,False,185.29621341086496,204.1412939137771,185.1200181095821,204.1190666967233,-0.17619530128285987,-0.022227217053796267,"same state/z/raw action; local mapping effect only, no plant propagation"
C2_8,420002,439,Omega_safe_one_step_QP,True,-0.006333527032221176,False,182.98253199628067,203.33614349206408,182.8043679463483,203.29589155479883,-0.1781640499323771,-0.040251937265253446,"same state/z/raw action; local mapping effect only, no plant propagation"
C2_8,420002,440,Omega_safe_one_step_QP,True,-0.004832487180233658,False,185.08220493158112,203.5336746527499,184.9020888334418,203.4800978879004,-0.18011609813930818,-0.05357676484950957,"same state/z/raw action; local mapping effect only, no plant propagation"
C2_8,420002,441,Z_mode_existing_controller,True,-0.011095040981333737,False,193.1771950132715,204.46365606219493,192.99963783294382,204.45639529567578,-0.17755718032768186,-0.007260766519152639,"same state/z/raw action; local mapping effect only, no plant propagation"
C2_8,420002,442,Omega_safe_one_step_QP,True,-0.020229388706609064,False,183.5496387324113,203.2326678015914,183.37964247440166,203.19445677800041,-0.16999625800963258,-0.038211023590974946,"same state/z/raw action; local mapping effect only, no plant propagation"
C2_8,420002,443,Omega_safe_one_step_QP,True,-0.019017692846033663,False,187.45452630845753,204.2293132885319,187.28102141724312,204.2097559851844,-0.1735048912144066,-0.01955730334751138,"same state/z/raw action; local mapping effect only, no plant propagation"
C2_8,420002,444,Omega_safe_one_step_QP,True,-0.012657626579148595,False,181.8667117656357,202.73199697702017,181.69328116390955,202.69494087282644,-0.1734306017261531,-0.03705610419373784,"same state/z/raw action; local mapping effect only, no plant propagation"
C2_8,420002,445,Omega_safe_one_step_QP,True,-0.009956324846466358,False,177.27239374814738,201.3893988862045,177.10101815447564,201.32895231997009,-0.1713755936717405,-0.06044656623441824,"same state/z/raw action; local mapping effect only, no plant propagation"
C2_8,420002,446,Omega_safe_one_step_QP,True,-0.014093517900902408,False,178.30530747039427,202.2221148652711,178.13603439105043,202.24105119270035,-0.16927307934383862,0.01893632742925888,"same state/z/raw action; local mapping effect only, no plant propagation"
C2_8,420002,447,Omega_safe_one_step_QP,True,-0.018087388436428598,False,176.32125479643128,201.46996049648368,176.15750338600634,201.47512062541017,-0.16375141042493624,0.00516012892649087,"same state/z/raw action; local mapping effect only, no plant propagation"
C2_8,420002,448,Omega_safe_one_step_QP,True,-0.017912434365008445,False,171.99025938680973,200.43704996832074,171.83386655401634,200.45911424393555,-0.15639283279338656,0.022064275614809503,"same state/z/raw action; local mapping effect only, no plant propagation"
C2_8,420002,449,Omega_safe_one_step_QP,True,-0.024234833759821106,False,168.78724065372376,200.12655724663472,168.64735596689138,200.2152083120556,-0.13988468683237443,0.08865106542089052,"same state/z/raw action; local mapping effect only, no plant propagation"
C2_8,420002,450,Omega_safe_one_step_QP,True,-0.0276740565831538,False,171.47330281629775,197.71847207214978,171.3355787214409,197.5739887861327,-0.1377240948568499,-0.14448328601707772,"same state/z/raw action; local mapping effect only, no plant propagation"
C2_8,420002,451,Omega_safe_one_step_QP,True,-0.02389929701574456,False,174.88945051718136,199.84948002671624,174.73294998136282,199.82766235797496,-0.1565005358185374,-0.021817668741277885,"same state/z/raw action; local mapping effect only, no plant propagation"
C2_8,420002,452,Omega_safe_one_step_QP,True,-0.020110952983607155,False,175.1737635262047,200.30248797945345,175.01345324653755,200.3240105929408,-0.16031027966715783,0.021522613487348963,"same state/z/raw action; local mapping effect only, no plant propagation"
C2_8,420002,453,Omega_safe_one_step_QP,True,-0.007120188800839922,False,185.1810710546337,201.43638277674165,185.0022246310619,201.35799459746121,-0.17884642357179814,-0.07838817928043795,"same state/z/raw action; local mapping effect only, no plant propagation"
C2_8,420002,454,Omega_safe_one_step_QP,True,-0.017992364005780526,False,183.3515606028993,201.135237015225,183.1803505624008,201.08180877193217,-0.17121004049849375,-0.053428243292813704,"same state/z/raw action; local mapping effect only, no plant propagation"
C2_8,420002,455,Omega_safe_one_step_QP,True,-0.02270251784919994,False,185.60397441215005,201.66212015171018,185.43407354137017,201.62432630414392,-0.16990087077988392,-0.03779384756626314,"same state/z/raw action; local mapping effect only, no plant propagation"
C2_8,420002,456,Omega_safe_one_step_QP,True,-0.010986338800943296,False,186.5555152536536,202.0392284110571,186.3781485348829,202.02433396690265,-0.17736671877068488,-0.014894444154464281,"same state/z/raw action; local mapping effect only, no plant propagation"
C2_8,420002,457,Omega_safe_one_step_QP,True,-0.009481899481305622,False,185.2107392744399,201.42738328732767,185.03323596323366,201.39142050824594,-0.1775033112062374,-0.03596277908172851,"same state/z/raw action; local mapping effect only, no plant propagation"
C2_8,420002,458,Omega_safe_one_step_QP,True,-0.015341298593698427,False,185.72947101983468,201.46259212653936,185.55501333805344,201.41259517419059,-0.17445768178123444,-0.04999695234877777,"same state/z/raw action; local mapping effect only, no plant propagation"
C2_8,420002,459,Omega_safe_one_step_QP,True,-0.015795274755369237,False,186.85621751666275,201.8821684326562,186.6813262153778,201.84603348487428,-0.17489130128495844,-0.03613494778190329,"same state/z/raw action; local mapping effect only, no plant propagation"
C2_8,420002,460,Z_mode_existing_controller,True,-0.003706871980811155,False,193.47617388471224,202.08254686511688,193.29478352000712,202.0778211114739,-0.18139036470512337,-0.004725753642986774,"same state/z/raw action; local mapping effect only, no plant propagation"
C2_8,420002,461,Z_mode_existing_controller,True,-0.014103974419478194,False,187.82201316506914,200.8849729063554,187.64626708573857,200.88315863565757,-0.1757460793305654,-0.00181427069782103,"same state/z/raw action; local mapping effect only, no plant propagation"
C2_8,420002,462,Z_mode_existing_controller,True,-0.008688626624218931,False,188.27396868754354,200.907084459853,188.09526360963397,200.90301281355337,-0.17870507790956935,-0.004071646299621534,"same state/z/raw action; local mapping effect only, no plant propagation"
C2_8,420002,463,Omega_safe_one_step_QP,True,-0.017958012706835697,False,198.34268170756488,204.2322447691548,198.16408060047226,204.20405874471504,-0.1786011070926179,-0.028186024439747825,"same state/z/raw action; local mapping effect only, no plant propagation"
C2_8,420002,464,Z_mode_existing_controller,True,0.0010711811923489467,True,195.90365679106176,202.56927133596707,195.71964471103504,202.56740072885975,-0.18401208002671865,-0.0018706071073211206,"same state/z/raw action; local mapping effect only, no plant propagation"
C2_8,420002,465,Omega_safe_one_step_QP,True,-0.006618813616326158,False,197.49422252378713,204.18527580182584,197.3108336096478,204.1479275380884,-0.18338891413932856,-0.03734826373744227,"same state/z/raw action; local mapping effect only, no plant propagation"
C2_8,420002,466,Omega_safe_one_step_QP,True,-0.005865123199066846,False,198.86107236331523,203.8687198831452,198.67705834159833,203.77638760839648,-0.18401402171690506,-0.09233227474871342,"same state/z/raw action; local mapping effect only, no plant propagation"
C2_8,420002,467,Omega_safe_one_step_QP,True,-0.009632773891018243,False,203.2919129874207,204.40959773639685,203.1083515097779,204.27221514118452,-0.1835614776427974,-0.13738259521232976,"same state/z/raw action; local mapping effect only, no plant propagation"
C2_8,420002,468,Omega_safe_one_step_QP,True,-0.01156368707941563,False,202.90704228815815,204.57583950830022,202.7242656194174,204.45712854999843,-0.1827766687407575,-0.11871095830179001,"same state/z/raw action; local mapping effect only, no plant propagation"
C2_8,420002,469,Omega_safe_one_step_QP,True,-0.004070692479979432,False,201.52279740673657,204.3053820661803,201.33754893331025,204.17351958599602,-0.1852484734263271,-0.1318624801842816,"same state/z/raw action; local mapping effect only, no plant propagation"
C2_8,420002,470,Omega_safe_one_step_QP,True,-0.0009515142684099476,False,203.1235771120266,205.10614145018445,202.9369155475985,204.99181808276043,-0.18666156442810689,-0.11432336742402072,"same state/z/raw action; local mapping effect only, no plant propagation"
C2_8,420002,471,Omega_safe_one_step_QP,True,-0.0008603098852394409,False,204.08390564293825,204.96878749393653,203.89707024663434,204.81741589232698,-0.18683539630390555,-0.15137160160955432,"same state/z/raw action; local mapping effect only, no plant propagation"
C2_8,420002,472,Omega_safe_one_step_QP,True,-0.0018450868510002105,False,207.08310544096483,206.10741363539336,206.8961915917537,205.98670948182433,-0.1869138492111233,-0.12070415356902231,"same state/z/raw action; local mapping effect only, no plant propagation"
C2_8,420002,473,Omega_safe_one_step_QP,True,0.010266328104903522,True,212.7413554854889,207.6360087559997,212.55011827988912,207.52475174991574,-0.19123720559977642,-0.11125700608397437,"same state/z/raw action; local mapping effect only, no plant propagation"
C2_8,420002,474,Omega_safe_one_step_QP,True,0.006282418438992798,True,213.93829692770106,207.23624525029487,213.7481757981465,207.05571000351893,-0.19012112955456928,-0.18053524677594623,"same state/z/raw action; local mapping effect only, no plant propagation"
C2_8,420002,475,Omega_safe_one_step_QP,True,-0.015500269587913784,False,206.18301577907073,206.73961456628854,206.0019942452148,206.67243157212565,-0.181021533855926,-0.06718299416289142,"same state/z/raw action; local mapping effect only, no plant propagation"
C2_8,420002,476,Omega_safe_one_step_QP,True,-0.007185601604951741,False,204.2888191993845,206.0856703622373,204.10418469923772,205.99408830257443,-0.18463450014678529,-0.09158205966286914,"same state/z/raw action; local mapping effect only, no plant propagation"
C2_8,420002,477,Omega_safe_one_step_QP,True,-0.007615289170128214,False,197.6770379297883,205.78969629721635,197.49401013842322,205.78844482307056,-0.18302779136507752,-0.0012514741457891887,"same state/z/raw action; local mapping effect only, no plant propagation"
C2_8,420002,478,Z_mode_existing_controller,True,-0.005667821988599664,False,194.03816479774582,203.5896817301007,193.85789902709953,203.59094684476534,-0.18026577064628668,0.0012651146646476263,"same state/z/raw action; local mapping effect only, no plant propagation"
C2_8,420002,479,Z_mode_existing_controller,True,-0.006832010959319068,False,191.9593899820037,203.08960756681927,191.77974652215275,203.09013117367968,-0.17964345985095065,0.0005236068604119737,"same state/z/raw action; local mapping effect only, no plant propagation"
C2_8,420002,480,Z_mode_existing_controller,True,-0.008052684835622215,False,194.65252165080196,203.6213713488216,194.47353038170044,203.621622244969,-0.17899126910151608,0.00025089614737794363,"same state/z/raw action; local mapping effect only, no plant propagation"
C2_8,420002,481,Z_mode_existing_controller,True,-0.009543913216077227,False,192.35760323887,203.2114609190134,192.17941049529728,203.21226967957097,-0.17819274357273684,0.0008087605575610723,"same state/z/raw action; local mapping effect only, no plant propagation"
C2_8,420002,482,Z_mode_existing_controller,True,-0.008949576571448847,False,193.0460380848658,203.35705650223142,192.86750725246773,203.35457050736994,-0.17853083239808143,-0.002485994861473273,"same state/z/raw action; local mapping effect only, no plant propagation"
C2_8,420002,483,Omega_safe_one_step_QP,True,-0.00802839361027985,False,196.86674320735364,205.74358179914393,196.68409684593033,205.74258806052097,-0.18264636142330914,-0.0009937386229523781,"same state/z/raw action; local mapping effect only, no plant propagation"
C2_8,420002,484,Z_mode_existing_controller,True,-0.005748038470283157,False,190.59597761654535,202.98964869355834,190.41569826753764,202.98923243345988,-0.18027934900771925,-0.0004162600984614073,"same state/z/raw action; local mapping effect only, no plant propagation"
C2_8,420002,485,Z_mode_existing_controller,True,-0.015387745859850647,False,188.0653680959751,202.20236726492186,187.89377818059782,202.18690648284317,-0.1715899153772682,-0.015460782078690727,"same state/z/raw action; local mapping effect only, no plant propagation"
C2_8,420002,486,Z_mode_existing_controller,True,-0.009637075815944918,False,189.2800686496483,202.6186846696656,189.1018790271992,202.6122936070956,-0.17818962244911063,-0.006391062570003214,"same state/z/raw action; local mapping effect only, no plant propagation"
C2_8,420002,487,Z_mode_existing_controller,True,-0.007065849846595806,False,194.12501402478102,203.63794303053749,193.94541454944476,203.63394416744538,-0.17959947533626064,-0.003998863092107285,"same state/z/raw action; local mapping effect only, no plant propagation"
C2_8,420002,488,Z_mode_existing_controller,True,-0.009346693343133261,False,192.34851940103476,203.2326446326528,192.17014510447848,203.23045708548034,-0.17837429655628512,-0.002187547172468385,"same state/z/raw action; local mapping effect only, no plant propagation"
C2_8,420002,489,Omega_safe_one_step_QP,True,-0.017906629835169552,False,187.5900375465858,203.56671835658446,187.41585253358755,203.5616488632199,-0.17418501299823674,-0.005069493364572963,"same state/z/raw action; local mapping effect only, no plant propagation"
C2_8,420002,490,Z_mode_existing_controller,True,-0.01325796224081699,False,188.1117181807697,202.1695792484473,187.93546239878623,202.15953841070498,-0.17625578198348535,-0.01004083774230935,"same state/z/raw action; local mapping effect only, no plant propagation"
C2_8,420002,491,Omega_safe_one_step_QP,True,-0.022526994539341854,False,185.41699444734346,202.61103313089407,185.24781025518556,202.58054483318148,-0.16918419215789982,-0.030488297712594203,"same state/z/raw action; local mapping effect only, no plant propagation"
C2_8,420002,492,Omega_safe_one_step_QP,True,-0.02215998963364567,False,186.64010733008504,202.87927079108334,186.47086845916496,202.85609030465017,-0.16923887092008272,-0.023180486433176384,"same state/z/raw action; local mapping effect only, no plant propagation"
C2_8,420002,493,Omega_safe_one_step_QP,True,-0.018738362902588457,False,185.88514242884582,202.6611683997383,185.7125082473702,202.63210887412484,-0.17263418147561538,-0.029059525613462256,"same state/z/raw action; local mapping effect only, no plant propagation"
C2_8,420002,494,Omega_safe_one_step_QP,True,-0.022497227360875116,False,185.8679417606135,202.55203839113116,185.6974501556097,202.52563786502662,-0.17049160500380367,-0.026400526104538358,"same state/z/raw action; local mapping effect only, no plant propagation"
C2_8,420002,495,Z_mode_existing_controller,True,-0.003075495821436791,False,190.12521173209336,202.43487547765926,189.94345286520058,202.42896478893346,-0.18175886689277831,-0.0059106887258053575,"same state/z/raw action; local mapping effect only, no plant propagation"
C2_8,420002,496,Omega_safe_one_step_QP,True,-0.02193539552637979,False,187.45975085220033,203.12417729124948,187.28810059055223,203.1135967007771,-0.1716502616480966,-0.010580590472386575,"same state/z/raw action; local mapping effect only, no plant propagation"
C2_8,420002,497,Z_mode_existing_controller,True,-0.011128027499641868,False,189.87643764498054,202.20902872801653,189.6990494723557,202.20662570947556,-0.17738817262483053,-0.0024030185409742444,"same state/z/raw action; local mapping effect only, no plant propagation"
C2_8,420002,498,Z_mode_existing_controller,True,-0.012448811021392281,False,192.52229588126713,202.73098417636515,192.3456105459488,202.7273341865823,-0.1766853353183251,-0.003649989782843477,"same state/z/raw action; local mapping effect only, no plant propagation"
C2_8,420002,499,Omega_safe_one_step_QP,True,-0.02246055871317669,False,185.9538684041814,202.42787084086424,185.787307303418,202.40827599335256,-0.1665611007634027,-0.01959484751168361,"same state/z/raw action; local mapping effect only, no plant propagation"
C2_8,420002,500,Z_mode_existing_controller,True,-0.015064461714212982,False,188.0452367446987,201.55730981640016,187.87098560363634,201.5492043825456,-0.1742511410623706,-0.008105433854552757,"same state/z/raw action; local mapping effect only, no plant propagation"
C2_8,420002,501,Z_mode_existing_controller,True,-0.006658859470883516,False,194.5876215092198,203.00972833474873,194.40777942285644,203.00839586052004,-0.17984208636335097,-0.0013324742286897617,"same state/z/raw action; local mapping effect only, no plant propagation"
C2_8,420002,502,Z_mode_existing_controller,True,-0.007232150408762683,False,191.9089592627988,202.43864599491758,191.7294159904226,202.437549554665,-0.17954327237617917,-0.0010964402525814876,"same state/z/raw action; local mapping effect only, no plant propagation"
C2_8,420002,503,Z_mode_existing_controller,True,0.00043153691385672266,True,197.05189625983448,203.5192827326271,196.868192554333,203.5195602747006,-0.18370370550147186,0.0002775420735190437,"same state/z/raw action; local mapping effect only, no plant propagation"
C2_8,420002,504,Z_mode_existing_controller,True,-0.0017590033044636022,False,190.58279499638553,202.05050353635195,190.40026757180834,202.04973730794515,-0.18252742457718796,-0.0007662284068032932,"same state/z/raw action; local mapping effect only, no plant propagation"
C2_8,420002,505,Z_mode_existing_controller,True,-0.007844742855398545,False,194.95517387093415,203.08448967752815,194.77592590816943,203.08346285628784,-0.17924796276471966,-0.001026821240316167,"same state/z/raw action; local mapping effect only, no plant propagation"
C2_8,420002,506,Omega_safe_one_step_QP,True,-0.006293020311620545,False,199.2874474641562,204.68465437861687,199.10350642479742,204.61266231433603,-0.18394103935878547,-0.07199206428083471,"same state/z/raw action; local mapping effect only, no plant propagation"
C2_8,420002,507,Omega_safe_one_step_QP,True,-0.008049547466701445,False,201.51049315606343,205.00965541609412,201.32673411371948,204.91667899535707,-0.1837590423439508,-0.09297642073704537,"same state/z/raw action; local mapping effect only, no plant propagation"
C2_8,420002,508,Omega_safe_one_step_QP,True,-0.006278497141837536,False,203.30415071764057,205.3575222976703,203.11937795427832,205.25385567612076,-0.1847727633622469,-0.10366662154953588,"same state/z/raw action; local mapping effect only, no plant propagation"
C2_8,420002,509,Omega_safe_one_step_QP,True,-0.005208432677226371,False,205.1522811001424,205.77012226313838,204.9668014748781,205.65989370788117,-0.18547962526429274,-0.11022855525720843,"same state/z/raw action; local mapping effect only, no plant propagation"
C2_8,420002,510,Omega_safe_one_step_QP,True,0.00800692362872385,True,210.05236192559454,206.41148530830043,209.86196714097235,206.24633271247268,-0.1903947846221854,-0.16515259582774888,"same state/z/raw action; local mapping effect only, no plant propagation"
C2_8,420002,511,Omega_safe_one_step_QP,True,-0.009886154053107332,False,204.21627326973382,206.085823991593,204.03260734189638,205.9989291732535,-0.1836659278374384,-0.08689481833951618,"same state/z/raw action; local mapping effect only, no plant propagation"
C2_8,420002,512,Omega_safe_one_step_QP,True,-0.007147815124190993,False,200.0005805042211,206.04366215922013,199.81681245147956,206.02418392254077,-0.1837680527415273,-0.01947823667936177,"same state/z/raw action; local mapping effect only, no plant propagation"
C2_8,420002,513,Omega_safe_one_step_QP,True,-0.0016690762888978972,False,202.7086360925463,205.59685942918262,202.52229848334937,205.47884505130898,-0.18633760919692577,-0.11801437787363511,"same state/z/raw action; local mapping effect only, no plant propagation"
C2_8,420002,514,Z_mode_existing_controller,True,-0.005798774803774387,False,195.2458654002797,203.82850991394218,195.06557386073413,203.82583501988796,-0.18029153954557842,-0.0026748940542233868,"same state/z/raw action; local mapping effect only, no plant propagation"
C2_8,420002,515,Z_mode_existing_controller,True,-0.0037045686051456195,False,193.28725797570743,203.54339730902817,193.10581873343145,203.5427756362149,-0.18143924227598518,-0.0006216728132528715,"same state/z/raw action; local mapping effect only, no plant propagation"
C2_8,420002,516,Z_mode_existing_controller,True,-0.0019739274668433837,False,191.6231713915049,203.2843502481198,191.44078333378903,203.2819633154143,-0.18238805771588318,-0.0023869327055194844,"same state/z/raw action; local mapping effect only, no plant propagation"
C2_8,420002,517,Omega_safe_one_step_QP,True,-0.005915367800919558,False,199.12591903899423,206.2969972100084,198.94186564994362,206.2924556326584,-0.18405338905060376,-0.004541577350011039,"same state/z/raw action; local mapping effect only, no plant propagation"
C2_8,420002,518,Omega_safe_one_step_QP,True,0.00010500938409341298,True,203.81288358288853,205.8892899853823,203.62574442252762,205.74377728166192,-0.18713916036091405,-0.14551270372038516,"same state/z/raw action; local mapping effect only, no plant propagation"
C2_8,420002,519,Omega_safe_one_step_QP,True,0.0002846511197880375,True,208.30530584334684,207.09736163317592,208.11753784574324,206.96497045839786,-0.18776799760360063,-0.13239117477806417,"same state/z/raw action; local mapping effect only, no plant propagation"
C2_8,420002,520,Omega_safe_one_step_QP,True,0.0006945158030551291,True,206.5077970656634,206.7715946390282,206.3201051815752,206.6296618452401,-0.1876918840881956,-0.14193279378810075,"same state/z/raw action; local mapping effect only, no plant propagation"
C2_8,420002,521,Omega_safe_one_step_QP,True,-8.039575721685566e-05,False,209.19034817188384,207.70912593955757,209.0025966614742,207.5873751102133,-0.18775151040964033,-0.12175082934427905,"same state/z/raw action; local mapping effect only, no plant propagation"
C2_8,420002,522,Omega_safe_one_step_QP,True,0.009020331111544266,True,214.85692629306024,207.9863301598871,214.66595390005867,207.76801477508886,-0.19097239300157298,-0.2183153847982453,"same state/z/raw action; local mapping effect only, no plant propagation"
C2_8,420002,523,Omega_safe_one_step_QP,True,-0.0025940503291388417,False,208.07511255014202,208.09156206141236,207.88831305953988,207.9961180214295,-0.18679949060214085,-0.09544403998285134,"same state/z/raw action; local mapping effect only, no plant propagation"
C2_8,420002,524,Omega_safe_one_step_QP,True,-0.005907697482260277,False,205.32175728427978,207.37826933730412,205.13649087276244,207.2650768814262,-0.1852664115173468,-0.1131924558779076,"same state/z/raw action; local mapping effect only, no plant propagation"
C2_8,420002,525,Omega_safe_one_step_QP,True,0.002053750741474736,True,211.20308850229085,208.12183059222008,211.0144573083675,207.9505797858863,-0.18863119392335648,-0.17125080633377365,"same state/z/raw action; local mapping effect only, no plant propagation"
C2_8,420002,526,Omega_safe_one_step_QP,True,-0.016973594852447912,False,201.08303964231646,207.76211724332512,200.90343083638768,207.74580723948137,-0.1796088059287797,-0.01631000384375625,"same state/z/raw action; local mapping effect only, no plant propagation"
C2_8,420002,527,Z_mode_existing_controller,True,0.0021402890306780886,True,197.89990424711922,206.0750340023579,197.7153349401874,206.07034197367247,-0.18456930693182017,-0.004692028685440164,"same state/z/raw action; local mapping effect only, no plant propagation"
C2_8,420002,528,Omega_safe_one_step_QP,True,-0.007357020676874937,False,197.7538532238576,207.32483260082927,197.5707009149111,207.3214209752123,-0.18315230894648948,-0.0034116256169625103,"same state/z/raw action; local mapping effect only, no plant propagation"
C2_8,420002,529,Z_mode_existing_controller,True,-0.004891838535578841,False,196.32424001684342,205.66065764727998,196.14349593981422,205.6586865213901,-0.18074407702920325,-0.0019711258898666983,"same state/z/raw action; local mapping effect only, no plant propagation"
C2_8,420002,530,Omega_safe_one_step_QP,True,0.001638070956993809,True,198.08944375249743,207.30033546314598,197.9025849419434,207.2993079442923,-0.18685881055404252,-0.0010275188536752466,"same state/z/raw action; local mapping effect only, no plant propagation"
C2_8,420002,531,Z_mode_existing_controller,True,-0.003925648705113971,False,196.23563107823907,205.65039183041225,196.0543563421641,205.64841169770028,-0.18127473607495403,-0.0019801327119637335,"same state/z/raw action; local mapping effect only, no plant propagation"
C2_8,420002,532,Omega_safe_one_step_QP,True,-0.006127089676829622,False,199.25776860106288,207.61872285955937,199.07376897506876,207.61580052645354,-0.1839996259941188,-0.0029223331058290114,"same state/z/raw action; local mapping effect only, no plant propagation"
C2_8,420002,533,Z_mode_existing_controller,True,0.0006719485284946147,True,197.6656882527253,206.0606702574092,197.4819072016412,206.0570410033478,-0.1837810510840825,-0.003629254061422671,"same state/z/raw action; local mapping effect only, no plant propagation"
C2_8,420002,534,Z_mode_existing_controller,True,0.000566234113537567,True,192.2195948773991,205.20810143236918,192.03586175549185,205.20925716081695,-0.18373312190723823,0.0011557284477703433,"same state/z/raw action; local mapping effect only, no plant propagation"
C2_8,420002,535,Z_mode_existing_controller,True,-0.010498908984065747,False,190.3281774346841,204.91555718222986,190.15044456298943,204.91835417773376,-0.17773287169467267,0.0027969955038997796,"same state/z/raw action; local mapping effect only, no plant propagation"
C2_8,420002,536,Omega_safe_one_step_QP,True,-0.014405827588829356,False,187.17304645795141,205.23700178147766,186.99721613027057,205.22447402979594,-0.17583032768084195,-0.012527751681716381,"same state/z/raw action; local mapping effect only, no plant propagation"
C2_8,420002,537,Omega_safe_one_step_QP,True,-0.0043095373690866245,False,197.40390462583764,207.5868372453037,197.21959183272673,207.5849095749302,-0.1843127931109052,-0.0019276703735044975,"same state/z/raw action; local mapping effect only, no plant propagation"
C2_8,420002,538,Omega_safe_one_step_QP,True,-0.006136222944350456,False,199.67328547634642,206.8810304143599,199.48919786342657,206.7724178809595,-0.18408761291985343,-0.10861253340041799,"same state/z/raw action; local mapping effect only, no plant propagation"
C2_8,420002,539,Omega_safe_one_step_QP,True,-0.0070362960017051335,False,198.50067958427078,207.66733596305363,198.31721517023965,207.65612934555713,-0.18346441403113545,-0.011206617496497984,"same state/z/raw action; local mapping effect only, no plant propagation"
C2_8,420002,540,Omega_safe_one_step_QP,True,-0.00787233475657656,False,197.52652610813624,207.50497887532782,197.3436417127892,207.50251122228332,-0.18288439534703116,-0.002467653044504914,"same state/z/raw action; local mapping effect only, no plant propagation"
C2_8,420002,541,Z_mode_existing_controller,True,-0.001814638898741061,False,196.48332566355342,206.0973340869643,196.3009003341863,206.0941436359496,-0.18242532936710631,-0.003190451014717155,"same state/z/raw action; local mapping effect only, no plant propagation"
C2_8,420002,542,Z_mode_existing_controller,True,-0.004505654065560749,False,191.372650368924,205.13215800942427,191.19167745257343,205.1317067052741,-0.18097291635058355,-0.00045130415017524683,"same state/z/raw action; local mapping effect only, no plant propagation"
C2_8,420002,543,Z_mode_existing_controller,True,-0.004674835406249855,False,196.42148045567248,206.1036471572384,196.24058772526067,206.09970116033517,-0.18089273041181286,-0.003945996903240712,"same state/z/raw action; local mapping effect only, no plant propagation"
C2_8,420002,544,Omega_safe_one_step_QP,True,-0.01308596324774669,False,204.17781202396282,207.36604794035063,203.9952880254937,207.2068047391652,-0.18252399846912226,-0.15924320118543278,"same state/z/raw action; local mapping effect only, no plant propagation"
C2_8,420002,545,Omega_safe_one_step_QP,True,-0.008468062411392918,False,201.43057305460576,207.4292319379476,201.24698851177715,207.32360454376087,-0.18358454282861203,-0.10562739418674028,"same state/z/raw action; local mapping effect only, no plant propagation"
C2_8,420002,546,Omega_safe_one_step_QP,True,-0.006467811755869579,False,201.94251026858942,207.52528156738305,201.75807201828275,207.4112078410553,-0.18443825030666972,-0.11407372632774582,"same state/z/raw action; local mapping effect only, no plant propagation"
C2_8,420002,547,Omega_safe_one_step_QP,True,-0.008450330944205886,False,204.3393878339117,208.16659139833766,204.15518985975586,208.06314856034925,-0.18419797415583616,-0.10344283798841047,"same state/z/raw action; local mapping effect only, no plant propagation"
C2_8,420002,548,Omega_safe_one_step_QP,True,-0.014253178731485183,False,199.32350134695386,208.3105031335402,199.14267974286707,208.2998323674839,-0.1808216040867876,-0.010670766056307457,"same state/z/raw action; local mapping effect only, no plant propagation"
C2_8,420002,549,Omega_safe_one_step_QP,True,-0.007504351198518111,False,197.35956574089465,207.9946381483585,197.1765737247693,207.9906297681153,-0.18299201612535398,-0.004008380243192278,"same state/z/raw action; local mapping effect only, no plant propagation"
C2_8,420002,550,Omega_safe_one_step_QP,True,-0.008143501117469032,False,201.01240776726715,208.1023179429935,200.82879385480425,208.0412423093907,-0.18361391246290282,-0.06107563360279755,"same state/z/raw action; local mapping effect only, no plant propagation"
C2_8,420002,551,Z_mode_existing_controller,True,-0.006328266092207602,False,193.09537377330608,205.9185009612916,192.91542269945515,205.91801378826364,-0.1799510738509298,-0.0004871730279774056,"same state/z/raw action; local mapping effect only, no plant propagation"
C2_8,420002,552,Z_mode_existing_controller,True,0.002391660819828223,True,196.93705026385624,206.59783796046332,196.7523386994904,206.5980618271281,-0.18471156436584124,0.00022386666478269035,"same state/z/raw action; local mapping effect only, no plant propagation"
C2_8,420002,553,Z_mode_existing_controller,True,-0.007880871369485565,False,191.22293171734563,205.51928525714283,191.04379844565685,205.52029937201144,-0.17913327168878368,0.0010141148686102497,"same state/z/raw action; local mapping effect only, no plant propagation"
C2_8,420002,554,Z_mode_existing_controller,True,-0.00983952311652403,False,190.2046233089053,205.30503799876553,190.02654122917681,205.3022244082917,-0.17808207972848322,-0.0028135904738348927,"same state/z/raw action; local mapping effect only, no plant propagation"
C2_8,420002,555,Omega_safe_one_step_QP,True,-0.02017127880446762,False,185.48301180589036,205.07917903131252,185.3114778015605,205.05540896489634,-0.17153400432985677,-0.023770066416176405,"same state/z/raw action; local mapping effect only, no plant propagation"
C2_8,420002,556,Z_mode_existing_controller,True,0.0002971421714553779,True,197.27497287306005,206.82020215905132,197.0913793491995,206.81472952911184,-0.1835935238605373,-0.005472629939475837,"same state/z/raw action; local mapping effect only, no plant propagation"
C2_8,420002,557,Omega_safe_one_step_QP,True,-0.0022242429469859215,False,202.17680571931882,207.5295207977592,201.9907578588487,207.3805776398517,-0.18604786047012567,-0.14894315790749602,"same state/z/raw action; local mapping effect only, no plant propagation"
C2_8,420002,558,Omega_safe_one_step_QP,True,-0.002373037389915733,False,205.22028981935472,208.26178762476812,205.0338176972527,208.10970895312144,-0.1864721221020318,-0.15207867164667732,"same state/z/raw action; local mapping effect only, no plant propagation"
C2_8,420002,559,Omega_safe_one_step_QP,True,-0.012555855998377385,False,197.47875203182267,208.30016874805264,197.29779967864098,208.295153368301,-0.1809523531816808,-0.005015379751654336,"same state/z/raw action; local mapping effect only, no plant propagation"
C2_8,420002,560,Omega_safe_one_step_QP,True,-0.007683037403092008,False,198.89330701345767,208.72076104182986,198.7100058735997,208.7159130599782,-0.18330113985797425,-0.004847981851668237,"same state/z/raw action; local mapping effect only, no plant propagation"
C2_8,420002,561,Omega_safe_one_step_QP,True,-0.002985886409861971,False,201.84142689103768,207.87367211246828,201.65571749281463,207.73586221373355,-0.18570939822305377,-0.13780989873473004,"same state/z/raw action; local mapping effect only, no plant propagation"
C2_8,420002,562,Z_mode_existing_controller,True,0.002719157328839261,True,197.34158212230386,207.35688608110206,197.15669087856995,207.352799600536,-0.1848912437339152,-0.004086480566058981,"same state/z/raw action; local mapping effect only, no plant propagation"
C2_8,420002,563,Z_mode_existing_controller,True,-0.0012540214379697656,False,193.5094632988918,206.57039271792192,193.32672405418322,206.56846580211135,-0.1827392447085856,-0.0019269158105714723,"same state/z/raw action; local mapping effect only, no plant propagation"
C2_8,420002,564,Z_mode_existing_controller,True,-0.008794237656291004,False,194.20730588624036,206.99412971285477,194.02865318884477,206.99525980083547,-0.17865269739559153,0.0011300879806981357,"same state/z/raw action; local mapping effect only, no plant propagation"
C2_8,420002,565,Z_mode_existing_controller,True,-0.00030476219582514785,False,195.33542645207513,207.15039044591467,195.15215187997003,207.1471656208447,-0.18327457210509124,-0.0032248250699637993,"same state/z/raw action; local mapping effect only, no plant propagation"
C2_8,420002,566,Omega_safe_one_step_QP,True,-0.008068234094835036,False,199.09870173029248,208.36474831002596,198.91550339925942,208.29589963154666,-0.18319833103305427,-0.06884867847929854,"same state/z/raw action; local mapping effect only, no plant propagation"
C2_8,420002,567,Omega_safe_one_step_QP,True,0.0007127135969480225,True,207.76967668759397,209.44849317885917,207.58183010441266,209.29970743675256,-0.18784658318131164,-0.148785742106611,"same state/z/raw action; local mapping effect only, no plant propagation"
C2_8,420002,568,Omega_safe_one_step_QP,True,-0.009181676621149215,False,206.98627852832544,209.49844344553946,206.8018321164141,209.36663090233966,-0.18444641191135247,-0.13181254319979985,"same state/z/raw action; local mapping effect only, no plant propagation"
C2_8,420002,569,Omega_safe_one_step_QP,True,0.004783955650236871,True,212.59968794024778,210.02699086821843,212.4101060600516,209.81943104168957,-0.1895818801961866,-0.20755982652886473,"same state/z/raw action; local mapping effect only, no plant propagation"
C2_8,420002,570,Omega_safe_one_step_QP,True,0.0018197253071062791,True,212.55341134877136,211.12967924383273,212.36472630204116,211.0034651305358,-0.1886850467301997,-0.12621411329692478,"same state/z/raw action; local mapping effect only, no plant propagation"
C2_8,420002,571,Omega_safe_one_step_QP,True,-0.003576287343970197,False,209.02313003930635,210.82509678637868,208.83652187606663,210.72291374578887,-0.1866081632397254,-0.1021830405898072,"same state/z/raw action; local mapping effect only, no plant propagation"
C2_8,420002,572,Omega_safe_one_step_QP,True,-5.915642638276708e-05,False,208.2940580238051,210.47163992550503,208.10640312767094,210.334928013065,-0.18765489613414843,-0.13671191244003467,"same state/z/raw action; local mapping effect only, no plant propagation"
C2_8,420002,573,Omega_safe_one_step_QP,True,-0.0036666378887827977,False,202.43351600133676,209.66978433497,202.2479537819353,209.5762876059478,-0.18556221940144724,-0.09349672902217776,"same state/z/raw action; local mapping effect only, no plant propagation"
C2_8,420002,574,Z_mode_existing_controller,True,-0.0001986932227800997,False,197.79300136295538,208.72388125543173,197.6097088703327,208.7188043508535,-0.18329249262268377,-0.0050769045782317335,"same state/z/raw action; local mapping effect only, no plant propagation"
C2_8,420002,575,Omega_safe_one_step_QP,True,-0.007948460529754897,False,201.3649345438186,210.5015648942676,201.18116940580623,210.48060917619304,-0.18376513801237593,-0.020955718074560536,"same state/z/raw action; local mapping effect only, no plant propagation"
C2_8,420002,576,Omega_safe_one_step_QP,True,-0.009407403187849495,False,200.2787830954887,210.4703706935062,200.09582145767772,210.45969727070838,-0.1829616378109904,-0.01067342279782224,"same state/z/raw action; local mapping effect only, no plant propagation"
C2_8,420002,577,Omega_safe_one_step_QP,True,-0.00152025944646772,False,204.20756275240427,210.13884639825528,204.02094239935556,210.0107575558881,-0.18662035304870983,-0.1280888423671911,"same state/z/raw action; local mapping effect only, no plant propagation"
C2_8,420002,578,Omega_safe_one_step_QP,True,-0.004848948275648413,False,203.4816925468741,210.44252443996783,203.29637382564263,210.34021955141307,-0.18531872123145376,-0.10230488855475528,"same state/z/raw action; local mapping effect only, no plant propagation"
C2_8,420002,579,Omega_safe_one_step_QP,True,-0.01690141520945687,False,198.63357233054302,210.6554932080143,198.45401619125602,210.65587946359673,-0.17955613928700132,0.0003862555824412084,"same state/z/raw action; local mapping effect only, no plant propagation"
C2_8,420002,580,Omega_safe_one_step_QP,True,-0.0020803259013837394,False,204.8241816665597,210.98386538937422,204.6376667260098,210.88415575588414,-0.18651494054989826,-0.09970963349007889,"same state/z/raw action; local mapping effect only, no plant propagation"
C2_8,420002,581,Omega_safe_one_step_QP,True,-0.003635177999607664,False,201.53477586968003,211.06116459005577,201.34936237683394,211.02024906940983,-0.1854134928460951,-0.04091552064593884,"same state/z/raw action; local mapping effect only, no plant propagation"
C2_8,420002,582,Z_mode_existing_controller,True,-0.008179305097794354,False,195.138058897914,209.33630149961874,194.95915444892887,209.3380950553707,-0.17890444898512214,0.0017935557519592749,"same state/z/raw action; local mapping effect only, no plant propagation"
C2_8,420002,583,Omega_safe_one_step_QP,True,-0.0022344050352494094,False,202.37249299213008,211.20362410887955,202.18641645947207,211.14161788751085,-0.1860765326580065,-0.06200622136870493,"same state/z/raw action; local mapping effect only, no plant propagation"
C2_8,420002,584,Omega_safe_one_step_QP,True,-0.0048482374870132405,False,201.4862771564024,211.14065216049949,201.30132601321282,211.08437904494076,-0.18495114318957917,-0.056273115558724385,"same state/z/raw action; local mapping effect only, no plant propagation"
C2_8,420002,585,Omega_safe_one_step_QP,True,-0.004873235303268109,False,202.49715632428865,210.87261316729797,202.31202427513358,210.76764114687154,-0.1851320491550723,-0.10497202042643039,"same state/z/raw action; local mapping effect only, no plant propagation"
C2_8,420002,586,Omega_safe_one_step_QP,True,-0.011891835190959599,False,200.3405499883877,211.3889715340731,200.1585276917046,211.37661405973253,-0.1820222966831011,-0.012357474340575436,"same state/z/raw action; local mapping effect only, no plant propagation"
C2_8,420002,587,Z_mode_existing_controller,True,-0.0036013922446914703,False,196.99938891930205,209.8005584510021,196.8179950868313,209.79708450033948,-0.18139383247074647,-0.0034739506626237926,"same state/z/raw action; local mapping effect only, no plant propagation"
C2_8,420002,588,Z_mode_existing_controller,True,-0.001212733078882866,False,195.17616061870868,209.54571976828592,194.99344926458025,209.5431190653039,-0.1827113541284291,-0.002600702982022085,"same state/z/raw action; local mapping effect only, no plant propagation"
C2_8,420002,589,Z_mode_existing_controller,True,-0.0015382381469867257,False,196.35634211301704,209.82754281200633,196.1737969554567,209.82483512092145,-0.18254515756032674,-0.002707691084879116,"same state/z/raw action; local mapping effect only, no plant propagation"
C2_8,420002,590,Z_mode_existing_controller,True,-0.0007727437451863217,False,193.98212019812544,209.4005719708696,193.79914620439024,209.39823490613736,-0.18297399373520307,-0.002337064732245153,"same state/z/raw action; local mapping effect only, no plant propagation"
C2_8,420002,591,Omega_safe_one_step_QP,True,-0.019781581283705052,False,187.68660746625633,208.78049909626566,187.51336732456178,208.76720275669027,-0.17324014169454927,-0.013296339575390448,"same state/z/raw action; local mapping effect only, no plant propagation"
C2_8,420002,592,Z_mode_existing_controller,True,-0.009819631925164385,False,193.80971613456182,209.1555887927735,193.63166724312467,209.15092173059716,-0.1780488914371574,-0.004667062176338277,"same state/z/raw action; local mapping effect only, no plant propagation"
C2_8,420002,593,Omega_safe_one_step_QP,True,-0.01163794787631156,False,203.55136072349228,210.90205623701002,203.36846334953043,210.78354611817997,-0.18289737396185046,-0.11851011883004503,"same state/z/raw action; local mapping effect only, no plant propagation"
C2_8,420002,594,Z_mode_existing_controller,True,-0.0025806545688076277,False,195.39657855574725,209.56509144645423,195.21458011419404,209.5643487584837,-0.18199844155321898,-0.0007426879705292322,"same state/z/raw action; local mapping effect only, no plant propagation"
C2_8,420002,595,Z_mode_existing_controller,True,-0.006281584737385715,False,194.04018950764112,209.30199803040608,193.86019383366218,209.29865382384187,-0.17999567397893657,-0.0033442065642077523,"same state/z/raw action; local mapping effect only, no plant propagation"
C2_8,420002,596,Omega_safe_one_step_QP,True,-0.006307737338169694,False,197.21500403627866,210.91350023267944,197.03155643937785,210.90878579067459,-0.18344759690080537,-0.004714442004853936,"same state/z/raw action; local mapping effect only, no plant propagation"
C2_8,420002,597,Omega_safe_one_step_QP,True,-0.007690901541235029,False,204.51110537082027,211.27773107610008,204.32660698590797,211.16833561055984,-0.18449838491230253,-0.1093954655402456,"same state/z/raw action; local mapping effect only, no plant propagation"
C2_8,420002,598,Omega_safe_one_step_QP,True,-0.01130134057739074,False,202.8232096518551,211.20341586320785,202.64035715875406,211.11292353092796,-0.182852493101052,-0.09049233227989362,"same state/z/raw action; local mapping effect only, no plant propagation"
C2_8,420002,599,Z_mode_existing_controller,True,0.0006996918916659101,True,197.4581292361763,210.12870386329848,197.27434196250394,210.12758920404474,-0.18378727367235115,-0.0011146592537443212,"same state/z/raw action; local mapping effect only, no plant propagation"
C2_8,420002,600,Z_mode_existing_controller,True,-0.009037677240197217,False,191.17563107822804,208.88053138104613,190.99713180877214,208.88196245377048,-0.178499269455898,0.0014310727243582733,"same state/z/raw action; local mapping effect only, no plant propagation"
C2_8,420002,601,Z_mode_existing_controller,True,0.0025378277422885565,True,197.66479278641128,210.14138220987545,197.47998729172906,210.1415560080171,-0.18480549468222307,0.0001737981416454204,"same state/z/raw action; local mapping effect only, no plant propagation"
C2_8,420002,602,Z_mode_existing_controller,True,-0.0027246956681231116,False,195.7390544299436,209.75911945306893,195.55709807175617,209.75725807738903,-0.18195635818742062,-0.0018613756799084058,"same state/z/raw action; local mapping effect only, no plant propagation"
C2_8,420002,603,Z_mode_existing_controller,True,0.0007644141820833394,True,197.11736056479353,210.13648403320832,196.9335004536923,210.13286743447298,-0.18386011110123945,-0.0036165987353342643,"same state/z/raw action; local mapping effect only, no plant propagation"
C2_8,420002,604,Z_mode_existing_controller,True,-0.0022488822814005216,False,195.4551166244371,209.72106571366788,195.27288083166164,209.71913007133864,-0.1822357927754581,-0.001935642329243592,"same state/z/raw action; local mapping effect only, no plant propagation"
C2_8,420002,605,Omega_safe_one_step_QP,True,-0.0062818044290444686,False,202.73963639582905,211.11293758284307,202.55497260237632,211.01461425225514,-0.184663793452728,-0.09832333058793097,"same state/z/raw action; local mapping effect only, no plant propagation"
C2_8,420002,606,Omega_safe_one_step_QP,True,-0.010126971377539762,False,201.76206243158254,210.97345550412737,201.57902255086105,210.87366477358555,-0.18303988072148059,-0.09979073054182663,"same state/z/raw action; local mapping effect only, no plant propagation"
C2_8,420002,607,Omega_safe_one_step_QP,True,-0.005019869016751277,False,198.09814724809522,211.25992963981983,197.9139670249976,211.25004975775238,-0.18418022309762705,-0.009879882067451717,"same state/z/raw action; local mapping effect only, no plant propagation"
C2_8,420002,608,Z_mode_existing_controller,True,-0.002917762113414768,False,194.96320861307532,209.82801235406635,194.7813477737821,209.82487636853978,-0.18186083929322194,-0.0031359855265691294,"same state/z/raw action; local mapping effect only, no plant propagation"
C2_8,420002,609,Z_mode_existing_controller,True,0.001937473358777364,True,196.14416268433573,210.2204930664672,195.95965882910107,210.21736236129294,-0.1845038552346523,-0.0031307051742714975,"same state/z/raw action; local mapping effect only, no plant propagation"
C2_8,420002,610,Z_mode_existing_controller,True,8.12726924288576e-05,True,193.21872175699923,209.63828350758214,193.03521496523558,209.6360337776315,-0.18350679176364793,-0.002249729950648316,"same state/z/raw action; local mapping effect only, no plant propagation"
C2_8,420002,611,Z_mode_existing_controller,True,-0.002793561366840114,False,192.20011089213978,209.37341075614356,192.01815097082027,209.3716651986653,-0.18195992131950334,-0.0017455574782445638,"same state/z/raw action; local mapping effect only, no plant propagation"
C2_8,420002,612,Z_mode_existing_controller,True,-0.0055421457087225234,False,193.77387725079728,209.61921370987466,193.59339354476927,209.61516325030712,-0.18048370602801356,-0.004050459567537246,"same state/z/raw action; local mapping effect only, no plant propagation"
C2_8,420002,613,Z_mode_existing_controller,True,-0.007181415340972108,False,192.62090951276184,209.3158213960537,192.4413007301537,209.3138901874362,-0.17960878260814184,-0.0019312086175204968,"same state/z/raw action; local mapping effect only, no plant propagation"
C2_8,420002,614,Omega_safe_one_step_QP,True,-0.0012090434297848396,False,186.2865295687989,208.73957827064498,186.10388247086064,208.74705419270924,-0.18264709793825773,0.007475922064259066,"same state/z/raw action; local mapping effect only, no plant propagation"
C2_8,420002,615,Omega_safe_one_step_QP,True,9.455035045469184e-05,True,184.54866798810917,208.29519452727976,184.3659136150482,208.31064721208185,-0.1827543730609591,0.01545268480208506,"same state/z/raw action; local mapping effect only, no plant propagation"
C2_8,420002,616,Omega_safe_one_step_QP,True,-0.0035561104228107876,False,183.4763376026342,207.91379036572923,183.29621428453254,207.9265006696783,-0.18012331810166415,0.012710303949063473,"same state/z/raw action; local mapping effect only, no plant propagation"
C2_8,420002,617,Omega_safe_one_step_QP,True,-0.006449531242952666,False,182.8733165493169,207.37192369326945,182.695285454539,207.3592700029065,-0.17803109477790713,-0.01265369036295283,"same state/z/raw action; local mapping effect only, no plant propagation"
C2_8,420002,618,Omega_safe_one_step_QP,True,-0.014655674381500283,False,181.82825512415207,206.6628076615462,181.65615056942102,206.61442465307124,-0.17210455473104957,-0.04838300847495702,"same state/z/raw action; local mapping effect only, no plant propagation"
C2_8,420002,619,Omega_safe_one_step_QP,True,-0.01717325168742856,False,186.16015642706444,207.2377288610831,185.98645847276163,207.170605220754,-0.17369795430280988,-0.06712364032910045,"same state/z/raw action; local mapping effect only, no plant propagation"
C2_8,420002,620,Omega_safe_one_step_QP,True,-0.003606187411875017,False,179.58911939217754,206.72470710312217,179.41117836270817,206.75214334010383,-0.17794102946936619,0.027436236981657203,"same state/z/raw action; local mapping effect only, no plant propagation"
C2_8,420002,621,Z_mode_existing_controller,True,-0.01149454613220241,False,188.44547196630367,206.9091963585251,188.26825780812862,206.88809779763494,-0.1772141581750475,-0.021098560890152385,"same state/z/raw action; local mapping effect only, no plant propagation"
C2_8,420002,622,Z_mode_existing_controller,True,-0.012331260302700875,False,188.35521990303994,207.23294637793384,188.1784452044398,207.23251712274802,-0.17677469860012707,-0.00042925518582137556,"same state/z/raw action; local mapping effect only, no plant propagation"
C2_8,420002,623,Omega_safe_one_step_QP,True,-0.003331097153199236,False,181.51075346479215,206.77019035077382,181.3314916546903,206.7946489606238,-0.17926181010184905,0.02445860984997239,"same state/z/raw action; local mapping effect only, no plant propagation"
C2_8,420002,624,Omega_safe_one_step_QP,True,-0.007896331426157643,False,181.40600409612225,205.9713408674879,181.22979376306822,205.93764357115757,-0.1762103330540299,-0.03369729633033103,"same state/z/raw action; local mapping effect only, no plant propagation"
C2_8,420002,625,Omega_safe_one_step_QP,True,-0.006439180060590299,False,184.60086241642148,206.72462255796492,184.42190899753058,206.7112973733464,-0.17895341889089877,-0.013325184618508956,"same state/z/raw action; local mapping effect only, no plant propagation"
C2_8,420002,626,Omega_safe_one_step_QP,True,-0.015516133545776523,False,187.07454902267577,206.96466198236618,186.89937767277897,206.93373001903535,-0.17517134989680017,-0.03093196333082915,"same state/z/raw action; local mapping effect only, no plant propagation"
C2_8,420002,627,Z_mode_existing_controller,True,-0.006184223160454805,False,195.34643127374926,208.10901817780766,195.1663482317991,208.1037066082684,-0.18008304195015512,-0.005311569539259153,"same state/z/raw action; local mapping effect only, no plant propagation"
C2_8,420002,628,Omega_safe_one_step_QP,True,-0.011711933106307248,False,202.63727722305234,209.360098272867,202.45461788899306,209.2348256042199,-0.1826593340592808,-0.12527266864708508,"same state/z/raw action; local mapping effect only, no plant propagation"
C2_8,420002,629,Z_mode_existing_controller,True,-0.005808252138952141,False,198.09619356800252,208.84586322941863,197.9159028377617,208.83833494643275,-0.180290730240813,-0.007528282985873602,"same state/z/raw action; local mapping effect only, no plant propagation"
C2_8,420002,630,Z_mode_existing_controller,True,-0.0027438213371647757,False,197.35627106940845,208.8217930636619,197.17430668985338,208.81939667912545,-0.18196437955506894,-0.0023963845364392,"same state/z/raw action; local mapping effect only, no plant propagation"
C2_8,420002,631,Z_mode_existing_controller,True,-0.0015347249374016991,False,197.4355271718498,208.87744611938322,197.25289738452034,208.8750770356404,-0.18262978732946067,-0.0023690837428205214,"same state/z/raw action; local mapping effect only, no plant propagation"
C2_8,420002,632,Z_mode_existing_controller,True,-0.0018537154040604853,False,196.87769724202568,208.66263229316374,196.69523015420003,208.66051086691422,-0.1824670878256427,-0.0021214262495163894,"same state/z/raw action; local mapping effect only, no plant propagation"
C2_8,420002,633,Omega_safe_one_step_QP,True,-0.005772285630960161,False,197.44036016714594,209.66311255376658,197.25663787740214,209.6436447401576,-0.18372228974379823,-0.01946781360896921,"same state/z/raw action; local mapping effect only, no plant propagation"
C2_8,420002,634,Z_mode_existing_controller,True,-0.0016830723313410179,False,197.55563473701136,208.98602068319528,197.3730733216672,208.98276595598603,-0.1825614153441677,-0.0032547272092529056,"same state/z/raw action; local mapping effect only, no plant propagation"
C2_8,420002,635,Z_mode_existing_controller,True,-0.004512547272217338,False,194.19006636538478,208.16331925396204,194.00902540962642,208.16146493260732,-0.18104095575836254,-0.0018543213547275172,"same state/z/raw action; local mapping effect only, no plant propagation"
C2_8,420002,636,Z_mode_existing_controller,True,-0.002210882821724658,False,195.09745224979517,208.38983176267138,194.91515715343786,208.3859283198986,-0.18229509635730778,-0.003903442772781318,"same state/z/raw action; local mapping effect only, no plant propagation"
C2_8,420002,637,Z_mode_existing_controller,True,-0.002298959482245455,False,195.53265252974163,208.47807930103184,195.35039565867385,208.474323830354,-0.18225687106777855,-0.0037554706778450964,"same state/z/raw action; local mapping effect only, no plant propagation"
C2_8,420002,638,Z_mode_existing_controller,True,-0.0005575753987080989,False,197.29301804646664,208.84708949550287,197.10981248949818,208.8454815848659,-0.18320555696845986,-0.0016079106369772944,"same state/z/raw action; local mapping effect only, no plant propagation"
C2_8,420002,639,Z_mode_existing_controller,True,-0.0017583495466925725,False,194.4809363918458,208.3788376842828,194.2983694698193,208.3758240347379,-0.1825669220264956,-0.0030136495448971345,"same state/z/raw action; local mapping effect only, no plant propagation"
C2_8,420002,640,Z_mode_existing_controller,True,-0.006890194659890603,False,191.54753574892072,207.59300769052933,191.3677241700712,207.5926473821633,-0.1798115788495238,-0.0003603083660266293,"same state/z/raw action; local mapping effect only, no plant propagation"
C2_8,420002,641,Z_mode_existing_controller,True,-0.008623874469282089,False,188.60000899446464,207.02735524817302,188.42112019639202,207.02613139435056,-0.17888879807262015,-0.0012238538224664808,"same state/z/raw action; local mapping effect only, no plant propagation"
C2_8,420002,642,Z_mode_existing_controller,True,-0.011976274694732059,False,192.94456486437915,207.8236481538582,192.7674685831581,207.81905463185083,-0.17709628122105414,-0.004593522007354522,"same state/z/raw action; local mapping effect only, no plant propagation"
C2_8,420002,643,Omega_safe_one_step_QP,True,-0.020834603447561495,False,183.76978719160715,206.26944652664054,183.5999777114604,206.22439724060922,-0.16980948014673913,-0.04504928603131475,"same state/z/raw action; local mapping effect only, no plant propagation"
C2_8,420002,644,Omega_safe_one_step_QP,True,-0.012233408562501658,False,184.06628336990835,206.22313246836399,183.89106524130446,206.17179610400436,-0.17521812860388764,-0.05133636435962785,"same state/z/raw action; local mapping effect only, no plant propagation"
C2_8,420002,645,Omega_safe_one_step_QP,True,-0.01924504225781759,False,185.87346182182202,206.54222532806534,185.70112232131,206.49725513747472,-0.17233950051200964,-0.04497019059061813,"same state/z/raw action; local mapping effect only, no plant propagation"
C2_8,420002,646,Z_mode_existing_controller,True,-0.012434169840984999,False,191.3701042999597,207.0840282179696,191.19328201871357,207.08126503381914,-0.17682228124613175,-0.0027631841504671684,"same state/z/raw action; local mapping effect only, no plant propagation"
C2_8,420002,647,Z_mode_existing_controller,True,-0.009101210319420017,False,191.70930078372933,207.19248027099619,191.5306721268002,207.18936048271567,-0.17862865692913488,-0.0031197882805145127,"same state/z/raw action; local mapping effect only, no plant propagation"
C2_8,420002,648,Z_mode_existing_controller,True,-7.844568060055845e-05,False,196.9858934647338,208.27920153932922,196.80240025024406,208.27771684474695,-0.18349321448974365,-0.00148469458227396,"same state/z/raw action; local mapping effect only, no plant propagation"
C2_8,420002,649,Z_mode_existing_controller,True,-0.004046328889314721,False,193.09212529524376,207.46004419861418,192.9107571843652,207.45815145515317,-0.18136811087856586,-0.0018927434610134242,"same state/z/raw action; local mapping effect only, no plant propagation"
C2_8,420002,650,Omega_safe_one_step_QP,True,-0.02078081673020824,False,186.48531383525793,206.84637792218206,186.31468603683606,206.83369679567204,-0.1706277984218616,-0.012681126510017293,"same state/z/raw action; local mapping effect only, no plant propagation"
C2_8,420002,651,Z_mode_existing_controller,True,-0.009849581345740877,False,189.46623199175983,206.57422697957912,189.28798479882025,206.57139195577568,-0.1782471929395797,-0.002835023803442027,"same state/z/raw action; local mapping effect only, no plant propagation"
C2_8,420002,652,Omega_safe_one_step_QP,True,-0.021044235233196384,False,185.89100910339272,206.47960749493106,185.72214782154137,206.45658814319847,-0.16886128185134908,-0.023019351732585847,"same state/z/raw action; local mapping effect only, no plant propagation"
C2_8,420002,653,Omega_safe_one_step_QP,True,-0.015142420140388024,False,187.6445832967635,206.9749138944755,187.46888742698243,206.95868704763805,-0.175695869781066,-0.01622684683744069,"same state/z/raw action; local mapping effect only, no plant propagation"
C2_8,420002,654,Z_mode_existing_controller,True,-0.00500039136725372,False,196.5779906280772,207.86958284249815,196.39714824102379,207.8681559618705,-0.18084238705341704,-0.001426880627633409,"same state/z/raw action; local mapping effect only, no plant propagation"
C2_8,420002,655,Z_mode_existing_controller,True,-0.006567793881834483,False,191.65623951084652,206.80242502882626,191.4762303458352,206.8021745692443,-0.18000916501131314,-0.000250459581963014,"same state/z/raw action; local mapping effect only, no plant propagation"
C2_8,420002,656,Z_mode_existing_controller,True,-0.006138366916182414,False,192.61551427558305,206.9455907274194,192.43526463136632,206.94332717303575,-0.18024964421672962,-0.002263554383631572,"same state/z/raw action; local mapping effect only, no plant propagation"
C2_8,420002,657,Z_mode_existing_controller,True,-0.0007287377773153025,False,194.24458592992593,207.2893600613407,194.06142220281964,207.28838458579537,-0.18316372710629025,-0.0009754755453172947,"same state/z/raw action; local mapping effect only, no plant propagation"
C2_8,420002,658,Z_mode_existing_controller,True,1.605908868368422e-05,True,196.016103215796,207.68488064180195,195.83253242352558,207.68381992942227,-0.18357079227041595,-0.001060712379683082,"same state/z/raw action; local mapping effect only, no plant propagation"
C2_8,420002,659,Z_mode_existing_controller,True,3.692042803832285e-05,True,195.86071631598364,207.65008607006394,195.67712713323655,207.6486143797451,-0.18358918274708458,-0.0014716903188229935,"same state/z/raw action; local mapping effect only, no plant propagation"
C2_8,420002,660,Z_mode_existing_controller,True,-0.008263072404066873,False,189.51622749036028,206.34164948055295,189.33707860824705,206.3421639989885,-0.17914888211322477,0.0005145184355512811,"same state/z/raw action; local mapping effect only, no plant propagation"
C2_8,420002,661,Omega_safe_one_step_QP,True,-0.019549256004614213,False,185.14516549437965,206.0872786334753,184.97351928264337,206.06326237531303,-0.17164621173628802,-0.024016258162276927,"same state/z/raw action; local mapping effect only, no plant propagation"
C2_8,420002,662,Omega_safe_one_step_QP,True,-0.0033959469846612245,False,183.6819719625713,205.52298895625228,183.50165417239694,205.47292764697303,-0.18031779017437088,-0.05006130927924346,"same state/z/raw action; local mapping effect only, no plant propagation"
C2_8,420002,663,Omega_safe_one_step_QP,True,-0.006396683137184556,False,181.99028519753813,204.67416016723007,181.8127330406796,204.58041684109264,-0.17755215685852477,-0.09374332613742808,"same state/z/raw action; local mapping effect only, no plant propagation"
C2_8,420002,664,Omega_safe_one_step_QP,True,-0.003236170507241898,False,183.54716546358588,205.14736963888723,183.36681432273522,205.08453018101028,-0.18035114085066084,-0.06283945787694734,"same state/z/raw action; local mapping effect only, no plant propagation"
C2_8,420002,665,Omega_safe_one_step_QP,True,-0.014308542799917001,False,177.8204710911028,204.5561902585723,177.6518778364227,204.57939984066422,-0.1685932546801041,0.02320958209193691,"same state/z/raw action; local mapping effect only, no plant propagation"
C2_8,420002,666,Omega_safe_one_step_QP,True,0.00016907313542113833,True,183.02453894861782,204.46055808170675,182.84233767812214,204.36743335852753,-0.1822012704956819,-0.09312472317921561,"same state/z/raw action; local mapping effect only, no plant propagation"
C2_8,420002,667,Z_mode_existing_controller,True,-0.005985234530781647,False,190.11665420799727,205.69806157546725,189.93634267453103,205.69101836742024,-0.18031153346623796,-0.00704320804700842,"same state/z/raw action; local mapping effect only, no plant propagation"
C2_8,420002,668,Omega_safe_one_step_QP,True,-0.021105307665430305,False,186.15995231776202,205.71852686725245,185.99051833580958,205.70064797257746,-0.1694339819524373,-0.017878894674993262,"same state/z/raw action; local mapping effect only, no plant propagation"
C2_8,420002,669,Omega_safe_one_step_QP,True,-0.016749833952553694,False,180.42459395515579,204.27816592111344,180.25511485364888,204.24158440784257,-0.1694791015069086,-0.036581513270874666,"same state/z/raw action; local mapping effect only, no plant propagation"
C2_8,420002,670,Omega_safe_one_step_QP,True,-0.010726047183976961,False,177.76197691840238,203.0822737642447,177.59071132367566,203.00434516733816,-0.17126559472671943,-0.07792859690653131,"same state/z/raw action; local mapping effect only, no plant propagation"
C2_8,420002,671,Omega_safe_one_step_QP,True,-0.004383955838219711,False,177.01269850580806,202.40654581851356,176.83720315561254,202.28823186164897,-0.17549535019551854,-0.118313956864597,"same state/z/raw action; local mapping effect only, no plant propagation"
C2_8,420002,672,Omega_safe_one_step_QP,True,-0.0015061209349039872,False,183.03494571809432,203.6244932285754,182.85377232636094,203.502901905695,-0.1811733917333811,-0.12159132288039132,"same state/z/raw action; local mapping effect only, no plant propagation"
C2_8,420002,673,Z_mode_existing_controller,True,-0.00025991154714866127,False,193.927465976354,206.04499223538417,193.7441050687527,206.03819274846637,-0.18336090760129764,-0.006799486917799413,"same state/z/raw action; local mapping effect only, no plant propagation"
C2_8,420002,674,Z_mode_existing_controller,True,5.671341870594482e-05,True,195.76904962395446,206.55551289764398,195.5855095855366,206.5547338020998,-0.1835400384178456,-0.0007790955441748793,"same state/z/raw action; local mapping effect only, no plant propagation"
C2_8,420002,675,Omega_safe_one_step_QP,True,-0.002404199122138795,False,197.55085033688624,207.90036208287276,197.36572742131352,207.86282746464323,-0.18512291557271965,-0.03753461822952886,"same state/z/raw action; local mapping effect only, no plant propagation"
C2_8,420002,676,Omega_safe_one_step_QP,True,0.002601111745147433,True,203.81112688970202,209.2753684190227,203.6231012515486,209.22528160597534,-0.18802563815341955,-0.05008681304735774,"same state/z/raw action; local mapping effect only, no plant propagation"
C2_8,420002,677,Omega_safe_one_step_QP,True,-0.0015405996770033736,False,202.87906073174213,208.3994024348628,202.6926496483815,208.2822578145728,-0.18641108336063894,-0.11714462028999151,"same state/z/raw action; local mapping effect only, no plant propagation"
C2_8,420002,678,Omega_safe_one_step_QP,True,3.7506171139012334e-05,True,205.49322323340797,208.60964448848452,205.30588234067886,208.4614741770954,-0.18734089272911092,-0.14817031138912284,"same state/z/raw action; local mapping effect only, no plant propagation"
C2_8,420002,679,Omega_safe_one_step_QP,True,-0.0034316341206911405,False,202.2577257607875,208.21758335437534,202.0721079804015,208.09034695576054,-0.1856177803859964,-0.12723639861479796,"same state/z/raw action; local mapping effect only, no plant propagation"
C2_8,420002,680,Omega_safe_one_step_QP,True,-0.006076706386656583,False,203.3267931751388,208.51206230352102,203.1419435277017,208.388341113812,-0.18484964743709043,-0.12372118970901624,"same state/z/raw action; local mapping effect only, no plant propagation"
C2_8,420002,681,Omega_safe_one_step_QP,True,-0.004143224733444861,False,203.8735846666467,208.6808862342335,203.6879461754852,208.55022129307108,-0.18563849116151232,-0.1306649411624221,"same state/z/raw action; local mapping effect only, no plant propagation"
C2_8,420002,682,Omega_safe_one_step_QP,True,-0.0041448151345691575,False,206.99594271202946,209.23868482146455,206.80980889362667,209.0890654298255,-0.1861338184027943,-0.14961939163904958,"same state/z/raw action; local mapping effect only, no plant propagation"
C2_8,420002,683,Omega_safe_one_step_QP,True,-0.008881360364968172,False,206.02976723090939,209.61978229699244,205.84539525343766,209.5206514902911,-0.18437197747172718,-0.09913080670133922,"same state/z/raw action; local mapping effect only, no plant propagation"
C2_8,420002,684,Omega_safe_one_step_QP,True,-0.00680504562094042,False,206.0630353848111,209.5595889022557,205.87794948483304,209.4396913979543,-0.18508589997804847,-0.11989750430140589,"same state/z/raw action; local mapping effect only, no plant propagation"
C2_8,420002,685,Omega_safe_one_step_QP,True,0.004796033855135273,True,211.7836761559641,210.7018315300071,211.594152962214,210.55697569774836,-0.18952319375009097,-0.14485583225874166,"same state/z/raw action; local mapping effect only, no plant propagation"
C2_8,420002,686,Omega_safe_one_step_QP,True,0.005391943415419209,True,217.44670008906073,211.5925191839415,217.25661174167118,211.39361518925332,-0.1900883473895476,-0.19890399468818032,"same state/z/raw action; local mapping effect only, no plant propagation"
C2_8,420002,687,Omega_safe_one_step_QP,True,-0.007598262769353881,False,216.85115292882222,211.57890550579532,216.66475142925302,211.37028873238572,-0.18640149956920027,-0.20861677340960227,"same state/z/raw action; local mapping effect only, no plant propagation"
C2_8,420002,688,Omega_safe_one_step_QP,True,0.0016617933572986021,True,211.65323231753217,212.45190501285052,211.46467905751155,212.3927113743229,-0.1885532600206261,-0.059193638527631265,"same state/z/raw action; local mapping effect only, no plant propagation"
C2_8,420002,689,Omega_safe_one_step_QP,True,-0.0011770275421727483,False,210.3573812515238,211.70059976497234,210.16984400641337,211.59555780265256,-0.18753724511043401,-0.10504196231977403,"same state/z/raw action; local mapping effect only, no plant propagation"
C2_8,420002,690,Omega_safe_one_step_QP,True,-0.003445473164407853,False,205.46560967575098,210.74601945456692,205.2794707739196,210.6398497189404,-0.18613890183138437,-0.10616973562650855,"same state/z/raw action; local mapping effect only, no plant propagation"
C2_8,420002,691,Omega_safe_one_step_QP,True,-0.0010734541354825433,False,206.04946203578473,210.74156439681943,205.86242735019746,210.61256983415143,-0.187034685587264,-0.12899456266799803,"same state/z/raw action; local mapping effect only, no plant propagation"
C2_8,420002,692,Omega_safe_one_step_QP,True,-0.008653219570866177,False,206.66766538634474,211.2067811375943,206.48309913900164,211.10807687672445,-0.18456624734309912,-0.09870426086985162,"same state/z/raw action; local mapping effect only, no plant propagation"
C2_8,420002,693,Omega_safe_one_step_QP,True,-0.013024009533750769,False,202.77482315388642,211.10554150982185,202.59261035828737,211.061008406514,-0.18221279559904247,-0.04453310330785598,"same state/z/raw action; local mapping effect only, no plant propagation"
C2_8,420002,694,Omega_safe_one_step_QP,True,-0.01476802298087776,False,202.91853406099617,211.27447133134248,202.73692113386082,211.23140518504735,-0.1816129271353475,-0.04306614629513206,"same state/z/raw action; local mapping effect only, no plant propagation"
C2_8,420002,695,Z_mode_existing_controller,True,-0.0025315782830174216,False,197.3084834509784,209.8721065650481,197.1264744954233,209.87140709803325,-0.18200895555509078,-0.00069946701486856,"same state/z/raw action; local mapping effect only, no plant propagation"
C2_8,420002,696,Omega_safe_one_step_QP,True,-0.0006749609631138132,False,204.18804307691497,210.67341234636004,204.00112732768332,210.53062342089328,-0.18691574923164467,-0.14278892546676047,"same state/z/raw action; local mapping effect only, no plant propagation"
C2_8,420002,697,Omega_safe_one_step_QP,True,-0.006914614760578974,False,204.96425595692594,211.11971271487397,204.77940173460593,211.00049607189044,-0.1848542223200127,-0.11921664298353107,"same state/z/raw action; local mapping effect only, no plant propagation"
C2_8,420002,698,Omega_safe_one_step_QP,True,-0.0032171070639920862,False,205.80432484352465,211.34508146278327,205.6180561066503,211.21592065711715,-0.18626873687435364,-0.12916080566611754,"same state/z/raw action; local mapping effect only, no plant propagation"
C2_8,420002,699,Omega_safe_one_step_QP,True,-0.005132535375978575,False,198.29741210326262,211.24336080572786,198.113232432394,211.23640852468978,-0.18417967086861609,-0.0069522810380817646,"same state/z/raw action; local mapping effect only, no plant propagation"
C2_8,420002,700,Omega_safe_one_step_QP,True,-0.008705331385568782,False,198.91953183499854,211.35454230005658,198.7366294204722,211.34863945032728,-0.18290241452632472,-0.005902849729295667,"same state/z/raw action; local mapping effect only, no plant propagation"
C2_8,420002,701,Z_mode_existing_controller,True,0.00029069551364385715,True,195.4955743926147,209.8281236493552,195.31204129177848,209.82521662242448,-0.18353310083622887,-0.002907026930728307,"same state/z/raw action; local mapping effect only, no plant propagation"
C2_8,420002,702,Omega_safe_one_step_QP,True,-0.007386044810815173,False,204.5753214958485,211.18422251409353,204.39070378114926,211.0481804802437,-0.18461771469924315,-0.13604203384983293,"same state/z/raw action; local mapping effect only, no plant propagation"
C2_8,420002,703,Omega_safe_one_step_QP,True,-0.0037127610954807433,False,205.06131477853603,211.23253193943992,204.87533122515276,211.07375019072558,-0.18598355338326655,-0.1587817487143468,"same state/z/raw action; local mapping effect only, no plant propagation"
C2_8,420002,704,Omega_safe_one_step_QP,True,-0.003683898703609856,False,206.9190719466967,212.08657783648485,206.73279524577342,211.95150013368573,-0.18627670092328685,-0.1350777027991228,"same state/z/raw action; local mapping effect only, no plant propagation"
C2_8,420002,705,Omega_safe_one_step_QP,True,-0.00529109220824342,False,205.69435645166303,211.9103688182781,205.50881510650203,211.77034396773686,-0.18554134516099907,-0.1400248505412378,"same state/z/raw action; local mapping effect only, no plant propagation"
C2_8,420002,706,Omega_safe_one_step_QP,True,-0.005264281024600248,False,209.9342625062469,213.38163877647415,209.74806765414021,213.28145245611705,-0.18619485210669495,-0.10018632035709629,"same state/z/raw action; local mapping effect only, no plant propagation"
C2_8,420002,707,Omega_safe_one_step_QP,True,-0.004673207357789311,False,206.48901821395341,212.38061129057462,206.30313917289064,212.2471013934832,-0.1858790410627762,-0.1335098970914146,"same state/z/raw action; local mapping effect only, no plant propagation"
C2_8,420002,708,Omega_safe_one_step_QP,True,-0.012304141046166395,False,205.97962453511394,212.73314724139215,205.7964316182396,212.64387461963457,-0.18319291687433292,-0.08927262175757278,"same state/z/raw action; local mapping effect only, no plant propagation"
C2_8,420002,709,Omega_safe_one_step_QP,True,-0.006817531286991307,False,201.77628211453816,212.35628940406673,201.59200767130275,212.30845186402954,-0.18427444323540954,-0.047837540037193094,"same state/z/raw action; local mapping effect only, no plant propagation"
C2_8,420002,710,Omega_safe_one_step_QP,True,-0.010287131740275068,False,198.29232257386747,212.1655652227469,198.1102150383193,212.16086117909413,-0.1821075355481696,-0.004704043652765222,"same state/z/raw action; local mapping effect only, no plant propagation"
C2_8,420002,711,Omega_safe_one_step_QP,True,-0.007261421148425151,False,199.3219719949367,212.57851475285244,199.138403205715,212.5738724870381,-0.18356878922168107,-0.004642265814339908,"same state/z/raw action; local mapping effect only, no plant propagation"
C2_8,420002,712,Z_mode_existing_controller,True,0.0027061480350156764,True,196.45010515463974,211.24421571348887,196.2652835316697,211.24096821553854,-0.18482162297004834,-0.0032474979503263057,"same state/z/raw action; local mapping effect only, no plant propagation"
C2_8,420002,713,Omega_safe_one_step_QP,True,-0.0061931847633199255,False,198.63256521264083,212.5283766210846,198.44873334707097,212.5258382557969,-0.1838318655698572,-0.0025383652876769247,"same state/z/raw action; local mapping effect only, no plant propagation"
C2_8,420002,714,Z_mode_existing_controller,True,-0.005267438221363774,False,192.2925565299538,210.51764714546428,192.11209573009728,210.51807770147224,-0.18046079985651886,0.00043055600795582905,"same state/z/raw action; local mapping effect only, no plant propagation"
C2_8,420002,715,Omega_safe_one_step_QP,True,-0.023019311734799652,False,183.88306966791072,209.1309083291699,183.7144911363897,209.12205622423988,-0.16857853152100688,-0.008852104930014093,"same state/z/raw action; local mapping effect only, no plant propagation"
C2_8,420002,716,Omega_safe_one_step_QP,True,-0.022253226605554843,False,184.0244412225309,208.87950531663242,183.85527791483108,208.85635834919847,-0.1691633076998187,-0.023146967433945065,"same state/z/raw action; local mapping effect only, no plant propagation"
C2_8,420002,717,Z_mode_existing_controller,True,-0.006141594753332813,False,192.0195390582151,210.0198329273656,191.83955401394567,210.01518532314313,-0.17998504426941508,-0.004647604222469681,"same state/z/raw action; local mapping effect only, no plant propagation"
C2_8,420002,718,Omega_safe_one_step_QP,True,-0.01859923282850734,False,180.1056990251226,207.69158246397663,179.93781297562316,207.64473529010596,-0.16788604949942965,-0.04684717387067394,"same state/z/raw action; local mapping effect only, no plant propagation"
C2_8,420002,719,Z_mode_existing_controller,True,-0.006758267015235131,False,189.59079261770768,208.78036862848472,189.7631739546685,208.78036862848472,0.17238133696082514,0.0,"same state/z/raw action; local mapping effect only, no plant propagation"
C2_8,420002,720,Omega_safe_one_step_QP,True,-0.022557432036346973,False,186.96813936244223,209.21931243330954,186.8070475310613,209.2023075711872,-0.1610918313809293,-0.01700486212234864,"same state/z/raw action; local mapping effect only, no plant propagation"
C2_8,420002,721,Z_mode_existing_controller,True,-0.012934671448458501,False,192.18574780894454,209.6605402424608,192.00947277800935,209.6592939530077,-0.17627503093518726,-0.001246289453092686,"same state/z/raw action; local mapping effect only, no plant propagation"
C2_8,420002,722,Omega_safe_one_step_QP,True,-0.008367845755429704,False,198.104059659009,211.4183374106245,197.92122823827478,211.37119842565994,-0.18283142073423164,-0.047138984964561814,"same state/z/raw action; local mapping effect only, no plant propagation"
C2_8,420002,723,Omega_safe_one_step_QP,True,-0.010236607816120014,False,199.3370550347063,211.0647774222701,199.1546504604059,210.96749126707334,-0.18240457430042056,-0.09728615519676964,"same state/z/raw action; local mapping effect only, no plant propagation"
C2_8,420002,724,Z_mode_existing_controller,True,0.0014205132821134558,True,194.46908142220107,210.47082177014175,194.28494863320137,210.4692072324255,-0.18413278899970464,-0.0016145377162501973,"same state/z/raw action; local mapping effect only, no plant propagation"
C2_8,420002,725,Z_mode_existing_controller,True,-0.008626107072769396,False,194.202925298966,210.5655497371917,194.0242734487895,210.56334412787805,-0.1786518501764931,-0.002205609313648438,"same state/z/raw action; local mapping effect only, no plant propagation"
C2_8,420002,726,Z_mode_existing_controller,True,-0.002861112923832454,False,194.94737129165023,210.57354983620107,194.76555594016162,210.57152794660593,-0.18181535148860917,-0.0020218895951416016,"same state/z/raw action; local mapping effect only, no plant propagation"
C2_8,420002,727,Z_mode_existing_controller,True,-0.011375214368719577,False,188.94520586387273,209.2027842528214,188.76802255467757,209.20434494828072,-0.1771833091951578,0.00156069545931814,"same state/z/raw action; local mapping effect only, no plant propagation"
C2_8,420002,728,Z_mode_existing_controller,True,-0.008136051435046865,False,190.9249033778471,209.43998989956464,190.74593881586918,209.43987555640294,-0.17896456197792077,-0.00011434316169811609,"same state/z/raw action; local mapping effect only, no plant propagation"
C2_8,420002,729,Z_mode_existing_controller,True,-0.005173899332446552,False,196.25971449432657,210.64468843655698,196.07912256657616,210.64340645353502,-0.1805919277504131,-0.0012819830219541473,"same state/z/raw action; local mapping effect only, no plant propagation"
C2_8,420002,730,Z_mode_existing_controller,True,-0.003967375295385989,False,195.16841730819982,210.39811406523904,194.9871564458839,210.3965049499758,-0.18126086231592353,-0.0016091152632498051,"same state/z/raw action; local mapping effect only, no plant propagation"
C2_8,420002,731,Omega_safe_one_step_QP,True,-0.008126267689823163,False,198.61767145747214,210.9621856112251,198.43461377654046,210.8645600583013,-0.1830576809316824,-0.0976255529238017,"same state/z/raw action; local mapping effect only, no plant propagation"
C2_8,420002,732,Omega_safe_one_step_QP,True,-0.010025458542869459,False,199.99226855382759,211.1295589738933,199.8096152606569,211.02107603009333,-0.1826532931706879,-0.10848294379997014,"same state/z/raw action; local mapping effect only, no plant propagation"
C2_8,420002,733,Omega_safe_one_step_QP,True,-0.015229345416350605,False,204.31793928841125,211.73473982560284,204.13666024548155,211.5910480004978,-0.18127904292970243,-0.1436918251050372,"same state/z/raw action; local mapping effect only, no plant propagation"
C2_8,420002,734,Omega_safe_one_step_QP,True,-0.010881254079332048,False,205.3222187505123,212.5533455413201,205.13867274766127,212.46002487253654,-0.18354600285101696,-0.09332066878357637,"same state/z/raw action; local mapping effect only, no plant propagation"
C2_8,420002,735,Omega_safe_one_step_QP,True,-0.0024984343193724667,False,208.02488562430918,213.36721265267423,207.83806136535583,213.2861918854934,-0.18682425895335086,-0.0810207671808314,"same state/z/raw action; local mapping effect only, no plant propagation"
C2_8,420002,736,Omega_safe_one_step_QP,True,-0.013714907907896867,False,205.71190026213532,213.05145458595908,205.52924894450297,212.98103667866428,-0.18265131763234876,-0.07041790729479658,"same state/z/raw action; local mapping effect only, no plant propagation"
C2_8,420002,737,Omega_safe_one_step_QP,True,-0.008709532233611261,False,208.08051944471148,213.4357104809016,207.8957231569152,213.34379264116302,-0.18479628779627433,-0.09191783973858492,"same state/z/raw action; local mapping effect only, no plant propagation"
C2_8,420002,738,Omega_safe_one_step_QP,True,-0.00646407669398702,False,209.3531886864673,213.9247163003808,209.16746028196172,213.84507812323437,-0.18572840450556782,-0.07963817714642119,"same state/z/raw action; local mapping effect only, no plant propagation"
C2_8,420002,739,Omega_safe_one_step_QP,True,-0.012452938300716088,False,206.63220297642047,213.66956259410654,206.4489251780515,213.6104230876879,-0.18327779836897662,-0.05913950641863153,"same state/z/raw action; local mapping effect only, no plant propagation"
C2_8,420002,740,Omega_safe_one_step_QP,True,-0.001761380257660039,False,210.28724500524464,214.1421451704875,210.09989944974865,214.04853830875456,-0.18734555549599463,-0.09360686173295107,"same state/z/raw action; local mapping effect only, no plant propagation"
C2_8,420002,741,Omega_safe_one_step_QP,True,-0.005629282042848405,False,211.1751864714177,214.7261969674601,210.98893417104483,214.6519369645394,-0.1862523003728711,-0.07426000292070967,"same state/z/raw action; local mapping effect only, no plant propagation"
C2_8,420002,742,Omega_safe_one_step_QP,True,-0.011086674200659896,False,206.0936010597594,214.10046233971454,205.90996911479454,214.06048032606688,-0.18363194496487267,-0.03998201364765919,"same state/z/raw action; local mapping effect only, no plant propagation"
C2_8,420002,743,Omega_safe_one_step_QP,True,-0.005189934395258389,False,204.12026838838443,213.16916038644513,203.93495882062766,213.06955596883168,-0.1853095677567751,-0.09960441761344896,"same state/z/raw action; local mapping effect only, no plant propagation"
C2_8,420002,744,Omega_safe_one_step_QP,True,-0.007188204294440448,False,202.6041655094172,213.18324866182255,202.41985935577523,213.11481140436288,-0.18430615364195546,-0.06843725745966367,"same state/z/raw action; local mapping effect only, no plant propagation"
C2_8,420002,745,Omega_safe_one_step_QP,True,-0.00556960167157694,False,202.35773427702537,213.51441964980032,202.17288336261183,213.48238982397172,-0.18485091441354484,-0.03202982582860159,"same state/z/raw action; local mapping effect only, no plant propagation"
C2_8,420002,746,Omega_safe_one_step_QP,True,-0.009053367577933902,False,197.46966936101666,212.8346231703905,197.28728360503413,212.83273362018244,-0.18238575598252282,-0.0018895502080624738,"same state/z/raw action; local mapping effect only, no plant propagation"
C2_8,420002,747,Z_mode_existing_controller,True,-0.006527925009767788,False,194.8389542807239,211.61549695724722,194.65918212181936,211.6145910299742,-0.1797721589045409,-0.0009059272730098655,"same state/z/raw action; local mapping effect only, no plant propagation"
C2_8,420002,748,Z_mode_existing_controller,True,-0.01604517144906279,False,188.43037954456864,209.8847127910671,188.26279021673886,209.86256451868377,-0.16758932782977354,-0.02214827238333328,"same state/z/raw action; local mapping effect only, no plant propagation"
C2_8,420002,749,Omega_safe_one_step_QP,True,-0.020621125635316095,False,180.28642630507036,208.78410137878393,180.11975456704437,208.76085317962676,-0.16667173802599677,-0.023248199157166027,"same state/z/raw action; local mapping effect only, no plant propagation"
C2_8,420002,750,Omega_safe_one_step_QP,True,-0.02533125539554747,False,178.9824279554221,208.69417470395197,178.82499771469776,208.70948463756,-0.1574302407243522,0.01530993360802313,"same state/z/raw action; local mapping effect only, no plant propagation"
C2_8,420002,751,Z_mode_existing_controller,True,-0.015035094491933965,False,192.3354147873688,210.54661663374927,192.16028047804207,210.5417769590248,-0.17513430932672236,-0.004839674724479437,"same state/z/raw action; local mapping effect only, no plant propagation"
C2_8,420002,752,Z_mode_existing_controller,True,-0.005306995335561171,False,194.846279791949,211.2038835239075,194.6658102432294,211.20065518822219,-0.18046954871959997,-0.0032283356853213263,"same state/z/raw action; local mapping effect only, no plant propagation"
C2_8,420002,753,Z_mode_existing_controller,True,-0.014553191290036571,False,188.90305818055808,209.95810124843044,188.72762257852128,209.95643277211454,-0.1754356020367993,-0.00166847631589917,"same state/z/raw action; local mapping effect only, no plant propagation"
C2_8,420002,754,Z_mode_existing_controller,True,-0.011992959673176762,False,193.54510363672713,210.8190584784088,193.36825383911898,210.81508755230894,-0.17684979760815622,-0.003970926099867711,"same state/z/raw action; local mapping effect only, no plant propagation"
C2_8,420002,755,Omega_safe_one_step_QP,True,-0.014371605623100803,False,186.51614231318592,209.9070540337573,186.34066683068443,209.90429744885364,-0.17547548250149703,-0.002756584903664816,"same state/z/raw action; local mapping effect only, no plant propagation"
C2_8,420002,756,Omega_safe_one_step_QP,True,-0.004930844782214061,False,177.5679460553902,208.37786942444708,177.3924242772245,208.42760384897605,-0.17552177816568815,0.04973442452896393,"same state/z/raw action; local mapping effect only, no plant propagation"
C2_8,420002,757,Omega_safe_one_step_QP,True,0.006890964456665205,True,179.76905378378314,208.62656493094974,179.5837028711904,208.67384083107666,-0.18535091259272463,0.04727590012691962,"same state/z/raw action; local mapping effect only, no plant propagation"
C2_8,420002,758,Omega_safe_one_step_QP,True,0.005549894287636525,True,180.9334421185338,208.56004764361063,180.74860049177494,208.59739481179201,-0.1848416267588675,0.03734716818138395,"same state/z/raw action; local mapping effect only, no plant propagation"
C2_8,420002,759,Omega_safe_one_step_QP,True,-0.009304664530342066,False,181.74110378876503,208.30586919239713,181.56558842168582,208.32113769879396,-0.175515367079214,0.015268506396836301,"same state/z/raw action; local mapping effect only, no plant propagation"
C2_8,420002,760,Omega_safe_one_step_QP,True,-0.016578654598330966,False,184.08939232264692,207.80633147439337,183.91676304195195,207.74186022914316,-0.17262928069496297,-0.06447124525021763,"same state/z/raw action; local mapping effect only, no plant propagation"
C2_8,420002,761,Omega_safe_one_step_QP,True,-0.022085265519852106,False,187.52449746954971,208.93729023653253,187.35286046174315,208.9148608994846,-0.17163700780656654,-0.02242933704792449,"same state/z/raw action; local mapping effect only, no plant propagation"
C2_8,420002,762,Z_mode_existing_controller,True,-0.009472110718726279,False,194.20034815343266,209.81278271850735,194.022160812902,209.80894363292245,-0.17818734053065555,-0.0038390855849002037,"same state/z/raw action; local mapping effect only, no plant propagation"
C2_8,420002,763,Z_mode_existing_controller,True,-0.0056842027768806425,False,194.66491724543886,209.8935844499405,194.48464506472155,209.89183044293023,-0.18027218071731,-0.0017540070102768368,"same state/z/raw action; local mapping effect only, no plant propagation"
C2_8,420002,764,Z_mode_existing_controller,True,-0.003383627461739591,False,194.91688238956465,209.96395700530869,194.73534122565377,209.96122292359965,-0.18154116391087882,-0.002734081709036218,"same state/z/raw action; local mapping effect only, no plant propagation"
C2_8,420002,765,Z_mode_existing_controller,True,-0.0048474169866488115,False,194.96929666848797,209.9528310205455,194.78854081923697,209.9516754516607,-0.18075584925099974,-0.0011555688847977308,"same state/z/raw action; local mapping effect only, no plant propagation"
C2_8,420002,766,Z_mode_existing_controller,True,-0.0017911934678448982,False,196.74097574274617,210.34390482012006,196.55854290524388,210.34023655564368,-0.1824328375022901,-0.003668264476374361,"same state/z/raw action; local mapping effect only, no plant propagation"
C2_8,420002,767,Omega_safe_one_step_QP,True,-0.0034994679900095527,False,200.73117511648175,210.602403983881,200.54585900565036,210.4507935451654,-0.1853161108313941,-0.15161043871560764,"same state/z/raw action; local mapping effect only, no plant propagation"
C2_8,420002,768,Omega_safe_one_step_QP,True,-0.009935822165877961,False,198.54760930525956,210.81107013209535,198.36529219628517,210.7151545405656,-0.18231710897438802,-0.09591559152974583,"same state/z/raw action; local mapping effect only, no plant propagation"
C2_8,420002,769,Omega_safe_one_step_QP,True,-0.00740462920740631,False,205.7398088792147,211.78798074821594,205.5549848667878,211.63581941350776,-0.18482401242690116,-0.1521613347081825,"same state/z/raw action; local mapping effect only, no plant propagation"
C2_8,420002,770,Omega_safe_one_step_QP,True,-0.009696733135404922,False,204.75173938161117,211.96935039427706,204.56789745884487,211.84624254297287,-0.1838419227663053,-0.12310785130418367,"same state/z/raw action; local mapping effect only, no plant propagation"
C2_8,420002,771,Omega_safe_one_step_QP,True,-0.009477557320414665,False,206.78065598393658,212.22376819624003,206.59634643731331,212.07622366460697,-0.18430954662326826,-0.14754453163305925,"same state/z/raw action; local mapping effect only, no plant propagation"
C2_8,420002,772,Omega_safe_one_step_QP,True,-0.013807901446831194,False,204.82487482790305,212.45183285002264,204.64245616736343,212.35613783680702,-0.18241866053961076,-0.09569501321561802,"same state/z/raw action; local mapping effect only, no plant propagation"
C2_8,420002,773,Omega_safe_one_step_QP,True,-0.010149134573194163,False,207.86115115917497,213.00302725165025,207.6768668885263,212.89372974031085,-0.18428427064867492,-0.10929751133940613,"same state/z/raw action; local mapping effect only, no plant propagation"
C2_8,420002,774,Omega_safe_one_step_QP,True,-0.01688535447588321,False,200.86871595500256,212.4404786049185,200.68947954784144,212.40007435316323,-0.17923640716111322,-0.04040425175526252,"same state/z/raw action; local mapping effect only, no plant propagation"
C2_8,420002,775,Omega_safe_one_step_QP,True,-0.012268301724994046,False,206.3200874639138,212.59238667009456,206.13681165238597,212.46098556435888,-0.18327581152783523,-0.13140110573567654,"same state/z/raw action; local mapping effect only, no plant propagation"
C2_8,420002,776,Omega_safe_one_step_QP,True,-0.010855526614211963,False,198.66035585242636,212.51511943483382,198.4783757607353,212.5080753167143,-0.18198009169105944,-0.007044118119523546,"same state/z/raw action; local mapping effect only, no plant propagation"
C2_8,420002,777,Z_mode_existing_controller,True,-0.007509719261368675,False,194.73533295406347,210.8614691282102,194.55607131263938,210.86102543003443,-0.17926164142409107,-0.0004436981757578451,"same state/z/raw action; local mapping effect only, no plant propagation"
C2_8,420002,778,Z_mode_existing_controller,True,-0.005415240082705941,False,193.72171102450315,210.6673105626271,193.54129050977818,210.66554578988078,-0.18042051472497178,-0.0017647727463270257,"same state/z/raw action; local mapping effect only, no plant propagation"
C2_8,420002,779,Omega_safe_one_step_QP,True,-0.016010676937563806,False,187.6011991021486,209.98322825378222,187.4259919370871,209.9640162594827,-0.1752071650614937,-0.019211994299524804,"same state/z/raw action; local mapping effect only, no plant propagation"
C2_8,420002,780,Z_mode_existing_controller,True,-0.00173891471966503,False,193.2682287314019,210.7273111071871,193.08579456420264,210.72509234005784,-0.1824341671992613,-0.0022187671292499545,"same state/z/raw action; local mapping effect only, no plant propagation"
C2_8,420002,781,Z_mode_existing_controller,True,-0.0005762216242491403,False,196.2244790244154,211.38226055425272,196.04139894719225,211.3788256326916,-0.18308007722313846,-0.0034349215611371164,"same state/z/raw action; local mapping effect only, no plant propagation"
C2_8,420002,782,Z_mode_existing_controller,True,-0.005513038612247001,False,193.63175091896994,210.96203451726745,193.45134896713137,210.95997599910734,-0.18040195183857577,-0.002058518160112044,"same state/z/raw action; local mapping effect only, no plant propagation"
C2_8,420002,783,Z_mode_existing_controller,True,-0.015335770575084787,False,188.84232061385816,210.02435081254728,188.66906626828535,210.02699966705794,-0.17325434557281483,0.002648854510653109,"same state/z/raw action; local mapping effect only, no plant propagation"
C2_8,420002,784,Omega_safe_one_step_QP,True,-0.021939801507882942,False,186.22695105693435,209.94319037694905,186.05801398782117,209.9293125666193,-0.16893706911318418,-0.013877810329745444,"same state/z/raw action; local mapping effect only, no plant propagation"
C2_8,420002,785,Z_mode_existing_controller,True,-0.009781258105140023,False,191.08514301600297,210.51594395300697,190.90704498140911,210.51381974658676,-0.17809803459385876,-0.00212420642020561,"same state/z/raw action; local mapping effect only, no plant propagation"
C2_8,420002,786,Z_mode_existing_controller,True,-0.006210590247526071,False,192.08006603887412,210.72644936773136,191.90001276789613,210.72672307614997,-0.18005327097799295,0.0002737084186037464,"same state/z/raw action; local mapping effect only, no plant propagation"
C2_8,420002,787,Z_mode_existing_controller,True,0.0002885435873268283,True,193.13429335504009,210.84742749467907,192.95069863809442,210.84586813059036,-0.1835947169456631,-0.001559364088706161,"same state/z/raw action; local mapping effect only, no plant propagation"
C2_8,420002,788,Z_mode_existing_controller,True,-0.01418467643016924,False,192.75414053108992,210.96321153284458,192.5783869734805,210.96315399107579,-0.17575355760942557,-5.754176879690931e-05,"same state/z/raw action; local mapping effect only, no plant propagation"
C2_8,420002,789,Z_mode_existing_controller,True,-0.006309759577395713,False,193.5048241557939,211.09012201288522,193.32478700573256,211.0870368193673,-0.18003715006133802,-0.003085193517904372,"same state/z/raw action; local mapping effect only, no plant propagation"
C2_8,420002,790,Z_mode_existing_controller,True,-0.005846928728821588,False,188.63439031022523,210.01341777578895,188.45409062695404,210.01237186107872,-0.18029968327118695,-0.0010459147102324096,"same state/z/raw action; local mapping effect only, no plant propagation"
C2_8,420002,791,Omega_safe_one_step_QP,True,-0.02396932573809025,False,179.47985364290486,208.420660868591,179.31951805055525,208.41964976909506,-0.16033559234961103,-0.0010110994959404707,"same state/z/raw action; local mapping effect only, no plant propagation"
C2_8,420002,792,Omega_safe_one_step_QP,True,-0.013617143393951592,False,185.2934560300512,208.9595618910378,185.11828361863076,208.89824572323857,-0.17517241142044782,-0.061316167799219556,"same state/z/raw action; local mapping effect only, no plant propagation"
C2_8,420002,793,Omega_safe_one_step_QP,True,-0.010708532323114639,False,184.43599674275853,208.94680902472638,184.25964501128163,208.90274502684002,-0.17635173147689898,-0.0440639978863544,"same state/z/raw action; local mapping effect only, no plant propagation"
C2_8,420002,794,Omega_safe_one_step_QP,True,-0.02147881826501242,False,186.7783778266123,209.3102208025111,186.61080422915254,209.27711230465405,-0.1675735974597785,-0.03310849785705727,"same state/z/raw action; local mapping effect only, no plant propagation"
C2_8,420002,795,Omega_safe_one_step_QP,True,-0.021742508958820923,False,186.31539444273784,209.12040332120918,186.14937035625928,209.08749719012872,-0.16602408647855782,-0.03290613108046614,"same state/z/raw action; local mapping effect only, no plant propagation"
C2_8,420002,796,Omega_safe_one_step_QP,True,-0.006859891904511195,False,183.11179155959317,208.74912290195886,182.9338805900151,208.7585112165994,-0.17791096957807895,0.009388314640546014,"same state/z/raw action; local mapping effect only, no plant propagation"
C2_8,420002,797,Z_mode_existing_controller,True,-0.009893911488201845,False,190.05406754713817,209.2147265819102,189.876003258151,209.21390316729517,-0.17806428898717286,-0.000823414615041429,"same state/z/raw action; local mapping effect only, no plant propagation"
C2_8,420002,798,Z_mode_existing_controller,True,-0.005903996515199961,False,196.81749330181108,210.71937430808669,196.63725032758063,210.71812878188095,-0.18024297423045255,-0.001245526205735814,"same state/z/raw action; local mapping effect only, no plant propagation"
C2_8,420002,799,Omega_safe_one_step_QP,True,-0.008687710258713621,False,197.6337491163155,211.473991719477,197.4511701018693,211.4524352041881,-0.1825790144461905,-0.021556515288892797,"same state/z/raw action; local mapping effect only, no plant propagation"
C2_8,420002,800,Z_mode_existing_controller,True,0.0004207283755368607,True,197.37843284464108,210.86024278415908,197.1947554051869,210.85520110088598,-0.18367743945418624,-0.005041683273105946,"same state/z/raw action; local mapping effect only, no plant propagation"
C2_8,420002,801,Z_mode_existing_controller,True,0.0018020979663290193,True,195.48408234291728,210.3907058948864,195.29964685974818,210.3903263986123,-0.18443548316909641,-0.00037949627409261666,"same state/z/raw action; local mapping effect only, no plant propagation"
C2_8,420002,802,Omega_safe_one_step_QP,True,-0.005545566444466743,False,197.85040046168194,211.70726694384902,197.6664891146759,211.70258153447026,-0.1839113470060454,-0.004685409378765826,"same state/z/raw action; local mapping effect only, no plant propagation"
C2_8,420002,803,Omega_safe_one_step_QP,True,-0.0035818400767559377,False,202.72812623960326,211.29695997491012,202.5424817606422,211.16544277309436,-0.18564447896105207,-0.1315172018157682,"same state/z/raw action; local mapping effect only, no plant propagation"
C2_8,420002,804,Z_mode_existing_controller,True,-0.004184424954182753,False,194.954296137625,210.35947067173078,194.77310892893402,210.35735616791743,-0.1811872086909716,-0.0021145038133454364,"same state/z/raw action; local mapping effect only, no plant propagation"
C2_8,420002,805,Omega_safe_one_step_QP,True,-0.011423044303194407,False,200.10965449020898,211.8346550102432,199.92751181036132,211.79751656775528,-0.18214267984765797,-0.037138442487929524,"same state/z/raw action; local mapping effect only, no plant propagation"
C2_8,420002,806,Z_mode_existing_controller,True,0.0007891503407136957,True,197.56762346200918,210.88368977969984,197.3837375687704,210.88155102564727,-0.18388589323876658,-0.0021387540525665827,"same state/z/raw action; local mapping effect only, no plant propagation"
C2_8,420002,807,Z_mode_existing_controller,True,-0.003413695009964246,False,194.53306010584885,210.24769944039414,194.35144067060565,210.24591667657896,-0.18161943524319213,-0.0017827638151857172,"same state/z/raw action; local mapping effect only, no plant propagation"
C2_8,420002,808,Z_mode_existing_controller,True,-0.0024788829511623867,False,196.56731815065572,210.70947098725497,196.38518224898795,210.7056053978343,-0.1821359016677775,-0.0038655894206840458,"same state/z/raw action; local mapping effect only, no plant propagation"
C2_8,420002,809,Z_mode_existing_controller,True,-0.007747046801476309,False,191.78886801647562,209.70430297170674,191.60956961672238,209.70376823660513,-0.17929839975323603,-0.0005347351016098401,"same state/z/raw action; local mapping effect only, no plant propagation"
C2_8,420002,810,Omega_safe_one_step_QP,True,-0.01945159184044931,False,184.57883731739042,208.67497555830525,184.4075561113987,208.6539687900312,-0.17128120599173258,-0.02100676827404868,"same state/z/raw action; local mapping effect only, no plant propagation"
C2_8,420002,811,Z_mode_existing_controller,True,-0.014473017955215262,False,188.92584438206802,208.8821372237202,188.750229236687,208.86956904589812,-0.1756151453810162,-0.01256817782208941,"same state/z/raw action; local mapping effect only, no plant propagation"
C2_8,420002,812,Z_mode_existing_controller,True,-0.006516964779050172,False,192.7466282646675,209.77666530570974,192.56665200713553,209.7732772885976,-0.1799762575319619,-0.0033880171121438707,"same state/z/raw action; local mapping effect only, no plant propagation"
C2_8,420002,813,Z_mode_existing_controller,True,-7.709164094404919e-05,False,197.8144474791593,210.78425881643756,197.6309851845126,210.7829739590103,-0.18346229464668795,-0.0012848574272652513,"same state/z/raw action; local mapping effect only, no plant propagation"
C2_8,420002,814,Omega_safe_one_step_QP,True,-0.02202551769556019,False,183.78473756475304,208.17126184493887,183.61923999890556,208.1397771971017,-0.1654975658474882,-0.03148464783717486,"same state/z/raw action; local mapping effect only, no plant propagation"
C2_8,420002,815,Omega_safe_one_step_QP,True,-0.02113966095278858,False,186.23670050072923,208.52905431445765,186.0656083225033,208.4881866179345,-0.17109217822593337,-0.0408676965231507,"same state/z/raw action; local mapping effect only, no plant propagation"
C2_8,420002,816,Omega_safe_one_step_QP,True,-0.014845903597275834,False,186.64691749740675,208.86835638432083,186.4716278081564,208.8388874431926,-0.1752896892503486,-0.029468941128243387,"same state/z/raw action; local mapping effect only, no plant propagation"
C2_8,420002,817,Omega_safe_one_step_QP,True,-0.00875421593767689,False,184.249911378193,208.13933104630203,184.0725089931187,208.10159332817676,-0.17740238507428785,-0.03773771812527116,"same state/z/raw action; local mapping effect only, no plant propagation"
C2_8,420002,818,Z_mode_existing_controller,True,-0.014526915771069012,False,188.3810879910788,208.31815680723207,188.20706709661664,208.30260825879878,-0.17402089446215996,-0.015548548433287124,"same state/z/raw action; local mapping effect only, no plant propagation"
C2_8,420002,819,Z_mode_existing_controller,True,-0.005281348396880825,False,191.65351899731638,209.17758896890243,191.47287998425094,209.17481600414104,-0.18063901306544494,-0.0027729647613909947,"same state/z/raw action; local mapping effect only, no plant propagation"
C2_8,420002,820,Z_mode_existing_controller,True,-0.004271263333118891,False,191.31095077211938,209.1192576727073,191.12975563649775,209.11760127905194,-0.18119513562163547,-0.001656393655366628,"same state/z/raw action; local mapping effect only, no plant propagation"
C2_8,420002,821,Z_mode_existing_controller,True,-0.003365172870731681,False,190.11723859644343,208.90706799904765,189.9355444518865,208.90547077014622,-0.18169414455692845,-0.0015972289014314356,"same state/z/raw action; local mapping effect only, no plant propagation"
C2_8,420002,822,Z_mode_existing_controller,True,-0.003725504392275758,False,193.31402261624055,209.50829890491107,193.13251293523538,209.5058088078197,-0.18150968100516707,-0.0024900970913677156,"same state/z/raw action; local mapping effect only, no plant propagation"
C2_8,420002,823,Omega_safe_one_step_QP,True,-0.0029678378998029276,False,200.21935066486913,210.38632208202097,200.0339272934441,210.24776994709592,-0.1854233714250313,-0.13855213492504959,"same state/z/raw action; local mapping effect only, no plant propagation"
C2_8,420002,824,Omega_safe_one_step_QP,True,-0.011199925851347214,False,202.83901008787828,210.9482926353656,202.65611701395176,210.80956042332957,-0.18289307392652177,-0.13873221203601815,"same state/z/raw action; local mapping effect only, no plant propagation"
C2_8,420002,825,Z_mode_existing_controller,True,0.0009005225941472461,True,196.74205571523783,210.3352115213225,196.55805987216593,210.33078670714045,-0.18399584307189798,-0.004424814182044656,"same state/z/raw action; local mapping effect only, no plant propagation"
C2_8,420002,826,Omega_safe_one_step_QP,True,-0.007150990538205337,False,199.91200406352363,210.92190043510269,199.72825716846765,210.8356703356911,-0.1837468950559753,-0.08623009941157989,"same state/z/raw action; local mapping effect only, no plant propagation"
C2_8,420002,827,Omega_safe_one_step_QP,True,-0.004647315611322034,False,198.597795828584,211.3813056565674,198.41335591287563,211.3602632375359,-0.18443991570836715,-0.0210424190315166,"same state/z/raw action; local mapping effect only, no plant propagation"
C2_8,420002,828,Z_mode_existing_controller,True,-0.0027460684625895126,False,195.89603882090816,210.15394088452248,195.71401639505217,210.15060895390235,-0.18202242585599038,-0.0033319306201349264,"same state/z/raw action; local mapping effect only, no plant propagation"
C2_8,420002,829,Z_mode_existing_controller,True,-0.0007213411116014923,False,196.4457711847538,210.38300597806477,196.26264758406333,210.3794113847061,-0.18312360069046463,-0.003594593358684506,"same state/z/raw action; local mapping effect only, no plant propagation"
C2_8,420002,830,Z_mode_existing_controller,True,-0.004737615558568664,False,190.5086023714243,209.20899200597265,190.3276336602012,209.20677613824648,-0.18096871122310176,-0.0022158677261643334,"same state/z/raw action; local mapping effect only, no plant propagation"
C2_8,420002,831,Omega_safe_one_step_QP,True,-0.004268955482296111,False,198.84916290222841,211.69731491747888,198.66451904087495,211.68522040646167,-0.18464386135346444,-0.012094511017210152,"same state/z/raw action; local mapping effect only, no plant propagation"
C2_8,420002,832,Omega_safe_one_step_QP,True,-0.0064700342480108475,False,197.67586944222506,211.45504297816922,197.4923754837227,211.4466690620187,-0.1834939585023676,-0.008373916150503646,"same state/z/raw action; local mapping effect only, no plant propagation"
C2_8,420002,833,Omega_safe_one_step_QP,True,-0.010626340733152106,False,198.06611449556402,211.70432438513916,197.88420570816345,211.69976264509842,-0.18190878740057315,-0.004561740040742279,"same state/z/raw action; local mapping effect only, no plant propagation"
C2_8,420002,834,Z_mode_existing_controller,True,-0.003778619065741229,False,194.344125675072,209.98035479817491,194.16265763029196,209.97605645441922,-0.18146804478004697,-0.004298343755692713,"same state/z/raw action; local mapping effect only, no plant propagation"
C2_8,420002,835,Z_mode_existing_controller,True,-0.006168326598687268,False,192.42681243815287,209.56171467769175,192.24662251678467,209.5597879599886,-0.18018992136819634,-0.0019267177031565552,"same state/z/raw action; local mapping effect only, no plant propagation"
C2_8,420002,836,Omega_safe_one_step_QP,True,-0.007830316488187328,False,186.16297209542674,208.92048166742416,185.98405144220496,208.92155675917047,-0.1789206532217804,0.001075091746315593,"same state/z/raw action; local mapping effect only, no plant propagation"
C2_8,420002,837,Z_mode_existing_controller,True,0.0009921114571154188,True,191.13378198584562,208.96132488704734,190.94973196239988,208.960448924529,-0.18405002344573518,-0.0008759625183358821,"same state/z/raw action; local mapping effect only, no plant propagation"
C2_8,420002,838,Omega_safe_one_step_QP,True,0.0002839545076444572,True,185.44177195952932,208.64513420847697,185.25858639398942,208.65803105997625,-0.18318556553990106,0.012896851499277773,"same state/z/raw action; local mapping effect only, no plant propagation"
C2_8,420002,839,Omega_safe_one_step_QP,True,-0.011313821235283072,False,181.96748994530373,207.47517131730734,181.79311673684217,207.45871747054895,-0.17437320846156013,-0.01645384675839523,"same state/z/raw action; local mapping effect only, no plant propagation"
C2_8,420002,840,Z_mode_existing_controller,True,-0.012909216733627216,False,189.72257270942643,208.1630181316475,189.5460261120679,208.15061820243383,-0.17654659735853784,-0.012399929213671612,"same state/z/raw action; local mapping effect only, no plant propagation"
C2_8,420002,841,Z_mode_existing_controller,True,-0.009848620185749224,False,191.82435351193405,208.71254865015428,191.64614449436036,208.7112045752844,-0.17820901757369256,-0.0013440748698769767,"same state/z/raw action; local mapping effect only, no plant propagation"
C2_8,420002,842,Z_mode_existing_controller,True,-0.00810559931252236,False,189.87391596392638,208.3029363877512,189.6947563378536,208.3034029807733,-0.17915962607278857,0.0004665930221108283,"same state/z/raw action; local mapping effect only, no plant propagation"
C2_8,420002,843,Omega_safe_one_step_QP,True,-0.014550802751410186,False,183.5286848485606,207.57316895950882,183.35522996407838,207.55151801283282,-0.17345488448222568,-0.021650946676004423,"same state/z/raw action; local mapping effect only, no plant propagation"
C2_8,420002,844,Omega_safe_one_step_QP,True,-0.011584944375347794,False,184.8750673239508,207.54908329964928,184.69897046109736,207.50656079748444,-0.17609686285342718,-0.04252250216484299,"same state/z/raw action; local mapping effect only, no plant propagation"
C2_8,420002,845,Omega_safe_one_step_QP,True,-0.013802511667043382,False,184.45808281890785,207.46758767365378,184.28354630022397,207.43615580113752,-0.17453651868387965,-0.031431872516265,"same state/z/raw action; local mapping effect only, no plant propagation"
C2_8,420002,846,Z_mode_existing_controller,True,-0.0025150068260840763,False,192.49972331333643,208.6216964045651,192.31756977269796,208.6162562299324,-0.1821535406384669,-0.005440174632724393,"same state/z/raw action; local mapping effect only, no plant propagation"
C2_8,420002,847,Z_mode_existing_controller,True,-0.011399338524094638,False,188.25801618505804,207.6860333740008,188.0806405705823,207.68365136065717,-0.1773756144757499,-0.002382013343634526,"same state/z/raw action; local mapping effect only, no plant propagation"
C2_8,420002,848,Z_mode_existing_controller,True,-0.005499339273914328,False,194.07947473243874,208.86971256506288,193.89890998729226,208.86498448224748,-0.18056474514648357,-0.0047280828154043775,"same state/z/raw action; local mapping effect only, no plant propagation"
C2_8,420002,849,Z_mode_existing_controller,True,0.002362344692715901,True,193.16608906864198,208.87935522003883,192.9812843030302,208.87728453428983,-0.18480476561177284,-0.002070685749004042,"same state/z/raw action; local mapping effect only, no plant propagation"
C2_8,420002,850,Z_mode_existing_controller,True,0.001843578794954226,True,195.22271308409213,209.3323235950382,195.03818026730838,209.3299614602384,-0.18453281678375788,-0.0023621347997959674,"same state/z/raw action; local mapping effect only, no plant propagation"
C2_8,420002,851,Z_mode_existing_controller,True,0.0014819702361304476,True,190.99679550836416,208.49637371079763,190.8124497490382,208.49510610950895,-0.1843457593259643,-0.0012676012886743138,"same state/z/raw action; local mapping effect only, no plant propagation"
C2_8,420002,852,Omega_safe_one_step_QP,True,-0.0016934275245223396,False,186.63140252332366,208.6489144310233,186.44889891570585,208.64554300433997,-0.1825036076178037,-0.0033714266833158035,"same state/z/raw action; local mapping effect only, no plant propagation"
C2_8,420002,853,Z_mode_existing_controller,True,-0.004241862326225643,False,191.93472429839855,208.8435769164245,191.75345397010273,208.83936846991645,-0.1812703282958239,-0.004208446508044972,"same state/z/raw action; local mapping effect only, no plant propagation"
C2_8,420002,854,Omega_safe_one_step_QP,True,-0.0010410218027941398,False,187.07525517894007,208.79807567091433,186.89224345812616,208.79288343094981,-0.1830117208139086,-0.005192239964515011,"same state/z/raw action; local mapping effect only, no plant propagation"
C2_8,420002,855,Z_mode_existing_controller,True,-0.0071438271928637165,False,190.1130384586929,208.5142891590785,189.93332787680106,208.51428071045194,-0.17971058189183964,-8.448626545032312e-06,"same state/z/raw action; local mapping effect only, no plant propagation"
C2_8,420002,856,Omega_safe_one_step_QP,True,-0.014048805589283786,False,185.0664466027402,208.01869578173384,184.8916646366152,208.00103341724113,-0.1747819661250105,-0.01766236449270764,"same state/z/raw action; local mapping effect only, no plant propagation"
C2_8,420002,857,Omega_safe_one_step_QP,True,-0.012649923068437596,False,184.61753560234072,207.65915678881422,184.4422179274394,207.6222866299408,-0.1753176749013221,-0.03687015887342682,"same state/z/raw action; local mapping effect only, no plant propagation"
C2_8,420002,858,Omega_safe_one_step_QP,True,-0.00983258904074602,False,179.6374420124155,205.96397028492387,179.4638474072149,205.88776120570355,-0.17359460520060566,-0.07620907922031961,"same state/z/raw action; local mapping effect only, no plant propagation"
C2_8,420002,859,Omega_safe_one_step_QP,True,-0.005047547853600953,False,184.80595865653464,206.85331882553763,184.626094021408,206.76282908611427,-0.1798646351266484,-0.09048973942336147,"same state/z/raw action; local mapping effect only, no plant propagation"
C2_8,420002,860,Z_mode_existing_controller,True,-0.011633348596738757,False,188.5577905597723,207.63856407848175,188.38053049502662,207.62951534151878,-0.17726006474566702,-0.009048736962967041,"same state/z/raw action; local mapping effect only, no plant propagation"
C2_8,420002,861,Z_mode_existing_controller,True,-0.008580098783886714,False,188.59957742764158,207.81184507144349,188.42066208844506,207.81114765779483,-0.17891533919652147,-0.0006974136486519456,"same state/z/raw action; local mapping effect only, no plant propagation"
C2_8,420002,862,Omega_safe_one_step_QP,True,-0.011519448762702722,False,180.8809755161559,206.31698796186492,180.70755034671993,206.25898178424828,-0.17342516943597275,-0.05800617761664739,"same state/z/raw action; local mapping effect only, no plant propagation"
C2_8,420002,863,Omega_safe_one_step_QP,True,-0.004534910163045969,False,183.99268534462647,206.54955088956032,183.81290377517723,206.46272809180257,-0.17978156944923285,-0.0868227977577476,"same state/z/raw action; local mapping effect only, no plant propagation"
C2_8,420002,864,Omega_safe_one_step_QP,True,-0.02102240177041111,False,186.2658339079485,207.44616477242033,186.09529668751065,207.42115017633267,-0.17053722043783637,-0.025014596087657992,"same state/z/raw action; local mapping effect only, no plant propagation"
C2_8,420002,865,Z_mode_existing_controller,True,-0.006643756704005188,False,190.85421956874362,207.72043171889675,190.6742829745349,207.71568560860896,-0.17993659420872632,-0.004746110287783267,"same state/z/raw action; local mapping effect only, no plant propagation"
C2_8,420002,866,Omega_safe_one_step_QP,True,-0.020852181259182815,False,186.69267238307333,207.62145462814962,186.5212874024889,207.60783054428325,-0.17138498058443474,-0.013624083866375258,"same state/z/raw action; local mapping effect only, no plant propagation"
C2_8,420002,867,Omega_safe_one_step_QP,True,-0.014012714395583825,False,185.96053972779984,207.27605749587053,185.78519002876638,207.2444968760841,-0.1753496990334611,-0.03156061978643265,"same state/z/raw action; local mapping effect only, no plant propagation"
C2_8,420002,868,Omega_safe_one_step_QP,True,-0.020163370573916706,False,187.17836200685042,207.55193851398272,187.00565345693133,207.53062071322833,-0.17270854991909346,-0.021317800754388827,"same state/z/raw action; local mapping effect only, no plant propagation"
C2_8,420002,869,Z_mode_existing_controller,True,-0.005499637609938601,False,189.51742011985218,207.25157818900811,189.33688484932173,207.24718940212142,-0.1805352705304415,-0.004388786886693197,"same state/z/raw action; local mapping effect only, no plant propagation"
C2_8,420002,870,Z_mode_existing_controller,True,-0.008433927051245349,False,189.0038607712497,207.07490371207703,188.82489694661874,207.07348632075366,-0.17896382463095506,-0.0014173913233719304,"same state/z/raw action; local mapping effect only, no plant propagation"
C2_8,420002,871,Z_mode_existing_controller,True,-0.0060174350552194,False,189.9562790752861,207.28367184373536,189.77600181418887,207.28111268658526,-0.18027726109721698,-0.0025591571501024646,"same state/z/raw action; local mapping effect only, no plant propagation"
C2_8,420002,872,Z_mode_existing_controller,True,-0.0025408330179215732,False,195.61210499191716,208.4659047052224,195.42994543902896,208.46194519340068,-0.1821595528882085,-0.003959511821733486,"same state/z/raw action; local mapping effect only, no plant propagation"
C2_8,420002,873,Z_mode_existing_controller,True,0.0005702022857497768,True,195.35237606940095,208.44851618672797,195.16853405204196,208.44565446250084,-0.18384201735898387,-0.002861724227130935,"same state/z/raw action; local mapping effect only, no plant propagation"
C2_8,420002,874,Z_mode_existing_controller,True,-0.00444691613535203,False,192.56302294993895,207.8365715433368,192.38187002108555,207.83316933267204,-0.1811529288534075,-0.003402210664745553,"same state/z/raw action; local mapping effect only, no plant propagation"
C2_8,420002,875,Omega_safe_one_step_QP,True,-0.010467955777760274,False,188.08950574038636,207.86977921260234,187.91110619115392,207.86772792394737,-0.17839954923243795,-0.0020512886549681753,"same state/z/raw action; local mapping effect only, no plant propagation"
C2_8,420002,876,Z_mode_existing_controller,True,-0.007480225481164893,False,194.2780351285428,208.0748617617582,194.09851318002165,208.06897620483574,-0.1795219485211419,-0.00588555692246473,"same state/z/raw action; local mapping effect only, no plant propagation"
C2_8,420002,877,Omega_safe_one_step_QP,True,0.0014559166090998832,True,198.8907503656922,209.64284252688546,198.70383513238733,209.6123512679838,-0.18691523330488735,-0.030491258901662377,"same state/z/raw action; local mapping effect only, no plant propagation"
C2_8,420002,878,Z_mode_existing_controller,True,-0.002133479915217007,False,195.40615721624562,208.2957747304213,195.22376165773238,208.29314484308784,-0.1823955585132353,-0.002629887333455372,"same state/z/raw action; local mapping effect only, no plant propagation"
C2_8,420002,879,Z_mode_existing_controller,True,-0.003589050410866601,False,194.0096610285006,208.0470616993975,193.82803862239234,208.04305524606605,-0.18162240610826075,-0.004006453331442117,"same state/z/raw action; local mapping effect only, no plant propagation"
C2_8,420002,880,Z_mode_existing_controller,True,-9.709943815905397e-05,False,192.6871522012505,207.87132631023172,192.50364655803654,207.8687012365908,-0.18350564321397655,-0.0026250736409281217,"same state/z/raw action; local mapping effect only, no plant propagation"
C2_8,420002,881,Z_mode_existing_controller,True,-0.004747985333246552,False,192.10951037455817,207.67635575047885,191.92849183282536,207.6734345384142,-0.1810185417328114,-0.0029212120646491258,"same state/z/raw action; local mapping effect only, no plant propagation"
C2_8,420002,882,Omega_safe_one_step_QP,True,-0.0049470090923516286,False,197.9764656825823,209.78943808309262,197.7922831600178,209.7813980554567,-0.18418252256449819,-0.008040027635928482,"same state/z/raw action; local mapping effect only, no plant propagation"
C2_8,420002,883,Omega_safe_one_step_QP,True,-0.007248619805549306,False,200.44614049956405,209.4654196791036,200.26231180445004,209.38244437334444,-0.18382869511401623,-0.08297530575916312,"same state/z/raw action; local mapping effect only, no plant propagation"
C2_8,420002,884,Omega_safe_one_step_QP,True,-0.000523667149094742,False,207.51222501714764,209.98452079487382,207.32481698806808,209.79393098491184,-0.18740802907956322,-0.1905898099619776,"same state/z/raw action; local mapping effect only, no plant propagation"
C2_8,420002,885,Omega_safe_one_step_QP,True,-0.0032540588855241026,False,200.9308152990967,209.7029506963885,200.7453693858706,209.60908633041606,-0.18544591322611836,-0.09386436597245051,"same state/z/raw action; local mapping effect only, no plant propagation"
C2_8,420002,886,Omega_safe_one_step_QP,True,0.001746377564776247,True,206.50800332572445,210.70690739254124,206.31995733488594,210.57277674331442,-0.18804599083850349,-0.13413064922681883,"same state/z/raw action; local mapping effect only, no plant propagation"
C2_8,420002,887,Z_mode_existing_controller,True,0.0023947522793318354,True,196.010554437893,208.96859358156553,195.82573362422772,208.9631965810016,-0.1848208136652829,-0.005397000563931442,"same state/z/raw action; local mapping effect only, no plant propagation"
C2_8,420002,888,Z_mode_existing_controller,True,0.00046506617243097237,True,193.7591494514383,208.68801300049955,193.575358990844,208.6867695252521,-0.18379046059430948,-0.001243475247463266,"same state/z/raw action; local mapping effect only, no plant propagation"
C2_8,420002,889,Z_mode_existing_controller,True,-0.002487622536473555,False,196.80563412250314,209.30305387567137,196.62342239178662,209.2960350572344,-0.1822117307165172,-0.007018818436961283,"same state/z/raw action; local mapping effect only, no plant propagation"
C2_8,420002,890,Z_mode_existing_controller,True,-0.0020500345452551527,False,194.2090440235038,208.8606768443186,194.0265886114738,208.85623300513495,-0.18245541202998083,-0.004443839183636555,"same state/z/raw action; local mapping effect only, no plant propagation"
C2_8,420002,891,Z_mode_existing_controller,True,0.001204082888106417,True,192.25104565752864,208.50419883094,192.06683620054758,208.5029558870905,-0.1842094569810513,-0.0012429438494905298,"same state/z/raw action; local mapping effect only, no plant propagation"
C2_8,420002,892,Z_mode_existing_controller,True,0.0007713067583606792,True,191.77157888982953,208.43077463761125,191.58759441949564,208.42970386026255,-0.18398447033388265,-0.0010707773487013128,"same state/z/raw action; local mapping effect only, no plant propagation"
C2_8,420002,893,Z_mode_existing_controller,True,0.0011152559462334621,True,192.6036096788867,208.56624417383117,192.41943385800113,208.5640191981163,-0.18417582088557083,-0.002224975714852917,"same state/z/raw action; local mapping effect only, no plant propagation"
C2_8,420002,894,Z_mode_existing_controller,True,0.00028191343498490395,True,194.73458793875537,208.96314446563906,194.55085152018123,208.9596927344383,-0.18373641857414214,-0.003451731200755148,"same state/z/raw action; local mapping effect only, no plant propagation"
C2_8,420002,895,Z_mode_existing_controller,True,-0.0007469529182486112,False,196.10561923567792,209.25398719958307,195.92242638857573,209.249356784326,-0.18319284710219108,-0.00463041525705421,"same state/z/raw action; local mapping effect only, no plant propagation"
C2_8,420002,896,Omega_safe_one_step_QP,True,-0.005733535075362284,False,199.83005673905552,209.8217857652448,199.64577876635926,209.71835718045492,-0.18427797269626467,-0.1034285847898957,"same state/z/raw action; local mapping effect only, no plant propagation"
C2_8,420002,897,Omega_safe_one_step_QP,True,-0.0010836991536478102,False,200.43950825397266,209.85220326366667,200.2533243380915,209.72927470501293,-0.18618391588117333,-0.12292855865374008,"same state/z/raw action; local mapping effect only, no plant propagation"
C2_8,420002,898,Omega_safe_one_step_QP,True,-0.006052533530571114,False,202.88240348398458,210.3525587143024,202.69762893067394,210.22248433647027,-0.18477455331063197,-0.1300743778321305,"same state/z/raw action; local mapping effect only, no plant propagation"
C2_8,420002,899,Omega_safe_one_step_QP,True,-0.0058987938111089155,False,203.54280914971366,210.72167652249084,203.3578557834893,210.6109685968628,-0.18495336622436298,-0.11070792562804854,"same state/z/raw action; local mapping effect only, no plant propagation"
C2_8,420002,900,Omega_safe_one_step_QP,True,-0.005308805262289273,False,204.26177723683008,210.9552788800507,204.07648504666543,210.84602356460405,-0.1852921901646596,-0.10925531544666,"same state/z/raw action; local mapping effect only, no plant propagation"
C2_8,420002,901,Omega_safe_one_step_QP,True,-0.006065364545451535,False,199.28665697767008,211.04945873939837,199.10262682696404,211.03545993520822,-0.184030150706036,-0.013998804190151759,"same state/z/raw action; local mapping effect only, no plant propagation"
C2_8,420002,902,Z_mode_existing_controller,True,-0.0019812186725965963,False,196.6983923759496,209.64612368785862,196.51590808294958,209.6405437283809,-0.1824842930000159,-0.00557995947772838,"same state/z/raw action; local mapping effect only, no plant propagation"
C2_8,420002,903,Omega_safe_one_step_QP,True,-0.000321396571065502,False,203.13190559154518,210.60476707186035,202.94501584805457,210.46513726854437,-0.18688974349061027,-0.13962980331598374,"same state/z/raw action; local mapping effect only, no plant propagation"
C2_8,420002,904,Omega_safe_one_step_QP,True,-0.004390491666324325,False,206.9338163389929,211.3513607944134,206.7477741283394,211.19940695086981,-0.18604221065351112,-0.15195384354359476,"same state/z/raw action; local mapping effect only, no plant propagation"
C2_8,420002,905,Omega_safe_one_step_QP,True,-0.013730372049868378,False,198.76029216548497,211.25775904638095,198.57943006607977,211.24779389615588,-0.18086209940520348,-0.009965150225070829,"same state/z/raw action; local mapping effect only, no plant propagation"
C2_8,420002,906,Omega_safe_one_step_QP,True,-0.005288570897502676,False,199.0592198846727,211.39930075564106,198.8749341948798,211.39303002779823,-0.18428568979288684,-0.006270727842832002,"same state/z/raw action; local mapping effect only, no plant propagation"
C2_8,420002,907,Omega_safe_one_step_QP,True,-0.008508673112837761,False,199.42791002859533,211.5958020886089,199.2448049148657,211.58965781274966,-0.18310511372962424,-0.006144275859242043,"same state/z/raw action; local mapping effect only, no plant propagation"
C2_8,420002,908,Omega_safe_one_step_QP,True,0.0009840905738128236,True,204.90318291464192,211.483282431237,204.71559055839904,211.34951701828822,-0.18759235624287385,-0.13376541294877597,"same state/z/raw action; local mapping effect only, no plant propagation"
C2_8,420002,909,Omega_safe_one_step_QP,True,-0.0009692899861528659,False,206.33700798577465,211.76106016204463,206.14989959612393,211.61401817325913,-0.1871083896507173,-0.147041988785503,"same state/z/raw action; local mapping effect only, no plant propagation"
C2_8,420002,910,Omega_safe_one_step_QP,True,-0.00339055350145967,False,201.87132410433682,211.38351361571367,201.68575927624448,211.29425601681805,-0.18556482809233898,-0.08925759889561391,"same state/z/raw action; local mapping effect only, no plant propagation"
C2_8,420002,911,Omega_safe_one_step_QP,True,-0.007081820409092443,False,204.93678128700245,211.9762047121278,204.75199053322845,211.8824796134461,-0.18479075377399568,-0.09372509868171619,"same state/z/raw action; local mapping effect only, no plant propagation"
C2_8,420002,912,Omega_safe_one_step_QP,True,-0.006609832415926664,False,205.70118905610508,211.94145644154167,205.51609895617787,211.8298810823859,-0.18509009992720848,-0.1115753591557791,"same state/z/raw action; local mapping effect only, no plant propagation"
C2_8,420002,913,Omega_safe_one_step_QP,True,-0.00543448928351864,False,198.81103180797004,211.7746981156758,198.62685815284857,211.77064623106986,-0.18417365512146944,-0.004051884605928535,"same state/z/raw action; local mapping effect only, no plant propagation"
C2_8,420002,914,Z_mode_existing_controller,True,-0.0039028970675221153,False,196.04224572673735,210.31774239298002,195.86088146090495,210.31745763776115,-0.18136426583239995,-0.00028475521887116884,"same state/z/raw action; local mapping effect only, no plant propagation"
C2_8,420002,915,Omega_safe_one_step_QP,True,-0.02258195535963383,False,183.08036310526177,208.50681195570485,182.91682371129772,208.52858003541996,-0.1635393939640437,0.021768079715116073,"same state/z/raw action; local mapping effect only, no plant propagation"
C2_8,420002,916,Z_mode_existing_controller,True,-0.00576605713865963,False,189.30381335722092,208.20762197867035,189.4793641575654,208.20762196962198,0.17555080034449588,-9.04836383597285e-09,"same state/z/raw action; local mapping effect only, no plant propagation"
C2_8,420002,917,Omega_safe_one_step_QP,True,-0.021016264492615372,False,187.23767748888963,208.81405001739702,187.06710089398572,208.78966280191977,-0.1705765949039062,-0.024387215477247537,"same state/z/raw action; local mapping effect only, no plant propagation"
C2_8,420002,918,Omega_safe_one_step_QP,True,-0.007150611388456074,False,186.58004666162876,208.6107400008074,186.4005564561639,208.57320529843497,-0.17949020546484462,-0.037534702372425954,"same state/z/raw action; local mapping effect only, no plant propagation"
C2_8,420002,919,Z_mode_existing_controller,True,-0.014708734631350829,False,188.89027881953643,208.23997695769944,188.71907189226243,208.22141782760178,-0.17120692727399955,-0.018559130097656862,"same state/z/raw action; local mapping effect only, no plant propagation"
C2_8,420002,920,Z_mode_existing_controller,True,-0.009507440050508853,False,190.51564097931228,208.79056538282995,190.33730727079427,208.78941871193902,-0.17833370851801078,-0.0011466708909324552,"same state/z/raw action; local mapping effect only, no plant propagation"
C2_8,420002,921,Z_mode_existing_controller,True,-0.003184408669054728,False,194.9544242975876,209.78532541855165,194.77265988117642,209.78229126091128,-0.1817644164111698,-0.0030341576403714043,"same state/z/raw action; local mapping effect only, no plant propagation"
C2_8,420002,922,Z_mode_existing_controller,True,-8.938764979060654e-05,False,194.0862421963652,209.68061610013726,193.9027958494043,209.67790678892683,-0.18344634696089201,-0.002709311210423948,"same state/z/raw action; local mapping effect only, no plant propagation"
C2_8,420002,923,Z_mode_existing_controller,True,-0.0011658847250258786,False,191.57908896806808,209.197567694288,191.39621476359358,209.19596371818184,-0.1828742044745013,-0.0016039761061676927,"same state/z/raw action; local mapping effect only, no plant propagation"
C2_8,420002,924,Z_mode_existing_controller,True,-0.0043078093845013155,False,195.235796131278,209.78621057098053,195.0546066533668,209.7820530085984,-0.18118947791120377,-0.00415756238211884,"same state/z/raw action; local mapping effect only, no plant propagation"
C2_8,420002,925,Z_mode_existing_controller,True,-0.012740590154984688,False,188.35409151624967,208.34881159098788,188.17743484603625,208.34929195679663,-0.17665667021341847,0.0004803658087553231,"same state/z/raw action; local mapping effect only, no plant propagation"
C2_8,420002,926,Z_mode_existing_controller,True,-0.005764213612545033,False,189.62009121524326,208.60151369920374,189.4396661907723,208.59871305247617,-0.18042502447096354,-0.0028006467275645264,"same state/z/raw action; local mapping effect only, no plant propagation"
C2_8,420002,927,Z_mode_existing_controller,True,-0.004114775028842332,False,192.76558041460038,209.4751566112068,192.58425787110383,209.47287140943322,-0.18132254349654886,-0.0022852017735885966,"same state/z/raw action; local mapping effect only, no plant propagation"
C2_8,420002,928,Omega_safe_one_step_QP,True,-0.015101462700380597,False,184.83861101219284,208.19474712178635,184.66458875575475,208.17367340667607,-0.17402225643809288,-0.021073715110276225,"same state/z/raw action; local mapping effect only, no plant propagation"
C2_8,420002,929,Omega_safe_one_step_QP,True,-0.015193764526809594,False,185.5971458340713,208.14178979392238,185.42268752704922,208.11117158696655,-0.17445830702209264,-0.030618206955836058,"same state/z/raw action; local mapping effect only, no plant propagation"
C2_8,420002,930,Z_mode_existing_controller,True,-0.0029146154552348036,False,190.0390228600575,208.56263287649213,189.85706332104505,208.5573152229779,-0.18195953901246753,-0.00531765351422564,"same state/z/raw action; local mapping effect only, no plant propagation"
C2_8,420002,931,Omega_safe_one_step_QP,True,-0.009722886087060068,False,198.26086775818678,210.815008543775,198.078541542613,210.78862880355376,-0.1823262155737666,-0.026379740221244674,"same state/z/raw action; local mapping effect only, no plant propagation"
C2_8,420002,932,Z_mode_existing_controller,True,-0.006067682697097232,False,191.505932752081,208.6861173162608,191.32567011627705,208.68624621678669,-0.18026263580395607,0.00012890052587977152,"same state/z/raw action; local mapping effect only, no plant propagation"
C2_8,420002,933,Omega_safe_one_step_QP,True,-0.021126155068495103,False,185.48795076750972,207.82071857373685,185.31873219824655,207.78551238029993,-0.16921856926316536,-0.03520619343692033,"same state/z/raw action; local mapping effect only, no plant propagation"
C2_8,420002,934,Z_mode_existing_controller,True,-0.003934398301825737,False,189.4836347525542,208.01965828066608,189.3022235473176,208.01878940047118,-0.18141120523659993,-0.000868880194900612,"same state/z/raw action; local mapping effect only, no plant propagation"
C2_8,420002,935,Z_mode_existing_controller,True,0.0006705045671424048,True,190.43349814424923,208.1210251451571,190.24960051609136,208.1201996669406,-0.18389762815786526,-0.0008254782164840435,"same state/z/raw action; local mapping effect only, no plant propagation"
C2_8,420002,936,Z_mode_existing_controller,True,0.004913968046712958,True,195.3466474909086,209.12033843312003,195.160461495719,209.12210750830832,-0.18618599518958945,0.0017690751882923905,"same state/z/raw action; local mapping effect only, no plant propagation"
C2_8,420002,937,Omega_safe_one_step_QP,True,0.007579384585102378,True,204.11761924768754,210.1184322900529,203.92780192381153,209.96006877533952,-0.1898173238760137,-0.15836351471338617,"same state/z/raw action; local mapping effect only, no plant propagation"
C2_8,420002,938,Omega_safe_one_step_QP,True,0.006024004035106056,True,213.9594861979599,213.21330252042827,213.76943947772148,213.12122365315696,-0.19004672023842772,-0.09207886727131154,"same state/z/raw action; local mapping effect only, no plant propagation"
C2_8,420002,939,Omega_safe_one_step_QP,True,-0.012703441829174045,False,204.97048715334978,211.8704254327438,204.78764961952788,211.81849266757953,-0.18283753382189616,-0.051932765164252714,"same state/z/raw action; local mapping effect only, no plant propagation"
C2_8,420002,940,Omega_safe_one_step_QP,True,-0.006281044614004139,False,202.34262415358415,210.9489799375363,202.15803763364846,210.86031433869476,-0.1845865199356922,-0.08866559884154412,"same state/z/raw action; local mapping effect only, no plant propagation"
C2_8,420002,941,Omega_safe_one_step_QP,True,-0.006654065731248715,False,204.09674062502083,211.2378539734223,203.91195406913516,211.13743567843352,-0.1847865558856654,-0.10041829498877064,"same state/z/raw action; local mapping effect only, no plant propagation"
C2_8,420002,942,Omega_safe_one_step_QP,True,-0.004124178076660545,False,204.03851858796878,211.20651630991654,203.8528459011165,211.0876666142934,-0.18567268685228555,-0.1188496956231404,"same state/z/raw action; local mapping effect only, no plant propagation"
C2_8,420002,943,Omega_safe_one_step_QP,True,-0.008624657115916479,False,206.1667518070962,211.62864772703134,205.98226698918631,211.50289673358702,-0.18448481790989035,-0.1257509934443135,"same state/z/raw action; local mapping effect only, no plant propagation"
C2_8,420002,944,Omega_safe_one_step_QP,True,-0.008196307932128222,False,203.89040410214227,211.72382697059726,203.70620459034768,211.64993895555858,-0.1841995117945885,-0.07388801503867626,"same state/z/raw action; local mapping effect only, no plant propagation"
C2_8,420002,945,Omega_safe_one_step_QP,True,-0.006335625830519387,False,199.37579345977576,211.6395425950897,199.1918492705819,211.63261794950643,-0.18394418919385203,-0.00692464558326833,"same state/z/raw action; local mapping effect only, no plant propagation"
C2_8,420002,946,Omega_safe_one_step_QP,True,-0.006080584870454542,False,200.9853712399358,211.96283475776661,200.8009833193133,211.94808902301446,-0.1843879206224983,-0.014745734752153794,"same state/z/raw action; local mapping effect only, no plant propagation"
C2_8,420002,947,Omega_safe_one_step_QP,True,-0.008389856268434803,False,203.90445171084943,211.7491158584942,203.72031845938986,211.66574807393934,-0.1841332514595706,-0.08336778455486638,"same state/z/raw action; local mapping effect only, no plant propagation"
C2_8,420002,948,Omega_safe_one_step_QP,True,-0.007531119654363483,False,205.22359654684968,212.00478522082008,205.0389094042922,211.9114643617281,-0.18468714255746477,-0.09332085909198895,"same state/z/raw action; local mapping effect only, no plant propagation"
C2_8,420002,949,Omega_safe_one_step_QP,True,-0.0017717872824758452,False,203.6531610945771,211.6868059846164,203.4667134152462,211.58064910090582,-0.18644767933088247,-0.1061568837105824,"same state/z/raw action; local mapping effect only, no plant propagation"
C2_8,420002,950,Omega_safe_one_step_QP,True,-0.0020851674881547932,False,203.90548417319508,211.77521220728352,203.71910955218766,211.6665629423943,-0.18637462100741686,-0.10864926488920901,"same state/z/raw action; local mapping effect only, no plant propagation"
C2_8,420002,951,Omega_safe_one_step_QP,True,-0.00885253275025727,False,198.6263685342464,211.88143209739667,198.44359849885672,211.8738358117689,-0.18277003538969439,-0.007596285627755606,"same state/z/raw action; local mapping effect only, no plant propagation"
C2_8,420002,952,Omega_safe_one_step_QP,True,-0.003555763427084857,False,203.012916563791,211.67915881531076,202.8272136657389,211.5588998898163,-0.1857028980521136,-0.12025892549445416,"same state/z/raw action; local mapping effect only, no plant propagation"
C2_8,420002,953,Omega_safe_one_step_QP,True,-0.004008532474933824,False,209.74297827456698,213.6537553376559,209.5564113858703,213.56439866377175,-0.1865668886966887,-0.08935667388414004,"same state/z/raw action; local mapping effect only, no plant propagation"
C2_8,420002,954,Omega_safe_one_step_QP,True,-0.0032002390717590368,False,205.95041367452038,212.3367088846679,205.76411697699535,212.19339746006642,-0.1862966975250231,-0.14331142460147817,"same state/z/raw action; local mapping effect only, no plant propagation"
C2_8,420002,955,Omega_safe_one_step_QP,True,-0.005291637599867116,False,203.78430652935782,212.21790381475677,203.59909238087582,212.10218591247803,-0.1852141484820038,-0.1157179022787318,"same state/z/raw action; local mapping effect only, no plant propagation"
C2_8,420002,956,Omega_safe_one_step_QP,True,-0.010743491756884604,False,202.7449841199819,212.28070320886255,202.56194581533745,212.18275307762477,-0.18303830464444104,-0.09795013123778062,"same state/z/raw action; local mapping effect only, no plant propagation"
C2_8,420002,957,Omega_safe_one_step_QP,True,-0.009444507636716282,False,201.6729503685871,213.0647485885662,201.4896763302875,213.04335269054562,-0.18327403829960076,-0.021395898020585946,"same state/z/raw action; local mapping effect only, no plant propagation"
C2_8,420002,958,Z_mode_existing_controller,True,0.002200344211441052,True,197.89595881305002,211.697297769592,197.71134709592053,211.69126835305647,-0.184611717129485,-0.006029416535540122,"same state/z/raw action; local mapping effect only, no plant propagation"
C2_8,420002,959,Z_mode_existing_controller,True,-0.0009508309079616639,False,197.02596148759272,211.50579590461982,196.8430533432033,211.5018849576952,-0.18290814438941538,-0.003910946924605696,"same state/z/raw action; local mapping effect only, no plant propagation"
C2_8,420002,960,Omega_safe_one_step_QP,True,-0.006900865729043804,False,198.7978967859386,212.56089062090138,198.61430794224103,212.55795076035966,-0.18358884369757789,-0.0029398605417156887,"same state/z/raw action; local mapping effect only, no plant propagation"
C2_8,420002,961,Omega_safe_one_step_QP,True,-0.0056838409575835636,False,199.36398304517425,212.68475065215242,199.1797864068362,212.67686146108048,-0.1841966383380509,-0.007889191071939194,"same state/z/raw action; local mapping effect only, no plant propagation"
C2_8,420002,962,Z_mode_existing_controller,True,-0.005891364482633832,False,195.309245509885,211.06919163309442,195.1290244747184,211.06810482033637,-0.18022103516659627,-0.0010868127580465625,"same state/z/raw action; local mapping effect only, no plant propagation"
C2_8,420002,963,Z_mode_existing_controller,True,-0.010718272122092865,False,189.1627594860926,209.5979225239845,188.98514738817036,209.5911781444604,-0.17761209792223553,-0.006744379524093347,"same state/z/raw action; local mapping effect only, no plant propagation"
C2_8,420002,964,Z_mode_existing_controller,True,-0.009646233025556228,False,195.8760385268033,211.11216147710354,195.69782960342457,211.1075212475092,-0.17820892337874739,-0.004640229594343737,"same state/z/raw action; local mapping effect only, no plant propagation"
C2_8,420002,965,Z_mode_existing_controller,True,-0.0011900888940512555,False,196.0662640850806,211.26085600338513,195.88345636627577,211.2576596990822,-0.18280771880483826,-0.0031963043029179516,"same state/z/raw action; local mapping effect only, no plant propagation"
C2_8,420002,966,Omega_safe_one_step_QP,True,-0.020952296171629855,False,187.70902607289048,210.07763699310104,187.53834219486765,210.06758802989637,-0.17068387802282814,-0.010048963204667416,"same state/z/raw action; local mapping effect only, no plant propagation"
C2_8,420002,967,Omega_safe_one_step_QP,True,-0.021247526037751666,False,187.05925985153831,209.31900862422677,186.88736734197195,209.27012862661385,-0.17189250956636215,-0.048879997612914394,"same state/z/raw action; local mapping effect only, no plant propagation"
C2_8,420002,968,Omega_safe_one_step_QP,True,-0.02189062588448675,False,185.54441970340284,208.74281965434213,185.37398779380072,208.68035293169496,-0.17043190960211518,-0.0624667226471729,"same state/z/raw action; local mapping effect only, no plant propagation"
C2_8,420002,969,Z_mode_existing_controller,True,-0.014937856458825265,False,189.3619608035275,209.385063754396,189.18692966608896,209.37918587953814,-0.1750311374385376,-0.005877874857844745,"same state/z/raw action; local mapping effect only, no plant propagation"
C2_8,420002,970,Z_mode_existing_controller,True,-0.008196672326831966,False,195.62254376742857,210.75108686004538,195.44353391420128,210.74844833861886,-0.17900985322728502,-0.0026385214265189916,"same state/z/raw action; local mapping effect only, no plant propagation"
C2_8,420002,971,Z_mode_existing_controller,True,-0.0018810271382933563,False,196.39201632911505,211.0849458693575,196.20957232793086,211.0820750901122,-0.18244400118419435,-0.002870779245313315,"same state/z/raw action; local mapping effect only, no plant propagation"
C2_8,420002,972,Z_mode_existing_controller,True,0.0004761156049984949,True,197.2254830100905,211.20949561551674,197.04175289369485,211.20522698691238,-0.18373011639565107,-0.0042686286043647215,"same state/z/raw action; local mapping effect only, no plant propagation"
C2_8,420002,973,Z_mode_existing_controller,True,-0.0029857662904794746,False,193.84078442544617,210.55096645823141,193.65891697447043,210.54809728585,-0.1818674509757443,-0.0028691723814233683,"same state/z/raw action; local mapping effect only, no plant propagation"
C2_8,420002,974,Omega_safe_one_step_QP,True,-0.019130078161752162,False,182.6317499478061,208.50656169693616,182.4618449100334,208.49047544702006,-0.1699050377727076,-0.01608624991609986,"same state/z/raw action; local mapping effect only, no plant propagation"
C2_8,420002,975,Omega_safe_one_step_QP,True,-0.0063056051469843055,False,180.86485964798217,208.31241592068517,180.68794857713812,208.32573696036553,-0.17691107084405644,0.013321039680363356,"same state/z/raw action; local mapping effect only, no plant propagation"
C2_8,420002,976,Omega_safe_one_step_QP,True,-0.024328308569474908,False,178.52031759611967,207.79476090945658,178.36195115628033,207.82593381839527,-0.15836643983934096,0.03117290893868585,"same state/z/raw action; local mapping effect only, no plant propagation"
C2_8,420002,977,Omega_safe_one_step_QP,True,-0.006676482179882148,False,183.94701361192134,207.6321793857595,183.76853635544134,207.54043866122885,-0.17847725647999368,-0.09174072453066628,"same state/z/raw action; local mapping effect only, no plant propagation"
C2_8,420002,978,Z_mode_existing_controller,True,-0.012147415613923185,False,192.08309686736314,209.3997408990041,191.90621123623794,209.39416969707062,-0.17688563112520228,-0.005571201933463499,"same state/z/raw action; local mapping effect only, no plant propagation"
C2_8,420002,979,Z_mode_existing_controller,True,-0.005664163746880724,False,193.65827619377433,209.77981942909594,193.47786770969014,209.77594823534758,-0.18040848408418242,-0.0038711937483526526,"same state/z/raw action; local mapping effect only, no plant propagation"
C2_8,420002,980,Omega_safe_one_step_QP,True,-0.0030510770649165853,False,203.2498251339467,211.37802543180632,203.06390018634875,211.263187945464,-0.18592494759795386,-0.11483748634231006,"same state/z/raw action; local mapping effect only, no plant propagation"
C2_8,420002,981,Omega_safe_one_step_QP,True,0.0053727698085289655,True,209.60319760695478,213.34508059523847,209.41366730093645,213.27293390150734,-0.18953030601832666,-0.0721466937311277,"same state/z/raw action; local mapping effect only, no plant propagation"
C2_8,420002,982,Omega_safe_one_step_QP,True,0.0037308741382724997,True,215.7496878218069,214.73789410430587,215.56018102573546,214.65795423021623,-0.18950679607144139,-0.07993987408963221,"same state/z/raw action; local mapping effect only, no plant propagation"
C2_8,420002,983,Omega_safe_one_step_QP,True,-0.000402185533152577,False,216.09914496520116,216.07149906953043,215.91078743607977,216.08400386790433,-0.18835752912139014,0.01250479837389662,"same state/z/raw action; local mapping effect only, no plant propagation"
C2_8,420002,984,Omega_safe_one_step_QP,True,-0.013334411408229269,False,208.0039007529368,213.8488633825394,207.82067123726,213.80789601788535,-0.1832295156767998,-0.04096736465405115,"same state/z/raw action; local mapping effect only, no plant propagation"
C2_8,420002,985,Omega_safe_one_step_QP,True,-0.009772242879529658,False,205.31277484819705,212.90231795182328,205.1288467956851,212.81782347328527,-0.1839280525119591,-0.08449447853800507,"same state/z/raw action; local mapping effect only, no plant propagation"
C2_8,420002,986,Omega_safe_one_step_QP,True,-0.011590438357908572,False,199.9822201258744,212.67927452026888,199.80017557439942,212.67092087944795,-0.18204455147497356,-0.008353640820928376,"same state/z/raw action; local mapping effect only, no plant propagation"
C2_8,420002,987,Omega_safe_one_step_QP,True,-0.004575960825870251,False,200.23040736116226,212.70280778560718,200.04559940822574,212.6982698385414,-0.18480795293652363,-0.00453794706578492,"same state/z/raw action; local mapping effect only, no plant propagation"
C2_8,420002,988,Omega_safe_one_step_QP,True,-0.004787770647794676,False,201.9530458659685,212.81924797549615,201.76798346817682,212.79343476241363,-0.18506239779168254,-0.02581321308252882,"same state/z/raw action; local mapping effect only, no plant propagation"
C2_8,420002,989,Omega_safe_one_step_QP,True,-0.0033170572421674094,False,200.77048047424012,212.81393472024266,200.58508794456554,212.80558916292082,-0.18539252967457287,-0.00834555732183162,"same state/z/raw action; local mapping effect only, no plant propagation"
C2_8,420002,990,Z_mode_existing_controller,True,0.0063899089494212635,True,192.75689255790485,210.36328112256976,192.5699957040938,210.37120519533752,-0.18689685381104937,0.0079240727677643,"same state/z/raw action; local mapping effect only, no plant propagation"
C2_8,420002,991,Z_mode_existing_controller,True,-6.238207497510917e-06,False,194.25799603842543,210.5483009854368,194.07456639876574,210.54760170930106,-0.1834296396596926,-0.0006992761357480504,"same state/z/raw action; local mapping effect only, no plant propagation"
C2_8,420002,992,Z_mode_existing_controller,True,-0.013615060556686875,False,190.8801036249649,209.90987068033206,190.70404949656955,209.90887867832367,-0.17605412839535006,-0.0009920020083882264,"same state/z/raw action; local mapping effect only, no plant propagation"
C2_8,420002,993,Z_mode_existing_controller,True,-0.0019127118864318282,False,197.37424065293067,211.316846555026,197.1918252452688,211.3127058022835,-0.18241540766186404,-0.004140752742500808,"same state/z/raw action; local mapping effect only, no plant propagation"
C2_8,420002,994,Omega_safe_one_step_QP,True,-0.008709393915972474,False,205.8308552543901,212.48573885437304,205.64646146445656,212.35348543343994,-0.18439378993352307,-0.13225342093309678,"same state/z/raw action; local mapping effect only, no plant propagation"
C2_8,420002,995,Omega_safe_one_step_QP,True,-0.011880852687417676,False,205.08134029106307,212.71126878530097,204.89819179380783,212.60070095921284,-0.18314849725524596,-0.1105678260881291,"same state/z/raw action; local mapping effect only, no plant propagation"
C2_8,420002,996,Omega_safe_one_step_QP,True,-0.007682556106424543,False,203.44354270619348,212.47050061805186,203.259247986937,212.35862378079005,-0.184294719256485,-0.11187683726180353,"same state/z/raw action; local mapping effect only, no plant propagation"
C2_8,420002,997,Omega_safe_one_step_QP,True,-0.011846742674195387,False,199.8536907980751,212.82095086480152,199.67177955117762,212.80449866219982,-0.18191124689747085,-0.016452202601698218,"same state/z/raw action; local mapping effect only, no plant propagation"
C2_8,420002,998,Omega_safe_one_step_QP,True,-0.00930762039694022,False,203.97754744565034,212.63142552462756,203.79372570550575,212.52160802069432,-0.18382174014459451,-0.10981750393324319,"same state/z/raw action; local mapping effect only, no plant propagation"
C2_8,420002,999,Omega_safe_one_step_QP,True,-0.00884903603945264,False,202.28822004753724,212.6053521710985,202.1045888137148,212.52937755941946,-0.18363123382243884,-0.07597461167904385,"same state/z/raw action; local mapping effect only, no plant propagation"
