episode,scenario,second,X2,P2,P100,F200,safety_mode,in_Z_before,in_Omega_before,reachable_rank_before,requested_residual_norm,applied_residual_norm,omega_exit_event,physical_violation,robust_region_violation,qp_feasible,execution_mask,paper_state_shock_X2,paper_state_shock_P2
255,pressure_positive,0,25.39,51.125,169.50636517164688,238.0180018817282,Omega_safe_one_step_QP,False,True,,0.3222634254614536,0.17809063080438764,False,False,False,True,1.0,0.0,1.0
255,pressure_positive,1,25.366307643040056,51.119444904365324,159.3087313680309,248.1676233019928,Omega_safe_one_step_QP,False,True,,0.34698352120282794,0.28556601416206795,False,False,False,True,1.0,0.0,0.0
255,pressure_positive,2,25.33449467968693,51.1120351704516,163.40394039574988,249.52860663022335,Omega_safe_one_step_QP,False,True,,0.3113100990437526,0.3078879189491272,False,False,False,True,1.0,0.0,0.0
255,pressure_positive,3,25.306158262295092,51.10526590667753,170.10948557789794,249.52860663022335,Omega_safe_one_step_QP,False,True,,0.30366983079164944,0.2975012469291687,False,False,False,True,1.0,0.0,0.0
255,pressure_positive,4,25.28337790467179,51.09958289352025,178.39944918251996,249.52860663022335,Omega_safe_one_step_QP,False,True,,0.27628938560377986,0.26018873691558836,False,False,False,True,1.0,0.0,0.0
255,pressure_positive,5,25.267393246071748,51.095236018086524,182.08562614095774,249.52860663022335,Omega_safe_one_step_QP,False,True,,0.2797891110766177,0.25535925865173337,False,False,False,True,1.0,0.0,0.0
255,pressure_positive,6,25.254455677909455,51.09148700815651,183.4947897205495,249.52860663022335,Omega_safe_one_step_QP,False,True,,0.2909946474785427,0.26722187519073487,False,False,False,True,1.0,0.0,0.0
255,pressure_positive,7,25.242715037447475,51.08797088525334,185.3460101176043,249.52860663022335,Omega_safe_one_step_QP,False,True,,0.2955703568043849,0.2722762084007263,False,False,False,True,1.0,0.0,0.0
255,pressure_positive,8,25.232520627005414,51.08475755686985,187.06668286642903,249.52860663022335,Omega_safe_one_step_QP,False,True,,0.298522012652773,0.2755514860153198,False,False,False,True,1.0,0.0,0.0
255,pressure_positive,9,25.223759356145262,51.08182536902181,188.56988149583734,249.52860663022335,Omega_safe_one_step_QP,False,True,,0.3001260695588493,0.2781424784660339,False,False,False,True,1.0,0.0,0.0
255,pressure_positive,10,25.21624908258617,51.079138855844874,189.94020509710208,249.52860663022335,Omega_safe_one_step_QP,False,True,,0.3006042975162871,0.27956645250320433,False,False,False,True,1.0,0.0,0.0
255,pressure_positive,11,25.20987683250601,51.076676148099146,191.13885770287033,249.52860663022335,Omega_safe_one_step_QP,False,True,,0.3009248222813615,0.28043666839599607,False,False,False,True,1.0,0.0,0.0
255,pressure_positive,12,25.2044991723856,51.07440924536565,192.1498378809511,249.52860663022335,Omega_safe_one_step_QP,False,True,,0.3012369989875442,0.281199209690094,False,False,False,True,1.0,0.0,0.0
255,pressure_positive,13,25.199960632721446,51.07230766988171,193.00628731285553,249.52860663022335,Omega_safe_one_step_QP,False,True,,0.30146264784625804,0.2818327474594116,False,False,False,True,1.0,0.0,0.0
255,pressure_positive,14,25.196133206346087,51.07034631517327,193.74098610662134,249.52860663022335,Omega_safe_one_step_QP,False,True,,0.3015848644735959,0.2822647976875305,False,False,False,True,1.0,0.0,0.0
255,pressure_positive,15,25.192915883683717,51.068505373775665,194.35692380104078,249.52860663022335,Omega_safe_one_step_QP,False,True,,0.30170808662894,0.28266693592071535,False,False,False,True,1.0,0.0,0.0
255,pressure_positive,16,25.190210563030625,51.06676556898691,194.8719341889143,249.52860663022335,Omega_safe_one_step_QP,False,True,,0.3018219026459862,0.28305649995803833,False,False,False,True,1.0,0.0,0.0
255,pressure_positive,17,25.187933940707193,51.06511052216568,195.30925745691923,249.52860663022335,Omega_safe_one_step_QP,False,True,,0.3018829033436833,0.2833672499656677,False,False,False,True,1.0,0.0,0.0
255,pressure_positive,18,25.186021771018776,51.063527607606005,195.67981172445386,249.52860663022335,Omega_safe_one_step_QP,False,True,,0.3019058374520012,0.28361815452575684,False,False,False,True,1.0,0.0,0.0
255,pressure_positive,19,25.184418873346885,51.06200597607026,195.99354396770988,249.52860663022335,Omega_safe_one_step_QP,False,True,,0.30189799287563096,0.2838198137283325,False,False,False,True,1.0,0.0,0.0
255,pressure_positive,20,25.183078304920794,52.060536394998955,184.927973874069,249.52860663022335,Omega_safe_one_step_QP,False,True,,0.40301852997322635,0.2796327567100525,False,False,False,True,1.0,0.0,1.0
255,pressure_positive,21,25.1697165442263,52.056363952435575,188.35859299909228,249.52860663022335,Omega_safe_one_step_QP,False,True,,0.39789687855106565,0.2721574831008911,False,False,False,True,1.0,0.0,0.0
255,pressure_positive,22,25.159173096256126,52.05274752088981,190.48853667476786,249.52860663022335,Omega_safe_one_step_QP,False,True,,0.3983667250535947,0.27206706047058105,False,False,False,True,1.0,0.0,0.0
255,pressure_positive,23,25.15038975696578,52.0494780407256,192.23931959898405,249.52860663022335,Omega_safe_one_step_QP,False,True,,0.39883060704997586,0.272257068157196,False,False,False,True,1.0,0.0,0.0
255,pressure_positive,24,25.143053566158407,52.0464940690496,193.68710989936207,249.52860663022335,Omega_safe_one_step_QP,False,True,,0.3993305785411414,0.27259002685546874,False,False,False,True,1.0,0.0,0.0
255,pressure_positive,25,25.136914533131396,52.04374648406996,194.91703695942002,249.52860663022335,Omega_safe_one_step_QP,False,True,,0.39959349254114696,0.272713258266449,False,False,False,True,1.0,0.0,0.0
255,pressure_positive,26,25.131792343666092,52.04119988168759,195.9051166134803,249.52860663022335,Omega_safe_one_step_QP,False,True,,0.40007541660843526,0.27322624683380126,False,False,False,True,1.0,0.0,0.0
255,pressure_positive,27,25.12748846946143,52.03881512635767,196.75102489457976,249.52860663022335,Omega_safe_one_step_QP,False,True,,0.40038793607007744,0.27352822065353394,False,False,False,True,1.0,0.0,0.0
255,pressure_positive,28,25.123885278972608,52.03656909431709,197.48935882792966,249.52860663022335,Omega_safe_one_step_QP,False,True,,0.40044461114731045,0.27350783586502075,False,False,False,True,1.0,0.0,0.0
255,pressure_positive,29,25.120893464387382,52.03444424529742,198.10575588714673,249.52860663022335,Omega_safe_one_step_QP,False,True,,0.40049901120241527,0.27348685026168823,False,False,False,True,1.0,0.0,0.0
255,pressure_positive,30,25.118412661285475,52.03242079459917,198.623001280997,249.52860663022335,Omega_safe_one_step_QP,False,True,,0.4005239948381279,0.2734376049041748,False,False,False,True,1.0,0.0,0.0
255,pressure_positive,31,25.116361235703355,52.03048264698939,199.05873025235414,249.52860663022335,Omega_safe_one_step_QP,False,True,,0.40050833064822916,0.2733465814590454,False,False,False,True,1.0,0.0,0.0
255,pressure_positive,32,25.114672059122285,52.02861656491063,199.42480092343317,249.52860663022335,Omega_safe_one_step_QP,False,True,,0.40046514119124754,0.2732291007041931,False,False,False,True,1.0,0.0,0.0
255,pressure_positive,33,25.113287806380193,52.02681123885852,199.73375754284456,249.52860663022335,Omega_safe_one_step_QP,False,True,,0.4003867520150104,0.2730740690231323,False,False,False,True,1.0,0.0,0.0
255,pressure_positive,34,25.11216145491454,52.02505739165523,199.99262184029268,249.52860663022335,Omega_safe_one_step_QP,False,True,,0.4002919673523031,0.272905068397522,False,False,False,True,1.0,0.0,0.0
255,pressure_positive,35,25.111251812234713,52.023346891690466,200.20932124311747,249.52860663022335,Omega_safe_one_step_QP,False,True,,0.4001839431580102,0.27272499561309815,False,False,False,True,1.0,0.0,0.0
255,pressure_positive,36,25.110524212656333,52.02167289434871,200.39040623865534,249.52860663022335,Omega_safe_one_step_QP,False,True,,0.400066136158032,0.27253749847412106,False,False,False,True,1.0,0.0,0.0
255,pressure_positive,37,25.1099493843853,52.02002961880347,200.52320039810363,249.52860663022335,Omega_safe_one_step_QP,False,True,,0.4000457271605826,0.27252773523330687,False,False,False,True,1.0,0.0,0.0
255,pressure_positive,38,25.109488027344316,52.0184092769592,200.62444860462745,249.52860663022335,Omega_safe_one_step_QP,False,True,,0.4000712255717541,0.27260665655136107,False,False,False,True,1.0,0.0,0.0
255,pressure_positive,39,25.109114414250325,52.01680677380407,200.71113876119776,249.52860663022335,Omega_safe_one_step_QP,False,True,,0.40007655512175583,0.2726557087898254,False,False,False,True,1.0,0.0,0.0
255,pressure_positive,40,25.108816528264004,53.015219738943074,185.96552771770723,249.52860663022335,Omega_safe_one_step_QP,False,True,,0.4162832832292708,0.30321838617324826,False,False,False,True,1.0,0.0,1.0
255,pressure_positive,41,25.093583727414806,53.01034233206468,191.18341720993237,249.52860663022335,Omega_safe_one_step_QP,False,True,,0.4004522807968323,0.281633083820343,False,False,False,True,1.0,0.0,0.0
255,pressure_positive,42,25.082601127368054,53.00630745824507,192.99460728442787,249.52860663022335,Omega_safe_one_step_QP,False,True,,0.4056918963226433,0.2856365489959717,False,False,False,True,1.0,0.0,0.0
255,pressure_positive,43,25.073121656982785,53.00256921624564,194.77979863973022,249.52860663022335,Omega_safe_one_step_QP,False,True,,0.40683017074766636,0.28690152168273925,False,False,False,True,1.0,0.0,0.0
255,pressure_positive,44,25.06511680493009,52.99912265639559,196.0943451434724,249.52860663022335,Omega_safe_one_step_QP,False,True,,0.40924023594756337,0.2899312591552734,False,False,False,True,1.0,0.0,0.0
255,pressure_positive,45,25.058203097319332,52.995891887869476,197.1981019154225,249.52860663022335,Omega_safe_one_step_QP,False,True,,0.41162525260307686,0.29289211750030514,False,False,False,True,1.0,0.0,0.0
255,pressure_positive,46,25.052206828512542,52.99284269144896,198.15461964480198,249.52860663022335,Omega_safe_one_step_QP,False,True,,0.41372695056826264,0.2954950618743896,False,False,False,True,1.0,0.0,0.0
255,pressure_positive,47,25.04700603541414,52.98995108167808,198.94691654940996,249.52860663022335,Omega_safe_one_step_QP,False,True,,0.4158375172569668,0.29815317392349244,False,False,False,True,1.0,0.0,0.0
255,pressure_positive,48,25.04246586409487,52.987190428077824,199.61508785569453,249.52860663022335,Omega_safe_one_step_QP,False,True,,0.4178206648248585,0.3007344889640808,False,False,False,True,1.0,0.0,0.0
255,pressure_positive,49,25.03848417777067,52.98454057034783,200.28505025438355,249.52860663022335,Omega_safe_one_step_QP,False,True,,0.41894906156759004,0.3021835684776306,False,False,False,True,1.0,0.0,0.0
255,pressure_positive,50,25.035059896489987,52.98200149613993,200.81159876947962,249.52860663022335,Omega_safe_one_step_QP,False,True,,0.4203415708393805,0.303954598903656,False,False,False,True,1.0,0.0,0.0
255,pressure_positive,51,25.032076052664756,52.97955002196968,201.23949312554393,249.52860663022335,Omega_safe_one_step_QP,False,True,,0.42182974971290776,0.3058333039283752,False,False,False,True,1.0,0.0,0.0
255,pressure_positive,52,25.02945196320275,52.97717016944211,201.6394802824172,249.52860663022335,Omega_safe_one_step_QP,False,True,,0.42299570835930766,0.3072731566429138,False,False,False,True,1.0,0.0,0.0
255,pressure_positive,53,25.027163792215962,52.97485729286812,201.9890331530204,249.52860663022335,Omega_safe_one_step_QP,False,True,,0.42403957424983657,0.3085469698905945,False,False,False,True,1.0,0.0,0.0
255,pressure_positive,54,25.025169841835325,52.97260316437632,202.28935611998543,249.52860663022335,Omega_safe_one_step_QP,False,True,,0.4250344286745337,0.3097258758544922,False,False,False,True,1.0,0.0,0.0
255,pressure_positive,55,25.023429567383104,52.97039977050767,202.5416532915112,249.52860663022335,Omega_safe_one_step_QP,False,True,,0.42599384367111837,0.31087871074676515,False,False,False,True,1.0,0.0,0.0
255,pressure_positive,56,25.02190356774867,52.96823931157022,202.75459553060927,249.52860663022335,Omega_safe_one_step_QP,False,True,,0.4269143413667194,0.3090079275018311,False,False,False,True,1.0,0.0,0.0
255,pressure_positive,57,25.020559535335163,52.966115392571716,202.93255699825195,249.52860663022335,Omega_safe_one_step_QP,False,True,,0.42781062159923394,0.30722831282540425,False,False,False,True,1.0,0.0,0.0
255,pressure_positive,58,25.019368794190207,52.96402233377572,203.08190189094418,249.52860663022335,Omega_safe_one_step_QP,False,True,,0.4286804996158059,0.30573486389848203,False,False,False,True,1.0,0.0,0.0
255,pressure_positive,59,25.01830787045726,52.96195548633387,203.20809835737063,249.52860663022335,Omega_safe_one_step_QP,False,True,,0.4295202952194529,0.3044728992342175,False,False,False,True,1.0,0.0,0.0
255,pressure_positive,60,25.017357753933418,52.95991108652005,203.3174944256941,249.52860663022335,Omega_safe_one_step_QP,False,True,,0.4303144247940491,0.30337893855098286,False,False,False,True,1.0,0.0,0.0
255,pressure_positive,61,25.016504580296314,52.95788639375714,203.41186467603916,249.52860663022335,Omega_safe_one_step_QP,False,True,,0.43107031088334674,0.30243523604753225,False,False,False,True,1.0,0.0,0.0
255,pressure_positive,62,25.015735959906674,52.95587895804536,203.49225395349924,249.52860663022335,Omega_safe_one_step_QP,False,True,,0.4317985538604618,0.3016313432729315,False,False,False,True,1.0,0.0,0.0
255,pressure_positive,63,25.015040388983927,52.9538865027271,203.5607599424834,249.52860663022335,Omega_safe_one_step_QP,False,True,,0.4325014984940485,0.30094628338308993,False,False,False,True,1.0,0.0,0.0
255,pressure_positive,64,25.014408085524963,52.95190709202634,203.61929352104806,249.52860663022335,Omega_safe_one_step_QP,False,True,,0.4331802635729072,0.30036094759744325,False,False,False,True,1.0,0.0,0.0
255,pressure_positive,65,25.0138308328454,52.949939100319774,203.6694490339953,249.52860663022335,Omega_safe_one_step_QP,False,True,,0.43383584123834507,0.2998593924679706,False,False,False,True,1.0,0.0,0.0
255,pressure_positive,66,25.013301720372365,52.947981160789695,203.7125195186452,249.52860663022335,Omega_safe_one_step_QP,False,True,,0.43446939243757327,0.29942868762147196,False,False,False,True,1.0,0.0,0.0
255,pressure_positive,67,25.01281489772951,52.94603211664479,203.74956077840284,249.52860663022335,Omega_safe_one_step_QP,False,True,,0.43508221026213567,0.2990582750238954,False,False,False,True,1.0,0.0,0.0
255,pressure_positive,68,25.01236538100496,52.944090982697034,203.78145148455948,249.52860663022335,Omega_safe_one_step_QP,False,True,,0.43567552614932376,0.2987393679623289,False,False,False,True,1.0,0.0,0.0
255,pressure_positive,69,25.011948907800743,52.94215691663293,203.80891779815974,249.52860663022335,Omega_safe_one_step_QP,False,True,,0.4362505663534935,0.2984647048263265,False,False,False,True,1.0,0.0,0.0
255,pressure_positive,70,25.011561812547317,52.940229194291206,203.83257111584376,249.52860663022335,Omega_safe_one_step_QP,False,True,,0.43680848078530765,0.2982281716494861,False,False,False,True,1.0,0.0,0.0
255,pressure_positive,71,25.011200932460675,52.93830719103049,203.8529268286336,249.52860663022335,Omega_safe_one_step_QP,False,True,,0.437350378812088,0.2980246145215878,False,False,False,True,1.0,0.0,0.0
255,pressure_positive,72,25.01086352886393,52.93639036614068,203.87045220249112,249.52860663022335,Omega_safe_one_step_QP,False,True,,0.43787701771010845,0.29784936078301266,False,False,False,True,1.0,0.0,0.0
255,pressure_positive,73,25.01054724703611,52.93447825493696,203.8854885561224,249.52860663022335,Omega_safe_one_step_QP,False,True,,0.4383895011115212,0.29769899724669974,False,False,False,True,1.0,0.0,0.0
255,pressure_positive,74,25.01025001415648,52.932570448456545,203.8983853446964,249.52860663022335,Omega_safe_one_step_QP,False,True,,0.4388884917589577,0.2975700293609597,False,False,False,True,1.0,0.0,0.0
255,pressure_positive,75,25.009970044627433,52.93066659460669,203.90940682915513,249.52860663022335,Omega_safe_one_step_QP,False,True,,0.43937475526771186,0.2974598145163726,False,False,False,True,1.0,0.0,0.0
255,pressure_positive,76,25.00970577093379,52.92876638441635,203.9188016583097,249.52860663022335,Omega_safe_one_step_QP,False,True,,0.4398488752758175,0.29736586622482686,False,False,False,True,1.0,0.0,0.0
255,pressure_positive,77,25.009455830290733,52.92686954942849,203.92677763688968,249.52860663022335,Omega_safe_one_step_QP,False,True,,0.44031141349029157,0.2972861064390271,False,False,False,True,1.0,0.0,0.0
255,pressure_positive,78,25.009219031222795,52.92497585507305,203.9334976633609,249.52860663022335,Omega_safe_one_step_QP,False,True,,0.44076300189754747,0.29721890617431485,False,False,False,True,1.0,0.0,0.0
255,pressure_positive,79,25.00899431704127,52.92308509340951,203.93914065961656,249.52860663022335,Omega_safe_one_step_QP,False,True,,0.4412039411935193,0.29716247621175823,False,False,False,True,1.0,0.0,0.0
255,pressure_positive,80,25.008780778071657,52.92119708561201,203.94381759223447,249.52860663022335,Omega_safe_one_step_QP,False,True,,0.4416348108199329,0.29711570688557914,False,False,False,True,1.0,0.0,0.0
255,pressure_positive,81,25.008577596848944,52.9193116710467,203.94765965281545,249.52860663022335,Omega_safe_one_step_QP,False,True,,0.4420558905072385,0.2970772862797695,False,False,False,True,1.0,0.0,0.0
255,pressure_positive,82,25.008384063871564,52.9174287104501,203.95109621053285,249.52860663022335,Omega_safe_one_step_QP,False,True,,0.44246522582826625,0.2970429207025952,False,False,False,True,1.0,0.0,0.0
255,pressure_positive,83,25.008199814990377,52.91554813345411,203.9546229188175,249.52860663022335,Omega_safe_one_step_QP,False,True,,0.44286017061436644,0.29700765361974873,False,False,False,True,1.0,0.0,0.0
255,pressure_positive,84,25.00802488287246,52.91366994897873,203.9578129779131,249.52860663022335,Omega_safe_one_step_QP,False,True,,0.44324361924299954,0.29697575302879264,False,False,False,True,1.0,0.0,0.0
255,pressure_positive,85,25.007858959638376,52.91179409781634,203.96025601948594,249.52860663022335,Omega_safe_one_step_QP,False,True,,0.44361872256272944,0.2969513226130644,False,False,False,True,1.0,0.0,0.0
255,pressure_positive,86,25.00770141135028,52.90992045543615,203.9625594366605,249.52860663022335,Omega_safe_one_step_QP,False,True,,0.44398327095630435,0.29692828844131863,False,False,False,True,1.0,0.0,0.0
255,pressure_positive,87,25.007552091092588,52.90804899457136,203.96560897101634,249.52860663022335,Omega_safe_one_step_QP,False,True,,0.44433304790736516,0.29689779309776043,False,False,False,True,1.0,0.0,0.0
255,pressure_positive,88,25.00741155900247,52.906179829376825,203.97412541425885,249.52860663022335,Omega_safe_one_step_QP,False,True,,0.44463332078966294,0.29681262866533525,False,False,False,True,1.0,0.0,0.0
255,pressure_positive,89,25.007284138175596,52.90431382704056,203.9848583649963,249.52860663022335,Omega_safe_one_step_QP,False,True,,0.4448998089698838,0.2967052991579608,False,False,False,True,1.0,0.0,0.0
255,pressure_positive,90,25.00717154176169,52.90245133374026,203.99345586474493,249.52860663022335,Omega_safe_one_step_QP,False,True,,0.44515944678264596,0.2966193241604744,False,False,False,True,1.0,0.0,0.0
255,pressure_positive,91,25.00707200497157,52.90059200025556,203.9998431951592,249.52860663022335,Omega_safe_one_step_QP,False,True,,0.4454153437501524,0.2965554508563318,False,False,False,True,1.0,0.0,0.0
255,pressure_positive,92,25.006983710568466,52.89873546638416,204.0072069383791,249.52860663022335,Omega_safe_one_step_QP,False,True,,0.4456453477190403,0.29648181342413255,False,False,False,True,1.0,0.0,0.0
255,pressure_positive,93,25.006907390193344,52.896881881402635,204.01353884155168,249.52860663022335,Omega_safe_one_step_QP,False,True,,0.44586423675806525,0.29641849439240714,False,False,False,True,1.0,0.0,0.0
255,pressure_positive,94,25.006842170817396,52.89503107371977,204.0180391102352,249.52860663022335,Omega_safe_one_step_QP,False,True,,0.4460795824336778,0.2963734917055717,False,False,False,True,1.0,0.0,0.0
255,pressure_positive,95,25.006786545052655,52.893182744579306,204.0209271362646,249.52860663022335,Omega_safe_one_step_QP,False,True,,0.44629202186948985,0.29634461144527796,False,False,False,True,1.0,0.0,0.0
255,pressure_positive,96,25.006739186578525,52.891336631039756,204.02246558326107,249.52860663022335,Omega_safe_one_step_QP,False,True,,0.44650162798926607,0.2963292269753131,False,False,False,True,1.0,0.0,0.0
255,pressure_positive,97,25.006698983919122,52.889492512783036,204.02290429519272,249.52860663022335,Omega_safe_one_step_QP,False,True,,0.44670824649248536,0.2963248398559966,False,False,False,True,1.0,0.0,0.0
255,pressure_positive,98,25.006665029349133,52.88765020995401,204.02242242748324,249.52860663022335,Omega_safe_one_step_QP,False,True,,0.44691193825431375,0.29632965853309146,False,False,False,True,1.0,0.0,0.0
255,pressure_positive,99,25.006636561691497,52.88580957177132,204.02117633587923,249.52860663022335,Omega_safe_one_step_QP,False,True,,0.447112727096932,0.2963421194491315,False,False,False,True,1.0,0.0,0.0
255,pressure_positive,100,25.006612947541,52.88397047281079,204.01929044720606,249.52860663022335,Omega_safe_one_step_QP,False,True,,0.4473106503949751,0.2963609783358632,False,False,False,True,1.0,0.0,0.0
255,pressure_positive,101,25.006593655282984,52.88213280784204,204.01686887940213,249.52860663022335,Omega_safe_one_step_QP,False,True,,0.4475057572143836,0.2963851940139024,False,False,False,True,1.0,0.0,0.0
255,pressure_positive,102,25.006578238484874,52.88029648853329,204.01399660876592,249.52860663022335,Omega_safe_one_step_QP,False,True,,0.44769810118895925,0.29641391672026457,False,False,False,True,1.0,0.0,0.0
255,pressure_positive,103,25.006566320285874,52.87846144035127,204.01074902119996,249.52860663022335,Omega_safe_one_step_QP,False,True,,0.4478877151407602,0.29644639259592426,False,False,False,True,1.0,0.0,0.0
255,pressure_positive,104,25.00655758546744,52.87662760099368,204.00994007597936,249.52860663022335,Omega_safe_one_step_QP,False,True,,0.4480577038972804,0.29645448204813013,False,False,False,True,1.0,0.0,0.0
255,pressure_positive,105,25.006553964381837,52.874795357372655,204.01103897063925,249.52860663022335,Omega_safe_one_step_QP,False,True,,0.44820876594173703,0.29644349310153134,False,False,False,True,1.0,0.0,0.0
255,pressure_positive,106,25.00655695625863,52.87296501066141,204.01706845769772,249.52860663022335,Omega_safe_one_step_QP,False,True,,0.4483171121195536,0.2963831982309467,False,False,False,True,1.0,0.0,0.0
255,pressure_positive,107,25.006570465119008,52.8711373435943,204.02598174877406,249.52860663022335,Omega_safe_one_step_QP,False,True,,0.4483910530645102,0.2962940653201833,False,False,False,True,1.0,0.0,0.0
255,pressure_positive,108,25.006596746833974,52.86931281019065,204.03248169179489,249.52860663022335,Omega_safe_one_step_QP,False,True,,0.44846313453488534,0.2962290658899749,False,False,False,True,1.0,0.0,0.0
255,pressure_positive,109,25.006633823395592,52.867491017949526,204.0367162724429,249.52860663022335,Omega_safe_one_step_QP,False,True,,0.44853534416019475,0.29618672008349484,False,False,False,True,1.0,0.0,0.0
255,pressure_positive,110,25.006679842784962,52.86567159904154,204.0390787118171,249.52860663022335,Omega_safe_one_step_QP,False,True,,0.44860753821855154,0.2961630956897529,False,False,False,True,1.0,0.0,0.0
255,pressure_positive,111,25.00673327405145,52.863854249376104,204.04116418538544,249.52860663022335,Omega_safe_one_step_QP,False,True,,0.44867071828073035,0.29614224095406927,False,False,False,True,1.0,0.0,0.0
255,pressure_positive,112,25.006793864659087,52.86203892023558,204.04292237954832,249.52860663022335,Omega_safe_one_step_QP,False,True,,0.44872556616396897,0.2961246590124407,False,False,False,True,1.0,0.0,0.0
255,pressure_positive,113,25.006861322958784,52.860225555006906,204.0433237277786,249.52860663022335,Omega_safe_one_step_QP,False,True,,0.44877974869604537,0.2961206455301378,False,False,False,True,1.0,0.0,0.0
255,pressure_positive,114,25.006934537319744,52.85841393293531,204.0425429376277,249.52860663022335,Omega_safe_one_step_QP,False,True,,0.4488336705638008,0.29612845343164684,False,False,False,True,1.0,0.0,0.0
255,pressure_positive,115,25.007012539917394,52.85660386173931,204.04078825583764,249.52860663022335,Omega_safe_one_step_QP,False,True,,0.44888728784630194,0.2961460002495474,False,False,False,True,1.0,0.0,0.0
255,pressure_positive,116,25.007094532905224,52.85479518288607,204.03822114503407,249.52860663022335,Omega_safe_one_step_QP,False,True,,0.44894061928355156,0.2961716713575832,False,False,False,True,1.0,0.0,0.0
255,pressure_positive,117,25.007179850418083,52.85298776403496,204.03498746671914,249.52860663022335,Omega_safe_one_step_QP,False,True,,0.44899359057518706,0.2962040081407322,False,False,False,True,1.0,0.0,0.0
255,pressure_positive,118,25.007267945599207,52.851181496477395,204.0311964654801,249.52860663022335,Omega_safe_one_step_QP,False,True,,0.4490462716680825,0.29624191815312273,False,False,False,True,1.0,0.0,0.0
255,pressure_positive,119,25.007358360917635,52.84937628923008,204.0269460020093,249.52860663022335,Omega_safe_one_step_QP,False,True,,0.449098590451708,0.29628442278783074,False,False,False,True,1.0,0.0,0.0
255,pressure_positive,120,25.0074507187303,52.84757206717064,204.02231156106728,249.52860663022335,Omega_safe_one_step_QP,False,True,,0.4491506168527071,0.2963307671972509,False,False,False,True,1.0,0.0,0.0
255,pressure_positive,121,25.007544703114878,52.84576876742426,204.017358458555,249.52860663022335,Omega_safe_one_step_QP,False,True,,0.4492023346032132,0.2963802982223737,False,False,False,True,1.0,0.0,0.0
255,pressure_positive,122,25.007640051511764,52.843966337708,204.012141362968,249.52860663022335,Omega_safe_one_step_QP,False,True,,0.44925373908237376,0.29643246917824384,False,False,False,True,1.0,0.0,0.0
255,pressure_positive,123,25.007736546017902,52.84216473460319,204.00670174056216,249.52860663022335,Omega_safe_one_step_QP,False,True,,0.4493048931703563,0.29648686540230207,False,False,False,True,1.0,0.0,0.0
255,pressure_positive,124,25.007834002677725,52.8403639214248,204.00107857470712,249.52860663022335,Omega_safe_one_step_QP,False,True,,0.4493557572893952,0.2965430970608525,False,False,False,True,1.0,0.0,0.0
255,pressure_positive,125,25.007932269366833,52.83856386780712,203.99530020495587,249.52860663022335,Omega_safe_one_step_QP,False,True,,0.4494063710167855,0.2966008807583652,False,False,False,True,1.0,0.0,0.0
255,pressure_positive,126,25.00803121717489,52.83676454798819,203.9893924833416,249.52860663022335,Omega_safe_one_step_QP,False,True,,0.4494567576458015,0.29665995797450784,False,False,False,True,1.0,0.0,0.0
255,pressure_positive,127,25.008130738328592,52.83496594040049,203.983377042942,249.52860663022335,Omega_safe_one_step_QP,False,True,,0.4495069288182727,0.2967201123785038,False,False,False,True,1.0,0.0,0.0
255,pressure_positive,128,25.008230742741944,52.833168026986385,203.97727198605946,249.52860663022335,Omega_safe_one_step_QP,False,True,,0.4495568728819267,0.2967811629473293,False,False,False,True,1.0,0.0,0.0
255,pressure_positive,129,25.008331155129206,52.831370792625265,203.97109246015734,249.52860663022335,Omega_safe_one_step_QP,False,True,,0.4496066014773694,0.2968429582063504,False,False,False,True,1.0,0.0,0.0
255,pressure_positive,130,25.00843191258881,52.82957422465408,203.96710634119495,249.52860663022335,Omega_safe_one_step_QP,False,True,,0.4496413408423106,0.2968828193959743,False,False,False,True,1.0,0.0,0.0
255,pressure_positive,131,25.008534761382645,52.82777867234693,203.96489457835924,249.52860663022335,Omega_safe_one_step_QP,False,True,,0.4496613368103294,0.29690493702433157,False,False,False,True,1.0,0.0,0.0
255,pressure_positive,132,25.00864110652232,52.82598441717145,203.96206771059963,249.52860663022335,Omega_safe_one_step_QP,False,True,,0.449680442049943,0.2969332057019276,False,False,False,True,1.0,0.0,0.0
255,pressure_positive,133,25.008750441477844,52.824191358536766,203.9586110241606,249.52860663022335,Omega_safe_one_step_QP,False,True,,0.4496995241989542,0.2969677725663177,False,False,False,True,1.0,0.0,0.0
255,pressure_positive,134,25.008862250013372,52.822399393774596,203.9546297579682,249.52860663022335,Omega_safe_one_step_QP,False,True,,0.44971857858994246,0.2970075852282417,False,False,False,True,1.0,0.0,0.0
255,pressure_positive,135,25.008976101904683,52.82060843728638,203.95023344935566,249.52860663022335,Omega_safe_one_step_QP,False,True,,0.449737507626766,0.29705154831436703,False,False,False,True,1.0,0.0,0.0
255,pressure_positive,136,25.00909165602324,52.81881842118327,203.94581212256452,249.52860663022335,Omega_safe_one_step_QP,False,True,,0.449754766001782,0.2970957615822785,False,False,False,True,1.0,0.0,0.0
255,pressure_positive,137,25.00920888370841,52.817029339998115,203.9410540273842,249.52860663022335,Omega_safe_one_step_QP,False,True,,0.44977182005765354,0.29714334253408164,False,False,False,True,1.0,0.0,0.0
255,pressure_positive,138,25.009327507746896,52.81524113853034,203.935999548843,249.52860663022335,Omega_safe_one_step_QP,False,True,,0.44978879539169797,0.2971938873194937,False,False,False,True,1.0,0.0,0.0
255,pressure_positive,139,25.009447284249443,52.81345376817216,203.93070173475962,249.52860663022335,Omega_safe_one_step_QP,False,True,,0.4498056710735682,0.2972468654603277,False,False,False,True,1.0,0.0,0.0
255,pressure_positive,140,25.00956801261806,52.81166718891151,203.92520070386595,249.52860663022335,Omega_safe_one_step_QP,False,True,,0.4498224354380309,0.2973018757692643,False,False,False,True,1.0,0.0,0.0
255,pressure_positive,141,25.00968952505977,52.809881367245694,203.9195278833972,249.52860663022335,Omega_safe_one_step_QP,False,True,,0.449839151346562,0.2973586039739519,False,False,False,True,1.0,0.0,0.0
255,pressure_positive,142,25.009811679522457,52.80809627477693,203.91371814710175,249.52860663022335,Omega_safe_one_step_QP,False,True,,0.44985573500084647,0.2974167013369063,False,False,False,True,1.0,0.0,0.0
255,pressure_positive,143,25.009934362341095,52.80631188874857,203.90778997539772,249.52860663022335,Omega_safe_one_step_QP,False,True,,0.44987225389635477,0.2974759830539467,False,False,False,True,1.0,0.0,0.0
255,pressure_positive,144,25.010057475047677,52.80452818941392,203.90176739853212,249.52860663022335,Omega_safe_one_step_QP,False,True,,0.4498886638163161,0.2975362088226027,False,False,False,True,1.0,0.0,0.0
255,pressure_positive,145,25.010180938737417,52.80274516091378,203.89566410518185,249.52860663022335,Omega_safe_one_step_QP,False,True,,0.4499050043314535,0.2975972417561053,False,False,False,True,1.0,0.0,0.0
255,pressure_positive,146,25.01030468574122,52.80096278961568,203.88949368676782,249.52860663022335,Omega_safe_one_step_QP,False,True,,0.4499212637813282,0.29765894594024545,False,False,False,True,1.0,0.0,0.0
255,pressure_positive,147,25.0104286595032,52.79918106409237,203.8832675161261,249.52860663022335,Omega_safe_one_step_QP,False,True,,0.44993746546182334,0.29772120764666277,False,False,False,True,1.0,0.0,0.0
255,pressure_positive,148,25.010552812766488,52.79739997476185,203.87810447107032,249.52860663022335,Omega_safe_one_step_QP,False,True,,0.44994249151573024,0.2977728380972206,False,False,False,True,1.0,0.0,0.0
255,pressure_positive,149,25.0106779909836,52.79561969061596,203.87373941885193,249.52860663022335,Omega_safe_one_step_QP,False,True,,0.44993744772597516,0.2978164886194046,False,False,False,True,1.0,0.0,0.0
255,pressure_positive,150,25.010804824723955,52.793840337884504,203.86908319973298,249.52860663022335,Omega_safe_one_step_QP,False,True,,0.44993192589039605,0.29786305081059383,False,False,False,True,1.0,0.0,0.0
255,pressure_positive,151,25.010933073207426,52.79206186865349,203.86413028230547,249.52860663022335,Omega_safe_one_step_QP,False,True,,0.4499263561768191,0.2979125799848691,False,False,False,True,1.0,0.0,0.0
255,pressure_positive,152,25.011062492205877,52.790284234254926,203.85892732053952,249.52860663022335,Omega_safe_one_step_QP,False,True,,0.4499207548390114,0.29796460960252863,False,False,False,True,1.0,0.0,0.0
255,pressure_positive,153,25.01119287568574,52.78850739359639,203.8535197853854,249.52860663022335,Omega_safe_one_step_QP,False,True,,0.44991511262638384,0.29801868495406975,False,False,False,True,1.0,0.0,0.0
255,pressure_positive,154,25.011324054711544,52.78673131295185,203.84794145458525,249.52860663022335,Omega_safe_one_step_QP,False,True,,0.44990941786933647,0.29807446826207135,False,False,False,True,1.0,0.0,0.0
255,pressure_positive,155,25.0114558879697,52.78495596407587,203.84222059454447,249.52860663022335,Omega_safe_one_step_QP,False,True,,0.4499036822116717,0.29813167686247904,False,False,False,True,1.0,0.0,0.0
255,pressure_positive,156,25.011588257261536,52.783181323309364,203.8363830051435,249.52860663022335,Omega_safe_one_step_QP,False,True,,0.4498979010303543,0.29819005275648897,False,False,False,True,1.0,0.0,0.0
255,pressure_positive,157,25.011721065443293,52.78140737117366,203.83045028488183,249.52860663022335,Omega_safe_one_step_QP,False,True,,0.44989205804847027,0.2982493799591055,False,False,False,True,1.0,0.0,0.0
255,pressure_positive,158,25.01185423299037,52.77963409168879,203.82443407894166,249.52860663022335,Omega_safe_one_step_QP,False,True,,0.4498861741364491,0.2983095420185071,False,False,False,True,1.0,0.0,0.0
255,pressure_positive,159,25.011987689986796,52.77786147077577,203.81835055179556,249.52860663022335,Omega_safe_one_step_QP,False,True,,0.44988026799683967,0.29837037728996807,False,False,False,True,1.0,0.0,0.0
255,pressure_positive,160,25.012121379692047,52.776089496972624,203.81221323835464,249.52860663022335,Omega_safe_one_step_QP,False,True,,0.4498743116974835,0.2984317504243773,False,False,False,True,1.0,0.0,0.0
255,pressure_positive,161,25.012255256390663,52.77431816100776,203.80602918140252,249.52860663022335,Omega_safe_one_step_QP,False,True,,0.44986830983858483,0.29849359099389866,False,False,False,True,1.0,0.0,0.0
255,pressure_positive,162,25.012389280169106,52.772547454758055,203.79980855662782,249.52860663022335,Omega_safe_one_step_QP,False,True,,0.44986226947215835,0.2985557972416456,False,False,False,True,1.0,0.0,0.0
255,pressure_positive,163,25.01252341939185,52.7707773717457,203.79355559560585,249.52860663022335,Omega_safe_one_step_QP,False,True,,0.44985619519771575,0.2986183268518652,False,False,False,True,1.0,0.0,0.0
255,pressure_positive,164,25.012657645926357,52.769007906185244,203.78727812144308,249.52860663022335,Omega_safe_one_step_QP,False,True,,0.44985008240927726,0.29868110159349315,False,False,False,True,1.0,0.0,0.0
255,pressure_positive,165,25.01279193799424,52.76723905355484,203.78097839693936,249.52860663022335,Omega_safe_one_step_QP,False,True,,0.4498439357036667,0.29874409883853026,False,False,False,True,1.0,0.0,0.0
255,pressure_positive,166,25.012926275710075,52.765470809705555,203.77466474339914,249.52860663022335,Omega_safe_one_step_QP,False,True,,0.4498377342148967,0.2988072353739324,False,False,False,True,1.0,0.0,0.0
255,pressure_positive,167,25.013060645907107,52.76370317182716,203.76833341182513,249.52860663022335,Omega_safe_one_step_QP,False,True,,0.449831538395245,0.2988705486896726,False,False,False,True,1.0,0.0,0.0
255,pressure_positive,168,25.013195032481036,52.76193613651839,203.76199411268954,249.52860663022335,Omega_safe_one_step_QP,False,True,,0.4498252761233319,0.29893394168102844,False,False,False,True,1.0,0.0,0.0
255,pressure_positive,169,25.01332942713944,52.76016970193636,203.75573653610476,249.52860663022335,Omega_safe_one_step_QP,False,True,,0.4498186423985727,0.29899651744687616,False,False,False,True,1.0,0.0,0.0
255,pressure_positive,170,25.013463893176713,52.75840388055536,203.74956098828193,249.52860663022335,Omega_safe_one_step_QP,False,True,,0.44981180817778255,0.29905827292510445,False,False,False,True,1.0,0.0,0.0
255,pressure_positive,171,25.013598493878558,52.75663868486483,203.74336048748935,249.52860663022335,Omega_safe_one_step_QP,False,True,,0.44980485896663197,0.29912027793303037,False,False,False,True,1.0,0.0,0.0
255,pressure_positive,172,25.013733206928798,52.75487411024854,203.73712881243034,249.52860663022335,Omega_safe_one_step_QP,False,True,,0.44979788773132556,0.2991825946836203,False,False,False,True,1.0,0.0,0.0
255,pressure_positive,173,25.013868005137844,52.75311015110956,203.7308714418412,249.52860663022335,Omega_safe_one_step_QP,False,True,,0.4497908827972419,0.29924516838951176,False,False,False,True,1.0,0.0,0.0
255,pressure_positive,174,25.014002865796453,52.751346802739974,203.72459510546784,249.52860663022335,Omega_safe_one_step_QP,False,True,,0.4497838279010117,0.2993079317532454,False,False,False,True,1.0,0.0,0.0
255,pressure_positive,175,25.01413777165589,52.74958406151809,203.71830115123686,249.52860663022335,Omega_safe_one_step_QP,False,True,,0.4497767626379946,0.29937087129555534,False,False,False,True,1.0,0.0,0.0
255,pressure_positive,176,25.014272706612445,52.74782192404672,203.71199713499547,249.52860663022335,Omega_safe_one_step_QP,False,True,,0.4497696428228895,0.299433911457969,False,False,False,True,1.0,0.0,0.0
255,pressure_positive,177,25.014407660655618,52.746060388143206,203.70568081303992,249.52860663022335,Omega_safe_one_step_QP,False,True,,0.4497624892918853,0.29949707467752457,False,False,False,True,1.0,0.0,0.0
255,pressure_positive,178,25.01454262202551,52.74429945127238,203.69935458124792,249.52860663022335,Omega_safe_one_step_QP,False,True,,0.4497553137124265,0.29956033699544454,False,False,False,True,1.0,0.0,0.0
255,pressure_positive,179,25.014677580921383,52.742539111287876,203.69302473527955,249.52860663022335,Omega_safe_one_step_QP,False,True,,0.44974808357403095,0.2996236354551284,False,False,False,True,1.0,0.0,0.0
255,pressure_positive,180,25.01481253260518,52.740779367053385,203.6866879768634,249.52860663022335,Omega_safe_one_step_QP,False,True,,0.44974083138158694,0.2996870030392898,False,False,False,True,1.0,0.0,0.0
255,pressure_positive,181,25.014947469726955,52.73902021690899,203.68034796517625,249.52860663022335,Omega_safe_one_step_QP,False,True,,0.44973354087921075,0.29975040315616114,False,False,False,True,1.0,0.0,0.0
255,pressure_positive,182,25.015082387886213,52.73726165978282,203.6762865749097,249.52860663022335,Omega_safe_one_step_QP,False,True,,0.4497057848189362,0.2997910170588266,False,False,False,True,1.0,0.0,0.0
255,pressure_positive,183,25.015219103263693,52.73550405874271,203.6740085023505,249.52860663022335,Omega_safe_one_step_QP,False,True,,0.44965880685961646,0.29981379778441886,False,False,False,True,1.0,0.0,0.0
255,pressure_positive,184,25.015359029591888,52.73374769684451,203.6711846976567,249.52860663022335,Omega_safe_one_step_QP,False,True,,0.449610866835122,0.2998420358313567,False,False,False,True,1.0,0.0,0.0
255,pressure_positive,185,25.01550171671866,52.73199248472143,203.66779985306346,249.52860663022335,Omega_safe_one_step_QP,False,True,,0.4495629128075177,0.29987588427728934,False,False,False,True,1.0,0.0,0.0
255,pressure_positive,186,25.015646704080513,52.73023833080433,203.66394373518568,249.52860663022335,Omega_safe_one_step_QP,False,True,,0.44951493764063755,0.2999144454560668,False,False,False,True,1.0,0.0,0.0
255,pressure_positive,187,25.01579360457824,52.72848515809497,203.65969360158255,249.52860663022335,Omega_safe_one_step_QP,False,True,,0.44946696467472536,0.2999569467920983,False,False,False,True,1.0,0.0,0.0
255,pressure_positive,188,25.01594209430267,52.72673290213061,203.6551183959277,249.52860663022335,Omega_safe_one_step_QP,False,True,,0.449418961406454,0.30000269884864667,False,False,False,True,1.0,0.0,0.0
255,pressure_positive,189,25.016091905648757,52.724981509623554,203.6502715384386,249.52860663022335,Omega_safe_one_step_QP,False,True,,0.449370927824825,0.30005116742353766,False,False,False,True,1.0,0.0,0.0
255,pressure_positive,190,25.01624281470483,52.7232309359539,203.64519773297658,249.52860663022335,Omega_safe_one_step_QP,False,True,,0.4493228756071632,0.30010190547815796,False,False,False,True,1.0,0.0,0.0
255,pressure_positive,191,25.016394634123483,52.721481143755234,203.6399408264217,249.52860663022335,Omega_safe_one_step_QP,False,True,,0.4492747443444042,0.30015447454370686,False,False,False,True,1.0,0.0,0.0
255,pressure_positive,192,25.0165472122917,52.71973210275837,203.63453109951888,249.52860663022335,Omega_safe_one_step_QP,False,True,,0.44922655742071643,0.3002085718127349,False,False,False,True,1.0,0.0,0.0
255,pressure_positive,193,25.01670042236393,52.717983787607416,203.62899389188897,249.52860663022335,Omega_safe_one_step_QP,False,True,,0.44917829146145893,0.30026394388903427,False,False,False,True,1.0,0.0,0.0
255,pressure_positive,194,25.01685415822066,52.71623617705802,203.62335469972078,249.52860663022335,Omega_safe_one_step_QP,False,True,,0.4491299490838849,0.3003203358107159,False,False,False,True,1.0,0.0,0.0
255,pressure_positive,195,25.017008334510592,52.714489253991324,203.61898670912214,249.52860663022335,Omega_safe_one_step_QP,False,True,,0.449071377200454,0.30036401571670246,False,False,False,True,1.0,0.0,0.0
255,pressure_positive,196,25.017163961887558,52.712743220464596,203.61496092295425,249.52860663022335,Omega_safe_one_step_QP,False,True,,0.4490079522983404,0.3004042735783812,False,False,False,True,1.0,0.0,0.0
255,pressure_positive,197,25.017321305710073,52.710998129746415,203.61061074542488,249.52860663022335,Omega_safe_one_step_QP,False,True,,0.44894424695121005,0.300447775353675,False,False,False,True,1.0,0.0,0.0
255,pressure_positive,198,25.017480098391733,52.709253928589014,203.60600031508204,249.52860663022335,Omega_safe_one_step_QP,False,True,,0.44888026196356245,0.3004938796571033,False,False,False,True,1.0,0.0,0.0
255,pressure_positive,199,25.01764012459371,52.70751057412277,203.60116618162814,249.52860663022335,Omega_safe_one_step_QP,False,True,,0.44881602269525034,0.3005422209916423,False,False,False,True,1.0,0.0,0.0
255,pressure_positive,200,25.01780119900239,52.705768029425705,203.5961496339001,249.52860663022335,Omega_safe_one_step_QP,False,True,,0.44875150847256073,0.3005923864689228,False,False,False,True,1.0,0.0,0.0
255,pressure_positive,201,25.01796316999093,52.704026264263746,203.59097880319845,249.52860663022335,Omega_safe_one_step_QP,False,True,,0.44868673559867717,0.3006440947759394,False,False,False,True,1.0,0.0,0.0
255,pressure_positive,202,25.018125908985983,52.702285252973056,203.58567936751075,249.52860663022335,Omega_safe_one_step_QP,False,True,,0.4486217041512152,0.3006970891328163,False,False,False,True,1.0,0.0,0.0
255,pressure_positive,203,25.018289308418037,52.70054497405625,203.58026852303004,249.52860663022335,Omega_safe_one_step_QP,False,True,,0.44855644664093236,0.3007511975776233,False,False,False,True,1.0,0.0,0.0
255,pressure_positive,204,25.018453274869636,52.69880540881767,203.5747713713427,249.52860663022335,Omega_safe_one_step_QP,False,True,,0.4484909144910537,0.30080616909449687,False,False,False,True,1.0,0.0,0.0
255,pressure_positive,205,25.018617735326945,52.69706654261734,203.56919821459266,249.52860663022335,Omega_safe_one_step_QP,False,True,,0.44842516363838747,0.30086190066199725,False,False,False,True,1.0,0.0,0.0
255,pressure_positive,206,25.018782625289084,52.69532836249844,203.5635619478769,249.52860663022335,Omega_safe_one_step_QP,False,True,,0.4483591590204183,0.3009182633291547,False,False,False,True,1.0,0.0,0.0
255,pressure_positive,207,25.018947890803226,52.69359085759648,203.55787550747948,249.52860663022335,Omega_safe_one_step_QP,False,True,,0.44829290793095944,0.30097512773312907,False,False,False,True,1.0,0.0,0.0
255,pressure_positive,208,25.019113488455343,52.691854019140315,203.55214758116057,249.52860663022335,Omega_safe_one_step_QP,False,True,,0.4482264221742191,0.3010324069963182,False,False,False,True,1.0,0.0,0.0
255,pressure_positive,209,25.019279381937988,52.69011783976848,203.54638758436468,249.52860663022335,Omega_safe_one_step_QP,False,True,,0.4481596621939784,0.3010900069642769,False,False,False,True,1.0,0.0,0.0
255,pressure_positive,210,25.01944554260259,52.68838231364156,203.54059696696226,249.52860663022335,Omega_safe_one_step_QP,False,True,,0.44809267220495547,0.3011479131383012,False,False,False,True,1.0,0.0,0.0
255,pressure_positive,211,25.01961194307254,52.68664743516694,203.53478336196727,249.52860663022335,Omega_safe_one_step_QP,False,True,,0.4480254478111826,0.30120604918825106,False,False,False,True,1.0,0.0,0.0
255,pressure_positive,212,25.01977856217217,52.68491319998484,203.52895316495832,249.52860663022335,Omega_safe_one_step_QP,False,True,,0.44795794945212314,0.30126435115834044,False,False,False,True,1.0,0.0,0.0
255,pressure_positive,213,25.01994538391455,52.683179604767545,203.52310744445882,249.52860663022335,Omega_safe_one_step_QP,False,True,,0.4478902168690139,0.3013228083633357,False,False,False,True,1.0,0.0,0.0
255,pressure_positive,214,25.020112393229805,52.68144664636651,203.51724923139165,249.52860663022335,Omega_safe_one_step_QP,False,True,,0.44782223842402863,0.30138139049400736,False,False,False,True,1.0,0.0,0.0
255,pressure_positive,215,25.02027957752748,52.67971432212508,203.5113810616432,249.52860663022335,Omega_safe_one_step_QP,False,True,,0.4477540142045539,0.30144007219149177,False,False,False,True,1.0,0.0,0.0
255,pressure_positive,216,25.020446926291577,52.67798262979812,203.50550934838307,249.52860663022335,Omega_safe_one_step_QP,False,True,,0.44768551191618444,0.30149878932409296,False,False,False,True,1.0,0.0,0.0
255,pressure_positive,217,25.02061443416641,52.67625156816968,203.49963089186747,249.52860663022335,Omega_safe_one_step_QP,False,True,,0.44761676403713724,0.30155757388924914,False,False,False,True,1.0,0.0,0.0
255,pressure_positive,218,25.020782093264742,52.6745211355162,203.4937515800217,249.52860663022335,Omega_safe_one_step_QP,False,True,,0.44754775001996155,0.30161636700770694,False,False,False,True,1.0,0.0,0.0
255,pressure_positive,219,25.020949900430043,52.67279133105806,203.4878656277993,249.52860663022335,Omega_safe_one_step_QP,False,True,,0.4474785067863542,0.30167522652993084,False,False,False,True,1.0,0.0,0.0
255,pressure_positive,220,25.02111784790228,52.671062153094304,203.48198104270298,249.52860663022335,Omega_safe_one_step_QP,False,True,,0.44740899761248487,0.30173407238089406,False,False,False,True,1.0,0.0,0.0
255,pressure_positive,221,25.021285934343165,52.6693336012061,203.47609382193437,249.52860663022335,Omega_safe_one_step_QP,False,True,,0.44733923147987026,0.3017929445885802,False,False,False,True,1.0,0.0,0.0
255,pressure_positive,222,25.02145415522589,52.6676056743367,203.47020918144605,249.52860663022335,Omega_safe_one_step_QP,False,True,,0.4472691996066579,0.30185179099346315,False,False,False,True,1.0,0.0,0.0
255,pressure_positive,223,25.021622510204775,52.66587837226429,203.46432721117824,249.52860663022335,Omega_safe_one_step_QP,False,True,,0.44719890210130003,0.3019106106961414,False,False,False,True,1.0,0.0,0.0
255,pressure_positive,224,25.021790999007788,52.66415169478173,203.4584415486924,249.52860663022335,Omega_safe_one_step_QP,False,True,,0.4471283758473632,0.3019694673209998,False,False,False,True,1.0,0.0,0.0
255,pressure_positive,225,25.021959616286924,52.66242564066686,203.45256186414798,249.52860663022335,Omega_safe_one_step_QP,False,True,,0.4470575562386736,0.3020282641664439,False,False,False,True,1.0,0.0,0.0
255,pressure_positive,226,25.022128364433403,52.66070021024369,203.44668340884607,249.52860663022335,Omega_safe_one_step_QP,False,True,,0.44698647572673217,0.30208704871946324,False,False,False,True,1.0,0.0,0.0
255,pressure_positive,227,25.022297242039606,52.65897540307728,203.44080648308054,249.52860663022335,Omega_safe_one_step_QP,False,True,,0.44691514616547545,0.3021458179771183,False,False,False,True,1.0,0.0,0.0
255,pressure_positive,228,25.022466247943694,52.65725121878152,203.4349334835291,249.52860663022335,Omega_safe_one_step_QP,False,True,,0.44684355149285593,0.30220454797263263,False,False,False,True,1.0,0.0,0.0
255,pressure_positive,229,25.022635382901694,52.65552765735353,203.42906213239186,249.52860663022335,Omega_safe_one_step_QP,False,True,,0.44677168446488413,0.3022632614840053,False,False,False,True,1.0,0.0,0.0
255,pressure_positive,230,25.02280464584923,52.65380471842668,203.42319266044285,249.52860663022335,Omega_safe_one_step_QP,False,True,,0.44669956869857314,0.3023219562034953,False,False,False,True,1.0,0.0,0.0
255,pressure_positive,231,25.022974035910863,52.65208240167187,203.41732955196662,249.52860663022335,Omega_safe_one_step_QP,False,True,,0.4466271602154275,0.30238058728825756,False,False,False,True,1.0,0.0,0.0
255,pressure_positive,232,25.023143555794,52.650360707476224,203.4114679931077,249.52860663022335,Omega_safe_one_step_QP,False,True,,0.44655450321042267,0.3024392028768468,False,False,False,True,1.0,0.0,0.0
255,pressure_positive,233,25.0233132043538,52.648639635457364,203.40560822969903,249.52860663022335,Omega_safe_one_step_QP,False,True,,0.44648158602237586,0.30249780051093356,False,False,False,True,1.0,0.0,0.0
255,pressure_positive,234,25.023482980646694,52.64691918527289,203.39975261287606,249.52860663022335,Omega_safe_one_step_QP,False,True,,0.44640840436844115,0.30255635667916336,False,False,False,True,1.0,0.0,0.0
255,pressure_positive,235,25.023652885609827,52.64519935695627,203.39390097251345,249.52860663022335,Omega_safe_one_step_QP,False,True,,0.44633493481868175,0.30261487308278945,False,False,False,True,1.0,0.0,0.0
255,pressure_positive,236,25.02382292004131,52.64348015051343,203.38805316591515,249.52860663022335,Omega_safe_one_step_QP,False,True,,0.44626121279741365,0.30267335114877214,False,False,False,True,1.0,0.0,0.0
255,pressure_positive,237,25.023993084622667,52.64176156592728,203.38220907334232,249.52860663022335,Omega_safe_one_step_QP,False,True,,0.446187214873611,0.3027317920745006,False,False,False,True,1.0,0.0,0.0
255,pressure_positive,238,25.024163379937615,52.640043603161374,203.3763664485038,249.52860663022335,Omega_safe_one_step_QP,False,True,,0.44611295730178363,0.3027902183228858,False,False,False,True,1.0,0.0,0.0
255,pressure_positive,239,25.024333804775203,52.638326261820644,203.37052984014096,249.52860663022335,Omega_safe_one_step_QP,False,True,,0.44603840789910737,0.3028485844065141,False,False,False,True,1.0,0.0,0.0
255,pressure_positive,240,25.02450436156031,52.63660954223669,203.3646966341036,249.52860663022335,Omega_safe_one_step_QP,False,True,,0.44596359470549507,0.30290691646688783,False,False,False,True,1.0,0.0,0.0
255,pressure_positive,241,25.024675050622154,52.63489344432281,203.35886677978914,249.52860663022335,Omega_safe_one_step_QP,False,True,,0.44588850605349245,0.30296521501003226,False,False,False,True,1.0,0.0,0.0
255,pressure_positive,242,25.02484587224873,52.63317796798419,203.3530380887794,249.52860663022335,Omega_safe_one_step_QP,False,True,,0.44581316997720355,0.3030235019201297,False,False,False,True,1.0,0.0,0.0
255,pressure_positive,243,25.02501682498069,52.63146311277677,203.34721515826968,249.52860663022335,Omega_safe_one_step_QP,False,True,,0.445737530742273,0.30308173122522697,False,False,False,True,1.0,0.0,0.0
255,pressure_positive,244,25.025187911034276,52.62974887899104,203.3413954146549,249.52860663022335,Omega_safe_one_step_QP,False,True,,0.4456616399652681,0.30313992866137474,False,False,False,True,1.0,0.0,0.0
255,pressure_positive,245,25.025359130563217,52.628035266505734,203.33558098705444,249.52860663022335,Omega_safe_one_step_QP,False,True,,0.44558544626318425,0.3031980729373793,False,False,False,True,1.0,0.0,0.0
255,pressure_positive,246,25.02553048542049,52.62632227553944,203.32976722805208,249.52860663022335,Omega_safe_one_step_QP,False,True,,0.44550901738937315,0.303256210527403,False,False,False,True,1.0,0.0,0.0
255,pressure_positive,247,25.025701973742716,52.62460990556824,203.3239588144256,249.52860663022335,Omega_safe_one_step_QP,False,True,,0.4454322858215781,0.3033142946636679,False,False,False,True,1.0,0.0,0.0
255,pressure_positive,248,25.02587359740735,52.62289815681569,203.31815538492663,249.52860663022335,Omega_safe_one_step_QP,False,True,,0.4453552752726381,0.3033723289586576,False,False,False,True,1.0,0.0,0.0
255,pressure_positive,249,25.026045357996484,52.621187029446816,203.31235449122025,249.52860663022335,Omega_safe_one_step_QP,False,True,,0.44527799018967024,0.3034303378957213,False,False,False,True,1.0,0.0,0.0
255,pressure_positive,250,25.026217255132128,52.61947652323526,203.30655836728656,249.52860663022335,Omega_safe_one_step_QP,False,True,,0.4452004145691981,0.30348829913505826,False,False,False,True,1.0,0.0,0.0
255,pressure_positive,251,25.026389290221438,52.61776663831147,203.30076459922878,249.52860663022335,Omega_safe_one_step_QP,False,True,,0.44512257645546743,0.303546236815636,False,False,False,True,1.0,0.0,0.0
255,pressure_positive,252,25.026561462739654,52.61605737442012,203.2949733040891,249.52860663022335,Omega_safe_one_step_QP,False,True,,0.44504446416309823,0.3036041497670328,False,False,False,True,1.0,0.0,0.0
255,pressure_positive,253,25.026733772258023,52.61434873132496,203.28918672530887,249.52860663022335,Omega_safe_one_step_QP,False,True,,0.4449660735070125,0.3036620155548351,False,False,False,True,1.0,0.0,0.0
255,pressure_positive,254,25.026906220140724,52.6126407091481,203.2834046026797,249.52860663022335,Omega_safe_one_step_QP,False,True,,0.44488739280540723,0.30371983678112674,False,False,False,True,1.0,0.0,0.0
255,pressure_positive,255,25.027078807539258,52.61093330796957,203.2776267182071,249.52860663022335,Omega_safe_one_step_QP,False,True,,0.44480843399715636,0.30377761562585276,False,False,False,True,1.0,0.0,0.0
255,pressure_positive,256,25.027251535426995,52.6092265278341,203.2718507434572,249.52860663022335,Omega_safe_one_step_QP,False,True,,0.44472918968519815,0.3038353753733518,False,False,False,True,1.0,0.0,0.0
255,pressure_positive,257,25.027424402915273,52.60752036841452,203.26607901278317,249.52860663022335,Omega_safe_one_step_QP,False,True,,0.44464967933565386,0.30389309268009224,False,False,False,True,1.0,0.0,0.0
255,pressure_positive,258,25.02759741098282,52.60581482975674,203.2603113420521,249.52860663022335,Omega_safe_one_step_QP,False,True,,0.44456986762460765,0.3039507693874029,False,False,False,True,1.0,0.0,0.0
255,pressure_positive,259,25.027770560457952,52.60410991187693,203.2545475769423,249.52860663022335,Omega_safe_one_step_QP,False,True,,0.4444897783185624,0.30400840703850085,False,False,False,True,1.0,0.0,0.0
255,pressure_positive,260,25.027943852042956,52.60240561476633,203.24878758808111,249.52860663022335,Omega_safe_one_step_QP,False,True,,0.44440939972577403,0.3040660069271128,False,False,False,True,1.0,0.0,0.0
255,pressure_positive,261,25.02811728633452,52.6007019383953,203.24303126697492,249.52860663022335,Omega_safe_one_step_QP,False,True,,0.44432874380167203,0.3041235701381746,False,False,False,True,1.0,0.0,0.0
255,pressure_positive,262,25.02829086384082,52.59899888271668,203.23727852260518,249.52860663022335,Omega_safe_one_step_QP,False,True,,0.4442477988511633,0.3041810975818719,False,False,False,True,1.0,0.0,0.0
255,pressure_positive,263,25.028464584995817,52.59729644766869,203.23152927857785,249.52860663022335,Omega_safe_one_step_QP,False,True,,0.4441665650029966,0.3042385900221452,False,False,False,True,1.0,0.0,0.0
255,pressure_positive,264,25.02863845017123,52.59559463317724,203.22578347074128,249.52860663022335,Omega_safe_one_step_QP,False,True,,0.44408505422101724,0.3042960481005111,False,False,False,True,1.0,0.0,0.0
255,pressure_positive,265,25.02881245968656,52.593893439157966,203.22004319095512,249.52860663022335,Omega_safe_one_step_QP,False,True,,0.44400323872175057,0.30435345089837257,False,False,False,True,1.0,0.0,0.0
255,pressure_positive,266,25.028986615530386,52.59219286586026,203.21430376064603,249.52860663022335,Omega_safe_one_step_QP,False,True,,0.4439211508046064,0.30441084520146344,False,False,False,True,1.0,0.0,0.0
255,pressure_positive,267,25.02916091594899,52.59049291278602,203.2085698306886,249.52860663022335,Omega_safe_one_step_QP,False,True,,0.4438387702777748,0.3044681845010379,False,False,False,True,1.0,0.0,0.0
255,pressure_positive,268,25.02933536290887,52.58879358018037,203.20284101812237,249.52860663022335,Omega_safe_one_step_QP,False,True,,0.44375608544324907,0.3045254726267,False,False,False,True,1.0,0.0,0.0
255,pressure_positive,269,25.029509958063425,52.58709486822644,203.1971127107506,249.52860663022335,Omega_safe_one_step_QP,False,True,,0.4436731404335916,0.304582755700418,False,False,False,True,1.0,0.0,0.0
255,pressure_positive,270,25.029684699378006,52.585396776370565,203.19138961501122,249.52860663022335,Omega_safe_one_step_QP,False,True,,0.443589891390501,0.3046399866578116,False,False,False,True,1.0,0.0,0.0
255,pressure_positive,271,25.02985958858374,52.5836993048114,203.1856713944302,249.52860663022335,Omega_safe_one_step_QP,False,True,,0.4435063384545835,0.30469716886362197,False,False,False,True,1.0,0.0,0.0
255,pressure_positive,272,25.030034627136693,52.58200245369307,203.1799556214845,249.52860663022335,Omega_safe_one_step_QP,False,True,,0.4434225096861955,0.3047543265930786,False,False,False,True,1.0,0.0,0.0
255,pressure_positive,273,25.03020981454965,52.580306222771725,203.17424454769966,249.52860663022335,Omega_safe_one_step_QP,False,True,,0.4433383773077251,0.30481143733092725,False,False,False,True,1.0,0.0,0.0
255,pressure_positive,274,25.030385152135256,52.578610612163175,203.16853577387218,249.52860663022335,Omega_safe_one_step_QP,False,True,,0.4432539575227784,0.30486852506920215,False,False,False,True,1.0,0.0,0.0
255,pressure_positive,275,25.03056063928603,52.57691562159982,203.16283157523443,249.52860663022335,Omega_safe_one_step_QP,False,True,,0.4431692462682378,0.30492556705557944,False,False,False,True,1.0,0.0,0.0
255,pressure_positive,276,25.03073627721378,52.57522125117759,203.15713171818714,249.52860663022335,Omega_safe_one_step_QP,False,True,,0.4430842318324316,0.30498256562605236,False,False,False,True,1.0,0.0,0.0
255,pressure_positive,277,25.03091206693945,52.573527500954626,203.15143386130146,249.52860663022335,Omega_safe_one_step_QP,False,True,,0.44299893041325666,0.30503954419490925,False,False,False,True,1.0,0.0,0.0
255,pressure_positive,278,25.031088007611103,52.571834370615036,203.14574032816782,249.52860663022335,Omega_safe_one_step_QP,False,True,,0.44291333796404503,0.30509647952624563,False,False,False,True,1.0,0.0,0.0
255,pressure_positive,279,25.031264100235713,52.57014186021429,203.14005307141736,249.52860663022335,Omega_safe_one_step_QP,False,True,,0.44282742671935227,0.3051533520937503,False,False,False,True,1.0,0.0,0.0
255,pressure_positive,280,25.03144034737559,52.568449970119076,203.1343672959769,249.52860663022335,Omega_safe_one_step_QP,False,True,,0.44274124079688726,0.3052102098481549,False,False,False,True,1.0,0.0,0.0
255,pressure_positive,281,25.031616747755066,52.56675869992964,203.12868540957825,249.52860663022335,Omega_safe_one_step_QP,False,True,,0.4426547524251724,0.3052670287121414,False,False,False,True,1.0,0.0,0.0
255,pressure_positive,282,25.031793302026298,52.565068049631286,203.12319611700357,249.52860663022335,Omega_safe_one_step_QP,False,True,,0.442566550158162,0.30532192163788807,False,False,False,True,1.0,0.0,0.0
255,pressure_positive,283,25.031970161495682,52.56337804932222,203.11809025550568,249.52860663022335,Omega_safe_one_step_QP,False,True,,0.4424749710306274,0.3053729802528671,False,False,False,True,1.0,0.0,0.0
255,pressure_positive,284,25.032147629224905,52.5616887594732,203.11288251225957,249.52860663022335,Omega_safe_one_step_QP,False,True,,0.4423831679791343,0.3054250576853281,False,False,False,True,1.0,0.0,0.0
255,pressure_positive,285,25.03232561959884,52.560000162947595,203.10761572136852,249.52860663022335,Omega_safe_one_step_QP,False,True,,0.44229099622684637,0.3054777255942386,False,False,False,True,1.0,0.0,0.0
255,pressure_positive,286,25.032504081543152,52.55831224949002,203.10229793159778,249.52860663022335,Omega_safe_one_step_QP,False,True,,0.44219846012339553,0.30553090349194617,False,False,False,True,1.0,0.0,0.0
255,pressure_positive,287,25.03268297061407,52.55662501015688,203.09693801480313,249.52860663022335,Omega_safe_one_step_QP,False,True,,0.4421055479709714,0.30558450265989257,False,False,False,True,1.0,0.0,0.0
255,pressure_positive,288,25.032862249629083,52.554938437444164,203.09154124855908,249.52860663022335,Omega_safe_one_step_QP,False,True,,0.4420122997632643,0.30563847032233304,False,False,False,True,1.0,0.0,0.0
255,pressure_positive,289,25.03304188576831,52.55325252471004,203.08611418592196,249.52860663022335,Omega_safe_one_step_QP,False,True,,0.44191870379854403,0.30569274094870424,False,False,False,True,1.0,0.0,0.0
255,pressure_positive,290,25.033221851575444,52.55156726637605,203.08066445573633,249.52860663022335,Omega_safe_one_step_QP,False,True,,0.4418247323467326,0.3057472382505606,False,False,False,True,1.0,0.0,0.0
255,pressure_positive,291,25.0334021257953,52.549882658095896,203.07519201247416,249.52860663022335,Omega_safe_one_step_QP,False,True,,0.4417304414274305,0.3058019626831822,False,False,False,True,1.0,0.0,0.0
255,pressure_positive,292,25.033582687221678,52.54819869552751,203.06970323810162,249.52860663022335,Omega_safe_one_step_QP,False,True,,0.44163579140945386,0.3058568504269076,False,False,False,True,1.0,0.0,0.0
255,pressure_positive,293,25.033763519829087,52.54651537535868,203.06420133529286,249.52860663022335,Omega_safe_one_step_QP,False,True,,0.4415408062841362,0.30591186945499527,False,False,False,True,1.0,0.0,0.0
255,pressure_positive,294,25.033944610213613,52.54483269479696,203.05868898369886,249.52860663022335,Omega_safe_one_step_QP,False,True,,0.44144547434103476,0.3059669929709352,False,False,False,True,1.0,0.0,0.0
255,pressure_positive,295,25.03412594716486,52.54315065148479,203.053168425336,249.52860663022335,Omega_safe_one_step_QP,False,True,,0.4413498076811507,0.30602219855456375,False,False,False,True,1.0,0.0,0.0
255,pressure_positive,296,25.034307521307788,52.5414692434285,203.04763939026262,249.52860663022335,Omega_safe_one_step_QP,False,True,,0.44125379867914283,0.30607748890529773,False,False,False,True,1.0,0.0,0.0
255,pressure_positive,297,25.03448932308971,52.53978846859649,203.04210808121704,249.52860663022335,Omega_safe_one_step_QP,False,True,,0.4411574274285175,0.3061328019957533,False,False,False,True,1.0,0.0,0.0
255,pressure_positive,298,25.034671347949153,52.538108325952194,203.03657326788317,249.52860663022335,Omega_safe_one_step_QP,False,True,,0.44106072204561725,0.30618815012909195,False,False,False,True,1.0,0.0,0.0
255,pressure_positive,299,25.03485359036095,52.53642881426528,203.0310339121213,249.52860663022335,Omega_safe_one_step_QP,False,True,,0.44096368680433784,0.30624354368671075,False,False,False,True,1.0,0.0,0.0
255,pressure_negative,0,25.39,49.125,178.10528669606734,185.27571637446223,Omega_safe_one_step_QP,False,True,687,0.39971913456515085,0.2861063734304949,False,False,False,True,1.0,0.0,-1.0
255,pressure_negative,1,25.379603666162442,49.12424853877389,178.02964948698389,183.02470038022335,Omega_safe_one_step_QP,False,True,685,0.3364356194454456,0.30657151222229,False,False,False,True,1.0,0.0,0.0
255,pressure_negative,2,25.36918800921425,49.123571610762966,180.24891131425204,183.02470038022335,Omega_safe_one_step_QP,False,True,684,0.32488034585222547,0.30500308513641355,False,False,False,True,1.0,0.0,0.0
255,pressure_negative,3,25.360609196028115,49.123253071625804,181.51617035604153,183.02470038022335,Omega_safe_one_step_QP,False,True,683,0.33179003354658565,0.3092906284332275,False,False,False,True,1.0,0.0,0.0
255,pressure_negative,4,25.353088180830586,49.123140034516915,182.94997675890005,183.02470038022335,Omega_safe_one_step_QP,False,True,682,0.33236254372430496,0.30980243682861325,False,False,False,True,1.0,0.0,0.0
255,pressure_negative,5,25.346754421225516,49.12325851970507,184.40703277645895,183.02470038022335,Omega_safe_one_step_QP,False,True,681,0.32800763924636656,0.30771323204040524,False,False,False,True,1.0,0.0,0.0
255,pressure_negative,6,25.341621053531615,49.12361161135141,185.54897649761187,183.02470038022335,Omega_safe_one_step_QP,False,True,679,0.32475049658233685,0.30638038873672485,False,False,False,True,1.0,0.0,0.0
255,pressure_negative,7,25.337427878537582,49.124148391169776,186.3971349411548,183.02470038022335,Omega_safe_one_step_QP,False,True,678,0.3226927770883844,0.3061095929145813,False,False,False,True,1.0,0.0,0.0
255,pressure_negative,8,25.333933271938292,49.12482148152085,186.97450891826279,183.02470038022335,Omega_safe_one_step_QP,False,True,677,0.3224893130873168,0.30715275764465333,False,False,False,True,1.0,0.0,0.0
255,pressure_negative,9,25.330915369092804,49.12558730280833,187.38385265594712,183.02470038022335,Omega_safe_one_step_QP,False,True,676,0.3230868463477621,0.3089248609542847,False,False,False,True,1.0,0.0,0.0
255,pressure_negative,10,25.328236346936762,49.12641878999114,187.77152516032476,183.02470038022335,Omega_safe_one_step_QP,False,True,674,0.3234506894074737,0.3102372121810913,False,False,False,True,1.0,0.0,0.0
255,pressure_negative,11,25.325877233203226,49.12731230651315,188.1193659664888,183.02470038022335,Omega_safe_one_step_QP,False,True,673,0.32374540137011576,0.3113092589378357,False,False,False,True,1.0,0.0,0.0
255,pressure_negative,12,25.323804483178,49.128261327755425,188.42381577148277,183.02470038022335,Omega_safe_one_step_QP,False,True,672,0.3238907007753672,0.31224350452423094,False,False,False,True,1.0,0.0,0.0
255,pressure_negative,13,25.321981833570735,49.12925877878441,188.69395978142072,183.02470038022335,Omega_safe_one_step_QP,False,True,671,0.323980604545042,0.3130214309692383,False,False,False,True,1.0,0.0,0.0
255,pressure_negative,14,25.32038052219356,49.13029905358739,188.93313637923728,183.02470038022335,Omega_safe_one_step_QP,False,True,669,0.32403822054500475,0.31366702795028684,False,False,False,True,1.0,0.0,0.0
255,pressure_negative,15,25.318974611735637,49.13137709404661,189.14399827779303,183.02470038022335,Omega_safe_one_step_QP,False,True,668,0.32406830523260216,0.3142055082321167,False,False,False,True,1.0,0.0,0.0
255,pressure_negative,16,25.317740421755694,49.13248827903508,189.32926738528076,183.02470038022335,Omega_safe_one_step_QP,False,True,667,0.32407472008668375,0.3146568918228149,False,False,False,True,1.0,0.0,0.0
255,pressure_negative,17,25.3166565731754,49.1336284342717,189.49161219278605,183.02470038022335,Omega_safe_one_step_QP,False,True,666,0.3240607134811913,0.31503714323043824,False,False,False,True,1.0,0.0,0.0
255,pressure_negative,18,25.315703934003157,49.13479382258555,189.63355559237695,183.02470038022335,Omega_safe_one_step_QP,False,True,664,0.32402909245225736,0.3153592014312744,False,False,False,True,1.0,0.0,0.0
255,pressure_negative,19,25.314865491217944,49.13598111949775,189.7574489229748,183.02470038022335,Omega_safe_one_step_QP,False,True,663,0.3239824582904984,0.31563349485397335,False,False,False,True,1.0,0.0,0.0
255,pressure_negative,20,25.31412620253281,48.137187384728605,201.75581604196753,183.02470038022335,Omega_safe_one_step_QP,False,True,,0.41644366039120356,0.31462270975112916,False,False,False,True,1.0,0.0,-1.0
255,pressure_negative,21,25.326238240987816,48.14122875237364,207.63121028714522,183.02470038022335,Omega_safe_one_step_QP,False,True,,0.36463653180190403,0.23151482820510863,False,False,False,True,1.0,0.0,0.0
255,pressure_negative,22,25.343050612582402,48.146199766254576,227.47104772549093,183.02470038022335,Omega_safe_one_step_QP,False,True,,0.2841060169886861,0.0006135198567062683,False,False,False,True,1.0,0.0,0.0
255,pressure_negative,23,25.37585316646889,48.15432634581525,202.97387420720497,183.02470038022335,Omega_safe_one_step_QP,False,True,,0.33356174303652064,0.1787337827682495,False,False,False,True,1.0,0.0,0.0
255,pressure_negative,24,25.38871620513203,48.15852483024369,202.4501719010345,183.02470038022335,Omega_safe_one_step_QP,False,True,,0.32302187194772025,0.15811631798744202,False,False,False,True,1.0,0.0,0.0
255,pressure_negative,25,25.40110434119538,48.162631401949,198.6193452741889,183.02470038022335,Omega_safe_one_step_QP,False,True,,0.32943310908258794,0.17151662349700927,False,False,False,True,1.0,0.0,0.0
255,pressure_negative,26,25.41033844377625,48.166118568874836,185.12400224416123,183.02470038022335,Omega_safe_one_step_QP,False,True,,0.4023398698761616,0.2878522682189941,False,False,False,True,1.0,0.0,0.0
255,pressure_negative,27,25.408594635811273,48.167445761699035,184.1345479177562,183.02470038022335,Omega_safe_one_step_QP,False,True,,0.401845961840913,0.3010242748260498,False,False,False,True,1.0,0.0,0.0
255,pressure_negative,28,25.406050901962818,48.16861444366017,184.5346918144894,183.02470038022335,Omega_safe_one_step_QP,False,True,,0.4015346233901331,0.3018954348564148,False,False,False,True,1.0,0.0,0.0
255,pressure_negative,29,25.403836578629427,48.169846787258145,184.95981812137333,183.02470038022335,Omega_safe_one_step_QP,False,True,,0.4018059499150502,0.30185942888259887,False,False,False,True,1.0,0.0,0.0
255,pressure_negative,30,25.401970497218553,48.17114660594579,185.32213798701588,183.02470038022335,Omega_safe_one_step_QP,False,True,,0.4020477093639741,0.3017565822601318,False,False,False,True,1.0,0.0,0.0
255,pressure_negative,31,25.40040030122432,48.17250369400186,185.626255205782,183.02470038022335,Omega_safe_one_step_QP,False,True,,0.4022248794977422,0.30164528131484986,False,False,False,True,1.0,0.0,0.0
255,pressure_negative,32,25.399077598526016,48.17390860796913,185.88137322314645,183.02470038022335,Omega_safe_one_step_QP,False,True,,0.40234640643037617,0.30153001070022584,False,False,False,True,1.0,0.0,0.0
255,pressure_negative,33,25.39796166504207,48.17535339857502,186.08817531814935,183.02470038022335,Omega_safe_one_step_QP,False,True,,0.4024749768797304,0.3014851641654968,False,False,False,True,1.0,0.0,0.0
255,pressure_negative,34,25.39701250680789,48.176830247064096,186.2623870236199,183.02470038022335,Omega_safe_one_step_QP,False,True,,0.4025562861183411,0.3014332580566406,False,False,False,True,1.0,0.0,0.0
255,pressure_negative,35,25.396203038043456,48.17833386522779,186.41006977802556,183.02470038022335,Omega_safe_one_step_QP,False,True,,0.4025995760794201,0.30136770486831665,False,False,False,True,1.0,0.0,0.0
255,pressure_negative,36,25.395511197523795,48.17985994641472,186.53545036791715,183.02470038022335,Omega_safe_one_step_QP,False,True,,0.4026114838593979,0.3012902426719665,False,False,False,True,1.0,0.0,0.0
255,pressure_negative,37,25.394918440472445,48.18140487011075,186.64177531655596,183.02470038022335,Omega_safe_one_step_QP,False,True,,0.40259882055149954,0.3012053990364075,False,False,False,True,1.0,0.0,0.0
255,pressure_negative,38,25.39440892920133,48.18296554365652,186.7317233566348,183.02470038022335,Omega_safe_one_step_QP,False,True,,0.4025676952054833,0.30111798048019406,False,False,False,True,1.0,0.0,0.0
255,pressure_negative,39,25.393969061475783,48.18453931021355,186.80857022827678,183.02470038022335,Omega_safe_one_step_QP,False,True,,0.4025168233047488,0.3010223650932312,False,False,False,True,1.0,0.0,0.0
255,pressure_negative,40,25.393587944408395,47.18612404285438,193.2359061051656,183.02470038022335,Omega_safe_one_step_QP,False,True,,0.4589684696080593,0.3549622964859009,False,False,False,True,1.0,0.0,-1.0
255,pressure_negative,41,25.401582410972743,47.189654387267936,191.72072886839567,183.02470038022335,Omega_safe_one_step_QP,False,True,,0.4597279470829418,0.35392874479293823,False,False,False,True,1.0,0.0,0.0
255,pressure_negative,42,25.40831307042131,47.19293691115914,190.3431573968044,183.02470038022335,Omega_safe_one_step_QP,False,True,,0.45924509575552613,0.35403938055038453,False,False,False,True,1.0,0.0,0.0
255,pressure_negative,43,25.413895551550002,47.19599424120652,189.194421402495,183.02470038022335,Omega_safe_one_step_QP,False,True,,0.4587600884976063,0.35415130376815795,False,False,False,True,1.0,0.0,0.0
255,pressure_negative,44,25.418519243187877,47.19886350117784,188.2430748602305,183.02470038022335,Omega_safe_one_step_QP,False,True,,0.4583969067493141,0.3542012572288513,False,False,False,True,1.0,0.0,0.0
255,pressure_negative,45,25.422347534433005,47.20157669667137,187.45155357310398,183.02470038022335,Omega_safe_one_step_QP,False,True,,0.45808635525148395,0.354239022731781,False,False,False,True,1.0,0.0,0.0
255,pressure_negative,46,25.425512877749266,47.20415975256506,186.7928538886366,183.02470038022335,Omega_safe_one_step_QP,False,True,,0.4578137418202794,0.35427047967910763,False,False,False,True,1.0,0.0,0.0
255,pressure_negative,47,25.428125416598178,47.20663421460867,186.24444950307446,183.02470038022335,Omega_safe_one_step_QP,False,True,,0.45766989945236847,0.3543012285232544,False,False,False,True,1.0,0.0,0.0
255,pressure_negative,48,25.430276666369725,47.20901797570509,185.78897132709133,183.02470038022335,Omega_safe_one_step_QP,False,True,,0.45763058847017885,0.3543224501609802,False,False,False,True,1.0,0.0,0.0
255,pressure_negative,49,25.432043744653026,47.21132610873147,185.41063003440465,183.02470038022335,Omega_safe_one_step_QP,False,True,,0.4575970449380789,0.3543382430076599,False,False,False,True,1.0,0.0,0.0
255,pressure_negative,50,25.433490691716447,47.213571126241014,185.09654699518768,183.02470038022335,Omega_safe_one_step_QP,False,True,,0.45756852043591223,0.3543496799468994,False,False,False,True,1.0,0.0,0.0
255,pressure_negative,51,25.434670870904593,47.215763451851885,184.83600300911198,183.02470038022335,Omega_safe_one_step_QP,False,True,,0.4575442286628648,0.354357533454895,False,False,False,True,1.0,0.0,0.0
255,pressure_negative,52,25.43562875422801,47.217911770481415,184.6200628660323,183.02470038022335,Omega_safe_one_step_QP,False,True,,0.4575235620543696,0.3543624687194824,False,False,False,True,1.0,0.0,0.0
255,pressure_negative,53,25.436401399097253,47.22002331772474,184.4412808216427,183.02470038022335,Omega_safe_one_step_QP,False,True,,0.45750597810758686,0.3543650436401367,False,False,False,True,1.0,0.0,0.0
255,pressure_negative,54,25.437019682180487,47.22210412145361,184.29345880691815,183.02470038022335,Omega_safe_one_step_QP,False,True,,0.4574909770765186,0.35436566591262814,False,False,False,True,1.0,0.0,0.0
255,pressure_negative,55,25.437509333519152,47.224159204179145,184.17143160123425,183.02470038022335,Omega_safe_one_step_QP,False,True,,0.4574781568746206,0.3543646788597107,False,False,False,True,1.0,0.0,0.0
255,pressure_negative,56,25.43789179314836,47.22619275058692,184.07089598931918,183.02470038022335,Omega_safe_one_step_QP,False,True,,0.4574671563525577,0.3543623614311218,False,False,False,True,1.0,0.0,0.0
255,pressure_negative,57,25.438184926320638,47.2282082473571,183.9881908712677,183.02470038022335,Omega_safe_one_step_QP,False,True,,0.45745766552014117,0.35435970067977907,False,False,False,True,1.0,0.0,0.0
255,pressure_negative,58,25.43840355790151,47.23020858751761,183.92039453338256,183.02470038022335,Omega_safe_one_step_QP,False,True,,0.4574500855042624,0.35435635328292847,False,False,False,True,1.0,0.0,0.0
255,pressure_negative,59,25.43856008384383,47.23219619003743,183.8650524929882,183.02470038022335,Omega_safe_one_step_QP,False,True,,0.4574433898815366,0.3543521475791931,False,False,False,True,1.0,0.0,0.0
255,pressure_negative,60,25.438664859608263,47.23417307566737,183.82008501366022,183.02470038022335,Omega_safe_one_step_QP,False,True,,0.45743743488829064,0.35434723377227784,False,False,False,True,1.0,0.0,0.0
255,pressure_negative,61,25.438726512127495,47.23614092781744,183.78375922156008,183.02470038022335,Omega_safe_one_step_QP,False,True,,0.4574321054019109,0.3543417406082153,False,False,False,True,1.0,0.0,0.0
255,pressure_negative,62,25.43875222799025,47.23810114881999,183.7546359232813,183.02470038022335,Omega_safe_one_step_QP,False,True,,0.45742725906654474,0.354335732460022,False,False,False,True,1.0,0.0,0.0
255,pressure_negative,63,25.438747997383928,47.24005490755423,183.73150808083776,183.02470038022335,Omega_safe_one_step_QP,False,True,,0.4574228825578305,0.35432933807373046,False,False,False,True,1.0,0.0,0.0
255,pressure_negative,64,25.438718807182944,47.24200317712397,183.71337732394534,183.02470038022335,Omega_safe_one_step_QP,False,True,,0.4574188621406923,0.35432260036468505,False,False,False,True,1.0,0.0,0.0
255,pressure_negative,65,25.438668814233814,47.24394676868547,183.69940866235797,183.02470038022335,Omega_safe_one_step_QP,False,True,,0.45741514593424193,0.3543155837059021,False,False,False,True,1.0,0.0,0.0
255,pressure_negative,66,25.438601481219138,47.24588635795698,183.68890768178122,183.02470038022335,Omega_safe_one_step_QP,False,True,,0.4574116767413797,0.3543083310127258,False,False,False,True,1.0,0.0,0.0
255,pressure_negative,67,25.438519693486175,47.247822508017556,183.68129509873484,183.02470038022335,Omega_safe_one_step_QP,False,True,,0.45740840866922156,0.35430088520050046,False,False,False,True,1.0,0.0,0.0
255,pressure_negative,68,25.438425854769118,47.24975568798388,183.67608767052465,183.02470038022335,Omega_safe_one_step_QP,False,True,,0.457405329747967,0.3542932891845703,False,False,False,True,1.0,0.0,0.0
255,pressure_negative,69,25.438321967043088,47.251686288590136,183.67288441564926,183.02470038022335,Omega_safe_one_step_QP,False,True,,0.45740241138324245,0.3542855644226074,False,False,False,True,1.0,0.0,0.0
255,pressure_negative,70,25.438209698880215,47.25361463552698,183.67135298147286,183.02470038022335,Omega_safe_one_step_QP,False,True,,0.457399597046395,0.3542777109146118,False,False,False,True,1.0,0.0,0.0
255,pressure_negative,71,25.438090442472163,47.255541000568954,183.67121183488564,183.02470038022335,Omega_safe_one_step_QP,False,True,,0.45739688606467727,0.3542697715759277,False,False,False,True,1.0,0.0,0.0
255,pressure_negative,72,25.437965355974985,47.25746560982989,183.6722304006419,183.02470038022335,Omega_safe_one_step_QP,False,True,,0.45739425583230015,0.35426174640655517,False,False,False,True,1.0,0.0,0.0
255,pressure_negative,73,25.437835405796307,47.25938865201809,183.67421419069677,183.02470038022335,Omega_safe_one_step_QP,False,True,,0.45739168904959465,0.35425365686416627,False,False,False,True,1.0,0.0,0.0
255,pressure_negative,74,25.43770139664752,47.26131028429611,183.67700310253625,183.02470038022335,Omega_safe_one_step_QP,False,True,,0.45738917441648375,0.35424550294876095,False,False,False,True,1.0,0.0,0.0
255,pressure_negative,75,25.43756400009433,47.26323063785323,183.68046143384578,183.02470038022335,Omega_safe_one_step_QP,False,True,,0.45738670593873104,0.35423730611801146,False,False,False,True,1.0,0.0,0.0
255,pressure_negative,76,25.437423774890977,47.26514982186938,183.68447811891997,183.02470038022335,Omega_safe_one_step_QP,False,True,,0.4573842723124027,0.3542290663719177,False,False,False,True,1.0,0.0,0.0
255,pressure_negative,77,25.43728118742415,47.267067927506055,183.68896050582103,183.02470038022335,Omega_safe_one_step_QP,False,True,,0.45738187354476617,0.3542207837104797,False,False,False,True,1.0,0.0,0.0
255,pressure_negative,78,25.43713662702569,47.26898503089348,183.69382915690377,183.02470038022335,Omega_safe_one_step_QP,False,True,,0.4573794923229012,0.3542124795913696,False,False,False,True,1.0,0.0,0.0
255,pressure_negative,79,25.43699041700506,47.27090119527995,183.6990220860547,183.02470038022335,Omega_safe_one_step_QP,False,True,,0.45737712334610325,0.3542041325569153,False,False,False,True,1.0,0.0,0.0
255,pressure_negative,80,25.4368428290748,47.27281647385148,183.7044811530218,183.02470038022335,Omega_safe_one_step_QP,False,True,,0.4573747659142421,0.35419578552246095,False,False,False,True,1.0,0.0,0.0
255,pressure_negative,81,25.43669408667952,47.27473091037278,183.7101664201106,183.02470038022335,Omega_safe_one_step_QP,False,True,,0.4573724207355145,0.3541873955726623,False,False,False,True,1.0,0.0,0.0
255,pressure_negative,82,25.436544379958697,47.2766445421174,183.71603600197716,183.02470038022335,Omega_safe_one_step_QP,False,True,,0.4573700871067197,0.35417900562286375,False,False,False,True,1.0,0.0,0.0
255,pressure_negative,83,25.436393864301483,47.27855739957449,183.72206352024747,183.02470038022335,Omega_safe_one_step_QP,False,True,,0.4573677317965702,0.35417057275772096,False,False,False,True,1.0,0.0,0.0
255,pressure_negative,84,25.43624267306777,47.280469508941685,183.72821840037835,183.02470038022335,Omega_safe_one_step_QP,False,True,,0.45736541066854547,0.3541621398925781,False,False,False,True,1.0,0.0,0.0
255,pressure_negative,85,25.43609091427325,47.28238089146714,183.7344815533965,183.02470038022335,Omega_safe_one_step_QP,False,True,,0.4573630618506314,0.3541536855697632,False,False,False,True,1.0,0.0,0.0
255,pressure_negative,86,25.43593868000986,47.2842915652957,183.74083276834068,183.02470038022335,Omega_safe_one_step_QP,False,True,,0.4573607245883213,0.35414523124694824,False,False,False,True,1.0,0.0,0.0
255,pressure_negative,87,25.435786045600075,47.28620154529827,183.7472616099452,183.02470038022335,Omega_safe_one_step_QP,False,True,,0.4573583656528309,0.35413673400878903,False,False,False,True,1.0,0.0,0.0
255,pressure_negative,88,25.43563307759539,47.28811084464063,183.7537508031334,183.02470038022335,Omega_safe_one_step_QP,False,True,,0.45735601827611233,0.3541282367706299,False,False,False,True,1.0,0.0,0.0
255,pressure_negative,89,25.435479828263095,47.290019473696574,183.76029020738628,183.02470038022335,Omega_safe_one_step_QP,False,True,,0.4573536598268865,0.35411973953247067,False,False,False,True,1.0,0.0,0.0
255,pressure_negative,90,25.435326341432006,47.291927441194,183.7668735051918,183.02470038022335,Omega_safe_one_step_QP,False,True,,0.45735129632314836,0.3541112208366394,False,False,False,True,1.0,0.0,0.0
255,pressure_negative,91,25.43517265562801,47.29383475482936,183.77349113949452,183.02470038022335,Omega_safe_one_step_QP,False,True,,0.45734893306365826,0.3541027021408081,False,False,False,True,1.0,0.0,0.0
255,pressure_negative,92,25.43501880146754,47.29574142075356,183.7801394167646,183.02470038022335,Omega_safe_one_step_QP,False,True,,0.45734655343511776,0.3540941619873047,False,False,False,True,1.0,0.0,0.0
255,pressure_negative,93,25.434864806446264,47.29764744451177,183.78681096895093,183.02470038022335,Omega_safe_one_step_QP,False,True,,0.4573441740514609,0.35408562183380127,False,False,False,True,1.0,0.0,0.0
255,pressure_negative,94,25.434710691970896,47.29955283045873,183.79350392867593,183.02470038022335,Omega_safe_one_step_QP,False,True,,0.4573417896177401,0.3540770602226257,False,False,False,True,1.0,0.0,0.0
255,pressure_negative,95,25.434556477846094,47.301457582639735,183.80021245136805,183.02470038022335,Omega_safe_one_step_QP,False,True,,0.45733938279409586,0.3540684986114502,False,False,False,True,1.0,0.0,0.0
255,pressure_negative,96,25.434402179054615,47.3033617041568,183.80693594064326,183.02470038022335,Omega_safe_one_step_QP,False,True,,0.45733695960329085,0.3540599155426025,False,False,False,True,1.0,0.0,0.0
255,pressure_negative,97,25.43424781003421,47.30526519800871,183.81367175808128,183.02470038022335,Omega_safe_one_step_QP,False,True,,0.4573345313649574,0.3540513110160827,False,False,False,True,1.0,0.0,0.0
255,pressure_negative,98,25.43409338302333,47.307168066765435,183.82041340751206,183.02470038022335,Omega_safe_one_step_QP,False,True,,0.45733211998482914,0.35404272794723507,False,False,False,True,1.0,0.0,0.0
255,pressure_negative,99,25.433938904940675,47.309070311953676,183.8271640321005,183.02470038022335,Omega_safe_one_step_QP,False,True,,0.4573296696011148,0.35403412342071533,False,False,False,True,1.0,0.0,0.0
255,pressure_negative,100,25.433784385226055,47.3109719355979,183.83392197597766,183.02470038022335,Omega_safe_one_step_QP,False,True,,0.457327225491429,0.35402549743652345,False,False,False,True,1.0,0.0,0.0
255,pressure_negative,101,25.433629831937285,47.312872939453186,183.84068370857557,183.02470038022335,Omega_safe_one_step_QP,False,True,,0.4573247589892385,0.3540168714523315,False,False,False,True,1.0,0.0,0.0
255,pressure_negative,102,25.433475250235066,47.31477332470681,183.84744841844923,183.02470038022335,Omega_safe_one_step_QP,False,True,,0.4573222927332015,0.35400824546813964,False,False,False,True,1.0,0.0,0.0
255,pressure_negative,103,25.43332064460041,47.31667309241366,183.85421757110393,183.02470038022335,Omega_safe_one_step_QP,False,True,,0.4573198214340978,0.3539995980262756,False,False,False,True,1.0,0.0,0.0
255,pressure_negative,104,25.43316602068439,47.318572243859954,183.86098810284602,183.02470038022335,Omega_safe_one_step_QP,False,True,,0.45731733906149513,0.3539909505844116,False,False,False,True,1.0,0.0,0.0
255,pressure_negative,105,25.433011381629456,47.32047077983987,183.8677617376533,183.02470038022335,Omega_safe_one_step_QP,False,True,,0.45731482900522785,0.3539822816848755,False,False,False,True,1.0,0.0,0.0
255,pressure_negative,106,25.432856731963188,47.32236870142087,183.87453562758157,183.02470038022335,Omega_safe_one_step_QP,False,True,,0.4573123191957489,0.35397361278533934,False,False,False,True,1.0,0.0,0.0
255,pressure_negative,107,25.432702073884137,47.32426600921338,183.88131167670662,183.02470038022335,Omega_safe_one_step_QP,False,True,,0.4573097930244887,0.3539649224281311,False,False,False,True,1.0,0.0,0.0
255,pressure_negative,108,25.432547411125853,47.32616270413037,183.8880871874537,183.02470038022335,Omega_safe_one_step_QP,False,True,,0.45730724445621496,0.35395623207092286,False,False,False,True,1.0,0.0,0.0
255,pressure_negative,109,25.432392745218078,47.328058786652164,183.89486418945393,183.02470038022335,Omega_safe_one_step_QP,False,True,,0.4573047134937724,0.3539475202560425,False,False,False,True,1.0,0.0,0.0
255,pressure_negative,110,25.432238079330087,47.32995425758203,183.90164008999508,183.02470038022335,Omega_safe_one_step_QP,False,True,,0.4573021601343127,0.3539388084411621,False,False,False,True,1.0,0.0,0.0
255,pressure_negative,111,25.43208341451471,47.331849117307634,183.90841486053318,183.02470038022335,Omega_safe_one_step_QP,False,True,,0.4572996070222817,0.3539300966262817,False,False,False,True,1.0,0.0,0.0
255,pressure_negative,112,25.43192875179678,47.33374336621137,183.91519062022655,183.02470038022335,Omega_safe_one_step_QP,False,True,,0.4572970375506907,0.35392136335372926,False,False,False,True,1.0,0.0,0.0
255,pressure_negative,113,25.431774093915294,47.335637005013105,183.9219648512264,183.02470038022335,Omega_safe_one_step_QP,False,True,,0.4572944456795066,0.35391263008117674,False,False,False,True,1.0,0.0,0.0
255,pressure_negative,114,25.431619441555306,47.33753003402928,183.92873973337328,183.02470038022335,Omega_safe_one_step_QP,False,True,,0.4572918487729005,0.35390387535095214,False,False,False,True,1.0,0.0,0.0
255,pressure_negative,115,25.431464797166605,47.33942245392366,183.93551279955585,183.02470038022335,Omega_safe_one_step_QP,False,True,,0.4572892521143608,0.35389512062072753,False,False,False,True,1.0,0.0,0.0
255,pressure_negative,116,25.431310161187383,47.341314264964865,183.94228412627544,183.02470038022335,Omega_safe_one_step_QP,False,True,,0.457286644379094,0.35388636589050293,False,False,False,True,1.0,0.0,0.0
255,pressure_negative,117,25.43115553411553,47.343205467433314,183.94905592059428,183.02470038022335,Omega_safe_one_step_QP,False,True,,0.4572840316109661,0.3538775897026062,False,False,False,True,1.0,0.0,0.0
255,pressure_negative,118,25.431000918236467,47.3450960619612,183.95582788404414,183.02470038022335,Omega_safe_one_step_QP,False,True,,0.45728136851012896,0.35386879205703736,False,False,False,True,1.0,0.0,0.0
255,pressure_negative,119,25.4308463155837,47.3469860491317,183.96259761946027,183.02470038022335,Omega_safe_one_step_QP,False,True,,0.4572787283082365,0.3538599944114685,False,False,False,True,1.0,0.0,0.0
255,pressure_negative,120,25.43069172623759,47.34887542914422,183.9693652618912,183.02470038022335,Omega_safe_one_step_QP,False,True,,0.4572760657028797,0.35385119676589966,False,False,False,True,1.0,0.0,0.0
255,pressure_negative,121,25.430537150387128,47.35076420221951,183.97613306744188,183.02470038022335,Omega_safe_one_step_QP,False,True,,0.4572734093936207,0.3538423776626587,False,False,False,True,1.0,0.0,0.0
255,pressure_negative,122,25.430382590049824,47.35265236893805,183.98289863299524,183.02470038022335,Omega_safe_one_step_QP,False,True,,0.45727073068024954,0.3538335585594177,False,False,False,True,1.0,0.0,0.0
255,pressure_negative,123,25.430228045285332,47.35453992949563,183.98966423453692,183.02470038022335,Omega_safe_one_step_QP,False,True,,0.45726803561143353,0.3538247179985046,False,False,False,True,1.0,0.0,0.0
255,pressure_negative,124,25.43007351799845,47.35642688445102,183.99642748563238,183.02470038022335,Omega_safe_one_step_QP,False,True,,0.4572653407913216,0.3538158774375915,False,False,False,True,1.0,0.0,0.0
255,pressure_negative,125,25.42991900815013,47.358313233980994,184.00318853050405,183.02470038022335,Omega_safe_one_step_QP,False,True,,0.45726263489221847,0.35380703687667847,False,False,False,True,1.0,0.0,0.0
255,pressure_negative,126,25.429764515817855,47.36019897828519,184.00994963314332,183.02470038022335,Omega_safe_one_step_QP,False,True,,0.4572599126386228,0.35379817485809323,False,False,False,True,1.0,0.0,0.0
255,pressure_negative,127,25.429610042914433,47.362084117924326,184.0167105430156,183.02470038022335,Omega_safe_one_step_QP,False,True,,0.45725717403149035,0.3537892913818359,False,False,False,True,1.0,0.0,0.0
255,pressure_negative,128,25.429455591141135,47.36396865341794,184.0234689033584,183.02470038022335,Omega_safe_one_step_QP,False,True,,0.4572544243450346,0.3537804079055786,False,False,False,True,1.0,0.0,0.0
255,pressure_negative,129,25.42930116028031,47.36585258490844,184.0302248833109,183.02470038022335,Omega_safe_one_step_QP,False,True,,0.4572516862362735,0.35377152442932125,False,False,False,True,1.0,0.0,0.0
255,pressure_negative,130,25.42914675025178,47.36773591256514,184.03698076781967,183.02470038022335,Omega_safe_one_step_QP,False,True,,0.4572489091169475,0.35376261949539184,False,False,False,True,1.0,0.0,0.0
255,pressure_negative,131,25.42899236282826,47.36961863692187,184.04373417823874,183.02470038022335,Omega_safe_one_step_QP,False,True,,0.4572461322463231,0.3537537145614624,False,False,False,True,1.0,0.0,0.0
255,pressure_negative,132,25.42883799784556,47.37150075813178,184.05048741133274,183.02470038022335,Omega_safe_one_step_QP,False,True,,0.457243339023748,0.3537447881698608,False,False,False,True,1.0,0.0,0.0
255,pressure_negative,133,25.428683657002274,47.37338227671443,184.05723809839796,183.02470038022335,Omega_safe_one_step_QP,False,True,,0.45724055738080066,0.3537358617782593,False,False,False,True,1.0,0.0,0.0
255,pressure_negative,134,25.428529340068476,47.37526319281033,184.0639863987972,183.02470038022335,Omega_safe_one_step_QP,False,True,,0.4572377533266379,0.3537269353866577,False,False,False,True,1.0,0.0,0.0
255,pressure_negative,135,25.428375046943817,47.37714350658536,184.0707367352825,183.02470038022335,Omega_safe_one_step_QP,False,True,,0.4572349049908468,0.3537179660797119,False,False,False,True,1.0,0.0,0.0
255,pressure_negative,136,25.42822078111465,47.37902321891107,184.07748208413904,183.02470038022335,Omega_safe_one_step_QP,False,True,,0.45723209616628263,0.3537090182304382,False,False,False,True,1.0,0.0,0.0
255,pressure_negative,137,25.428066540356355,47.380902329536156,184.0842272873366,183.02470038022335,Omega_safe_one_step_QP,False,True,,0.45722924832949857,0.35370004892349244,False,False,False,True,1.0,0.0,0.0
255,pressure_negative,138,25.427912326379563,47.382780838982995,184.0909699624877,183.02470038022335,Omega_safe_one_step_QP,False,True,,0.4572264007420608,0.3536910796165466,False,False,False,True,1.0,0.0,0.0
255,pressure_negative,139,25.427758138955276,47.384658747392706,184.09771240347558,183.02470038022335,Omega_safe_one_step_QP,False,True,,0.4572235368055405,0.3536820888519287,False,False,False,True,1.0,0.0,0.0
255,pressure_negative,140,25.427603979715148,47.386536055272416,184.10445223945757,183.02470038022335,Omega_safe_one_step_QP,False,True,,0.4572206617864667,0.3536730980873108,False,False,False,True,1.0,0.0,0.0
255,pressure_negative,141,25.42744984836091,47.38841276274988,184.11119177400792,183.02470038022335,Omega_safe_one_step_QP,False,True,,0.4572177817518126,0.35366408586502074,False,False,False,True,1.0,0.0,0.0
255,pressure_negative,142,25.42729574646306,47.39028887032045,184.1179286444398,183.02470038022335,Omega_safe_one_step_QP,False,True,,0.45721489063460347,0.3536550736427307,False,False,False,True,1.0,0.0,0.0
255,pressure_negative,143,25.427141673669055,47.39216437810141,184.12466516118985,183.02470038022335,Omega_safe_one_step_QP,False,True,,0.45721197183671247,0.35364603996276855,False,False,False,True,1.0,0.0,0.0
255,pressure_negative,144,25.426987631500882,47.3940392865788,184.1313989673628,183.02470038022335,Omega_safe_one_step_QP,False,True,,0.4572090646226486,0.35363700628280637,False,False,False,True,1.0,0.0,0.0
255,pressure_negative,145,25.42683361956241,47.39591359586154,184.1381302325168,183.02470038022335,Omega_safe_one_step_QP,False,True,,0.45720604431761797,0.35362797260284423,False,False,False,True,1.0,0.0,0.0
255,pressure_negative,146,25.426679637596013,47.39778730608566,184.14486124250718,183.02470038022335,Omega_safe_one_step_QP,False,True,,0.45720274696768504,0.35361891746520996,False,False,False,True,1.0,0.0,0.0
255,pressure_negative,147,25.42652568719825,47.39966041775192,184.15159176579394,183.02470038022335,Omega_safe_one_step_QP,False,True,,0.457199433252178,0.35360984086990355,False,False,False,True,1.0,0.0,0.0
255,pressure_negative,148,25.42637176977084,47.40153293132311,184.1583194621525,183.02470038022335,Omega_safe_one_step_QP,False,True,,0.45719610843254,0.35360076427459713,False,False,False,True,1.0,0.0,0.0
255,pressure_negative,149,25.42621788481143,47.403404846887675,184.16503378631984,183.02470038022335,Omega_safe_one_step_QP,False,True,,0.45719350160276606,0.35359179496765136,False,False,False,True,1.0,0.0,0.0
255,pressure_negative,150,25.426064023267546,47.40527616285136,184.1717280424457,183.02470038022335,Omega_safe_one_step_QP,False,True,,0.4571923820122305,0.3535830187797546,False,False,False,True,1.0,0.0,0.0
255,pressure_negative,151,25.425910170692912,47.40714687655601,184.178424503823,183.02470038022335,Omega_safe_one_step_QP,False,True,,0.4571912740984387,0.3535742425918579,False,False,False,True,1.0,0.0,0.0
255,pressure_negative,152,25.425756330761295,47.40901698890528,184.18512251615311,183.02470038022335,Omega_safe_one_step_QP,False,True,,0.4571901551894162,0.3535654664039612,False,False,False,True,1.0,0.0,0.0
255,pressure_negative,153,25.425602506600413,47.41088650069628,184.19182367820108,183.02470038022335,Omega_safe_one_step_QP,False,True,,0.4571890086902327,0.3535566687583923,False,False,False,True,1.0,0.0,0.0
255,pressure_negative,154,25.425448702621196,47.41275541297943,184.1985250396748,183.02470038022335,Omega_safe_one_step_QP,False,True,,0.4571878625316111,0.3535478711128235,False,False,False,True,1.0,0.0,0.0
255,pressure_negative,155,25.425294920823674,47.414623726331854,184.20522842112382,183.02470038022335,Omega_safe_one_step_QP,False,True,,0.4571866774451224,0.3535390520095825,False,False,False,True,1.0,0.0,0.0
255,pressure_negative,156,25.425141164675495,47.41649144161997,184.21193105732596,183.02470038022335,Omega_safe_one_step_QP,False,True,,0.457185504036498,0.35353023290634156,False,False,False,True,1.0,0.0,0.0
255,pressure_negative,157,25.424987435387322,47.418358559266906,184.21863492326426,183.02470038022335,Omega_safe_one_step_QP,False,True,,0.4571843030376744,0.35352139234542845,False,False,False,True,1.0,0.0,0.0
255,pressure_negative,158,25.424833735765844,47.42022508001017,184.2253352368343,183.02470038022335,Omega_safe_one_step_QP,False,True,,0.4571830962937071,0.3535125732421875,False,False,False,True,1.0,0.0,0.0
255,pressure_negative,159,25.424680064727998,47.42209100382247,184.2320387191592,183.02470038022335,Omega_safe_one_step_QP,False,True,,0.45718187938328264,0.3535037112236023,False,False,False,True,1.0,0.0,0.0
255,pressure_negative,160,25.424526426644604,47.42395633174949,184.23873812757452,183.02470038022335,Omega_safe_one_step_QP,False,True,,0.45718065672621205,0.3534948706626892,False,False,False,True,1.0,0.0,0.0
255,pressure_negative,161,25.424372819995213,47.425821063678626,184.2454402676717,183.02470038022335,Omega_safe_one_step_QP,False,True,,0.4571794012265261,0.35348598718643187,False,False,False,True,1.0,0.0,0.0
255,pressure_negative,162,25.42421924878346,47.42768520058396,184.25213796730878,183.02470038022335,Omega_safe_one_step_QP,False,True,,0.4571781513175097,0.3534771251678467,False,False,False,True,1.0,0.0,0.0
255,pressure_negative,163,25.42406571118044,47.429548742292745,184.25883594517214,183.02470038022335,Omega_safe_one_step_QP,False,True,,0.45717687381674293,0.35346824169158936,False,False,False,True,1.0,0.0,0.0
255,pressure_negative,164,25.42391220919032,47.431411689386046,184.2655338626163,183.02470038022335,Omega_safe_one_step_QP,False,True,,0.4571755800652897,0.3534593367576599,False,False,False,True,1.0,0.0,0.0
255,pressure_negative,165,25.423758744533945,47.43327404238964,184.2722292904702,183.02470038022335,Omega_safe_one_step_QP,False,True,,0.4571742866536141,0.3534504318237305,False,False,False,True,1.0,0.0,0.0
255,pressure_negative,166,25.42360531695487,47.43513580144059,184.27892233846546,183.02470038022335,Omega_safe_one_step_QP,False,True,,0.4571729708980542,0.353441526889801,False,False,False,True,1.0,0.0,0.0
255,pressure_negative,167,25.423451926286067,47.43699696669342,184.28561524305576,183.02470038022335,Omega_safe_one_step_QP,False,True,,0.4571716388921641,0.35343260049819947,False,False,False,True,1.0,0.0,0.0
255,pressure_negative,168,25.42329857417402,47.438857538659484,184.29230558626287,183.02470038022335,Omega_safe_one_step_QP,False,True,,0.4571703072252954,0.35342367410659786,False,False,False,True,1.0,0.0,0.0
255,pressure_negative,169,25.423145260297336,47.440717517463206,184.29899563297354,183.02470038022335,Omega_safe_one_step_QP,False,True,,0.4571689479666236,0.35341472625732423,False,False,False,True,1.0,0.0,0.0
255,pressure_negative,170,25.422991986171784,47.44257690359046,184.30570873817902,183.02470038022335,Omega_safe_one_step_QP,False,True,,0.4571634311959263,0.3534055209159851,False,False,False,True,1.0,0.0,0.0
255,pressure_negative,171,25.422838772243477,47.44443570125304,184.3124194189193,183.02470038022335,Omega_safe_one_step_QP,False,True,,0.45715780197909395,0.35339627265930174,False,False,False,True,1.0,0.0,0.0
255,pressure_negative,172,25.422685618212657,47.44629391058528,184.31912134927404,183.02470038022335,Omega_safe_one_step_QP,False,True,,0.45715218947977265,0.3533870458602905,False,False,False,True,1.0,0.0,0.0
255,pressure_negative,173,25.42253251865094,47.448151530712,184.3258220997749,183.02470038022335,Omega_safe_one_step_QP,False,True,,0.45714654393644283,0.353377776145935,False,False,False,True,1.0,0.0,0.0
255,pressure_negative,174,25.42237947428968,47.450008561968815,184.33251728250076,183.02470038022335,Omega_safe_one_step_QP,False,True,,0.4571408871797885,0.3533685064315796,False,False,False,True,1.0,0.0,0.0
255,pressure_negative,175,25.42222648229886,47.45186500399055,184.33920751035927,183.02470038022335,Omega_safe_one_step_QP,False,True,,0.4571352418978417,0.35335923671722413,False,False,False,True,1.0,0.0,0.0
255,pressure_negative,176,25.422073540356266,47.45372085651116,184.34589543973914,183.02470038022335,Omega_safe_one_step_QP,False,True,,0.4571295688158583,0.3533499455451965,False,False,False,True,1.0,0.0,0.0
255,pressure_negative,177,25.42192064830231,47.45557611968956,184.35257900316714,183.02470038022335,Omega_safe_one_step_QP,False,True,,0.45712389586468843,0.3533406543731689,False,False,False,True,1.0,0.0,0.0
255,pressure_negative,178,25.421767804301137,47.457430793354646,184.35925861230493,183.02470038022335,Omega_safe_one_step_QP,False,True,,0.4571182230443369,0.35333136320114134,False,False,False,True,1.0,0.0,0.0
255,pressure_negative,179,25.421615006857493,47.4592848774018,184.3659367556986,183.02470038022335,Omega_safe_one_step_QP,False,True,,0.4571125337692455,0.3533220505714416,False,False,False,True,1.0,0.0,0.0
255,pressure_negative,180,25.421462256499282,47.46113837212413,184.37261337167433,183.02470038022335,Omega_safe_one_step_QP,False,True,,0.45710682804011116,0.3533127164840698,False,False,False,True,1.0,0.0,0.0
255,pressure_negative,181,25.421309553701658,47.46299127780447,184.37928626239494,183.02470038022335,Omega_safe_one_step_QP,False,True,,0.4571011224427328,0.353303382396698,False,False,False,True,1.0,0.0,0.0
255,pressure_negative,182,25.421156897155274,47.464843594374486,184.38595573081648,183.02470038022335,Omega_safe_one_step_QP,False,True,,0.4570954169771153,0.35329404830932615,False,False,False,True,1.0,0.0,0.0
255,pressure_negative,183,25.421004285801118,47.466695321814704,184.39262417485816,183.02470038022335,Omega_safe_one_step_QP,False,True,,0.4570896950586255,0.3532846927642822,False,False,False,True,1.0,0.0,0.0
255,pressure_negative,184,25.420851720528038,47.4685464604887,184.3992914573055,183.02470038022335,Omega_safe_one_step_QP,False,True,,0.45708394534148894,0.3532753157615661,False,False,False,True,1.0,0.0,0.0
255,pressure_negative,185,25.420699202109425,47.470397010737514,184.40595317159116,183.02470038022335,Omega_safe_one_step_QP,False,True,,0.4570782236874677,0.3532659602165222,False,False,False,True,1.0,0.0,0.0
255,pressure_negative,186,25.420546727742256,47.4722469721984,184.4126163524816,183.02470038022335,Omega_safe_one_step_QP,False,True,,0.45707246899780446,0.353256561756134,False,False,False,True,1.0,0.0,0.0
255,pressure_negative,187,25.420394300337755,47.47409634563252,184.41927401961115,183.02470038022335,Omega_safe_one_step_QP,False,True,,0.45706671967784757,0.35324718475341793,False,False,False,True,1.0,0.0,0.0
255,pressure_negative,188,25.420241917135396,47.4759451306854,184.42593105189601,183.02470038022335,Omega_safe_one_step_QP,False,True,,0.4570609652540741,0.35323778629302977,False,False,False,True,1.0,0.0,0.0
255,pressure_negative,189,25.420089579340814,47.47779332778245,184.43258724488282,183.02470038022335,Omega_safe_one_step_QP,False,True,,0.45705518303258946,0.35322836637496946,False,False,False,True,1.0,0.0,0.0
255,pressure_negative,190,25.4199372879884,47.47964093731561,184.4392402817386,183.02470038022335,Omega_safe_one_step_QP,False,True,,0.4570494122921775,0.35321894645690916,False,False,False,True,1.0,0.0,0.0
255,pressure_negative,191,25.419785042229396,47.48148795930639,184.44589251201302,183.02470038022335,Omega_safe_one_step_QP,False,True,,0.4570436024063988,0.35320950508117677,False,False,False,True,1.0,0.0,0.0
255,pressure_negative,192,25.419632843122752,47.48333439415153,184.45254161249122,183.02470038022335,Omega_safe_one_step_QP,False,True,,0.4570378153505287,0.3532000637054443,False,False,False,True,1.0,0.0,0.0
255,pressure_negative,193,25.419480689839027,47.48518024187627,184.45918992741633,183.02470038022335,Omega_safe_one_step_QP,False,True,,0.4570320004978855,0.3531906008720398,False,False,False,True,1.0,0.0,0.0
255,pressure_negative,194,25.41932858345207,47.48702550288024,184.46585658684847,183.02470038022335,Omega_safe_one_step_QP,False,True,,0.45702740451997975,0.35318092346191404,False,False,False,True,1.0,0.0,0.0
255,pressure_negative,195,25.4191765405399,47.48887018061503,184.47252973281908,183.02470038022335,Omega_safe_one_step_QP,False,True,,0.45702327671518833,0.3531711173057556,False,False,False,True,1.0,0.0,0.0
255,pressure_negative,196,25.419024567999305,47.49071427663103,184.4791951460507,183.02470038022335,Omega_safe_one_step_QP,False,True,,0.4570191604976998,0.35316131114959715,False,False,False,True,1.0,0.0,0.0
255,pressure_negative,197,25.418872661170788,47.49255779020572,184.48585593189205,183.02470038022335,Omega_safe_one_step_QP,False,True,,0.45701501658770227,0.3531514835357666,False,False,False,True,1.0,0.0,0.0
255,pressure_negative,198,25.418720817930645,47.49440072111443,184.4925103977492,183.02470038022335,Omega_safe_one_step_QP,False,True,,0.4570108729161225,0.353141655921936,False,False,False,True,1.0,0.0,0.0
255,pressure_negative,199,25.418569034790977,47.496243068863315,184.49915926825744,183.02470038022335,Omega_safe_one_step_QP,False,True,,0.45700672948296694,0.35313182830810547,False,False,False,True,1.0,0.0,0.0
255,pressure_negative,200,25.418417308864857,47.49808483307584,184.50580529333953,183.02470038022335,Omega_safe_one_step_QP,False,True,,0.4570025583572993,0.35312197923660277,False,False,False,True,1.0,0.0,0.0
255,pressure_negative,201,25.418265639505794,47.49992601381565,184.5124486296843,183.02470038022335,Omega_safe_one_step_QP,False,True,,0.4569983822413097,0.353112108707428,False,False,False,True,1.0,0.0,0.0
255,pressure_negative,202,25.418114026196328,47.50176661117156,184.5190872618789,183.02470038022335,Omega_safe_one_step_QP,False,True,,0.45699419501359484,0.35310223817825315,False,False,False,True,1.0,0.0,0.0
255,pressure_negative,203,25.417962466786634,47.50360662491086,184.5257237910392,183.02470038022335,Omega_safe_one_step_QP,False,True,,0.45698998009398784,0.3530923461914062,False,False,False,True,1.0,0.0,0.0
255,pressure_negative,204,25.417810961243653,47.505446055216886,184.5323561039795,183.02470038022335,Omega_safe_one_step_QP,False,True,,0.45698576541344266,0.3530824542045593,False,False,False,True,1.0,0.0,0.0
255,pressure_negative,205,25.41765950782076,47.50728490193561,184.5389867202608,183.02470038022335,Omega_safe_one_step_QP,False,True,,0.4569815457457274,0.35307254076004024,False,False,False,True,1.0,0.0,0.0
255,pressure_negative,206,25.417508106820318,47.509123165315806,184.54561345868134,183.02470038022335,Omega_safe_one_step_QP,False,True,,0.4569773036129838,0.35306262731552124,False,False,False,True,1.0,0.0,0.0
255,pressure_negative,207,25.417356756774655,47.51096084525784,184.55223878207124,183.02470038022335,Omega_safe_one_step_QP,False,True,,0.4569730451413351,0.35305269241333004,False,False,False,True,1.0,0.0,0.0
255,pressure_negative,208,25.41720545821795,47.512797942055705,184.5588604619209,183.02470038022335,Omega_safe_one_step_QP,False,True,,0.45696879826270226,0.3530427575111389,False,False,False,True,1.0,0.0,0.0
255,pressure_negative,209,25.41705420987507,47.51463445564731,184.56547877583833,183.02470038022335,Omega_safe_one_step_QP,False,True,,0.4569645289171538,0.35303282260894775,False,False,False,True,1.0,0.0,0.0
255,pressure_negative,210,25.416903010700484,47.51647038601537,184.5720982466629,183.02470038022335,Omega_safe_one_step_QP,False,True,,0.4569602380105524,0.3530228447914123,False,False,False,True,1.0,0.0,0.0
255,pressure_negative,211,25.41675186331871,47.51830573386471,184.5787119358963,183.02470038022335,Omega_safe_one_step_QP,False,True,,0.45695595256738936,0.35301288843154904,False,False,False,True,1.0,0.0,0.0
255,pressure_negative,212,25.416600764718414,47.52014049879138,184.58532690323375,183.02470038022335,Omega_safe_one_step_QP,False,True,,0.45695163421111545,0.35300288915634154,False,False,False,True,1.0,0.0,0.0
255,pressure_negative,213,25.416449717622694,47.5219746815194,184.59193618954262,183.02470038022335,Omega_safe_one_step_QP,False,True,,0.45694733267192256,0.3529929113388061,False,False,False,True,1.0,0.0,0.0
255,pressure_negative,214,25.416298719101736,47.523808281660685,184.59854469153925,183.02470038022335,Omega_safe_one_step_QP,False,True,,0.4569430147972987,0.3529829120635986,False,False,False,True,1.0,0.0,0.0
255,pressure_negative,215,25.416147770206393,47.525641299609894,184.60515221999316,183.02470038022335,Omega_safe_one_step_QP,False,True,,0.45693866923265813,0.35297289133071896,False,False,False,True,1.0,0.0,0.0
255,pressure_negative,216,25.41599687182927,47.52747373573079,184.61175861678018,183.02470038022335,Omega_safe_one_step_QP,False,True,,0.4569343073338434,0.35296284914016723,False,False,False,True,1.0,0.0,0.0
255,pressure_negative,217,25.415846024730577,47.52930559036124,184.61884440159162,183.02470038022335,Omega_safe_one_step_QP,False,True,,0.4569228094866364,0.35294797897338864,False,False,False,True,1.0,0.0,0.0
255,pressure_negative,218,25.41569561918028,47.531136940518564,184.6271514356865,183.02470038022335,Omega_safe_one_step_QP,False,True,,0.4568922794876927,0.35292008399963376,False,False,False,True,1.0,0.0,0.0
255,pressure_negative,219,25.41554664522165,47.53296798139761,184.63519909970597,183.02470038022335,Omega_safe_one_step_QP,False,True,,0.45686175941109913,0.35289199590682985,False,False,False,True,1.0,0.0,0.0
255,pressure_negative,220,25.415398888695716,47.534798671395976,184.64302368501268,183.02470038022335,Omega_safe_one_step_QP,False,True,,0.4568310718589102,0.35286377906799316,False,False,False,True,1.0,0.0,0.0
255,pressure_negative,221,25.41525216572735,47.536628974815315,184.65065973454327,183.02470038022335,Omega_safe_one_step_QP,False,True,,0.4568002334051411,0.3528354549407959,False,False,False,True,1.0,0.0,0.0
255,pressure_negative,222,25.415106321185203,47.53845886156638,184.65813820412262,183.02470038022335,Omega_safe_one_step_QP,False,True,,0.4567692781207213,0.352807023525238,False,False,False,True,1.0,0.0,0.0
255,pressure_negative,223,25.41496122565753,47.540288306581445,184.6654849197984,183.02470038022335,Omega_safe_one_step_QP,False,True,,0.45673817193468075,0.35277848482131957,False,False,False,True,1.0,0.0,0.0
255,pressure_negative,224,25.41481677118981,47.54211728898209,184.6727235736832,183.02470038022335,Omega_safe_one_step_QP,False,True,,0.45670693234583215,0.3527498173713684,False,False,False,True,1.0,0.0,0.0
255,pressure_negative,225,25.414672869468042,47.543945791727424,184.67986750316942,183.02470038022335,Omega_safe_one_step_QP,False,True,,0.45667559250247797,0.35272106409072873,False,False,False,True,1.0,0.0,0.0
255,pressure_negative,226,25.414529443345902,47.54577379995128,184.68800070172972,183.02470038022335,Omega_safe_one_step_QP,False,True,,0.4566299474368903,0.35268153905868527,False,False,False,True,1.0,0.0,0.0
255,pressure_negative,227,25.41438729463794,47.54760147180874,184.69636458937617,183.02470038022335,Omega_safe_one_step_QP,False,True,,0.45657819878815614,0.3526372289657593,False,False,False,True,1.0,0.0,0.0
255,pressure_negative,228,25.414246607032613,47.54942884397827,184.7044740746335,183.02470038022335,Omega_safe_one_step_QP,False,True,,0.4565262068671561,0.35259261846542356,False,False,False,True,1.0,0.0,0.0
255,pressure_negative,229,25.414107170277877,47.55125587563109,184.71236466614175,183.02470038022335,Omega_safe_one_step_QP,False,True,,0.456473930529719,0.3525477719306946,False,False,False,True,1.0,0.0,0.0
255,pressure_negative,230,25.41396880375348,47.55308253171553,184.7200745457541,183.02470038022335,Omega_safe_one_step_QP,False,True,,0.4564213759227015,0.3525026679039001,False,False,False,True,1.0,0.0,0.0
255,pressure_negative,231,25.413831358517637,47.55490878336795,184.72763557716365,183.02470038022335,Omega_safe_one_step_QP,False,True,,0.4563685037590981,0.35245728492736816,False,False,False,True,1.0,0.0,0.0
255,pressure_negative,232,25.413694712057474,47.556734606887815,184.73506791555147,183.02470038022335,Omega_safe_one_step_QP,False,True,,0.4563153926222186,0.35241166591644285,False,False,False,True,1.0,0.0,0.0
255,pressure_negative,233,25.413558758691703,47.558559981855346,184.74239479633812,183.02470038022335,Omega_safe_one_step_QP,False,True,,0.45626201458489346,0.35236578941345215,False,False,False,True,1.0,0.0,0.0
255,pressure_negative,234,25.413423411999066,47.56038489161415,184.74963346770534,183.02470038022335,Omega_safe_one_step_QP,False,True,,0.45620835829127343,0.352319655418396,False,False,False,True,1.0,0.0,0.0
255,pressure_negative,235,25.413288599887448,47.562209322305655,184.7568026113266,183.02470038022335,Omega_safe_one_step_QP,False,True,,0.4561544133225347,0.35227322101593017,False,False,False,True,1.0,0.0,0.0
255,pressure_negative,236,25.413154265697706,47.564033263090295,184.76390495602828,183.02470038022335,Omega_safe_one_step_QP,False,True,,0.45610023460784654,0.3522265720367431,False,False,False,True,1.0,0.0,0.0
255,pressure_negative,237,25.413020355210975,47.565856703593646,184.77095990993288,183.02470038022335,Omega_safe_one_step_QP,False,True,,0.456045767227952,0.35217962265014646,False,False,False,True,1.0,0.0,0.0
255,pressure_negative,238,25.412886830157696,47.56767963656679,184.77797082528502,183.02470038022335,Omega_safe_one_step_QP,False,True,,0.45599105569050985,0.35213241577148435,False,False,False,True,1.0,0.0,0.0
255,pressure_negative,239,25.41275365513945,47.56950205531572,184.78494477303855,183.02470038022335,Omega_safe_one_step_QP,False,True,,0.45593607727924473,0.3520849514007568,False,False,False,True,1.0,0.0,0.0
255,pressure_negative,240,25.412620800631405,47.571323954293305,184.7918897982358,183.02470038022335,Omega_safe_one_step_QP,False,True,,0.4558808381508627,0.3520372080802917,False,False,False,True,1.0,0.0,0.0
255,pressure_negative,241,25.412488243748015,47.57314532925157,184.79881047573684,183.02470038022335,Omega_safe_one_step_QP,False,True,,0.4558253383118419,0.3519891858100891,False,False,False,True,1.0,0.0,0.0
255,pressure_negative,242,25.412355965403542,47.57496617668445,184.8057084765514,183.02470038022335,Omega_safe_one_step_QP,False,True,,0.45576957161481096,0.351940906047821,False,False,False,True,1.0,0.0,0.0
255,pressure_negative,243,25.412223947943087,47.57678649336242,184.8125894776328,183.02470038022335,Omega_safe_one_step_QP,False,True,,0.45571355558082216,0.3518923473358154,False,False,False,True,1.0,0.0,0.0
255,pressure_negative,244,25.41209217838361,47.57860627697097,184.81945607814328,183.02470038022335,Omega_safe_one_step_QP,False,True,,0.4556572674930175,0.35184350967407224,False,False,False,True,1.0,0.0,0.0
255,pressure_negative,245,25.411960645900468,47.58042552561701,184.8263083007641,183.02470038022335,Omega_safe_one_step_QP,False,True,,0.4556007239261301,0.35179441452026367,False,False,False,True,1.0,0.0,0.0
255,pressure_negative,246,25.411829339730485,47.58224423741657,184.83315259300463,183.02470038022335,Omega_safe_one_step_QP,False,True,,0.45554391447418485,0.3517450189590454,False,False,False,True,1.0,0.0,0.0
255,pressure_negative,247,25.411698254378905,47.58406241152003,184.83998791405432,183.02470038022335,Omega_safe_one_step_QP,False,True,,0.4554868329879777,0.3516953444480896,False,False,False,True,1.0,0.0,0.0
255,pressure_negative,248,25.411567383528933,47.58588004691439,184.8468155326083,183.02470038022335,Omega_safe_one_step_QP,False,True,,0.4554294908371029,0.3516453909873962,False,False,False,True,1.0,0.0,0.0
255,pressure_negative,249,25.411436721916857,47.58769714279223,184.8536365071057,183.02470038022335,Omega_safe_one_step_QP,False,True,,0.4553718766652855,0.3515951585769653,False,False,False,True,1.0,0.0,0.0
255,pressure_negative,250,25.41130626515739,47.58951369851759,184.86045172056825,183.02470038022335,Omega_safe_one_step_QP,False,True,,0.4553140132066459,0.35154464721679685,False,False,False,True,1.0,0.0,0.0
255,pressure_negative,251,25.411176009597927,47.59132971359756,184.86726405543652,183.02470038022335,Omega_safe_one_step_QP,False,True,,0.45525586117427025,0.35149383544921875,False,False,False,True,1.0,0.0,0.0
255,pressure_negative,252,25.41104595393604,47.593145188000896,184.8741875050864,183.02470038022335,Omega_safe_one_step_QP,False,True,,0.45519663345357736,0.3514415860176086,False,False,False,True,1.0,0.0,0.0
255,pressure_negative,253,25.410916189260497,47.59496013988761,184.8818326189933,183.02470038022335,Omega_safe_one_step_QP,False,True,,0.4551332831917896,0.35138161182403566,False,False,False,True,1.0,0.0,0.0
255,pressure_negative,254,25.41078730111162,47.59677468479913,184.88936807538425,183.02470038022335,Omega_safe_one_step_QP,False,True,,0.4550696227082686,0.3513210582733154,False,False,False,True,1.0,0.0,0.0
255,pressure_negative,255,25.410659198914587,47.598588805306775,184.8968655891549,183.02470038022335,Omega_safe_one_step_QP,False,True,,0.45500511291235607,0.351259388923645,False,False,False,True,1.0,0.0,0.0
255,pressure_negative,256,25.410531850581023,47.60040249547348,184.90454399668738,183.02470038022335,Omega_safe_one_step_QP,False,True,,0.4549384322740115,0.3511944794654846,False,False,False,True,1.0,0.0,0.0
255,pressure_negative,257,25.410405401505074,47.60221578430013,184.9120781877823,183.02470038022335,Omega_safe_one_step_QP,False,True,,0.454869229729914,0.35112929105758667,False,False,False,True,1.0,0.0,0.0
255,pressure_negative,258,25.410279733009993,47.604028648830116,184.91955406479224,183.02470038022335,Omega_safe_one_step_QP,False,True,,0.45479534220067064,0.3510632014274597,False,False,False,True,1.0,0.0,0.0
255,pressure_negative,259,25.410154796516327,47.60584107987733,184.92693840645214,183.02470038022335,Omega_safe_one_step_QP,False,True,,0.4547209884172026,0.3509966397285461,False,False,False,True,1.0,0.0,0.0
255,pressure_negative,260,25.410030516716702,47.607653062979644,184.93424409204,183.02470038022335,Omega_safe_one_step_QP,False,True,,0.4546461849590883,0.3509296274185181,False,False,False,True,1.0,0.0,0.0
255,pressure_negative,261,25.409906829045184,47.609464585769686,184.94148400422876,183.02470038022335,Omega_safe_one_step_QP,False,True,,0.4545709318421734,0.35086216449737545,False,False,False,True,1.0,0.0,0.0
255,pressure_negative,262,25.409783679636558,47.6112756379697,184.94866889141045,183.02470038022335,Omega_safe_one_step_QP,False,True,,0.45449522908249074,0.3507942509651184,False,False,False,True,1.0,0.0,0.0
255,pressure_negative,263,25.409661023553323,47.613086211045335,184.95581201283352,183.02470038022335,Omega_safe_one_step_QP,False,True,,0.4544190663135225,0.3507258439064026,False,False,False,True,1.0,0.0,0.0
255,pressure_negative,264,25.409538826784388,47.61489629860161,184.96291586532664,183.02470038022335,Omega_safe_one_step_QP,False,True,,0.45434245393810424,0.35065698623657227,False,False,False,True,1.0,0.0,0.0
255,pressure_negative,265,25.409417057478848,47.616705894659674,184.96999109786702,183.02470038022335,Omega_safe_one_step_QP,False,True,,0.4542653815938778,0.3505876350402832,False,False,False,True,1.0,0.0,0.0
255,pressure_negative,266,25.409295692543804,47.61851499495662,184.9770401752416,183.02470038022335,Omega_safe_one_step_QP,False,True,,0.45418786586325355,0.3505178117752075,False,False,False,True,1.0,0.0,0.0
255,pressure_negative,267,25.40917471097641,47.62032359563481,184.98406729104508,183.02470038022335,Omega_safe_one_step_QP,False,True,,0.4541098840240405,0.3504475164413452,False,False,False,True,1.0,0.0,0.0
255,pressure_negative,268,25.409054095256433,47.62213169351666,184.99108023568976,183.02470038022335,Omega_safe_one_step_QP,False,True,,0.45403145983866994,0.35037670612335203,False,False,False,True,1.0,0.0,0.0
255,pressure_negative,269,25.40893383424701,47.62393928667679,184.99807694322874,183.02470038022335,Omega_safe_one_step_QP,False,True,,0.45395256958940683,0.35030542373657225,False,False,False,True,1.0,0.0,0.0
255,pressure_negative,270,25.408813915181273,47.62574637286578,185.00506425577532,183.02470038022335,Omega_safe_one_step_QP,False,True,,0.45387321429963606,0.35023362636566163,False,False,False,True,1.0,0.0,0.0
255,pressure_negative,271,25.408694330887965,47.62755295093257,185.0120414619643,183.02470038022335,Omega_safe_one_step_QP,False,True,,0.45379339918014294,0.3501613354682922,False,False,False,True,1.0,0.0,0.0
255,pressure_negative,272,25.408575073647537,47.62935901961614,185.01901010543068,183.02470038022335,Omega_safe_one_step_QP,False,True,,0.453713135629759,0.3500885510444641,False,False,False,True,1.0,0.0,0.0
255,pressure_negative,273,25.408456137021794,47.631164577905636,185.0259736198862,183.02470038022335,Omega_safe_one_step_QP,False,True,,0.45363239574365344,0.3500152516365051,False,False,False,True,1.0,0.0,0.0
255,pressure_negative,274,25.408337517380378,47.632969625341325,185.03293273311843,183.02470038022335,Omega_safe_one_step_QP,False,True,,0.4535511909239864,0.3499414372444153,False,False,False,True,1.0,0.0,0.0
255,pressure_negative,275,25.408219211696593,47.63477416158129,185.0398880523848,183.02470038022335,Omega_safe_one_step_QP,False,True,,0.4534695098235951,0.3498671078681946,False,False,False,True,1.0,0.0,0.0
255,pressure_negative,276,25.408101217447285,47.6365781863819,185.04684223015045,183.02470038022335,Omega_safe_one_step_QP,False,True,,0.4533873359152448,0.3497922420501709,False,False,False,True,1.0,0.0,0.0
255,pressure_negative,277,25.407983534268162,47.638381699923876,185.0537910508588,183.02470038022335,Omega_safe_one_step_QP,False,True,,0.45330471371400183,0.34971688270568846,False,False,False,True,1.0,0.0,0.0
255,pressure_negative,278,25.407866158379495,47.64018470171522,185.06073956311738,183.02470038022335,Omega_safe_one_step_QP,False,True,,0.45322159876326334,0.34964098691940304,False,False,False,True,1.0,0.0,0.0
255,pressure_negative,279,25.40774909010721,47.64198719207132,185.06768770499224,183.02470038022335,Omega_safe_one_step_QP,False,True,,0.45313801384976454,0.3495645546913147,False,False,False,True,1.0,0.0,0.0
255,pressure_negative,280,25.40763232972493,47.64378917129729,185.07463757062231,183.02470038022335,Omega_safe_one_step_QP,False,True,,0.45305390831901887,0.3494875645637512,False,False,False,True,1.0,0.0,0.0
255,pressure_negative,281,25.40751587920135,47.64559064003205,185.08158233286477,183.02470038022335,Omega_safe_one_step_QP,False,True,,0.45296935461682675,0.34941008090972897,False,False,False,True,1.0,0.0,0.0
255,pressure_negative,282,25.40739973496406,47.64739159782376,185.08852914425142,183.02470038022335,Omega_safe_one_step_QP,False,True,,0.45288430311906686,0.3493320393562317,False,False,False,True,1.0,0.0,0.0
255,pressure_negative,283,25.40728389925029,47.64919204536367,185.09547756114736,183.02470038022335,Omega_safe_one_step_QP,False,True,,0.452798731100388,0.34925343990325924,False,False,False,True,1.0,0.0,0.0
255,pressure_negative,284,25.407168373927934,47.65099198327077,185.10247442034063,183.02470038022335,Omega_safe_one_step_QP,False,True,,0.4527122858710658,0.3491738104820251,False,False,False,True,1.0,0.0,0.0
255,pressure_negative,285,25.407053198809916,47.652791419636955,185.1094903256361,183.02470038022335,Omega_safe_one_step_QP,False,True,,0.452625121620452,0.3490933656692505,False,False,False,True,1.0,0.0,0.0
255,pressure_negative,286,25.406938389726616,47.65459035784184,185.11650280979964,183.02470038022335,Omega_safe_one_step_QP,False,True,,0.4525374101101872,0.34901229858398436,False,False,False,True,1.0,0.0,0.0
255,pressure_negative,287,25.406823944237736,47.65638879767116,185.12350377844646,183.02470038022335,Omega_safe_one_step_QP,False,True,,0.45244921757760914,0.34893069505691526,False,False,False,True,1.0,0.0,0.0
255,pressure_negative,288,25.406709853352947,47.65818673762003,185.1305014638977,183.02470038022335,Omega_safe_one_step_QP,False,True,,0.4523604944171474,0.3488484907150268,False,False,False,True,1.0,0.0,0.0
255,pressure_negative,289,25.406596114788265,47.65998417750175,185.13749203195027,183.02470038022335,Omega_safe_one_step_QP,False,True,,0.45227125099748483,0.34876572847366333,False,False,False,True,1.0,0.0,0.0
255,pressure_negative,290,25.406482723161197,47.661781116518746,185.14447870362002,183.02470038022335,Omega_safe_one_step_QP,False,True,,0.45218148219363674,0.3486823868751526,False,False,False,True,1.0,0.0,0.0
255,pressure_negative,291,25.406369675720235,47.66357755439005,185.1514620293105,183.02470038022335,Omega_safe_one_step_QP,False,True,,0.45209118804631415,0.3485984659194946,False,False,False,True,1.0,0.0,0.0
255,pressure_negative,292,25.406256970170165,47.66537349092374,185.15844461409247,183.02470038022335,Omega_safe_one_step_QP,False,True,,0.4520003634383281,0.3485139441490173,False,False,False,True,1.0,0.0,0.0
255,pressure_negative,293,25.406144606335143,47.66716892634459,185.1654243486954,183.02470038022335,Omega_safe_one_step_QP,False,True,,0.45190901357268437,0.3484288430213928,False,False,False,True,1.0,0.0,0.0
255,pressure_negative,294,25.406032582330063,47.66896386054061,185.1724037562097,183.02470038022335,Omega_safe_one_step_QP,False,True,,0.4518171105603774,0.348343141078949,False,False,False,True,1.0,0.0,0.0
255,pressure_negative,295,25.405920898321074,47.67075829380322,185.1793828047394,183.02470038022335,Omega_safe_one_step_QP,False,True,,0.45172468861007586,0.3482568383216858,False,False,False,True,1.0,0.0,0.0
255,pressure_negative,296,25.405809554446993,47.67255222641841,185.18636361351682,183.02470038022335,Omega_safe_one_step_QP,False,True,,0.45163170845105405,0.34816991329193114,False,False,False,True,1.0,0.0,0.0
255,pressure_negative,297,25.405698552562438,47.67434565901005,185.19334366792543,183.02470038022335,Omega_safe_one_step_QP,False,True,,0.4515381866730787,0.34808238744735714,False,False,False,True,1.0,0.0,0.0
255,pressure_negative,298,25.40558789247615,47.676138591799514,185.20032300708345,183.02470038022335,Omega_safe_one_step_QP,False,True,,0.4514441119322005,0.34799426078796386,False,False,False,True,1.0,0.0,0.0
255,pressure_negative,299,25.405477574028506,47.677931025014274,185.20730380948103,183.02470038022335,Omega_safe_one_step_QP,False,True,,0.4513495019084972,0.3479055118560791,False,False,False,True,1.0,0.0,0.0
255,concentration_positive,0,26.39,50.125,156.06749765579238,196.16895164708092,Omega_safe_one_step_QP,False,True,34,0.44014341533877993,0.1314425126685756,False,False,False,True,1.0,1.0,0.0
255,concentration_positive,1,26.353897871418585,50.119081921740516,156.06749765579238,183.02470038022335,Omega_safe_one_step_QP,False,True,33,0.3548271190158322,0.0,False,False,False,True,1.0,0.0,0.0
255,concentration_positive,2,26.317986730079674,50.11364525657712,156.06749765579238,183.02470038022335,Omega_safe_one_step_QP,False,True,31,0.3979435566573717,0.0,False,False,False,True,1.0,0.0,0.0
255,concentration_positive,3,26.28226461587591,50.10822607802786,156.06749765579238,183.02470038022335,Omega_safe_one_step_QP,False,True,30,0.3851270018432778,0.0,False,False,False,True,1.0,0.0,0.0
255,concentration_positive,4,26.24673034515788,50.102824304341176,156.06749765579238,183.02470038022335,Omega_safe_one_step_QP,False,True,29,0.37337495297810136,0.0,False,False,False,True,1.0,0.0,0.0
255,concentration_positive,5,26.21138274358448,50.0974398542515,156.06749765579238,183.02470038022335,Omega_safe_one_step_QP,False,True,28,0.3668852416286635,0.0,False,False,False,True,1.0,0.0,0.0
255,concentration_positive,6,26.176220646032153,50.092072646975595,156.06749765579238,183.02470038022335,Omega_safe_one_step_QP,False,True,27,0.36353650374884083,0.0,False,False,False,True,1.0,0.0,0.0
255,concentration_positive,7,26.14124289650517,50.08672260220893,156.06749765579238,183.02470038022335,Omega_safe_one_step_QP,False,True,26,0.36296249894115395,0.0,False,False,False,True,1.0,0.0,0.0
255,concentration_positive,8,26.106448348046968,50.08138964012205,156.06749765579238,183.02470038022335,Omega_safe_one_step_QP,False,True,24,0.363023756473918,0.0,False,False,False,True,1.0,0.0,0.0
255,concentration_positive,9,26.071835862652527,50.076073681357,156.06749765579238,183.02470038022335,Omega_safe_one_step_QP,False,True,23,0.3624055502479442,0.0,False,False,False,True,1.0,0.0,0.0
255,concentration_positive,10,26.037404311181746,50.070774647023825,156.06749765579238,183.02470038022335,Omega_safe_one_step_QP,False,True,22,0.36142695883559517,0.0,False,False,False,True,1.0,0.0,0.0
255,concentration_positive,11,26.003152573273837,50.06549245869702,156.06749765579238,183.02470038022335,Omega_safe_one_step_QP,False,True,21,0.36012618460687323,0.0007129697012122627,False,False,False,True,1.0,0.0,0.0
255,concentration_positive,12,25.96907953726271,50.060227038412094,156.06749765579238,183.02470038022335,Omega_safe_one_step_QP,False,True,20,0.3582388883985498,0.012100250226502074,False,False,False,True,1.0,0.0,0.0
255,concentration_positive,13,25.93518410009333,50.05497830866211,156.06749765579238,183.02470038022335,Omega_safe_one_step_QP,False,True,19,0.35402346962112713,0.02342183863285835,False,False,False,True,1.0,0.0,0.0
255,concentration_positive,14,25.901465167239035,50.04974619239429,156.06749765579238,183.02470038022335,Omega_safe_one_step_QP,False,True,17,0.3464493209882768,0.03467815568693289,False,False,False,True,1.0,0.0,0.0
255,concentration_positive,15,25.867921652619813,50.044530613006636,156.06749765579238,183.02470038022335,Omega_safe_one_step_QP,False,True,16,0.3347936870613556,0.04586961880141427,False,False,False,True,1.0,0.0,0.0
255,concentration_positive,16,25.834552478521513,50.03933149434459,156.06749765579238,183.02470038022335,Omega_safe_one_step_QP,False,True,15,0.32782609383614214,0.056996642068106784,False,False,False,True,1.0,0.0,0.0
255,concentration_positive,17,25.801356575515985,50.03414876069771,156.06749765579238,183.02470038022335,Omega_safe_one_step_QP,False,True,14,0.3312883145496437,0.0680596362906174,False,False,False,True,1.0,0.0,0.0
255,concentration_positive,18,25.768332882382126,50.02898233679641,156.06749765579238,183.02470038022335,Omega_safe_one_step_QP,False,True,13,0.3196179528085805,0.07905900901665353,False,False,False,True,1.0,0.0,0.0
255,concentration_positive,19,25.735480346027842,50.02383214780868,156.06749765579238,183.02470038022335,Omega_safe_one_step_QP,False,True,12,0.30649099279753994,0.08999516456994189,False,False,False,True,1.0,0.0,0.0
255,concentration_positive,20,26.702797921412877,50.0186981193369,156.06749765579238,183.02470038022335,Omega_safe_one_step_QP,False,True,44,0.364267063915161,0.0,False,False,False,True,1.0,1.0,0.0
255,concentration_positive,21,26.66554882993467,50.01323270271481,156.06749765579238,183.02470038022335,Omega_safe_one_step_QP,False,True,43,0.3576890636715749,0.0,False,False,False,True,1.0,0.0,0.0
255,concentration_positive,22,26.628496803529462,50.00778526381766,156.06749765579238,183.02470038022335,Omega_safe_one_step_QP,False,True,42,0.3571183266740661,0.0,False,False,False,True,1.0,0.0,0.0
255,concentration_positive,23,26.59164059533783,50.00235571765257,156.06749765579238,183.02470038022335,Omega_safe_one_step_QP,False,True,40,0.3588681173199183,0.0,False,False,False,True,1.0,0.0,0.0
255,concentration_positive,24,26.55497896842856,49.996943979737566,156.06749765579238,183.02470038022335,Omega_safe_one_step_QP,False,True,39,0.3605891348120041,0.0,False,False,False,True,1.0,0.0,0.0
255,concentration_positive,25,26.5185106957006,49.99154996609766,156.06749765579238,183.02470038022335,Omega_safe_one_step_QP,False,True,38,0.361848895911168,0.0,False,False,False,True,1.0,0.0,0.0
255,concentration_positive,26,26.482234559786132,49.986173593260965,156.06749765579238,183.02470038022335,Omega_safe_one_step_QP,False,True,37,0.36254544693393204,0.0,False,False,False,True,1.0,0.0,0.0
255,concentration_positive,27,26.44614935295484,49.980814778254896,156.06749765579238,183.02470038022335,Omega_safe_one_step_QP,False,True,36,0.3622535244815271,0.0,False,False,False,True,1.0,0.0,0.0
255,concentration_positive,28,26.410253877019272,49.975473438602315,156.06749765579238,183.02470038022335,Omega_safe_one_step_QP,False,True,35,0.36134713398019713,0.0,False,False,False,True,1.0,0.0,0.0
255,concentration_positive,29,26.37454694324132,49.970149492317816,156.06749765579238,183.02470038022335,Omega_safe_one_step_QP,False,True,33,0.3597762642691166,0.0,False,False,False,True,1.0,0.0,0.0
255,concentration_positive,30,26.339027372239812,49.96484285790396,156.06749765579238,183.02470038022335,Omega_safe_one_step_QP,False,True,32,0.3576956669063883,0.0,False,False,False,True,1.0,0.0,0.0
255,concentration_positive,31,26.303693993899177,49.959553454347606,156.06749765579238,183.02470038022335,Omega_safe_one_step_QP,False,True,31,0.35536067823490564,0.0,False,False,False,True,1.0,0.0,0.0
255,concentration_positive,32,26.268545647279172,49.954281201116245,156.06749765579238,183.02470038022335,Omega_safe_one_step_QP,False,True,30,0.3534132503162728,0.0,False,False,False,True,1.0,0.0,0.0
255,concentration_positive,33,26.233581180525672,49.94902601815438,156.06749765579238,183.02470038022335,Omega_safe_one_step_QP,False,True,29,0.3513932477529978,0.0,False,False,False,True,1.0,0.0,0.0
255,concentration_positive,34,26.198799450782502,49.943787825879916,156.06749765579238,183.02470038022335,Omega_safe_one_step_QP,False,True,27,0.3498865214539838,0.0,False,False,False,True,1.0,0.0,0.0
255,concentration_positive,35,26.164199324104285,49.93856654518064,156.06749765579238,183.02470038022335,Omega_safe_one_step_QP,False,True,26,0.3491037699874585,0.0,False,False,False,True,1.0,0.0,0.0
255,concentration_positive,36,26.129779675370298,49.93336209741068,156.06749765579238,183.02470038022335,Omega_safe_one_step_QP,False,True,25,0.3493553754755385,0.0,False,False,False,True,1.0,0.0,0.0
255,concentration_positive,37,26.095539388199338,49.92817440438701,156.06749765579238,183.02470038022335,Omega_safe_one_step_QP,False,True,24,0.35067449577577864,0.0,False,False,False,True,1.0,0.0,0.0
255,concentration_positive,38,26.061477354865573,49.923003388386,156.06749765579238,183.02470038022335,Omega_safe_one_step_QP,False,True,23,0.3530134579488542,0.0,False,False,False,True,1.0,0.0,0.0
255,concentration_positive,39,26.027592476215347,49.91784897214001,156.06749765579238,183.02470038022335,Omega_safe_one_step_QP,False,True,22,0.35523090411443214,0.0,False,False,False,True,1.0,0.0,0.0
255,concentration_positive,40,26.993883661584952,49.912711078833965,156.06749765579238,183.02470038022335,Omega_safe_one_step_QP,False,True,184,0.3629276091492465,0.0,False,False,False,True,1.0,1.0,0.0
255,concentration_positive,41,26.95558699249418,49.90724216213355,156.06749765579238,183.02470038022335,Omega_safe_one_step_QP,False,True,182,0.3680182758397204,0.0,False,False,False,True,1.0,0.0,0.0
255,concentration_positive,42,26.917493663126926,49.90179159016191,156.06749765579238,183.02470038022335,Omega_safe_one_step_QP,False,True,180,0.37388130976068373,0.0,False,False,False,True,1.0,0.0,0.0
255,concentration_positive,43,26.87960237682451,49.89635927541109,156.06749765579238,183.02470038022335,Omega_safe_one_step_QP,False,True,178,0.38010662127441386,0.0,False,False,False,True,1.0,0.0,0.0
255,concentration_positive,44,26.841911847350136,49.890945130903596,156.06749765579238,183.02470038022335,Omega_safe_one_step_QP,False,True,176,0.3852522097466734,0.0,False,False,False,True,1.0,0.0,0.0
255,concentration_positive,45,26.80442079878496,49.88554907018831,156.06749765579238,183.02470038022335,Omega_safe_one_step_QP,False,True,174,0.3891681695598667,0.0,False,False,False,True,1.0,0.0,0.0
255,concentration_positive,46,26.767127965425413,49.880171007336436,156.06749765579238,183.02470038022335,Omega_safe_one_step_QP,False,True,172,0.3919290911998349,0.0,False,False,False,True,1.0,0.0,0.0
255,concentration_positive,47,26.73003209168173,49.87481085693746,156.06749765579238,183.02470038022335,Omega_safe_one_step_QP,False,True,170,0.3928709267713718,0.0,False,False,False,True,1.0,0.0,0.0
255,concentration_positive,48,26.69313193197768,49.86946853409518,156.06749765579238,183.02470038022335,Omega_safe_one_step_QP,False,True,168,0.3932591115822802,0.0,False,False,False,True,1.0,0.0,0.0
255,concentration_positive,49,26.65642625065151,49.86414395442378,156.06749765579238,183.02470038022335,Omega_safe_one_step_QP,False,True,166,0.3932011772626457,0.0,False,False,False,True,1.0,0.0,0.0
255,concentration_positive,50,26.619913821858056,49.85883703404387,156.06749765579238,183.02470038022335,Omega_safe_one_step_QP,False,True,165,0.39278327984325206,0.0,False,False,False,True,1.0,0.0,0.0
255,concentration_positive,51,26.583593429471993,49.853547689578676,156.06749765579238,183.02470038022335,Omega_safe_one_step_QP,False,True,163,0.39207165158385787,0.0,False,False,False,True,1.0,0.0,0.0
255,concentration_positive,52,26.547463866992242,49.84827583815016,156.06749765579238,183.02470038022335,Omega_safe_one_step_QP,False,True,161,0.39081163707205163,0.0,False,False,False,True,1.0,0.0,0.0
255,concentration_positive,53,26.511523937447514,49.84302139737526,156.06749765579238,183.02470038022335,Omega_safe_one_step_QP,False,True,159,0.389036762926737,0.0,False,False,False,True,1.0,0.0,0.0
255,concentration_positive,54,26.47577245330294,49.83778428536212,156.06749765579238,183.02470038022335,Omega_safe_one_step_QP,False,True,158,0.3871017642575008,0.0,False,False,False,True,1.0,0.0,0.0
255,concentration_positive,55,26.440208236367816,49.83256442070635,156.06749765579238,183.02470038022335,Omega_safe_one_step_QP,False,True,156,0.38504311388613144,0.0,False,False,False,True,1.0,0.0,0.0
255,concentration_positive,56,26.404830117704417,49.82736172248736,156.06749765579238,183.02470038022335,Omega_safe_one_step_QP,False,True,155,0.38289420855492273,0.0,False,False,False,True,1.0,0.0,0.0
255,concentration_positive,57,26.369636937537887,49.8221761102647,156.06749765579238,183.02470038022335,Omega_safe_one_step_QP,False,True,153,0.3806657163798311,0.0,False,False,False,True,1.0,0.0,0.0
255,concentration_positive,58,26.334627545167173,49.81700750407443,156.06749765579238,183.02470038022335,Omega_safe_one_step_QP,False,True,151,0.3779726770220064,0.0,False,False,False,True,1.0,0.0,0.0
255,concentration_positive,59,26.299800798876994,49.811855824425564,156.06749765579238,183.02470038022335,Omega_safe_one_step_QP,False,True,150,0.37288586595217516,0.0,False,False,False,True,1.0,0.0,0.0
255,concentration_positive,60,26.265155565850844,49.806720992296476,156.06749765579238,183.02470038022335,Omega_safe_one_step_QP,False,True,148,0.3667451704424672,0.0,False,False,False,True,1.0,0.0,0.0
255,concentration_positive,61,26.230690722084994,49.80160292913143,156.06749765579238,183.02470038022335,Omega_safe_one_step_QP,False,True,147,0.36119018417585047,0.0,False,False,False,True,1.0,0.0,0.0
255,concentration_positive,62,26.196405152303495,49.79650155683706,156.06749765579238,183.02470038022335,Omega_safe_one_step_QP,False,True,146,0.3557292381862653,0.0,False,False,False,True,1.0,0.0,0.0
255,concentration_positive,63,26.16229774987416,49.791416797778936,156.06749765579238,183.02470038022335,Omega_safe_one_step_QP,False,True,144,0.35146859339071035,0.0,False,False,False,True,1.0,0.0,0.0
255,concentration_positive,64,26.128367416725517,49.786348574778145,156.06749765579238,183.02470038022335,Omega_safe_one_step_QP,False,True,143,0.349116935559699,0.0,False,False,False,True,1.0,0.0,0.0
255,concentration_positive,65,26.094613063264717,49.7812968111079,156.06749765579238,183.02470038022335,Omega_safe_one_step_QP,False,True,141,0.3490794452972758,0.0,False,False,False,True,1.0,0.0,0.0
255,concentration_positive,66,26.06103360829639,49.77626143049018,156.06749765579238,183.02470038022335,Omega_safe_one_step_QP,False,True,140,0.35118153713109196,0.0,False,False,False,True,1.0,0.0,0.0
255,concentration_positive,67,26.027627978942427,49.77124235709241,156.06749765579238,183.02470038022335,Omega_safe_one_step_QP,False,True,139,0.3549977991550258,0.0,False,False,False,True,1.0,0.0,0.0
255,concentration_positive,68,25.99439511056267,49.76623951552417,156.06749765579238,183.02470038022335,Omega_safe_one_step_QP,False,True,137,0.3575636538831054,0.0,False,False,False,True,1.0,0.0,0.0
255,concentration_positive,69,25.96133394667654,49.76125283083392,156.06749765579238,183.02470038022335,Omega_safe_one_step_QP,False,True,136,0.3577250076250601,0.0,False,False,False,True,1.0,0.0,0.0
255,concentration_positive,70,25.928443438885513,49.75628222850578,156.06749765579238,183.02470038022335,Omega_safe_one_step_QP,False,True,135,0.35567126072254074,0.0,False,False,False,True,1.0,0.0,0.0
255,concentration_positive,71,25.89572254679652,49.75132763445633,156.06749765579238,183.02470038022335,Omega_safe_one_step_QP,False,True,134,0.35311501728629663,0.0,False,False,False,True,1.0,0.0,0.0
255,concentration_positive,72,25.8631702379462,49.74638897503142,156.06749765579238,183.02470038022335,Omega_safe_one_step_QP,False,True,133,0.35289572542317993,0.0,False,False,False,True,1.0,0.0,0.0
255,concentration_positive,73,25.830785487726008,49.74146617700304,156.06749765579238,183.02470038022335,Omega_safe_one_step_QP,False,True,131,0.35160658319386673,0.0,False,False,False,True,1.0,0.0,0.0
255,concentration_positive,74,25.798567279308166,49.73655916756619,156.06749765579238,183.02470038022335,Omega_safe_one_step_QP,False,True,130,0.3398881734075181,0.0,False,False,False,True,1.0,0.0,0.0
255,concentration_positive,75,25.76651460357248,49.73166787433581,156.06749765579238,183.02470038022335,Omega_safe_one_step_QP,False,True,129,0.33437127311528064,0.0,False,False,False,True,1.0,0.0,0.0
255,concentration_positive,76,25.734626459033947,49.726792225343715,160.19721860347457,183.02470038022335,Omega_safe_one_step_QP,False,True,128,0.327152272123677,0.041297209476821806,False,False,False,True,1.0,0.0,0.0
255,concentration_positive,77,25.706287488429684,49.72259115173204,162.5276572470408,183.02470038022335,Omega_safe_one_step_QP,False,True,127,0.2913036358692766,0.06460159591248427,False,False,False,True,1.0,0.0,0.0
255,concentration_positive,78,25.679998212393905,49.71877567818733,164.448393339147,183.02470038022335,Omega_safe_one_step_QP,False,True,126,0.2581570237063666,0.08380895683354639,False,False,False,True,1.0,0.0,0.0
255,concentration_positive,79,25.655409051910443,49.71527935920299,165.53099290652835,183.02470038022335,Omega_safe_one_step_QP,False,True,125,0.22222419412690506,0.09463495250735987,False,False,False,True,1.0,0.0,0.0
255,concentration_positive,80,25.63182326643107,49.71196756395443,166.1036647061645,183.02470038022335,Omega_safe_one_step_QP,False,True,124,0.18661895412939766,0.10036167050372108,False,False,False,True,1.0,0.0,0.0
255,concentration_positive,81,25.608817707203286,49.70875840172033,166.19424692820462,183.02470038022335,Omega_safe_one_step_QP,False,True,122,0.1520376039085062,0.0963563847541809,False,False,False,True,1.0,0.0,0.0
255,concentration_positive,82,25.58599521121376,49.705574646395114,165.15246900202993,183.02470038022335,Omega_safe_one_step_QP,False,True,121,0.12209579446759929,0.04059195846319197,False,False,False,True,1.0,0.0,0.0
255,concentration_positive,83,25.56243147209192,49.70223551303074,163.14614797515088,183.02470038022335,Omega_safe_one_step_QP,False,True,120,0.12188361285299819,0.026297299861907986,False,False,False,True,1.0,0.0,0.0
255,concentration_positive,84,25.537346037964735,49.69858748368771,160.7104592934142,183.02470038022335,Omega_safe_one_step_QP,False,True,119,0.1603778764668128,0.10051626563072202,False,False,False,True,1.0,0.0,0.0
255,concentration_positive,85,25.510400314818952,49.69456285418788,158.98697596655407,183.02470038022335,Omega_safe_one_step_QP,False,True,118,0.21446151607711972,0.17132467389106754,False,False,False,True,1.0,0.0,0.0
255,concentration_positive,86,25.482186673815416,49.690276268760094,159.957538743547,183.02470038022335,Omega_safe_one_step_QP,False,True,116,0.2515469725559638,0.21790073203290453,False,False,False,True,1.0,0.0,0.0
255,concentration_positive,87,25.454901714964464,49.68615831663309,163.54462610632268,183.02470038022335,Omega_safe_one_step_QP,False,True,115,0.2673033904211765,0.23678713886428462,False,False,False,True,1.0,0.0,0.0
255,concentration_positive,88,25.430661066471885,49.68262605753343,167.0718937264327,183.02470038022335,Omega_safe_one_step_QP,False,True,114,0.27786650925511364,0.2503849647725961,False,False,False,True,1.0,0.0,0.0
255,concentration_positive,89,25.409395485621726,49.679668348984684,170.7613850606301,183.02470038022335,Omega_safe_one_step_QP,False,True,113,0.2821158972472293,0.25655560045733744,False,False,False,True,1.0,0.0,0.0
255,concentration_positive,90,25.391217050070633,49.67730951574517,174.63233876889655,183.02470038022335,Omega_safe_one_step_QP,False,True,112,0.2797920532998746,0.254865894736769,False,False,False,True,1.0,0.0,0.0
255,concentration_positive,91,25.37625368001725,49.67557689112457,178.08863897829517,183.02470038022335,Omega_safe_one_step_QP,False,True,110,0.27507937711057806,0.2509378530989648,False,False,False,True,1.0,0.0,0.0
255,concentration_positive,92,25.36415138135477,49.67440261193175,180.9531647501129,183.02470038022335,Omega_safe_one_step_QP,False,True,109,0.270255567516349,0.24718306895201198,False,False,False,True,1.0,0.0,0.0
255,concentration_positive,93,25.35441604683609,49.67369073574896,183.2107159133194,183.02470038022335,Omega_safe_one_step_QP,False,True,107,0.26612812774602557,0.24469289468985927,False,False,False,True,1.0,0.0,0.0
255,concentration_positive,94,25.346544769443096,49.673343154476036,184.3808670742882,183.02470038022335,Omega_safe_one_step_QP,False,True,106,0.26702605897111,0.2491086120669681,False,False,False,True,1.0,0.0,0.0
255,concentration_positive,95,25.339649496345114,49.67318535989808,185.34211437337987,183.02470038022335,Omega_safe_one_step_QP,False,True,104,0.26953439315684175,0.25360959361619306,False,False,False,True,1.0,0.0,0.0
255,concentration_positive,96,25.33355672546573,49.673183501544365,186.2144294681178,183.02470038022335,Omega_safe_one_step_QP,False,True,103,0.27165223798947097,0.2573719036822426,False,False,False,True,1.0,0.0,0.0
255,concentration_positive,97,25.328190819273523,49.67332296521882,187.0032374525694,183.02470038022335,Omega_safe_one_step_QP,False,True,101,0.27335333963217706,0.26049301154439214,False,False,False,True,1.0,0.0,0.0
255,concentration_positive,98,25.32348095436107,49.67359004219046,187.69064267748303,183.02470038022335,Omega_safe_one_step_QP,False,True,100,0.27486059021907666,0.2632868697427482,False,False,False,True,1.0,0.0,0.0
255,concentration_positive,99,25.319342245984004,49.67396820521687,188.2966551292021,183.02470038022335,Omega_safe_one_step_QP,False,True,98,0.2762836811348946,0.265728135140893,False,False,False,True,1.0,0.0,0.0
255,concentration_positive,100,25.31570640381758,49.67444416492955,188.82112674503333,183.02470038022335,Omega_safe_one_step_QP,False,True,96,0.27761220978306866,0.26795379731307367,False,False,False,True,1.0,0.0,0.0
255,concentration_positive,101,25.31250536344448,49.67500464430816,189.24738313964872,183.02470038022335,Omega_safe_one_step_QP,False,True,94,0.2791660985558,0.2702598175146188,False,False,False,True,1.0,0.0,0.0
255,concentration_positive,102,25.309657932588678,49.675633741357906,189.63391719219726,183.02470038022335,Omega_safe_one_step_QP,False,True,93,0.28050944072989714,0.27224317746519533,False,False,False,True,1.0,0.0,0.0
255,concentration_positive,103,25.30713051111831,49.676324931124356,189.97634685125425,183.02470038022335,Omega_safe_one_step_QP,False,True,91,0.2816903275211382,0.27401309790106193,False,False,False,True,1.0,0.0,0.0
255,concentration_positive,104,25.304886123255308,49.67707100706438,190.28137910139174,183.02470038022335,Omega_safe_one_step_QP,False,True,89,0.28271977427993317,0.27557863969680324,False,False,False,True,1.0,0.0,0.0
255,concentration_positive,105,25.30289337760471,49.67786585241316,190.55197006108114,183.02470038022335,Omega_safe_one_step_QP,False,True,87,0.28362177619160595,0.27697389850284465,False,False,False,True,1.0,0.0,0.0
255,concentration_positive,106,25.30112341218788,49.67870383868419,190.78763175555056,183.02470038022335,Omega_safe_one_step_QP,False,True,86,0.2844219872341132,0.2782610239844291,False,False,False,True,1.0,0.0,0.0
255,concentration_positive,107,25.29954710158878,49.679579274739375,190.99958897558997,183.02470038022335,Omega_safe_one_step_QP,False,True,84,0.2850966266370514,0.27939020175944107,False,False,False,True,1.0,0.0,0.0
255,concentration_positive,108,25.29814450635762,49.680488276037444,191.18120332579159,183.02470038022335,Omega_safe_one_step_QP,False,True,82,0.2857099724121777,0.28046483620819995,False,False,False,True,1.0,0.0,0.0
255,concentration_positive,109,25.296890419359766,49.68142590920621,191.33825977218785,183.02470038022335,Omega_safe_one_step_QP,False,True,80,0.28626292805036213,0.28147957789978384,False,False,False,True,1.0,0.0,0.0
255,concentration_positive,110,25.295764409896613,49.68238817733471,191.48170393444622,183.02470038022335,Omega_safe_one_step_QP,False,True,78,0.2867391478150141,0.28237022381755733,False,False,False,True,1.0,0.0,0.0
255,concentration_positive,111,25.29475496556327,49.683372840976496,191.60978710170238,183.02470038022335,Omega_safe_one_step_QP,False,True,76,0.28715897668530305,0.2831764774883585,False,False,False,True,1.0,0.0,0.0
255,concentration_positive,112,25.293849212991653,49.68437738769496,191.72513906685734,183.02470038022335,Omega_safe_one_step_QP,False,True,74,0.2875246719739843,0.28389882052613974,False,False,False,True,1.0,0.0,0.0
255,concentration_positive,113,25.293036455197598,49.68539973150068,191.82866380277696,183.02470038022335,Omega_safe_one_step_QP,False,True,72,0.28784367489869356,0.28454991984829076,False,False,False,True,1.0,0.0,0.0
255,concentration_positive,114,25.29230676985353,49.68643793629915,191.92166870072563,183.02470038022335,Omega_safe_one_step_QP,False,True,70,0.2881208903599514,0.2851370433613125,False,False,False,True,1.0,0.0,0.0
255,concentration_positive,115,25.291651331134112,49.687490279860086,192.00395715586794,183.02470038022335,Omega_safe_one_step_QP,False,True,68,0.2883665460460445,0.2856796317117034,False,False,False,True,1.0,0.0,0.0
255,concentration_positive,116,25.29106119170674,49.688555013234584,192.0779961216924,183.02470038022335,Omega_safe_one_step_QP,False,True,66,0.28858477115042624,0.28617194674907365,False,False,False,True,1.0,0.0,0.0
255,concentration_positive,117,25.29052943147534,49.68963078586722,192.14435905397724,183.02470038022335,Omega_safe_one_step_QP,False,True,64,0.28877666710907235,0.2866222907808391,False,False,False,True,1.0,0.0,0.0
255,concentration_positive,118,25.290049621719614,49.69071634236372,192.19865910847693,183.02470038022335,Omega_safe_one_step_QP,False,True,61,0.28897535420849546,0.2870852101084392,False,False,False,True,1.0,0.0,0.0
255,concentration_positive,119,25.28961182201589,49.69180973067788,192.249994404272,183.02470038022335,Omega_safe_one_step_QP,False,True,59,0.2891398619480522,0.2874938235443262,False,False,False,True,1.0,0.0,0.0
255,concentration_positive,120,25.28921347118011,49.692910455877396,192.29558421665124,183.02470038022335,Omega_safe_one_step_QP,False,True,57,0.2892875448727195,0.2878796954552985,False,False,False,True,1.0,0.0,0.0
255,concentration_positive,121,25.288849775825522,49.694017580634025,192.33730521512206,183.02470038022335,Omega_safe_one_step_QP,False,True,55,0.2894142378732965,0.2882345089088341,False,False,False,True,1.0,0.0,0.0
255,concentration_positive,122,25.288517475900726,49.69513046962479,192.37497943454417,183.02470038022335,Omega_safe_one_step_QP,False,True,52,0.28952488627738154,0.2885664374930674,False,False,False,True,1.0,0.0,0.0
255,concentration_positive,123,25.288213181212903,49.69624846084622,192.40929601728214,183.02470038022335,Omega_safe_one_step_QP,False,True,50,0.2896197857227564,0.2888756741865692,False,False,False,True,1.0,0.0,0.0
255,concentration_positive,124,25.28793407127667,49.697371004055405,192.4404506763276,183.02470038022335,Omega_safe_one_step_QP,False,True,47,0.2897013945139904,0.2891659656884229,False,False,False,True,1.0,0.0,0.0
255,concentration_positive,125,25.287677494994952,49.69849758172853,192.46885639885375,183.02470038022335,Omega_safe_one_step_QP,False,True,45,0.28977062381666585,0.2894386610066487,False,False,False,True,1.0,0.0,0.0
255,concentration_positive,126,25.287441145180935,49.699627743643994,192.49474385410903,183.02470038022335,Omega_safe_one_step_QP,False,True,42,0.2898290915864942,0.289696155214539,False,False,False,True,1.0,0.0,0.0
255,concentration_positive,127,25.287222910096865,49.700761077606906,192.5213023676628,183.0378511575061,Omega_safe_one_step_QP,False,True,39,0.2898698875620845,0.2898698875620845,False,False,False,True,1.0,0.0,0.0
255,concentration_positive,128,25.28702325958694,49.701897193467474,192.54035449409002,183.10255921265622,Omega_safe_one_step_QP,False,True,37,0.28991118110236597,0.28991118110236597,False,False,False,True,1.0,0.0,0.0
255,concentration_positive,129,25.286836070301998,49.70303297187255,192.53435372185714,183.24483480706317,Omega_safe_one_step_QP,False,True,34,0.28991479460251757,0.2899147946025176,False,False,False,True,1.0,0.0,0.0
255,concentration_positive,130,25.2866411001731,49.70416153800203,192.5014535110013,183.49622565380758,Omega_safe_one_step_QP,False,True,31,0.2898460433463479,0.2898460433463479,False,False,False,True,1.0,0.0,0.0
255,concentration_positive,131,25.28641671100092,49.70527457998791,192.43433592614005,183.87019545228696,Omega_safe_one_step_QP,False,True,28,0.2897994901114949,0.2897994901114949,False,False,False,True,1.0,0.0,0.0
255,concentration_positive,132,25.286135464330492,49.706362163302664,192.34151618024214,184.39349142364463,Omega_safe_one_step_QP,False,True,25,0.2897143436543276,0.2897143436543276,False,False,False,True,1.0,0.0,0.0
255,concentration_positive,133,25.285776916700904,49.707414793057076,192.2122274905143,185.12588648179823,Omega_safe_one_step_QP,False,True,22,0.28965168537210134,0.2896516853721014,False,False,False,True,1.0,0.0,0.0
255,concentration_positive,134,25.285312046445426,49.708419165985546,192.04586968668497,186.1514961744959,Omega_safe_one_step_QP,False,True,19,0.2896326394307133,0.2896326394307133,False,False,False,True,1.0,0.0,0.0
255,concentration_positive,135,25.284711496562796,49.70935900685333,191.80103247313454,187.39931676780404,Omega_safe_one_step_QP,False,True,16,0.29056144652221494,0.29056144652221494,False,False,False,True,1.0,0.0,0.0
255,concentration_positive,136,25.28391266811864,49.71021426953238,191.50957214180968,188.93291864467145,Omega_safe_one_step_QP,False,True,13,0.29245464892344747,0.29245464892344747,False,False,False,True,1.0,0.0,0.0
255,concentration_positive,137,25.28287894153491,49.71096803333189,191.13609248959878,190.89024624889325,Omega_safe_one_step_QP,False,True,10,0.29607148397935296,0.29607148397935296,False,False,False,True,1.0,0.0,0.0
255,concentration_positive,138,25.281545353211815,49.711593345081766,190.8956878557825,192.84883591602764,Omega_safe_one_step_QP,False,True,7,0.3002030712903525,0.3002030712903525,False,False,False,True,1.0,0.0,0.0
255,concentration_positive,139,25.2800206710412,49.712112729326016,191.36042349580305,192.14400501245441,Omega_safe_one_step_QP,False,True,5,0.29866782093938693,0.29866782093938693,False,False,False,True,1.0,0.0,0.0
255,concentration_positive,140,25.278874279498048,49.71273047192886,191.8348905037288,191.81600212069134,Omega_safe_one_step_QP,False,True,5,0.2962677851945582,0.2962677851945582,False,False,False,True,1.0,0.0,0.0
255,concentration_positive,141,25.27811239522555,49.71343504196441,192.2355437197512,191.55096974649996,Omega_safe_one_step_QP,False,True,5,0.29384835267950005,0.2938483526795001,False,False,False,True,1.0,0.0,0.0
255,concentration_positive,142,25.277673894835573,49.714212302492925,192.57906678020595,191.25069740611036,Omega_safe_one_step_QP,False,True,5,0.2914141401685847,0.29141414016858463,False,False,False,True,1.0,0.0,0.0
255,concentration_positive,143,25.277511370894857,49.715054197201106,192.88548113641252,190.91331699772616,Omega_safe_one_step_QP,False,True,5,0.28887398413578186,0.28887398413578186,False,False,False,True,1.0,0.0,0.0
255,concentration_positive,144,25.27759375535576,49.715955962811755,193.10355975117227,190.66311210700422,Omega_safe_one_step_QP,False,True,5,0.28668661209794816,0.28668661209794816,False,False,False,True,1.0,0.0,0.0
255,concentration_positive,145,25.277848815205346,49.71690036191652,193.216234780483,190.48430862556432,Omega_safe_one_step_QP,False,True,5,0.28515375990063296,0.28515375990063296,False,False,False,True,1.0,0.0,0.0
255,concentration_positive,146,25.278190858214522,49.71786800504211,193.25521238809782,190.37049782809186,Omega_safe_one_step_QP,False,True,5,0.2841209211598076,0.2841209211598076,False,False,False,True,1.0,0.0,0.0
255,concentration_positive,147,25.278560104493042,49.71884482233409,193.23086378566677,190.31112480726503,Omega_safe_one_step_QP,False,True,5,0.2836060993486537,0.2836060993486537,False,False,False,True,1.0,0.0,0.0
255,concentration_positive,148,25.278905380112267,49.719818794467585,193.17814875010905,190.28883240571386,Omega_safe_one_step_QP,False,True,5,0.28337991461640916,0.28337991461640916,False,False,False,True,1.0,0.0,0.0
255,concentration_positive,149,25.27920390611781,49.720784112611895,193.1157990933906,190.2910782041311,Omega_safe_one_step_QP,False,True,5,0.2833151055131224,0.2833151055131224,False,False,False,True,1.0,0.0,0.0
255,concentration_positive,150,25.27944810063118,49.72173840731247,193.05342913940393,190.30905415127808,Omega_safe_one_step_QP,False,True,5,0.2833413748776831,0.2833413748776831,False,False,False,True,1.0,0.0,0.0
255,concentration_positive,151,25.279638166334898,49.722681155515424,192.9971248962407,190.33644570421816,Omega_safe_one_step_QP,False,True,5,0.2834053207793069,0.2834053207793069,False,False,False,True,1.0,0.0,0.0
255,concentration_positive,152,25.279779213864458,49.72361302627597,192.94987936723152,190.36909899657314,Omega_safe_one_step_QP,False,True,5,0.28347191522015736,0.28347191522015736,False,False,False,True,1.0,0.0,0.0
255,concentration_positive,153,25.279878747724272,49.72453530895162,192.91293174845038,190.40451500417274,Omega_safe_one_step_QP,False,True,5,0.28351674965950285,0.28351674965950285,False,False,False,True,1.0,0.0,0.0
255,concentration_positive,154,25.279945242150717,49.725449574120624,192.8850801367089,190.44112934133875,Omega_safe_one_step_QP,False,True,5,0.28353656287813533,0.28353656287813533,False,False,False,True,1.0,0.0,0.0
255,concentration_positive,155,25.27998616866064,49.72635725077546,192.8649550406775,190.47795922793406,Omega_safe_one_step_QP,False,True,4,0.2835310749394222,0.2835310749394222,False,False,False,True,1.0,0.0,0.0
255,concentration_positive,156,25.280007864719927,49.727259579731474,192.851135941685,190.51446027699012,Omega_safe_one_step_QP,False,True,4,0.2835022678888411,0.2835022678888411,False,False,False,True,1.0,0.0,0.0
255,concentration_positive,157,25.28001549701331,49.72815759074069,192.84228969572817,190.55038216711802,Omega_safe_one_step_QP,False,True,4,0.2834532612895859,0.2834532612895859,False,False,False,True,1.0,0.0,0.0
255,concentration_positive,158,25.280013136520715,49.72905210677404,192.83724580496505,190.58564613501312,Omega_safe_one_step_QP,False,True,4,0.2833875621802304,0.2833875621802304,False,False,False,True,1.0,0.0,0.0
255,concentration_positive,159,25.280003894026,49.72994376456554,192.83502310634083,190.62027759098888,Omega_safe_one_step_QP,False,True,4,0.2833086080025741,0.2833086080025741,False,False,False,True,1.0,0.0,0.0
255,concentration_positive,160,25.279990076625584,49.7308330417034,192.83416345203432,190.65347722117602,Omega_safe_one_step_QP,False,True,4,0.28322720980813726,0.28322720980813726,False,False,False,True,1.0,0.0,0.0
255,concentration_positive,161,25.279972806333703,49.73172020963734,192.83423867637057,190.6849545564147,Omega_safe_one_step_QP,False,True,4,0.28314572819863876,0.28314572819863876,False,False,False,True,1.0,0.0,0.0
255,concentration_positive,162,25.279952855249867,49.73260548091425,192.8355425999551,190.7155421740901,Omega_safe_one_step_QP,False,True,4,0.28305867387744954,0.28305867387744954,False,False,False,True,1.0,0.0,0.0
255,concentration_positive,163,25.279931229120166,49.73348908550305,192.8376425683641,190.74584248920974,Omega_safe_one_step_QP,False,True,4,0.28296756964946657,0.28296756964946657,False,False,False,True,1.0,0.0,0.0
255,concentration_positive,164,25.27990858073155,49.73437116280039,192.84014009501664,190.77616023812712,Omega_safe_one_step_QP,False,True,4,0.2828746738730931,0.2828746738730931,False,False,False,True,1.0,0.0,0.0
255,concentration_positive,165,25.279885238932742,49.73525177765754,192.8427979890866,190.8066076380445,Omega_safe_one_step_QP,False,True,4,0.28278153471058903,0.28278153471058903,False,False,False,True,1.0,0.0,0.0
255,concentration_positive,166,25.27986134001195,49.7361309530018,192.84553982142822,190.83718178575543,Omega_safe_one_step_QP,False,True,4,0.2826886372588618,0.2826886372588618,False,False,False,True,1.0,0.0,0.0
255,concentration_positive,167,25.27983695809749,49.737008699599656,192.84833374532704,190.8678426109203,Omega_safe_one_step_QP,False,True,4,0.28259619689199084,0.28259619689199084,False,False,False,True,1.0,0.0,0.0
255,concentration_positive,168,25.27981214135169,49.737885024494865,192.85119599089708,190.89855629602917,Omega_safe_one_step_QP,False,True,4,0.28250399717814356,0.28250399717814356,False,False,False,True,1.0,0.0,0.0
255,concentration_positive,169,25.279786950834612,49.7387599384744,192.8564898155157,190.92806783397896,Omega_safe_one_step_QP,False,True,4,0.2823900805738547,0.2823900805738547,False,False,False,True,1.0,0.0,0.0
255,concentration_positive,170,25.27976335272716,49.73963387298898,192.86323250473427,190.95284113262238,Omega_safe_one_step_QP,False,True,4,0.28226479090363565,0.28226479090363565,False,False,False,True,1.0,0.0,0.0
255,concentration_positive,171,25.279742512618196,49.74050722429503,192.87106306958694,190.97618133204395,Omega_safe_one_step_QP,False,True,4,0.282125170898625,0.282125170898625,False,False,False,True,1.0,0.0,0.0
255,concentration_positive,172,25.279725300000745,49.741380215470905,192.87851148608289,190.99961731877485,Omega_safe_one_step_QP,False,True,4,0.28198208341924835,0.28198208341924835,False,False,False,True,1.0,0.0,0.0
255,concentration_positive,173,25.279711395547636,49.742252781426735,192.88481325809877,191.02355794658925,Omega_safe_one_step_QP,False,True,4,0.2818432135487918,0.2818432135487918,False,False,False,True,1.0,0.0,0.0
255,concentration_positive,174,25.279699864857164,49.74312472106557,192.88992541205997,191.04794389154083,Omega_safe_one_step_QP,False,True,4,0.2817109372887552,0.2817109372887552,False,False,False,True,1.0,0.0,0.0
255,concentration_positive,175,25.279689742694092,49.74399582901115,192.89411365533434,191.07263977896196,Omega_safe_one_step_QP,False,True,4,0.28158473552788804,0.28158473552788804,False,False,False,True,1.0,0.0,0.0
255,concentration_positive,176,25.279680281983747,49.74486594751699,192.8976988315166,191.09753317139297,Omega_safe_one_step_QP,False,True,4,0.28146307659633624,0.28146307659633624,False,False,False,True,1.0,0.0,0.0
255,concentration_positive,177,25.279670997374275,49.74573497434623,192.90093236854844,191.12255417827092,Omega_safe_one_step_QP,False,True,4,0.2813445358271037,0.2813445358271037,False,False,False,True,1.0,0.0,0.0
255,concentration_positive,178,25.279661608204467,49.74660285007424,192.90397977634427,191.14767470046638,Omega_safe_one_step_QP,False,True,4,0.2812280734576135,0.2812280734576135,False,False,False,True,1.0,0.0,0.0
255,concentration_positive,179,25.27965196840062,49.74746954281706,192.90694322952726,191.17286516829307,Omega_safe_one_step_QP,False,True,4,0.2811130089148688,0.2811130089148688,False,False,False,True,1.0,0.0,0.0
255,concentration_positive,180,25.279642014865825,49.74833503810238,192.90988473563945,191.1981118039006,Omega_safe_one_step_QP,False,True,4,0.2809988718179604,0.2809988718179604,False,False,False,True,1.0,0.0,0.0
255,concentration_positive,181,25.279631734757775,49.749199331867,192.91284125139248,191.22338989787528,Omega_safe_one_step_QP,False,True,4,0.28088535393282205,0.28088535393282205,False,False,False,True,1.0,0.0,0.0
255,concentration_positive,182,25.279621145086438,49.75006242681035,192.91583733072585,191.24868771361392,Omega_safe_one_step_QP,False,True,4,0.2807721926218799,0.2807721926218799,False,False,False,True,1.0,0.0,0.0
255,concentration_positive,183,25.279610282591772,49.7509243299488,192.91887427447935,191.27399515614798,Omega_safe_one_step_QP,False,True,4,0.28065931385327186,0.28065931385327186,False,False,False,True,1.0,0.0,0.0
255,concentration_positive,184,25.27959918491475,49.75178504883692,192.92195963597578,191.29929988683716,Omega_safe_one_step_QP,False,True,4,0.2805465831721811,0.2805465831721811,False,False,False,True,1.0,0.0,0.0
255,concentration_positive,185,25.279587895633636,49.75264459264183,192.92508904942116,191.32459745218878,Omega_safe_one_step_QP,False,True,4,0.2804339615709751,0.2804339615709751,False,False,False,True,1.0,0.0,0.0
255,concentration_positive,186,25.279576454629094,49.75350296996438,192.92826317532476,191.34988173497774,Omega_safe_one_step_QP,False,True,4,0.2803213701240672,0.2803213701240672,False,False,False,True,1.0,0.0,0.0
255,concentration_positive,187,25.27956490215104,49.75436018970049,192.9314697225164,191.3751533240333,Omega_safe_one_step_QP,False,True,4,0.28020884817620373,0.28020884817620373,False,False,False,True,1.0,0.0,0.0
255,concentration_positive,188,25.279553268374286,49.75521625874179,192.93470270032864,191.40040596950053,Omega_safe_one_step_QP,False,True,4,0.28009640255788687,0.28009640255788687,False,False,False,True,1.0,0.0,0.0
255,concentration_positive,189,25.27954157851871,49.75607118322294,192.93796139455773,191.42563537653515,Omega_safe_one_step_QP,False,True,4,0.279983995226102,0.279983995226102,False,False,False,True,1.0,0.0,0.0
255,concentration_positive,190,25.279529857122856,49.75692496929828,192.94124093278649,191.45084353841384,Omega_safe_one_step_QP,False,True,4,0.2798716218672404,0.2798716218672404,False,False,False,True,1.0,0.0,0.0
255,concentration_positive,191,25.27951812469391,49.75777762226098,192.94452651787637,191.47603122956846,Omega_safe_one_step_QP,False,True,4,0.2797593862073675,0.2797593862073675,False,False,False,True,1.0,0.0,0.0
255,concentration_positive,192,25.27950638972213,49.75862914500364,192.94782291532607,191.50119557497413,Omega_safe_one_step_QP,False,True,4,0.27964722774304207,0.27964722774304207,False,False,False,True,1.0,0.0,0.0
255,concentration_positive,193,25.27949466450181,49.75947954127262,192.95112340111228,191.52633850363287,Omega_safe_one_step_QP,False,True,4,0.2795351851895161,0.2795351851895161,False,False,False,True,1.0,0.0,0.0
255,concentration_positive,194,25.279482955852327,49.76032881366636,192.9545317774547,191.55148088729237,Omega_safe_one_step_QP,False,True,4,0.2794221872203696,0.2794221872203696,False,False,False,True,1.0,0.0,0.0
255,concentration_positive,195,25.27947135425477,49.761176980621606,192.95798925448898,191.57662574661663,Omega_safe_one_step_QP,False,True,4,0.2793086281353794,0.2793086281353794,False,False,False,True,1.0,0.0,0.0
255,concentration_positive,196,25.279459902423902,49.76202405104066,192.9614358415575,191.60175568443285,Omega_safe_one_step_QP,False,True,4,0.279195039909465,0.279195039909465,False,False,False,True,1.0,0.0,0.0
255,concentration_positive,197,25.279448594531665,49.76287002483034,192.9648619923686,191.62684814724466,Omega_safe_one_step_QP,False,True,4,0.27908156116825045,0.27908156116825045,False,False,False,True,1.0,0.0,0.0
255,concentration_positive,198,25.279437417072103,49.763714901154486,192.965141882565,191.65280935522503,Omega_safe_one_step_QP,False,True,4,0.2789978137377272,0.2789978137377272,False,False,False,True,1.0,0.0,0.0
255,concentration_positive,199,25.27942383640156,49.76455814909001,192.95915921148878,191.6804083644235,Omega_safe_one_step_QP,False,True,4,0.2789785862809444,0.2789785862809444,False,False,False,True,1.0,0.0,0.0
255,concentration_positive,200,25.279402816669585,49.76539871527261,192.95380499835522,191.70765084954292,Omega_safe_one_step_QP,False,True,4,0.2789687895827608,0.2789687895827608,False,False,False,True,1.0,0.0,0.0
255,concentration_positive,201,25.279374898365923,49.76623671755941,192.9499841377437,191.7348714600862,Omega_safe_one_step_QP,False,True,4,0.2789578938702459,0.2789578938702459,False,False,False,True,1.0,0.0,0.0
255,concentration_positive,202,25.27934134937072,49.76707240636042,192.94737080983273,191.76237658912873,Omega_safe_one_step_QP,False,True,4,0.27894611033771793,0.27894611033771793,False,False,False,True,1.0,0.0,0.0
255,concentration_positive,203,25.279303169777158,49.767905968853036,192.94566054256651,191.79020192549433,Omega_safe_one_step_QP,False,True,4,0.2789343759337801,0.2789343759337801,False,False,False,True,1.0,0.0,0.0
255,concentration_positive,204,25.279261110199307,49.76873754188296,192.94469090520624,191.81827377181364,Omega_safe_one_step_QP,False,True,4,0.27892288853247105,0.27892288853247105,False,False,False,True,1.0,0.0,0.0
255,concentration_positive,205,25.27921578729653,49.76956723853587,192.94436263155646,191.84651337670996,Omega_safe_one_step_QP,False,True,4,0.2789115003345402,0.2789115003345402,False,False,False,True,1.0,0.0,0.0
255,concentration_positive,206,25.279167735231095,49.770395158457525,192.94459073050876,191.8748567932603,Omega_safe_one_step_QP,False,True,4,0.2789000678156974,0.2789000678156974,False,False,False,True,1.0,0.0,0.0
255,concentration_positive,207,25.279117417501652,49.771221389660354,192.94529784044215,191.9032589504223,Omega_safe_one_step_QP,False,True,4,0.2788884871111572,0.2788884871111572,False,False,False,True,1.0,0.0,0.0
255,concentration_positive,208,25.279065233372993,49.772046009124075,192.94641080885046,191.93169520347112,Omega_safe_one_step_QP,False,True,4,0.27887671211323123,0.27887671211323123,False,False,False,True,1.0,0.0,0.0
255,concentration_positive,209,25.279011521524534,49.772869082795,192.94786641041011,191.96014240487838,Omega_safe_one_step_QP,False,True,4,0.27886471884261493,0.27886471884261493,False,False,False,True,1.0,0.0,0.0
255,concentration_positive,210,25.278956568295616,49.77369066714914,192.94960326583922,191.98859294820184,Omega_safe_one_step_QP,False,True,4,0.2788525473304345,0.2788525473304345,False,False,False,True,1.0,0.0,0.0
255,concentration_positive,211,25.278900609383157,49.77451080897804,192.9515743843591,192.01703278012246,Omega_safe_one_step_QP,False,True,4,0.27884020742643517,0.27884020742643517,False,False,False,True,1.0,0.0,0.0
255,concentration_positive,212,25.278843841645337,49.77532954793307,192.9537340779837,192.0454575836295,Omega_safe_one_step_QP,False,True,4,0.27882775973127233,0.27882775973127233,False,False,False,True,1.0,0.0,0.0
255,concentration_positive,213,25.27878642430759,49.776146916417936,192.9560441623473,192.0738673569162,Omega_safe_one_step_QP,False,True,4,0.2788152599965779,0.2788152599965779,False,False,False,True,1.0,0.0,0.0
255,concentration_positive,214,25.278728485163917,49.776962940657334,192.95847486739783,192.10225190591353,Omega_safe_one_step_QP,False,True,4,0.27880275985580705,0.27880275985580705,False,False,False,True,1.0,0.0,0.0
255,concentration_positive,215,25.27867012748709,49.77777764240685,192.96100774656009,192.13061478723301,Omega_safe_one_step_QP,False,True,4,0.2787902274424225,0.2787902274424225,False,False,False,True,1.0,0.0,0.0
255,concentration_positive,216,25.278611439256633,49.77859104029947,192.9636166755824,192.1589519830163,Omega_safe_one_step_QP,False,True,4,0.2787777492218717,0.2787777492218717,False,False,False,True,1.0,0.0,0.0
255,concentration_positive,217,25.27855248703048,49.77940314888906,192.96629482113337,192.187262388185,Omega_safe_one_step_QP,False,True,4,0.2787652598077732,0.2787652598077732,False,False,False,True,1.0,0.0,0.0
255,concentration_positive,218,25.278493331584148,49.78021398163981,192.96901504452703,192.21555044555757,Omega_safe_one_step_QP,False,True,4,0.2787528974315355,0.2787528974315355,False,False,False,True,1.0,0.0,0.0
255,concentration_positive,219,25.278434011563398,49.78102354749826,192.97177822584788,192.24380921132467,Omega_safe_one_step_QP,False,True,4,0.2787405858657011,0.2787405858657011,False,False,False,True,1.0,0.0,0.0
255,concentration_positive,220,25.27837456616302,49.78183185576765,192.9752159878917,192.26779608302976,Omega_safe_one_step_QP,False,True,4,0.2787286506285755,0.2787286506285755,False,False,False,True,1.0,0.0,0.0
255,concentration_positive,221,25.278315543415882,49.78263916223559,192.9735953931159,192.28731161556277,Omega_safe_one_step_QP,False,True,4,0.27877298710116194,0.27877298710116194,False,False,False,True,1.0,0.0,0.0
255,concentration_positive,222,25.278252866625767,49.78344481417798,192.97399345129364,192.30530118802636,Omega_safe_one_step_QP,False,True,4,0.2788073613096456,0.2788073613096456,False,False,False,True,1.0,0.0,0.0
255,concentration_positive,223,25.278188180884605,49.78424918902033,192.97550207427315,192.324431130356,Omega_safe_one_step_QP,False,True,4,0.27883321966832875,0.27883321966832875,False,False,False,True,1.0,0.0,0.0
255,concentration_positive,224,25.27812239250196,49.78505242679618,192.9766792544316,192.34521413132876,Omega_safe_one_step_QP,False,True,4,0.27886212771460256,0.27886212771460256,False,False,False,True,1.0,0.0,0.0
255,concentration_positive,225,25.27805524170498,49.78585441940178,192.97725777379583,192.3671393091777,Omega_safe_one_step_QP,False,True,4,0.2788980316269596,0.2788980316269596,False,False,False,True,1.0,0.0,0.0
255,concentration_positive,226,25.277986254485974,49.786655033842614,192.97755796549566,192.3896609656566,Omega_safe_one_step_QP,False,True,4,0.278939580829078,0.278939580829078,False,False,False,True,1.0,0.0,0.0
255,concentration_positive,227,25.277915217103775,49.78745420727495,192.97794029658823,192.41245786498413,Omega_safe_one_step_QP,False,True,4,0.2789841558862966,0.2789841558862966,False,False,False,True,1.0,0.0,0.0
255,concentration_positive,228,25.277842207341628,49.78825194554152,192.9785696260976,192.43540009772556,Omega_safe_one_step_QP,False,True,4,0.2790301780501206,0.2790301780501206,False,False,False,True,1.0,0.0,0.0
255,concentration_positive,229,25.27776743560314,49.78904828522154,192.97950062167752,192.4584419261976,Omega_safe_one_step_QP,False,True,4,0.2790767548268866,0.2790767548268866,False,False,False,True,1.0,0.0,0.0
255,concentration_positive,230,25.277691155529197,49.789843273082255,192.98070420522112,192.48156004514777,Omega_safe_one_step_QP,False,True,4,0.2791236973065312,0.2791236973065312,False,False,False,True,1.0,0.0,0.0
255,concentration_positive,231,25.277613596302817,49.79063695192023,192.98214972926945,192.50471854970945,Omega_safe_one_step_QP,False,True,4,0.27917090251293913,0.27917090251293913,False,False,False,True,1.0,0.0,0.0
255,concentration_positive,232,25.277534961479247,49.79142936075443,192.9838180799776,192.52790520509987,Omega_safe_one_step_QP,False,True,4,0.27921816722201687,0.27921816722201687,False,False,False,True,1.0,0.0,0.0
255,concentration_positive,233,25.277455438385097,49.79222053586693,192.98566762544795,192.55110473303168,Omega_safe_one_step_QP,False,True,4,0.27926554829777817,0.27926554829777817,False,False,False,True,1.0,0.0,0.0
255,concentration_positive,234,25.277375180028233,49.7930105073217,192.9876764467449,192.5743025112422,Omega_safe_one_step_QP,False,True,4,0.2793129765831274,0.2793129765831274,False,False,False,True,1.0,0.0,0.0
255,concentration_positive,235,25.277294321127233,49.79379930210518,192.98999363618157,192.59747378944465,Omega_safe_one_step_QP,False,True,4,0.2793587506014326,0.2793587506014326,False,False,False,True,1.0,0.0,0.0
255,concentration_positive,236,25.277213116050984,49.794586971771615,192.9937743773929,192.6204497612459,Omega_safe_one_step_QP,False,True,4,0.27939124881446614,0.27939124881446614,False,False,False,True,1.0,0.0,0.0
255,concentration_positive,237,25.277132749424503,49.79537375786188,192.99788323227492,192.64355548113045,Omega_safe_one_step_QP,False,True,4,0.279418736506479,0.279418736506479,False,False,False,True,1.0,0.0,0.0
255,concentration_positive,238,25.277053485704997,49.796159708956246,193.0018190435561,192.66670514981843,Omega_safe_one_step_QP,False,True,4,0.27944576217321726,0.27944576217321726,False,False,False,True,1.0,0.0,0.0
255,concentration_positive,239,25.276975184262973,49.7969447964645,193.00549186762154,192.68978375999163,Omega_safe_one_step_QP,False,True,4,0.2794736880123981,0.2794736880123981,False,False,False,True,1.0,0.0,0.0
255,concentration_positive,240,25.276897632522548,49.79772898145639,193.0089784150455,192.71273553851626,Omega_safe_one_step_QP,False,True,4,0.27950228098379776,0.27950228098379776,False,False,False,True,1.0,0.0,0.0
255,concentration_positive,241,25.27682068059647,49.79851223926031,193.01234501584335,192.73558242886486,Omega_safe_one_step_QP,False,True,4,0.2795311534298356,0.2795311534298356,False,False,False,True,1.0,0.0,0.0
255,concentration_positive,242,25.27674423266234,49.79929455511112,193.01561289271137,192.758364312256,Omega_safe_one_step_QP,False,True,4,0.2795602222354694,0.2795602222354694,False,False,False,True,1.0,0.0,0.0
255,concentration_positive,243,25.27666821038309,49.800075916310895,193.01879121367645,192.78110301293808,Omega_safe_one_step_QP,False,True,4,0.27958951779886804,0.27958951779886804,False,False,False,True,1.0,0.0,0.0
255,concentration_positive,244,25.27659254312151,49.80085631091597,193.02188976546446,192.8038164960979,Omega_safe_one_step_QP,False,True,4,0.27961905503391254,0.27961905503391254,False,False,False,True,1.0,0.0,0.0
255,concentration_positive,245,25.276517168410127,49.801635727964786,193.0249038378279,192.82651662543412,Omega_safe_one_step_QP,False,True,4,0.2796489852979085,0.2796489852979085,False,False,False,True,1.0,0.0,0.0
255,concentration_positive,246,25.276442020232835,49.80241415536984,193.02785732806058,192.84919657664577,Omega_safe_one_step_QP,False,True,4,0.2796792173179397,0.2796792173179397,False,False,False,True,1.0,0.0,0.0
255,concentration_positive,247,25.276367052101985,49.803191585124274,193.03075736080342,192.87185920930304,Omega_safe_one_step_QP,False,True,4,0.2797097690576069,0.2797097690576069,False,False,False,True,1.0,0.0,0.0
255,concentration_positive,248,25.276292223457755,49.803968010283604,193.03362275396435,192.89450450954283,Omega_safe_one_step_QP,False,True,4,0.2797405363209745,0.2797405363209745,False,False,False,True,1.0,0.0,0.0
255,concentration_positive,249,25.276217509071042,49.804743426926926,193.03674177981634,192.91661878820832,Omega_safe_one_step_QP,False,True,4,0.2797696269433594,0.2797696269433594,False,False,False,True,1.0,0.0,0.0
255,concentration_positive,250,25.27614311617657,49.80551789469954,193.04049775577053,192.9378505953231,Omega_safe_one_step_QP,False,True,4,0.2797934730330963,0.2797934730330963,False,False,False,True,1.0,0.0,0.0
255,concentration_positive,251,25.276069560107487,49.806291546285635,193.04455365133344,192.95905992926473,Omega_safe_one_step_QP,False,True,4,0.27981285816892776,0.27981285816892776,False,False,False,True,1.0,0.0,0.0
255,concentration_positive,252,25.275997082366164,49.807064430894044,193.04843857277305,192.9804740215318,Omega_safe_one_step_QP,False,True,4,0.2798315298366648,0.2798315298366648,False,False,False,True,1.0,0.0,0.0
255,concentration_positive,253,25.275925543875655,49.807836514699176,193.0519743520888,193.0020172970607,Omega_safe_one_step_QP,False,True,4,0.2798516509516807,0.2798516509516807,False,False,False,True,1.0,0.0,0.0
255,concentration_positive,254,25.275854662506834,49.80860773810754,193.05521946463116,193.02359330624392,Omega_safe_one_step_QP,False,True,4,0.2798733824683272,0.2798733824683272,False,False,False,True,1.0,0.0,0.0
255,concentration_positive,255,25.275784204416734,49.80937805430528,193.05826992304154,193.04515388986002,Omega_safe_one_step_QP,False,True,4,0.2798963350087424,0.2798963350087424,False,False,False,True,1.0,0.0,0.0
255,concentration_positive,256,25.275714014106207,49.81014743356904,193.06121467723003,193.06669546829832,Omega_safe_one_step_QP,False,True,4,0.2799199523974588,0.2799199523974588,False,False,False,True,1.0,0.0,0.0
255,concentration_positive,257,25.275644008407035,49.810915860573346,193.0640917703159,193.08822830127966,Omega_safe_one_step_QP,False,True,4,0.27994400891616117,0.27994400891616117,False,False,False,True,1.0,0.0,0.0
255,concentration_positive,258,25.275574135152027,49.81168332575619,193.06692233710666,193.10975629565476,Omega_safe_one_step_QP,False,True,4,0.2799683939513441,0.27996839395134415,False,False,False,True,1.0,0.0,0.0
255,concentration_positive,259,25.275504359420093,49.812449822821755,193.07298564009574,193.12321696212686,Omega_safe_one_step_QP,False,True,4,0.2799754949387355,0.2799754949387355,False,False,False,True,1.0,0.0,0.0
255,concentration_positive,260,25.275437289524557,49.81321614381829,193.0824619841903,193.1349634470655,Omega_safe_one_step_QP,False,True,4,0.27994694212261817,0.27994694212261817,False,False,False,True,1.0,0.0,0.0
255,concentration_positive,261,25.275375668065333,49.81398289112857,193.0919261472643,193.1484664266726,Omega_safe_one_step_QP,False,True,4,0.27990459714836585,0.27990459714836585,False,False,False,True,1.0,0.0,0.0
255,concentration_positive,262,25.27531946538759,49.81475000064484,193.09930119832245,193.16362572482836,Omega_safe_one_step_QP,False,True,4,0.2798690726646825,0.2798690726646825,False,False,False,True,1.0,0.0,0.0
255,concentration_positive,263,25.27526697786131,49.81551708033197,193.104438373011,193.17975257043898,Omega_safe_one_step_QP,False,True,4,0.27984648778603805,0.27984648778603805,False,False,False,True,1.0,0.0,0.0
255,concentration_positive,264,25.275216388948905,49.816283738876045,193.10800938204807,193.19630827239956,Omega_safe_one_step_QP,False,True,4,0.2798348717541778,0.2798348717541778,False,False,False,True,1.0,0.0,0.0
255,concentration_positive,265,25.275166431001637,49.8170497115252,193.11073931855455,193.2130124665423,Omega_safe_one_step_QP,False,True,4,0.27983016221041973,0.27983016221041973,False,False,False,True,1.0,0.0,0.0
255,concentration_positive,266,25.275116426032383,49.817814859485004,193.11314113526075,193.22974346500143,Omega_safe_one_step_QP,False,True,4,0.2798289073132697,0.2798289073132697,False,False,False,True,1.0,0.0,0.0
255,concentration_positive,267,25.2750661123021,49.81857913033067,193.11512543471343,193.24667212723807,Omega_safe_one_step_QP,False,True,4,0.2798321901641407,0.2798321901641407,False,False,False,True,1.0,0.0,0.0
255,concentration_positive,268,25.27501515707418,49.81934245168842,193.1140077973734,193.26532259151594,Omega_safe_one_step_QP,False,True,4,0.2798641727963793,0.2798641727963793,False,False,False,True,1.0,0.0,0.0
255,concentration_positive,269,25.27496106509245,49.820104271060146,193.1113466490791,193.2842768948514,Omega_safe_one_step_QP,False,True,4,0.2799172151985626,0.2799172151985626,False,False,False,True,1.0,0.0,0.0
255,concentration_positive,270,25.274902607559998,49.82086433435235,193.10883991320694,193.302996131029,Omega_safe_one_step_QP,False,True,4,0.27997813238584524,0.27997813238584524,False,False,False,True,1.0,0.0,0.0
255,concentration_positive,271,25.274839929372995,49.8216226774472,193.10750789038983,193.3213018289727,Omega_safe_one_step_QP,False,True,4,0.28003695750311547,0.28003695750311547,False,False,False,True,1.0,0.0,0.0
255,concentration_positive,272,25.274773997291412,49.82237950503585,193.10767901594951,193.3392396397223,Omega_safe_one_step_QP,False,True,4,0.2800884398688702,0.2800884398688702,False,False,False,True,1.0,0.0,0.0
255,concentration_positive,273,25.274706038888137,49.82313507213424,193.109202709243,193.35689751459697,Omega_safe_one_step_QP,False,True,4,0.2801314242981713,0.2801314242981713,False,False,False,True,1.0,0.0,0.0
255,concentration_positive,274,25.274637155360395,49.82388960606627,193.1117004281687,193.37440698949672,Omega_safe_one_step_QP,False,True,4,0.2801671613114918,0.2801671613114918,False,False,False,True,1.0,0.0,0.0
255,concentration_positive,275,25.274568138289116,49.82464326867354,193.11475244112415,193.39184958077522,Omega_safe_one_step_QP,False,True,4,0.2801980213101873,0.2801980213101873,False,False,False,True,1.0,0.0,0.0
255,concentration_positive,276,25.274499437697717,49.82539615161594,193.11802005054656,193.40930034005825,Omega_safe_one_step_QP,False,True,4,0.2802262768388787,0.2802262768388787,False,False,False,True,1.0,0.0,0.0
255,concentration_positive,277,25.274431228762342,49.826148289708044,193.12126232564634,193.4267846514538,Omega_safe_one_step_QP,False,True,4,0.2802538884389047,0.2802538884389047,False,False,False,True,1.0,0.0,0.0
255,concentration_positive,278,25.27436349173782,49.82689967836038,193.12437163920083,193.4443039884045,Omega_safe_one_step_QP,False,True,4,0.2802819470010442,0.2802819470010442,False,False,False,True,1.0,0.0,0.0
255,concentration_positive,279,25.274296120202767,49.82765029576997,193.12730700617524,193.4618562689318,Omega_safe_one_step_QP,False,True,4,0.28031107103386,0.28031107103386,False,False,False,True,1.0,0.0,0.0
255,concentration_positive,280,25.27422897512998,49.82840011372206,193.13009831769864,193.47942031480972,Omega_safe_one_step_QP,False,True,4,0.28034128715782747,0.28034128715782747,False,False,False,True,1.0,0.0,0.0
255,concentration_positive,281,25.274161942149963,49.82914910956717,193.1327941417743,193.4969925439921,Omega_safe_one_step_QP,False,True,4,0.2803723552012486,0.2803723552012486,False,False,False,True,1.0,0.0,0.0
255,concentration_positive,282,25.274094946505347,49.829897268588894,193.13543085237168,193.51456277829269,Omega_safe_one_step_QP,False,True,4,0.280404088013886,0.280404088013886,False,False,False,True,1.0,0.0,0.0
255,concentration_positive,283,25.274027943060634,49.83064458226118,193.13804320245677,193.53211814448724,Omega_safe_one_step_QP,False,True,4,0.2804362604001907,0.2804362604001907,False,False,False,True,1.0,0.0,0.0
255,concentration_positive,284,25.273960914874632,49.83139104806505,193.14065602450927,193.54966055870509,Omega_safe_one_step_QP,False,True,4,0.2804686586070942,0.2804686586070942,False,False,False,True,1.0,0.0,0.0
255,concentration_positive,285,25.27389386508916,49.83213666738711,193.14328370852374,193.5671895180524,Omega_safe_one_step_QP,False,True,4,0.28050113561315987,0.28050113561315987,False,False,False,True,1.0,0.0,0.0
255,concentration_positive,286,25.273826808430464,49.832881443924826,193.14592975039986,193.58470415890702,Omega_safe_one_step_QP,False,True,4,0.2805336285825414,0.2805336285825414,False,False,False,True,1.0,0.0,0.0
255,concentration_positive,287,25.273759762380763,49.83362538195414,193.14858851274562,193.60220442746208,Omega_safe_one_step_QP,False,True,4,0.28056615700638393,0.28056615700638393,False,False,False,True,1.0,0.0,0.0
255,concentration_positive,288,25.273692739804904,49.834368484843004,193.15125957053806,193.61969354362776,Omega_safe_one_step_QP,False,True,4,0.28059869200428467,0.28059869200428467,False,False,False,True,1.0,0.0,0.0
255,concentration_positive,289,25.27362575317074,49.835110755774316,193.1539339960192,193.63716758127967,Omega_safe_one_step_QP,False,True,4,0.2806313031499933,0.2806313031499933,False,False,False,True,1.0,0.0,0.0
255,concentration_positive,290,25.27355880769685,49.835852196632274,193.15660859724767,193.65463134176437,Omega_safe_one_step_QP,False,True,4,0.2806640007993302,0.2806640007993302,False,False,False,True,1.0,0.0,0.0
255,concentration_positive,291,25.273491906005365,49.83659280862483,193.15927855622786,193.6720946159363,Omega_safe_one_step_QP,False,True,4,0.2806968061438443,0.2806968061438443,False,False,False,True,1.0,0.0,0.0
255,concentration_positive,292,25.27342504682252,49.83733259185635,193.16194627317796,193.68954136997178,Omega_safe_one_step_QP,False,True,4,0.2807297301168776,0.2807297301168776,False,False,False,True,1.0,0.0,0.0
255,concentration_positive,293,25.273358230812455,49.838071547359114,193.16460302643287,193.7069841496827,Omega_safe_one_step_QP,False,True,4,0.28076283038240313,0.28076283038240313,False,False,False,True,1.0,0.0,0.0
255,concentration_positive,294,25.27329145160421,49.83880967434615,193.16725437712256,193.72441826269426,Omega_safe_one_step_QP,False,True,4,0.28079607413445745,0.28079607413445745,False,False,False,True,1.0,0.0,0.0
255,concentration_positive,295,25.273224707333437,49.83954697308015,193.16990283974295,193.74183396719172,Omega_safe_one_step_QP,False,True,4,0.2808294598800923,0.2808294598800923,False,False,False,True,1.0,0.0,0.0
255,concentration_positive,296,25.273157998167644,49.84028344455602,193.17255266529693,193.7592514273878,Omega_safe_one_step_QP,False,True,4,0.28086290333156,0.28086290333156,False,False,False,True,1.0,0.0,0.0
255,concentration_positive,297,25.27309132769827,49.8410190897614,193.17519240942622,193.77665042977597,Omega_safe_one_step_QP,False,True,4,0.2808965502697431,0.2808965502697431,False,False,False,True,1.0,0.0,0.0
255,concentration_positive,298,25.273024690275477,49.84175390854152,193.17782962906793,193.7940437206738,Omega_safe_one_step_QP,False,True,4,0.2809303109928581,0.2809303109928581,False,False,False,True,1.0,0.0,0.0
255,concentration_positive,299,25.27295808636119,49.84248790151683,193.18296834012716,193.8109123072496,Omega_safe_one_step_QP,False,True,4,0.2809407844340704,0.2809407844340704,False,False,False,True,1.0,0.0,0.0
