geometry,validation_seed,step,mode,X2,P2,delta_ell,g_t,raw_actor_rho,mapping_saturation,QP_modification,raw_actor_P100,scaled_actor_P100,mapped_residual_P100,applied_residual_P100,QP_input_P100,final_input_P100,local_zero_input_P100,paired_baseline_input_P100,paired_input_difference_P100,negative_authority_P100,positive_authority_P100,authority_utilization_P100,raw_actor_F200,scaled_actor_F200,mapped_residual_F200,applied_residual_F200,QP_input_F200,final_input_F200,local_zero_input_F200,paired_baseline_input_F200,paired_input_difference_F200,negative_authority_F200,positive_authority_F200,authority_utilization_F200,F1,X1,T1,T200,component_gain_flow_F2,component_gain_recirculation_F3,component_gain_steam_F100,component_gain_cooling_F200
P100_1100,420000,0,Z_mode_existing_controller,25.39,50.125,-79.19311042532354,1.2515690130220465,0.8999048471450806,False,False,-0.8999048471450806,-0.08999048918485641,-3.279279402705051,-3.2792794027050434,191.58216356558734,191.58216356558734,194.86144296829238,194.86144296829238,-3.2792794027050434,-3.644028866171436,3.495388065790206,0.8999048918485618,-8.514896035194397e-05,-8.514895853295457e-06,-0.09163882466582673,-0.09163882466582327,212.16348093499067,212.16348093499067,212.2551197596565,212.2551197596565,-0.09163882466583573,-0.6072241742754312,0.40481612279545515,0.1509143221696848,10.931334583126754,3.4280658297523763,41.268283504121975,27.009802329778847,-1.285483979845754,0.0,80.42361111036917,0.054983294799498594
P100_1100,420000,1,Z_mode_existing_controller,25.35905912871173,50.126163914276304,-78.51992975509165,1.2147775526651883,0.9065091609954834,False,False,-0.9065091609954834,-0.09065091609954834,-3.3080483021957514,-3.308048302195753,197.16286862829014,197.16286862829014,200.47091693048588,200.41124542499188,-3.2483767967017343,-3.6492166262975405,3.4902003056641004,0.9065091609954837,-0.06156293675303459,-0.006156293675303459,-0.5001137630987716,-0.5001137630987653,213.03229450717484,213.03229450717484,213.5324082702736,213.53123131361406,-0.4989368064392181,-0.6072241742754312,0.40481612279545515,0.8236064772874447,10.935402417008735,2.7786650440283283,43.44665738815961,25.701928298728618,-1.2703491975639523,0.0,79.49091686879183,0.29936208386352803
P100_1100,420000,2,Omega_safe_one_step_QP,25.32776512203339,50.12761281741459,-115.17709639112763,1.7885714814519686,0.9209616780281067,False,False,-0.9209616780281067,-0.09209617227315903,-4.969867767963771,-4.969867767963778,201.18212598628952,201.18212598628952,206.15199375425328,206.03542053282416,-4.8532945465346415,-5.396389062971092,3.138278905778909,0.9209617227315918,-0.4328712522983551,-0.04328712448477745,-2.122770657463108,-2.1227706574631124,212.7177726057842,212.7177726057842,214.84054326324733,214.83857288559406,-2.120800279809856,-3.181584288302396,3.468806336697604,0.6672055382181193,9.429954438579422,5.114050535251514,38.84973905491686,23.091027103962123,-1.8498709432213722,0.0,115.75448716646315,1.2724801678859166
P100_1100,420000,3,Omega_safe_one_step_QP,25.342353042703923,50.127343609135174,-89.17304720957873,1.3631428993387702,0.8961251378059387,False,False,-0.8961251378059387,-0.08961251378059387,-4.580198566828762,-4.580198566828751,198.71905381129736,198.71905381129736,203.2992523781261,202.39286335068564,-3.6738095393882872,-5.111114925358374,3.4235530433916272,0.8961251378059365,-0.2839086651802063,-0.02839086763560772,-1.2936850492655658,-1.2936850492655714,212.9148483992288,212.9148483992288,214.20853344849436,214.0788240316916,-1.163975632462808,-3.118383306827101,3.5320073181728993,0.41485761113244046,11.219648440701649,4.515291163145866,43.56828910585275,22.05890819771989,-1.4363342797701186,0.0,89.91099610987203,0.6983853794776849
P100_1100,420000,4,Omega_safe_one_step_QP,25.323777714691627,50.126957856680775,-73.26077709173387,1.1644666677857851,0.8579789996147156,False,False,-0.8579789996147156,-0.08579789847135544,-4.701471907047737,-4.701471907047748,202.28368325271873,202.2836832527187,206.98515515976646,205.46538963108094,-3.181706378362236,-5.479705203522407,3.054962765227593,0.8579789847135566,-0.2884400188922882,-0.02884400263428688,-1.3902031258375733,-1.3902031258375636,213.57619329422926,213.57619329422928,214.96639642006684,214.7383929584833,-1.1621996642540182,-3.19416960398435,3.4562210210156508,0.43523146801705487,8.180747852859035,5.124322915443516,41.963232760660105,21.97674872425784,-1.1779660120737394,0.0,73.74142330525501,0.697319798552428
P100_1100,420000,5,Z_mode_existing_controller,25.359515537771873,50.12599755480104,-30.734270227579145,0.48958589993780716,0.9240243434906006,False,False,-0.9240243434906006,-0.09240243583917618,-3.376127961578517,-3.376127961578522,196.59408413606434,196.5940841360643,199.97021209764284,197.94010278487806,-1.3460186488137538,-3.6537218212023896,3.485695110759252,0.924024358391763,0.01032074075192213,0.0010320740984752774,-0.0250534149002217,-0.025053414900226903,213.38065050754926,213.38065050754926,213.40570392244948,213.09525730469926,0.2853932028500026,-0.6072241742754312,0.40481612279545515,0.04125892209433498,9.735425558453946,5.45683832502704,39.43963098006137,24.250146546411344,-0.5009128768218005,0.0,31.406419026110598,-0.17123592171000723
P100_1100,420000,6,Z_mode_existing_controller,25.3686142616998,50.12579863138641,-37.9002373051253,0.5946377146194308,0.9222882986068726,False,False,-0.9222882986068726,-0.09222882986068726,-3.3745367797630017,-3.374536779762991,194.33112425221228,194.33112425221228,197.70566103197527,195.94397254096114,-1.6128482887488644,-3.6588741122057815,3.48054281975586,0.9222882986068697,0.004238423425704241,0.0004238423425704241,-0.06522414439303487,-0.06522414439302654,212.85770018884406,212.85770018884406,212.9229243332371,212.6632757449798,0.19442444386424995,-0.6072241742754312,0.40481612279545515,0.10741361618360319,11.129038518884824,5.806353995408957,39.76582947013406,25.319382245548915,-0.6161657040762449,0.0,38.63305767551992,-0.11665466631855281
P100_1100,420000,7,Z_mode_existing_controller,25.358068356640732,50.12630446414781,-42.9062700632594,0.6628029954416778,0.9153919219970703,False,False,-0.9153919219970703,-0.09153919667005539,-3.35392485069183,-3.3539248506918224,195.96117603819044,195.96117603819047,199.31510088888228,197.76797701976406,-1.8068009815735877,-3.663922093156164,3.475494838805478,0.9153919667005516,0.0029164841398596764,0.00029164840816520154,-0.07329515603399714,-0.07329515603398465,213.23439187757018,213.23439187757018,213.30768703360417,213.09031942293137,0.14407245463880258,-0.6072241742754312,0.40481612279545515,0.12070526691636399,11.651923300642322,4.61661721404893,41.25323727973476,20.821333125796535,-0.6968046235357193,0.0,43.689518159578256,-0.08644347278328723
P100_1100,420000,8,Omega_safe_one_step_QP,25.330289953803867,50.124639838368914,-78.26953221646454,1.262295387565637,0.9268791675567627,False,False,-0.9268791675567627,-0.09268791973590851,-4.8356498515783946,-4.835649851578404,199.5237595808021,199.52375958080208,204.3594094323805,202.98288253539593,-3.4591229545938518,-5.217130630783811,3.31753733796619,0.9268791973590866,-0.11528245359659195,-0.01152824517339468,-0.4174263015522157,-0.4174263015522144,213.8834090061861,213.8834090061861,214.3008353077383,214.11866524399392,-0.23525623780781757,-3.1276134927514967,3.5227771322485038,0.1334647975268154,7.85775791346149,3.3433466226028337,34.92319977136132,23.277455100198804,-1.2680168879930125,0.0,79.3963953617731,0.14115374268467917
P100_1100,420000,9,Z_mode_existing_controller,25.355023438920554,50.123510758259535,-35.56350888455927,0.5371383070768134,0.9372878670692444,False,False,-0.9372878670692444,-0.09372878819704056,-3.438291322385048,-3.4382913223850604,196.1045062155873,196.1045062155873,199.54279753797235,197.59017330162894,-1.4856670860416443,-3.6683407398343073,3.471076192127334,0.9372878819704088,0.008957277052104473,0.0008957277168519795,-0.03544013337479501,-0.03544013337478079,213.16357857289407,213.1635785728941,213.19901870626887,212.92508705649752,0.23849151639657862,-0.6072241742754312,0.40481612279545515,0.05836416742971349,13.117016278383195,7.257014951399635,38.16756877277266,27.738175271813045,-0.5778264582519412,0.0,36.284430252648235,-0.1430949098379415
P100_1100,420000,10,Omega_safe_one_step_QP,25.331525077635433,50.12615632800805,-70.38584020431153,1.0987414688240034,0.9182040095329285,False,False,-0.9182040095329285,-0.09182040393352509,-4.7287670153725205,-4.728767015372517,198.95951267990233,198.95951267990233,203.68827969527484,201.96748202647424,-3.0079693465719117,-5.150017657073247,3.3846503116767535,0.9182040393352502,-0.1723821759223938,-0.01723821833729744,-0.7117747941537282,-0.7117747941537313,213.53651171883453,213.53651171883453,214.24828651298827,214.0196460690409,-0.4831343502063703,-3.1223586132764916,3.528032011723509,0.22796061641581275,10.04160401780957,5.518794861095725,42.146754758562814,26.0872690764906,-1.1368818419850548,0.0,71.23284143617275,0.2898806101238165
P100_1100,420000,11,Omega_safe_one_step_QP,25.339547034966518,50.12773755633233,-59.58496585814646,0.9003086862820194,0.9465047121047974,False,False,-0.9465047121047974,-0.09465046972036362,-4.728186429346771,-4.7281864293467795,197.41409487641093,197.41409487641093,202.1422813057577,199.8995592152299,-2.4854643388189857,-4.995417818121534,3.5392501506284675,0.9465046972036378,-0.0037340421695262194,-0.00037340421113185585,0.19597935078609385,0.1959793507860845,214.1965560261874,214.19655602618738,214.0005766754013,213.68852004457426,0.5080359816131192,-3.0975876295177946,3.552802995482206,0.055161896405540804,12.523056251527546,4.724571177482252,38.21251000049988,25.13415195873804,-0.9703941241298395,0.0,60.86018157124363,-0.3048215889678829
P100_1100,420000,12,Omega_safe_one_step_QP,25.299015556097903,50.128854502455226,-60.64287785961369,0.9130597653516191,0.9015034437179565,False,False,-0.9015034437179565,-0.09015034884214401,-5.227297997958122,-5.227297997958118,204.94502887164464,204.94502887164464,210.17232686960276,207.4891297671374,-2.544100895492761,-5.798422374506038,2.7362455942439623,0.9015034884214391,-0.3821803331375122,-0.03821803256869316,-1.945419306597566,-1.9454193065975531,213.82609306040388,213.82609306040388,215.77151236700143,215.39107124299827,-1.5649781825943876,-3.274681198677808,3.3757094263221923,0.5940789922948956,10.980917736364011,4.8137246690121005,39.842974130452305,24.20774347142913,-0.9675281155076938,0.0,60.671419065564805,0.9389869095566326
P100_1100,420000,13,Omega_safe_one_step_QP,25.29062552342989,50.130373082087765,-49.05789343604647,0.7733657512448984,0.8912465572357178,False,False,-0.8912465572357178,-0.0891246572136879,-5.318260071677653,-5.318260071677646,206.5419948225645,206.5419948225645,211.86025489424216,208.73331289938415,-2.191318076819641,-5.967215176969979,2.5674527917800236,0.8912465721368777,-0.2606070935726166,-0.026060709729790688,-1.3517743775133446,-1.351774377513356,214.8592276002011,214.8592276002011,216.21100197771446,215.75788346561205,-0.8986558654109444,-3.3186301597491115,3.331760465250889,0.4073290220491307,7.9504007004491015,4.779745319431752,37.35718828257699,21.04253026795486,-0.786382937079968,0.0,49.30508285387987,0.5391935192465667
P100_1100,420000,14,Omega_safe_one_step_QP,25.32955646320921,50.12912568560131,-28.404427162270622,0.4633980109875976,0.9304056167602539,False,False,-0.9304056167602539,-0.09304056316614151,-4.8439520636098505,-4.843952063609853,199.4069492510086,199.4069492510086,204.25090131461846,200.7436040422787,-1.3366547912700923,-5.206279819007608,3.328388149742393,0.9304056316614154,-0.04701172560453415,-0.0047011724673211575,-0.08013938140873783,-0.08013938140874997,214.42559929707082,214.42559929707082,214.50573867847956,213.99017845695363,0.43542084011718885,-3.1481038298256214,3.5022867951743786,0.025456397165016322,7.689981108257118,3.9376451446230645,38.343600019276266,24.51604764647447,-0.4638423104411613,0.0,29.12952197678169,-0.2612525040703133
P100_1100,420000,15,Z_mode_existing_controller,25.361860727460872,50.128860919940706,10.79997773984178,-0.176146724349532,0.9232789278030396,False,False,-0.9232789278030396,-0.09232789278030396,-3.388896916323652,-3.38889691632364,194.54639536237343,194.54639536237346,197.9352922786971,194.18263849718886,0.36375686518459815,-3.6705017457591067,3.4689151862025347,0.923278927803036,0.0012994327116757631,0.0001299432769883424,-0.08481989121854328,-0.08481989121854258,213.04851794416743,213.04851794416743,213.13333783538596,212.57878493135766,0.469733012809769,-0.6072241742754312,0.40481612279545515,0.1396846417054356,9.191717858518619,3.7139239089128857,42.10163184470773,23.144069550879568,0.17309605162546227,0.0,-10.691233983780876,-0.2818398076858557
P100_1100,420000,16,Z_mode_existing_controller,25.365161235953007,50.12771561757248,-1.7883745987719522,0.02792675248966371,0.9237070083618164,False,False,-0.9237070083618164,-0.09237070381641388,-3.3949442014833324,-3.394944201483327,193.45816305693333,193.45816305693333,196.85310725841666,193.624016108779,-0.16585305184565868,-3.675347335482862,3.4640695964787795,0.923707038164137,0.0017135425005108118,0.00017135425878223032,-0.08211626297624716,-0.08211626297624855,212.76549477418817,212.76549477418817,212.84761103716443,212.38372108982423,0.3817736843639352,-0.6072241742754312,0.40481612279545515,0.13523220328675745,11.987180815770644,6.332820621401006,40.33726951267451,29.072961242703016,-0.02988973630742464,0.0,2.0473285456973827,-0.22906421061836113
P100_1100,420000,17,Z_mode_existing_controller,25.3466396529443,50.130626190604794,-14.451627043582448,0.22006485555307426,0.9394687414169312,False,False,-0.9394687414169312,-0.09394687414169312,-3.457345409144389,-3.457345409144382,196.57571387335835,196.57571387335835,200.03305928250273,197.24806780311192,-0.6723539297535694,-3.6801069122639793,3.4593100196976625,0.9394687414169292,-0.0031242528930306435,-0.00031242528348229825,-0.11580242739339733,-0.11580242739340323,213.58933934998026,213.58933934998026,213.70514177737365,213.31982200775806,0.26951734222220125,-0.6072241742754312,0.40481612279545515,0.19070786753769184,12.676209749090782,4.726062781580947,39.15893519062662,26.784013115654705,-0.23432131328710426,0.0,14.847658762202627,-0.1617104053333236
P100_1100,420000,18,Omega_safe_one_step_QP,25.303413528053813,50.13274164030541,-65.39057156714262,1.0050842860333609,0.9324445128440857,False,False,-0.9324445128440857,-0.09324445575475693,-5.2127386027735785,-5.212738602773591,202.8793704015784,202.8793704015784,208.09210900435198,205.66902395482774,-2.7896535532493374,-5.590400587980962,2.944267380769039,0.9324445575475713,-0.38469722867012024,-0.03846972435712814,-1.9371580154933856,-1.9371580154933892,213.6219004833101,213.6219004833101,215.5590584988035,215.23945547128486,-1.6175549879747564,-3.253435811858014,3.396954813141986,0.5954191591648744,10.12946966595472,3.5263349018999106,39.16666502926264,24.267876262701584,-1.043959777381012,0.0,65.46399835173906,0.9705329927848538
P100_1100,420000,19,Omega_safe_one_step_QP,25.29542102490941,50.13365685014115,-55.37762030273734,0.8241888821959191,0.9112653732299805,False,False,-0.9112653732299805,-0.09112653881311417,-5.243742806652006,-5.2437428066520075,204.48789126891305,204.48789126891305,209.73163407556504,206.8077583067015,-2.319867037788441,-5.7543530951022674,2.780314873647733,0.9112653881311422,-0.3236920237541199,-0.03236920386552811,-1.6567457471756621,-1.6567457471756555,214.29597273725884,214.29597273725884,215.95271848443448,215.55079088606922,-1.2548181488103864,-3.292801810421114,3.357588814578886,0.503141653388418,11.863829337127763,4.556472352765624,43.88048729842209,25.02321516201445,-0.8842062752059512,0.0,55.5089356886574,0.7528908892862205
P100_1100,420000,20,Omega_safe_one_step_QP,25.272258878503234,50.136207167793856,-57.553084556932845,0.8862455000396107,0.9452521800994873,False,False,-0.9452521800994873,-0.09452521800994873,-5.875005939325825,-5.875005939325825,208.4658862822751,208.4658862822751,214.34089222160094,210.99316003399423,-2.5272737517191217,-6.215278909705856,2.3193890590441453,0.9452521800994873,-0.3513648211956024,-0.03513648360967636,-1.9058647068963188,-1.9058647068963253,215.1688742454775,215.1688742454775,217.07473895237382,216.60371018000666,-1.4348359345291612,-3.405003857215047,3.2453867677849533,0.5597246836763151,8.853303700665847,5.741231926016103,38.86858949120485,22.306221189980768,-0.9184910593334941,0.0,57.61067405554877,0.8609015607175081
P100_1100,420000,21,Omega_safe_one_step_QP,25.306215768580326,50.13637687975665,-26.849714799694993,0.43460521652392003,0.914976179599762,False,False,-0.914976179599762,-0.09149762243032455,-5.080702102839549,-5.080702102839547,202.6356428261115,202.6356428261115,207.71634492895106,203.91613889912293,-1.2804960730114203,-5.552824180440868,2.981843788309133,0.9149762243032452,-0.11448889225721359,-0.011448889039456844,-0.5400562884083148,-0.5400562884083243,215.1205106557733,215.1205106557733,215.66056694418162,215.11468491902232,0.005825736750978194,-3.2635866563958276,3.3868039686041724,0.165479377527772,7.459176426082062,4.90185007129531,39.296552995982395,20.718492608000165,-0.4340611007440902,0.0,27.287271342489476,-0.003495442050592601
P100_1100,420000,22,Z_mode_existing_controller,25.351084836011836,50.13428504994558,17.890918154098472,-0.285336923146597,0.9298726916313171,False,False,-0.9298726916313171,-0.09298726916313171,-3.423544153881385,-3.423544153881392,195.5421864639758,195.5421864639758,198.9657306178572,194.90947539043765,0.6327110735381609,-3.6817342682419345,3.457682663719707,0.929872691631319,0.0005643776967190206,5.643776967190206e-05,-0.0903631186207142,-0.09036311862071524,213.5719591197254,213.57195911972536,213.6623222383461,213.07445506253617,0.49750405718918955,-0.6072241742754312,0.40481612279545515,0.14881344065153668,10.369452493583278,4.348944059935537,39.83904910238336,19.325063261912863,0.2888334306911986,0.0,-17.881249150476833,-0.2985024343135052
P100_1100,420000,23,Z_mode_existing_controller,25.340330654678585,50.131151471923864,3.4203110583175658,-0.0532824115939259,0.9391816854476929,False,False,-0.9391816854476929,-0.09391816705465317,-3.4622144723406425,-3.462214472340656,197.23047416874434,197.2304741687443,200.69268864108497,197.20101019497073,0.02946397377357357,-3.686416143881833,3.453000788079809,0.939181670546535,0.0030472034122794867,0.0003047203354071826,-0.07483565703317041,-0.07483565703316208,213.786923399896,213.786923399896,213.86175905692917,213.37118035522644,0.41574304466956846,-0.6072241742754312,0.40481612279545515,0.12324222289479755,11.265991194229585,4.136902953870246,38.77077777198832,26.595106225472176,0.0547796383248631,0.0,-3.2256448698399254,-0.24944582680171834
P100_1100,420000,24,Omega_safe_one_step_QP,25.314177265775335,50.13283197821251,-42.89641866556849,0.7068043324066007,0.946616530418396,False,False,-0.946616530418396,-0.0946616530418396,-5.0372791723663966,-5.037279172366411,200.36433766654105,200.36433766654102,205.40161683890744,202.37830473238665,-2.013967065845634,-5.321351371436505,3.2133165973134954,0.9466165304183985,-0.06493382155895233,-0.006493382155895233,-0.21503954838671296,-0.21503954838672043,214.75980466521145,214.75980466521145,214.97484421359817,214.56638002304337,0.19342464216808253,-3.1950143833374822,3.4553762416625187,0.06730471997502939,6.762924479377055,4.4343071744893,35.88568772598753,25.195402746389238,-0.6967621157232156,0.0,43.709235566592724,-0.11605478530086089
P100_1100,420000,25,Z_mode_existing_controller,25.364608154203033,50.13272833308656,2.30225771025016,-0.03773838201757489,0.9283758401870728,False,False,-0.9283758401870728,-0.09283758699893951,-3.4258357585658215,-3.4258357585658255,192.12080107414533,192.12080107414533,195.54663683271116,192.13830433968923,-0.01750326554389403,-3.6901387350846973,3.4492781968769446,0.9283758699893961,0.004815671592950821,0.0004815671709366143,-0.062011114215843044,-0.06201111421583402,212.79248358063802,212.79248358063802,212.85449469485386,212.3836068187904,0.40887676184760835,-0.6072241742754312,0.40481612279545515,0.10212227517099207,9.378053505667134,5.7356553993107,40.43209007639597,28.35166244827295,0.03623835937514208,0.0,-2.0931700125174757,-0.2453260571085707
P100_1100,420000,26,Z_mode_existing_controller,25.37803568373616,50.13427062106198,-2.5031822142791498,0.04128544308034055,0.8623958826065063,False,False,-0.8623958826065063,-0.08623959124088287,-3.1862590547792182,-3.1862590547792085,189.2800178745162,189.2800178745162,192.46627692929542,189.49715290649405,-0.2171350319778469,-3.6946592730007466,3.4447576589608953,0.862395912408826,-0.007674833759665489,-0.0007674833759665489,-0.1381881556921788,-0.13818815569217463,212.15734782701892,212.15734782701892,212.2955359827111,211.90137433666467,0.25597349035425054,-0.6072241742754312,0.40481612279545515,0.22757354128245524,9.630160823947547,7.224600631330433,37.31901312814872,24.168364759179077,-0.04026322955871464,0.0,2.697029538049719,-0.15358409421254748
P100_1100,420000,27,Omega_safe_one_step_QP,25.396141731439553,50.13269839285422,-7.918079666762424,0.13068623488173006,0.8350240588188171,False,False,-0.8350240588188171,-0.0835024043917656,-3.035751750919928,-3.035751750919921,185.50761291408287,185.50761291408287,188.5433646650028,185.94076173245026,-0.4331488183673855,-3.6355261540460417,4.899141814703959,0.8350240439176538,-0.1590517908334732,-0.01590517908334732,-0.41933831963770274,-0.41933831963770624,210.95640677920176,210.95640677920176,211.37574509883947,211.04620002044283,-0.08979324124106824,-2.835104471861612,3.815286153138389,0.14790930062706173,10.448139251788062,6.428865147068505,40.942031589421475,23.455056701219174,-0.12460373312772788,0.0,7.988807455145434,0.05387594474463242
P100_1100,420000,28,Omega_safe_one_step_QP,25.394286934712266,50.130609219405734,-7.456911945370848,0.12296587378683162,0.8548160195350647,False,False,-0.8548160195350647,-0.08548160642385483,-3.149560709532284,-3.149560709532288,185.88343620321757,185.88343620321757,189.03299691274987,186.2955571916316,-0.4121209884140171,-3.6844893788207482,4.850178589929253,0.854816064238549,-0.18486842513084412,-0.01848684251308441,-0.5419461137293511,-0.5419461137293573,210.8082570168288,210.8082570168288,211.35020313055816,210.99808375908958,-0.18982674226077734,-2.8325502750334812,3.8178403499665197,0.19132797694930637,10.403204452875865,4.863135367887592,38.58343686893549,24.50049296895633,-0.11613599740848102,0.0,7.4591518974229984,0.11389604535646924
P100_1100,420000,29,Z_mode_existing_controller,25.37891322064126,50.12902055025609,-7.356408606508012,0.12266673396737379,0.8908230066299438,False,False,-0.8908230066299438,-0.08908230066299438,-3.2929953170383928,-3.2929953170383954,188.88680609329097,188.88680609329097,192.17980141032936,189.31310046370677,-0.4262943704158033,-3.6965764158876673,3.442840516073974,0.8908230066299444,-0.00926225259900093,-0.0009262252715416253,-0.15159507186247312,-0.15159507186247242,211.76944951126055,211.76944951126055,211.921044583123,211.54709980142323,0.22234970983731728,-0.6072241742754312,0.40481612279545515,0.24965256372304823,9.000910012392438,5.482904133718861,32.223634266168695,23.813269234557914,-0.11893145410485495,0.0,7.608749886514488,-0.13340982590239037
P100_1100,420000,30,Omega_safe_one_step_QP,25.390654312982065,50.12669116447601,-14.731481885238281,0.24437602550202933,0.8723023533821106,False,False,-0.8723023533821106,-0.08723023533821106,-3.2554539343264155,-3.2554539343264266,186.25289625482944,186.25289625482944,189.50835018915586,186.9842668524537,-0.7313705976242488,-3.732024706461349,4.802643262288652,0.8723023533821137,-0.11517354100942612,-0.011517354287207127,-0.15937985697411367,-0.15937985697410534,211.0661172042362,211.0661172042362,211.22549706121032,210.91240454619225,0.15371265804395762,-2.820079668098696,3.830310956901304,0.056516083136601454,9.879599859137663,4.987150302743058,41.93036530096121,20.965117150251967,-0.23777756060988509,0.0,15.061487040675274,-0.09222759482636889
P100_1100,420000,31,Omega_safe_one_step_QP,25.386193532203066,50.123156238532104,-15.918862362881555,0.25454250338016327,0.9097777009010315,False,False,-0.9097777009010315,-0.09097777307033539,-3.488469408057436,-3.4884694080574374,187.04382802162013,187.04382802162013,190.53229742967756,187.81870802852464,-0.7748800069045103,-3.8344194305135195,4.700248538236481,0.9097777307033542,-0.010417676530778408,-0.0010417676530778408,0.4047871742842608,0.40478717428425876,211.6356172896769,211.6356172896769,211.23083011539265,210.8867454377055,0.7488718519713871,-2.82061297351693,3.829777651483071,0.10569469330092988,11.926560860374142,4.92215502867499,40.865161009920904,24.187496791178756,-0.26219170753342524,0.0,16.630377181597396,-0.44932311118282087
P100_1100,420000,32,Z_mode_existing_controller,25.34936468792471,50.12213443682463,-9.531318546902185,0.15648116461051337,0.9263613820075989,False,False,-0.9263613820075989,-0.09263613820075989,-3.4261935528120757,-3.4261935528120624,194.47934811623264,194.47934811623264,197.9055416690447,195.0066280901058,-0.5272799738731635,-3.698549636629791,3.44086729533185,0.9263613820075952,0.0030792145989835262,0.0003079214657191187,-0.07332584854673752,-0.07332584854672433,212.66352461031988,212.6635246103199,212.73685045886663,212.36418488683333,0.29933972348658244,-0.6072241742754312,0.40481612279545515,0.12075581252050814,8.61654637778561,5.835379639722783,40.66408862584549,26.928083756726057,-0.15504928037116184,0.0,9.86597166136562,-0.17960383409194947
P100_1100,420000,33,Z_mode_existing_controller,25.376912742502213,50.12301176413319,-16.491156454962038,0.27696398481642687,0.9148938655853271,False,False,-0.9148938655853271,-0.09148938953876495,-3.387767980553068,-3.3877679805530594,188.67644713152492,188.67644713152492,192.064215112078,189.50428406936828,-0.8278369378433581,-3.7029080613961667,3.436508870565475,0.914893895387647,0.005931728985160589,0.0005931729101575911,-0.05324343259561909,-0.05324343259562117,211.49618193302285,211.49618193302285,211.54942536561848,211.23701876354227,0.25916316948058693,-0.6072241742754312,0.40481612279545515,0.08768332166477688,8.536874795992112,5.13911492122231,37.40940406945905,21.442347365653077,-0.26771871378107903,0.0,16.914373070430884,-0.15549790168834932
P100_1100,420000,34,Omega_safe_one_step_QP,25.394982303228147,50.119479440356685,-18.52598026416399,0.30105425321132123,0.8816977143287659,False,False,-0.8816977143287659,-0.08816977590322495,-3.171354427326012,-3.171354427326016,184.98547374883594,184.98547374883594,188.15682817616195,185.876385392129,-0.8909116432930659,-3.5968725051619583,4.937795463588043,0.8816977590322506,-0.00821774359792471,-0.0008217743597924709,0.4646600850014053,0.4646600850014074,210.98571094326027,210.98571094326027,210.52105085825886,210.25932693600686,0.7263840072534151,-2.749635047803552,3.900755577196449,0.1191205333955756,11.40358715331012,5.435759677636435,38.91983814382837,26.904639210946915,-0.3043634080022386,0.0,19.266174076517927,-0.43583040435204623
P100_1100,420000,35,Z_mode_existing_controller,25.36862919459349,50.1194663456794,-18.021823291753208,0.29085072526560546,0.9084821343421936,False,False,-0.9084821343421936,-0.09084821492433548,-3.3667247827314952,-3.3667247827314966,190.09979114934043,190.09979114934043,193.46651593207193,190.9678287201904,-0.8680375708499639,-3.705878850272986,3.433538081688655,0.9084821492433552,-0.004660658538341522,-0.0004660658596549183,-0.12285804855934127,-0.12285804855934959,211.5209936440227,211.5209936440227,211.64385169258205,211.34790284943787,0.17309079458482302,-0.6072241742754312,0.40481612279545515,0.20232733439170084,10.5954653087214,5.835822760225612,42.82478336144681,27.802186018942322,-0.290995619465658,0.0,18.41667338796924,-0.10385447675089665
P100_1100,420000,36,Z_mode_existing_controller,25.36408715927583,50.12092543206531,-26.364477213312057,0.41975261123473584,0.9245246052742004,False,False,-0.9245246052742004,-0.09245245903730392,-3.4299854663586657,-3.4299854663586578,190.53640618944377,190.53640618944377,193.96639165580243,191.74129048260767,-1.2048842931639,-3.7099991737101234,3.4294177582515175,0.924524590373037,-0.0027827920857816935,-0.00027827921439893544,-0.11202497489824631,-0.11202497489823729,211.7313474043359,211.7313474043359,211.84337237923415,211.59763161493814,0.13371578939776896,-0.6072241742754312,0.40481612279545515,0.18448701425945505,11.220366672205119,3.8481236706233357,38.0284562300074,22.501866790750025,-0.4258733939639683,0.0,26.870580080914806,-0.08022947363865285
P100_1100,420000,37,Z_mode_existing_controller,25.33007622510106,50.11903971151298,-32.08447730963326,0.5036921433409848,0.9308504462242126,False,False,-0.9308504462242126,-0.09308504313230515,-3.457307488834218,-3.457307488834216,196.8559868554735,196.85598685547353,200.31329434430774,198.31194988934598,-1.4559630338724503,-3.7141385688785915,3.42527836308305,0.9308504313230509,-0.007813933305442333,-0.0007813933189027011,-0.14603873029369607,-0.1460387302937044,212.9534954911446,212.9534954911446,213.0995342214383,212.89640298598061,0.05709250516397901,-0.6072241742754312,0.40481612279545515,0.24050216786570588,10.543561292280632,5.437101708462703,44.383902704635496,24.141862137990856,-0.518197870367171,0.0,32.63693068309931,-0.03425550309837888
P100_1100,420000,38,Z_mode_existing_controller,25.329098506994445,50.11946779962522,-39.29472175778574,0.5968666855398123,0.9499061107635498,False,False,-0.9499061107635498,-0.09499061107635498,-3.531978500896643,-3.53197850089663,196.59243427541412,196.59243427541415,200.12441277631078,198.29819338493763,-1.705759109523484,-3.7182395827073713,3.4211773492542696,0.9499061107635461,-0.003903171746060252,-0.0003903171746060252,-0.12202560938976287,-0.12202560938976009,212.97060088720713,212.97060088720713,213.0926264965969,212.92393481929344,0.04666606791369077,-0.6072241742754312,0.40481612279545515,0.2009564417216539,12.580686139179122,5.034954552439745,39.51508608022721,28.101310083519934,-0.6344178840744448,0.0,39.957139282608296,-0.027999640748220145
P100_1100,420000,39,Omega_safe_one_step_QP,25.29092138245575,50.12242025566202,-82.16783424517871,1.2475774840548077,0.938073992729187,False,False,-0.938073992729187,-0.0938073992729187,-5.163878966934611,-5.1638789669346234,202.0718963770568,202.0718963770568,207.2357753439914,205.55451548701998,-3.4826191099631956,-5.504767221944904,3.0299007468050974,0.9380739927291892,-0.4085962474346161,-0.04085962474346161,-1.98913939558487,-1.9891393955848575,212.80115392960124,212.80115392960124,214.7902933251861,214.65212751961036,-1.8509735900091187,-3.176559294496275,3.4738313305037254,0.6261930633661559,10.906267914898603,5.199647286498072,40.352472235646474,20.395446020603142,-1.3128241247029244,0.0,82.37007421587623,1.1105841540054655
P100_1100,420000,40,Omega_safe_one_step_QP,25.285105472501005,50.121237211183235,-66.84811826606983,1.01416576569971,0.9292811155319214,False,False,-0.9292811155319214,-0.09292811155319214,-5.236502380518096,-5.236502380518104,203.30163619611372,203.3016361961137,208.5381385766318,206.18516650077856,-2.8835303046648733,-5.635003545208942,2.8996644235410587,0.9292811155319225,-0.2371724545955658,-0.02371724508702755,-1.1158797693256477,-1.1158797693256388,213.8730726700006,213.87307267000062,214.98895243932625,214.7400973195184,-0.8670246495177878,-3.1964252059102907,3.4539654190897093,0.34910241830853483,10.812218914883413,4.218110850116076,41.65905306544529,25.044649668017026,-1.0733764224918332,0.0,67.4012798988515,0.5202147897106499
P100_1100,420000,41,Omega_safe_one_step_QP,25.273458043597824,50.123102746477954,-60.77911819179826,0.897984890971521,0.9376365542411804,False,False,-0.9376365542411804,-0.09376365691423416,-5.5098593608172095,-5.5098593608172015,205.4415166793399,205.44151667933994,210.95137604015713,208.02900379014244,-2.587487110802499,-5.876327291561476,2.6583406771885243,0.93763656914234,-0.2478441447019577,-0.02478441409766674,-1.227716660167771,-1.2277166601677796,214.3725488142436,214.3725488142436,215.60026547441137,215.25868221829907,-0.8861334040554709,-3.2575565094188033,3.3928341155811967,0.37688269002179875,12.03938646102129,5.169671342360242,43.13220870198957,29.37228627530113,-0.9739309127372309,0.0,61.221369062101985,0.5316800424332655
P100_1100,420000,42,Omega_safe_one_step_QP,25.254285597313796,50.128436476093505,-56.894231990519074,0.8789284271533567,0.9611566662788391,False,False,-0.9611566662788391,-0.09611567109823227,-6.0184131388919315,-6.018413138891946,208.78604661225077,208.78604661225074,214.8044597511427,211.366373658711,-2.580327046460269,-6.261635662660031,2.2730323060899695,0.9611567109823249,-0.16758130490779877,-0.016758130863308907,-0.9154901887777234,-0.9154901887777264,215.80313020144652,215.8031302014465,216.71862039022423,216.29339478307008,-0.49026458162359177,-3.369392001000087,3.280998623999914,0.2717078299307397,8.580685467806987,5.337164349517408,38.3594483882835,25.98623128157348,-0.9159473191370594,0.0,57.51602056068259,0.29415874897415506
P100_1100,420000,43,Omega_safe_one_step_QP,25.289511039323248,50.13075406587077,-29.751195554179503,0.457896435738348,0.9538552761077881,False,False,-0.9538552761077881,-0.09538552910089493,-5.320442895787411,-5.3204428957874,202.64596272325247,202.64596272325247,207.96640561903988,204.0126392996744,-1.3666765764219235,-5.577830249449749,2.9568377193002515,0.9538552910089473,-0.2841980457305908,-0.02841980569064617,-1.3950125066180448,-1.395012506618056,213.9851790236961,213.98517902369608,215.38019153031414,214.87041081631892,-0.8852317926228466,-3.235549115009078,3.414841509990922,0.4311517016221038,10.438320721719217,5.820649931614055,40.411271416769644,26.042251640891728,-0.47026548520181777,0.0,29.690321963807946,0.5311390755737193
P100_1100,420000,44,Omega_safe_one_step_QP,25.29666321183504,50.132882570210114,-19.31951495143221,0.2963800344748019,0.9511564373970032,False,False,-0.9511564373970032,-0.09511564671993256,-5.18133630109934,-5.181336301099329,201.48083580975558,201.4808358097556,206.66217211085493,202.3984498866395,-0.9176140768838934,-5.447406898631256,3.087261070118745,0.9511564671993237,-0.3613855540752411,-0.03613855689764023,-1.7814514250475761,-1.7814514250475761,213.43147788350123,213.43147788350123,215.2129293085488,214.65118601373754,-1.219708130236313,-3.218822892832546,3.4315677321674545,0.5534481033468446,11.006265036959613,4.616961283250459,42.47732531797554,22.754957952285025,-0.2972424336704833,0.0,18.884932506960467,0.7318248781417935
P100_1100,420000,45,Omega_safe_one_step_QP,25.284344603669435,50.13320047637549,-19.103840897259943,0.28553156553041165,0.9462066292762756,False,False,-0.9462066292762756,-0.09462066739797592,-5.395924665580274,-5.3959246655802815,203.81909249334464,203.81909249334464,209.21501715892492,204.7214058641688,-0.902313370824146,-5.702691403438255,2.831976565311746,0.9462066739797601,-0.316233366727829,-0.03162333741784096,-1.5990408885234082,-1.599040888523417,214.16643225216865,214.16643225216865,215.76547314069205,215.16398778392787,-0.9975555317592182,-3.274077276046871,3.376313348953129,0.4883943638783331,12.07390287668138,3.8055789127066557,39.75980055347043,27.116918509137538,-0.29540035970307343,0.0,18.800707937907646,0.5985333190555195
P100_1100,420000,46,Omega_safe_one_step_QP,25.247971703007547,50.13660535511772,-32.1499380545265,0.48258797336289605,0.9632310271263123,False,False,-0.9632310271263123,-0.09632310271263123,-6.1919234561127245,-6.191923456112722,210.27902855656825,210.27902855656825,216.47095201268098,211.7595583524441,-1.4805297958758388,-6.42828488881386,2.1063830799361414,0.9632310271263115,-0.23861774802207947,-0.023861775174736977,-1.3609199244848669,-1.3609199244848622,216.13919158969276,216.13919158969276,217.50011151417763,216.86185728101322,-0.7226656913204579,-3.447541113395427,3.2028495116045734,0.3947508904816263,10.232899914727952,7.291971892119073,42.23290622013429,23.271098951902232,-0.5107534990527327,0.0,32.22709213878716,0.43359941479226904
P100_1100,420000,47,Omega_safe_one_step_QP,25.277673771360405,50.13830899639804,-7.540408887692138,0.11775718426880719,0.9407995939254761,False,False,-0.9407995939254761,-0.09407996386289597,-5.506537498292491,-5.506537498292483,205.21196117696718,205.21196117696718,210.71849867525967,205.68401107622776,-0.4720498992605826,-5.853039555071729,2.681628413678272,0.9407996386289585,-0.15786217153072357,-0.015786217525601387,-0.8300912007972991,-0.8300912007973109,215.52854060276158,215.52854060276158,216.3586318035589,215.66651655117968,-0.13797594841810223,-3.333393142333554,3.3169974826664466,0.2490228920961308,9.186385088998655,6.143631244180207,39.683772691206116,22.716411604512906,-0.11708251208116849,0.0,7.574705830722451,0.08278556905085566
P100_1100,420000,48,Omega_safe_one_step_QP,25.30747733977845,50.13835779061079,8.416524735755956,-0.13742798670231005,0.9479775428771973,False,False,-0.9479775428771973,-0.09479775279760361,-5.00294288777224,-5.002942887772246,199.96007040213757,199.96007040213757,204.9630132899098,199.76548956606086,0.19458083607671028,-5.277491016536744,3.257176952213256,0.9479775279760372,-0.027468670159578323,-0.0027468670159578323,-0.033586275872390936,-0.03358627587240048,215.08786041277915,215.08786041277912,215.12144668865153,214.40119235704483,0.6866680557342875,-3.2096746308428172,3.440715994157183,0.010464074940699262,7.854577679108331,2.3702189715016537,35.21220387728947,25.738912565432383,0.13351612584713468,0.0,-8.138040028163232,-0.4120008334405725
P100_1100,420000,49,Omega_safe_one_step_QP,25.326319573942175,50.13875676847531,19.41700880344888,-0.3146981238951522,0.9373449683189392,False,False,-0.9373449683189392,-0.0937344953417778,-4.609276832187469,-4.609276832187483,196.75257833935714,196.75257833935714,201.36185517154462,196.0992570855242,0.6533212538329565,-4.917375204700225,3.6172927640497754,0.9373449534177809,-0.010445645079016685,-0.001044564531184733,0.12480749574771896,0.12480749574770786,214.4894242558733,214.4894242558733,214.36461676012559,213.63246539794483,0.8569588579284755,-3.133991637990224,3.516398987009776,0.0354929847860751,9.122050810093777,2.4682767191132498,37.1131842873514,26.543643876627797,0.31108761586874145,0.0,-19.21392110456145,-0.5141753147570682
P100_1100,420000,50,Omega_safe_one_step_QP,25.32139006974543,50.13960371502101,16.388096296807817,-0.2556866743170557,0.9424347281455994,False,False,-0.9424347281455994,-0.09424347430467606,-4.735850644952949,-4.73585064495295,197.70348398281905,197.70348398281905,202.439334627772,197.20001308394183,0.5034708988772252,-5.025123150322963,3.5095448184270386,0.9424347430467607,-0.00819134060293436,-0.000819134060293436,0.1122388651178561,0.11223886511786182,214.74515596153623,214.74515596153623,214.63291709641837,213.90370013782254,0.8414558237136873,-3.1608216716195017,3.4895689533804988,0.03216410583007139,11.195574862313373,5.637617359175248,42.886460637035874,27.248547816336785,0.2628798882916854,0.0,-16.146102690870975,-0.5048734942282067
P100_1100,420000,51,Omega_safe_one_step_QP,25.312556998400296,50.14205349985122,12.104019257049003,-0.18453179276175605,0.9400961995124817,False,False,-0.9400961995124817,-0.09400962293148041,-4.895743311721383,-4.8957433117213895,199.36940425846973,199.36940425846973,204.26514757019112,199.04722359083718,0.3221806676325514,-5.2077044445648735,3.3269635241851265,0.9400962293148052,-0.007754919119179249,-0.0007754919352009892,0.06520756404949352,0.06520756404950132,215.2185015548731,215.2185015548731,215.15329399082358,214.42762863032954,0.7908729245435495,-3.2128593610600236,3.437531263939977,0.018969300652923432,12.183507831371768,5.989078966853077,37.77393437958164,28.24243613332791,0.19414903756048574,0.0,-11.823644539884299,-0.4745237547261354
P100_1100,420000,52,Omega_safe_one_step_QP,25.2916972946682,50.14519929669382,-0.6152609835253315,0.009457209451796646,0.9526351690292358,False,False,-0.9526351690292358,-0.0952635183930397,-5.359836921066819,-5.359836921066803,203.09153478183228,203.0915347818323,208.4513717028991,203.23659559729646,-0.14506081546414862,-5.626326857835673,2.908341110914327,0.952635183930394,-0.3642440736293793,-0.036424409598112106,-1.8919246385271205,-1.8919246385271224,214.32599683809377,214.32599683809377,216.2179214766209,215.49335474053183,-1.1673579024380558,-3.3193221096397543,3.3310685153602457,0.5699731981517313,10.694076351314628,3.778029716701478,40.58552123153401,27.169507297034137,0.005945667466722426,0.0,-0.09109942540362681,0.7004147414628221
P100_1100,420000,53,Omega_safe_one_step_QP,25.277305338355138,50.14814988188339,-4.636519615604811,0.07178609087332448,0.9486056566238403,False,False,-0.9486056566238403,-0.09486056864261627,-5.613326510316304,-5.613326510316304,205.7492744128246,205.7492744128246,211.36260092314092,206.06081951317853,-0.3115451003539249,-5.917449779859854,2.617218188890148,0.9486056864261629,-0.3795228600502014,-0.03795228525996208,-2.045644434817544,-2.0456444348175458,214.95344319407215,214.95344319407215,216.9990876288897,216.2576673726787,-1.304224178606546,-3.3974387248666345,3.2529519001333655,0.6021137099088806,9.61748585945533,4.322904807175763,38.9666668761675,27.25645753092839,-0.058508454001749755,0.0,3.9124935624422505,0.7825345071639163
P100_1100,420000,54,Omega_safe_one_step_QP,25.28645798526271,50.15111093411634,2.562749816408541,-0.038409004602670736,0.946382999420166,False,False,-0.946382999420166,-0.09463830292224884,-5.436200758302833,-5.436200758302821,204.1937688245699,204.19376882456993,209.62996958287275,204.20699058085933,-0.013221756289397035,-5.744186645833038,2.7904813229169636,0.9463830292224858,-0.37796297669410706,-0.037796299904584885,-2.017482897972358,-2.0174828979723554,214.7715951528243,214.77159515282432,216.78907805079666,216.02475317351116,-1.2531580206868398,-3.3764377670573325,3.2739528579426684,0.5975181647522716,12.024294436009836,5.84080363053291,33.160571970012086,25.213302113415697,0.058955845541341034,0.0,-3.37360047436232,0.7518948124121039
P100_1100,420000,55,Omega_safe_one_step_QP,25.268454294257428,50.15277638280031,-5.695432984951367,0.08330865591316276,0.9514371752738953,False,False,-0.9514371752738953,-0.09514372050762177,-5.810983350453347,-5.81098335045335,207.4529671284905,207.4529671284905,213.26395047894385,207.7923713084164,-0.3394041799258787,-6.107584735440148,2.427083233309852,0.9514372050762185,-0.41884416341781616,-0.041884418576955795,-2.312706506458255,-2.312706506458261,215.3381750903812,215.3381750903812,217.65088159683947,216.87629032374124,-1.5381152333600312,-3.4626181216616128,3.1877725033383877,0.6679068916061869,12.722876668109551,3.5933770987776743,40.38224189523323,26.59492357863787,-0.07214045899174693,0.0,4.8447043039268465,0.9228691400160187
P100_1100,420000,56,Omega_safe_one_step_QP,25.222618760763194,50.15668357825144,-26.696283911020146,0.38556104839994554,0.9670758247375488,False,False,-0.9670758247375488,-0.09670758247375488,-6.78578065429244,-6.785780654292431,215.5703535668189,215.5703535668189,222.35613422111135,216.7864447298665,-1.2160911630475937,-7.016803109656896,1.5178648590931043,0.9670758247375475,-0.29951050877571106,-0.029951050877571106,-1.9017461929401382,-1.9017461929401525,217.90569960880464,217.90569960880464,219.8074458017448,219.0146637532473,-1.108964144442666,-3.678274542152144,2.972116082847856,0.5170212748250836,11.498611580485449,5.7325905767678895,45.193017979031225,26.286086212676697,-0.4179650924830902,0.0,26.448870516837815,0.6653784866656167
P100_1100,420000,57,Omega_safe_one_step_QP,25.22632696582697,50.161700823397624,-2.2259444200244616,0.03301791458868105,0.8698945641517639,False,False,-0.8698945641517639,-0.08698945492506027,-6.043865403459425,-6.043865403459425,215.6223762916269,215.6223762916269,221.6662416950863,215.84265890776535,-0.22028261613846212,-6.9478138570543955,1.5868541116956065,0.8698945492506027,-0.27329134941101074,-0.027329135686159134,-1.7422552079360616,-1.7422552079360571,218.1963520070854,218.1963520070854,219.93860721502148,219.10321450371848,-0.9068624966330674,-3.6913906834798116,2.9589999415201884,0.47197800431507364,10.054761256369668,3.3921563648246424,41.013939394362886,23.797934019561424,-0.02300167677253029,0.0,1.7048285988166754,0.5441174979798404
P100_1100,420000,58,Omega_safe_one_step_QP,25.229582550133816,50.16435332629516,-11.276054209141876,0.16582944434280514,0.9473350644111633,False,False,-0.9473350644111633,-0.09473350644111633,-6.52744715678259,-6.527447156782573,214.5639131362239,214.5639131362239,221.0913602930065,215.1696065872594,-0.6056934510355063,-6.890325716846411,1.6443422519035906,0.9473350644111609,-0.19320547580718994,-0.019320547580718994,-1.3552874352890951,-1.3552874352890827,218.60315517641652,218.60315517641652,219.9584426117056,219.1044927771306,-0.5013376007140664,-3.6933742231482256,2.957016401851775,0.36695101915067735,10.739059029247443,4.810774798787405,43.96794753374044,29.064186528528737,-0.17366916476650118,0.0,11.14892081347989,0.3008025604284228
P100_1100,420000,59,Omega_safe_one_step_QP,25.23457795821958,50.17047684465719,-6.397554799556929,0.09405650446757782,0.954677939414978,False,False,-0.954677939414978,-0.09546779841184616,-6.486325838758994,-6.486325838758999,213.644329085052,213.644329085052,220.130654923811,214.05522078836927,-0.41089170331727587,-6.794255179926862,1.7404127888231393,0.9546779841184627,-0.13123829662799835,-0.01312382984906435,-1.048260890841888,-1.0482608908418904,219.04725687507513,219.0472568750751,220.095517765917,219.21541127758186,-0.16815440250675806,-3.7070817385693644,2.943308886430636,0.2827725323495119,10.993951524525198,2.8154754141203138,42.333446800952615,27.326712443215897,-0.09753777830833954,0.0,6.394199936361474,0.10089264150406052
P100_1100,420000,60,Omega_safe_one_step_QP,25.21598397768913,50.175340651691684,11.854130597645963,-0.1758572308829299,0.8164626955986023,False,False,-0.8164626955986023,-0.08164627104997635,-5.849552240564418,-5.849552240564418,217.98361397551656,217.98361397551656,223.83316621608097,217.64041506387113,0.34319891164543037,-7.16450630915386,1.3701616595961403,0.8164627104997636,-0.0389922633767128,-0.0038992264308035374,-0.601528176643868,-0.6015281766438716,220.55469957982754,220.55469957982754,221.15622775647142,220.25634065981203,0.29835892001551656,-3.8131527376248067,2.837237887375194,0.15775087389197015,9.671870816439332,4.4737378387239595,41.909019618009864,24.713299287596996,0.193835507598771,0.0,-11.868950753235367,-0.1790153520092872
P100_1100,420000,61,Omega_safe_one_step_QP,25.236451068307215,50.17877881852689,-2.551351169759073,0.038441952477209954,0.9521669745445251,False,False,-0.9521669745445251,-0.09521669894456863,-6.4425542616300735,-6.442554261630076,213.40756963282652,213.40756963282652,219.8501238944566,213.65096498981586,-0.243395356989339,-6.766202076991422,1.7684658917585785,0.9521669894456869,-0.203352689743042,-0.02033527009189129,-1.4608764843903381,-1.4608764843903257,219.0326439551974,219.0326439551974,220.4935204395877,219.59128402228924,-0.5586400670918579,-3.746882005936436,2.903508619063564,0.3898912434594314,9.594652075111707,4.349979597869374,40.1141836742271,21.01378159830477,-0.03188132243544217,0.0,2.2480484519383026,0.3351840402551147
P100_1100,420000,62,Omega_safe_one_step_QP,25.25275257483192,50.17912822926283,8.526161864520873,-0.12971944018051612,0.9425179362297058,False,False,-0.9425179362297058,-0.09425179660320282,-6.082504821869186,-6.082504821869178,210.6402283158956,210.6402283158956,216.72273313776478,210.42639819558283,0.21383012031276394,-6.453463001322239,2.0812049674277606,0.9425179660320271,-0.13432058691978455,-0.01343205850571394,-1.035218227809203,-1.0352182278092061,218.80082432752306,218.80082432752306,219.83604255533226,218.9159331860629,-0.115108858539827,-3.6811342175108916,2.969256407489109,0.28122262504984125,9.71658774956454,4.515277883902408,38.565079742478446,27.981481068926804,0.14379158800125857,0.0,-8.739018767645575,0.06906531512390757
P100_1100,420000,63,Omega_safe_one_step_QP,25.26562693848426,50.1831796644259,12.573912112204198,-0.19128880226677106,0.9548487067222595,False,False,-0.9548487067222595,-0.09548487514257431,-5.923638620315661,-5.923638620315655,208.30191924740686,208.3019192474069,214.22555786772253,207.90921256207665,0.3927066853302392,-6.2037454743180165,2.3309224944319844,0.954848751425742,-0.2284034639596939,-0.02284034714102745,-1.5001338586376443,-1.5001338586376332,218.02595804476087,218.02595804476087,219.5260919033985,218.60113591818046,-0.5751778734195909,-3.6501391523175157,3.0002514726824847,0.41097990954267616,10.269074617714777,2.8373543658440044,36.47946032982743,24.48377012897889,0.21423072384553166,0.0,-13.13324956010183,0.34510672405176024
P100_1100,420000,64,Omega_safe_one_step_QP,25.25272685832378,50.184766441495015,6.942053449398372,-0.1048489410265149,0.9495847821235657,False,False,-0.9495847821235657,-0.09495847672224045,-6.138930756357464,-6.138930756357469,210.69775318224137,210.69775318224137,216.83668393859884,210.53725738054789,0.16049580169348587,-6.464858081405647,2.0698098873443547,0.9495847672224056,-0.2292027622461319,-0.02292027696967125,-1.5633095683950038,-1.5633095683950173,218.60224379780016,218.60224379780013,220.16555336619516,219.2411388957617,-0.63889509796158,-3.7140852985971797,2.9363053264028207,0.42091374933835896,10.137002346887112,4.442563955718012,40.621447045253916,22.6995404037823,0.12327125471302836,0.0,-7.44866176288906,0.38333705877695934
P100_1100,420000,65,Omega_safe_one_step_QP,25.259214335393818,50.1859212212314,12.235122994130506,-0.18676884005610245,0.9373325109481812,False,False,-0.9373325109481812,-0.09373325109481812,-5.946531148737141,-5.946531148737133,209.6825716134022,209.6825716134022,215.62910276213933,209.30771674436465,0.3748548690375344,-6.344099963759696,2.1905680049903062,0.9373325109481799,-0.14466598629951477,-0.014466598629951477,-1.0993189169194797,-1.099318916919468,218.8653045772359,218.86530457723592,219.96462349415538,219.03441624153308,-0.16911166429716218,-3.693992311393204,2.9563983136067966,0.2975964279971269,9.774214559261553,4.826924430026442,42.61355681985671,26.971092709387477,0.20449646284816758,0.0,-12.54108645555607,0.10146699857830299
P100_1100,420000,66,Omega_safe_one_step_QP,25.274423595026544,50.18951582421121,18.515937261759973,-0.27797052752326373,0.9412596821784973,False,False,-0.9412596821784973,-0.09412597119808197,-5.693075935251676,-5.693075935251681,206.97860959261027,206.97860959261027,212.67168552786194,206.36086361528302,0.617745977327246,-6.048358240331957,2.4863097284180435,0.9412597119808206,-0.133239284157753,-0.013323928229510784,-1.0003591653315742,-1.0003591653315678,218.52994222876555,218.52994222876558,219.53030139409714,218.60006574558088,-0.07012351681530049,-3.65056010138738,2.9998305236126206,0.2740289537902377,11.45268775758052,4.83644967118599,41.02626995903727,22.336156199071418,0.3062048128800292,0.0,-18.86421618472923,0.04207411008917461
P100_1100,420000,67,Omega_safe_one_step_QP,25.261040703991327,50.19029666193305,10.823875631856026,-0.15807670281996217,0.9395661950111389,False,False,-0.9395661950111389,-0.09395661950111389,-5.93750922929554,-5.937509229295543,209.4447494621694,209.44474946216937,215.38225869146493,209.1404622805683,0.3042871816010688,-6.319415556692254,2.215252412057747,0.9395661950111395,-0.1844370812177658,-0.01844370923936367,-1.3242632372147198,-1.3242632372147183,218.8205929504977,218.8205929504977,220.14485618771243,219.22474581929276,-0.40415286879505175,-3.7120155807489086,2.938375044251092,0.35675045225633045,12.529524203789217,5.002857458939068,38.84997917400568,25.284102744004905,0.18488208726107302,0.0,-11.251249440393622,0.24249172127701968
P100_1100,420000,68,Omega_safe_one_step_QP,25.233911025028828,50.19340366157393,-2.790797296256642,0.04252584668741497,0.9425649642944336,False,False,-0.9425649642944336,-0.09425649791955948,-6.464647738203971,-6.464647738203963,214.30915378265522,214.30915378265524,220.7738015208592,214.55976392972516,-0.2506101470699207,-6.8585698396316825,1.6760981291183177,0.9425649791955937,-0.1628502458333969,-0.01628502458333969,-1.3374778995358112,-1.3374778995357968,220.12835627332237,220.12835627332237,221.46583417285817,220.54933432932876,-0.4209780560063905,-3.8441133792634816,2.806277245736519,0.34792883757035614,8.743921277357884,4.442087264965528,43.35193709223392,29.098259972172535,-0.03767893577046516,0.0,2.5758893984238966,0.2525868336038286
P100_1100,420000,69,Omega_safe_one_step_QP,25.266024288892147,50.19867762274486,12.723056893103603,-0.19087150611688516,0.9507176280021667,False,False,-0.9507176280021667,-0.09507176280021667,-5.920222924983831,-5.920222924983837,208.53897679660557,208.53897679660554,214.45919972158939,208.14978632433932,0.38919047226622183,-6.227109659704699,2.3075583090453007,0.9507176280021676,-0.14121323823928833,-0.014121323823928833,-1.1287261590143625,-1.1287261590143611,219.28248469666318,219.28248469666318,220.41121085567752,219.47728343920747,-0.1947987425442932,-3.7386510475454187,2.9117395774545813,0.3019073309223168,11.092372631957709,4.029571966569294,42.82377270853054,22.468339696133295,0.21307077524197737,0.0,-13.053006913872196,0.11687924552657591
P100_1100,420000,70,Omega_safe_one_step_QP,25.252788631598538,50.199801342851394,6.12024359282259,-0.09196456811009833,0.9464555978775024,False,False,-0.9464555978775024,-0.09464555978775024,-6.146632733269949,-6.146632733269949,210.9851692510418,210.9851692510418,217.13180198431175,210.85324912355702,0.13192012748478987,-6.494369885976939,2.040298082773062,0.9464555978775021,-0.21508051455020905,-0.021508051082491875,-1.5710538925297064,-1.5710538925296933,219.46649757246598,219.46649757246598,221.0375514649957,220.10743546990088,-0.6409378974348954,-3.801285108477233,2.8491055165227674,0.41329546395404315,10.39133103583837,6.402687547314466,39.059405697090476,27.501460600737737,0.1098394031316694,0.0,-6.6146457344148075,0.3845627384609145
P100_1100,420000,71,Omega_safe_one_step_QP,25.271793836404825,50.20382630829838,14.488490261607694,-0.21739808406614197,0.951816976070404,False,False,-0.951816976070404,-0.09518169611692429,-5.827471440342921,-5.827471440342929,207.58533851422132,207.58533851422132,213.41280995456424,207.11798873072445,0.4673497834968714,-6.122470683002187,2.412197285747814,0.9518169611692443,-0.17952102422714233,-0.017952103167772293,-1.3339223679156769,-1.3339223679156693,219.1316926544359,219.1316926544359,220.46561502235159,219.53099340369323,-0.3993007492573213,-3.7440914642128225,2.9062991607871775,0.35627398012727773,11.318310254118472,4.704486909601417,40.811562309060996,26.28971452316146,0.243754866196074,0.0,-14.971825577357777,0.2395804495543814
P100_1100,420000,72,Omega_safe_one_step_QP,25.259604503604,50.2070066780296,6.517090898936658,-0.10329319970263401,0.9532262682914734,False,False,-0.9532262682914734,-0.0953226312994957,-6.068593987080859,-6.068593987080864,209.78323625399324,209.7832362539932,215.85183024107408,209.60586639774573,0.17736985624748058,-6.36637271165317,2.168295257096831,0.953226312994958,-0.2994585335254669,-0.02994585409760475,-2.0255557092169822,-2.02555570921697,219.13487641159108,219.13487641159108,221.16043212080805,220.23233109024247,-1.0974546786513883,-3.81357317405847,2.8368174509415303,0.531143790027592,7.491789757740177,4.757103698722563,39.20776838236808,26.287360242868175,0.1195243545258613,0.0,-7.295088060652233,0.658472807190833
P100_1100,420000,73,Omega_safe_one_step_QP,25.30840416304559,50.20921140726276,32.782933786937974,-0.5146734157667955,0.9335660934448242,False,False,-0.9335660934448242,-0.09335660934448242,-5.049611579936249,-5.049611579936237,201.22798360513468,201.2279836051347,206.27759518507094,200.0007770479676,1.2272065571671078,-5.408949206052857,3.125718762697143,0.933566093444822,-0.040484968572854996,-0.004048496950417757,-0.4869333742982613,-0.486933374298262,218.74642597762738,218.74642597762738,219.23335935192566,218.29656823229044,0.4498577453369421,-3.62086589717023,3.0295247278297706,0.1344798145324324,10.1789551647225,4.385843312362989,38.72550027894458,24.21355159939047,0.532132530501169,0.0,-33.04515167023601,-0.26991464720217095
P100_1100,420000,74,Omega_safe_one_step_QP,25.305099336293146,50.209587526490324,27.750054316448768,-0.43786732549509433,0.9274129867553711,False,False,-0.9274129867553711,-0.09274130314588547,-5.0828767488204365,-5.0828767488204365,201.91227109478186,201.91227109478186,206.9951478436023,200.88393567682738,1.0283354179544801,-5.480704471905992,3.053963496844009,0.9274130314588546,-0.028821783140301704,-0.002882178407162428,-0.43975128196021007,-0.43975128196021873,218.9596207543925,218.9596207543925,219.3993720363527,218.48844379431407,0.4711769600784237,-3.6374671656129363,3.012923459387064,0.12089491449364544,9.676286754208034,5.105214705615777,40.406792893866914,21.25801745008247,0.44989095603111195,0.0,-27.91723909643224,-0.28270617604704285
P100_1100,420000,75,Omega_safe_one_step_QP,25.31680121160446,50.20825738494733,26.591823922986805,-0.42444234127872643,0.9508156776428223,False,False,-0.9508156776428223,-0.09508156776428223,-4.999848663434565,-4.999848663434571,199.77309062861553,199.77309062861553,204.7729392920501,198.78989920187144,0.9831914267440993,-5.258483616750773,3.2761843519992278,0.9508156776428234,-0.012971934862434864,-0.001297193462960422,-0.3112512016467433,-0.3112512016467499,218.52819411091463,218.52819411091463,218.83944531256137,217.9483667068656,0.5798274040490128,-3.5814744932338027,3.0689161317661973,0.08690588254496082,9.46301655796642,3.0554617384071303,42.5480589279884,26.554382140048634,0.42986564464629673,0.0,-26.6737931252037,-0.347896442429402
P100_1100,420000,76,Omega_safe_one_step_QP,25.314656879223584,50.2098938447168,23.75642804434119,-0.37313487469184015,0.9444965720176697,False,False,-0.9444965720176697,-0.09444966167211533,-5.011112630518744,-5.011112630518749,200.23289923740234,200.23289923740234,205.24401186792107,199.38077031531913,0.8521289220832102,-5.305590874337871,3.22907709441213,0.9444966167211541,-0.010844907723367214,-0.0010844907956197858,-0.31611308861630266,-0.31611308861631615,218.7092727313951,218.7092727313951,219.0253858200114,218.15289869786332,0.5563740335317675,-3.600068543978806,3.0503220810211946,0.08780751942765709,10.306010250707343,5.170291313583973,43.226149509046316,23.2240266932587,0.3842716094181746,0.0,-23.806875233640312,-0.3338244201190719
P100_1100,420000,77,Omega_safe_one_step_QP,25.31699317471896,50.2098962033479,21.24737378957161,-0.330682757779008,0.9522657990455627,False,False,-0.9522657990455627,-0.09522657841444016,-5.014775711262384,-5.014775711262375,199.83484056181862,199.83484056181862,204.849616273081,199.0939708923774,0.7408696694412242,-5.266151314853862,3.2685166538961385,0.9522657841443999,-0.0113036734983325,-0.0011303673963993788,-0.31180015764762925,-0.31180015764764,218.6207712796085,218.6207712796085,218.93257143725614,218.07712255972382,0.5436487198846862,-3.5907871057032796,3.059603519296721,0.08683337342734829,10.927423369384908,3.498947408865032,42.990638635298566,28.422418022005036,0.3437906000796431,0.0,-21.264975157720983,-0.32618923193081173
P100_1100,420000,78,Omega_safe_one_step_QP,25.294277387429627,50.21315998867088,7.673460578152117,-0.11521147860070172,0.9515659213066101,False,False,-0.9515659213066101,-0.09515659511089325,-5.439730011262226,-5.4397300112622355,203.91445818518605,203.91445818518602,209.35418819644826,203.69465680280038,0.21980138238563995,-5.716608507190588,2.8180594615594123,0.951565951108934,-0.33819296956062317,-0.033819299191236496,-2.1231187871516464,-2.1231187871516424,217.95055627845582,217.95055627845582,220.07367506560746,219.2336255304992,-1.28306925204339,-3.7048974685384115,2.945493156461589,0.573057366683137,12.064485109090358,4.705872015069327,36.65566590655719,23.65634141303036,0.14143152025926753,0.0,-8.5847336496372,0.769841551226051
P100_1100,420000,79,Omega_safe_one_step_QP,25.265429082052837,50.21401687331187,-3.345642377875265,0.05109471420588923,0.9331334233283997,False,False,-0.9331334233283997,-0.09331334382295609,-5.870023921713844,-5.870023921713844,209.22466556255722,209.22466556255722,215.09468948427107,209.45581237959433,-0.23114681703711426,-6.29065863597287,2.2440093327771318,0.933133438229561,-0.3197610080242157,-0.03197610005736351,-2.1383027040062417,-2.138302704006238,219.20211227009403,219.20211227009403,221.34041497410027,220.5014690090076,-1.2993567389135592,-3.831571459387692,2.8188191656123083,0.5580745985481246,9.734217638360237,6.170253826740302,44.63520958431156,26.173991001645447,-0.03825375186796798,0.0,2.60428208639496,0.7796140433481185
P100_1100,420000,80,Omega_safe_one_step_QP,25.292413983867416,50.217152596761764,9.540459193546667,-0.1460052273119073,0.942010223865509,False,False,-0.942010223865509,-0.09420102089643478,-5.427122180489297,-5.427122180489305,204.373118571053,204.373118571053,209.8002407515423,204.08972229572925,0.2833962753237529,-5.7612137626999935,2.773454206050008,0.9420102089643492,-0.16524651646614075,-0.016524652019143105,-1.247512103289495,-1.2475121032894856,219.133819579858,219.133819579858,220.3813316831475,219.528091228461,-0.39427164860299513,-3.735663130292413,2.914727494707587,0.3339466273533704,10.791867555154974,3.605796942980784,37.51892301686005,24.112497099042514,0.16261449212200674,0.0,-9.93963667483058,0.23656298916179708
P100_1100,420000,81,Omega_safe_one_step_QP,25.27442759964877,50.21804136023876,1.6883531401599612,-0.02503033384446947,0.9342936277389526,False,False,-0.9342936277389526,-0.09342936426401138,-5.718659159197892,-5.718659159197892,207.67781463388704,207.67781463388704,213.39647379308494,207.7086011578088,-0.030786523921761955,-6.120837066854256,2.4138309018957456,0.9342936426401136,-0.24603351950645447,-0.024603351950645447,-1.7409442832785096,-1.7409442832784963,219.4510738346267,219.4510738346267,221.1920181179052,220.34119139851242,-0.8901175638857239,-3.8167317737681845,2.8336588512318155,0.4561348259376624,11.941090688604605,3.776276869335847,44.67239645938966,26.194095832274375,0.040261145302800116,0.0,-2.2626848237941886,0.5340705383314344
P100_1100,420000,82,Omega_safe_one_step_QP,25.24514767643161,50.22170504878835,-12.867632888682238,0.19087744722542407,0.9487547278404236,False,False,-0.9487547278404236,-0.09487547725439072,-6.356379394503714,-6.356379394503703,212.82879798411892,212.82879798411892,219.18517737862263,213.4757585369506,-0.646960552831672,-6.699707425408024,1.834960543341976,0.9487547725439052,-0.12664128839969635,-0.01266412902623415,-1.2625661199425313,-1.2625661199425278,221.36801359059797,221.36801359059797,222.6305797105405,221.7748443742265,-0.40683078362852143,-3.9605879330317144,2.6898026919682856,0.3187824992881979,10.594250219956594,6.520364617297658,33.75508741448474,24.995715360708033,-0.20137275916515662,0.0,12.824907177669957,0.24409847017710717
P100_1100,420000,83,Omega_safe_one_step_QP,25.261637957116378,50.22407873146926,0.25542509056958806,-0.004041028334557232,0.9317089915275574,False,False,-0.9317089915275574,-0.0931709036231041,-5.942131936694997,-5.942131936694992,210.02266225367808,210.0226622536781,215.96479419037308,210.1252533156739,-0.10259106199578127,-6.377669106583072,2.1569988621669283,0.93170903623104,-0.1259283572435379,-0.012592836283147335,-1.1958673061842027,-1.1958673061841938,220.87494427172575,220.87494427172575,222.07081157790995,221.19342768365493,-0.3184834119291793,-3.90461111976866,2.7457795052313405,0.3062705272055483,7.4863832487783135,2.865569257023778,37.37794384068003,26.479282637373345,0.009879003050095037,0.0,-0.45639414077686524,0.1910900471575303
P100_1100,420000,84,Omega_safe_one_step_QP,25.298334277234304,50.226269834571745,16.193231785194257,-0.2589152098312839,0.9398987293243408,False,False,-0.9398987293243408,-0.09398987144231796,-5.317371143319391,-5.31737114331939,203.4446059712804,203.4446059712804,208.76197711459977,202.86102880333127,0.5835771679491302,-5.657387399005741,2.8772805697442596,0.9398987144231792,-0.13933050632476807,-0.013933050446212292,-1.136889046016705,-1.1368890460167,219.51311433757115,219.51311433757115,220.65000338358786,219.76073447037948,-0.24762013280832207,-3.7625303003364503,2.88786032466355,0.30216076822425536,8.46570194496423,7.003999930502822,43.30246335887492,27.29827775155959,0.26842611230881097,0.0,-16.610229977188283,0.1485720796850103
P100_1100,420000,85,Z_mode_existing_controller,25.344061934190325,50.22862382600321,58.363849524830584,-0.9601726867419186,0.9461208581924438,False,False,-0.9461208581924438,-0.09461208432912827,-3.4780548454805134,-3.4780548454805107,196.29758473082293,196.29758473082293,199.77563957630343,193.9303424619393,2.3672422688836434,-3.6761211531725264,3.4632957787891154,0.946120843291282,-0.008104796521365643,-0.0008104796870611608,-0.1495135716694275,-0.14951357166942092,218.70815865232004,218.70815865232004,218.85767222398945,217.97544482094077,0.7327138313792716,-0.6072241742754312,0.40481612279545515,0.2462246695758245,8.782975122532225,4.756292452598798,36.52999447539562,29.080299591871118,0.9439665032295057,0.0,-58.868187729232886,-0.4396282988275573
P100_1100,420000,86,Z_mode_existing_controller,25.360984465103133,50.23059823652638,43.22324463739915,-0.6821138301422658,0.9145673513412476,False,False,-0.9145673513412476,-0.09145673364400864,-3.3665591181163066,-3.3665591181162995,192.5980231585033,192.5980231585033,195.9645822766196,190.97010225806255,1.6279209004407562,-3.6810401858659114,3.45837674609573,0.9145673364400843,0.006755591835826635,0.0006755592185072601,-0.04774537278743468,-0.047745372787445436,218.12106941978823,218.12106941978823,218.16881479257566,217.42895297468405,0.6921164451041761,-0.6072241742754312,0.40481612279545515,0.07862890644038915,12.021820194084075,5.017306260352669,38.59858663568572,26.736765379594985,0.6993040353689253,0.0,-43.50727880570594,-0.4152698670625057
P100_1100,420000,87,Omega_safe_one_step_QP,25.326983130094863,50.23156905672247,-6.495026949979547,0.10627365734914365,0.9293392300605774,False,False,-0.9293392300605774,-0.09293392300605774,-4.650540694638004,-4.650540694638019,197.57893100889856,197.57893100889856,202.22947170353657,197.97892688429147,-0.3999958753929036,-5.004136857899421,3.53053111085058,0.9293392300605802,-0.004696841351687908,-0.0004696841351687908,-0.33085968049238434,-0.330859680492377,219.24266975538603,219.24266975538603,219.5735294358784,218.95981208370483,0.28285767168119946,-3.6548829055655063,2.995507719434494,0.09052538454475721,8.190339624052426,5.431837305872604,40.46027842649908,25.752949871609705,-0.10565813977453575,0.0,6.770399692762112,-0.169714603008714
P100_1100,420000,88,Z_mode_existing_controller,25.360181453360884,50.23180897823385,25.11108554987095,-0.4220792462084073,0.9234492778778076,False,False,-0.9234492778778076,-0.09234493225812912,-3.402821829766076,-3.4028218297660633,192.35136574829184,192.35136574829187,195.75418757805792,191.38632857913356,0.9650371691583075,-3.68490370457392,3.454513227387722,0.9234493225812875,0.002351626055315137,0.00023516260262113065,-0.0778575204940006,-0.07785752049398777,218.11754261200156,218.11754261200159,218.19540013249556,217.5620910841362,0.5554515278653867,-0.6072241742754312,0.40481612279545515,0.12821874324567376,8.107642308012451,4.116028419514622,39.19799896110087,27.27608679359829,0.4050924451163107,0.0,-25.182907078267817,-0.33327091671924336
P100_1100,420000,89,Z_mode_existing_controller,25.381194558262397,50.23208172551301,16.95535249422028,-0.2854425540423589,0.8580839037895203,False,False,-0.8580839037895203,-0.08580838888883591,-3.165927192353571,-3.165927192353567,188.01761210433767,188.01761210433767,191.18353929669124,187.41029052707884,0.6073215772588298,-3.6895310975422286,3.449885834419413,0.8580838888883578,-0.010422746650874615,-0.001042274641804397,-0.1559797565420462,-0.15597975654203944,217.0896096122619,217.0896096122619,217.24558936880396,216.71339374102888,0.376215871233029,-0.6072241742754312,0.40481612279545515,0.25687343019266634,8.957029051580463,5.534591126753814,43.776940004790426,26.91001999098975,0.27456166659571046,0.0,-17.004184638075458,-0.22572952273984015
P100_1100,420000,90,Omega_safe_one_step_QP,25.39695634865505,50.232008019945035,8.220511036384778,-0.14118637438367826,0.8525588512420654,False,False,-0.8525588512420654,-0.08525588363409042,-3.0271820221122168,-3.027182022112224,184.66793707688856,184.66793707688856,187.69511909900078,184.42463133300538,0.24330574388318382,-3.5507015974458414,4.9839663713041595,0.8525588363409063,-0.050530966371297836,-0.005053096916526556,-0.2827255600179266,-0.2827255600179136,216.22248528373817,216.22248528373817,216.5052108437561,216.0591432277757,0.16334205596245965,-3.348051046353273,3.302339578646727,0.08444481762781389,8.46437653642818,4.39283494002233,36.24220264804246,23.822797098522575,0.1345540051456382,0.0,-8.257059807953738,-0.09800523357748148
P100_1100,420000,91,Omega_safe_one_step_QP,25.40697183504657,50.22894571524657,19.129343341389358,-0.3086247773551923,0.7825502157211304,False,False,-0.7825502157211304,-0.07825502008199692,-2.6336909489155444,-2.633690948915557,183.20964536265967,183.20964536265967,185.84333631157523,182.54684722501574,0.6627981376439323,-3.3655233187032856,5.169144650046715,0.7825502008199726,-0.08701718598604202,-0.008701718412339687,-0.4257336940710573,-0.42573369407106815,215.49848303182807,215.49848303182807,215.92421672589913,215.47269594447565,0.025787087352426852,-3.289951634567579,3.3604389904324212,0.12940424096144051,12.753889227658801,4.331760200025909,40.95337560904283,26.511428251838417,0.3143600340558521,0.0,-19.428231123034493,-0.015472252411456111
P100_1100,420000,92,Z_mode_existing_controller,25.347252161218893,50.22869070866907,-2.748073232166462,0.04357308004371565,0.933373212814331,False,False,-0.933373212814331,-0.09333731979131699,-3.445857583423461,-3.4458575834234715,194.25831695233381,194.25831695233381,197.7041745357573,194.4837747442976,-0.2254577919637768,-3.6918325822165117,3.44758434974513,0.9333731979131726,-0.008589235134422779,-0.0008589235367253423,-0.15143693140384842,-0.1514369314038585,218.28206998780513,218.28206998780513,218.43350691920898,217.9937682372583,0.2883017505468217,-0.6072241742754312,0.40481612279545515,0.24939213196602433,10.890487493442851,6.46936822614716,41.41646454895984,25.088827805130705,-0.04418606862083152,0.0,2.965240351115426,-0.17298105032807598
P100_1100,420000,93,Z_mode_existing_controller,25.34664612211168,50.22887031405092,-13.642543968617247,0.21933189698348105,0.9440003037452698,False,False,-0.9440003037452698,-0.09440003335475922,-3.4893961038904844,-3.489396103890483,193.91334243329288,193.91334243329288,197.40273853718335,194.59780555930146,-0.6844631260085805,-3.696392871787652,3.4430240601739897,0.9440003335475914,-0.005641015246510506,-0.0005641015595756471,-0.13295572876305534,-0.13295572876306194,218.25692027074223,218.25692027074223,218.38987599950528,218.023590089769,0.23333018097324043,-0.6072241742754312,0.40481612279545515,0.21895658044528785,9.997847545845326,4.031228920863612,35.427932416730634,25.524742814169777,-0.2208819771005217,0.0,14.003424054300922,-0.13999810858393857
P100_1100,420000,94,Z_mode_existing_controller,25.335922261520036,50.22855353647746,-21.741667633456018,0.35207312319938955,0.9481137990951538,False,False,-0.9481137990951538,-0.09481137990951538,-3.508904941279878,-3.5089049412798703,195.59475891123128,195.59475891123128,199.10366385251115,196.6340133906956,-1.0392544794643186,-3.7009322558417073,3.438484676119934,0.9481137990951515,-0.00236070086248219,-0.00023607008915860206,-0.11161239902894235,-0.11161239902892847,218.63375679471054,218.63375679471054,218.74536919373946,218.4395297761702,0.19422701854034585,-0.6072241742754312,0.40481612279545515,0.1838075685344868,9.113072835821704,6.561613488270703,40.83740835709728,26.936478737983553,-0.3523001725140098,0.0,22.210504017093626,-0.1165362111242132
P100_1100,420000,95,Z_mode_existing_controller,25.362270384676076,50.22950471211972,-27.823733820324378,0.4470724625345271,0.9357754588127136,False,False,-0.9357754588127136,-0.0935775488615036,-3.467434719730829,-3.4674347197308277,190.0193338301587,190.0193338301587,193.48676854988952,191.28594326615308,-1.2666094359943827,-3.7054130631939226,3.434003868767719,0.9357754886150353,0.0006419903365895152,6.419903365895152e-05,-0.0904456700029227,-0.09044567000291819,217.52020180647958,217.5202018064796,217.6106474764825,217.35425592595092,0.16594588052868176,-0.6072241742754312,0.40481612279545515,0.14894938942581176,10.825762560272192,3.592556022498277,40.10981562596741,22.874974807966222,-0.45023196925583164,0.0,28.373533317898364,-0.09956752831720905
P100_1100,420000,96,Z_mode_existing_controller,25.33261055729571,50.22755531811854,-33.40029258328559,0.5263106966646058,0.937343418598175,False,False,-0.937343418598175,-0.09373434633016586,-3.477300351652859,-3.4773003516528496,195.48212983201205,195.48212983201208,198.95943018366492,196.98415280783365,-1.5020229758215748,-3.7097397995443044,3.4296771324173374,0.9373434633016561,-0.006310848519206047,-0.0006310848402790725,-0.13672529348295326,-0.13672529348295256,218.54049594800728,218.54049594800728,218.67722124149023,218.4638318943384,0.0766640536688783,-0.6072241742754312,0.40481612279545515,0.22516444383344866,10.66207231716275,4.304433449166889,38.607153136355436,21.80406779843617,-0.5399230273405848,0.0,33.98621404282767,-0.04599843220134403
P100_1100,420000,97,Omega_safe_one_step_QP,25.315981281129087,50.225656222224295,-68.57955587842116,1.0540655533817187,0.9485060572624207,False,False,-0.9485060572624207,-0.09485060721635818,-4.712273343633148,-4.712273343633147,197.1568332233464,197.1568332233464,201.86910656697955,200.07385225438549,-2.917019031039075,-4.968100344243718,3.566567624506283,0.9485060721635818,-0.07323168963193893,-0.007323169149458408,-0.6586826486252056,-0.6586826486252066,218.5402943118499,218.5402943118499,219.1989769604751,219.02114319651957,-0.48084888466968323,-3.617427658025175,3.0329629669748255,0.18208592151495698,11.488068395943614,5.523563453621791,45.16009644343741,23.795290422540106,-1.1055587530369095,0.0,69.39660530065612,0.2885093308018156
P100_1100,420000,98,Omega_safe_one_step_QP,25.30201924788781,50.22603301987701,-59.14057137005602,0.913864859416871,0.9334015250205994,False,False,-0.9334015250205994,-0.09334015101194382,-4.905238751329598,-4.905238751329588,199.83515508786917,199.83515508786917,204.74039383919876,202.37934947208097,-2.5441943842118064,-5.255229071465639,3.2794388972843627,0.9334015101194358,-0.2805047035217285,-0.02805047109723091,-1.7923175673523888,-1.7923175673523881,218.03089057704736,218.03089057704736,219.82320814439976,219.55433884040139,-1.5234482633540267,-3.6798507764176396,2.9705398485823604,0.48706256754716065,10.613652811314534,5.733194591342347,40.17486343475592,26.112106515555777,-0.9421893254834046,0.0,59.16869173752639,0.9140689580124217
P100_1100,420000,99,Omega_safe_one_step_QP,25.303088029790075,50.22757765993197,-47.67144042419568,0.7562148607848297,0.9499713778495789,False,False,-0.9499713778495789,-0.09499713778495789,-4.982048941785264,-4.982048941785256,199.65025469186062,199.65025469186062,204.63230363364588,201.7718886334583,-2.121633941597679,-5.2444200509103505,3.2902479178396504,0.9499713778495773,-0.2785866856575012,-0.027858668938279152,-1.7934384750825922,-1.7934384750826058,218.0848891681789,218.08488916817888,219.87832764326149,219.52701659876976,-1.4421274305908867,-3.685362726303813,2.9650278986961873,0.48663825199136146,9.155820371003962,3.9310367198823606,36.73752965097503,22.860334468186807,-0.75706085744687,0.0,47.56322482328869,0.8652764583545149
P100_1100,420000,100,Omega_safe_one_step_QP,25.31067178652738,50.226461533449395,-36.12241948318842,0.5462674953591639,0.9536616206169128,False,False,-0.9536616206169128,-0.09536616504192352,-4.871362964246864,-4.871362964246863,198.39736149077876,198.39736149077876,203.26872445502562,199.97972048300701,-1.5823589922282508,-5.108062133048325,3.4266058357016758,0.953661650419235,-0.05784592032432556,-0.005784592125564814,-0.6099271950947508,-0.6099271950947616,218.90246982463617,218.90246982463614,219.5123970197309,219.0892615065187,-0.18679168188256767,-3.648769663950756,3.0016209610492446,0.16715968703663098,12.518386363758133,6.028058768687229,40.792428083404864,27.01670432790379,-0.5803201330494971,0.0,36.59066460710801,0.1120750091295406
P100_1100,420000,101,Omega_safe_one_step_QP,25.28565991796193,50.22890287262169,-36.256769853408514,0.5666478915280039,0.9358759522438049,False,False,-0.9358759522438049,-0.09358759969472885,-5.250134188081149,-5.250134188081152,203.03657820955334,203.03657820955334,208.2867123976345,204.66912370439118,-1.6325454948378422,-5.609860927309212,2.924807041440789,0.935875996947289,-0.30742061138153076,-0.030742062255740166,-2.0167895934817865,-2.01678959348179,218.69731361294427,218.69731361294424,220.71410320642605,220.2383345415642,-1.5410209286199574,-3.7689402826202687,2.8814503423797317,0.5351078664689438,9.41168068913997,5.362366255618176,42.61366020583631,23.621771250457794,-0.5703918474718961,0.0,35.90254914370871,0.9246125571719688
P100_1100,420000,102,Omega_safe_one_step_QP,25.30511005721667,50.22925395925201,-21.3104246362318,0.32592910005753734,0.94693523645401,False,False,-0.94693523645401,-0.09469352662563324,-4.959450805025862,-4.95945080502585,199.60235706739056,199.60235706739056,204.5618078724164,200.59902080103595,-0.9966637336453914,-5.2373704747874035,3.2972974939625974,0.9469352662563297,-0.11514962464570999,-0.011514962650835514,-0.9456620449973169,-0.9456620449973165,218.98270057537727,218.98270057537727,219.92836262037457,219.39384813035613,-0.4111475549788679,-3.690366224015123,2.960024400984877,0.25625154458747323,11.652733636349627,4.854635784065705,36.53606153405965,29.13070028438178,-0.3376615043432878,0.0,21.40139760758757,0.24668853298732074
P100_1100,420000,103,Omega_safe_one_step_QP,25.280442999457286,50.232541360932686,-27.999700292302805,0.42590446657912695,0.9493507742881775,False,False,-0.9493507742881775,-0.09493508189916611,-5.440644572860514,-5.440644572860517,204.0565635107866,204.0565635107866,209.4972080836471,205.30724582625916,-1.2506823154725737,-5.730910495910473,2.8037574728395276,0.9493508189916615,-0.3738234043121338,-0.0373823419213295,-2.4111419851490448,-2.4111419851490434,218.75010312957053,218.75010312957053,221.16124511471958,220.58949553138538,-1.8393924018148482,-3.8136544734496227,2.8367361515503777,0.6322392345544762,10.898382086469804,4.668113734466848,37.022156163435085,25.884737943326506,-0.43264561919044553,0.0,27.328710470404076,1.1036354410888976
P100_1100,420000,104,Omega_safe_one_step_QP,25.269846568748196,50.23443910314786,-25.763347262432944,0.39391157208692995,0.9485206604003906,False,False,-0.9485206604003906,-0.09485206753015518,-5.642251145553933,-5.642251145553923,206.0305979889809,206.0305979889809,211.67284913453483,207.21201136442593,-1.1814133754450324,-5.948474600999246,2.5861933677507563,0.9485206753015499,-0.3056735694408417,-0.030567357316613197,-2.1091723574235006,-2.109172357423492,219.61569381972723,219.61569381972723,221.72486617715072,221.1064383843167,-1.4907445645894768,-3.8700165796927366,2.7803740453072634,0.5450034422309766,10.162446804754147,5.934477903955411,39.044707900613936,24.298255993451928,-0.3999449416583829,0.0,25.268845465338018,0.8944467387536861
P100_1100,420000,105,Omega_safe_one_step_QP,25.28395389578664,50.235617764436476,-12.051270349230435,0.1862638481347042,0.9412736296653748,False,False,-0.9412736296653748,-0.0941273644566536,-5.346113603996137,-5.346113603996133,203.63858246518421,203.63858246518421,208.98469606918036,204.26245544238733,-0.6238729772031206,-5.679659294463797,2.855008674286204,0.941273644566535,-0.20306743681430817,-0.020306743681430817,-1.5220856551355535,-1.5220856551355548,219.6863047403777,219.6863047403777,221.20839039551325,220.54494301117688,-0.8586382707991902,-3.81836900152899,2.832021623471011,0.39862193898129433,10.170917357967737,5.330460544786413,38.90426260461882,26.501757656224985,-0.18330676521717137,0.0,11.719394151967208,0.5151829624795141
P100_1100,420000,106,Omega_safe_one_step_QP,25.29078584024982,50.23773202663657,-6.621055429797707,0.10334529976179704,0.9505327939987183,False,False,-0.9505327939987183,-0.0950532779097557,-5.278262147688998,-5.278262147688996,202.43935309636407,202.43935309636407,207.71761524405306,202.8273866369496,-0.38803354058552486,-5.552951211951069,2.9817167567989316,0.9505327790975567,-0.2857290804386139,-0.02857290767133236,-1.9421542275368564,-1.9421542275368582,219.1071533647338,219.1071533647338,221.04930759227065,220.3566354214774,-1.2494820567436022,-3.8024607212047297,2.847929903795271,0.5107624693415709,9.91212727703872,6.997048217702059,39.83605419331941,28.28418373192985,-0.09137234639430503,0.0,5.962738542145416,0.7496892340461727
P100_1100,420000,107,Omega_safe_one_step_QP,25.314637504871484,50.24073648711391,9.479146455202681,-0.15086044733248272,0.9365417957305908,False,False,-0.9365417957305908,-0.09365417808294296,-4.766492164892182,-4.766492164892181,198.31621344786842,198.31621344786842,203.0827056127606,198.06342639488258,0.2527870529858376,-5.089460248821823,3.4452077199281783,0.9365417808294295,-0.019294414669275284,-0.0019294414669275284,-0.4700277335472979,-0.47002773354729643,219.7521412358351,219.75214123583513,220.2221689693824,219.50577957317364,0.24636166266148507,-3.7197468589159075,2.930643766084093,0.12636013991669381,9.825767269383547,4.391231765349193,42.9049071094359,23.957686511335755,0.15555410430546246,0.0,-9.486883561910872,-0.14781699759689104
P100_1100,420000,108,Omega_safe_one_step_QP,25.316128510725957,50.24064415301067,9.397310429839308,-0.14890882086833537,0.9458938241004944,False,False,-0.9458938241004944,-0.09458938241004944,-4.79588693625705,-4.795886936257055,198.09438607313194,198.09438607313194,202.890273009389,197.8469894164215,0.24739665671043554,-5.0702169884846615,3.4644509802653385,0.9458938241004957,-0.013147254474461079,-0.0013147254940122366,-0.4363713444168339,-0.4363713444168263,219.7295250116239,219.72952501162393,220.16589635604075,219.44456508242584,0.2849599291980951,-3.7141195975817407,2.9362710274182593,0.11748984731158017,10.136913550911164,4.812564518602141,41.31296701683765,23.2562778022152,0.15394331319792443,0.0,-9.380277785518956,-0.17097595751886274
P100_1100,420000,109,Omega_safe_one_step_QP,25.315437505137254,50.24006554379219,10.325922004228232,-0.16290502031281928,0.9378015398979187,False,False,-0.9378015398979187,-0.09378015249967575,-4.777495828943849,-4.777495828943852,198.35417799367738,198.35417799367738,203.13167382262122,198.06832859462628,0.2858493990511022,-5.094357069807886,3.440310898942115,0.9378015249967582,-0.014170943759381771,-0.0014170943759381771,-0.43935435672914147,-0.4393543567291519,219.73504513160773,219.73504513160773,220.1743994883369,219.44900423335355,0.28604089825418555,-3.714969910811354,2.9354207141886466,0.1182659260443906,10.358703015805828,6.416542198080865,40.934438655993695,24.71856162411189,0.16907410148560942,0.0,-10.323371566762034,-0.17162453895249996
P100_1100,420000,110,Z_mode_existing_controller,25.325178414330377,50.24044814419447,41.77491357757117,-0.665428541461084,0.9389980435371399,False,False,-0.9389980435371399,-0.09389980882406235,-3.4729544987354055,-3.4729544987354033,197.83028412869274,197.83028412869277,201.30323862742816,196.22970736524462,1.6005767634481458,-3.698574621427176,3.4408423105344657,0.9389980882406227,-0.012454766780138016,-0.0012454766547307372,-0.17764779504533673,-0.1776477950453409,219.61850914005345,219.61850914005345,219.7961569350988,219.06836714172542,0.55014199832803,-0.6072241742754312,0.40481612279545515,0.2925571849265038,10.193301747890589,4.401897833640728,40.09833153707208,23.867987169079715,0.677251722176436,0.0,-42.12208010075028,-0.3300851989968123
P100_1100,420000,111,Omega_safe_one_step_QP,25.31940789887883,50.240121381367864,-4.753626820075624,0.07091556472270809,0.9411062002182007,False,False,-0.9411062002182007,-0.09411062300205231,-4.6909556574601385,-4.690955657460153,197.34227129925412,197.3422712992541,202.03322695671426,197.66856638580646,-0.3262950865523635,-4.984512383217187,3.550155585532814,0.9411062300205256,-0.008880303241312504,-0.0008880303357727826,-0.3913470054033842,-0.39134700540338563,219.55211155194007,219.55211155194007,219.94345855734346,219.3353294745273,0.21678207741277333,-3.6918758177120115,2.958514807287989,0.10600221262206957,13.930194673618798,4.354705659927922,36.01667294223433,24.079538534011288,-0.07398800406659234,0.0,4.957684070590403,-0.13006924644767537
P100_1100,420000,112,Omega_safe_one_step_QP,25.25096438592875,50.24048690533886,-36.71519246833577,0.560228630765005,0.9613433480262756,False,False,-0.9613433480262756,-0.09613433480262756,-6.0983906265801355,-6.098390626580144,209.52584735134923,209.52584735134923,215.62423797792937,211.16857182702987,-1.6427244756806374,-6.343613485338699,2.191054483411301,0.9613433480262769,-0.3829355239868164,-0.03829355165362358,-2.627525848407994,-2.627525848407982,220.2298539623997,220.22985396239972,222.85737981080769,222.2354886597701,-2.0056346973703967,-3.9832679430584355,2.6671226819415654,0.6596407487442367,9.409797566306306,4.716596173843947,40.746868121078705,23.83181274914349,-0.573243427813404,0.0,36.08505507772679,1.2033808184222323
P100_1100,420000,113,Omega_safe_one_step_QP,25.269947984511425,50.241815387645715,-12.657830680444931,0.19827906080015822,0.9135911464691162,False,False,-0.9135911464691162,-0.09135911613702774,-5.461316270117026,-5.461316270117036,206.50534537206363,206.50534537206363,211.96666164218067,207.1765392285266,-0.6711938564629634,-5.977855851763829,2.5568121169861713,0.9135911613702792,-0.10098085552453995,-0.01009808573871851,-1.0619745111794963,-1.0619745111794914,221.08073285354556,221.08073285354556,222.14270736472506,221.4632579977582,-0.38252514421265005,-3.91180069845017,2.7385899265498304,0.27147970795144005,8.718481011696882,5.891956508919494,36.797630310217315,24.198465143705494,-0.19846302972186658,0.0,12.626778623638529,0.22951508652758434
P100_1100,420000,114,Omega_safe_one_step_QP,25.304424521568816,50.242377329627864,0.7605211655436506,-0.011700330033693916,0.9563706517219543,False,False,-0.9563706517219543,-0.09563706815242767,-5.075814551881631,-5.075814551881627,200.18600413022813,200.18600413022813,205.26181868210975,200.2914458285625,-0.10544169833437422,-5.307371555756738,3.2272964129932626,0.9563706815242756,-0.061745770275592804,-0.006174576934427023,-0.747872601485712,-0.7478726014857231,219.98531342487595,219.98531342487595,220.73318602636166,220.02275688108446,-0.03744345620850709,-3.770848564613833,2.879542060386167,0.19833005454100266,11.363013836735453,3.4423039930146766,38.9463434617476,21.83543386656615,0.017209511305154024,0.0,-0.8001967505751963,0.022466073725098568
P100_1100,420000,115,Omega_safe_one_step_QP,25.272448971830357,50.24143785562747,-12.044570660102181,0.19521920869150114,0.9536097645759583,False,False,-0.9536097645759583,-0.09536097943782806,-5.672522950228173,-5.672522950228161,206.00031893925583,206.00031893925583,211.672841889484,206.63602199168804,-0.6357030524322056,-5.948473876494162,2.5861940922558393,0.9536097943782789,-0.29786762595176697,-0.029786763712763786,-2.101213594670682,-2.10121359467068,219.9375481346056,219.93754813460563,222.0387617292763,221.3170108640612,-1.379462729455554,-3.901406134905297,2.748984490094704,0.538578533486026,6.848323090547818,5.165150825635794,38.2885510937926,24.017520097827035,-0.17951019521450284,0.0,11.396403217643638,0.8276776376733324
P100_1100,420000,116,Z_mode_existing_controller,25.330331141805353,50.241390730458555,46.75608594320056,-0.738148288557056,0.9299437403678894,False,False,-0.9299437403678894,-0.09299437701702118,-3.4386681636743006,-3.438668163674298,196.9183977843188,196.9183977843188,200.3570659479931,195.13792063944888,1.7804771448699341,-3.6977162211053973,3.4417007108562445,0.9299437701702108,0.0019327899208292365,0.0001932789891725406,-0.08129309100223733,-0.0812930910022415,219.52824769400948,219.52824769400948,219.60954078501172,218.85415890375975,0.6740887902497263,-0.6072241742754312,0.40481612279545515,0.133876572188919,10.990349691075545,4.329173845316833,35.84193368103209,30.42154977087567,0.7572800422752763,0.0,-47.1089127113255,-0.4044532741498301
P100_1100,420000,117,Omega_safe_one_step_QP,25.30860437669516,50.24475712109396,-7.038402854167543,0.11674216688238444,0.9466559290885925,False,False,-0.9466559290885925,-0.09466559439897537,-4.923002345163792,-4.923002345163789,199.26923571794373,199.26923571794373,204.1922380631075,199.719335028108,-0.4500993101642621,-5.200413493856514,3.334254474893487,0.9466559439897533,-0.010423543862998486,-0.0010423543862998486,-0.4666449352782299,-0.46664493527822026,220.1658019409228,220.1658019409228,220.63244687620102,220.00285626735925,0.1629456735635415,-3.7607746495977668,2.8896159754022337,0.12408213167681563,7.018940244773355,5.527556374950801,38.39004622084551,26.723996707437408,-0.11322195539135471,0.0,7.24939221369641,-0.0977674041381249
P100_1100,420000,118,Z_mode_existing_controller,25.360811307507422,50.245362256537874,35.24337686758281,-0.5815119139521394,0.8879973888397217,False,False,-0.8879973888397217,-0.08879973739385605,-3.286542410310142,-3.28654241031014,190.7071833853162,190.7071833853162,193.99372579562635,189.3630128584374,1.3441705268787985,-3.701072217965292,3.43834471399635,0.8879973739385597,-0.01390064600855112,-0.001390064600855112,-0.18207740960978908,-0.1820774096097981,218.29706816463664,218.2970681646366,218.47914557424642,217.82229048434783,0.4747776802887813,-0.6072241742754312,0.40481612279545515,0.29985204364938456,9.683939855613387,5.731205031033267,34.19050579739401,24.972802919515402,0.571604523608773,0.0,-35.53011478301778,-0.28486660817327447
P100_1100,420000,119,Z_mode_existing_controller,25.36583354449069,50.24401280401767,22.548579528434857,-0.3786942538742385,0.8547942042350769,False,False,-0.8547942042350769,-0.08547942340373993,-3.1671940931330815,-3.167194093133088,189.47215898074577,189.47215898074577,192.63935307387885,188.6412724961288,0.8308864846169683,-3.7052122803562453,3.4342046516053957,0.8547942340374008,-0.0367271825671196,-0.0036727183032780886,-0.3301345954578684,-0.33013459545788126,217.79110745506307,217.79110745506307,218.12124205052095,217.57138422287957,0.21972323218349743,-0.6072241742754312,0.40481612279545515,0.5436782813395293,8.819837656145072,6.4097853421934445,44.90747692608882,25.03629572959561,0.3674636630827912,0.0,-22.78420925220871,-0.13183393931009846
P100_1100,420000,120,Omega_safe_one_step_QP,25.391630390781906,50.24304424516864,14.033556639592462,-0.23526267184769264,0.8647230267524719,False,False,-0.8647230267524719,-0.08647230267524719,-3.028421587115013,-3.028421587115013,184.1815497359471,184.1815497359471,187.20997132306212,183.7265974535375,0.4549522824096073,-3.5021868198519734,5.032481148898027,0.864723026752472,-0.03559793904423714,-0.0035597940441221,-0.24053174514832992,-0.24053174514833972,216.67314941051066,216.67314941051066,216.913681155659,216.45127725216136,0.2218721583492993,-3.388898077543565,3.261492547456435,0.07097638808974999,10.103899197204617,5.037820181092054,43.31134860757871,27.709007394881404,0.22953602550247965,0.0,-14.129969370085746,-0.1331232950095682
P100_1100,420000,121,Omega_safe_one_step_QP,25.382570300019765,50.243132783839954,10.45649811901967,-0.17520422397918978,0.8582448363304138,False,False,-0.8582448363304138,-0.08582448214292526,-3.1686331989912366,-3.1686331989912295,185.93939207217645,185.93939207217647,189.1080252711677,185.62400265266663,0.3153894195098417,-3.691992214662533,4.842675754087468,0.8582448214292507,-0.07475019991397858,-0.0074750198982656,-0.47842890318303904,-0.4784289031830321,216.8354552769123,216.8354552769123,217.31388418009536,216.8501790358345,-0.014723758922173147,-3.4289183799871994,3.221472245012801,0.13952764404523918,9.66237647184078,5.459414556773573,38.31754846668645,23.8819317615585,0.1735333895097,0.0,-10.638865763881768,0.00883425535329252
P100_1100,420000,122,Omega_safe_one_step_QP,25.38336320992523,50.24070119089942,8.90595004084662,-0.15415589552496006,0.8798874020576477,False,False,-0.8798874020576477,-0.08798874169588089,-3.247042945729544,-3.247042945729538,185.84399665848693,185.84399665848693,189.09103960421646,185.5820757443142,0.2619209141727197,-3.6902936479674096,4.844374320782592,0.8798874169588073,-0.0682171881198883,-0.0068217189982533455,-0.43312192074707445,-0.4331219207470851,216.72712570513744,216.72712570513744,217.16024762588452,216.69093423275604,0.036191472381403855,-3.4135547245661173,3.2368359004338827,0.12688295799978347,7.747447425451128,5.868010482540448,37.45423570298139,24.22207333444653,0.14713129354914445,0.0,-9.031366450966743,-0.021714883428842313
P100_1100,420000,123,Omega_safe_one_step_QP,25.415913052901804,50.237952860161194,27.689985236046596,-0.4795940551710551,0.8199573159217834,False,False,-0.8199573159217834,-0.08199573308229446,-2.511278668292187,-2.5112786682921953,180.30376776038236,180.30376776038236,182.81504642867455,179.25887660909427,1.044891151288084,-3.0626943304132177,5.471973638336784,0.8199573308229471,-0.026755809783935547,-0.0026755810249596834,-0.08813624040471778,-0.08813624040470833,215.56351618781216,215.56351618781216,215.65165242821686,215.17261010803705,0.3909060797751067,-3.262695204799351,3.387695420200649,0.027013323302483756,9.225924933703041,5.2319595812769615,36.91365658579201,26.745822751178505,0.4493094320480999,0.0,-27.904751020229014,-0.23454364786508108
P100_1100,420000,124,Omega_safe_one_step_QP,25.416569760401096,50.23618854404306,28.35975487246469,-0.48186991853943134,0.7851733565330505,False,False,-0.7851733565330505,-0.07851734012365341,-2.4045546567629446,-2.4045546567629525,180.40805323291946,180.40805323291946,182.8126078896824,179.35006942255947,1.0579838103599855,-3.062450476514003,5.472217492235998,0.7851734012365368,-0.058691348880529404,-0.005869134794920683,-0.24788355625041947,-0.24788355625041514,215.29176821205348,215.29176821205348,215.5396517683039,215.07426732313326,0.21750088892022745,-3.2514951388080546,3.3988954861919454,0.0762367912815903,10.367329438717482,5.814805015059397,42.12326119192891,20.840597583573,0.4621985256447445,0.0,-28.691452864757593,-0.13050053335214784
P100_1100,420000,125,Omega_safe_one_step_QP,25.406492474412705,50.23154231923699,16.52300560914682,-0.28114138230029834,0.8415488600730896,False,False,-0.8415488600730896,-0.0841548889875412,-2.757746261386143,-2.757746261386132,182.20024456147425,182.20024456147425,184.95799082286038,181.60336575663825,0.5968788048359954,-3.2769887698318003,5.257679198918201,0.8415488898754084,-0.23226048052310944,-0.023226048797369003,-1.1631744586249997,-1.1631744586250135,214.55759687309626,214.55759687309626,215.72077133172127,215.2714761007336,-0.7138792276373351,-3.269607095149792,3.380783529850208,0.3557535889711312,9.71914821424573,6.570320504742121,38.753982631972704,26.882010403296245,0.2786968755539192,0.0,-17.2300300212828,0.4283275365824011
P100_1100,420000,126,Omega_safe_one_step_QP,25.412491827428635,50.2304382052892,21.938866228555526,-0.3711364212667791,0.7979617714881897,False,False,-0.7979617714881897,-0.07979618012905121,-2.529711865317341,-2.5297118653173327,181.36055872170428,181.3605587217043,183.89027058702163,180.5641873248834,0.7963713968209163,-3.1702167462479265,5.3644512225020735,0.7979618012905093,-0.06944090127944946,-0.006944090127944946,-0.2933416096409916,-0.29334160964099265,215.1260168886156,215.1260168886156,215.4193584982566,214.97195974710056,0.15405714151503958,-3.2394658118033237,3.4109248131966767,0.0905524634870887,10.325842189053589,5.104931217090523,41.46966188307738,25.98775899676444,0.35836375810265864,0.0,-22.2047957017503,-0.09243428490904648
P100_1100,420000,127,Omega_safe_one_step_QP,25.39748845610575,50.22899975920672,9.496088346401848,-0.16307533191444498,0.8513233065605164,False,False,-0.8513233065605164,-0.08513233065605164,-2.960624271296361,-2.9606242712963664,184.0042111297035,184.0042111297035,186.96483540099985,183.7060257759711,0.29818535373237864,-3.477673227645748,5.056994741104253,0.8513233065605178,-0.12742897868156433,-0.012742898426949978,-0.6388833402099069,-0.6388833402098941,215.3446445244553,215.3446445244553,215.9835278646652,215.54572741940527,-0.20108289494996257,-3.295882748444185,3.354507876555815,0.19384286061495293,8.64623384072374,4.1784839259537065,37.521319096782825,27.38023243371369,0.15908975424811977,0.0,-9.775827837619545,0.12064973696999459
P100_1100,420000,128,Omega_safe_one_step_QP,25.40288804745843,50.228131951689726,15.265084611745806,-0.25356853393109413,0.8176462054252625,False,False,-0.8176462054252625,-0.08176462352275848,-2.76530881751515,-2.76530881751515,183.24315204090036,183.24315204090036,186.0084608584155,182.7241533496019,0.5189986912984637,-3.382035773387313,5.1526321953626875,0.8176462352275848,-0.09850474447011948,-0.009850475005805492,-0.46761331140820933,-0.4676133114082201,215.25202068381532,215.2520206838153,215.71963399522352,215.27571651029854,-0.023695826483248084,-3.2694933615000163,3.3808972634999845,0.14302317200414286,10.885408125398381,2.50919097216309,40.981613874319656,23.5011965152849,0.25177216576481953,0.0,-15.531074273400009,0.014217495889965903
P100_1100,420000,129,Z_mode_existing_controller,25.35705236806514,50.22560638256597,-0.5433074192469576,0.008943049611469253,0.9187447428703308,False,False,-0.9187447428703308,-0.09187447279691696,-3.3983465710007814,-3.3983465710007836,191.7716492300591,191.7716492300591,195.16999580105988,191.91477415223267,-0.14312492217356976,-3.6989018467758985,3.4405150851857433,0.9187447279691701,-0.011969970539212227,-0.0011969971237704158,-0.17238223380376116,-0.17238223380376602,217.34914700597992,217.34914700597992,217.5215292397837,217.08115740375123,0.2679896022286812,-0.6072241742754312,0.40481612279545515,0.28388565723599646,9.227101390510818,5.271333913982809,41.2549981978723,24.708543528702627,-0.008441465420910177,0.0,0.712542646005204,-0.16079376133723144
P100_1100,420000,130,Z_mode_existing_controller,25.36892102277809,50.224703257145336,-10.295115820579667,0.17291758790250564,0.9221248030662537,False,False,-0.9221248030662537,-0.0922124832868576,-3.4148762835946713,-3.4148762835946616,189.02493954514946,189.0249395451495,192.43981582874414,189.58866178865227,-0.5637222435027809,-3.703268973867197,3.4361479580944447,0.9221248328685732,-0.0017315970035269856,-0.00017315970035269856,-0.10480911531450046,-0.10480911531449413,216.79147669681,216.79147669681004,216.89628581212452,216.5267528611333,0.2647238356767332,-0.6072241742754312,0.40481612279545515,0.17260366064898086,8.572013207663323,6.947511227031028,37.83766266230605,25.31646562286613,-0.1670323835155738,0.0,10.62098250550116,-0.15883430140601718
P100_1100,420000,131,Omega_safe_one_step_QP,25.399463897464184,50.22334550074324,-4.4199469678678724,0.07460478103928908,0.8347260355949402,False,False,-0.8347260355949402,-0.0834726020693779,-2.825629087797549,-2.8256290877975556,183.21345049784807,183.21345049784807,186.03907958564562,183.51700204509262,-0.30355154724455247,-3.3850976461103253,5.149570322639676,0.8347260206937807,-0.05156399682164192,-0.005156399682164192,-0.20052433127785568,-0.2005243312778576,215.2603297556543,215.2603297556543,215.46085408693216,215.14997971009305,0.11035004556126182,-3.2436153706708817,3.4067752543291183,0.06182124215189635,9.729131116779907,6.857843969352896,38.04145444907933,27.344166515555354,-0.06969074166664768,0.0,4.555847736871328,-0.06621002733675141
P100_1100,420000,132,Omega_safe_one_step_QP,25.408247210465962,50.222620993739625,4.795211140630272,-0.07839383937972931,0.796386182308197,False,False,-0.796386182308197,-0.07963862270116806,-2.5673603727742353,-2.5673603727742353,181.85837175255924,181.85837175255924,184.42573212533347,181.77718394963335,0.08118780292588212,-3.2237629000791093,5.310905068670892,0.7963862270116806,-0.08391713351011276,-0.008391713723540306,-0.34062740259380214,-0.3406274025938084,214.72384254205934,214.72384254205934,215.06446994465315,214.73226372110128,-0.008421179041931737,-3.2039769564429803,3.4464136685570197,0.10631393646849732,12.10526703878012,3.750317159168439,38.22801671745441,20.92875899998297,0.08193326946950208,0.0,-4.882197117524811,0.005052707425164726
P100_1100,420000,133,Z_mode_existing_controller,25.350820779614452,50.21839162804862,-10.888388853130891,0.18453139720406897,0.8881135582923889,False,False,-0.8881135582923889,-0.08881136029958725,-3.2906570741858765,-3.2906570741858663,192.61316803024144,192.61316803024144,195.9038251044273,193.20997145600037,-0.5968034257589352,-3.7052208896311325,3.4341960423305085,0.8881136029958696,-0.02244284749031067,-0.0022442848421633244,-0.2387529904686117,-0.23875299046860313,217.02402903066755,217.02402903066755,217.26278202113616,216.92270564221138,0.10132338845616573,-0.6072241742754312,0.40481612279545515,0.39318755837330516,7.204237998516351,4.217120864615581,36.0297180983592,25.540358418411195,-0.17551570531777472,0.0,11.124698591522247,-0.06079403307370512
P100_1100,420000,134,Omega_safe_one_step_QP,25.38660804003178,50.2172882588097,-10.766671320973728,0.1795048502200011,0.8175009489059448,False,False,-0.8175009489059448,-0.08175009489059448,-2.967500507368659,-2.9675005073686562,185.5202608786111,185.5202608786111,188.48776138597978,186.088634718003,-0.5683738393918816,-3.629965826143739,4.904702142606262,0.8175009489059442,-0.06774455308914185,-0.006774455308914185,-0.29956428216789904,-0.2995642821678919,215.32450142078736,215.32450142078736,215.62406570295525,215.33630486635775,-0.011803445570393478,-3.25993653227319,3.39045409272681,0.09189267312483607,9.841105638812596,4.462422475225876,42.167438135030906,23.706499309557152,-0.1715445699206839,0.0,10.931133823551136,0.007082067342224718
P100_1100,420000,135,Omega_safe_one_step_QP,25.377676153000678,50.21508195126701,-15.21400700180402,0.24504718650798463,0.8674898743629456,False,False,-0.8674898743629456,-0.08674898743629456,-3.3137283922966754,-3.3137283922966727,187.07341878137842,187.07341878137842,190.3871471736751,187.81561621617206,-0.7421974347936384,-3.819904404913272,4.714763563836729,0.8674898743629446,-0.04516632482409477,-0.00451663276180625,-0.20198084211179257,-0.20198084211179118,215.69066925762863,215.69066925762863,215.89265009974042,215.57607795333797,0.11459130429065567,-3.286794971951707,3.363595653048293,0.06145221829637108,11.537095019803836,4.236144001347948,46.32180947249956,25.180289663213976,-0.24442977553410117,0.0,15.527191559913263,-0.06875478257441614
P100_1100,420000,136,Z_mode_existing_controller,25.342546668348565,50.21483393636683,-12.019841311770506,0.20253614514414137,0.9210531711578369,False,False,-0.9210531711578369,-0.09210532158613205,-3.4142288628414064,-3.4142288628414184,194.0115088847043,194.0115088847043,197.42573774754572,194.66347160204688,-0.6519627173425704,-3.7068746995781354,3.4325422323835064,0.9210532158613233,-0.009881059639155865,-0.0009881060104817152,-0.1587592856820627,-0.15875928568207434,217.21281066707655,217.21281066707655,217.37156995275862,217.02412944103952,0.1886812260370334,-0.6072241742754312,0.40481612279545515,0.2614508651133883,7.219383374055486,6.230780902484761,39.294550802655,25.7776274786921,-0.19467879890732842,0.0,12.327728846299578,-0.1132087356222371
P100_1100,420000,137,Omega_safe_one_step_QP,25.392198360930575,50.2142673087228,-6.661926096994648,0.11443935509888528,0.8186309337615967,False,False,-0.8186309337615967,-0.08186309784650803,-2.8706834642511807,-2.8706834642511723,184.38430009564516,184.3843000956452,187.25498355989635,184.79390701329157,-0.4096069176463857,-3.5066880435353984,5.027979925214602,0.8186309784650777,-0.04602848365902901,-0.004602848552167416,-0.14968987058913175,-0.14968987058913072,215.02641566473508,215.02641566473508,215.1761055353242,214.88220768640898,0.14420797832610788,-3.2151405155100865,3.435250109489914,0.046557800465334316,8.366770190038416,3.4962944652321473,40.81641631768158,28.732498853672414,-0.10679663436269493,0.0,6.855247518353281,-0.08652478699568178
P100_1100,420000,138,Omega_safe_one_step_QP,25.39887675410804,50.21444281832036,-2.073031478348639,0.03582584979959519,0.8339792490005493,False,False,-0.8339792490005493,-0.08339792490005493,-2.824189160879155,-2.8241891608791496,183.2279359314004,183.2279359314004,186.05212509227954,183.4338059431223,-0.20587001172191322,-3.386402196773717,5.148265771976284,0.8339792490005478,-0.09865275025367737,-0.009865275584161282,-0.40069824452551445,-0.40069824452551134,214.518240549801,214.518240549801,214.9189387943265,214.59828085470326,-0.0800403049022691,-3.1894238414103153,3.4609667835896847,0.1256334261138302,8.34463332696831,5.430871947481012,42.78997710725524,25.52917927762502,-0.03006251294965523,0.0,2.0550698083561656,0.04802418294136146
P100_1100,420000,139,Omega_safe_one_step_QP,25.419074757710632,50.21263629938623,15.08834541588385,-0.2567166202282138,0.7427699565887451,False,False,-0.7427699565887451,-0.07427699863910675,-2.2295661051121076,-2.2295661051121156,179.9754486604756,179.97544866047556,182.2050147655877,179.46402538447026,0.5114232760053028,-3.0016911641045305,5.532976804645471,0.7427699863910695,-0.07783562690019608,-0.0077835628762841225,-0.23512616296135802,-0.2351261629613577,213.74799879531022,213.74799879531022,213.9831249582716,213.6408286637862,0.10717013152401478,-3.095842457804823,3.554548167195177,0.07594900779546747,10.24689014959296,6.294291531537593,40.72154490861822,25.913695612489256,0.247523380426113,0.0,-15.271566717396126,-0.06430207891440887
P100_1100,420000,140,Omega_safe_one_step_QP,25.41404839786954,50.21090504646787,11.10225874835578,-0.1924978141898959,0.7581316232681274,False,False,-0.7581316232681274,-0.0758131667971611,-2.3607677671349983,-2.360767767135001,180.96661982301023,180.96661982301023,183.32738759014524,180.59589196571915,0.3707278572910866,-3.1139284465602857,5.420739522189715,0.7581316679716122,-0.178231880068779,-0.01782318763434887,-0.7644704394697184,-0.7644704394697089,213.34865852584537,213.34865852584537,214.11312896531507,213.7710507121203,-0.4223921862749478,-3.1088428585091727,3.5415477664908277,0.24590192372615008,8.825876797251432,5.460447334038129,38.5867045454182,25.894013833303056,0.1874178077485098,0.0,-11.543111867869811,0.25343531176494594
P100_1100,420000,141,Omega_safe_one_step_QP,25.423854795161315,50.208844308981305,19.064507287329434,-0.3238865346946244,0.7059953808784485,False,False,-0.7059953808784485,-0.07059954106807709,-2.0713328965576623,-2.071332896557654,179.45595381503293,179.45595381503293,181.5272867115906,178.7730995869679,0.6828542280650254,-2.9339183587048203,5.60074961004518,0.7059954106807678,-0.1238783597946167,-0.0123878363519907,-0.4563757186309997,-0.4563757186309872,213.1436990727911,213.1436990727911,213.6000747914221,213.25181898723758,-0.10811991444649038,-3.057537441119873,3.592853183880127,0.1492625118807481,10.512835353527809,6.398471247906496,42.700033543059234,24.023756506211136,0.31421068796368345,0.0,-19.443589923960644,0.06487194866789991
P100_1100,420000,142,Omega_safe_one_step_QP,25.41620339108895,50.206132980758035,9.764388355402843,-0.17287210780044088,0.7705669403076172,False,False,-0.7705669403076172,-0.07705669850111008,-2.387687730349222,-2.3876877303492083,180.78653051194405,180.78653051194408,183.17421824229328,180.46311571421393,0.3234147977301518,-3.0986115117750916,5.436056456974909,0.7705669850110966,-0.16944646835327148,-0.01694464683532715,-0.6907996828756036,-0.6907996828756022,213.0951286233421,213.0951286233421,213.7859283062177,213.44296390980173,-0.34783528645962747,-3.0761227925994357,3.574267832400565,0.22456830544526193,7.632374003373986,5.286084209449786,40.98320923457405,22.942938625719247,0.16449229341958072,0.0,-10.13758182069887,0.20870117187577364
P100_1100,420000,143,Omega_safe_one_step_QP,25.443930715578887,50.20214327216822,17.45016376964122,-0.3049923357252697,0.8316509127616882,False,False,-0.8316509127616882,-0.08316509425640106,-2.1349679367334424,-2.1349679367334367,175.72457770612385,175.72457770612385,177.85954564285728,175.11257874232547,0.6119989637983849,-2.5671442518314915,5.967523716918509,0.8316509425640086,-0.024994710460305214,-0.0024994711857289076,0.19123951358919894,0.19123951358920865,212.60270433076087,212.60270433076087,212.41146481717166,212.0599942094448,0.5427101213160768,-2.9386764436948316,3.711714181305169,0.0515232327296177,9.688170478960458,5.060651031794164,33.31380279607771,23.038688283053357,0.28129343097953097,0.0,-17.405831127830425,-0.32562607278964606
P100_1100,420000,144,Omega_safe_one_step_QP,25.430921716657696,50.19736418578061,18.176549203648392,-0.3133440837357005,0.7329310178756714,False,False,-0.7329310178756714,-0.07329310476779938,-2.0811279644599336,-2.081127964459922,178.50156931806188,178.5015693180619,180.58269728252182,177.86552945039796,0.6360398676639534,-2.839459415797946,5.695208552952055,0.73293104767799,0.037504661828279495,0.003750466275960207,0.4569042478741233,0.45690424787412853,213.16535398311615,213.16535398311615,212.70844973524203,212.3612023081083,0.8041516750078586,-2.968374935501867,3.682015689498133,0.12409079330577366,9.829447325076792,5.354452355258162,36.03901043159917,22.352230719721202,0.2905412133051186,0.0,-17.984599411948693,-0.482491005004718
P100_1100,420000,145,Omega_safe_one_step_QP,25.42138699501349,50.19283281955686,4.890942084504786,-0.08363765649057456,0.8482329845428467,False,False,-0.8482329845428467,-0.08482330292463303,-2.580989725649811,-2.5809897256498195,180.03495146531478,180.03495146531475,182.61594119096458,179.93395937930688,0.10099208600786369,-3.0427838066422193,5.491884162107782,0.8482330292463335,-0.14602801203727722,-0.014602801762521267,-0.4719689452094153,-0.47196894520940974,212.40043113319214,212.40043113319217,212.87240007840157,212.53070426486087,-0.13027313166870158,-2.9847699698178234,3.665620655182177,0.1581257349752204,9.80689557203342,5.1588640243999935,39.44363469559711,27.172034986011518,0.08377980273287733,0.0,-5.0528857662384326,0.07816387900120958
P100_1100,420000,146,Omega_safe_one_step_QP,25.413178349646152,50.19172393736258,2.3729452526686146,-0.039481134149964174,0.8465381860733032,False,False,-0.8465381860733032,-0.0846538171172142,-2.7222426913841358,-2.7222426913841495,181.62321356957779,181.62321356957779,184.34545626096192,181.61309597916153,0.010117590416257372,-3.2157353136419564,5.3189326551080445,0.8465381711721461,-0.2725188732147217,-0.027251888066530228,-1.1565486680555446,-1.1565486680555335,212.01178677139336,212.01178677139336,213.1683354394489,212.81712873388227,-0.8053419624889102,-3.0143635059225544,3.636027119077446,0.3836792297223518,11.071348403977677,5.616479202332804,45.58037306894941,25.07924333342286,0.04982569413900961,0.0,-2.9059761243006506,0.4832051774933461
P100_1100,420000,147,Omega_safe_one_step_QP,25.393333750224976,50.19043924452831,-0.41720591116791184,0.006816176441142038,0.8059015274047852,False,False,-0.8059015274047852,-0.0805901512503624,-2.9158177743522904,-2.9158177743522806,185.45310557590196,185.45310557590196,188.36892335025425,185.58042099493443,-0.12731541903247034,-3.618082022571186,4.916585946178814,0.8059015125036214,-0.08513754606246948,-0.008513755165040493,-0.2555480701909269,-0.25554807019092657,213.68864080709088,213.68864080709088,213.94418887728182,213.5818295001716,0.1068113069192691,-3.091948849705845,3.558441775294155,0.08264951414550029,11.203648787444203,5.048981536992634,46.520711218298345,28.72433593360726,-0.004361200309070057,0.0,0.48565389562827477,-0.06408678415155578
P100_1100,420000,148,Z_mode_existing_controller,25.369875481363508,50.19205077239811,-10.140219560424157,0.1703339594359647,0.9240629076957703,False,False,-0.9240629076957703,-0.09240629523992538,-3.4177551339416983,-3.4177551339416934,189.65098817300418,189.6509881730042,193.0687433069459,190.20261547645842,-0.551627303454211,-3.698617204669636,3.440799727292006,0.9240629523992523,-0.008377335965633392,-0.0008377336198464036,-0.14908908581255445,-0.14908908581255167,214.8820075019585,214.8820075019585,215.03109658777106,214.65574056943643,0.22626693252206564,-0.6072241742754312,0.40481612279545515,0.2455256100277165,8.412331249315018,6.458922902119356,41.69916063989671,24.072505605323236,-0.16432973049589972,0.0,10.440309450433233,-0.1357601595132394
P100_1100,420000,149,Omega_safe_one_step_QP,25.401090795018288,50.19033115844164,-3.7556661414137125,0.06304545287241663,0.8154975175857544,False,False,-0.8154975175857544,-0.0815497562289238,-2.8005573603664167,-2.800557360366422,183.72924695215727,183.72924695215727,186.52980431252368,184.0018805591463,-0.27263360698901806,-3.4341701187981313,5.10049784995187,0.8154975622892389,-0.05664552003145218,-0.005664552096277475,-0.07238148368091529,-0.07238148368091044,213.47327907720418,213.47327907720418,213.5456605608851,213.23052744854007,0.24275162866410938,-3.0520960180661745,3.598294606933826,0.023715336363097698,9.933330588551438,5.996623134523733,42.54251194296093,30.76474503728012,-0.06028434506946567,0.0,3.9616014636812906,-0.1456509771984713
P100_1100,420000,150,Omega_safe_one_step_QP,25.40207543546609,50.19221489805,-0.5994214626598477,0.009817829658820899,0.8127186298370361,False,False,-0.8127186298370361,-0.08127186447381973,-2.7815931073029057,-2.7815931073029057,183.63229190758784,183.63229190758784,186.41388501489075,183.7723266778499,-0.14003477026204791,-3.4225781890348377,5.112089779715164,0.8127186447381969,-0.05078298971056938,-0.005078298971056938,-0.04859578881131407,-0.048595788811313725,213.5708428378474,213.5708428378474,213.61943862665873,213.28536087923897,0.28548195860844316,-3.059473824643537,3.5909168003564633,0.015883707982687408,11.492910523191414,6.155521749243086,41.85817033255143,26.028823338658743,-0.008942292461838974,0.0,0.7796529302868294,-0.17128917516505737
P100_1100,420000,151,Omega_safe_one_step_QP,25.381128116796138,50.191584177449656,-4.765539466859082,0.07894117752594373,0.7912560701370239,False,False,-0.7912560701370239,-0.07912560552358627,-3.0432513776422665,-3.0432513776422567,187.60587024406806,187.60587024406806,190.64912162171032,187.92683222654662,-0.3209619824785648,-3.846101849716794,4.688566119033207,0.7912560552358605,-0.00796309020370245,-0.0007963090320117772,0.10083139808800684,0.10083139808800268,214.5788901446591,214.57889014465908,214.4780587465711,214.13087520343814,0.4480149412209471,-3.1453358366347732,3.505054788365227,0.02876742424189919,9.787528173775662,7.1046500677887146,42.650949630624964,26.11475397442362,-0.07873234830390174,0.0,5.1130807798954265,-0.2688089647325569
P100_1100,420000,152,Omega_safe_one_step_QP,25.396531532686275,50.19122628991913,3.809102727399477,-0.06161575227868203,0.7896723747253418,False,False,-0.7896723747253418,-0.07896723598241806,-2.8053068178990657,-2.8053068178990546,184.9077426087231,184.9077426087231,187.71304942662218,184.87153352678567,0.03620908193744299,-3.5524946302079794,4.9821733385420215,0.7896723598241777,-0.025997832417488098,-0.00259978324174881,0.058500424157039224,0.05850042415703749,213.87925663419213,213.87925663419213,213.82075621003509,213.45409404238643,0.4251625918057016,-3.0796055829811744,3.5707850420188256,0.01638307080057749,11.98784177327158,6.35401656755422,40.192935350277345,25.161045987214283,0.06146521852796383,0.0,-3.615470390844166,-0.2550975550834096
P100_1100,420000,153,Z_mode_existing_controller,25.370634736220154,50.190255815555176,-5.7757709529314525,0.09787519474787798,0.8797740936279297,False,False,-0.8797740936279297,-0.08797740936279297,-3.254116434876797,-3.2541164348768095,189.6699308974105,189.6699308974105,192.9240473322873,190.03801535851844,-0.3680844611079408,-3.698809112982376,3.4406078189792653,0.8797740936279331,0.00375226978212595,0.0003752269840333611,-0.0641463853274793,-0.06414638532747964,214.80424812643815,214.80424812643815,214.86839451176564,214.49478605718298,0.3094620692551757,-0.6072241742754312,0.40481612279545515,0.10563872132400223,7.924534433625912,4.591434604011292,39.13562283823992,22.478721317686666,-0.09437746517123191,0.0,6.055825659655966,-0.18567724155309406
P100_1100,420000,154,Omega_safe_one_step_QP,25.39577582569401,50.18729522701303,-4.85473183841259,0.08221473891719226,0.8094577789306641,False,False,-0.8094577789306641,-0.08094578236341476,-2.8681476353504083,-2.868147635350414,184.75290272384285,184.75290272384282,187.62105035919325,185.07598137534214,-0.3230786514993156,-3.543294723465086,4.991373245284915,0.8094578236341495,-0.049122534692287445,-0.0049122534692287445,-0.03719755907253888,-0.03719755907253264,213.53758642525685,213.53758642525688,213.5747839843294,213.2612908501482,0.2762955751086622,-3.055008360410606,3.595382264589394,0.012175927095509855,9.128888035552738,3.9771878338582134,40.97326527816696,21.72619437767373,-0.07870448980417422,0.0,5.099213673282065,-0.16577734506519448
P100_1100,420000,155,Omega_safe_one_step_QP,25.393628792008165,50.183579248874864,-3.3962051023263484,0.058211531048169854,0.8137338757514954,False,False,-0.8137338757514954,-0.08137338608503342,-2.929432333921099,-2.9294323339211044,185.25855324432558,185.25855324432555,188.18798557824667,185.51706646052014,-0.25851321619458645,-3.5999882453704277,4.934679723379573,0.8137338608503358,-0.09055407345294952,-0.009055407717823982,-0.2435528926707349,-0.24355289267072103,213.22891478129313,213.22891478129316,213.47246767396388,213.13796960298995,0.09094517830320115,-3.0447767293740524,3.6056138956259476,0.07999039480336242,8.318866925143526,6.075798302126653,41.704357958894775,23.747009410634675,-0.0534494291676868,0.0,3.504221638476338,-0.05456710698192069
P100_1100,420000,156,Omega_safe_one_step_QP,25.420047568543946,50.18100571568544,11.107502852102698,-0.19611528674431597,0.7806499600410461,False,False,-0.7806499600410461,-0.07806500047445297,-2.4137656030469303,-2.413765603046919,180.69428357128564,180.69428357128564,183.10804917433256,180.31897569429105,0.375307876994583,-3.091994604979018,5.442673363770982,0.7806500047445258,-0.12588976323604584,-0.012588976882398129,-0.3399037601019679,-0.33990376010197415,211.88992278850614,211.88992278850614,212.22982654860812,211.87496003282152,0.014962755684621243,-2.9205126168384767,3.7298780081615237,0.11638496548250764,7.805329909243292,3.8949319826001023,37.588083312833895,25.24962896774629,0.18273956540732694,0.0,-11.281264764099433,-0.008977653410767061
P100_1100,420000,157,Omega_safe_one_step_QP,25.43502472926872,50.178290644996835,23.06499029278166,-0.40484078124132955,0.6958103179931641,False,False,-0.6958103179931641,-0.0695810317993164,-1.9548967277657037,-1.9548967277657092,178.32845990500232,178.32845990500232,180.28335663276803,177.47570305496274,0.852756850039583,-2.809525350822565,5.725142617927436,0.6958103179931656,0.07866580039262772,0.007866580039262772,0.7448989476551183,0.7448989476551149,212.20570533387962,212.20570533387962,211.4608063862245,211.10102375892393,1.1046815749556913,-2.843610600600116,3.8067800243998846,0.195676908799726,8.846458668101086,4.7377635695180995,40.39282203303093,20.751119190288033,0.3666547059577745,0.0,-22.76883605376588,-0.6628089449734205
P100_1100,420000,158,Omega_safe_one_step_QP,25.437752526628167,50.17290597973995,14.432388376430936,-0.2426156812339033,0.8217078447341919,False,False,-0.8217078447341919,-0.08217078447341919,-2.277349026347106,-2.277349026347114,177.6255804922866,177.6255804922866,179.9029295186337,177.1618846706341,0.4636958216524931,-2.7714826394091325,5.7631853293408675,0.8217078447341941,0.025457125157117844,0.0025457125157117844,0.5612399935035872,0.5612399935035782,211.62166246433173,211.62166246433173,211.06042247082814,210.71147472922038,0.9101877351113501,-2.8035722090604804,3.84681841593952,0.14589718900638696,11.540957208577002,5.230454434727959,39.19044204877349,24.87619710196974,0.22907351110813323,0.0,-14.11534924647276,-0.5461126410668129
P100_1100,420000,159,Omega_safe_one_step_QP,25.400938333922426,50.17044221113132,-5.64553778766458,0.09432932588487697,0.8659407496452332,False,False,-0.8659407496452332,-0.08659407496452332,-3.0388744423659326,-3.038874442365941,184.2425586081665,184.2425586081665,187.28143305053243,184.56681205966316,-0.3242534514966735,-3.5093329925990053,5.025334976150995,0.8659407496452357,-0.2629842460155487,-0.02629842422902584,-1.0416953943354026,-1.0416953943353984,211.44354599597327,211.44354599597327,212.48524139030866,212.14128355445658,-0.6977375584833112,-2.946054101008532,3.7043365239914685,0.35359004234809926,10.049535998680254,4.387939191127536,38.78334390561235,24.060491223827412,-0.08188998812421389,0.0,5.308785240698853,0.4186425350899867
P100_1100,420000,160,Omega_safe_one_step_QP,25.38579268203407,50.16819801999551,-10.80297862371026,0.17890168335593196,0.8889173865318298,False,False,-0.8889173865318298,-0.08889173716306686,-3.39528105366473,-3.3952810536647204,186.9885100169494,186.9885100169494,190.3837910706141,187.55728180340606,-0.568771786456665,-3.8195687946071732,4.715099174142828,0.8889173716306662,-0.06309958547353745,-0.006309958640486002,-0.03828677489905383,-0.03828677489905799,212.97114747725723,212.97114747725723,213.0094342521563,212.64549145325137,0.32565602400586613,-2.998473387193294,3.651917237806706,0.012768755948471544,9.855640710418692,3.7734376187493126,36.646830464429826,24.51563105983433,-0.1756890948626193,0.0,11.174061332976635,-0.195393614403514
P100_1100,420000,161,Z_mode_existing_controller,25.370233815794112,50.16642134189736,-5.858870661574656,0.0953968475280639,0.9027856588363647,False,False,-0.9027856588363647,-0.09027856588363647,-3.3365367035057893,-3.3365367035058027,190.223731245146,190.223731245146,193.5602679486518,190.58259189795194,-0.35886065280593016,-3.6958237770484534,3.4435931549131875,0.9027856588363682,-0.0011978441616520286,-0.00011978441762039438,-0.09931131876004459,-0.09931131876005396,213.47709454740482,213.47709454740482,213.57640586616486,213.1880101676254,0.2890843797794105,-0.6072241742754312,0.40481612279545515,0.1635496789609158,10.169902801229284,4.4225755537930045,42.55137552378165,28.87900345203664,-0.0949003321287698,0.0,6.127221621571152,-0.17345062786765197
P100_1100,420000,162,Z_mode_existing_controller,25.359872498727732,50.16830826684107,-16.033110336871687,0.26684190179146094,0.9220677018165588,False,False,-0.9220677018165588,-0.09220676869153976,-3.411810502509835,-3.4118105025098453,191.769397094058,191.769397094058,195.18120759656784,192.57452616275773,-0.8051290686997277,-3.7001735891248937,3.439243342836748,0.9220676869154002,-0.00161434942856431,-0.00016143494576681405,-0.10402558242041879,-0.10402558242042399,213.93698075355962,213.9369807535596,214.04100633598003,213.7184396547587,0.21854109880089823,-0.6072241742754312,0.40481612279545515,0.1713133087044044,8.394365017145248,7.015564214633811,39.07984594744755,22.668184977312784,-0.260014536933479,0.0,16.424249533085458,-0.1311246592805162
P100_1100,420000,163,Omega_safe_one_step_QP,25.3961571550711,50.16595248157519,-10.317069778302539,0.1771843240869888,0.8087348341941833,False,False,-0.8087348341941833,-0.08087348192930222,-2.8681948417049394,-2.8681948417049408,184.78511607755377,184.78511607755377,187.6533109192587,185.34134975541946,-0.5562336778656913,-3.546520779471633,4.988147189278368,0.8087348192930226,-0.10450433194637299,-0.010450433008372784,-0.22343429925531164,-0.22343429925530262,212.08432676906043,212.08432676906043,212.30776106831573,212.03843821383694,0.04588855522348467,-2.928306068809238,3.7220845561907625,0.07630155250341014,8.230678721100388,4.655847777689069,41.04958084899182,22.963083436501087,-0.1654951858940379,0.0,10.510098097330228,-0.02753313313409933
P100_1100,420000,164,Omega_safe_one_step_QP,25.413618004770374,50.162821046980525,-1.5487674027044704,0.025589844137996372,0.823177695274353,False,False,-0.823177695274353,-0.0823177695274353,-2.647522349038109,-2.647522349038098,181.70280242262663,181.70280242262663,184.35032477166473,181.86832062263977,-0.165518200013139,-3.2162221647122355,5.318445804037767,0.8231776952743497,-0.18497981131076813,-0.018497981131076813,-0.563235300751122,-0.5632353007511262,210.8491954427372,210.8491954427372,211.41243074348833,211.11440397278298,-0.2652085300457827,-2.838773036326497,3.811617588673503,0.19840800710153939,11.403157527553406,3.19171283949,42.84268665984219,24.125412947556185,-0.019024266651577193,0.0,1.4086665513277694,0.1591251180274611
P100_1100,420000,165,Z_mode_existing_controller,25.364767011576287,50.160900591025246,-14.380069579752671,0.22834133740247625,0.8836008310317993,False,False,-0.8836008310317993,-0.08836008608341217,-3.271407122602054,-3.2714071226020462,190.8321590393481,190.8321590393481,194.10356616195017,191.53439380661655,-0.7022347672684361,-3.7023584602598025,3.4370584717018393,0.8836008608341194,-0.013285034336149693,-0.001328503480181098,-0.17754887138576939,-0.1775488713857784,213.19786769873164,213.19786769873164,213.3754165701174,213.06228904720004,0.13557865153160265,-0.6072241742754312,0.40481612279545515,0.2923942736595396,11.47366407249093,5.334921600476607,40.44256233332038,28.208130517405287,-0.23133601995029807,0.0,14.692752790621853,-0.08134719091896159
P100_1100,420000,166,Z_mode_existing_controller,25.341898207046995,50.162686150518006,-25.576072166086306,0.4139576989618203,0.9365559220314026,False,False,-0.9365559220314026,-0.09365559369325638,-3.471323465028525,-3.4713234650285383,194.74128805894713,194.7412880589471,198.21261152397565,195.94429139431347,-1.2030033353663612,-3.7064774544037475,3.432939477557894,0.9365559369325671,-0.002103020204231143,-0.00021030202333349735,-0.10873339879954522,-0.1087333987995584,214.25596433341204,214.25596433341204,214.3646977322116,214.10634217887522,0.14962215453681438,-0.6072241742754312,0.40481612279545515,0.1790663208185087,9.259961489464876,4.903435366661022,37.11528040618874,25.11520481711455,-0.4140039702815024,0.0,26.079849429090245,-0.0897732927221
P100_1100,420000,167,Z_mode_existing_controller,25.35157005325433,50.16236784234627,-31.960336455692413,0.49794775900944993,0.9296888709068298,False,False,-0.9296888709068298,-0.0929688885807991,-3.4499195160845035,-3.4499195160845106,192.45982470448826,192.45982470448823,195.90974422057275,193.87399550850387,-1.4141708040156402,-3.7108322673839274,3.428584664577714,0.9296888858079927,-0.0026321089826524258,-0.00026321090990677476,-0.1115480819608744,-0.11154808196086191,213.7529841588391,213.75298415883913,213.86453224079997,213.64973490541053,0.1032492534286007,-0.6072241742754312,0.40481612279545515,0.1837016487262985,12.07425255039104,5.009101229782582,36.040462160578464,26.64199314087658,-0.5162757054693046,0.0,32.53856171321968,-0.061949552057171786
P100_1100,420000,168,Omega_safe_one_step_QP,25.31564619063302,50.16322873196291,-66.47477985139176,1.053810138977123,0.9413595795631409,False,False,-0.9413595795631409,-0.09413596242666245,-4.744879943387204,-4.744879943387197,197.84776381655524,197.84776381655527,202.59264375994246,200.75397511516417,-2.906211298608895,-5.04045406354001,3.494213905209991,0.941359624266623,-0.2991737425327301,-0.02991737425327301,-1.4713986021535377,-1.4713986021535403,213.87958498062562,213.87958498062562,215.35098358277915,215.17491992859323,-1.2953349479676035,-3.232628320255581,3.417762304744419,0.45517098050950916,9.41196414443183,4.252043822113815,43.44530863868552,25.96103614677223,-1.0640974449547453,0.0,66.76167632756642,0.7772009687805621
P100_1100,420000,169,Z_mode_existing_controller,25.32266782916525,50.16442082986102,-21.072929373597617,0.3515005071724831,0.930909276008606,False,False,-0.930909276008606,-0.09309092909097672,-3.4571652312269983,-3.4571652312270067,197.85849122000752,197.85849122000752,201.31565645123453,198.91707299770567,-1.0585817776981514,-3.713750915353258,3.4256660166083837,0.9309092909097689,-0.014667117036879063,-0.001466711750254035,-0.1915045779023114,-0.19150457790232042,214.94479915322998,214.94479915322998,215.1363037311323,214.8680903701243,0.07670878310568696,-0.6072241742754312,0.40481612279545515,0.31537706503670215,6.842274189017272,6.105867084813517,42.2576293326767,21.8924139173352,-0.34070073438841497,0.0,21.45965537784923,-0.04602526986340649
P100_1100,420000,170,Omega_safe_one_step_QP,25.381004577104214,50.16226009502179,-18.628615097758484,0.30260163919136823,0.8238315582275391,False,False,-0.8238315582275391,-0.0823831558227539,-3.0702456330808223,-3.0702456330808348,186.38573831513878,186.38573831513875,189.4559839482196,187.2890620194984,-0.90332370435965,-3.7267880823677206,4.807879886382279,0.8238315582275426,-0.01664295420050621,-0.0016642954433336854,0.22539234844460368,0.2253923484445912,212.71373061656112,212.7137306165611,212.4883382681165,212.26230238058363,0.45142823597745974,-2.946363788789315,3.7040268362106854,0.06085062511997709,11.100669240148964,5.398165700253728,36.28289790795735,27.830995808804406,-0.3030944136074538,0.0,19.20256645295194,-0.270856941586473
P100_1100,420000,171,Z_mode_existing_controller,25.3589122277237,50.16265170147836,-21.416368937926563,0.3526611136194423,0.925151526927948,False,False,-0.925151526927948,-0.09251515567302704,-3.4383888428858533,-3.438388842885856,190.49462217739372,190.49462217739372,193.93301102027957,191.53434601903112,-1.0397238416373966,-3.7165681859067803,3.4228487460548616,0.9251515567302707,-0.0058933743275702,-0.00058933743275702,-0.13272215226875078,-0.13272215226875184,213.32370240700777,213.32370240700777,213.4564245592765,213.1932560313778,0.1304463756299583,-0.6072241742754312,0.40481612279545515,0.218571917738819,9.26238794412462,5.266864258285953,39.744477433897565,25.792435193601797,-0.3458614667291222,0.0,21.840498230033518,-0.07826782537797783
P100_1100,420000,172,Z_mode_existing_controller,25.368838249093884,50.16227738319125,-25.891941889392,0.41811133997591227,0.9028354287147522,False,False,-0.9028354287147522,-0.09028354287147522,-3.3591556467006165,-3.359155646700615,188.24448859943456,188.24448859943456,191.6036442461352,189.4450084474174,-1.2005198479828323,-3.7206732698589438,3.418743662102698,0.9028354287147513,-0.008051508106291294,-0.0008051508339121938,-0.14477942948508196,-0.14477942948508266,212.80173457944647,212.80173457944647,212.94651400893156,212.72770142430048,0.0740331551459974,-0.6072241742754312,0.40481612279545515,0.2384283031185976,10.92908288663105,3.287236955175472,37.01666052458705,27.192084361406675,-0.4173529814130106,0.0,26.35371476389173,-0.044419893087592754
P100_1100,420000,173,Z_mode_existing_controller,25.332104954929523,50.162612503333634,-33.99313215758775,0.5377991400831367,0.9403627514839172,False,False,-0.9403627514839172,-0.0940362736582756,-3.502448522107546,-3.5024485221075583,194.9807709738718,194.9807709738718,198.48321949597937,196.52848100601526,-1.547710032143442,-3.7245717911317033,3.4148451408299385,0.9403627365827594,-0.005838786251842976,-0.0005838786601088941,-0.1338994828568224,-0.13389948285682102,214.30964419805244,214.30964419805244,214.44354368090927,214.26371344889498,0.045930749157463424,-0.6072241742754312,0.40481612279545515,0.22051079079089078,10.500462650098601,4.230058887824468,39.67898252873304,24.657944421016307,-0.5487630910982375,0.0,34.56945369818095,-0.027558449494478054
P100_1100,420000,174,Z_mode_existing_controller,25.31766296997332,50.1625825967216,-37.11630715595038,0.5905298992403872,0.9390544295310974,False,False,-0.9390544295310974,-0.09390544146299362,-3.5013776397163356,-3.5013776397163325,197.45744143967,197.45744143967,200.95881907938633,199.1620607482864,-1.704619308616401,-3.728620605118143,3.410796326843499,0.9390544146299352,-0.007999640889465809,-0.0007999641238711774,-0.14810088161089155,-0.14810088161088183,214.83146042557746,214.8314604255775,214.97956130718836,214.8313875757127,7.284986477884559e-05,-0.6072241742754312,0.40481612279545515,0.24389819754393485,9.549903487307494,3.685591914711182,40.221543780127085,25.858965664311295,-0.5993232937748516,0.0,37.71567415964364,-4.370991888436038e-05
P100_1100,420000,175,Z_mode_existing_controller,25.316486220078932,50.16343526649296,-39.11438567457844,0.6291834846473789,0.9333681464195251,False,False,-0.9333681464195251,-0.0933368131518364,-3.4838785454437757,-3.483878545443763,197.3325755889095,197.33257558890952,200.81645413435328,199.14192148166867,-1.8093458927591541,-3.7325878480298536,3.406829083931788,0.9333681315183606,-0.013760038651525974,-0.001376003841869533,-0.18573640699346347,-0.1857364069934586,214.82114212758097,214.82114212758097,215.00687853457444,214.88413605001563,-0.06299392243465718,-0.6072241742754312,0.40481612279545515,0.3058778205184076,8.899752234395793,6.260934306270996,34.17945213307884,27.67279042414307,-0.6313306613197778,0.0,39.70791998243749,0.037796353460805676
P100_1100,420000,176,Z_mode_existing_controller,25.342993028563306,50.1647644026269,-44.01265634504034,0.7033577220282459,0.9503975510597229,False,False,-0.9503975510597229,-0.09503975510597229,-3.551112022255393,-3.551112022255393,191.66964848194723,191.66964848194723,195.22076050420262,193.64152526521772,-1.9718767832704884,-3.73644904523985,3.4029678867217914,0.9503975510597228,-0.003083407413214445,-0.0003083407355006784,-0.11663752265136454,-0.11663752265136697,213.77978881049063,213.77978881049063,213.896426333142,213.79443906471337,-0.014650254222743797,-0.6072241742754312,0.40481612279545515,0.19208313435568408,10.574984017609834,6.130047262552656,38.1537472288741,25.344985152342595,-0.7106004923294478,0.0,44.714466684836225,0.008790152533663331
P100_1100,420000,177,Z_mode_existing_controller,25.340689268415282,50.16452013378476,-45.48356553330905,0.72514861438626,0.944807231426239,False,False,-0.944807231426239,-0.0944807231426239,-3.533901092784412,-3.5339010927843986,191.78650327023314,191.78650327023317,195.32040436301756,193.8201332220811,-2.033629951847928,-3.74034086027241,3.399076071689232,0.9448072314262352,-0.0031836186535656452,-0.0003183618828188628,-0.11673650226314905,-0.11673650226316085,213.7954650792487,213.79546507924866,213.91220158151182,213.82918251843833,-0.033717439189672405,-0.6072241742754312,0.40481612279545515,0.1922461377669234,10.668780422040587,3.81158301085284,38.32851551860625,27.97510006852491,-0.734151541893894,0.0,46.19748661168887,0.02023046351379776
P100_1100,420000,178,Z_mode_existing_controller,25.316611213940167,50.16592116885536,-47.927562179124834,0.7410412762593325,0.9486421346664429,False,False,-0.9486421346664429,-0.09486421197652817,-3.5518381511766157,-3.5518381511766104,196.15094166876275,196.15094166876275,199.70277981993937,198.263475316122,-2.1125336473592427,-3.7441286626145507,3.3952882693470903,0.94864211976528,0.0009801198029890656,9.801198029890656e-05,-0.08950487795824219,-0.08950487795825121,214.8474499304537,214.84744993045368,214.93695480841194,214.869936394742,-0.022486464288334673,-0.6072241742754312,0.40481612279545515,0.14740005709596904,11.50333022555261,3.7096294263678695,40.895297679473344,23.07106530238022,-0.7734808191547984,0.0,48.68755111970677,0.013491878573006488
P100_1100,420000,179,Omega_safe_one_step_QP,25.282558574774917,50.1654976846638,-80.77277280308681,1.3284117225967456,0.9473304748535156,False,False,-0.9473304748535156,-0.09473305195569992,-5.1050812521358075,-5.105081252135809,200.97214659440013,200.97214659440013,206.07722784653595,204.6839567798454,-3.711810185445273,-5.388912472199356,3.1457554965506445,0.9473305195569992,-0.38703665137290955,-0.038703665137290955,-2.016781029682513,-2.01678102968252,214.26540568045672,214.2654056804567,216.28218671013923,216.22901952765002,-1.9636138471933293,-3.3257486329915866,3.324641992008414,0.606414149787496,6.412511362856389,5.468922329518988,46.73147201551611,24.738174213024035,-1.2902348062636015,0.0,80.88483930103394,1.1781683083160033
P100_1100,420000,180,Z_mode_existing_controller,25.347203035231324,50.16563855562074,-28.067981412416884,0.45694081996728075,0.9263581037521362,False,False,-0.9263581037521362,-0.09263581037521362,-3.470052968186954,-3.4700529681869465,190.0422116895233,190.04221168952333,193.51226465771026,191.38179641829385,-1.339584728770518,-3.7459087950240777,3.393508136937564,0.9263581037521342,-0.005953476298600435,-0.0005953476647846401,-0.13324294222260488,-0.13324294222259203,213.46079523815894,213.46079523815897,213.59403818038155,213.4171485371158,0.0436467010431727,-0.6072241742754312,0.40481612279545515,0.21942957455800216,9.98765009636196,6.325420481009872,38.29334760445598,23.655848013960487,-0.45184991187191414,0.0,28.546019344915294,-0.026188020625909303
P100_1100,420000,181,Z_mode_existing_controller,25.353876525570936,50.16398420546196,-30.209275178720418,0.4995007155476809,0.911421000957489,False,False,-0.911421000957489,-0.09114210307598114,-3.4173608108802633,-3.4173608108802567,188.47025451282462,188.47025451282462,191.8876153237049,189.9139111389948,-1.443656626170167,-3.7494864563651342,3.389930475596507,0.9114210307598096,-0.0071862926706671715,-0.0007186292787082493,-0.13990900891557406,-0.13990900891558516,213.01945108809892,213.0194510880989,213.15936009701448,213.01308454180813,0.006366546290763608,-0.6072241742754312,0.40481612279545515,0.2304075082032616,9.405143902334434,5.667735709909887,41.80296523286932,24.147016594603166,-0.48647096836879555,0.0,30.69956607486347,-0.003819927774458165
P100_1100,420000,182,Omega_safe_one_step_QP,25.363876338784493,50.16249276433772,-28.13596404854343,0.45458633359936346,0.8484735488891602,False,False,-0.8484735488891602,-0.0848473533987999,-3.175951657828465,-3.175951657828472,186.4435094361351,186.4435094361351,189.61946109396357,187.76898214538048,-1.325472709245389,-3.743135796942118,4.791532171807883,0.8484735339880012,-0.04732371121644974,-0.004732371307909489,0.06575689746761565,0.06575689746761912,212.6618184427089,212.6618184427089,212.59606154524127,212.47453901144164,0.18727943126725677,-2.9571361165017924,3.693254508498208,0.01780459410969701,11.303933134499307,3.388352905037527,35.048505572593015,28.046275234218495,-0.4535915038440592,0.0,28.701923211147914,-0.11236765876036259
P100_1100,420000,183,Z_mode_existing_controller,25.319349042058935,50.162974879284405,-27.81814325353571,0.4363273698120951,0.936715841293335,False,False,-0.936715841293335,-0.09367158263921738,-3.513480730108319,-3.513480730108318,195.067902806766,195.067902806766,198.5813835368743,196.38322030566167,-1.3153174988956664,-3.750850184351785,3.3885667476098567,0.9367158263921733,-0.008393067866563797,-0.0008393067982979119,-0.1504739627666181,-0.15047396276661393,214.37456073558255,214.37456073558255,214.52503469834917,214.34696664552334,0.02759409005921043,-0.6072241742754312,0.40481612279545515,0.24780627837514313,11.059892338027394,4.657929437037241,37.31276311829498,23.462191202947775,-0.446914844787905,0.0,28.281614552359315,-0.016556454035509205
P100_1100,420000,184,Omega_safe_one_step_QP,25.298929663389448,50.162197315799794,-62.25070949819383,0.9586877721656442,0.9486504197120667,False,False,-0.9486504197120667,-0.09486504644155502,-4.752917204874149,-4.752917204874163,197.53706625556575,197.53706625556572,202.28998346043988,200.25729641831919,-2.7202301627534666,-5.010188033589751,3.5244799351602505,0.9486504644155529,-0.12793222069740295,-0.012793222442269325,-0.5718913955541641,-0.5718913955541565,214.7078930522408,214.7078930522408,215.27978444779495,215.13412851629442,-0.426235464053633,-3.2255084067571596,3.4248822182428404,0.17730271431198064,11.295758916520166,5.174343247499159,44.964473430867656,26.632933587745548,-1.0016104530896044,0.0,62.99657867285168,0.25574127843216843
P100_1100,420000,185,Omega_safe_one_step_QP,25.28504488932152,50.164445844002614,-53.57049398098752,0.8540313102003464,0.9532299637794495,False,False,-0.9532299637794495,-0.09532299637794495,-5.052580363079157,-5.052580363079168,200.14036477299885,200.14036477299885,205.192945136078,202.57621792936595,-2.435853156367102,-5.300484201153564,3.2341837675964364,0.9532299637794518,-0.3595140278339386,-0.0359514020383358,-1.8480445289992782,-1.8480445289992677,214.16808496134874,214.16808496134874,216.01612949034802,215.77557461378763,-1.6074896524388862,-3.299142911012466,3.351247713987534,0.5601589803310841,8.669404819244214,6.131948082979714,39.08082083777424,25.850080828022833,-0.8502563280540913,0.0,53.45625651757837,0.964493791463326
P100_1100,420000,186,Z_mode_existing_controller,25.317913149085232,50.16540865465346,-4.994730410050579,0.08141394036515968,0.9472974538803101,False,False,-0.9472974538803101,-0.09472974389791489,-3.552616872868,-3.5526168728679917,195.33777327290045,195.33777327290045,198.89039014576844,195.7332125215271,-0.39543924862664426,-3.750265467514052,3.3891514644475893,0.9472974389791461,-0.009876075200736523,-0.0009876075200736523,-0.16138223986731162,-0.16138223986731542,214.55114782155874,214.55114782155874,214.71253006142607,214.38070820026542,0.17043962129332613,-0.6072241742754312,0.40481612279545515,0.26577044640866676,8.89148208518917,3.948684118306373,37.89575353337036,26.142437988993063,-0.0782802576582462,0.0,5.175274440484827,-0.10226377277601273
P100_1100,420000,187,Z_mode_existing_controller,25.327105383704847,50.16575905996747,-12.625666637996801,0.20143452463605424,0.9473215937614441,False,False,-0.9473215937614441,-0.09473215788602829,-3.5561417261201544,-3.5561417261201473,193.18509444676002,193.18509444676002,196.74123617288018,193.8914400981717,-0.7063456514116808,-3.7538907647374913,3.38552616722415,0.9473215788602809,-0.006711415946483612,-0.0006711416062898934,-0.14039224317489163,-0.1403922431748944,214.14087280704652,214.14087280704652,214.2812650502214,214.00336652538005,0.13750628166647516,-0.6072241742754312,0.40481612279545515,0.23120331686797074,10.621958399400981,6.224295162144038,39.55076162847393,24.724380306149822,-0.20102705397265908,0.0,12.909197460969153,-0.0825037689998851
P100_1100,420000,188,Z_mode_existing_controller,25.32681013524014,50.165503653435096,-19.276309315298022,0.30328665375403485,0.9459331631660461,False,False,-0.9459331631660461,-0.09459331631660461,-3.5542968052184474,-3.554296805218459,192.92129767013262,192.92129767013262,196.47559447535107,193.89313446498005,-0.9718367948474338,-3.7574502550710736,3.381966676890568,0.9459331631660491,-0.006669225171208382,-0.0006669225404039025,-0.13997186253646085,-0.13997186253644872,214.07730881687624,214.07730881687627,214.2172806794127,213.9878004537003,0.08950836317598032,-0.6072241742754312,0.40481612279545515,0.23051101795061077,11.469010197442895,4.20590169852203,40.067457374835854,22.854714504749502,-0.30812898230236385,0.0,19.63814331550566,-0.05370501790559956
P100_1100,420000,189,Omega_safe_one_step_QP,25.2949788578929,50.16435900171277,-51.33593983414903,0.8365600210144846,0.9507032036781311,False,False,-0.9507032036781311,-0.09507032483816147,-4.777850737559074,-4.777850737559061,197.66621549316207,197.6662154931621,202.44406623072115,200.0858850316182,-2.4196695384561053,-5.025596310617878,3.5090716581321226,0.9507032483816118,-0.03127485141158104,-0.00312748528085649,-0.082761145500624,-0.08276114550061375,215.35068134545196,215.35068134545196,215.4334424909526,215.24589215851142,0.10478918694053618,-3.240874211072922,3.409516413927078,0.025536673166100726,7.92906020496612,4.598757483137689,39.34013088270635,24.314705199525207,-0.8308509365678436,0.0,52.22966428288146,-0.06287351216431603
P100_1100,420000,190,Z_mode_existing_controller,25.326614380647666,50.16378320235693,-9.248389309340382,0.1517762113292239,0.9300922155380249,False,False,-0.9300922155380249,-0.09300922602415085,-3.495957563774284,-3.495957563774281,192.92221044122783,192.92221044122783,196.41816800500212,193.5052204270871,-0.5830099858592632,-3.75872127230316,3.3806956596584814,0.9300922602415075,-0.010156345553696156,-0.0010156346252188087,-0.16150015560667252,-0.16150015560668432,213.93842268754204,213.93842268754202,214.0999228431487,213.82092761905662,0.11749506848539681,-0.6072241742754312,0.40481612279545515,0.265964634559212,9.012935562871581,5.902341187596512,40.99563955559125,25.56631998999848,-0.1466075629552197,0.0,9.465493913387945,-0.07049704109121535
P100_1100,420000,191,Z_mode_existing_controller,25.3475943354766,50.16366436506217,-13.288469204059766,0.21973628554779173,0.9054521322250366,False,False,-0.9054521322250366,-0.09054521471261978,-3.4063934135910308,-3.4063934135910348,188.56781922139876,188.56781922139874,191.97421263498978,189.31862524797597,-0.7508060265772372,-3.7620910441292095,3.3773258878324324,0.9054521471261985,-0.007525555323809385,-0.0007525555556640029,-0.1415553984269978,-0.14155539842700543,213.00912568101754,213.0091256810175,213.15068107944452,212.91732658629144,0.09179909472607051,-0.6072241742754312,0.40481612279545515,0.23311884543449884,9.537496399878385,5.197403082045942,40.71042382280636,20.894717452385155,-0.21168737036926544,0.0,13.55523603126494,-0.055079456835642304
P100_1100,420000,192,Omega_safe_one_step_QP,25.351579568219854,50.16019194442975,-20.114819323624943,0.33718588915272185,0.9010802507400513,False,False,-0.9010802507400513,-0.09010802954435349,-3.491780741239383,-3.4917807412393818,187.4473721942484,187.4473721942484,190.93915293548778,188.50169541362172,-1.054323219373316,-3.87510498109454,4.659562987655461,0.9010802954435349,-0.05194130912423134,-0.005194130819290876,0.048453922147383144,0.04845392214737204,212.78446017849095,212.78446017849092,212.73600625634356,212.54213384210973,0.24232633638118273,-2.97113058761202,3.6792600373879805,0.01316947474627832,8.911816578640305,4.430083491329835,39.503760551052665,24.284793197542278,-0.32434871668836607,0.0,20.584563842141506,-0.14539580182871248
P100_1100,420000,193,Omega_safe_one_step_QP,25.35822210437061,50.15834503269377,-10.22248180724273,0.167387566507719,0.8990901708602905,False,False,-0.8990901708602905,-0.08990901708602905,-3.3873121567629836,-3.3873121567629836,186.475679055165,186.475679055165,189.86299121192798,187.0889018327944,-0.613222777629403,-3.7674888087385594,4.767179160011441,0.8990901708602904,-0.11355651915073395,-0.01135565247386694,-0.24179368506597812,-0.24179368506598783,212.14452782860403,212.144527828604,212.38632151367,212.13606194566094,0.008465882943056613,-2.936162113344664,3.7142285116553366,0.08235025033769472,10.664631969919148,5.229424494929746,38.284022027822964,28.643074562375418,-0.1603899569588556,0.0,10.3879512939684,-0.00507952976583681
P100_1100,420000,194,Z_mode_existing_controller,25.342377472016352,50.15932933417798,-7.092285664940391,0.11173279480755986,0.9300679564476013,False,False,-0.9300679564476013,-0.09300679713487625,-3.497706460188752,-3.497706460188755,189.68463048774373,189.68463048774373,193.1823369479325,190.1635168953911,-0.4788864076473658,-3.7606998283323985,3.3787171036292434,0.930067971348763,-0.00794745422899723,-0.0007947454578243196,-0.1468452425480625,-0.14684524254806597,212.99154429885877,212.99154429885877,213.13838954140684,212.8469204165192,0.14462388233957313,-0.6072241742754312,0.40481612279545515,0.24183036309990244,12.308102985248873,5.57673883130364,41.59722820266083,26.468638076149528,-0.1099678505042263,0.0,7.289027844848533,-0.0867743294037524
P100_1100,420000,195,Z_mode_existing_controller,25.308944740280086,50.160226984063584,-15.135721729584475,0.24143167333771756,0.940999448299408,False,False,-0.940999448299408,-0.09409994632005692,-3.5419552196849966,-3.5419552196849877,195.91440095451955,195.91440095451958,199.45635617420456,196.74237642685705,-0.8279754723374708,-3.7640353243538973,3.375381607607744,0.9409994632005665,-0.00899198092520237,-0.0008991981158033013,-0.15488031278539025,-0.15488031278538017,214.38183002128991,214.38183002128991,214.5367103340753,214.30027548551206,0.08155453577785465,-0.6072241742754312,0.40481612279545515,0.25506282415417786,9.943567969385727,3.4718315822020376,35.00116300971806,26.454540184301003,-0.2412782075828872,0.0,15.425932658634338,-0.04893272146671279
P100_1100,420000,196,Z_mode_existing_controller,25.296287419190946,50.16093150376431,-20.295018025385616,0.32201510992854815,0.9384902119636536,False,False,-0.9384902119636536,-0.09384902566671371,-3.5356449522516082,-3.5356449522516145,198.10098157379963,198.10098157379963,201.63662652605123,199.1474710603287,-1.046489486529083,-3.767375236060259,3.372041695901383,0.9384902566671387,-0.022259078919887543,-0.0022259079851210117,-0.24263230077951267,-0.2426323007795139,214.80696201198418,214.80696201198418,215.0495943127637,214.8540918248021,-0.047129812817928496,-0.6072241742754312,0.40481612279545515,0.3995761549991555,9.714245753006178,3.6740058919778966,38.78682442976812,20.54232362524476,-0.323922817784144,0.0,20.590662955479274,0.028277887690762782
P100_1100,420000,197,Omega_safe_one_step_QP,25.29235572460968,50.158632973372335,-53.64547182754268,0.8417123892713877,0.9493029713630676,False,False,-0.9493029713630676,-0.09493029862642288,-4.741860356090364,-4.741860356090349,197.39721126535838,197.3972112653584,202.13907162144875,199.82933965386647,-2.432128388508062,-4.995096849690638,3.539571119059363,0.9493029862642257,-0.10974001884460449,-0.010974002070724964,-0.45344319262391186,-0.45344319262391186,214.5776180595703,214.5776180595703,215.03106125219423,214.8689353223124,-0.2913172627420977,-3.2006360871970876,3.449754537802913,0.1416728363582904,10.24301257314088,4.737320470947284,42.2898795830557,21.015820007424054,-0.862941545543336,0.0,54.333623015440935,0.1747903576452643
P100_1100,420000,198,Omega_safe_one_step_QP,25.28953483876614,50.15693518997127,-41.946335685984195,0.6594204278334328,0.9532906413078308,False,False,-0.9532906413078308,-0.09532906860113144,-4.837780930735514,-4.837780930735509,198.0985462321365,198.0985462321365,202.936327162872,200.0652481760598,-1.9667019439233115,-5.074822403832963,3.4598455649170377,0.9532906860113136,-0.012481359764933586,-0.0012481360463425517,0.04812475393209566,0.04812475393209739,215.1378783802473,215.1378783802473,215.0897536263152,214.83544719575482,0.30243118449246253,-3.2065053246091844,3.4438853003908165,0.013973971179190008,10.065754346802938,6.399062990275618,34.87521414353252,26.987309644958977,-0.6786527610746127,0.0,42.80644715775361,-0.18145871069546615
P100_1100,420000,199,Z_mode_existing_controller,25.301112011717482,50.15831449562074,-0.0418960668876025,0.0006706422482468952,0.9446579217910767,False,False,-0.9446579217910767,-0.09446579217910767,-3.5574684470913223,-3.5574684470913156,197.29707373048586,197.29707373048586,200.85454217757717,197.50322737492192,-0.206153644436057,-3.7658800768285974,3.373536855133044,0.9446579217910748,-0.007892642170190811,-0.0007892642170190811,-0.1479582118169058,-0.14795821181689608,214.56265107869618,214.56265107869618,214.71060929051308,214.37790374507333,0.18474733362285178,-0.6072241742754312,0.40481612279545515,0.2436632434692622,9.572970574319843,4.797649728796543,41.510799456024735,25.06296825733948,0.0030061759445985103,0.0,0.14973829111659143,-0.11084840017372244
P100_1100,420000,200,Z_mode_existing_controller,25.30881857626528,50.158777794955434,-7.153178757755995,0.116703457767433,0.9391973614692688,False,False,-0.9391973614692688,-0.09391973912715912,-3.5400323533781926,-3.5400323533781837,195.48403198782233,195.48403198782233,199.02406434120053,195.99406218397053,-0.5100301961481932,-3.769210164207653,3.370206767753989,0.9391973912715885,-0.008799318224191666,-0.0008799318457022309,-0.15341992771033403,-0.15341992771033713,214.1995651379612,214.1995651379612,214.35298506567153,214.0761865315148,0.12337860644640841,-0.6072241742754312,0.40481612279545515,0.2526578061445019,8.773049215610811,3.4405033697697087,38.24154936584756,22.83598443086222,-0.11237375335410604,0.0,7.339579674978268,-0.07402716386783936
P100_1100,420000,201,Z_mode_existing_controller,25.316527395244176,50.15717027187124,-13.375712079218829,0.21457245383747828,0.9375345706939697,False,False,-0.9375345706939697,-0.09375345706939697,-3.5367994853004547,-3.5367994853004516,193.68927617772195,193.68927617772195,197.2260756630224,194.45329683338593,-0.7640206556639839,-3.772447007135418,3.3669699248262233,0.9375345706939687,-0.0048907604068517685,-0.0004890760756097734,-0.12732462949264708,-0.1273246294926332,213.75558725077485,213.75558725077488,213.8829118802675,213.65130592150365,0.10428132927123102,-0.6072241742754312,0.40481612279545515,0.20968307074494033,10.147888186772994,3.642072426744487,41.57752896275094,26.138536023955922,-0.2124635084842339,0.0,13.65074438526699,-0.06256879756273293
P100_1100,420000,202,Z_mode_existing_controller,25.302582521760588,50.15790102749936,-18.61205665918078,0.3019357144075808,0.9399501085281372,False,False,-0.9399501085281372,-0.09399501234292984,-3.5488898259681974,-3.5488898259682045,196.1267626652237,196.12676266522368,199.6756524911919,197.1270554748715,-1.0002928096478172,-3.7756150432966455,3.363801888664996,0.9399501234293002,-0.009642369113862514,-0.0009642369113862514,-0.15908839675034675,-0.15908839675035752,214.2952273151537,214.2952273151537,214.45431571190406,214.2633645130228,0.031862802130916634,-0.6072241742754312,0.40481612279545515,0.2619928578110207,8.854106613796894,2.327843894093311,41.09944006741919,27.468148128579994,-0.2975363329002949,0.0,18.92871067336,-0.019117681278572718
P100_1100,420000,203,Z_mode_existing_controller,25.30221622735306,50.15939979659478,-24.641985167423627,0.3772258722520502,0.946925699710846,False,False,-0.946925699710846,-0.09469257295131683,-3.5781859241595617,-3.5781859241595577,195.86513921783762,195.86513921783762,199.44332514199718,197.06436992846503,-1.199230710627404,-3.7787397814178862,3.360677150543755,0.9469257295131671,-0.010102995671331882,-0.0010102995438501239,-0.16284987334823156,-0.1628498733482326,214.33403011983114,214.33403011983114,214.49687999317936,214.337021441064,-0.002991321232855171,-0.6072241742754312,0.40481612279545515,0.26818740137042935,12.399442689545523,4.164429936295117,35.504239759581125,22.121360388446693,-0.39303621465303706,0.0,25.033226589337573,0.0017947927397301555
P100_1100,420000,204,Omega_safe_one_step_QP,25.255374811598784,50.15813674967023,-71.01419438434732,1.0904627847864703,0.954342246055603,False,False,-0.954342246055603,-0.09543422609567642,-5.3651948245811205,-5.365194824581134,203.04167848417492,203.04167848417492,208.40687330875605,206.19714739997576,-3.1554689158008387,-5.621877018421369,2.9127909503286324,0.9543422609567664,-0.26767539978027344,-0.026767540723085403,-1.400942877066163,-1.400942877066163,214.94376967376556,214.94376967376556,216.34471255083173,216.21810676019734,-1.2743370864317853,-3.332001217060837,3.318389407939163,0.4204508899615399,10.09567319845299,5.954428946019595,36.32299980193665,26.007538851931713,-1.1352024563892726,0.0,71.38479458887741,0.7646022518590883
P100_1100,420000,205,Omega_safe_one_step_QP,25.267446666245128,50.1598502943887,-47.04849222338362,0.7434792612516801,0.9446012377738953,False,False,-0.9446012377738953,-0.09446012228727341,-5.106521569835134,-5.106521569835144,201.14165946044093,201.14165946044093,206.24818103027607,203.3425665569665,-2.2009070965255546,-5.406007790573371,3.128660178176631,0.9446012228727361,-0.2161559760570526,-0.02161559835076332,-1.0968558450272106,-1.0968558450272166,214.87064243327595,214.87064243327595,215.96749827830317,215.72560105760527,-0.8549586243293277,-3.2942797898079816,3.356110835192019,0.33295770699887955,9.025759460635706,4.744351454894435,44.81591964297923,24.895929201978735,-0.7504724676631422,0.0,47.28598951644926,0.5129751745975852
P100_1100,420000,206,Omega_safe_one_step_QP,25.28754861470991,50.16088071426231,-26.506724316852342,0.4153445373584767,0.9493322968482971,False,False,-0.9493322968482971,-0.09493323415517807,-4.777187845996355,-4.777187845996363,197.7324690369227,197.7324690369227,202.50965688291907,199.06074244536964,-1.3282734084469325,-5.032155375837669,3.5025125929123315,0.9493323415517823,-0.024700293317437172,-0.0024700292851775885,-0.027770829924416568,-0.027770829924418476,215.18598124582337,215.18598124582337,215.21375207574778,214.8804783794549,0.3055028663684709,-3.218905169552444,3.431485455447556,0.008627414745579388,10.501953830021886,5.729865519818503,38.28813499866824,25.357604325951087,-0.42707729606500067,0.0,27.117103332739134,-0.18330171982108823
P100_1100,420000,207,Omega_safe_one_step_QP,25.288036843972158,50.16159493863317,-16.56988336597169,0.2724065566877553,0.9484072923660278,False,False,-0.9484072923660278,-0.09484072774648666,-4.784583024367405,-4.784583024367393,197.85213155702502,197.85213155702505,202.63671458139243,198.80446082696238,-0.9523292699373371,-5.044861145685007,3.489806823064994,0.9484072774648641,-0.019445402547717094,-0.0019445403013378382,-0.005603370058396631,-0.005603370058405478,215.26202239462123,215.26202239462123,215.26762576467962,214.87119857256806,0.39082382205316435,-3.2242925384456287,3.4260980865543718,0.0017378603186876953,7.6980412661602955,3.312756977891026,38.76293599536138,27.300257812176124,-0.2681814286168298,0.0,17.072559087820082,-0.2344942932319043
P100_1100,420000,208,Z_mode_existing_controller,25.315076790340623,50.16275814623936,18.90551065776981,-0.32221323639574206,0.9450492262840271,False,False,-0.9450492262840271,-0.09450492262840271,-3.5644146863176225,-3.5644146863176367,193.95508706217583,193.95508706217583,197.51950174849347,193.34180257238665,0.61328448978918,-3.771670921665161,3.367746010296481,0.9450492262840305,-0.011379421688616276,-0.001137942192144692,-0.17112700699338027,-0.17112700699339137,214.05625786875564,214.0562578687556,214.227384875749,213.77207172155067,0.2841861472049345,-0.6072241742754312,0.40481612279545515,0.28181850170505524,6.842864546066214,5.706611736349055,39.589909345869025,29.27536224510079,0.3086393549049493,0.0,-19.043638324351377,-0.1705116883229607
P100_1100,420000,209,Omega_safe_one_step_QP,25.367439383136446,50.16434842656905,21.25773320346434,-0.35579530741934673,0.8955336213111877,False,False,-0.8955336213111877,-0.0895533636212349,-3.1069100293784917,-3.1069100293784917,183.77458599237696,183.77458599237696,186.88149602175545,183.11530180343235,0.6592841889446106,-3.469339289721307,5.065328679028694,0.8955336362123494,-0.03837868198752403,-0.0038378683384507895,0.1783039956735441,0.17830399567354133,212.23136743064825,212.23136743064825,212.05306343497472,211.6661253170495,0.5652421135987424,-2.9028363054751356,3.7475543195248644,0.047578762166187276,10.300755805858746,4.302639106271464,36.98480589039618,24.723152121145453,0.34620010047500926,0.0,-21.26478803578084,-0.3391452681592426
P100_1100,420000,210,Omega_safe_one_step_QP,25.346540761782922,50.16234210935738,11.435921907342163,-0.19176980499681306,0.9088027477264404,False,False,-0.9088027477264404,-0.09088027477264404,-3.5502614539054953,-3.550261453905486,187.7031004717047,187.70310047170472,191.2533619256102,187.43571324796704,0.2673872237376713,-3.906525880106783,4.6281420886432185,0.9088027477264381,-0.08902619034051895,-0.00890261959284544,-0.15302466153947203,-0.15302466153947827,212.70424138455502,212.704241384555,212.85726604609448,212.46001999418098,0.24422139037400825,-2.9832565665871122,3.667134058412888,0.0512945025424148,9.15446182268948,4.450951710444932,44.36307591988832,23.654314605732544,0.18902010246137024,0.0,-11.478409175578236,-0.1465328342244021
P100_1100,420000,211,Omega_safe_one_step_QP,25.351346251684806,50.16055673448158,16.676521671523005,-0.2832582419178203,0.9001927971839905,False,False,-0.9001927971839905,-0.09001927822828293,-3.453382455202126,-3.45338245520213,187.09741945086765,187.09741945086765,190.55080190606978,186.60321310582418,0.49420634504346594,-3.83626987815274,4.698398090597261,0.9001927822828305,-0.06226140260696411,-0.0062261405400931835,0.007474321071530149,0.0074743210715266795,212.59799062792834,212.59799062792834,212.5905163068568,212.1692345986531,0.4287560292752346,-2.9565815926633467,3.6938090323366533,0.0020234725201260678,8.59225411190218,7.1647960275950044,40.599176578003245,22.800991071483633,0.2719772361979125,0.0,-16.691245290156075,-0.25725361756514076
P100_1100,420000,212,Omega_safe_one_step_QP,25.382786997179984,50.15775407471356,36.25018012902001,-0.6103101541870843,0.8524770140647888,False,False,-0.8524770140647888,-0.085247702896595,-2.7634584866916905,-2.7634584866916794,181.84145345255567,181.84145345255567,184.60491193924736,180.56108946067053,1.2803639918851388,-3.2416808814704976,5.292987087279504,0.8524770289659462,-0.019683705642819405,-0.0019683705177158117,0.3348737947804221,0.33487379478042634,211.48041521355734,211.48041521355734,211.1455414187769,210.7056251002604,0.7747901132969446,-2.812084103855356,3.8383065211446445,0.08724519340382476,10.569426061946945,3.5338307956996946,37.73988270295906,20.956250898236892,0.5876963428248061,0.0,-36.37300240386594,-0.4648740679781582
P100_1100,420000,213,Z_mode_existing_controller,25.349418981388162,50.1533177723806,66.5415693788118,-1.0602656720330117,0.913262128829956,False,False,-0.913262128829956,-0.09132621437311172,-1.483695274562557,-1.4836952745625438,189.96639197182867,189.9663919718287,191.45008724639123,187.4723519475989,2.494040024229804,-3.7652696340723657,3.374147297889276,0.39404755004433456,-0.10286134481430054,-0.010286134667694569,-0.554554851124138,-0.5545548511241338,211.78421848555362,211.78421848555365,212.33877333667778,211.90789710721228,-0.12367862165862675,-0.6072241742754312,0.40481612279545515,0.9132621437311107,12.265407217537003,6.169153953947357,41.133073943710855,24.349169811518088,1.089354822578123,0.0,-67.70513137438502,0.07420717299517321
P100_1100,420000,214,Z_mode_existing_controller,25.32266886081771,50.152969529249134,4.430163547808661,-0.06952103563543499,0.9274897575378418,False,False,-0.9274897575378418,-0.0927489772439003,-3.4923065567468643,-3.4923065567468554,193.22994960692785,193.22994960692785,196.7222561636747,193.25443622191978,-0.024486614991928946,-3.7653316085235216,3.3740853234381203,0.9274897724390001,-0.008284282870590687,-0.000828428310342133,-0.14881863569471895,-0.14881863569472487,213.29010688167608,213.29010688167605,213.4389255173708,213.09049416323865,0.19961271843740747,-0.6072241742754312,0.40481612279545515,0.24508022242741298,11.785718729685335,5.482463321503667,38.55153185014586,28.20154358427268,0.07680456947485226,0.0,-4.387200486221445,-0.11976763106244448
P100_1100,420000,215,Z_mode_existing_controller,25.297852286689796,50.15508128663102,-6.4638481174306435,0.10677615311726181,0.951032280921936,False,False,-0.951032280921936,-0.09510322660207748,-3.584038845980285,-3.5840388459802903,197.70761021212817,197.70761021212815,201.29164905810845,198.19480552085642,-0.48719530872827477,-3.7685775488736097,3.370839383088032,0.9510322660207758,-0.008860393427312374,-0.0008860393427312374,-0.15502279919054895,-0.1550227991905604,214.3876875840857,214.3876875840857,214.54271038327627,214.25936236454893,0.12832521953677656,-0.6072241742754312,0.40481612279545515,0.25529747621714993,7.565307269872814,5.250405523260383,45.593546643080984,23.263588622710465,-0.10190231394752214,0.0,6.642745563100107,-0.07699513172207162
P100_1100,420000,216,Z_mode_existing_controller,25.34122405237524,50.15416869291556,-9.990189768016535,0.16319395618949814,0.9186029434204102,False,False,-0.9186029434204102,-0.09186029434204102,-3.464882981910031,-3.4648829819100446,188.98177022945234,188.9817702294523,192.44665321136236,189.60443813535144,-0.6226679058991351,-3.7719049418768136,3.3675119900848283,0.9186029434204135,-0.0034839145373553038,-0.0003483914479147643,-0.11607650303045794,-0.1160765030304628,212.49173161907814,212.49173161907814,212.6078081221086,212.36853622861972,0.1231953904584202,-0.6072241742754312,0.40481612279545515,0.19115922578176472,10.199459130925376,6.048939004946576,37.71298987857202,22.276900009882958,-0.15760566147505273,0.0,10.221712663766994,-0.0739172342750436
P100_1100,420000,217,Z_mode_existing_controller,25.34144232905138,50.151566024421456,-16.165547905536187,0.26868320471141405,0.9255899786949158,False,False,-0.9255899786949158,-0.09255900233983994,-3.4940819965554244,-3.4940819965554213,188.65800381213907,188.65800381213907,192.1520858086945,189.5516555498156,-0.893651737676521,-3.774978022911854,3.3644389090497877,0.925590023398398,0.00011916458606719971,1.1916458788618911e-05,-0.09288297055870531,-0.0928829705586949,212.30825234549584,212.30825234549587,212.40113531605456,212.205357180459,0.10289516503686968,-0.6072241742754312,0.40481612279545515,0.15296322922177347,9.17616216693788,5.326876652280298,40.713970038895425,28.25477675294112,-0.2582930461224997,0.0,16.485578050680488,-0.06173709902212465
P100_1100,420000,218,Omega_safe_one_step_QP,25.35211247151382,50.152473536822356,-15.249997902464202,0.2603547906400769,0.8750001192092896,False,False,-0.8750001192092896,-0.08750001341104507,-3.287284357085116,-3.287284357085106,186.46977709027007,186.4697770902701,189.7570614473552,187.34331736851738,-0.8735402782472761,-3.756895832281283,4.777772136468718,0.8750001341104481,-0.043222155421972275,-0.00432221544906497,0.15362127441162082,0.15362127441162984,212.10129365599255,212.10129365599255,211.94767238158093,211.78594884218035,0.31534481381220303,-2.892297200135757,3.7580934248642435,0.04087744955866264,8.111772273668313,5.384168745548088,41.572485164290946,27.172186468503554,-0.24607725507261424,0.0,15.685282045823442,-0.18920688828731613
P100_1100,420000,219,Omega_safe_one_step_QP,25.378006105013853,50.152160561306715,1.832617771524383,-0.03051549201415966,0.8821955323219299,False,False,-0.8821955323219299,-0.088219553232193,-2.8849251481460225,-2.884925148146017,182.00483018894982,182.00483018894982,184.88975533709583,182.14238410579685,-0.13755391684702545,-3.2701652212553465,5.264502747494654,0.8821955323219284,-0.05776049196720123,-0.005776049103587866,0.17556627419610185,0.17556627419609214,211.0512859115611,211.05128591156108,210.875719637365,210.65725345666215,0.3940324548989338,-2.785101925714164,3.8652886992858364,0.0454212577261125,10.847732960181364,3.6938244998967473,38.56371635744561,20.244647093606734,0.03227468692185198,0.0,-1.6284729855078695,-0.23641947293936028
P100_1100,420000,220,Z_mode_existing_controller,25.341862455788824,50.14747441960045,-7.7281522397688605,0.12940070731274508,0.9182451367378235,False,False,-0.9182451367378235,-0.09182451665401459,-3.464547883100577,-3.464547883100573,188.83455257689914,188.83455257689914,192.29910045999972,189.37248788091998,-0.5379353040208343,-3.773009659451453,3.3664072725101883,0.9182451665401444,-0.008934578858315945,-0.0008934579091146588,-0.15219671567462748,-0.15219671567461915,212.02240188055393,212.02240188055393,212.17459859622855,211.92579675829253,0.09660512226139417,-0.6072241742754312,0.40481612279545515,0.25064337376921386,8.780969976176353,5.686017484951714,42.98246407339644,25.141254753114552,-0.12134883849612343,0.0,7.907464151620843,-0.05796307335683082
P100_1100,420000,221,Omega_safe_one_step_QP,25.36212894316959,50.14659308689974,-4.793357711814679,0.08014566349336094,0.863387405872345,False,False,-0.863387405872345,-0.08633874356746674,-3.0948812678102455,-3.094881267810247,184.9390210881264,184.9390210881264,188.03390235593665,185.34604667228706,-0.4070255841606638,-3.584579923139427,4.950088045610574,0.8633874356746676,-0.11751113831996918,-0.011751114390790462,-0.17547481846056784,-0.17547481846056714,211.04323766876456,211.04323766876456,211.21871248722513,211.0119639272051,0.03127374155945972,-2.819401210700178,3.8309894142998226,0.06223832840626086,9.81601565097122,5.534302893068172,38.14710678785703,24.53590587874846,-0.07242127679519683,0.0,4.884543233545628,-0.018764244935667307
P100_1100,420000,222,Omega_safe_one_step_QP,25.360678717424744,50.14468774252538,-1.172086400148146,0.019787642688587702,0.8736231923103333,False,False,-0.8736231923103333,-0.08736231923103333,-3.1785887400893844,-3.1785887400893817,185.3934928326839,185.3934928326839,188.5720815727733,185.64756304685017,-0.2540702141662621,-3.638397844823091,4.89627012392691,0.8736231923103323,-0.13310779631137848,-0.013310779817402363,-0.25077568009160695,-0.2507756800916014,210.95909664617727,210.95909664617727,211.20987232626888,210.96236834011248,-0.003271693935204212,-2.8185171946045524,3.831873430395448,0.08897433039317898,9.16899527889612,5.195502075920086,41.43606485019033,24.486544439465966,-0.013634501664762766,0.0,1.1837578854529056,0.0019630163611168427
P100_1100,420000,223,Omega_safe_one_step_QP,25.368074166451976,50.14290322575765,6.298630211921591,-0.10498391982519086,0.8753258585929871,False,False,-0.8753258585929871,-0.08753258734941483,-3.078723441842189,-3.0787234418421834,184.28169133335965,184.28169133335965,187.36041477520183,184.22044427438593,0.06124705897371996,-3.5172311650659447,5.017436803684055,0.8753258734941467,-0.15603496134281158,-0.015603496693074703,-0.3364857580705982,-0.33648575807058434,210.49791875167406,210.4979187516741,210.83440450974467,210.54905509513907,-0.0511363434649752,-2.780970412952133,3.869420212047867,0.12099580653696658,10.280052843659007,4.810809381377896,40.95732769905467,21.724854069293706,0.10882772983731215,0.0,-6.43813974783734,0.03068180607898796
P100_1100,420000,224,Omega_safe_one_step_QP,25.35390525168029,50.13955249532791,1.037113103550837,-0.017310259385914892,0.9033061265945435,False,False,-0.9033061265945435,-0.09033061563968658,-3.452951169841647,-3.4529511698416373,186.9608536770811,186.9608536770811,190.41380484692274,187.12709114189184,-0.16623746481073454,-3.8225701722380365,4.712097796511965,0.9033061563968635,-0.09201822429895401,-0.00920182280242443,-0.0280155047267458,-0.02801550472673192,211.25198282610376,211.25198282610376,211.2799983308305,210.96831983991652,0.2836629861872382,-2.825529795060714,3.8248608299392863,0.009915133358602553,9.482791731176075,4.652792004028422,36.57280474265136,24.507149738430076,0.019608986704152898,0.0,-0.8865242985430086,-0.17019779171234006
P100_1100,420000,225,Omega_safe_one_step_QP,25.35169677852469,50.13776154521662,3.634733495531691,-0.06224883085633206,0.908964991569519,False,False,-0.908964991569519,-0.09089650213718414,-3.535733833703462,-3.535733833703466,187.55082798364108,187.55082798364108,191.08656181734455,187.6107702976596,-0.0599423140185138,-3.8898458692802174,4.644822099469784,0.9089650213718424,-0.038880109786987305,-0.0038880109786987305,0.24918226696989884,0.2491822669698926,211.55614909387154,211.5561490938715,211.30696682690163,210.96246283333073,0.5936862605407782,-2.8282266446678266,3.822163980332174,0.06519402837034659,7.864225183726133,5.851811896977903,43.975749111509266,26.127049215741824,0.05783909128930853,0.0,-3.3363608304962327,-0.35621175632445556
P100_1100,420000,226,Omega_safe_one_step_QP,25.38605238925603,50.137091571788254,26.281536433612928,-0.4564893161425759,0.8482950329780579,False,False,-0.8482950329780579,-0.08482950180768967,-2.7438552121995725,-2.743855212199578,181.78977810795743,181.78977810795743,184.533633320157,180.86961307486976,0.9201650330876703,-3.234553019561464,5.300114949188537,0.8482950180768982,-0.11017613112926483,-0.011017613112926483,-0.029234844737170695,-0.029234844737159593,209.82601235555404,209.82601235555407,209.85524720029122,209.47754017844687,0.34847217710719747,-2.683054682006788,3.9673359429932122,0.010896104702306484,8.631463054084485,5.693623736652388,40.426282485269006,29.39180135679255,0.4285421280349624,0.0,-26.500995255383714,-0.20908330626431848
P100_1100,420000,227,Omega_safe_one_step_QP,25.40210061702312,50.13751268862816,32.45476645040435,-0.5641592435983837,0.8518628478050232,False,False,-0.8518628478050232,-0.08518628776073456,-2.503163575253939,-2.503163575253925,179.0695229259541,179.06952292595412,181.57268650120804,177.8919448934319,1.1775780325222058,-2.9384583376665665,5.596209631083434,0.851862877607341,-0.15830035507678986,-0.015830036252737045,-0.22469050372043164,-0.22469050372043303,209.00891743499668,209.00891743499668,209.2336079387171,208.84993022361263,0.15898721138404426,-2.6208907558493753,4.029499869150625,0.08573058728944068,9.314627213745311,5.357308068604668,43.491401688392614,21.216618418591057,0.5309867886328234,0.0,-32.89036091220623,-0.09539232683042087
P100_1100,420000,228,Omega_safe_one_step_QP,25.40406510085278,50.13300391615305,36.49257420285085,-0.6408956685273289,0.7852384448051453,False,False,-0.7852384448051453,-0.07852384448051453,-2.2971291747917317,-2.297129174791743,179.1448800720083,179.1448800720083,181.44200924680004,177.79959629874406,1.3452837732642422,-2.9253906122257667,5.609277356524234,0.7852384448051487,0.01639530248939991,0.0016395302955061197,0.6620495817195358,0.662049581719526,209.59521776603123,209.5952177660312,208.93316818431168,208.552438496555,1.042779269476199,-2.590846780408832,4.059543844591168,0.16308472258567272,8.725468039066858,6.908041781755803,39.42766063110667,27.63864828791542,0.5875522577765064,0.0,-36.45445889894199,-0.6256675616857166
P100_1100,420000,229,Omega_safe_one_step_QP,25.425037284073877,50.13191978152689,34.68330465859617,-0.5907495444171383,0.9285096526145935,False,False,-0.9285096526145935,-0.09285096824169159,-2.352074329704121,-2.352074329704115,175.16774449199355,175.16774449199355,177.51981882169767,173.93748407198404,1.2302604200095004,-2.5331715697155284,6.001496399034472,0.9285096824169118,-0.21986474096775055,-0.021986475214362144,-0.3787385343325386,-0.3787385343325386,207.64123338155864,207.64123338155864,208.01997191589118,207.64677651880982,-0.005543137251180497,-2.4995271535667825,4.150863471433218,0.1515240727799597,11.547903900265755,4.211768890463874,40.19877375047093,28.82328284683747,0.5698173572823038,0.0,-35.25644789822945,0.003325882350708298
P100_1100,420000,230,Omega_safe_one_step_QP,25.37694036784576,50.13167250297959,14.595732926692108,-0.24440326030210582,0.8742316365242004,False,False,-0.8742316365242004,-0.0874231681227684,-3.06084155423513,-3.0608415542351164,184.139051007368,184.13905100736804,187.19989256160315,183.70498324463972,0.4340677627283185,-3.5011789437060785,5.033489025043923,0.8742316812276796,-0.251482754945755,-0.02514827623963356,-0.7666370104100193,-0.766637010410022,209.2936372960095,209.2936372960095,210.06027430641953,209.69900524853094,-0.40536795252143065,-2.7035573926196177,3.9468332323803827,0.2835660202749339,10.12008114617985,6.064973485912239,37.81325849797723,23.227527144134445,0.24653433496092347,0.0,-15.085488033166257,0.2432207715128527
P100_1100,420000,231,Omega_safe_one_step_QP,25.374519368012205,50.128962023186666,13.373913771072694,-0.21386152305462647,0.9000449776649475,False,False,-0.9000449776649475,-0.09000449627637863,-3.214283523912219,-3.214283523912215,184.68629683112374,184.68629683112377,187.90058035503597,184.34264270844338,0.3436541226803911,-3.571247723049361,4.96342024570064,0.9000449627637853,-0.12370453029870987,-0.012370453216135502,-0.08321930569499814,-0.08321930569499814,209.9580115787468,209.9580115787468,210.0412308844418,209.66658997330316,0.29142160544364515,-2.7016530504218452,3.948737574578155,0.030803106150881953,12.795699232918784,4.255982403684389,36.867939900317765,22.836129434193253,0.22126686678535634,0.0,-13.420327674592045,-0.17485296326618993
P100_1100,420000,232,Z_mode_existing_controller,25.31309909334168,50.12662966260004,8.234613258471654,-0.12795173314421074,0.9205940961837769,False,False,-0.9205940961837769,-0.0920594111084938,-3.4533163476131308,-3.453316347613126,196.77062960866448,196.77062960866448,200.22394595627762,196.62260489486206,0.148024713802414,-3.751182313716227,3.388234618245415,0.9205941110849367,-0.01851295307278633,-0.0018512953538447618,-0.21597159656797857,-0.2159715965679855,212.3105233158432,212.3105233158432,212.52649491241118,212.14438183841537,0.16614147742782848,-0.6072241742754312,0.40481612279545515,0.3556702873789455,11.590114947208043,6.820248761380592,42.7413585195987,23.77016574047827,0.13831061152448143,0.0,-8.273238983540068,-0.09968488645668572
P100_1100,420000,233,Z_mode_existing_controller,25.30906401107854,50.127024861880884,-4.369313525749021,0.06675969990591979,0.9468355178833008,False,False,-0.9468355178833008,-0.09468355029821396,-3.5550426745804193,-3.5550426745804122,197.14065379323426,197.14065379323426,200.69569646781468,197.50390038538637,-0.36324659215210886,-3.7546571325045464,3.3847597994570955,0.9468355029821375,-0.018169362097978592,-0.0018169361865147948,-0.21634815116851752,-0.21634815116853,212.44068911765183,212.44068911765183,212.65703726882035,212.34615902604668,0.0945300916051508,-0.6072241742754312,0.40481612279545515,0.3562904119004928,12.418999628508818,5.393376491584754,41.536254570590614,23.944264656754203,-0.06532389626254087,0.0,4.491355476975514,-0.05671805496309901
P100_1100,420000,234,Omega_safe_one_step_QP,25.278588043664833,50.127726103387765,-48.37328183623049,0.7664825337959595,0.9377683997154236,False,False,-0.9377683997154236,-0.09377684444189072,-5.080801995273612,-5.0808019952736,201.2870085561054,201.28700855610543,206.36781055137902,203.51699523501824,-2.229986678912809,-5.417970742683666,3.1166972260663353,0.9377684444189047,-0.3232744038105011,-0.03232743963599205,-1.4627390350202563,-1.4627390350202485,212.45352268479132,212.45352268479135,213.9162617198116,213.66632575073095,-1.212803065939596,-3.089156133958825,3.5612344910411755,0.4735076414365999,8.805271848792588,4.251740783127414,41.18632704004446,26.78076494167897,-0.7692986678633931,0.0,48.41489866453048,0.7276818395637576
P100_1100,420000,235,Omega_safe_one_step_QP,25.29744539194104,50.129694578374256,-30.037404562588563,0.4665300366885566,0.9451669454574585,False,False,-0.9451669454574585,-0.09451669454574585,-4.785919824245127,-4.785919824245141,198.0378921266227,198.03789212662267,202.82381195086782,199.45881866436284,-1.420926537740172,-5.063570882632543,3.4710970861174575,0.945166945457461,-0.2102758288383484,-0.0210275836288929,-0.8102518535511943,-0.8102518535512061,212.44921651589638,212.44921651589638,213.25946836944757,212.92288350769087,-0.473666991794488,-3.023476798922424,3.626913826077576,0.2679867938262276,10.953595659897081,6.497583900017579,46.237666037543555,22.715341148551797,-0.4773700779774792,0.0,30.230574445489765,0.2842001950766928
P100_1100,420000,236,Omega_safe_one_step_QP,25.301842684154074,50.12975502480021,-18.613954345157254,0.2952551122532318,0.9452455639839172,False,False,-0.9452455639839172,-0.0945245549082756,-4.722525213956463,-4.7225252139564615,197.42640786148164,197.42640786148164,202.1489330754381,198.41753889516156,-0.9911310336799204,-4.996082995089572,3.538584973660429,0.9452455490827558,-0.01631886698305607,-0.0016318866983056068,0.21470022141398745,0.21470022141398953,213.32061239879894,213.32061239879894,213.10591217738497,212.70829865239452,0.6123137464044248,-3.00812117971616,3.6422694452838402,0.05894682549968734,9.901747854510376,5.5325468464473335,41.888159705260236,24.548373223523672,-0.30289737532563166,0.0,19.284239968324982,-0.3673882478426549
P100_1100,420000,237,Z_mode_existing_controller,25.310818833542353,50.130116377805194,16.03497672564299,-0.2559277192117001,0.9475686550140381,False,False,-0.9475686550140381,-0.09475686401128769,-3.5552229006085447,-3.5552229006085527,197.00875378535582,197.00875378535582,200.56397668596438,196.53339369378745,0.4753600915683762,-3.7519423396969307,3.387474592264711,0.9475686401128787,-0.00969790294766426,-0.0009697903296910226,-0.16022780158009217,-0.16022780158010327,212.61519018181082,212.61519018181082,212.77541798339092,212.32871254244225,0.2864776393685702,-0.6072241742754312,0.40481612279545515,0.263869273273408,9.955168252546342,4.675310577602567,38.34647967212527,26.802303415002253,0.2631825662803813,0.0,-16.126272708302167,-0.17188658362114495
P100_1100,420000,238,Z_mode_existing_controller,25.310177709310192,50.13153511849457,5.582918950570274,-0.08789107073599942,0.9408537149429321,False,False,-0.9408537149429321,-0.09408537298440933,-3.53343874441676,-3.5334387444167614,196.80743873409148,196.80743873409148,200.34087747850825,196.77117712562278,0.036261608468691975,-3.7555664949133796,3.3838504370482623,0.9408537298440933,-0.011106973513960838,-0.0011106973979622126,-0.1688951505627298,-0.168895150562718,212.64815674214546,212.64815674214546,212.81705189270818,212.44911011838178,0.1990466237636781,-0.6072241742754312,0.40481612279545515,0.2781429951537284,10.742854315185447,5.9158578874859264,42.011832925973216,17.520368553583467,0.09463250206090024,0.0,-5.558123478374,-0.11942797425821539
P100_1100,420000,239,Z_mode_existing_controller,25.309526862168546,50.12784561024656,-4.983399580258265,0.07874085569485305,0.9536372423171997,False,False,-0.9536372423171997,-0.09536372870206833,-3.5848033069398535,-3.584803306939846,196.6047336069567,196.6047336069567,200.18953691389655,197.007640972797,-0.4029073658402922,-3.75908467058724,3.380332261374402,0.953637287020681,-0.002090585185214877,-0.0002090585185214877,-0.11037961358533674,-0.1103796135853416,212.4695525138775,212.4695525138775,212.57993212746283,212.2794402778017,0.19011223607577676,-0.6072241742754312,0.40481612279545515,0.18177737030488256,10.461291111835951,4.270794627179879,42.904567511392216,25.79906706169366,-0.07709396498185939,0.0,5.174560886885047,-0.11406734164546606
P100_1100,420000,240,Omega_safe_one_step_QP,25.29887868379161,50.12910212295758,-38.207558438417436,0.6163968754497453,0.9473376274108887,False,False,-0.9473376274108887,-0.09473376721143723,-4.714105681301292,-4.7141056813013,197.23561698044193,197.23561698044193,201.94972266174324,199.08189109889383,-1.8462741184519018,-4.976161953720085,3.5585060150299155,0.9473376721143738,-0.007370902691036463,-0.0007370903040282428,0.2686354002123338,0.2686354002123442,213.30427013155665,213.30427013155665,213.03563473134432,212.79069475182357,0.5135753797330835,-3.0010934351120957,3.6492971898879047,0.0736129140034758,8.726516699251134,3.420455366270867,40.37837837569819,20.492473171856357,-0.6208827735813047,0.0,39.13658643983945,-0.30814522783984444
P100_1100,420000,241,Z_mode_existing_controller,25.309441678843932,50.12654344410386,-1.787743347178548,0.028793680624643325,0.9580647945404053,False,False,-0.9580647945404053,-0.09580647945404053,-3.6027014177035133,-3.6027014177034995,196.49912613776908,196.4991261377691,200.1018275554726,196.7745803942788,-0.2754542565096756,-3.7603943263897635,3.3790226055718784,0.9580647945404013,-0.0011998371919617057,-0.00011998372065136209,-0.10491901039356571,-0.10491901039356433,212.37562437493807,212.37562437493807,212.48054338533163,212.16029580226063,0.21532857267743566,-0.6072241742754312,0.40481612279545515,0.17278464006930996,9.358684353443268,3.7351468142966198,43.99527216257775,24.13960770511401,-0.02592903994411344,0.0,1.9428695307287853,-0.1291971436064614
P100_1100,420000,242,Z_mode_existing_controller,25.31254060282628,50.12652898406093,-8.744323830163012,0.14643177028541016,0.9529166221618652,False,False,-0.9529166221618652,-0.09529166668653488,-3.586709894549532,-3.586709894549526,195.57986809523464,195.57986809523464,199.16657798978417,196.16408016392347,-0.5842120686888279,-3.7639281788911667,3.3754887530704747,0.9529166668653469,-0.0015910216607153416,-0.00015910217189230025,-0.10699288123416917,-0.10699288123417194,212.18050680262823,212.18050680262823,212.2874996838624,212.02388788367966,0.15661891894856694,-0.6072241742754312,0.40481612279545515,0.17619996990706266,7.208884616219164,5.48816164040029,40.01561680873276,25.693483083709456,-0.13955629925867452,0.0,8.977851480791287,-0.09397135136914869
P100_1100,420000,243,Omega_safe_one_step_QP,25.359593152574256,50.12641933606495,-10.623821182954089,0.1705119838125005,0.9088521599769592,False,False,-0.9088521599769592,-0.0908852145075798,-3.3980312177732737,-3.398031217773271,186.17823494499223,186.17823494499223,189.5762661627655,186.82107556471,-0.6428406197177594,-3.738816303822312,4.795851664927689,0.9088521450757969,-0.02744033746421337,-0.0027440336998552084,0.4056864072309242,0.4056864072309263,210.64575744438505,210.64575744438505,210.24007103715414,210.0194718363626,0.6262856080224424,-2.7215370656930777,3.9288535593069227,0.10325821543282265,11.941550951412877,4.077691806607659,36.80702070969189,27.972666973514023,-0.1720017161662426,0.0,11.171594263933912,-0.37577136481345974
P100_1100,420000,244,Z_mode_existing_controller,25.311696001217783,50.12720349522261,-6.368628636090762,0.10470135511391349,0.921409547328949,False,False,-0.921409547328949,-0.09214095771312714,-3.4691563668736864,-3.4691563668736944,195.7531004285718,195.75310042857177,199.22225679544547,196.22616008913022,-0.47305966055844806,-3.765053514718833,3.3743634172428085,0.9214095771312734,-0.015621076337993145,-0.0015621077036485076,-0.19687116072853797,-0.19687116072853728,212.1349338739564,212.1349338739564,212.33180503468495,212.07228040588672,0.06265346806969774,-0.6072241742754312,0.40481612279545515,0.3242149589374523,8.266459235453851,5.737372707575238,39.31524925077968,24.04350967093174,-0.09942598916679746,0.0,6.505646706099469,-0.03759208084181864
P100_1100,420000,245,Z_mode_existing_controller,25.3443974239514,50.12638297056645,-11.823607763360087,0.20025117043807805,0.9166696667671204,False,False,-0.9166696667671204,-0.09166696667671204,-3.4542721455281353,-3.454272145528127,189.0342892502018,189.0342892502018,192.48856139572993,189.74856128319857,-0.7142720329967744,-3.7682845530501154,3.371132378911526,0.9166696667671178,0.002431141911074519,0.00024311419110745192,-0.07664393161759125,-0.07664393161757807,210.77609606440697,210.77609606440697,210.85273999602455,210.63789212067684,0.138203943730133,-0.6072241742754312,0.40481612279545515,0.12622015865727557,8.001078712638256,5.593276962481967,36.81705566849931,25.769165934522768,-0.18891199523114155,0.0,12.095442124828878,-0.0829223662380798
P100_1100,420000,246,Omega_safe_one_step_QP,25.37401824909905,50.125368770066345,-6.021860219382688,0.09947948492081546,0.8717395067214966,False,False,-0.8717395067214966,-0.0871739536523819,-2.9799824417018006,-2.979982441701798,183.39244199497116,183.39244199497116,186.37242443667296,183.84340432811263,-0.4509623331414616,-3.4184321312130583,5.1162358375369426,0.8717395365238177,-0.11139626055955887,-0.011139626614749432,0.010924882755294907,0.010924882755307397,209.5052694472064,209.50526944720642,209.4943445644511,209.31688684408203,0.18838260312438138,-2.646964418422776,4.003426206577224,0.002728883259383905,10.913893071956563,5.642668551068249,41.16837696739977,23.001264647666495,-0.09348975257410785,0.0,6.2283795338307755,-0.11302956187462598
P100_1100,420000,247,Omega_safe_one_step_QP,25.35677493366531,50.12286553307239,-9.229236886883882,0.14799925008551484,0.8803412914276123,False,False,-0.8803412914276123,-0.08803413063287735,-3.3306155810584976,-3.3306155810584976,186.69071832698458,186.69071832698458,190.0213339080431,187.26690415891633,-0.5761858319317525,-3.7833230783500706,4.75134489039993,0.8803413063287734,-0.12224119156599045,-0.012224119156599045,-0.09445777195108557,-0.09445777195108279,210.02146728533538,210.02146728533538,210.11592505728646,209.9005622111635,0.12090507417187268,-2.7091224677063113,3.9412681572936896,0.034866556634870705,11.893716637352917,3.6282510218923205,42.014695366241384,26.780339862869813,-0.1443733199911179,0.0,9.446153251378746,-0.07254304450312077
P100_1100,420000,248,Z_mode_existing_controller,25.308049338186354,50.123498626941654,-7.947180773736363,0.12786187593327555,0.935796856880188,False,False,-0.935796856880188,-0.09357968717813492,-3.524858205099339,-3.5248582050993296,196.31040876384344,196.31040876384347,199.8352669689428,196.84728818084255,-0.5368794169990849,-3.7666915880895684,3.372725343872073,0.9357968717813463,-0.014104235917329788,-0.001410423661582172,-0.1882654084992337,-0.18826540849924342,212.04648403461383,212.04648403461383,212.23474944311306,211.98065855267558,0.06582548193824778,-0.6072241742754312,0.40481612279545515,0.31004267694692933,9.405104494077866,4.324684302828594,42.51964169256,26.028836436441278,-0.12440445079429807,0.0,8.111080513695015,-0.03949528916294298
P100_1100,420000,249,Z_mode_existing_controller,25.314331437757765,50.12451237372262,-14.799018611309293,0.23721467506571373,0.9412908554077148,False,False,-0.9412908554077148,-0.09412908554077148,-3.5486482191742494,-3.5486482191742517,194.7342583078513,194.7342583078513,198.28290652702555,195.55709383192777,-0.8228355240764813,-3.769980552543637,3.3694363794180044,0.9412908554077154,-0.008597981184720993,-0.0008597981068305671,-0.15229624392195662,-0.15229624392196078,211.81575256783594,211.81575256783594,211.9680488117579,211.76028577427184,0.055466793564107775,-0.6072241742754312,0.40481612279545515,0.2508072806944617,9.9247149131621,4.507368798807454,40.151543392295174,26.378963560266758,-0.23529408681577024,0.0,15.067592774264085,-0.03328007613846751
P100_1100,420000,250,Z_mode_existing_controller,25.31164300299045,50.125468266794044,-21.18457061224308,0.32636618750929075,0.9444912075996399,False,False,-0.9444912075996399,-0.09444912523031235,-3.5637945608627026,-3.5637945608626946,194.93833788386715,194.93833788386715,198.50213244472985,195.99629316423216,-1.0579552803650074,-3.773242528369067,3.366174403592575,0.944491252303121,-0.008872577920556068,-0.000887257803697139,-0.15444164762042287,-0.1544416476204194,211.92195089433338,211.92195089433338,212.0763925419538,211.90857790457076,0.013372989762615362,-0.6072241742754312,0.40481612279545515,0.254340413579065,12.278833774900193,5.720125593769675,46.13433406257904,24.784415762627283,-0.3372279718581126,0.0,21.529822377958226,-0.00802379385756069
P100_1100,420000,251,Omega_safe_one_step_QP,25.286917782764043,50.126710789390394,-54.91827440956422,0.8738176961456257,0.9485921859741211,False,False,-0.9485921859741211,-0.09485922008752823,-4.82623412678346,-4.826234126783447,198.23972907641243,198.23972907641243,203.06596320319588,200.75739401857257,-2.5176649421601383,-5.0877860078653505,3.4468819608846504,0.94859220087528,-0.2766742408275604,-0.027667423710227013,-1.1427461923322404,-1.142746192332242,211.98628834379818,211.98628834379818,213.12903453613043,212.998796468515,-1.0125081247168168,-3.010433415590707,3.6399572094092933,0.37959523914865007,9.174840666866775,4.050451038999235,41.021705435906625,25.26362650473151,-0.8769442977840463,0.0,55.18771383251806,0.6075048748300844
P100_1100,420000,252,Z_mode_existing_controller,25.29583446301923,50.1274006980602,-10.317393268062915,0.15924398936114398,0.933881938457489,False,False,-0.933881938457489,-0.09338819235563278,-3.524446437782741,-3.5244464377827405,198.00467953604917,198.00467953604917,201.5291259738319,198.63462850922556,-0.629948973176397,-3.773974363227048,3.365442568734594,0.9338819235563272,-0.011308940127491951,-0.0011308940593153238,-0.16952930038428432,-0.16952930038429542,212.65677613164127,212.65677613164127,212.82630543202555,212.59805714088395,0.05871899075731335,-0.6072241742754312,0.40481612279545515,0.2791873373397656,11.527976535021557,4.920146885080528,45.34008493131344,27.010149813483736,-0.16137263321622797,0.0,10.513997295733134,-0.03523139445438517
P100_1100,420000,253,Omega_safe_one_step_QP,25.276684576744533,50.13015328058861,-53.933816929522436,0.8320975298022886,0.9569535255432129,False,False,-0.9569535255432129,-0.09569535404443741,-5.052231633212342,-5.0522316332123545,199.93082359387697,199.93082359387694,204.9830552270893,202.34443827537075,-2.4136146814938115,-5.279495210254692,3.2551727584953087,0.9569535404443764,-0.3572956621646881,-0.03572956845164299,-1.6174680183633012,-1.6174680183633143,212.11095226533993,212.1109522653399,213.72842028370323,213.54644857592163,-1.4354963105817262,-3.0703719903479874,3.580018634652013,0.5267987147641987,10.687606148585788,5.661343279703261,43.46555742707214,26.7045058415895,-0.85578047678408,0.0,53.928299619958125,0.8612977863490414
P100_1100,420000,254,Omega_safe_one_step_QP,25.27784415794464,50.132623520308925,-38.59828292079055,0.6088000665195301,0.9534808993339539,False,False,-0.9534808993339539,-0.09534808993339539,-5.031278651019858,-5.031278651019867,199.92430680625114,199.9243068062511,204.95558545727098,201.7547982013651,-1.8304913951139952,-5.27674823327286,3.2579197354771403,0.9534808993339554,-0.23343944549560547,-0.023343944922089577,-0.9847575409310743,-0.9847575409310666,212.86563984487927,212.86563984487927,213.85039738581034,213.57437789694993,-0.7087380520706574,-3.0825697005586985,3.567820924441302,0.31945994303148595,9.48478914571597,6.514394958285621,42.28919937819581,22.51719344374345,-0.614354004038546,0.0,38.787394093586954,0.42524283124240014
P100_1100,420000,255,Z_mode_existing_controller,25.303007273221358,50.13207872845967,7.245456644589467,-0.11538637837829949,0.9500269293785095,False,False,-0.9500269293785095,-0.09500269591808319,-3.5836601088401894,-3.583660108840192,196.64331546633372,196.6433154663337,200.2269755751739,196.55652624889285,0.08678921744083823,-3.772166751910102,3.3672501800515398,0.9500269591808325,-0.014705231413245201,-0.0014705231878906488,-0.19369219067569415,-0.19369219067569554,212.60140089867372,212.60140089867372,212.79509308934942,212.43997597991066,0.16142491876306053,-0.6072241742754312,0.40481612279545515,0.3189797094406169,10.086497243780155,4.0388847833703165,39.55587468319408,28.650164248409105,0.12230493132828002,0.0,-7.270906624659801,-0.09685495125783916
P100_1100,420000,256,Z_mode_existing_controller,25.29514089148229,50.13468119762346,-1.2444736585403007,0.019430477571746693,0.9438934326171875,False,False,-0.9438934326171875,-0.09438934177160263,-3.563616656550942,-3.563616656550941,197.8825862741336,197.8825862741336,201.44620293068454,198.14949886673597,-0.266912592602381,-3.775443911002111,3.3639730209595307,0.9438934177160255,-0.012349646538496017,-0.0012349647004157305,-0.17744592245616392,-0.1774459224561542,213.03426394897602,213.03426394897605,213.2117098714322,212.9210249692573,0.1132389797187443,-0.6072241742754312,0.40481612279545515,0.2922247334238482,10.91195845275013,3.489261698143959,37.823895843284625,25.046053816213945,-0.014660624178144843,0.0,1.3270776705494427,-0.06794338783124942
P100_1100,420000,257,Omega_safe_one_step_QP,25.269172241468226,50.13539387867517,-48.28450643547967,0.7553567771436646,0.9610755443572998,False,False,-0.9610755443572998,-0.09610755741596222,-5.197212781900583,-5.1972127819005935,201.06793611966194,201.06793611966194,206.26514890156253,203.2851504514406,-2.2172143317786492,-5.407704577702015,3.1269633910479855,0.9610755741596244,-0.38159823417663574,-0.038159824907779694,-1.7968218261964282,-1.7968218261964275,212.4913947320747,212.4913947320747,214.28821655827113,214.05327323739692,-1.5618785053222268,-3.1263516178047777,3.5240390071952223,0.5747344015827935,9.621994281315237,5.587512241817563,37.446432467123394,25.816877324367272,-0.7632427973771527,0.0,48.11062212966317,0.9371271031933475
P100_1100,420000,258,Omega_safe_one_step_QP,25.284132018684623,50.13671872907585,-27.867130870647998,0.40928294652868313,0.9411998987197876,False,False,-0.9411998987197876,-0.09411998838186264,-4.832596752705667,-4.832596752705672,198.70056958092795,198.70056958092792,203.5331663336336,200.01673350727643,-1.3161639263485085,-5.1345063209091215,3.400161647840879,0.9411998838186271,-0.055781226605176926,-0.005578122567385435,-0.05434561229598969,-0.05434561229597859,213.71226553480918,213.7122655348092,213.76661114710518,213.44076075477435,0.27150478003486,-3.0741910766881833,3.5761995483118167,0.017678020311777416,14.32510872370412,4.580758885281095,39.56784797237399,24.248702195395627,-0.44640295939610297,0.0,28.47643669806439,-0.1629028680209217
P100_1100,420000,259,Omega_safe_one_step_QP,25.21572546058417,50.13818838228073,-56.75895629110801,0.8400522434199433,0.9820489883422852,False,False,-0.9820489883422852,-0.09820490330457687,-6.387379563080567,-6.387379563080567,210.84207433058253,210.84207433058253,217.2294538936631,213.36870405452845,-2.5266297239459163,-6.504135076912072,2.0305328918379284,0.9820490330457687,-0.45799413323402405,-0.045799415558576584,-2.4336037395632344,-2.4336037395632384,214.32872520254693,214.32872520254693,216.76232894211017,216.3819441917589,-2.053218989211956,-3.3737628561886828,3.276627768811318,0.7213321870264658,10.726148915535031,3.7239650573875926,37.76170438176831,28.768321288937635,-0.8952464859502882,0.0,56.42227138353064,1.2319313935271907
P100_1100,420000,260,Omega_safe_one_step_QP,25.20578076673661,50.14316822122878,-43.639530915511386,0.6678150842009201,0.9677683115005493,False,False,-0.9677683115005493,-0.09677683562040329,-6.500183910262819,-6.500183910262813,212.85465254041443,212.85465254041443,219.35483645067725,214.92135673482514,-2.066704194410704,-6.716673332613487,1.8179946361365134,0.9677683562040322,-0.3872974216938019,-0.03872974216938019,-2.1349100494632,-2.1349100494632003,215.35375581968253,215.35375581968253,217.48866586914573,217.0118445211751,-1.6580887014925736,-3.446396548892238,3.203994076107762,0.6194615213822148,8.394467916486217,6.102276611804662,35.53573395984211,27.47254204262804,-0.6873562526267027,0.0,43.33203394724205,0.9948532208955498
P100_1100,420000,261,Omega_safe_one_step_QP,25.251479392000384,50.146792700079445,-10.460283203105973,0.16242180151560623,0.9570949077606201,False,False,-0.9570949077606201,-0.09570949524641037,-5.583135861229098,-5.583135861229083,204.93915706187977,204.93915706187977,210.52229292310886,205.57909461016578,-0.6399375482860137,-5.833418979856647,2.7012489888933535,0.9570949524641011,-0.3447032868862152,-0.0344703309237957,-1.7497947692145077,-1.7497947692145213,214.04699313164772,214.0469931316477,215.79678790086223,215.23244300404093,-1.1854498723932352,-3.277208752063886,3.373181872936114,0.533928382838766,9.552808280097496,4.21588573703884,36.06386007376592,23.15073049959148,-0.15214727026389596,0.0,9.901160549934502,0.7112699234359354
P100_1100,420000,262,Omega_safe_one_step_QP,25.259182427480553,50.14695824740779,-1.2461795941380842,0.019348727500906944,0.9581474661827087,False,False,-0.9581474661827087,-0.09581474959850311,-5.464153173719807,-5.464153173719801,203.75225923114212,203.75225923114212,209.21641240486193,204.00895859761343,-0.25669936647130953,-5.702830928031954,2.831837040718046,0.9581474959850299,-0.3059631884098053,-0.03059631958603859,-1.5208115452012227,-1.5208115452012116,213.9929598593162,213.9929598593162,215.5137714045174,214.90201507449896,-0.9090552151827751,-3.2489071024294045,3.4014835225705955,0.46809942459235254,9.927024901536045,5.994744672305481,41.628208371162614,24.321891096996115,-0.00490871235843926,0.0,0.7056551773875981,0.5454331291096821
P100_1100,420000,263,Omega_safe_one_step_QP,25.27667528630054,50.14815793892192,14.568821092764665,-0.23202339744612868,0.9334778785705566,False,False,-0.9334778785705566,-0.09334778785705566,-5.019871808561103,-5.019871808561105,200.94424383647163,200.94424383647163,205.96411564503273,200.56200469187706,0.3822391445945641,-5.377601252049036,3.1570667167009647,0.933477878570557,-0.05829335376620293,-0.005829335656017065,-0.17280324797175028,-0.17280324797176,214.70184168185932,214.70184168185932,214.87464492983108,214.22719326814877,0.474648413710554,-3.184994454960773,3.4653961700392277,0.05425543134073942,9.18011555636518,4.6659049285583025,43.11856021792451,24.503329788160748,0.2380153676076695,0.0,-14.522047412146094,-0.28478904822634377
P100_1100,420000,264,Omega_safe_one_step_QP,25.293058011826197,50.14886668828282,23.34858126762265,-0.3645354178830632,0.9417064785957336,False,False,-0.9417064785957336,-0.09417065232992172,-4.778606890615731,-4.7786068906157215,198.15361632214845,198.15361632214845,202.93222321276417,197.43282063669764,0.7207956854508097,-5.07441200882218,3.460255959927821,0.9417065232992152,-0.019965019077062607,-0.001996502047404647,0.08641861313697999,0.08641861313696819,214.34093638215612,214.34093638215612,214.25451776901915,213.5885702969096,0.752366085246507,-3.12298173887958,3.52740888612042,0.02449917657037336,11.100043584156271,5.317042755863177,39.32982916360165,21.515009702820482,0.37911307175323117,0.0,-23.276274688228114,-0.4514196511478872
P100_1100,420000,265,Omega_safe_one_step_QP,25.281635051526195,50.14761968346348,16.411071769484806,-0.257249959941431,0.951008677482605,False,False,-0.951008677482605,-0.09510087221860886,-5.0605691991650525,-5.060569199165067,200.34018151847505,200.34018151847505,205.4007507176401,199.89223390356966,0.44794761490538804,-5.3212647593097735,3.2134032094402265,0.9510087221860913,-0.03328101336956024,-0.0033281014766544104,-0.023140237504985436,-0.023140237504992722,214.673755949108,214.67375594910797,214.69689618661297,214.02832415866897,0.6454317904390052,-3.1672195806389616,3.483171044361039,0.00730616773350598,10.295638027934181,5.398623643473933,45.6692374915461,24.59337572107796,0.26687824531421356,0.0,-16.29069094053557,-0.38725907426339745
P100_1100,420000,266,Omega_safe_one_step_QP,25.28744243367949,50.14883945358686,19.774760695891928,-0.318768468110533,0.9502034187316895,False,False,-0.9502034187316895,-0.0950203463435173,-4.964941172226929,-4.964941172226936,199.4745098297236,199.4745098297236,204.43945100195052,198.86641742537066,0.6080924043529308,-5.225134787740815,3.309533181009186,0.9502034634351741,-0.02098032832145691,-0.002098032971844077,0.05489491189191141,0.054894911891910717,214.603588330697,214.603588330697,214.54869341880507,213.86793788265032,0.7356504480466697,-3.1523993038581737,3.4979913211418268,0.01569326703589182,8.836777067363368,4.890794784681412,39.02157131338376,22.644988236755367,0.3196715354354813,0.0,-19.65304196249963,-0.4413902688280018
P100_1100,420000,267,Z_mode_existing_controller,25.308249202631597,50.147812883198974,57.03417106861798,-0.8880001841205565,0.9403020739555359,False,False,-0.9403020739555359,-0.09403020888566971,-3.5313017757906184,-3.5313017757906238,197.01236149368464,197.01236149368464,200.54366326947525,194.91680740397106,2.0955540897135734,-3.755497108471055,3.3839198234905865,0.9403020888566984,-0.006791643798351288,-0.0006791643681935966,-0.14021402415794887,-0.14021402415795858,213.50449999189183,213.50449999189183,213.6447140160498,212.95286144611353,0.5516385457783031,-0.6072241742754312,0.40481612279545515,0.2309098189729825,11.853684396561672,4.325852934973993,33.03375423416105,26.481537568938368,0.9285047626196032,0.0,-57.63169270377057,-0.3309831274669648
P100_1100,420000,268,Omega_safe_one_step_QP,25.27173953142327,50.149040672163174,-4.417141166897636,0.06562960990483767,0.950036346912384,False,False,-0.950036346912384,-0.0950036346912384,-5.245551917596032,-5.2455519175960434,202.1567746905432,202.1567746905432,207.40232660813922,202.5321114253116,-0.37533673476841045,-5.521422348359686,3.0132456203903155,0.9500363469123859,-0.24665774405002594,-0.024665774777531624,-1.1815021061210593,-1.1815021061210513,214.0061963638251,214.0061963638251,215.18769846994616,214.62264828293183,-0.616451919106737,-3.2162998089722805,3.4340908160277204,0.36734824994395726,12.994164143879035,7.0356988776738,38.57922722628405,28.103560401571205,-0.05778792197119742,0.0,4.105057937405036,0.36987115146402516
P100_1100,420000,269,Omega_safe_one_step_QP,25.253248738109658,50.15291088129769,-9.358255843541883,0.15022991100510277,0.9545186161994934,False,False,-0.9545186161994934,-0.09545186161994934,-5.632647615949937,-5.6326476159499235,205.5658039748891,205.5658039748891,211.19845159083903,206.1601811597229,-0.5943771848338031,-5.901034846629663,2.633633122120337,0.9545186161994913,-0.3351673185825348,-0.03351673111319542,-1.7394975363666525,-1.7394975363666396,214.46856216531026,214.4685621653103,216.20805970167692,215.61433484168964,-1.1457726763793517,-3.3183359321453576,3.332054692854643,0.5242077872573999,7.476153950544397,6.024345715533061,38.48130754997375,24.235036054357472,-0.1362707835236847,0.0,8.80706302123781,0.6874636058276167
P100_1100,420000,270,Z_mode_existing_controller,25.30688211794525,50.15336679476152,46.9562467084379,-0.7707818346850408,0.9320229887962341,False,False,-0.9320229887962341,-0.09320230036973953,-3.4995628076549936,-3.499562807654982,197.31285351942873,197.31285351942876,200.81241632708372,195.51324918956618,1.799604329862575,-3.7548030400236936,3.384613891937948,0.9320230036973921,-0.01754695549607277,-0.001754695549607277,-0.21072039820302368,-0.21072039820301225,213.79243655760916,213.79243655760916,214.0031569558122,213.36170189782206,0.430734659787106,-0.6072241742754312,0.40481612279545515,0.347022413023088,8.54172840577676,6.2514627257025195,42.79637783957099,27.704494997166538,0.7638207056798345,0.0,-47.461626618245646,-0.258440795872275
P100_1100,420000,271,Z_mode_existing_controller,25.341428181169206,50.155223134101696,34.91793299735946,-0.5639190097633207,0.9123069047927856,False,False,-0.9123069047927856,-0.09123069047927856,-3.428722900251533,-3.428722900251539,190.23043204764474,190.23043204764474,193.65915494789627,189.00406782682845,1.2263642208162935,-3.7582998465086783,3.3811170854529635,0.9123069047927871,-0.01469416543841362,-0.001469416543841362,-0.18980136122972377,-0.1898013612297189,212.39950185793708,212.39950185793708,212.5893032191668,212.05456758752138,0.3449342704157061,-0.6072241742754312,0.40481612279545515,0.3125721426624672,11.039817885189711,2.7600708456093255,41.74458814484888,23.39157481002916,0.570466060830384,0.0,-35.281438495941075,-0.20696056224942083
P100_1100,420000,272,Z_mode_existing_controller,25.301735168316043,50.154044444994,17.41995411298467,-0.2813494889961644,0.9429944753646851,False,False,-0.9429944753646851,-0.09429945051670074,-3.5471827683184123,-3.5471827683184234,197.6463774582019,197.64637745820187,201.1935602265203,197.11576318452833,0.5306142736735353,-3.7616155225530132,3.377801409408628,0.9429945051670102,-0.009507454931735992,-0.0009507454815320671,-0.1585015603641063,-0.15850156036411253,213.97890724005111,213.97890724005111,214.13740880041522,213.70024179325944,0.2786654467916776,-0.6072241742754312,0.40481612279545515,0.26102643320029895,9.126831161097694,5.292320730188399,40.48597456357158,22.48019719457873,0.2856529508056713,0.0,-17.538407795715102,-0.1671992680749952
P100_1100,420000,273,Z_mode_existing_controller,25.320082960372886,50.15282340666848,8.03243978358023,-0.13027721145777515,0.9302639961242676,False,False,-0.9302639961242676,-0.09302639961242676,-3.5024939195911924,-3.5024939195911897,193.77268031048402,193.77268031048402,197.2751742300752,193.64218862688676,0.13049168359725627,-3.7650537204315477,3.3743632115300937,0.9302639961242668,-0.010017931461334229,-0.0010017931926995516,-0.1605993788298593,-0.16059937882985792,213.07686277066864,213.07686277066864,213.2374621494985,212.875706223274,0.20115654739464617,-0.6072241742754312,0.40481612279545515,0.2644812009032624,9.680292279352123,5.217050313567229,41.14364764930012,22.562525110603435,0.13419221040684803,0.0,-8.045938065550217,-0.12069392843679339
P100_1100,420000,274,Z_mode_existing_controller,25.326490105108917,50.15126832885864,-0.6950065021064802,0.011304393898803682,0.9272238612174988,False,False,-0.9272238612174988,-0.09272238612174988,-3.494107126563083,-3.4941071265630894,192.23329753627456,192.23329753627456,195.72740466283764,192.47062193667105,-0.2373244003964885,-3.768353331605507,3.371063600356135,0.9272238612175003,-0.00232452480122447,-0.00023245248303283006,-0.10925828304988033,-0.10925828304986646,212.71489711735447,212.7148971173545,212.82415540040435,212.5271086504391,0.18778846691540707,-0.6072241742754312,0.40481612279545515,0.17993072028174545,9.784944356009845,4.463984329577965,42.157041805658196,27.583428464012744,-0.007411547742076863,0.0,0.815091129998109,-0.11267308014923572
P100_1100,420000,275,Z_mode_existing_controller,25.324285525293877,50.152605814997095,-9.063614607861382,0.14590571877396546,0.9361793398857117,False,False,-0.9361793398857117,-0.09361793845891953,-3.5308705492152606,-3.5308705492152717,192.3196046162801,192.31960461628006,195.85047516549534,192.9049580374653,-0.585353421185232,-3.771574772247993,3.3678421597136485,0.9361793845891982,-0.00509236054494977,-0.0005092360661365092,-0.1285247713663562,-0.12852477136634788,212.80532830687034,212.80532830687034,212.9338530782367,212.69113852062105,0.114189786249284,-0.6072241742754312,0.40481612279545515,0.21165951029487545,10.294729371703069,4.711604718716828,36.16955739047346,24.598100146648594,-0.14234145327538528,0.0,9.27446993288686,-0.06851387174955903
P100_1100,420000,276,Z_mode_existing_controller,25.313809773451304,50.15183819817953,-14.98399484798756,0.24406998703621466,0.9347872734069824,False,False,-0.9347872734069824,-0.0934787318110466,-3.5286267342557722,-3.5286267342557776,194.10072757952605,194.10072757952605,197.62935431378182,194.9448965853555,-0.8441690058294569,-3.7747909774689377,3.3646259544927037,0.9347873181104672,-0.01205853745341301,-0.0012058537686243653,-0.17459330490421815,-0.17459330490423136,213.1015521014081,213.1015521014081,213.2761454063123,213.08016444087235,0.02138766053573704,-0.6072241742754312,0.40481612279545515,0.28752693371037874,9.11133427272489,4.20588075027833,39.25976365486985,19.267122126632408,-0.23828273830624802,0.0,15.235110182615244,-0.012832596321445067
P100_1100,420000,277,Z_mode_existing_controller,25.320883730266768,50.14806269039381,-19.402282013983495,0.33000958215666476,0.9398073554039001,False,False,-0.9398073554039001,-0.09398073703050613,-3.550536009149112,-3.5505360091491176,192.43954219325562,192.43954219325562,195.99007820240473,193.5061735481115,-1.066631354855872,-3.7779401623511526,3.3614767696104892,0.9398073703050625,-0.0050555020570755005,-0.0005055502406321466,-0.1286474426956799,-0.1286474426956674,212.58648627484774,212.58648627484774,212.7151337175434,212.55538433225095,0.031101942596791332,-0.6072241742754312,0.40481612279545515,0.21186153013287995,6.9113531419655185,5.184329098688294,37.000036796554916,25.69560671868712,-0.3114167108864878,0.0,19.732359890428597,-0.018661165558086168
P100_1100,420000,278,Omega_safe_one_step_QP,25.367404399643824,50.14720424308001,-13.252904394772486,0.22138222576400401,0.9078088998794556,False,False,-0.9078088998794556,-0.09078089147806168,-3.11872670207787,-3.1187267020778746,183.42381656179217,183.42381656179217,186.54254326387004,184.20302830902955,-0.7792117472373832,-3.435444013932767,5.099223954817235,0.9078089147806178,0.00014892593026161194,1.4892592844262253e-05,0.5111944978458696,0.511194497845862,211.1653137452162,211.16531374521617,210.65411924737032,210.52035630700917,0.6449574382070011,-2.7629418867146955,3.887448738285305,0.13149871091839585,10.142556481555733,4.396677172507103,35.81414844725655,21.894794173492024,-0.21554684911961886,0.0,13.855425706816277,-0.3869744629242007
P100_1100,420000,279,Omega_safe_one_step_QP,25.349207753678478,50.143364063775465,-17.320548156349105,0.28289216702487663,0.9375767111778259,False,False,-0.9375767111778259,-0.09375767409801483,-3.583700824502308,-3.5837008245023028,186.82741560512576,186.82741560512576,190.41111642962807,187.77318232709976,-0.945766721973996,-3.8223013305085694,4.7123666382414315,0.9375767409801467,0.0066862450912594795,0.0006686245324090123,0.5065656902420792,0.5065656902420792,211.7518030197602,211.7518030197602,211.24523732951812,211.06226243045552,0.68954058930467,-2.822053694929476,3.8283369300705243,0.13232003856900532,10.654217700304294,6.744492005161427,39.09405410387087,20.895820707407843,-0.2817201994199863,0.0,18.01599270935276,-0.4137243535828077
P100_1100,420000,280,Omega_safe_one_step_QP,25.347659472879588,50.139835903636445,-12.867329820381201,0.21346392653206656,0.9620171189308167,False,False,-0.9620171189308167,-0.09620171040296555,-3.732738308850092,-3.732738308850103,187.25652846667688,187.25652846667685,190.98926677552697,188.03348689432443,-0.7769584276475712,-3.8801163650984587,4.654551603651543,0.9620171040296582,0.03643784299492836,0.003643784439191222,0.6828530607007222,0.6828530607007277,211.83453420708372,211.83453420708372,211.151681146383,210.91684399319303,0.9176902138906939,-2.8126980766159644,3.8376925483840365,0.17793323777024853,9.651556436251681,5.05603903369199,44.29109703822917,27.41696400162575,-0.21216754802812687,0.0,13.630111496743666,-0.5506141283344164
P100_1100,420000,281,Omega_safe_one_step_QP,25.34908938524991,50.14042815944183,-1.434737149917055,0.024068214111529238,0.9130235910415649,False,False,-0.9130235910415649,-0.09130235761404037,-3.5369694423968543,-3.5369694423968596,187.39021484967216,187.39021484967216,190.92718429206903,187.67497982620813,-0.28476497653596766,-3.8739081167526646,4.660759851997336,0.9130235761404051,-0.04479450732469559,-0.004479450639337301,0.23394748256991837,0.23394748256991907,211.39240633227487,211.39240633227487,211.15845884970494,210.874748651833,0.5176576804418858,-2.8133758469481607,3.8370147780518393,0.060971222708894754,9.067746538250036,4.448309549121201,44.79980452667525,23.036099669125385,-0.022880836117405323,0.0,1.7682125943001665,-0.3105946082651343
P100_1100,420000,282,Omega_safe_one_step_QP,25.355219555014465,50.13828540911402,5.963417424888576,-0.09729998455612911,0.9132672548294067,False,False,-0.9132672548294067,-0.09132672846317291,-3.4501442258376205,-3.4501442258376107,186.5159926013888,186.5159926013888,189.96613682722642,186.49493952104797,0.02105308034083464,-3.777803370268404,4.756864598481597,0.9132672846317267,-0.03556656464934349,-0.0035566564183682203,0.31340775813671273,0.3134077581367148,211.12954811326446,211.12954811326446,210.81614035512774,210.49485358348178,0.6346945297826778,-2.77914399749044,3.8712466275095605,0.08095783820891189,11.028833440922533,4.223796067657137,43.52165928864773,26.294178252170468,0.09732767378361018,0.0,-5.679928380803176,-0.3808167178696067
P100_1100,420000,283,Z_mode_existing_controller,25.326830885737397,50.138440343456466,8.55258213209072,-0.14087567251359234,0.9184728860855103,False,False,-0.9184728860855103,-0.09184729307889938,-3.4614798709481476,-3.4614798709481436,192.31707974347668,192.31707974347668,195.77855961442484,192.16552659003287,0.15155315344381393,-3.7687336827386306,3.3706832492230108,0.9184729307889926,-0.010616526007652283,-0.0010616526706144214,-0.16337679223274656,-0.16337679223273477,211.8894258150306,211.88942581503062,212.05280260726335,211.7075476538615,0.1818781611691236,-0.6072241742754312,0.40481612279545515,0.26905515154709336,9.083300930827583,3.4772834894615654,38.13167042427704,25.37031068614768,0.14261153797403558,0.0,-8.58606677336229,-0.10912689670146847
P100_1100,420000,284,Z_mode_existing_controller,25.327040526424557,50.138017144190094,-0.6519874190962582,0.010198923970684077,0.9248485565185547,False,False,-0.9248485565185547,-0.09248485416173935,-3.4884366629959915,-3.4884366629959884,191.96300080144144,191.96300080144144,195.45143746443742,192.20099194092373,-0.23799113948228978,-3.7719004853436267,3.367516446618015,0.9248485416173926,-0.0056907981634140015,-0.0005690798279829323,-0.1313477186159845,-0.13134771861597547,211.83349431425398,211.83349431425398,211.96484203286997,211.68159831702818,0.15189599722580738,-0.6072241742754312,0.40481612279545515,0.21630844781946607,12.238038537341298,4.500690629976156,42.09079060942918,24.166878772563567,-0.004767100204880137,0.0,0.7478921176361837,-0.09113759833549295
P100_1100,420000,285,Omega_safe_one_step_QP,25.286007663875257,50.13799543220709,-41.48505094644315,0.636209858554282,0.94382643699646,False,False,-0.94382643699646,-0.094382643699646,-4.819529890328467,-4.819529890328453,198.43230382503805,198.43230382503805,203.2518337153665,200.33439506236942,-1.9020912373313763,-5.106373059082412,3.428294909667588,0.9438264369964572,-0.15325242280960083,-0.015325242653489113,-0.5491218117603267,-0.5491218117603349,213.08676529821014,213.08676529821014,213.63588710997047,213.4117894255869,-0.3250241273767642,-3.0611186729747124,3.589271952025288,0.1793859926465096,11.519007114053718,4.489483231823366,41.585787608501285,24.983712878158926,-0.6638292501016991,0.0,41.9538657201183,0.19501447642605285
P100_1100,420000,286,Omega_safe_one_step_QP,25.261582445141247,50.139250222402,-42.356858700488374,0.6430526317959564,0.9476711750030518,False,False,-0.9476711750030518,-0.09476711601018906,-5.315385659702905,-5.315385659702901,202.9616424367824,202.9616424367824,208.2770280964853,204.89289717048248,-1.9312547337000865,-5.608892497194293,2.925775471555708,0.9476711601018898,-0.3227684795856476,-0.03227685019373894,-1.5384262904796293,-1.5384262904796153,213.2289758975822,213.22897589758222,214.76740218806182,214.4666910934085,-1.237715195826297,-3.1742701807838483,3.4761204442161517,0.48465511845614834,11.070772430580138,3.3722149366900407,36.8005294848774,27.351826820089418,-0.6692610114944451,0.0,42.283490594486466,0.7426291174957811
P100_1100,420000,287,Omega_safe_one_step_QP,25.23572643474048,50.14213545990119,-41.85702096523801,0.6852960966613632,0.9645352363586426,False,False,-0.9645352363586426,-0.09645352512598038,-5.919593039318246,-5.919593039318241,207.6410004279723,207.6410004279723,213.56059346729054,209.70720446132506,-2.0662040333527614,-6.1372490342748165,2.397418934475184,0.9645352512598026,-0.4230697453022003,-0.04230697453022003,-2.1819167199255816,-2.181916719925586,213.86609247308547,213.86609247308544,216.04800919301104,215.66866696259365,-1.8025744895082028,-3.3023308812787677,3.3480597437212323,0.6607201998730904,5.599433275484475,4.952286432443688,36.090416522811836,23.386997580267998,-0.6589438609908278,0.0,41.43442013252388,1.0815446937049273
P100_1100,420000,288,Z_mode_existing_controller,25.312750881940815,50.14176350742302,25.35917048815918,-0.4117246150443786,0.9364293217658997,False,False,-0.9364293217658997,-0.0936429351568222,-3.5283378732112305,-3.5283378732112167,195.0681186624196,195.0681186624196,198.59645653563084,194.21839616072205,0.8497225016975563,-3.7678633922595273,3.371553539702114,0.9364293515682184,-0.006836875807493925,-0.0006836875691078603,-0.14012212941767466,-0.14012212941768715,212.67677202120672,212.67677202120672,212.8168941506244,212.34558252004544,0.3311895011612762,-0.6072241742754312,0.40481612279545515,0.23075848319920325,9.470824146593039,5.263566679609246,36.41363320156876,23.555326661867554,0.41464285841885484,0.0,-25.57509964588189,-0.1987137006967714
P100_1100,420000,289,Z_mode_existing_controller,25.32210705385417,50.14063694435473,14.875548889257516,-0.23420129541629656,0.9280319809913635,False,False,-0.9280319809913635,-0.09280320256948471,-3.499753689680072,-3.499753689680059,192.9631522733391,192.9631522733391,196.46290596301915,192.57705165570763,0.3861006176314561,-3.7711561592496725,3.3682607727119693,0.9280320256948433,-0.0030344612896442413,-0.0003034461406059563,-0.11404936354634104,-0.11404936354633688,212.18911663163234,212.18911663163234,212.3031659951787,211.91485060994586,0.2742660216864863,-0.6072241742754312,0.40481612279545515,0.18782085492960818,11.740460072711043,3.9040800195788803,40.553239870194446,26.831102907716854,0.24622040177253268,0.0,-14.957209678018444,-0.16455961301188893
P100_1100,420000,290,Omega_safe_one_step_QP,25.283293660221176,50.142091646505186,-28.28416178401767,0.46160736261276936,0.9500101208686829,False,False,-0.9500101208686829,-0.09500101208686829,-4.903670182589126,-4.903670182589124,198.90146390689964,198.90146390689964,203.80513408948877,200.35653469528214,-1.4550707883824998,-5.161703096494639,3.3729648722553622,0.9500101208686824,-0.06491167843341827,-0.006491167936474085,-0.11820442534267936,-0.1182044253426745,213.84319802573313,213.84319802573313,213.9614024510758,213.64856168034183,0.19463634539130226,-3.0936702070852458,3.5567204179147542,0.03820847647947673,7.783322973221682,4.544976729231918,42.73580549755619,28.712118225314796,-0.4565702139540928,0.0,28.857513805207418,-0.11678180723478704
P100_1100,420000,291,Z_mode_existing_controller,25.318941974868796,50.144581253468516,11.96964490087521,-0.19798978862770739,0.9480950236320496,False,False,-0.9480950236320496,-0.09480950236320496,-3.576131016998528,-3.5761310169985294,193.3953790321841,193.3953790321841,196.97151004918263,193.10241952709464,0.29295950508947044,-3.771912021327522,3.36750491063412,0.9480950236320498,-0.010206853039562702,-0.0010206853039562702,-0.16365713929715128,-0.16365713929715822,212.46745827471895,212.46745827471895,212.6311154140161,212.24739164895948,0.2200666257594719,-0.6072241742754312,0.40481612279545515,0.2695168378176671,8.63319047603986,6.304350139854909,38.174843964526296,30.565586082463827,0.19766300941623172,0.0,-12.035267934837066,-0.13203997545568313
P100_1100,420000,292,Omega_safe_one_step_QP,25.347930485024328,50.14731472309254,5.122783876404355,-0.0853726679700935,0.9020692110061646,False,False,-0.9020692110061646,-0.09020692110061646,-3.49411605819952,-3.494116058199509,187.42844353118767,187.4284435311877,190.9225595893872,187.44530080446768,-0.016857273279981655,-3.873445646484483,4.661222322265518,0.9020692110061616,-0.002121277619153261,-0.00021212776482570916,0.4195619442638042,0.4195619442638181,211.92260521077375,211.92260521077378,211.50304326650996,211.18581751529246,0.7367876954813255,-2.847834288628661,3.8025563363713393,0.11033681217309536,9.515443143369028,5.375371731766953,40.60921963671778,24.066804629506272,0.08191734875180501,0.0,-4.762628607867555,-0.442072617288801
P100_1100,420000,293,Omega_safe_one_step_QP,25.352761165020567,50.14560510143525,11.232904442333165,-0.18518747059360888,0.8960195779800415,False,False,-0.8960195779800415,-0.08960195630788803,-3.4072964148808955,-3.4072964148808818,186.80783820853665,186.80783820853668,190.21513462341755,186.56651853716915,0.24131967136753474,-3.8027031498875186,4.731964818862482,0.8960195630788765,-0.04877142980694771,-0.004877143073827028,0.19724493591932873,0.19724493591931416,211.43697302842367,211.43697302842367,211.23972809250435,210.89305285917126,0.5439201692524023,-2.8215027712281002,3.8288878537719007,0.05151494205425863,10.392913600741245,5.63547889604977,45.56922813034839,27.51585311012223,0.18356685617058588,0.0,-11.0901191969524,-0.3263521015514357
P100_1100,420000,294,Z_mode_existing_controller,25.347876925656657,50.14650455154354,14.157150694898519,-0.23550046041116565,0.8967655897140503,False,False,-0.8967655897140503,-0.08967655897140503,-3.3811335596496304,-3.3811335596496193,188.00654717407943,188.00654717407946,191.38768073372907,187.6239269791987,0.38262019488075794,-3.7703649631870526,3.3690519687745892,0.8967655897140473,-0.01845495216548443,-0.0018454951932653785,-0.21317530661250708,-0.21317530661252027,211.31494659204077,211.31494659204074,211.52812189865327,211.16104040116235,0.15390619087838786,-0.6072241742754312,0.40481612279545515,0.3510652501061757,9.580246532469108,3.2067266519858872,43.3981860450166,25.170166553111137,0.2343356305628781,0.0,-14.299142610933814,-0.09234371452703272
P100_1100,420000,295,Z_mode_existing_controller,25.335920990087736,50.145790876975425,1.5878013622568687,-0.02552937562507183,0.9332506060600281,False,False,-0.9332506060600281,-0.09332506358623505,-3.5215071604835404,-3.5215071604835306,189.95492146635098,189.95492146635098,193.47642862683452,190.1063703541825,-0.15144888783152055,-3.773377724226855,3.366039207734787,0.9332506358623477,0.0024293612223118544,0.0002429361193208024,-0.07833380464886686,-0.0783338046488731,211.8605061666604,211.8605061666604,211.93883997130928,211.63881744247925,0.22168872418114915,-0.6072241742754312,0.40481612279545515,0.1290031062125363,11.052355974095772,5.8387520728849225,41.2002524135225,22.536702700713136,0.030345763137013648,0.0,-1.4851338908856633,-0.13301323450869518
P100_1100,420000,296,Z_mode_existing_controller,25.323902585990133,50.14403359862232,-7.4073180124114515,0.12407022666948134,0.9447075128555298,False,False,-0.9447075128555298,-0.09447075426578522,-3.567739044806172,-3.567739044806175,192.0069912399255,192.00699123992547,195.57473028473166,192.5437649959827,-0.5367737560572436,-3.776553995502832,3.3628629364588094,0.9447075426578526,-0.004711842630058527,-0.0004711842630058527,-0.12686372821014702,-0.126863728210138,212.1655720048855,212.1655720048855,212.29243573309563,212.0519515013425,0.11362050354298958,-0.6072241742754312,0.40481612279545515,0.20892404088081282,8.01579092250973,4.106660013377573,38.181014694696685,26.93345229695967,-0.11656892677198227,0.0,7.592059241309471,-0.06817230212578806
P100_1100,420000,297,Omega_safe_one_step_QP,25.346108550504074,50.1442166285294,-11.42185094440265,0.19246779038849823,0.9053739905357361,False,False,-0.9053739905357361,-0.09053739905357361,-3.5050847223991015,-3.505084722399096,187.39723770863165,187.39723770863165,190.90232243103074,188.11556940852134,-0.7183316998896885,-3.871421930648837,4.663246038101164,0.9053739905357348,-0.01237905491143465,-0.0012379054678604007,0.38504754544385966,0.38504754544385966,211.69650548506158,211.69650548506158,211.31145793961772,211.1135494966117,0.5829559884498678,-2.8286757559394373,3.8217148690605636,0.1007525570683169,8.700266492120106,6.206981716416873,40.69073700769743,27.31905871518783,-0.1859244831171818,0.0,11.957549020589795,-0.3497735930699264
P100_1100,420000,298,Omega_safe_one_step_QP,25.369447433483387,50.14425672172991,5.962331753066792,-0.10262136178575909,0.8882079124450684,False,False,-0.8882079124450684,-0.08882079273462296,-3.0506022407152638,-3.050602240715265,183.4830876185661,183.48308761856606,186.53368985928134,183.44577289434844,0.03731472421762305,-3.434558673473895,5.100109295276106,0.8882079273462299,-0.0984111875295639,-0.009841118939220905,0.012274952809637751,0.012274952809647466,210.37876556874406,210.3787655687441,210.36649061593442,210.11774121601684,0.26102435272724733,-2.734179023571109,3.9162116014288912,0.00313439468009562,8.556768891207941,7.906382513037165,37.7195646352857,25.785507843616383,0.09954045263288691,0.0,-5.905257594063187,-0.15661461163635693
P100_1100,420000,299,Omega_safe_one_step_QP,25.402859375700714,50.142563589181535,17.877761581390587,-0.3119784515131976,0.9558864235877991,False,False,-0.9558864235877991,-0.09558864682912827,-2.677141841954617,-2.677141841954617,177.5178630513742,177.5178630513742,180.19500489332881,176.9311985708999,0.5866644804742975,-2.800690176878645,5.733977791871356,0.9558864682912831,-0.4735190272331238,-0.0473519042134285,-1.7617808597026121,-1.761780859702615,207.13948167707358,207.13948167707358,208.9012625367762,208.62096852120627,-1.4814868441326894,-2.5876562156552843,4.062734409344716,0.6808403871595714,9.325617208383118,5.93239710384032,39.33501662702845,30.895693519533317,0.31051975497010176,0.0,-19.07717344283992,0.8888921064796023
P100_1100,420000,300,Omega_safe_one_step_QP,25.406357246489,50.14336947974727,24.54251474547982,-0.42586725751526666,0.926906943321228,False,False,-0.926906943321228,-0.09269069880247116,-2.5519073253080697,-2.551907325308078,177.16762406849702,177.16762406849702,179.71953139380508,176.38462642688162,0.7829976416153954,-2.753142826926272,5.781525141823729,0.9269069880247144,0.13838191330432892,0.013838191516697407,1.4109304224870813,1.4109304224870751,210.24310861119866,210.24310861119866,208.8321781887116,208.53478785896988,1.7083207522287864,-2.580747780848824,4.0696428441511765,0.3466963752150489,9.79190715871337,5.325762753576167,37.53154040204281,23.88888172629629,0.3879192777605489,0.0,-23.905441571902884,-1.024992451337269
P100_1100,420000,301,Omega_safe_one_step_QP,25.396924497219317,50.139800452181085,19.213861006968727,-0.32601237656170307,0.9282694458961487,False,False,-0.9282694458961487,-0.0928269475698471,-2.752509978458945,-2.752509978458939,179.08765055525154,179.08765055525154,181.84016053371047,178.47546012728662,0.6121904279649186,-2.9652057409168107,5.569462227833191,0.9282694756984693,-0.3343641757965088,-0.03343641757965088,-1.072536551364525,-1.0725365513645198,207.9936624770128,207.9936624770128,209.06619902837733,208.76386507679567,-0.7702025997828628,-2.604149864815397,4.046240760184603,0.41185669298665717,10.620808822348925,2.89282758196048,41.213253804773395,26.279485179869173,0.32593030777529464,0.0,-20.00191287461348,0.4621215598697148
P100_1100,420000,302,Omega_safe_one_step_QP,25.35617588598079,50.13852542318277,6.771686075398975,-0.11408037403033933,0.880731463432312,False,False,-0.880731463432312,-0.08807314932346344,-3.339278970952163,-3.339278970952168,186.7636596806826,186.7636596806826,190.10293865163476,186.69462550895074,0.06903417173185744,-3.7914835527092383,4.743184416040762,0.8807314932346355,-0.04035748541355133,-0.004035748541355133,0.2770241626015815,0.27702416260158635,211.02116993894924,211.02116993894924,210.74414577634766,210.4309132338494,0.5902567050998471,-2.7719445396124307,3.8784460853875697,0.07142658593226353,9.050251593331382,5.086408293120294,43.84131074446154,26.54302172503468,0.10958130680989697,0.0,-6.527113359148643,-0.3541540230599196
P100_1100,420000,303,Omega_safe_one_step_QP,25.36654124949089,50.13833037561272,15.322607039425748,-0.25419969044696206,0.8703428506851196,False,False,-0.8703428506851196,-0.08703428506851196,-3.1405549977529965,-3.1405549977530036,185.131661361945,185.13166136194496,188.27221635969798,184.71206633532756,0.4195950266174009,-3.608411323515559,4.926256645234442,0.8703428506851214,-0.042264681309461594,-0.004226468037813902,0.2975144834644179,0.2975144834644068,210.62603869904106,210.62603869904103,210.32852421557664,209.988563336013,0.6374753630280452,-2.7303823835353276,3.9200082414646733,0.07589639233851288,10.450044662207901,6.373545288731273,40.25879426338917,22.090499091523043,0.2488148136726238,0.0,-15.188936635281607,-0.38248521781682143
P100_1100,420000,304,Omega_safe_one_step_QP,25.363701365820077,50.13532298717172,12.785162537606993,-0.21625871521753207,0.8949075937271118,False,False,-0.8949075937271118,-0.08949076384305954,-3.300912412741207,-3.3009124127412166,185.77270013185748,185.77270013185748,189.0736125445987,185.4405620343042,0.33213809755326906,-3.688550942005632,4.846117026744369,0.8949076384305977,-0.08696968853473663,-0.008696968667209148,0.08057788301111396,0.08057788301110216,210.39411223788437,210.39411223788437,210.31353435487327,209.9604150975515,0.43369714033286755,-2.7288833974649918,3.9215072275350087,0.020547681882446007,9.10565598807082,5.764273119805961,42.01728323643557,24.064180326051698,0.20875796663157153,0.0,-12.73370222003905,-0.26021828419972337
P100_1100,420000,305,Omega_safe_one_step_QP,25.37691113917098,50.13339151636052,18.036038754280526,-0.32617041147548315,0.9074839353561401,False,False,-0.9074839353561401,-0.0907483920454979,-3.131374695433882,-3.131374695433879,183.56284611176588,183.56284611176588,186.69422080719977,182.96048071342196,0.6023653983439203,-3.4506117682657376,5.084056200484263,0.907483920454979,-0.10510050505399704,-0.010510050691664219,0.05100974027551358,0.05100974027550942,209.73219699287705,209.73219699287705,209.68118725260155,209.30938818665007,0.4228088062269819,-2.665648687237819,3.9847419377621818,0.01280126569605567,5.811635212054438,6.696589802412019,37.675991888179496,28.880600582521925,0.29224043648790854,0.0,-18.074593907032067,-0.25368528373618915
P100_1100,420000,306,Omega_safe_one_step_QP,25.441333462568736,50.132959137138016,47.48753792241769,-0.8217317788893099,0.935234010219574,False,False,-0.935234010219574,-0.09352340549230576,-2.0583671689740206,-2.058367168974012,172.13884862783263,172.13884862783266,174.19721579680666,170.36863321612304,1.7702154117096143,-2.2009112672264295,6.333756701523573,0.9352340549230546,-0.4048532247543335,-0.04048532247543335,-1.2390756380202261,-1.2390756380202137,205.7351346814309,205.73513468143094,206.97421031945115,206.58277715409366,-0.8476424726627272,-2.39495099392278,4.255439631077221,0.5173699341507966,11.524573583900636,6.996352371381638,40.23718167049982,26.929023468766196,0.7862205465248522,0.0,-48.78234395254003,0.5085854835976278
P100_1100,420000,307,Omega_safe_one_step_QP,25.41770519034367,50.131124457517515,28.905195045319488,-0.5208622791201409,0.9460514187812805,False,False,-0.9460514187812805,-0.09460514038801193,-2.5432429963261365,-2.5432429963261476,176.52757480836283,176.52757480836283,179.07081780468897,175.4241159940374,1.1034588143254211,-2.68827146801466,5.84639650073534,0.9460514038801227,-0.4818577170372009,-0.04818577319383621,-1.7174519377817026,-1.7174519377816888,206.1793953782391,206.17939537823912,207.8968473160208,207.53087083743753,-1.3514754591984115,-2.4872146935797463,4.1631759314202545,0.6905121388253904,7.785354484037759,5.443180444717374,35.032140270761104,23.90237733921006,0.4870721567241265,0.0,-30.20315247756298,0.8108852755190554
P100_1100,420000,308,Omega_safe_one_step_QP,25.439186589182796,50.12702330698663,41.83943253261623,-0.747867252028947,0.8985626697540283,False,False,-0.8985626697540283,-0.08985626697540283,-2.056475186511089,-2.0564751865111033,173.01790238201667,173.01790238201664,175.07437756852775,171.4474465977175,1.5704557842991562,-2.288627444398537,6.246040524351464,0.8985626697540348,-0.08268070966005325,-0.008268071338534355,0.42128078168839483,0.4212807816883879,207.21608370545133,207.21608370545133,206.79480292376294,206.42566108645227,0.7904226189990595,-2.377010254353959,4.273380370646042,0.09858256114577964,9.262398369261648,4.902247298876387,42.800636228315035,23.783740908449666,0.6770347220284663,0.0,-42.04221368324488,-0.47425357139943003
P100_1100,420000,309,Omega_safe_one_step_QP,25.433260242920717,50.123091249643316,37.937254843977826,-0.6584034356008793,0.8875205516815186,False,False,-0.8875205516815186,-0.08875205367803574,-2.155531997969451,-2.1555319979694563,174.31969360589082,174.31969360589082,176.47522560386028,172.9658676923027,1.3538259135881106,-2.4287122479317897,6.10595572081821,0.8875205367803598,0.06331659853458405,0.0063316598534584045,1.1660019001531976,1.1660019001531934,208.02139948228736,208.02139948228736,206.85539758213417,206.50318567278606,1.5182138095013045,-2.383069720191082,4.267320904808918,0.2732397975599176,10.647550886268807,4.732039803304931,40.19416605036976,27.730632024113433,0.6071767933809724,0.0,-37.633503351657964,-0.910928285700777
P100_1100,420000,310,Omega_safe_one_step_QP,25.40389761839356,50.121840340212785,24.106620361242676,-0.4089696567285129,0.8468984365463257,False,False,-0.8468984365463257,-0.08468984812498093,-2.5638033031754257,-2.5638033031754395,179.89715258870095,179.89715258870095,182.46095589187638,179.0561281402135,0.8410244484874454,-3.0272852767334006,5.507382692016599,0.8468984812498138,-0.3381367623806,-0.03381367772817612,-1.0647618396321472,-1.064761839632157,206.98478450793692,206.98478450793692,208.04954634756908,207.714121188851,-0.7293366809140878,-2.502484596734573,4.147906028265427,0.42548187550146643,10.474019590140152,4.696777907329453,37.58655497608188,26.947726326904565,0.40421206995863557,0.0,-24.94843443974969,0.43760200854845266
P100_1100,420000,311,Omega_safe_one_step_QP,25.38065374414403,50.12081356189387,12.94040471045264,-0.21392271650804784,0.864811360836029,False,False,-0.864811360836029,-0.08648113906383514,-3.0308215300012917,-3.0308215300012904,184.20332241696966,184.20332241696968,187.23414394697096,183.84876765108356,0.354554765886121,-3.5046040822428597,5.030063886507142,0.8648113906383513,-0.17683906853199005,-0.017683906480669975,-0.291748990618243,-0.29174899061824994,208.70598463839454,208.7059846383945,208.99773362901277,208.66184987620647,0.0441347621880368,-2.597303324878941,4.053087300121059,0.11232765454217719,10.879048276681097,6.227878032650417,43.57666556407954,26.952124383905762,0.21542219946208618,0.0,-13.129346052602159,-0.02648085731281924
P100_1100,420000,312,Omega_safe_one_step_QP,25.37088191585061,50.121025539142224,11.247122303100696,-0.18924643410572148,0.8516994714736938,False,False,-0.8516994714736938,-0.0851699486374855,-3.163655668143207,-3.163655668143212,186.1696579297421,186.1696579297421,189.3333135978853,185.89195811326965,0.2776998164724489,-3.714521047334294,4.820146921415707,0.8516994863748566,-0.01680707186460495,-0.0016807072097435594,0.49419803977096693,0.49419803977096693,209.94034346555026,209.94034346555026,209.4461454257793,209.09936432323062,0.8409791423196395,-2.642144504555594,4.008246120444406,0.12329533290140719,9.293442858920553,6.6684441738926035,35.03097817916339,24.662798003980132,0.1792958614143565,0.0,-10.92183067912265,-0.5045874853917951
P100_1100,420000,313,Omega_safe_one_step_QP,25.386122017551056,50.11909877063327,17.16408361392405,-0.29708517830635545,0.8655650019645691,False,False,-0.8655650019645691,-0.08655650168657303,-2.971937129303094,-2.9719371293030856,183.55139294404412,183.55139294404412,186.5233300733472,182.99977366254805,0.5516192814960732,-3.433522694880483,5.101145273869517,0.8655650168657282,-0.1003110334277153,-0.010031103156507015,0.1312335938498388,0.13123359384984434,208.8544259821283,208.85442598212833,208.72319238827848,208.36203598085882,0.4923900012695128,-2.5698492008055145,4.080541424194487,0.03216082872525925,8.316435803100562,5.400419385358819,40.15266880519006,26.743584595258547,0.2782829390725361,0.0,-17.14693255223483,-0.2954340007617162
P100_1100,420000,314,Omega_safe_one_step_QP,25.40627235599869,50.11815350305091,27.66271799939841,-0.4754513769179504,0.8434125781059265,False,False,-0.8434125781059265,-0.08434125781059265,-2.5759715796264238,-2.5759715796264295,180.15437915297693,180.1543791529769,182.73035073260334,179.16071533498584,0.9936638179910631,-3.0542247608060955,5.480443207943906,0.8434125781059277,-0.20744305849075317,-0.020744306966662407,-0.3696882901324569,-0.3696882901324555,207.47715603888614,207.47715603888614,207.84684432901858,207.4759225636797,0.0012334752064475651,-2.482214394879524,4.168176230120476,0.1489348748017387,9.66937017600621,6.2622808262326295,40.123799908787,25.076255985485425,0.45424461402901883,0.0,-28.116222528302387,-0.0007400851238656969
P100_1100,420000,315,Omega_safe_one_step_QP,25.409735199681748,50.11604023985042,26.802955234987166,-0.4779225228774586,0.8376243114471436,False,False,-0.8376243114471436,-0.08376242965459824,-2.5170071117257886,-2.5170071117257913,179.72045253345348,179.72045253345345,182.23745964517926,178.7127814006265,1.0076711328269425,-3.0049356520636867,5.529732316686314,0.8376242965459834,-0.26092714071273804,-0.026092713698744774,-0.6332113835530548,-0.6332113835530437,206.9750999442679,206.97509994426792,207.60831132782096,207.24193983934865,-0.2668398950807216,-2.458361094759762,4.192029530240238,0.25757460321951725,7.598820196025006,4.39542358271217,37.80686510677216,29.968837029095045,0.44179696092154686,0.0,-27.40485613295823,0.16010393704843295
P100_1100,420000,316,Omega_safe_one_step_QP,25.430866452916806,50.116175710296645,30.34026803661527,-0.534255539643061,0.9183963537216187,False,False,-0.9183963537216187,-0.09183963388204575,-2.3918328260382897,-2.3918328260382955,175.8398500138832,175.8398500138832,178.2316828399215,174.73167570751033,1.1081743063728595,-2.6043579715379113,5.930309997212089,0.9183963388204592,-0.1495504379272461,-0.01495504379272461,0.09594700304535186,0.09594700304534215,206.8448412700144,206.8448412700144,206.74889426696905,206.3824937914254,0.4623474785890096,-2.372419388674571,4.27797123632543,0.022428155250467735,9.318067156563217,3.312167686292918,43.96790083893164,24.546276858905326,0.4929240122881531,0.0,-30.555783561750104,-0.2774084871534086
P100_1100,420000,317,Omega_safe_one_step_QP,25.41447385488546,50.113267569313145,24.206271282821035,-0.4100179357438325,0.8743387460708618,False,False,-0.8743387460708618,-0.08743387460708618,-2.5764770791226717,-2.576477079122677,179.07934768878673,179.07934768878673,181.6558247679094,178.22059986883815,0.8587478199485759,-2.9467721643367026,5.587895804413298,0.8743387460708635,-0.38329702615737915,-0.038329701870679855,-1.2120441775637452,-1.212044177563755,206.0894705254743,206.08947052547427,207.30151470303804,206.94357430455176,-0.8541037790774908,-2.4276814322814673,4.222709192718533,0.4992599776259398,10.781414965588896,4.8677089236325894,40.77146413884596,23.008497673875095,0.40672274633914185,0.0,-25.1254562966069,0.5124622674464945
P100_1100,420000,318,Omega_safe_one_step_QP,25.388443687826282,50.11011084452413,10.789806788484384,-0.1801350839606068,0.8914092779159546,False,False,-0.8914092779159546,-0.08914092928171158,-3.1013489850729283,-3.1013489850729323,183.8782804345539,183.87828043455386,186.9796294196268,183.5881989606622,0.29008147389166083,-3.479152629508441,5.055515339241559,0.891409292817117,-0.23486599326133728,-0.023486599326133728,-0.5076410285377322,-0.5076410285377322,207.738055799335,207.738055799335,208.24569682787273,207.8912851541898,-0.15322935485480116,-2.522099644764938,4.128290980235063,0.20127715000929108,10.314565959502602,4.1173588250870665,37.6193985838889,26.952603486964577,0.18165861547640816,0.0,-11.063403016873963,0.09193761291288638
P100_1100,420000,319,Z_mode_existing_controller,25.366150405355167,50.10968794133901,4.578921658819127,-0.07555630307036329,0.915891706943512,False,False,-0.915891706943512,-0.09158917516469955,-3.420295664849917,-3.420295664849903,188.11116629903464,188.11116629903466,191.53146196388457,188.08654082314362,0.02462547589104247,-3.7343885439511775,3.4050283880104635,0.9158917516469918,-0.01672591269016266,-0.0016725913155823946,-0.2036415509364342,-0.2036415509364467,208.9786551736577,208.97865517365767,209.18229672459412,208.81718216218985,0.16147301146781956,-0.6072241742754312,0.40481612279545515,0.3353646965380479,9.93234964501816,4.763995556977706,37.667068852945455,27.671286709295437,0.07748692655584577,0.0,-4.559524778493142,-0.09688380688068321
P100_1100,420000,320,Z_mode_existing_controller,25.359035326278814,50.11025645668873,-5.957397530858543,0.09435797251943881,0.9245589375495911,False,False,-0.9245589375495911,-0.0924558937549591,-3.456178272167555,-3.4561782721675587,189.12202769979856,189.12202769979856,192.57820597196613,189.5322916857233,-0.410263985924729,-3.738191403273493,3.401225528688149,0.924558937549592,-0.0013347259955480695,-0.0001334725966444239,-0.10242285344647106,-0.10242285344646135,209.3444247976137,209.34442479761373,209.44684765106018,209.15110017890316,0.1933246187105624,-0.6072241742754312,0.40481612279545515,0.16867387331651804,12.10043389515474,4.5696040982806485,41.015987562472205,26.36149809598725,-0.09297686256734039,0.0,6.166369164651769,-0.11599477122634028
P100_1100,420000,321,Z_mode_existing_controller,25.317929549967005,50.11103412542861,-15.481668057781462,0.24670072060721107,0.941497802734375,False,False,-0.941497802734375,-0.09414978325366974,-3.5230626723201057,-3.523062672320118,196.80190246077436,196.80190246077433,200.32496513309445,197.62226954816757,-0.8203670873932367,-3.7419764024605806,3.3974405295010603,0.9414978325367009,-0.0043373750522732735,-0.00043373749940656126,-0.12405490021233437,-0.1240549002123302,211.03052122936217,211.03052122936217,211.1545761295745,210.92026309421337,0.11025813514879701,-0.6072241742754312,0.40481612279545515,0.20429835548026135,9.781029910750732,4.317382226381703,34.22705304090228,22.397635296164797,-0.2479591378214998,0.0,15.795782076692376,-0.06615488108927536
P100_1100,420000,322,Z_mode_existing_controller,25.31546003178205,50.109482130437094,-22.012767331425493,0.34247743744054593,0.9385040402412415,False,False,-0.9385040402412415,-0.09385040402412415,-3.515441601701075,-3.5154416017010774,196.96415562108336,196.96415562108336,200.47959722278443,198.0371991993092,-1.0730435782258496,-3.74579272007975,3.393624211881892,0.9385040402412421,-0.01810784451663494,-0.0018107844516634941,-0.21509690461708475,-0.21509690461708822,210.89180579803096,210.89180579803096,211.10690270264806,210.91975990456243,-0.02795410653146746,-0.6072241742754312,0.40481612279545515,0.35422981121222996,11.150112119970508,5.122295633717272,37.48807477850022,23.75165180459834,-0.3520146872129395,0.0,22.348009554719283,0.016772463918883318
P100_1100,420000,323,Omega_safe_one_step_QP,25.299737671629,50.10938117320512,-56.34053609174134,0.9151404375384611,0.944096028804779,False,False,-0.944096028804779,-0.09440960735082626,-4.8195859219074215,-4.819585921907423,198.41825734187557,198.41825734187557,203.237843263783,201.0154908989032,-2.5972335570276357,-5.104974013924062,3.4296939548259386,0.9440960735082629,-0.30261164903640747,-0.030261164531111717,-1.1442079640544216,-1.144207964054418,210.55410717301467,210.55410717301467,211.6983151370691,211.55240953200385,-0.9983023589891786,-2.867361475684574,3.783029149315426,0.3990455942710334,7.9010078241282855,5.390237420176448,42.7863641537187,25.655834468788505,-0.9017026681336879,0.0,56.643257344480844,0.59898141539351
P100_1100,420000,324,Z_mode_existing_controller,25.33881125346123,50.11011377850734,-13.134523039650958,0.21185654458274797,0.9354095458984375,False,False,-0.9354095458984375,-0.09354095906019211,-3.505545991407446,-3.505545991407451,192.19717081755306,192.19717081755306,195.7027168089605,192.9229307017709,-0.7257598842178368,-3.74760535558726,3.391811576374381,0.9354095906019224,-0.00555564695969224,-0.0005555647076107562,-0.13152002772921154,-0.13152002772920737,209.98738534249753,209.98738534249753,210.11890537022674,209.87985073627044,0.10753460622709099,-0.6072241742754312,0.40481612279545515,0.21659221305894702,10.151871888170138,4.036661657197925,37.599295444113096,25.63076282027497,-0.20939643533164798,0.0,13.408440238718867,-0.0645207637362546
P100_1100,420000,325,Z_mode_existing_controller,25.32544815437222,50.11014091703917,-19.88530499989338,0.3171378740893598,0.9379430413246155,False,False,-0.9379430413246155,-0.0937943086028099,-3.518490628463729,-3.5184906284637427,194.48048977716388,194.48048977716385,197.9989804056276,195.48816680362836,-1.0076770264645063,-3.7512837195308486,3.3881332124307932,0.9379430860281024,-0.004966579377651215,-0.000496657972689718,-0.12786891020606095,-0.1278689102060547,210.49111049969284,210.49111049969284,210.61897940989888,210.42848107861818,0.06262942107466074,-0.6072241742754312,0.40481612279545515,0.2105794130456581,10.244639894724802,5.160965507416247,40.75013913600811,25.87910370032951,-0.31854170217465594,0.0,20.241424354711853,-0.037577652644799286
P100_1100,420000,326,Z_mode_existing_controller,25.3232772670777,50.110938993218205,-25.77714002779703,0.4035356244459171,0.939753532409668,False,False,-0.939753532409668,-0.09397535771131516,-3.52869018352671,-3.528690183526697,194.55585448951024,194.55585448951027,198.08454467303696,195.79186736324976,-1.2360128737394973,-3.7549100843718692,3.384506847589772,0.9397535771131481,-0.006822715047746897,-0.0006822714931331575,-0.14036462048713505,-0.14036462048714407,210.55068928660182,210.55068928660182,210.69105390708896,210.5409255633676,0.00976372323421515,-0.6072241742754312,0.40481612279545515,0.23115782676905744,11.31039292265307,3.9564866841928215,42.63988373263039,28.718192393478,-0.4131471022229043,0.0,26.196145363960568,-0.0058582339405290895
P100_1100,420000,327,Omega_safe_one_step_QP,25.29431381123285,50.11391975089468,-62.084073462177,0.9687766564354515,0.9495174288749695,False,False,-0.9495174288749695,-0.09495174139738083,-4.8656343894255825,-4.865634389425597,198.56570364391644,198.56570364391644,203.43133803334203,201.32165489679824,-2.7559512528818004,-5.1243234908799655,3.410344477870035,0.9495174139738111,-0.2756768465042114,-0.027567684650421143,-1.0312091146008333,-1.0312091146008298,210.9809425156179,210.9809425156179,212.01215163021874,211.89723864040693,-0.916296124789028,-2.8987451249995377,3.7516455000004627,0.355743285502203,10.225555189911635,5.735885966472171,44.11721636666457,24.61489080684405,-0.9943710716369125,0.0,62.52866685893969,0.5497776748734111
P100_1100,420000,328,Omega_safe_one_step_QP,25.302051938326287,50.11485987681272,-43.57948709532229,0.6814427534754698,0.9443010091781616,False,False,-0.9443010091781616,-0.0944301038980484,-4.711988331210536,-4.71198833121053,197.37533269843806,197.37533269843806,202.0873210296486,199.38641553700964,-2.011082838571582,-4.989921790510621,3.5447461782393797,0.9443010389804827,-0.03465929999947548,-0.003465929999947548,0.24534382696830906,0.2453438269683146,212.01177776216804,212.01177776216804,211.76643393519973,211.55403391151387,0.4577438506541682,-2.8741733554976374,3.7762172695023635,0.06497079205419937,10.528621737523302,4.851331179977123,37.52452411384324,23.93830252189783,-0.7068556938279436,0.0,44.560989099542894,-0.2746463103924981
P100_1100,420000,329,Omega_safe_one_step_QP,25.29394495796729,50.11474075956636,-37.08245501371675,0.5773216497194064,0.9442799687385559,False,False,-0.9442799687385559,-0.09442799538373947,-4.880743531617738,-4.880743531617733,198.99482274178445,198.99482274178445,203.87556627340217,200.71218046722046,-1.7173577254360168,-5.16874631488598,3.36592165386402,0.9442799538373938,-0.2544238269329071,-0.02544238232076168,-0.9337552049820834,-0.9337552049820945,211.19520096191545,211.19520096191542,212.12895616689752,211.84194941580813,-0.6467484538927124,-2.9104255786674162,3.739965046332584,0.32083115673056617,10.481297949911475,5.249994794730276,33.51461843242646,23.437307043409223,-0.5904684972303507,0.0,37.28487443861104,0.3880490723356331
P100_1100,420000,330,Omega_safe_one_step_QP,25.289795672894787,50.1142773604445,-31.70035113820086,0.4764060200382195,0.9533286094665527,False,False,-0.9533286094665527,-0.09533286094665527,-5.0236373875977485,-5.023637387597746,199.86022392266392,199.86022392266392,204.88386131026166,201.31108515079444,-1.4508612281305204,-5.269575818571929,3.265092150178072,0.9533286094665522,-0.27811840176582336,-0.027811840176582336,-1.0702434558644731,-1.0702434558644627,211.23499086005762,211.23499086005762,212.3052343159221,211.9501320210826,-0.7151411610249738,-2.9280533935698734,3.722337231430127,0.36551364063741515,12.542425406765677,5.258068752335769,39.742308859199085,28.53263689676153,-0.5011587883243465,0.0,31.772425229910368,0.4290846966149928
P100_1100,420000,331,Omega_safe_one_step_QP,25.257616331253256,50.11811054503211,-38.9310395197499,0.5855509944291853,0.961124062538147,False,False,-0.961124062538147,-0.09611240774393082,-5.687505882412862,-5.687505882412862,205.67616068827581,205.67616068827581,211.36366657068868,207.441677152368,-1.7655164640921726,-5.91755634461463,2.617111624135371,0.9611240774393082,-0.3927982747554779,-0.03927982971072197,-1.8175883641575352,-1.8175883641575277,212.07973005403562,212.07973005403562,213.89731841819315,213.48470739671876,-1.4049773426831393,-3.0872618037969803,3.56312882120302,0.5887380078754905,11.070351698091143,5.700415024271108,40.91973543108954,23.046879465697796,-0.6126183900369782,0.0,38.70067150417708,0.8429864056098921
P100_1100,420000,332,Omega_safe_one_step_QP,25.257256666487407,50.11924247703366,-27.16598574951422,0.4164016866500764,0.94978266954422,False,False,-0.94978266954422,-0.09497826546430588,-5.642720935069654,-5.642720935069652,205.95603690594854,205.95603690594854,211.5987578410182,207.26836834463495,-1.3123314386864138,-5.941065471647581,2.59360249710242,0.9497826546430582,-0.3293749988079071,-0.03293750062584877,-1.4996796418182519,-1.4996796418182408,212.50076418658423,212.50076418658426,214.0004438284025,213.51888835273613,-1.018124166151864,-3.097574344817916,3.5528162801820846,0.48414645618663793,9.955931847936906,4.07266492480318,42.91152089232179,25.753369792888694,-0.42580874044942085,0.0,26.980919990272923,0.6108744996911213
P100_1100,420000,333,Omega_safe_one_step_QP,25.260763509382414,50.121833805183094,-17.434935733441307,0.28141300413134585,0.9540528655052185,False,False,-0.9540528655052185,-0.09540528804063797,-5.615819684852001,-5.615819684851993,205.43505509716852,205.43505509716852,211.05087478202051,206.38221146235153,-0.9471563651830195,-5.8862771657478135,2.6483908030021874,0.9540528804063781,-0.29191097617149353,-0.029191097244620323,-1.305441548235579,-1.3054415482355748,212.71493575675686,212.7149357567569,214.02037730499245,213.48104588829992,-0.7661101315430301,-3.0995676924769113,3.550822932523089,0.42116891055616107,7.098858947000494,4.5343973423668205,38.622042544038116,23.25824918180781,-0.2717499509038337,0.0,17.247019605418245,0.4596660789258351
P100_1100,420000,334,Z_mode_existing_controller,25.311102433608824,50.121656212713695,36.999555247653916,-0.6266127471987623,0.9411078095436096,False,False,-0.9411078095436096,-0.09411077946424484,-3.524159437746419,-3.5241594377464267,197.77554804243974,197.77554804243974,201.29970748018616,196.33254501036708,1.443003032072653,-3.7446926460590424,3.394724285902599,0.9411077946424502,-0.011133180931210518,-0.0011133181396871805,-0.16909470714040684,-0.1690947071404214,211.7464557913681,211.74645579136808,211.9155504985085,211.32351164591387,0.4229441454542098,-0.6072241742754312,0.40481612279545515,0.2784716325600727,6.5144574843230725,3.778361862160895,34.11252341390199,24.67447476581116,0.6006342538207399,0.0,-37.34642301420263,-0.2537664872725287
P100_1100,420000,335,Z_mode_existing_controller,25.359590789443406,50.12079648592787,32.748525902312394,-0.5365061660239986,0.8583402037620544,False,False,-0.8583402037620544,-0.08583401888608932,-3.2174569887718314,-3.217456988771822,188.18719143375304,188.18719143375304,191.40464842252487,187.01828453190177,1.1689069018512726,-3.748463640088589,3.390953291873052,0.8583401888608909,-0.06038270518183708,-0.006038270425051451,-0.4874099187170827,-0.4874099187170869,209.2736121719822,209.2736121719822,209.76102209069927,209.26514660776795,0.008465564214247934,-0.6072241742754312,0.40481612279545515,0.8026853003648737,10.63615037057219,4.70377732126439,38.86868531613353,27.042274387458768,0.5378111774746941,0.0,-33.28125774125783,-0.005079338528545918
P100_1100,420000,336,Z_mode_existing_controller,25.34129112903062,50.12125197464851,12.906390979779644,-0.21280263894551235,0.9293823838233948,False,False,-0.9293823838233948,-0.09293823689222336,-3.486739112596783,-3.486739112596787,191.22541039452594,191.22541039452594,194.71214950712272,190.87392825683597,0.3514821376899704,-3.7516734007340937,3.387743531227548,0.9293823689222344,-0.007878546603024006,-0.0007878546603024006,-0.1463187628812701,-0.14631876288126108,210.35312594907262,210.35312594907262,210.49944471195388,210.0960817490311,0.25704420004151984,-0.6072241742754312,0.40481612279545515,0.2409633362437449,9.318794573413559,3.057245559038879,39.18186620823257,24.24929057560326,0.21226236806734455,0.0,-12.964426827821626,-0.15422652002490622
P100_1100,420000,337,Z_mode_existing_controller,25.333781596620057,50.12017506667644,2.7912155004714805,-0.04479895599154957,0.92833411693573,False,False,-0.92833411693573,-0.09283341467380524,-3.4861245979126667,-3.4861245979126667,192.3908901711767,192.3908901711767,195.87701476908936,192.4690430770942,-0.07815290591750568,-3.7552476230267833,3.384169308934858,0.9283341467380519,-0.0069580296985805035,-0.0006958029698580503,-0.1401065247033345,-0.14010652470332896,210.55393014665745,210.55393014665745,210.69403667136078,210.3642718892035,0.18965825745394227,-0.6072241742754312,0.40481612279545515,0.23073278475862846,10.577314950011207,4.146695976175806,43.05907462537604,23.05774299455893,0.04925301369654633,0.0,-2.726673559696792,-0.1137949544723682
P100_1100,420000,338,Z_mode_existing_controller,25.31675257145118,50.119208933366224,-6.5551047630224275,0.1043968860882862,0.9333805441856384,False,False,-0.9333805441856384,-0.09333805739879608,-3.5083446316186513,-3.508344631618639,195.4154436945676,195.41544369456764,198.92378832618627,195.88227542828494,-0.46683173371729936,-3.7587504276298596,3.3806665043317823,0.9333805739879575,-0.008597255684435368,-0.0008597255800850689,-0.15149088061073707,-0.15149088061074054,211.14523232419916,211.14523232419916,211.2967232048099,211.0309199363693,0.11431238782986952,-0.6072241742754312,0.40481612279545515,0.2494809775837839,10.243764905622303,4.098488853386202,43.78964008841209,24.36398471540208,-0.1020283472154837,0.0,6.72572054293596,-0.06858743269792456
P100_1100,420000,339,Z_mode_existing_controller,25.307494871540875,50.119458764919386,-14.091177637768851,0.2306098442350989,0.943160891532898,False,False,-0.943160891532898,-0.09431608766317368,-3.548378128121647,-3.548378128121652,196.87896726422005,196.87896726422005,200.4273453923417,197.68121847018094,-0.8022512059608857,-3.76221937957583,3.377197552385812,0.9431608766317376,-0.010589457117021084,-0.0010589457815513015,-0.16569575304723957,-0.1656957530472472,211.47390685515774,211.4739068551577,211.63960260820497,211.42615339042703,0.04775346473067543,-0.6072241742754312,0.40481612279545515,0.27287410492996805,8.20682718911746,5.423397799469307,40.08534508374602,27.833290515722656,-0.22489473127394732,0.0,14.344724447881163,-0.02865207883840526
P100_1100,420000,340,Z_mode_existing_controller,25.34009402270588,50.121150345556636,-19.310348205799528,0.31141398462665476,0.9345157742500305,False,False,-0.9345157742500305,-0.09345158189535141,-3.5190906854951645,-3.519090685495159,190.1437442082808,190.1437442082808,193.66283489377597,191.14040465834546,-0.9966604500646667,-3.7656833775546996,3.3737335544069422,0.9345158189535125,-0.0035576727241277695,-0.0003557672898750752,-0.11817621895885283,-0.11817621895885075,210.18125490539052,210.18125490539052,210.29943112434938,210.12583931302962,0.055415592360901655,-0.6072241742754312,0.40481612279545515,0.19461711829879672,10.602699562053552,5.249115792517677,40.5050838325873,21.30724953830011,-0.30840322918804475,0.0,19.6520007904046,-0.033249355416543835
P100_1100,420000,341,Z_mode_existing_controller,25.329480199058253,50.11858040479592,-22.555305167923507,0.36637143701081193,0.9191321730613708,False,False,-0.9191321730613708,-0.09191321581602097,-3.464239246866115,-3.4642392468661214,192.013652768896,192.013652768896,195.47789201576214,193.1600635617108,-1.1464107928148053,-3.7690327948054243,3.3703841371562175,0.919132158160211,-0.006841511931270361,-0.0006841511931270361,-0.13840233783155714,-0.1384023378315516,210.40798559021374,210.40798559021374,210.5463879280453,210.41089744681616,-0.002911856602423768,-0.6072241742754312,0.40481612279545515,0.227926264623275,9.683868628961282,4.343577701775924,39.97455958206611,24.242328323987262,-0.3610098834896682,0.0,22.914567937451466,0.001747113961457103
P100_1100,420000,342,Z_mode_existing_controller,25.327023827063925,50.11778202818715,-26.31375386376294,0.4328076793587728,0.9229346513748169,False,False,-0.9229346513748169,-0.09229346364736557,-3.4815210010060866,-3.4815210010060924,192.19650518133952,192.19650518133952,195.6780261823456,193.51912184949273,-1.3226166681532163,-3.772229216912118,3.3671877150495235,0.9229346364736567,-0.005072474014014006,-0.0005072474014014006,-0.1270524335145802,-0.1270524335145809,210.42266418914426,210.42266418914426,210.54971662265885,210.4442797680104,-0.021615578866146734,-0.6072241742754312,0.40481612279545515,0.2092348079952283,8.850228667719062,4.605333480809399,37.4252608796509,26.515051514366444,-0.4222960585075448,0.0,26.723080574950473,0.012969347319682356
P100_1100,420000,343,Z_mode_existing_controller,25.33920586417014,50.11798032749218,-30.10279303013067,0.4935210460542497,0.9287682175636292,False,False,-0.9287682175636292,-0.09287682175636292,-3.506462323292392,-3.5064623232924053,189.47745545099428,189.47745545099428,192.98391777428668,190.94710779223448,-1.4696523412401916,-3.7753900887033396,3.364026843258302,0.9287682175636326,-0.003953771665692329,-0.00039537716656923294,-0.12022201884639705,-0.12022201884638456,209.87187736877243,209.87187736877243,209.99209938761882,209.91036056178308,-0.03848319301064862,-0.6072241742754312,0.40481612279545515,0.1979862198171527,9.650118558643106,4.940552445119159,40.102451936771736,24.139122547735607,-0.48316751378842326,0.0,30.56287062811225,0.023089915806394856
P100_1100,420000,344,Z_mode_existing_controller,25.34006595336091,50.11673039687665,-33.392153292244984,0.5267151227808566,0.9232734441757202,False,False,-0.9232734441757202,-0.09232734888792038,-3.488614952180101,-3.4886149521801144,189.0523017801514,189.0523017801514,192.5409167323315,190.6076063899359,-1.555304609784514,-3.778528241306985,3.3608886906546562,0.923273488879207,-0.0034797275438904762,-0.0003479727602098137,-0.11652140781653608,-0.11652140781652776,209.7154483860442,209.71544838604422,209.83196979386074,209.77141805377678,-0.05596966773256895,-0.6072241742754312,0.40481612279545515,0.19189191200361325,12.089843402848386,4.218232093795059,39.144865436458744,22.69106477609896,-0.5349519206478135,0.0,33.89352341225276,0.03358180063953853
P100_1100,420000,345,Z_mode_existing_controller,25.2947565850274,50.11511038189571,-36.03806298032214,0.561666706729583,0.9336109161376953,False,False,-0.9336109161376953,-0.09336109459400177,-3.5305210226763526,-3.5305210226763433,197.68176405721292,197.68176405721292,201.21228507988926,199.37882181562944,-1.6970577584165198,-3.7815762958108907,3.357840636150751,0.9336109459400149,-0.005124583840370178,-0.0005124583840370178,-0.12847858416715763,-0.12847858416714722,211.4684767405976,211.46847674059762,211.59695532476476,211.5583036804669,-0.08982693986928325,-0.6072241742754312,0.40481612279545515,0.21158344744830687,10.750783265953835,5.1069642627475105,45.72216620271292,23.221986731959433,-0.5782915322156619,0.0,36.56245834861602,0.053896163921564266
P100_1100,420000,346,Omega_safe_one_step_QP,25.289103559417196,50.115354814061845,-65.8629466020584,1.0232681708145455,0.9449902176856995,False,False,-0.9449902176856995,-0.09449902176856995,-4.711274487224225,-4.711274487224222,197.33210120048005,197.33210120048005,202.04337568770427,200.27364068306633,-2.941539482586279,-4.985527256316191,3.5491407124338106,0.9449902176856989,-0.0980992466211319,-0.009809925220906734,-0.08749616476824845,-0.08749616476826164,211.70710875109782,211.70710875109782,211.79460491586607,211.7710815732584,-0.06397282216059352,-2.8769904535642734,3.773400171435727,0.03041239315197016,10.721800472902144,6.034200249293516,37.42486019126874,23.013005326324908,-1.0629317397964222,0.0,66.88749464855937,0.03838369329635327
P100_1100,420000,347,Omega_safe_one_step_QP,25.28849242035559,50.114727546562094,-52.20878136821284,0.7962395864316612,0.9510574340820312,False,False,-0.9510574340820312,-0.09510574489831924,-4.77644310951503,-4.776443109515021,197.63410572134808,197.6341057213481,202.41054883086312,199.98442226628066,-2.3503165449325536,-5.0222445706320755,3.5124233981179254,0.9510574489831904,-0.014530636370182037,-0.0014530636835843325,0.34790698522573704,0.34790698522574814,212.1705294437142,212.1705294437142,211.82262245848847,211.69240916330924,0.47812028040496557,-2.879792207826511,3.77059841717349,0.09226837407059266,11.935570072956072,6.245639759303698,37.89910777208648,23.625432361630374,-0.8454970246757085,0.0,53.341150561131144,-0.28687216824297934
P100_1100,420000,348,Omega_safe_one_step_QP,25.272643606434627,50.11487177483892,-45.155547652277164,0.7086498212262032,0.9495775699615479,False,False,-0.9495775699615479,-0.09495776146650314,-5.087805113840124,-5.087805113840131,200.67996369853415,200.67996369853415,205.76776881237427,202.7948545493257,-2.1148908507915394,-5.3579665687831906,3.1767013999668103,0.9495776146650324,-0.22227516770362854,-0.022227516397833824,-0.8025233600872872,-0.802523360087281,211.73127623480326,211.73127623480326,212.53379959489055,212.31590275196018,-0.58462651715692,-2.950909921466719,3.699480703533281,0.2719579321107827,9.536897281641687,3.611483793730476,41.62071667487288,26.1291748755571,-0.7219216334240457,0.0,45.526693375407376,0.35077591029414634
P100_1100,420000,349,Omega_safe_one_step_QP,25.274463124521176,50.11664304825441,-31.738601780789395,0.49948250107391207,0.9444425106048584,False,False,-0.9444425106048584,-0.09444425255060196,-5.046151697540656,-5.046151697540655,200.57190149026255,200.57190149026255,205.6180531878032,202.12673609589652,-1.554834605633971,-5.342995006326082,3.1916729624239184,0.9444425255060194,-0.2026674598455429,-0.02026674710214138,-0.7075759928927033,-0.7075759928926908,211.88209131358738,211.8820913135874,212.5896673064801,212.28523935591366,-0.4031480423262508,-2.956496692625675,3.693893932374325,0.23932920157075843,9.521125798262474,4.913043341809769,39.760718853189104,23.29691052276307,-0.5056490464803662,0.0,32.002362001873735,0.24188882539574763
P100_1100,420000,350,Omega_safe_one_step_QP,25.286083578037506,50.11654701463805,-17.73640047018216,0.281413591601757,0.9547926187515259,False,False,-0.9547926187515259,-0.09547926485538483,-4.904336889339173,-4.904336889339186,198.64923178175303,198.649231781753,203.5535686710922,199.63927604669803,-0.990044264945027,-5.1365465546549816,3.3981214140950198,0.9547926485538506,-0.018694275990128517,-0.001869427622295916,0.2985922062863223,0.29859220628632305,212.42796276271474,212.42796276271474,212.12937055642843,211.75375105711998,0.6742117055947574,-2.9104670176205065,3.739923607379494,0.07983911909247311,9.602015610565894,7.04028038239985,36.914788504364736,30.304283527413126,-0.2885712111278469,0.0,18.429498704666912,-0.40452702335684876
P100_1100,420000,351,Z_mode_existing_controller,25.310821863554843,50.12015517297887,21.16639329444206,-0.3429573625866109,0.9466888308525085,False,False,-0.9466888308525085,-0.09466888755559921,-3.571039304937303,-3.571039304937298,195.28392917086197,195.28392917086197,198.85496847579927,194.6151837770454,0.6687453938165788,-3.772136123222136,3.3672808087395056,0.9466888755559907,-0.012591284699738026,-0.0012591284466907382,-0.1793317112115167,-0.17933171121152502,211.14027675406422,211.14027675406422,211.31960846527573,210.8900304458705,0.2502463081937094,-0.6072241742754312,0.40481612279545515,0.2953303224884157,9.496055861197448,5.186173515358635,38.37573470022217,25.043776929001805,0.3474674328577141,0.0,-21.363712942383245,-0.1501477849162285
P100_1100,420000,352,Z_mode_existing_controller,25.3201355728941,50.12017164213259,10.300634645556784,-0.16504587436396395,0.9458208680152893,False,False,-0.9458208680152893,-0.09458208829164505,-3.5708949381804524,-3.5708949381804564,193.14394008877002,193.14394008877002,196.71483502695048,192.94053592917177,0.2034041595982501,-3.7754452271867307,3.363971704774911,0.9458208829164515,-0.00686979666352272,-0.0006869796779938042,-0.14129096884292688,-0.14129096884293174,210.7290363207085,210.7290363207085,210.87032728955143,210.51946701603677,0.20956930467173152,-0.6072241742754312,0.40481612279545515,0.23268337267949987,10.569717507517636,4.132593863767581,42.396545429186055,26.175327011150088,0.1719753502456456,0.0,-10.346868412999356,-0.1257415828030446
P100_1100,420000,353,Z_mode_existing_controller,25.303500794549407,50.121143607881784,0.29394078898712905,-0.004709776344969108,0.9490703344345093,False,False,-0.9490703344345093,-0.09490703791379929,-3.586241791101191,-3.586241791101183,196.09864105054095,196.09864105054098,199.68488284164215,196.30884250724154,-0.21020145670055967,-3.7786889886485016,3.3607279433131403,0.9490703791379904,-0.00971028208732605,-0.0009710282320156693,-0.16046189858802962,-0.16046189858803656,211.40682974833038,211.40682974833038,211.56729164691842,211.28503972492496,0.12179002340542411,-0.6072241742754312,0.40481612279545515,0.26425479318162415,9.773794619011243,5.209388473755881,37.498875854596406,27.398719182549964,0.009747248691187593,0.0,-0.23061402363418892,-0.0730740140432431
P100_1100,420000,354,Z_mode_existing_controller,25.309070788113065,50.12270843903711,-7.845329801798471,0.12528322688940804,0.9541235566139221,False,False,-0.9541235566139221,-0.09541235864162445,-3.608393420697273,-3.608393420697268,194.66580927907302,194.66580927907302,198.27420269977029,195.2153686508074,-0.5495593717343752,-3.781893113292224,3.3575238186694176,0.9541235864162431,-0.010245042853057384,-0.0010245043085888028,-0.16452058385079196,-0.16452058385078155,211.19801669362042,211.19801669362042,211.3625372774712,211.13543833217062,0.06257836144979478,-0.6072241742754312,0.40481612279545515,0.27093879134027454,10.242150794630604,4.982064419854652,44.62408185300521,19.39858028430084,-0.12160252968681462,0.0,8.004479348353925,-0.03754701686987971
P100_1100,420000,355,Z_mode_existing_controller,25.307107397755072,50.119915104836565,-12.989919800887947,0.20620873753662972,0.939635694026947,False,False,-0.939635694026947,-0.09396357089281082,-3.5565861909906604,-3.5565861909906507,194.8459017444536,194.8459017444536,198.40248793544427,195.60774074264285,-0.7618389981892335,-3.7850692105431434,3.3543477214184985,0.9396357089281053,-0.011646299622952938,-0.0011646299390122294,-0.1723494413858273,-0.1723494413858384,211.063469326469,211.06346932646898,211.23581876785482,211.05565314467222,0.007816181796755473,-0.6072241742754312,0.40481612279545515,0.28383165342765543,10.500868384357133,4.280248001126684,40.00916245662793,26.22979444612436,-0.2044611743168403,0.0,13.19907068428256,-0.004689709078050441
P100_1100,420000,356,Z_mode_existing_controller,25.293350061201394,50.12097865114574,-19.687275633791614,0.3036411171696973,0.9504268169403076,False,False,-0.9504268169403076,-0.09504268318414688,-3.6003124550786887,-3.6003124550786803,197.22341018990022,197.22341018990022,200.82372264497891,198.24911842531594,-1.0257082354157205,-3.7881006032868627,3.351316328674779,0.9504268318414664,-0.01148555800318718,-0.0011485557770356536,-0.17237528352339812,-0.1723752835234009,211.64770756351166,211.64770756351166,211.82008284703505,211.67984624808554,-0.03213868457388003,-0.6072241742754312,0.40481612279545515,0.2838742112484031,11.653773625876795,5.134167444246436,39.638948077884,27.911382677560134,-0.3121046004447692,0.0,19.980097023491,0.0192832107443337
P100_1100,420000,357,Omega_safe_one_step_QP,25.271196696792092,50.12371886646531,-61.28286859751006,0.9207377962366855,0.959395170211792,False,False,-0.959395170211792,-0.0959395170211792,-5.055188963850614,-5.0551889638506085,199.82432976094594,199.82432976094594,204.87951872479655,202.49333412340548,-2.669004362459532,-5.2691415600254174,3.265526408724583,0.9593951702117912,-0.37519779801368713,-0.037519779056310654,-1.6258242053337333,-1.6258242053337417,211.22410342615387,211.22410342615387,212.84992763148762,212.74527833177186,-1.5211749056179826,-2.9825227251264264,3.667867899873574,0.5451171223732502,12.276589403283635,3.845147584770667,40.016807648130246,22.27071657966415,-0.9728015283921962,0.0,61.34296518253177,0.9127049433707839
P100_1100,420000,358,Omega_safe_one_step_QP,25.228802696668637,50.123731863273,-68.01977223255199,0.9988441379420729,0.9705524444580078,False,False,-0.9705524444580078,-0.09705524891614914,-5.9494275786662385,-5.9494275786662305,207.5380657911811,207.5380657911811,213.48749336984736,210.49101315230513,-2.952947361124018,-6.129939024530497,2.4047289442195043,0.9705524891614902,-0.4618476629257202,-0.04618476703763008,-2.2504838920215544,-2.2504838920215398,212.4240005405029,212.4240005405029,214.67448443252445,214.46863856106455,-2.0446380205616492,-3.1649784052301086,3.4854122197698914,0.7110582139526223,11.851169333406778,4.083906531780987,37.1418310634792,28.11287804048427,-1.077238542913296,0.0,67.87022796312885,1.2267828123370066
P100_1100,420000,359,Omega_safe_one_step_QP,25.200994694241544,50.12812305524078,-65.30620211147198,0.9682783755690153,0.9810787439346313,False,False,-0.9810787439346313,-0.09810787439346313,-6.570812525466393,-6.5708125254663905,212.59267423764155,212.59267423764155,219.16348676310793,215.51179871645877,-2.919124478817224,-6.697538363856556,1.8371296048934445,0.9810787439346305,-0.4758591055870056,-0.04758591204881668,-2.4640699213459882,-2.4640699213459962,213.66065739898713,213.6606573989871,216.1247273203331,215.80986098847754,-2.1492035894904404,-3.3100026940109744,3.3403879309890256,0.7444313945134894,10.150493715288363,3.7791382814886756,40.536716228129436,23.378966400398607,-1.0331085778334952,0.0,65.04978853561079,1.2895221536942643
P100_1100,420000,360,Omega_safe_one_step_QP,25.203494824196667,50.130206804925585,-45.515589576390994,0.6779632119526943,0.965133547782898,False,False,-0.965133547782898,-0.09651335328817368,-6.437318400850875,-6.437318400850872,212.44951792001987,212.44951792001987,218.88683632087074,214.58042778422094,-2.1309098642010724,-6.669873319632837,1.864794649117164,0.965133532881736,-0.23154595494270325,-0.023154595866799355,-1.1960432330705777,-1.1960432330705872,214.97503827689627,214.97503827689627,216.17108150996685,215.74563142055266,-0.7705931436563844,-3.314638112974351,3.3357525120256493,0.3608367466689545,10.083729166735244,4.72192513508836,41.9375570880263,27.960791993647998,-0.7249523569232732,0.0,45.77818604712047,0.4623558861938193
P100_1100,420000,361,Omega_safe_one_step_QP,25.215390720965004,50.13507141870913,-28.57103445163466,0.43000899016839855,0.9705312252044678,False,False,-0.9705312252044678,-0.09705312550067902,-6.263059678527322,-6.2630596785273305,210.45732559785057,210.45732559785057,216.7203852763779,211.89127604222622,-1.4339504443756539,-6.453228215183553,2.0814397535664484,0.9705312550067915,-0.17409449815750122,-0.017409449443221092,-0.8775541516755926,-0.8775541516756011,215.09631305458956,215.09631305458953,215.97386720626514,215.46099417038397,-0.36468111579443985,-3.2949166826041787,3.355473942395822,0.2663357639083047,10.037641087393833,3.599048433685697,39.74834095071473,25.724312694389823,-0.4535839409036786,0.0,28.80580972306234,0.21880866947665822
P100_1100,420000,362,Omega_safe_one_step_QP,25.216125817929793,50.13807707017593,-19.184617537081067,0.2860175566381074,0.9695974588394165,False,False,-0.9695974588394165,-0.09695974737405777,-6.261969751335316,-6.26196975133532,210.50932300526614,210.50932300526614,216.77129275660147,211.5385004494441,-1.0291774441779467,-6.458318963205908,2.0763490055440927,0.9695974737405784,-0.2111038863658905,-0.02111038938164711,-1.086832570257094,-1.0868325702570834,215.05669979390223,215.05669979390223,216.1435323641593,215.56264390389097,-0.5059441099887465,-3.311883198393596,3.338507426606404,0.32816150363764135,10.706545135810558,4.364221829017968,44.911845188107094,27.414584743294455,-0.2991992109342867,0.0,19.180250282021916,0.30356646599327064
P100_1100,420000,363,Omega_safe_one_step_QP,25.214852388611682,50.14273951091868,-12.861983773902466,0.18864106106824238,0.9732608199119568,False,False,-0.9732608199119568,-0.09732608497142792,-6.326772327592092,-6.326772327592092,210.8672573114037,210.8672573114037,217.1940296389958,211.63389767840115,-0.76664036699745,-6.500592651445341,2.0340753173046586,0.9732608497142792,-0.15670166909694672,-0.0156701672822237,-0.8369066370690943,-0.8369066370690924,215.65113477427477,215.65113477427477,216.48804141134386,215.8514014284551,-0.20026665418032508,-3.346334103112051,3.304056521887949,0.25009655679353093,11.691625198349506,5.658845457987968,41.023184760286526,23.22975906834767,-0.19874046399353418,0.0,12.940564245387577,0.12015999250820641
P100_1100,420000,364,Omega_safe_one_step_QP,25.209410163917596,50.14492364568411,-9.165785179450722,0.1384216133678526,0.973896861076355,False,False,-0.973896861076355,-0.09738969057798386,-6.45451222384949,-6.454512223849501,212.0086985177676,212.0086985177676,218.4632107416171,212.63561471452482,-0.6269161967572074,-6.627510761707474,1.9071572070425271,0.9738969057798402,-0.1726628541946411,-0.0172662865370512,-0.9573663251794247,-0.9573663251794173,215.91364012375325,215.91364012375328,216.8710064489327,216.1893110118821,-0.2756708881288148,-3.384630606870935,3.265760018129065,0.282856960294552,9.677449265358756,5.411034419703021,38.17385012902524,26.094962479443637,-0.1393630569868023,0.0,9.139745703560948,0.16540253287729456
P100_1100,420000,365,Omega_safe_one_step_QP,25.231288009971358,50.14813586793444,7.559236238615995,-0.11843922146143081,0.9659811854362488,False,False,-0.9659811854362488,-0.09659811854362488,-6.00279332015993,-6.002793320159941,208.32723772867217,208.32723772867215,214.3300310488321,208.2387167701131,0.08852095855905873,-6.214192792428971,2.32047517632103,0.9659811854362504,-0.20799174904823303,-0.020799174904823303,-1.0721990171375373,-1.0721990171375355,215.08718189079678,215.08718189079678,216.15938090793432,215.43175692220152,-0.3445750314047302,-3.313468052771097,3.336922572228903,0.32358815599288526,8.44743157517532,4.026020780237227,41.515680841027226,27.232888921581445,0.1321394524187901,0.0,-7.898120709876821,0.20674501884283814
P100_1100,420000,366,Omega_safe_one_step_QP,25.259936609897572,50.15130648995368,26.248204722243827,-0.4023205772927862,0.9535998702049255,False,False,-0.9535998702049255,-0.09535998851060867,-5.404060513772261,-5.404060513772271,203.45414710822465,203.45414710822465,208.8582076219969,202.60638649972933,0.8477606084953209,-5.6670104497454545,2.8676575190045464,0.9535998851060891,-0.22483831644058228,-0.022483831271529198,-1.0647674393228426,-1.0647674393228372,214.09483892161518,214.09483892161518,215.15960636093803,214.40138799206215,-0.30654907044697666,-3.2134905980714668,3.4369000269285332,0.3313429452576719,11.035102537725006,6.778158755716556,38.34254149536103,23.339693565061843,0.43713404196197914,0.0,-26.86926820647477,0.1839294422681803
P100_1100,420000,367,Omega_safe_one_step_QP,25.266962968043664,50.15193297514707,30.742747379464163,-0.49174481261904346,0.9330663084983826,False,False,-0.9330663084983826,-0.09330663084983826,-5.177257932177993,-5.177257932177995,202.4973404716757,202.49734047167567,207.67459840385368,201.4303589187678,1.066981552907862,-5.548649527931129,2.9860184408188717,0.9330663084983832,-0.0849868506193161,-0.00849868543446064,-0.3170479769879952,-0.3170479769880018,214.61255531630337,214.61255531630337,214.92960329329136,214.16931066438514,0.4432446519182349,-3.1904902913068023,3.4599003336931977,0.0993728073242753,8.728456760266099,4.88312848797193,40.53921476533803,25.2022146199077,0.5011616246153183,0.0,-30.977962212928105,-0.2659467911509523
P100_1100,420000,368,Omega_safe_one_step_QP,25.292327159324334,50.15299309729755,41.00883875857107,-0.6451710754571149,0.9461016654968262,False,False,-0.9461016654968262,-0.09461016952991486,-4.794702975024133,-4.794702975024129,198.0719159882209,198.0719159882209,202.86661896324503,196.63122988720957,1.4406861010113232,-5.067851583870264,3.466816384879736,0.9461016952991479,-0.021746497601270676,-0.002174649853259325,0.10678305931351578,0.10678305931352342,214.05735629344449,214.05735629344449,213.95057323413096,213.188072890758,0.8692834026864773,-3.092587285390761,3.5578033396092392,0.030013761054384646,10.825553747979379,6.683440988409574,35.80783391843213,24.01958619444636,0.665114583794665,0.0,-41.15238330075408,-0.5215700416118949
P100_1100,420000,369,Omega_safe_one_step_QP,25.29583896223103,50.15287834865634,39.19710752129413,-0.6238393964066234,0.944280743598938,False,False,-0.944280743598938,-0.09442807734012604,-4.739173209318053,-4.739173209318046,197.63710850375733,197.63710850375733,202.37628171307537,196.2518114276402,1.3852970761171264,-5.0188178588533,3.5158501098967,0.9442807734012592,-0.016418982297182083,-0.0016418982995674014,0.14584579107888226,0.1458457910788743,213.9721684142611,213.9721684142611,213.82632262318222,213.0801192703385,0.8920491439225771,-3.0801622242958864,3.570228400704114,0.04085054923940184,10.210311663118667,4.7051180349711705,39.91122555366767,23.460953423732263,0.6349280685555989,0.0,-39.29680610349533,-0.5352294863535576
P100_1100,420000,370,Omega_safe_one_step_QP,25.292523200017644,50.15252117413891,35.472658511404006,-0.547228402787394,0.9476172924041748,False,False,-0.9476172924041748,-0.09476172924041748,-4.836888491800246,-4.836888491800236,198.39385104906063,198.39385104906063,203.23073954086087,197.199540375107,1.1943106739536233,-5.1042636416318485,3.430404327118152,0.9476172924041729,-0.017545185983181,-0.0017545185983181,0.12665953776987254,0.126659537769867,214.10216566898492,214.1021656689849,213.97550613121504,213.24246520141267,0.8597004675722246,-3.095080575099168,3.5553100499008323,0.03562545488076346,11.891775607703531,3.7596518735512627,37.57405229774132,22.585688942236676,0.5757282334141536,0.0,-35.53256646427508,-0.5158202805433376
P100_1100,420000,371,Omega_safe_one_step_QP,25.253073175234793,50.15203201418367,12.520255219147657,-0.19425879871907434,0.9529655575752258,False,False,-0.9529655575752258,-0.09529655426740646,-5.624223651023677,-5.624223651023687,205.5820013170625,205.58200131706246,211.20622496808616,205.26714313044218,0.31485818662028464,-5.901812184354377,2.6328557843956237,0.9529655426740666,-0.25185710191726685,-0.025185709819197655,-1.2511989816048619,-1.2511989816048605,214.3869877377368,214.3869877377368,215.63818671934166,214.9192966183838,-0.5323088806470082,-3.2613486339118314,3.3890419910881686,0.38364465810087506,9.68314482450697,3.918684206439628,41.1131422957285,23.730216334568727,0.21491131731477608,0.0,-13.05455186485051,0.31938532838819356
P100_1100,420000,372,Omega_safe_one_step_QP,25.258641285062428,50.15303965500678,18.308822305664762,-0.2842615506079178,0.9419379234313965,False,False,-0.9419379234313965,-0.09419379383325577,-5.47241076470826,-5.472410764708267,204.8130525149592,204.8130525149592,210.28546327966745,204.26085920991915,0.5521933050400492,-5.8097360155125095,2.7249319532374914,0.9419379383325587,-0.2088799774646759,-0.02088799886405468,-1.0137707766819943,-1.0137707766819857,214.47319362534608,214.47319362534608,215.48696440202806,214.75032377892722,-0.27713015358114035,-3.246226402180472,3.404164222819528,0.31229207426846184,9.877553458062055,4.438743294821819,44.28555253772624,23.91055370567624,0.30653779772761247,0.0,-18.781638195541746,0.16627809214867284
P100_1100,420000,373,Omega_safe_one_step_QP,25.265899422254535,50.15432604891557,20.700366745390966,-0.3337362002471418,0.9473930597305298,False,False,-0.9473930597305298,-0.09473931044340134,-5.38463741858966,-5.384637418589675,203.63982427124463,203.6398242712446,209.02446168983428,202.95814379372973,0.6816804775148739,-5.68363585652919,2.8510321122208104,0.9473931044340157,-0.195774108171463,-0.01957741193473339,-0.9253852828426272,-0.925385282842631,214.35385080128617,214.35385080128617,215.2792360841288,214.53232589678538,-0.17847509549920915,-3.2254535703905454,3.424937054609455,0.2869008226742458,7.930125881733119,5.174418051280787,41.01375949143508,28.833180003630094,0.3431269383692248,0.0,-21.15057874105878,0.10708505729951412
P100_1100,420000,374,Z_mode_existing_controller,25.306556219593887,50.157541279363414,64.85670895002113,-1.080827146526322,0.9364526271820068,False,False,-0.9364526271820068,-0.09364526718854904,-3.513158360027868,-3.5131583600278606,197.63975865392334,197.63975865392334,201.1529170139512,195.0426663072783,2.5970923466450415,-3.7515599725444098,3.3878569594172325,0.9364526718854881,-0.016529805958271027,-0.0016529805725440383,-0.2044215404395762,-0.20442154043957028,213.56621042057137,213.56621042057137,213.77063196101093,213.01217370588543,0.5540367146859353,-0.6072241742754312,0.40481612279545515,0.3366492130908586,7.7584870523529315,4.488772537788722,40.523204727490494,26.617754806234586,1.053127865949331,0.0,-65.57741478715889,-0.33242202881157823
P100_1100,420000,375,Z_mode_existing_controller,25.340514543244083,50.15842427619095,50.95977459769347,-0.8461995044669764,0.9061436057090759,False,False,-0.9061436057090759,-0.09061436355113983,-3.4027486461002683,-3.4027486461002674,190.71125014694212,190.71125014694212,194.11399879304238,188.77345051587804,1.937799631064081,-3.755197865711288,3.3842190662503544,0.9061436355113975,-0.02105589769780636,-0.002105589723214507,-0.23137750478428587,-0.23137750478429975,212.0945288109637,212.0945288109637,212.325906315748,211.6938511281068,0.40067768285692296,-0.6072241742754312,0.40481612279545515,0.3810413263938156,9.429192151655513,5.845022855656482,42.26613915996343,26.06348743242451,0.8297534307753036,0.0,-51.54912141875502,-0.24040660971415662
P100_1100,420000,376,Z_mode_existing_controller,25.353563747654704,50.158516268690015,33.37566624123883,-0.568588827658612,0.9142263531684875,False,False,-0.9142263531684875,-0.09142263978719711,-3.436201262464266,-3.4362012624642606,187.79284095952684,187.79284095952684,191.2290422219911,186.5636714197578,1.2291695397690319,-3.7585889780284756,3.380827953933166,0.9142263978719696,-0.058601055294275284,-0.005860105622559786,-0.4812474497746695,-0.48124744977466327,211.24076050286405,211.24076050286405,211.7220079526387,211.20216330366594,0.038597199198108,-0.6072241742754312,0.40481612279545515,0.792536710760751,8.425432699817854,4.9711158718754715,41.208963330221174,24.27532667539187,0.5469128103891174,0.0,-33.89942073210841,-0.023158319518870485
P100_1100,420000,377,Omega_safe_one_step_QP,25.372672768114562,50.15674802363259,28.330196204079584,-0.49613685627789933,0.8876218199729919,False,False,-0.8876218199729919,-0.08876218646764755,-3.1053090558607916,-3.105309055860786,184.06738806572815,184.06738806572815,187.17269712158895,183.05303125923052,1.0143568064976307,-3.4984593997046565,5.036208569045344,0.8876218646764742,-0.04809252545237541,-0.004809252452105284,0.23908649368249435,0.23908649368250823,210.99961647119832,210.99961647119835,210.76052997751583,210.331805068218,0.6678114029803623,-2.7735829597292496,3.8768076652707513,0.061670971150902,7.639584439207005,4.743445229812359,42.45056118956309,23.15640985945496,0.45827972440654263,0.0,-28.38778908669792,-0.40068684178821456
P100_1100,420000,378,Omega_safe_one_step_QP,25.400052740758703,50.15359936834681,42.20000340884508,-0.7321237562796645,0.8569232821464539,False,False,-0.8569232821464539,-0.08569233119487762,-2.5553866393431295,-2.5553866393431353,179.45319871168675,179.45319871168675,182.0085853510299,177.88369788774386,1.5695008239428887,-2.9820482226487512,5.55261974610125,0.8569233119487781,-0.06647250056266785,-0.006647250149399042,0.2375263822978521,0.23752638229785905,209.70128247788426,209.70128247788426,209.4637560955864,209.0310336020386,0.6702488758456582,-2.643905571536305,4.006485053463695,0.05928547820052697,9.433820658223897,3.0239155089260796,40.500787907714454,23.807674885840846,0.6845418830874053,0.0,-42.48239596642452,-0.4021493255073949
P100_1100,420000,379,Omega_safe_one_step_QP,25.381053000536035,50.15049088891681,27.17397846230051,-0.4723938524748907,0.8984951972961426,False,False,-0.8984951972961426,-0.08984952419996262,-3.036477128474982,-3.0364771284749694,182.9467646516402,182.94676465164022,185.98324178011518,181.97332731753067,0.9734373341095477,-3.379513865557281,5.155154103192719,0.8984952419996226,-0.17959652841091156,-0.017959652468562126,-0.38255090516814,-0.3825509051681275,209.73878587174067,209.73878587174067,210.1213367769088,209.70477510472463,0.03401076701604211,-2.7096636396685456,3.9407269853314553,0.14118021866910474,8.320140799408662,4.704518544082211,40.71540029926426,21.617730228364785,0.44591340804109336,0.0,-27.59948541013182,-0.020406460209613897
P100_1100,420000,380,Omega_safe_one_step_QP,25.39595172394564,50.146360330952625,34.82331568344671,-0.600799967028486,0.8861712217330933,False,False,-0.8861712217330933,-0.08861712366342545,-2.7555753814544475,-2.755575381454445,180.5278202502148,180.5278202502148,183.28339563166924,179.27883651130193,1.2489837389128695,-3.1095292507126873,5.425138718037314,0.8861712366342532,0.03482891619205475,0.0034828917123377323,0.8001593613437746,0.8001593613437691,210.09487704688647,210.09487704688644,209.29471768554268,208.87532262352076,1.219554423365679,-2.6270017305319318,4.023388894468069,0.19887696226530394,9.43006006441017,5.463687048150436,41.864402331937676,25.212232640845677,0.5591767603186746,0.0,-34.6507597897471,-0.7317326540194102
P100_1100,420000,381,Omega_safe_one_step_QP,25.397548630124408,50.144354019092475,37.03508000657894,-0.608144656894146,0.857738733291626,False,False,-0.857738733291626,-0.08577387779951096,-2.6580425539134893,-2.6580425539134813,180.51901224337985,180.51901224337985,183.17705479729332,179.2407898753662,1.278222368013644,-3.0988951672750953,5.435772801474906,0.8577387779951064,-0.013217759318649769,-0.0013217759551480412,0.5429115298962006,0.5429115298961993,209.68721772203102,209.68721772203102,209.14430619213482,208.73473263897347,0.9524850830575531,-2.6119605811911475,4.0384300438088525,0.13443628439930863,12.472688554724176,7.174603958463569,38.66495782241705,25.74678905660882,0.5992861443904971,0.0,-37.06287510113543,-0.5714910498345347
P100_1100,420000,382,Omega_safe_one_step_QP,25.36882943848215,50.14315109342404,18.13378736242521,-0.2965423058110657,0.8853349685668945,False,False,-0.8853349685668945,-0.08853349834680557,-3.2620952541776425,-3.26209525417764,185.7718946261245,185.7718946261245,189.03398988030213,185.21723262308345,0.5546620030410452,-3.6845886755759754,4.8500792931740255,0.8853349834680553,-0.16349992156028748,-0.016349991783499718,-0.3238437066975214,-0.3238437066975089,209.99004254747814,209.99004254747814,210.31388625417566,209.92351619338714,0.06652635409099616,-2.72891858739523,3.92147203760477,0.11867107659177907,11.206975066296062,4.642711881063498,41.211566369673115,25.604089890552967,0.3000765975363464,0.0,-18.393948147508127,-0.03991581245459486
P100_1100,420000,383,Z_mode_existing_controller,25.33978661141298,50.14264838763667,12.80319502405564,-0.21280890533806499,0.9285156726837158,False,False,-0.9285156726837158,-0.09285157173871994,-3.481732787712892,-3.4817327877129003,191.46111345391915,191.46111345391915,194.94284624163205,191.1076854125729,0.3534280413462625,-3.7497833612448996,3.389633570716742,0.9285157173872016,-0.008954313583672047,-0.000895431381650269,-0.15336704503061543,-0.15336704503061405,211.381580617185,211.381580617185,211.53494766221561,211.13979985876307,0.2417807584219247,-0.6072241742754312,0.40481612279545515,0.2525707169244685,8.810585711379092,4.297487452085621,44.17691459580985,25.06680522641295,0.21042431337239265,0.0,-12.86855088237462,-0.14506845505316335
P100_1100,420000,384,Z_mode_existing_controller,25.351935015098356,50.14224693307203,3.3538583680883676,-0.054968211433673184,0.9217900037765503,False,False,-0.9217900037765503,-0.09217900037765503,-3.459857356425669,-3.459857356425671,188.75961524305444,188.75961524305444,192.2194725994801,188.81265673045786,-0.053041487403419296,-3.753411668873303,3.386005263088339,0.9217900037765506,-0.0030111002270132303,-0.0003011100343428552,-0.1132626826017391,-0.11326268260175229,210.8248914560523,210.8248914560523,210.93815413865406,210.61604498780795,0.20884646824436004,-0.6072241742754312,0.40481612279545515,0.18652531865501357,10.189464718241698,6.339267481092319,37.3760353143001,22.937397853605287,0.0579569012598391,0.0,-3.2865073884013327,-0.1253078809466075
P100_1100,420000,385,Z_mode_existing_controller,25.354446888200595,50.14003560619813,-4.169569652321115,0.07302634502382054,0.9091924428939819,False,False,-0.9091924428939819,-0.09091924875974655,-3.4157760437606646,-3.4157760437606774,188.01108767700538,188.01108767700538,191.42686372076605,188.39021939074306,-0.37913171373767796,-3.756933862032702,3.3824830699289397,0.9091924875974686,-0.0017281865002587438,-0.00017281864711549133,-0.10347768649633798,-0.10347768649635117,210.5459099634014,210.5459099634014,210.64938764989776,210.39177093000717,0.1541390333942445,-0.6072241742754312,0.40481612279545515,0.17041101273648349,6.393642359819113,5.332842952964124,40.52568573328219,25.06989850848232,-0.06578036258182607,0.0,4.327833434940658,-0.09248342003654386
P100_1100,420000,386,Omega_safe_one_step_QP,25.407301639183,50.13823401311984,18.474124281417062,-0.3153109201355423,0.7747976779937744,False,False,-0.7747976779937744,-0.0774797722697258,-2.2104711954273992,-2.210471195427391,178.50728722717417,178.50728722717417,180.71775842260158,177.94982456325263,0.557462663921541,-2.852965529805919,5.6817024389440824,0.774797722697254,0.04067496210336685,0.0040674963966012,0.8325818271527299,0.8325818271527174,209.09828361691314,209.09828361691314,208.2657017897604,208.05420970432635,1.0440739125867822,-2.524100140953707,4.126290484046294,0.20177489451403746,10.413834083709094,6.823611256157428,42.67025154953564,20.371648461129148,0.29554530785115674,0.0,-18.1432252417153,-0.6264443475520665
P100_1100,420000,387,Omega_safe_one_step_QP,25.4042834797185,50.13334531093726,9.484435169173594,-0.16202369228968042,0.8921026587486267,False,False,-0.8921026587486267,-0.08921026438474655,-2.620568237142545,-2.6205682371425345,178.94272231920186,178.9427223192019,181.5632905563444,178.75366611091266,0.1890562082892302,-2.937518743180205,5.597149225569796,0.8921026438474621,-0.008386901579797268,-0.0008386901463381946,0.681058669687258,0.6810586696872484,208.83364698432106,208.83364698432106,208.15258831463382,207.93386365909325,0.8997833252278156,-2.5127887934410467,4.137601831558954,0.1646022738322892,10.128314711196897,2.680144254343007,38.294584861310334,22.56850950208287,0.1507168079954866,0.0,-9.095281982032247,-0.5398699951366979
P100_1100,420000,388,Omega_safe_one_step_QP,25.36908738410517,50.12945567916553,-5.315378189290641,0.08877421289937266,0.913406491279602,False,False,-0.913406491279602,-0.09134065359830856,-3.338370255462252,-3.3383702554622507,185.3983026892995,185.3983026892995,188.73667294476175,185.82603642579127,-0.42773373649177415,-3.6548569820219377,4.879810986728064,0.9134065359830851,-0.030814019963145256,-0.0030814020428806543,0.4631549022664133,0.46315490226641887,209.91174582473025,209.91174582473025,209.44859092246384,209.21293852297762,0.6988073017526233,-2.642389054224048,4.008001570775952,0.1155575650577282,9.77383698203145,4.827662636142204,44.47254742706216,23.464446875661217,-0.0879479617592338,0.0,5.822610532101862,-0.4192843810515825
P100_1100,420000,389,Omega_safe_one_step_QP,25.36530878144732,50.127486365461,-2.5053665058567276,0.04244239007379081,0.9147430658340454,False,False,-0.9147430658340454,-0.09147430956363678,-3.430468613822239,-3.430468613822231,186.2596241970783,186.2596241970783,189.69009281090052,186.57510551179925,-0.3154813147209552,-3.7501989686358153,4.784469000114186,0.9147430956363656,-0.008027038536965847,-0.0008027038420550525,0.5756350039147734,0.5756350039147741,210.1022879458898,210.1022879458898,209.52665294197502,209.25714316801412,0.8451447778756744,-2.6501952561751674,4.000195368824833,0.1439017225010894,8.739943651557095,5.61449587180772,40.91505597249212,22.277033600083165,-0.044268321067594485,0.0,3.056721693649706,-0.5070868667254018
P100_1100,420000,390,Omega_safe_one_step_QP,25.38293809242265,50.12440206079248,9.041143126744828,-0.15606992996769192,0.9146161079406738,False,False,-0.9146161079406738,-0.09146161377429962,-3.132057201692229,-3.132057201692225,183.30054558170403,183.30054558170403,186.43260278339625,183.12578917488167,0.17475640682235394,-3.4244499658853877,5.110218002864613,0.9146161377429951,0.02711276337504387,0.002711276290938258,0.8395800069332549,0.8395800069332632,209.48093405587622,209.48093405587622,208.64135404894296,208.339780451793,1.1411536040832289,-2.5616653668719604,4.08872525812804,0.20534028430113985,8.437129446752696,4.117731206563314,35.28997618654591,28.002495141263523,0.14025469922325584,0.0,-8.496705663517787,-0.6846921624499345
P100_1100,420000,391,Omega_safe_one_step_QP,25.39044104244042,50.123872442159495,16.741430397275508,-0.28392407918876933,0.8810172080993652,False,False,-0.8810172080993652,-0.08810172230005264,-2.9029154721662564,-2.9029154721662453,182.234775882668,182.234775882668,185.13769135483426,181.71916475920588,0.5156111234621221,-3.2949588230291873,5.239709145720814,0.8810172230005227,-0.15318946540355682,-0.015318946912884712,-0.09723973398420016,-0.09723973398421126,208.22501062936593,208.2250106293659,208.32225036335012,208.0015515967042,0.22345903266170808,-2.5297549983126757,4.120635626687324,0.038438399785382105,9.830860688663186,3.574478999770207,38.24300395798107,22.081627103952066,0.2749934747847824,0.0,-16.882348452464612,-0.13407541959702485
P100_1100,420000,392,Omega_safe_one_step_QP,25.37056238157268,50.1201758533737,6.90485781611369,-0.11528226499502309,0.908052384853363,False,False,-0.908052384853363,-0.09080523997545242,-3.3676309347174005,-3.3676309347174103,185.9067783944865,185.9067783944865,189.2744093292039,185.8175690518902,0.08920934259631963,-3.7086306204661543,4.826037348283847,0.9080523997545266,-0.04687358811497688,-0.004687359090894461,0.4182697695100379,0.4182697695100254,209.39956829489392,209.39956829489392,208.9812985253839,208.65236032026317,0.7472079746307543,-2.595659814516055,4.054730810483945,0.10315598964758492,9.785225204776271,5.3410908042911425,40.19282936006639,24.366319631554447,0.11003220497841326,0.0,-6.566565236314091,-0.4483247847784497
P100_1100,420000,393,Omega_safe_one_step_QP,25.369611833694705,50.11853804721319,9.349548573648462,-0.15621774769254218,0.8995353579521179,False,False,-0.8995353579521179,-0.08995353430509567,-3.37000584828977,-3.3700058482897646,186.2819487449421,186.2819487449421,189.65195459323186,186.08851600690568,0.19343273803642091,-3.746385146868949,4.788282821881052,0.8995353430509555,-0.04596053808927536,-0.004596054088324308,0.4190934725663037,0.4190934725662926,209.3750379178154,209.37503791781538,208.9559444452491,208.608879565936,0.7661583518793691,-2.5931244065025734,4.057266218497427,0.10329454612951186,9.674697005785754,5.70990960411551,40.031549239114895,25.390896152280348,0.1494793150940943,0.0,-9.03933287761538,-0.45969501112762146
P100_1100,420000,394,Omega_safe_one_step_QP,25.373578440594414,50.1175363155366,13.674287662576717,-0.2302965899582714,0.8842975497245789,False,False,-0.8842975497245789,-0.088429756462574,-3.2596198262747436,-3.259619826274745,185.78960286557424,185.78960286557424,189.049222691849,185.39790464967265,0.3916982159015845,-3.686111956730661,4.8485560120193405,0.8842975646257402,-0.13522185385227203,-0.013522185385227203,-0.03955427822633917,-0.03955427822633917,208.71836007694742,208.71836007694742,208.75791435517377,208.3956708177689,0.32268925917853153,-2.573321397495041,4.077069227504959,0.015370904802191694,9.359765086589293,5.183944435047372,38.046955531776895,26.10880105117351,0.22386056844884195,0.0,-13.704534675518516,-0.19361355550712744
P100_1100,420000,395,Omega_safe_one_step_QP,25.377078286201066,50.11668579731291,18.099530227200376,-0.2989890891383996,0.8639445304870605,False,False,-0.8639445304870605,-0.08639445155858994,-3.1400284370096303,-3.1400284370096383,185.39333043442716,185.39333043442713,188.53335887143677,184.8263706082547,0.5669598261724218,-3.634525574689439,4.900142394060562,0.8639445155859017,-0.1519949585199356,-0.015199496410787106,-0.12749214724561975,-0.12749214724563224,208.4597617475003,208.45976174750027,208.5872538947459,208.21405593859555,0.2457058089047166,-2.5562553514522546,4.094135273547746,0.049874574217791526,10.675718131065265,6.276778293610425,40.72142588788614,24.581011460792304,0.2971257790999502,0.0,-18.249232520957776,-0.14742348534282712
P100_1100,420000,396,Omega_safe_one_step_QP,25.37052967667276,50.11539361784762,17.167705889733952,-0.27562234966237925,0.8495587110519409,False,False,-0.8495587110519409,-0.08495587110519409,-3.2123696310422716,-3.212369631042266,186.78794810859893,186.78794810859893,190.0003177396412,186.28313562678912,0.5048124818098074,-3.7812214615098814,4.7534465072401195,0.8495587110519396,-0.07039643824100494,-0.007039643824100494,0.26719829367488485,0.2671982936748876,209.08201772501945,209.08201772501945,208.81481943134457,208.4384035554258,0.6436141695936612,-2.5790119051121216,4.071378719887878,0.06562845464846513,12.060605946416578,5.49484392500645,36.30266288620528,25.03864818086185,0.2787489079026244,0.0,-17.06028629587945,-0.38616850175620243
P100_1100,420000,397,Z_mode_existing_controller,25.335128381276153,50.11454867545357,11.994039574969975,-0.18908501136102482,0.911294162273407,False,False,-0.911294162273407,-0.09112941473722458,-3.407722746245671,-3.4077227462456796,193.73900441486768,193.73900441486768,197.14672716111335,193.42700612305197,0.31199829181571204,-3.739432274498833,3.399984657462809,0.9112941473722479,-0.01311933621764183,-0.001311933621764183,-0.17925239901415285,-0.17925239901416257,210.10200888637925,210.10200888637925,210.2812612853934,209.90427096135312,0.1977379250261322,-0.6072241742754312,0.40481612279545515,0.2951997081276533,11.439740474279438,5.728483676682818,36.71966090128597,23.473994770515603,0.19867856799795192,0.0,-12.07407538795269,-0.118642755015685
P100_1100,420000,398,Z_mode_existing_controller,25.317588950373874,50.11377594223245,-1.4339123918089172,0.021970549197065512,0.9355143904685974,False,False,-0.9355143904685974,-0.09355144202709198,-3.501776595049556,-3.5017765950495576,196.76975183511254,196.76975183511254,200.2715284301621,197.00662065210454,-0.23686881699200057,-3.7431561921145597,3.3962607398470817,0.9355144202709202,-0.0037531135603785515,-0.00037531135603785515,-0.11957371688847696,-0.11957371688846516,210.7928788269489,210.79287882694894,210.9124525438374,210.61415885912936,0.17871996781957478,-0.6072241742754312,0.40481612279545515,0.19691857135158727,12.361571949830084,6.949924104585624,38.48349715653954,24.001923601988935,-0.018840241143188052,0.0,1.5599846136428823,-0.10723198069173634
P100_1100,420000,399,Omega_safe_one_step_QP,25.302215779039173,50.11420400798545,-40.48588690984889,0.6332536249158267,0.9360291361808777,False,False,-0.9360291361808777,-0.09360291808843613,-4.751291159113041,-4.751291159113034,198.19688714411146,198.19688714411146,202.9481783032245,200.06038134202842,-1.863494197916964,-5.076007517868212,3.458660450881789,0.9360291808843596,-0.1607559472322464,-0.01607559435069561,-0.3919710265134879,-0.3919710265134893,211.12540066770075,211.12540066770075,211.51737169421423,211.28590943566203,-0.16050876796128932,-2.8492671313990887,3.8011234936009117,0.137569068970033,10.371826038265521,6.622177760523661,41.76083314805421,22.43929035803698,-0.650883850039083,0.0,41.04046549911163,0.0963052607767736
P100_1100,420000,400,Z_mode_existing_controller,25.314194494419656,50.11363103041548,-1.0619885247797356,0.01689914089997323,0.9446600675582886,False,False,-0.9446600675582886,-0.09446600824594498,-3.5378754895808995,-3.537875489580912,197.22359135911066,197.22359135911063,200.76146684869155,197.45126237498926,-0.22767101587862726,-3.7451307144999073,3.3942862174617345,0.9446600824594529,-0.0012397313257679343,-0.00012397313548717648,-0.1038270332824838,-0.1038270332824727,210.90184393413264,210.90184393413264,211.0056709674151,210.7050257744927,0.1968181596399461,-0.6072241742754312,0.40481612279545515,0.17098633038838426,9.92374536657412,6.834814086114552,35.89594641465352,26.034332546403327,-0.014099416866219627,0.0,1.1941788374297175,-0.11809089578396481
P100_1100,420000,401,Z_mode_existing_controller,25.33116285393791,50.114490020630775,-8.081308142265698,0.13415709088265546,0.9287188053131104,False,False,-0.9287188053131104,-0.09287188202142715,-3.4817199652920996,-3.481719965292095,193.57383807260922,193.57383807260922,197.0555580379013,194.1055425782853,-0.531704505676089,-3.7489495092699934,3.390467422691648,0.9287188202142701,-0.004355548415333033,-0.00043555485899560153,-0.12288216539284719,-0.12288216539283331,210.14938057501405,210.14938057501405,210.2722627404069,210.03462767308733,0.11475290192672105,-0.6072241742754312,0.40481612279545515,0.20236705091568885,8.177785740593201,5.386764661330781,40.04342299412809,27.2395853879439,-0.12821467728976588,0.0,8.278374560712109,-0.0688517411560241
P100_1100,420000,402,Omega_safe_one_step_QP,25.361318112519697,50.11533682155986,-12.655979735075562,0.20414117103866727,0.8776083588600159,False,False,-0.8776083588600159,-0.08776083588600159,-3.3855640992846316,-3.3855640992846223,187.37970234765783,187.37970234765783,190.76526644694246,188.09764227533734,-0.7179399276795095,-3.857716332240008,4.676951636509993,0.8776083588600131,-0.015789460390806198,-0.0015789460157975554,0.5576169906787026,0.5576169906786956,209.54318506845925,209.54318506845925,208.98556807778056,208.79750138713396,0.7456836813252892,-2.5960867697557206,4.05430385524428,0.13753704966079758,11.321887698806032,4.474103298207802,37.90577744366378,28.549902877338713,-0.20704433502891106,0.0,13.310434278899265,-0.44741020879517635
P100_1100,420000,403,Z_mode_existing_controller,25.328879074147217,50.11665364834808,-10.425591915608493,0.1728226145653517,0.9425957798957825,False,False,-0.9425957798957825,-0.0942595824599266,-3.535364116878845,-3.5353641168788594,193.78752872064987,193.78752872064985,197.3228928375287,194.4215960312809,-0.6340673106310533,-3.7506681279665823,3.388748803995059,0.9425958245992696,-0.007206788286566734,-0.0007206788286566734,-0.1431999783340937,-0.14319997833410758,210.306627521832,210.30662752183198,210.4498275001661,210.22418998987445,0.08243753195753811,-0.6072241742754312,0.40481612279545515,0.23582720254011727,8.194152137918495,6.160026007416987,40.102901181863054,26.012088956964682,-0.16593480649661796,0.0,10.640989241279385,-0.04946251917452571
P100_1100,420000,404,Omega_safe_one_step_QP,25.36424547955058,50.11679812533937,-12.716120933208003,0.21074686766849793,0.8897605538368225,False,False,-0.8897605538368225,-0.08897605538368225,-3.365134982366117,-3.365134982366124,186.6436488618934,186.6436488618934,190.00878384425954,187.37894667733664,-0.7352978154432321,-3.7820680719717163,4.7525998967782845,0.8897605538368241,-0.019724158570170403,-0.0019724159501492977,0.5532146978444147,0.5532146978444036,209.45746711598545,209.45746711598542,208.90425241814103,208.72652294127437,0.7309441747110554,-2.587955203791767,4.062435421208233,0.13617809035346307,9.85309907667486,5.619115423158493,39.52460712328815,28.10314330600823,-0.20857977672714867,0.0,13.363267214762345,-0.43856650482662474
P100_1100,420000,405,Omega_safe_one_step_QP,25.36490204116524,50.11749040280461,-5.795029638942651,0.09485871467234047,0.8771164417266846,False,False,-0.8771164417266846,-0.0877116471529007,-3.321149156870468,-3.3211491568704647,186.73135698225644,186.73135698225644,190.0525061391269,187.17211792380604,-0.44076094154959833,-3.786440301458453,4.748227667291547,0.8771164715290062,-0.02622843161225319,-0.0026228432543575764,0.5067663847564879,0.5067663847564741,209.44798944495636,209.44798944495636,208.9412230601999,208.72245077775446,0.7255386672019029,-2.591652267997654,4.058738357002347,0.12485810618518296,10.641083142692846,5.091581544037191,35.48530384561721,21.576691336239513,-0.09566301928407839,0.0,6.3260158585480895,-0.43532320032113603
P100_1100,420000,406,Z_mode_existing_controller,25.347380182047722,50.11415640626162,-5.409089459414645,0.08737849042080796,0.928256630897522,False,False,-0.928256630897522,-0.09282566606998444,-3.4814027046471354,-3.481402704647138,190.24220487616174,190.24220487616174,193.72360758080887,190.65163030074498,-0.4094254245832474,-3.7504742514019647,3.388942680559677,0.9282566606998448,-0.008574800565838814,-0.0008574800449423492,-0.1508233647025098,-0.15082336470250285,209.37075666170895,209.37075666170895,209.52158002641147,209.2716822185896,0.0990744431193491,-0.6072241742754312,0.40481612279545515,0.24838168684979064,10.610737055010576,5.082946089693395,38.13122886198214,23.045047886792585,-0.08329597850498871,0.0,5.551830103790962,-0.05944466587160946
P100_1100,420000,407,Z_mode_existing_controller,25.334283468088362,50.11248663395654,-12.401009800880274,0.2008991004529123,0.9205201864242554,False,False,-0.9205201864242554,-0.09205202013254166,-3.455725282126022,-3.455725282126028,192.53638681900904,192.53638681900904,195.99211210113506,193.24255398066805,-0.7061671616590104,-3.7541004283776442,3.3853165035839976,0.9205202013254182,-0.00972827896475792,-0.0009728278964757919,-0.15769188454221456,-0.15769188454220068,209.76039877469043,209.76039877469043,209.91809065923263,209.72536231762268,0.03503645706774705,-0.6072241742754312,0.40481612279545515,0.259693028082036,9.823751645576975,3.7536540320873106,40.34330162696329,28.55530010925523,-0.19665113999102246,0.0,12.618682815112152,-0.02102187424064539
P100_1100,420000,408,Z_mode_existing_controller,25.32531312039052,50.114449693036875,-21.038096685800156,0.33126752586268104,0.9433488249778748,False,False,-0.9433488249778748,-0.09433488547801971,-3.544741231741483,-3.5447412317414795,193.86998253781678,193.86998253781678,197.41472376955826,194.92145652697954,-1.0514739891627585,-3.7576143902431705,3.3818025417184714,0.943348854780196,-0.005670598242431879,-0.0005670598475262523,-0.13308603146687178,-0.1330860314668815,210.20933025129935,210.20933025129932,210.3424162827662,210.19570018779382,0.013630063505502221,-0.6072241742754312,0.40481612279545515,0.21917116792276278,11.165071638437869,6.629272316076855,38.20447172385932,26.720889524842832,-0.33600835650093686,0.0,21.382283080403795,-0.008178038103295648
P100_1100,420000,409,Z_mode_existing_controller,25.321048798425206,50.11570260652766,-27.5225619134344,0.4257783092084834,0.9516329169273376,False,False,-0.9516329169273376,-0.09516329318284988,-3.5792819980172856,-3.579281998017273,194.33206515116618,194.33206515116618,197.91134714918346,195.63503608415314,-1.302970932986966,-3.7612002257424364,3.378216706219205,0.9516329318284953,-0.005035851616412401,-0.0005035851499997079,-0.12971388486968383,-0.12971388486969562,210.3987508517242,210.3987508517242,210.5284647365939,210.42230706161152,-0.023556209887317436,-0.6072241742754312,0.40481612279545515,0.213617787902592,12.082721377059368,5.973663049511057,37.20946277931708,21.32710192224923,-0.44043591131274695,0.0,27.948864098814738,0.014133725932396146
P100_1100,420000,410,Omega_safe_one_step_QP,25.29710058705478,50.11393996771407,-60.06105136725364,0.9216073829836009,0.9452958703041077,False,False,-0.9452958703041077,-0.09452959150075912,-4.739453478590755,-4.739453478590768,197.58589665344235,197.58589665344232,202.3253501320331,200.22982041664787,-2.6439237632055494,-5.013724700749072,3.52094326800093,0.9452959150075937,-0.16510407626628876,-0.016510408371686935,-0.39701835450280665,-0.3970183545028171,210.98077916601318,210.98077916601318,211.377797520516,211.30691130324337,-0.3261321372301893,-2.8353097140292647,3.815080910970736,0.14002645021048282,11.505086330533487,5.814837208706944,41.05078380776999,24.75616000063148,-0.9662612007664038,0.0,60.831633285682074,0.19567928233811926
P100_1100,420000,411,Omega_safe_one_step_QP,25.2846677482699,50.11494744371127,-51.544311913343336,0.8044233593772583,0.948216438293457,False,False,-0.948216438293457,-0.09482164680957794,-5.004341289913775,-5.004341289913779,199.96012101307187,199.96012101307187,204.96446230298565,202.2954655321424,-2.3353445190705315,-5.277635917844329,3.2570320509056736,0.94821646809578,-0.30471405386924744,-0.030471405014395714,-1.18060706366125,-1.1806070636612467,210.80596646271707,210.80596646271707,211.98657352637832,211.82258465273503,-1.0166181900179652,-2.896187314615496,3.7542033103845047,0.40764181850509434,9.987761680525185,4.004676826886466,41.58882098245699,26.70828149209143,-0.8218727058776842,0.0,51.75621370521003,0.6099709140107734
P100_1100,420000,412,Omega_safe_one_step_QP,25.281691985708196,50.1171102897839,-41.06778797948209,0.6441949641472219,0.9524176120758057,False,False,-0.9524176120758057,-0.09524176269769669,-5.098626650243343,-5.098626650243341,200.6229948156878,200.6229948156878,205.72162146593115,202.52902274421692,-1.906027928529113,-5.353351834138877,3.181316134611124,0.9524176269769666,-0.3398914337158203,-0.03398914262652397,-1.3880988413050057,-1.3880988413049973,210.87186871563503,210.87186871563503,212.25996755694004,212.00882608809832,-1.1369573724632858,-2.9235267176716677,3.7268639073283323,0.47480285810779116,9.628837136470413,4.928467973011179,39.977074163024064,25.145103658755637,-0.6505998926133643,0.0,41.03621344861858,0.6821744234779601
P100_1100,420000,413,Omega_safe_one_step_QP,25.29186509631266,50.11820786163646,-24.80278302647457,0.37718432278692593,0.9383067488670349,False,False,-0.9383067488670349,-0.09383067488670349,-4.851715817681734,-4.851715817681743,199.04352704064144,199.04352704064144,203.89524285832317,200.25147578343552,-1.2079487427940876,-5.1707139733780805,3.3639539953719204,0.9383067488670366,-0.14577624201774597,-0.014577624388039112,-0.3506717224843192,-0.3506717224843123,211.56977700818155,211.56977700818155,211.92044873066587,211.59315816264373,-0.023381154462185805,-2.8895748350442507,3.7608157899557493,0.12135754998674125,12.05582521252645,4.433766373159011,41.455597328591786,25.436459863630613,-0.39574948600844095,0.0,25.184503819805286,0.014028692677314325
P100_1100,420000,414,Omega_safe_one_step_QP,25.25890056005384,50.12004721540741,-34.65683102499315,0.5267455190160991,0.9541194438934326,False,False,-0.9541194438934326,-0.09541194885969162,-5.5694081811180185,-5.569408181118023,204.99092449832145,204.99092449832142,210.56033267943945,206.60046761812362,-1.609543119802197,-5.8372229554897075,2.697445013260294,0.9541194885969168,-0.39380380511283875,-0.039380382746458054,-1.7806085131527953,-1.7806085131527913,211.6567595441975,211.6567595441975,213.4373680573503,213.05846786369472,-1.401708319497203,-3.0412667677126954,3.6091238572873046,0.5854825140814491,10.62499503928751,5.120167567674307,42.18833189665624,24.429638580862182,-0.5431529023971713,0.0,34.35895893569159,0.8410249916983332
P100_1100,420000,415,Omega_safe_one_step_QP,25.25989880115295,50.121872691092264,-23.756239515984817,0.37003752203962437,0.950036346912384,False,False,-0.950036346912384,-0.0950036346912384,-5.542356471567503,-5.542356471567499,204.98410907016185,204.98410907016185,210.52646554172935,206.17654070999382,-1.192431639831966,-5.833836241718697,2.700831727031303,0.9500363469123833,-0.31794849038124084,-0.031794849783182144,-1.394720747718012,-1.394720747718009,212.1281090887278,212.12810908872783,213.52282983644582,213.077537189965,-0.9494281012371744,-3.0498129456222487,3.6005776793777517,0.4573135377761492,9.234617816238773,4.961375019408432,38.809977430974804,27.488583934970872,-0.3712304248603946,0.0,23.557813080102278,0.5696568607422989
P100_1100,420000,416,Omega_safe_one_step_QP,25.279520394524628,50.124834788938685,-8.321889648698743,0.13017248840061643,0.9547461271286011,False,False,-0.9547461271286011,-0.09547461569309235,-5.214446787411845,-5.21444678741184,201.58971055801297,201.58971055801297,206.8041573454248,202.12613480624168,-0.5364242482287125,-5.461605422088243,3.0730625466617574,0.9547461569309228,-0.31315696239471436,-0.031315695494413376,-1.307659556588374,-1.307659556588367,211.5783226695986,211.5783226695986,212.88598222618697,212.38417382677534,-0.8058511571767326,-2.986128184596362,3.664262440403638,0.4379113942039714,9.893143307191604,5.149121697298962,40.71993209425128,20.901823948983637,-0.12147460507896213,0.0,7.959853559472322,0.4835106943060339
P100_1100,420000,417,Omega_safe_one_step_QP,25.288469109174088,50.123641722058196,1.9645400743729624,-0.031981326814518624,0.9468682408332825,False,False,-0.9468682408332825,-0.0946868285536766,-5.022476216076294,-5.022476216076294,200.2086561533322,200.2086561533322,205.2311323694085,200.34096484905896,-0.1323086957267492,-5.3043029244866124,3.2303650442633876,0.9468682855367663,-0.09108404815196991,-0.009108404628932476,-0.11400410882007606,-0.11400410882006634,212.35540666527294,212.35540666527294,212.469410774093,211.92984775517363,0.425558910099312,-2.9444710393869657,3.7059195856130343,0.03871802686970962,7.9274804757017945,5.104348560044525,41.46556117517013,25.346013629447125,0.03247023826716644,0.0,-1.7416749665799216,-0.2553353460595815
P100_1100,420000,418,Z_mode_existing_controller,25.326227807398872,50.124331396251506,41.8398958486232,-0.6837676530165662,0.9318806529045105,False,False,-0.9318806529045105,-0.09318806976079941,-3.4932103996176247,-3.4932103996176176,194.45965466728043,194.45965466728043,197.95286506689806,192.8980991536644,1.5615555136160424,-3.7485596692626015,3.3908572626990394,0.9318806976079922,-0.007198362145572901,-0.0007198362145572901,-0.14205967040969714,-0.14205967040968812,210.80060640994236,210.8006064099424,210.94266608035207,210.37390065406308,0.42670575587931125,-0.6072241742754312,0.40481612279545515,0.23394929982687282,9.382194960228556,4.906953172802656,36.866796336972875,24.54476280201858,0.6810464357469872,0.0,-42.26491883084236,-0.2560234535275896
P100_1100,420000,419,Z_mode_existing_controller,25.333856763917197,50.12378154486988,26.90396347134265,-0.43899121771739785,0.9305562376976013,False,False,-0.9305562376976013,-0.09305562824010849,-3.491678733940942,-3.4916787339409407,192.62491440881203,192.62491440881203,196.11659314275298,191.69945688310875,0.9254575257032798,-3.7522488429517393,3.3871680890099025,0.9305562824010843,-0.0037450112868100405,-0.00037450113450177014,-0.11901818816656279,-0.11901818816656834,210.40808127025286,210.40808127025286,210.52709945841943,210.06496376100375,0.34311750924911166,-0.6072241742754312,0.40481612279545515,0.19600370540021156,9.769566084683499,7.219839292117875,38.923180059348944,24.357439742827648,0.439353638250644,0.0,-27.13744660404427,-0.20587050554946984
P100_1100,420000,420,Z_mode_existing_controller,25.353466508773842,50.12308468056151,20.459159023151187,-0.3396885816013647,0.856479287147522,False,False,-0.856479287147522,-0.08564793318510056,-3.2168189383853845,-3.2168189383853947,188.71026922430215,188.71026922430215,191.92708816268754,188.04358886048237,0.6666803638197791,-3.755862889806415,3.383554042155227,0.8564793318510081,-0.039678577333688736,-0.0039678579196333885,-0.34988291595829946,-0.349882915958305,209.25037507049484,209.2503750704948,209.60025798645313,209.2283582237326,0.02201684676219884,-0.6072241742754312,0.40481612279545515,0.5762005710260169,9.591794707119144,6.650597621690963,40.19224883200082,23.121391759328898,0.3376166256801767,0.0,-20.78356554077436,-0.013210108057322145
P100_1100,420000,421,Omega_safe_one_step_QP,25.36824068473933,50.121100601248855,10.625784006215326,-0.1732091114506762,0.8762220144271851,False,False,-0.8762220144271851,-0.08762220293283463,-3.2038667808425125,-3.203866780842515,185.54879045903505,185.54879045903505,188.75265723987755,185.3130192652643,0.23577119377074496,-3.6564554115335186,4.878212557216482,0.8762220293283468,-0.14975887537002563,-0.014975887723267078,-0.1262715598468106,-0.12627155984680366,208.6877389822828,208.6877389822828,208.8140105421296,208.51723851289714,0.1705004693856722,-2.5789310161906265,4.0714596088093735,0.04896275202945175,11.37268749479984,5.271093495909256,40.14141782327087,28.628106842731686,0.17737547108379914,0.0,-10.700859195667363,-0.10230028163140048
P100_1100,420000,422,Z_mode_existing_controller,25.34192592611475,50.12238501924911,5.265476350339668,-0.08474471652856086,0.9313066005706787,False,False,-0.9313066005706787,-0.09313066303730011,-3.4988418608949385,-3.498841860894939,190.6152016357706,190.6152016357706,194.11404349666554,190.59570880006243,0.019492835708177836,-3.756917160026666,3.3824997719349756,0.931306630373001,-0.013341322541236877,-0.0013341322774067521,-0.1827502677682391,-0.18275026776824743,209.8378112077676,209.83781120776757,210.02056147553583,209.70960785106905,0.12820335669852057,-0.6072241742754312,0.40481612279545515,0.300960132205398,10.844031762497924,5.987621314523067,31.32952221349415,23.30228834266034,0.09037702876292997,0.0,-5.278931365083736,-0.07692201401911802
P100_1100,420000,423,Z_mode_existing_controller,25.330830306302012,50.12040933781461,-3.5800252510571227,0.0579084190262428,0.9237756729125977,False,False,-0.9237756729125977,-0.09237756580114365,-3.473813346571049,-3.4738133465710357,192.52630327469166,192.52630327469168,196.00011662126272,192.8742396403373,-0.3479363656456087,-3.760451270223926,3.3789656617377157,0.9237756580114328,-0.009073167107999325,-0.000907316745724529,-0.15367573529774248,-0.15367573529774525,210.16381286437863,210.16381286437863,210.31748859967638,210.07491053160277,0.08890233277585935,-0.6072241742754312,0.40481612279545515,0.2530790798655512,10.013053394729122,6.777207918064477,39.28357719792963,20.352342321133882,-0.05341202886171814,0.0,3.686778679584677,-0.05334139966552698
P100_1100,420000,424,Z_mode_existing_controller,25.343489513484847,50.11739634329019,-10.778238387014426,0.1846225826369179,0.9268224835395813,False,False,-0.9268224835395813,-0.09268224984407425,-3.488445056673982,-3.4884450566739806,189.73701884102533,189.73701884102533,193.2254638976993,190.4111004149266,-0.674081573901276,-3.7638761063125195,3.3755408256491224,0.9268224984407418,0.0022835431154817343,0.00022835431445855647,-0.07865052023848795,-0.07865052023847685,209.48033919980952,209.48033919980952,209.558989720048,209.37118069118685,0.10915850862267007,-0.6072241742754312,0.40481612279545515,0.1295246855616814,7.199875861797839,4.828688456436869,40.084077288692654,29.90700513637258,-0.17211194372704952,0.0,11.015845435915253,-0.06549510517359636
P100_1100,420000,425,Omega_safe_one_step_QP,25.38222087617476,50.11900492344763,-2.720503831995302,0.04590065898698979,0.8802284598350525,False,False,-0.8802284598350525,-0.08802285045385361,-2.9111426267165257,-2.9111426267165315,182.3495389442908,182.3495389442908,185.26068157100732,182.6773182683234,-0.3277793240326048,-3.3072578446464953,5.227410124103506,0.8802285045385375,-0.04022113233804703,-0.004022113513201475,0.5227295203961577,0.5227295203961618,208.48040198496784,208.48040198496784,207.9576724645717,207.81027802320858,0.6701239617592591,-2.493297208434833,4.157093416565168,0.125743991778773,9.933144031304217,5.8252782895636575,46.93599434433927,22.373206771391498,-0.04512675415679368,0.0,3.1677049632080525,-0.4020743770555555
P100_1100,420000,426,Omega_safe_one_step_QP,25.38265467355685,50.11617448165985,0.01906805526414246,-0.000323601544103548,0.8984041213989258,False,False,-0.8984041213989258,-0.08984041213989258,-2.984873031766591,-2.984873031766602,182.427399046039,182.427399046039,185.4122720778056,182.62736779643862,-0.19996875039961992,-3.3224168953263225,5.212251073423679,0.898404121398929,-0.14675797522068024,-0.014675797894597054,-0.004277023888782372,-0.004277023888768494,207.8100972418654,207.81009724186544,207.8143742657542,207.6333300860225,0.17676715584292424,-2.4789673885530856,4.171423236446915,0.0017253247898774866,9.572033929298097,4.175420328566483,39.35474880104767,25.346065783539117,0.003980331907907697,0.0,0.08301190633301303,-0.10606029350574886
P100_1100,420000,427,Omega_safe_one_step_QP,25.372566292790296,50.11450656419471,-0.29103157740610186,0.00487027585724572,0.8964962959289551,False,False,-0.8964962959289551,-0.08964963257312775,-3.176493489900925,-3.176493489900917,184.4439187108648,184.44391871086484,187.62041220076574,184.6566471653921,-0.21272845452725164,-3.5432309076223376,4.991437061127663,0.8964963257312751,-0.1462220847606659,-0.014622208662331104,-0.03563702927452672,-0.0356370292745406,208.14167560985942,208.14167560985942,208.17731263913396,207.96523293270042,0.17644267715900241,-2.515261225891061,4.135129399108939,0.014168321328897263,9.92326672205398,3.6783701917784106,41.974199051111505,24.52693253116011,-0.0008634601874497605,0.0,0.39776064388843224,-0.10586560629539576
P100_1100,420000,428,Z_mode_existing_controller,25.35527558416518,50.11294643584851,-0.41903644010562857,0.006842698208026463,0.8909016847610474,False,False,-0.8909016847610474,-0.08909016847610474,-3.350453912518978,-3.350453912518974,187.89267159028034,187.89267159028034,191.24312550279933,188.10459549807777,-0.2119239077974271,-3.7607448384359254,3.3786720935257164,0.8909016847610461,-0.030246255919337273,-0.0030246255919337273,-0.29079825376237267,-0.2907982537623824,208.55792599583557,208.55792599583557,208.84872424959795,208.606459647938,-0.0485336521024351,-0.6072241742754312,0.40481612279545515,0.47889768899496915,10.576812879510301,5.8108123159196134,40.695835469875306,25.264991422110963,-0.0003920023253449756,0.0,0.39030825116969936,0.029120191261455375
P100_1100,420000,429,Z_mode_existing_controller,25.348201697184933,50.112448141754875,-11.203230755428194,0.18341342715435568,0.9254723787307739,False,False,-0.9254723787307739,-0.09254723787307739,-3.4834507751813764,-3.48345077518137,188.86388126323263,188.86388126323263,192.347332038414,189.53143455978608,-0.6675532965534501,-3.7639705465426276,3.375446385419014,0.9254723787307721,-0.005918102338910103,-0.0005918102688156068,-0.13291865377431794,-0.13291865377431794,208.92941973010753,208.92941973010753,209.06233838388184,208.87665582241317,0.052763907694355794,-0.6072241742754312,0.40481612279545515,0.21889552393549352,10.080646307515446,6.579245552103426,41.18849168589714,24.218801192136073,-0.17684134066531243,0.0,11.411730440710016,-0.03165834461661632
P100_1100,420000,430,Omega_safe_one_step_QP,25.35597886668857,50.11137373734741,-15.473607349696067,0.254661421617328,0.8931843042373657,False,False,-0.8931843042373657,-0.08931843191385269,-3.4234798089231306,-3.4234798089231377,187.09355202123137,187.09355202123137,190.5170318301545,187.95800280483704,-0.8644507836056619,-3.8328928705612135,4.701775098188787,0.8931843191385286,-0.01728914864361286,-0.001728914910927415,0.5940912545196699,0.594091254519663,209.21097522063903,209.21097522063903,208.61688396611936,208.4772880077505,0.7336872128885261,-2.559218358589601,4.091172266410399,0.14521296485051696,10.128822722425593,5.183365084317914,37.24798840725582,29.7204841425552,-0.2527940201386194,0.0,16.16661369756821,-0.44021232773312136
P100_1100,420000,431,Z_mode_existing_controller,25.34831449987335,50.11301924312473,-11.136070395696152,0.18089871496018928,0.9315496683120728,False,False,-0.9315496683120728,-0.09315496683120728,-3.5074054951710494,-3.507405495171059,188.704927607086,188.70492760708598,192.21233310225705,189.36669569071393,-0.6617680836279476,-3.765129884621521,3.374287047340121,0.9315496683120751,-0.011656845919787884,-0.0011656846618279815,-0.17160106547252224,-0.1716010654725264,208.88906281010048,208.88906281010048,209.060663875573,208.8741211745433,0.014941635557192967,-0.6072241742754312,0.40481612279545515,0.28259919934394734,10.593590049596664,4.393292678569987,44.41630348745144,26.9989111539724,-0.1750329570718634,0.0,11.32006833410287,-0.00896498133431578
P100_1100,420000,432,Z_mode_existing_controller,25.330701065456648,50.11398889197579,-17.330742655850372,0.28503292970497074,0.9345273971557617,False,False,-0.9345273971557617,-0.09345274418592453,-3.521784513707085,-3.521784513707074,191.84018568939112,191.84018568939112,195.3619702030982,192.7801892602062,-0.9400035708150938,-3.768519099557403,3.3708978324042382,0.934527441859242,-0.004521871916949749,-0.0004521872033365071,-0.12457331068183725,-0.12457331068183308,209.67180922818514,209.67180922818514,209.79638253886696,209.65730148801634,0.014507740168795635,-0.6072241742754312,0.40481612279545515,0.20515209367360893,9.01902905714116,2.495887956163203,36.75894768411128,27.12812802615665,-0.27652994249359786,0.0,17.615977242445297,-0.008704644101285908
P100_1100,420000,433,Z_mode_existing_controller,25.323840244206426,50.11452317799015,-22.95712648835979,0.3647795548292184,0.9361898303031921,False,False,-0.9361898303031921,-0.0936189815402031,-3.5311810476045964,-3.5311810476045964,192.8698338120062,192.8698338120062,196.4010148596108,194.0212034020633,-1.1513695900571008,-3.7718644120137013,3.367552519947941,0.9361898154020308,-0.007565240375697613,-0.0007565240375697613,-0.1449294193494599,-0.14492941934945158,209.91129277103713,209.91129277103715,210.0562221903866,209.9538536896048,-0.0425609185676592,-0.6072241742754312,0.40481612279545515,0.23867531216521193,10.82570827666437,4.980735232352526,42.91071808045513,23.919126223969943,-0.36629052967223075,0.0,23.29788046689191,0.025536551140589836
P100_1100,420000,434,Z_mode_existing_controller,25.310702456457644,50.11424039770314,-27.90450989135661,0.45042299027086397,0.951522707939148,False,False,-0.951522707939148,-0.09515227377414703,-3.5921492708116745,-3.5921492708116682,195.09964636911678,195.0996463691168,198.69179563992847,196.48842101623993,-1.388774647123114,-3.775158625571034,3.3642583063906084,0.9515227377414681,-0.002124106977134943,-0.0002124106977134943,-0.11038797603235145,-0.11038797603235076,210.42585442872462,210.42585442872462,210.53624240475696,210.4673597756521,-0.04150534692749375,-0.6072241742754312,0.40481612279545515,0.18179114190252876,9.283086779271713,5.242687041513909,35.06897828464782,24.549556940628545,-0.44750739985070886,0.0,28.32711408305022,0.024903208156501933
P100_1100,420000,435,Z_mode_existing_controller,25.32243032755527,50.113668196656626,-32.4274538018808,0.49884692004798126,0.9466704726219177,False,False,-0.9466704726219177,-0.09466704726219177,-3.5769798275085445,-3.5769798275085405,192.5041197718839,192.5041197718839,196.08109959939245,194.00833618600913,-1.5042164141252385,-3.778484626864584,3.360932305097058,0.9466704726219163,-0.0062089101411402225,-0.0006208910490386188,-0.1369930297540234,-0.1369930297540109,209.81594659868793,209.81594659868793,209.95293962844195,209.9094891836837,-0.09354258499575963,-0.6072241742754312,0.40481612279545515,0.22560536216707364,12.83649564837167,3.5027358335156524,43.445167255990455,23.171444030427384,-0.5183108470695998,0.0,32.88963909795257,0.05612555099745009
P100_1100,420000,436,Omega_safe_one_step_QP,25.262497803743006,50.1135315076261,-74.84346218661085,1.134545453306797,0.9386382699012756,False,False,-0.9386382699012756,-0.0938638299703598,-5.20121794770395,-5.201217947703938,202.3992623336877,202.39926233368772,207.60048028139164,205.65673402490737,-3.2574716912196493,-5.541237715684928,2.993430253065073,0.9386382997035958,-0.43533048033714294,-0.043533049523830414,-1.9051196776824189,-1.9051196776824166,210.5071844417569,210.5071844417569,212.4123041194393,212.39587551261855,-1.888691070861654,-2.9387603739215957,3.7116302510784043,0.6482732292800556,10.9875028750781,3.90108324768857,38.835360677700145,26.680938544494605,-1.190819083995045,0.0,74.9010666280883,1.1332146425169896
P100_1100,420000,437,Omega_safe_one_step_QP,25.24334729113227,50.11616854990563,-66.945529287098,1.0394096501742722,0.9562145471572876,False,False,-0.9562145471572876,-0.09562145918607712,-5.678607011367001,-5.678607011366996,205.89582068616235,205.89582068616235,211.57442769752936,208.9313795443412,-3.0355588581788595,-5.938632457298698,2.5960355114513036,0.95621459186077,-0.45350557565689087,-0.045350559055805206,-2.087346735971219,-2.087346735971231,211.31151929518765,211.31151929518762,213.39886603115886,213.2662706855041,-1.9547513903164884,-3.0374165650935505,3.61297405990645,0.6872112175719771,8.820617597896403,5.923914589639054,38.651092328066305,22.190569330819923,-1.0630379248823956,0.0,66.83571637779096,1.1728508341899015
P100_1100,420000,438,Omega_safe_one_step_QP,25.2771424776075,50.115987965897865,-35.51356408763331,0.5612565870902965,0.9487656354904175,False,False,-0.9487656354904175,-0.09487656503915787,-5.023831105935928,-5.023831105935942,200.115505064011,200.11550506401096,205.13933616994692,201.83085425186516,-1.7153491878542013,-5.295123304540453,3.2395446642095482,0.9487656503915813,-0.2304326593875885,-0.02304326556622982,-0.7947140401633551,-0.7947140401633481,211.20566135097556,211.20566135097556,212.0003753911389,211.75528243124006,-0.549621080264501,-2.897567501091556,3.752823123908444,0.2742693793549133,9.340170745033298,4.627667933152053,41.12361522839941,25.385357344280457,-0.5656684628700219,0.0,35.749459902344825,0.3297726481587091
P100_1100,420000,439,Omega_safe_one_step_QP,25.289461675454692,50.11713872931582,-19.4467425067769,0.3029521164544316,0.945896565914154,False,False,-0.945896565914154,-0.09458965808153152,-4.798504125204867,-4.798504125204853,198.11928998805848,198.11928998805848,202.91779411326334,199.16344069296323,-1.0441507049047516,-5.072969098872096,3.461698869877904,0.9458965808153126,-0.02615313045680523,-0.002615313045680523,0.30814840240334235,0.30814840240333885,211.88669400231674,211.88669400231674,211.5785455999134,211.2584052098298,0.6282887924869556,-2.8553845219690057,3.7950061030309947,0.08119839442609247,10.832780941169204,5.670338662386069,45.51538849708691,19.784757355614094,-0.3151228947163176,0.0,20.13883867698496,-0.3769732754921762
P100_1100,420000,440,Omega_safe_one_step_QP,25.287933297891158,50.11538376351306,-13.91859003195259,0.21769479805758202,0.9555156826972961,False,False,-0.9555156826972961,-0.09555157274007797,-4.898718283258517,-4.898718283258504,198.55717816776468,198.5571781677647,203.4558964510232,199.38115852544237,-0.8239803576776694,-5.126779332648082,3.4078886361019176,0.9555157274007774,-0.0010177154326811433,-0.0001017715476336889,0.44354515188535365,0.4435451518853592,212.02276773096227,212.02276773096227,211.5792225790769,211.2068169170483,0.8159508139139859,-2.8554522198853562,3.794938405114644,0.11687808984925009,10.529205606585776,4.78422266511487,41.97881573326234,23.627896247030346,-0.2273006727319462,0.0,14.635461193032825,-0.48957048834839156
P100_1100,420000,441,Omega_safe_one_step_QP,25.28203554237171,50.115627468969656,-10.028307517550274,0.15609613546686063,0.9527616500854492,False,False,-0.9527616500854492,-0.09527616947889328,-5.015281773925293,-5.015281773925286,199.8122358165433,199.8122358165433,204.8275175904686,200.47081618721228,-0.6585803706689717,-5.2639414465926215,3.2707265221573794,0.9527616947889316,-0.03481683135032654,-0.003481683088466525,0.23818592847642123,0.2381859284764247,212.1111857263547,212.1111857263547,211.8729997978783,211.4545435572168,0.6566421691379105,-2.884829941765493,3.765560683234507,0.0632537750717723,10.55728809686625,4.7922285506322435,35.67579124877235,24.352324314954384,-0.16250540511275346,0.0,10.584798224145743,-0.3939853014827577
P100_1100,420000,442,Omega_safe_one_step_QP,25.274270380621132,50.11601328212457,-7.6209934886937845,0.11877779931379545,0.9473511576652527,False,False,-0.9473511576652527,-0.09473511576652527,-5.151056283455543,-5.151056283455542,201.41029842553968,201.41029842553968,206.56135470899522,201.9554106445757,-0.5451122190360138,-5.437325158445285,3.0973428103047165,0.9473511576652524,-0.15793387591838837,-0.015793388709425926,-0.4415202456212866,-0.4415202456212942,211.81094415499297,211.81094415499297,212.25246440061426,211.79295990213274,0.017984252860230754,-2.9227764020390916,3.727614222960909,0.1510619304690106,10.143859101209715,4.5420615084337,39.62236450430009,20.929236888271294,-0.11742419952778604,0.0,7.749208239937616,-0.010790551716141294
P100_1100,420000,443,Omega_safe_one_step_QP,25.273751374788294,50.114803405333284,-4.276787865983351,0.06554641919484744,0.9594921469688416,False,False,-0.9594921469688416,-0.0959492176771164,-5.24777068239665,-5.247770682396638,201.63354213621733,201.63354213621736,206.881312818614,202.04306357923437,-0.4095214430170131,-5.469320969407162,3.0653469993428386,0.9594921767711616,-0.10878922045230865,-0.010878922417759895,-0.17926227431332778,-0.1792622743133146,212.05908613874735,212.05908613874735,212.23834841306066,211.73909849892723,0.3199876398201127,-2.921364803283731,3.729025821716269,0.0613625090956859,11.16721515692871,6.664072795265202,43.25736167812572,25.23353373627094,-0.06537268418682274,0.0,4.5341531340627625,-0.1919925838920591
P100_1100,420000,444,Omega_safe_one_step_QP,25.27853980822968,50.11681716807531,3.2496927012216474,-0.0519786728651456,0.9515641331672668,False,False,-0.9515641331672668,-0.09515641629695892,-5.131296626042568,-5.131296626042558,200.98166859113158,200.98166859113158,206.11296521717415,201.07878129740303,-0.09711270627144586,-5.3924862092631765,3.142181759486825,0.9515641629695875,-0.09359554946422577,-0.009359555318951607,-0.09750206476874176,-0.09750206476873413,212.07978089353017,212.07978089353017,212.17728295829892,211.64517978160578,0.434601111924394,-2.9152582578075554,3.7351323671924446,0.033445429579903284,8.797922009369104,5.160857702728827,42.153005780739036,22.885780229006514,0.05424603691989116,0.0,-3.043178070986869,-0.26076066715462787
P100_1100,420000,445,Z_mode_existing_controller,25.304293753394457,50.11647709846412,43.46512944787628,-0.7054127954560487,0.9521232843399048,False,False,-0.9521232843399048,-0.09521233290433884,-3.5809111758151104,-3.5809111758151024,197.65431016790228,197.6543101679023,201.2352213437174,196.03288374291603,1.6214264249862822,-3.760974095039665,3.3784428369219763,0.9521233290433861,-0.003903063712641597,-0.00039030637708492577,-0.12224928456320908,-0.12224928456322087,210.9810693069154,210.98106930691537,211.1033185914786,210.54153635234755,0.4395329545678237,-0.6072241742754312,0.40481612279545515,0.20132479855416585,9.069727947265616,5.463750738867466,37.01987408889813,21.912951584796136,0.7076240674103342,0.0,-43.909033742545944,-0.2637197727406857
P100_1100,420000,446,Z_mode_existing_controller,25.32371660796499,50.11478738680051,28.664754139982506,-0.46338873114370743,0.9542452096939087,False,False,-0.9542452096939087,-0.09542452543973923,-3.5923226123729126,-3.5923226123729215,193.5036234348679,193.5036234348679,197.09594604724083,192.53005440160612,0.9735690332617821,-3.7645695336902376,3.3748473982714042,0.9542452543973945,0.0005630812956951559,5.630813029711135e-05,-0.09283831958435892,-0.09283831958434713,210.03731596600946,210.03731596600946,210.13015428559382,209.67437020813088,0.3629457578785775,-0.6072241742754312,0.40481612279545515,0.152889696289062,10.139824365008144,6.136197033686236,44.88614745547163,23.122356874333846,0.46850992283569326,0.0,-28.915496608091416,-0.2177674547271522
P100_1100,420000,447,Z_mode_existing_controller,25.33218961498295,50.114070006586466,15.397180536521773,-0.25706786163421946,0.9509650468826294,False,False,-0.9509650468826294,-0.09509650617837906,-3.5833430700301463,-3.58334307003016,191.52535842090572,191.5253584209057,195.10870149093586,191.08626338942403,0.4390950314816564,-3.76811221992596,3.371304712035681,0.9509650617837941,0.0009283942054025829,9.283942199544981e-05,-0.09008308535819742,-0.09008308535819881,209.5823383271929,209.5823383271929,209.6724214125511,209.30843169208657,0.2739066351063286,-0.6072241742754312,0.40481612279545515,0.14835227116194813,8.531723883886574,5.912629845790768,35.58029295344178,24.107136875399902,0.2527821030121684,0.0,-15.48561865847114,-0.16434398106379433
P100_1100,420000,448,Omega_safe_one_step_QP,25.3576153459733,50.11254374813296,7.881763483022951,-0.13206398074746262,0.9314024448394775,False,False,-0.9314024448394775,-0.09314024448394775,-3.5028722085331325,-3.502872208533139,186.2938095485985,186.29380954859846,189.7966817571316,186.20455941718043,0.08925013141802651,-3.7608578632589227,4.773810105491078,0.9314024448394789,0.02279326692223549,0.0022793267853558064,0.8469922412976796,0.8469922412976921,209.3047771177888,209.30477711778883,208.45778487649113,208.16666756500965,1.1381095527791842,-2.543308449626779,4.107082175373222,0.20622724482514734,9.473420571721135,3.7646151547708753,42.043121608632305,22.743912137525157,0.12282200275313215,0.0,-7.321719754108926,-0.6828657316675049
P100_1100,420000,449,Z_mode_existing_controller,25.350083283406708,50.110062878413,9.396291201728673,-0.1574046237985604,0.9432637691497803,False,False,-0.9432637691497803,-0.09432637691497803,-3.5554270582784624,-3.555427058278454,187.9659039389588,187.96590393895883,191.52133099723727,187.7878180020885,0.1780859368703318,-3.7692819066751397,3.3701350252865017,0.9432637691497779,0.01280213613063097,0.0012802135897800326,-0.010540443687177825,-0.0105404436871806,208.65982551644623,208.65982551644623,208.6703659601334,208.3555029314377,0.3043225850085207,-0.6072241742754312,0.40481612279545515,0.0173584058964022,9.102903184983,4.778976762804671,37.06247363163982,23.5070235666424,0.1552984343947461,0.0,-9.368996085117942,-0.18259355100511243
P100_1100,420000,450,Omega_safe_one_step_QP,25.356007553618703,50.10788213975372,0.8775281902162533,-0.014622143348546451,0.9365274906158447,False,False,-0.9365274906158447,-0.09365274757146835,-3.5475159822076567,-3.547515982207651,186.5200522322454,186.52005223224543,190.06756821445308,186.7248268820843,-0.20477464983886762,-3.7879465089910713,4.74672145975893,0.9365274757146822,0.015458157286047935,0.0015458157286047935,0.8329903036721709,0.8329903036721764,209.07505352204598,209.07505352204598,208.2420632183738,207.994113331163,1.080940190882984,-2.521736283815045,4.128654341184956,0.20175830545143233,9.67868605943724,3.508253574779019,42.9504503382293,20.218843215371134,0.009677939261109714,0.0,-0.2386420149477999,-0.6485641145297905
P100_1100,420000,451,Z_mode_existing_controller,25.343545847274935,50.10405753084833,2.5770242759354005,-0.0429759325401526,0.9676898121833801,False,False,-0.9676898121833801,-0.09676898270845413,-3.6485432458709157,-3.6485432458709193,189.13322569439626,189.13322569439626,192.78176894026717,189.2499999355993,-0.11677424120304636,-3.7703643706405985,3.3690525613210434,0.9676898270845421,0.04731305316090584,0.004731305409222841,0.21591215466086888,0.21591215466087998,208.8045838524309,208.80458385243094,208.58867169777005,208.30954635530824,0.49503749712269496,-0.6072241742754312,0.40481612279545515,0.5333585855471862,9.018282187922305,2.340070592514942,39.902561793173305,22.05971818055487,0.042584232976233594,0.0,-2.3225860106376786,-0.2970224982736198
P100_1100,420000,452,Z_mode_existing_controller,25.334463203173474,50.10137209181849,-5.749621990298692,0.09659227661098638,0.9677978157997131,False,False,-0.9677978157997131,-0.09677978605031967,-3.652357132797321,-3.652357132797321,190.6282668837226,190.6282668837226,194.28062401651994,191.10194808702312,-0.4736812033005151,-3.773884280854181,3.3655326511074604,0.9677978605031966,0.04018096253275871,0.004018096253275871,0.16859122803429827,0.16859122803429133,208.93142133610948,208.93142133610948,208.76283010807518,208.54477138110235,0.3866499550071296,-0.6072241742754312,0.40481612279545515,0.41646371905863255,8.165497142297385,5.761302091852378,40.35013631998705,24.952763788635853,-0.09215016498830897,0.0,6.073762128290582,-0.23198997300427493
P100_1100,420000,453,Omega_safe_one_step_QP,25.365172851378013,50.10045274934328,-5.636316175701722,0.09485479965646525,0.9468606114387512,False,False,-0.9468606114387512,-0.09468606114387512,-3.383311132697539,-3.3833111326975347,184.53667366296654,184.53667366296654,187.91998479566408,185.02223710762206,-0.4855634446555257,-3.5731881671121695,4.961479801637831,0.9468606114387499,0.04582381248474121,0.0045823813416063786,1.0830400950161425,1.083040095016151,208.4426240567392,208.4426240567392,207.35958396172305,207.19042941840922,1.2521946383299678,-2.433488358149969,4.216902266850031,0.2568331031833866,9.482280556825561,4.8793400070394775,35.50001131220251,25.20934827788951,-0.09792316113759014,0.0,6.4855561198373834,-0.7513167829979892
P100_1100,420000,454,Omega_safe_one_step_QP,25.36251012519188,50.09873883117539,-0.30131585851540876,0.005188854943819328,0.9310430884361267,False,False,-0.9310430884361267,-0.09310431033372879,-3.3981108538129177,-3.3981108538129177,185.28788202075845,185.28788202075845,188.68599287457135,185.54590478943604,-0.25802276867759133,-3.649788975002898,4.884878993747102,0.931043103337288,0.020675167441368103,0.002067516790702939,0.9331230588621564,0.9331230588621466,208.34427577224852,208.34427577224852,207.41115271338637,207.20243130813301,1.1418444641155077,-2.438645233316303,4.211745391683698,0.22155258024491337,8.004632491276212,4.115496033021936,40.15972404369455,27.288023700391047,-0.011082125532871245,0.0,0.9975046625177129,-0.6851066784692961
P100_1100,420000,455,Omega_safe_one_step_QP,25.38036955999824,50.09835276580437,14.182568595381781,-0.2426872667109445,0.8993406891822815,False,False,-0.8993406891822815,-0.08993407338857651,-2.985645463866217,-2.9856454638662084,182.40061439228774,182.40061439228774,185.38625985615394,182.0275087487317,0.3731056435560447,-3.3198156731611568,5.214852295588844,0.8993407338857616,-0.08833180367946625,-0.00883318018168211,0.4037271722421784,0.4037271722421659,207.07457449150962,207.0745744915096,206.67084731926744,206.42512794190614,0.6494465496034536,-2.3646146939044077,4.285775931095593,0.09420165186726392,9.215608883284734,5.48931090304606,36.29260405488962,24.477200689971767,0.22973849542541558,0.0,-14.022639161045845,-0.3896679297620693
P100_1100,420000,456,Omega_safe_one_step_QP,25.3851705712284,50.0958985611081,16.999335477379645,-0.3046310938085349,0.9018120169639587,False,False,-0.9018120169639587,-0.09018120169639587,-2.930232798012797,-2.9302327980128107,181.75059323210496,181.75059323210496,184.68082603011777,181.22403714345768,0.5265560886472826,-3.2492722905575393,5.285395678192462,0.9018120169639631,-0.1045619547367096,-0.010456196032464504,0.34905194369553305,0.3490519436955414,206.7149413420087,206.7149413420087,206.36588939831316,206.1022978220226,0.6126435199861078,-2.334118901808981,4.3162717231910195,0.08086885304743681,6.709752895699018,3.8145074753577513,36.89944482110735,26.77848584224087,0.27429447627529324,0.0,-16.90604384166363,-0.36758611199167035
P100_1100,420000,457,Omega_safe_one_step_QP,25.41904544216915,50.09422080178467,40.312940621174675,-0.6715334282873369,0.8383861184120178,False,False,-0.8383861184120178,-0.08383861184120178,-2.183354324845885,-2.1833543248458986,176.0470970315752,176.04709703157516,178.23045135642107,174.67166514782463,1.3754318837505366,-2.604234823187869,5.930433145562132,0.838386118412023,0.0439641959965229,0.004396419506520033,1.1846192661095087,1.1846192661095114,206.06331456237203,206.06331456237203,204.87869529626252,204.59507142912162,1.468243133250411,-2.1853994916039166,4.464991133396084,0.2653127925045815,12.737072555654045,5.594564568527916,39.9260481975673,23.5577125732525,0.6482357423062695,0.0,-40.080230483529704,-0.8809458799502465
P100_1100,420000,458,Omega_safe_one_step_QP,25.366785475093707,50.09129727560902,7.02059843716961,-0.11766183413273092,0.9116508364677429,False,False,-0.9116508364677429,-0.09116508811712265,-3.3350811585346904,-3.3350811585346847,185.43589845322182,185.43589845322182,188.7709796117565,185.33688257428548,0.099015878936342,-3.6582876487214135,4.876380320028587,0.9116508811712247,-0.28610390424728394,-0.028610391542315483,-0.6400962744180907,-0.6400962744180769,206.30892680354765,206.30892680354765,206.94902307796573,206.68638276054668,-0.3774559569990288,-2.3924322697742375,4.257958355225763,0.2675504266118596,9.66236009195504,4.307094837111252,41.97734172203665,26.88565254129768,0.12348051387395742,0.0,-7.370552525242601,0.22647357419941727
P100_1100,420000,459,Omega_safe_one_step_QP,25.359795979045284,50.09131523556247,9.717852824878719,-0.1614078890869594,0.8859231472015381,False,False,-0.8859231472015381,-0.08859231323003769,-3.380700073487534,-3.380700073487534,186.96759946345972,186.96759946345972,190.34829953694725,186.7858966693502,0.18170279410952617,-3.816019641240488,4.718648327509513,0.8859231323003769,-0.0451732873916626,-0.004517328925430775,0.5622175105685758,0.5622175105685732,207.83643619211978,207.83643619211975,207.2742186815512,206.98752925678403,0.8489069353357195,-2.4249518301327826,4.225438794867218,0.13305541456464062,9.846049050504224,4.083647829033685,39.943036414568354,21.475388261520486,0.15542619050459194,0.0,-9.363934854181934,-0.5093441612014402
P100_1100,420000,460,Z_mode_existing_controller,25.34850471846256,50.088191425922275,10.906433076710528,-0.17740113037265903,0.9113653302192688,False,False,-0.9113653302192688,-0.09113653749227524,-3.4281117424380003,-3.428111742437995,189.378506442238,189.378506442238,192.806618184676,189.134322091679,0.24418435055901,-3.7615119432517052,3.3779049887099366,0.9113653749227507,-0.002343872096389532,-0.00023438721837010235,-0.10778167906634051,-0.10778167906633634,207.49930275942086,207.49930275942086,207.6070844384872,207.30160628295556,0.1976964764652962,-0.6072241742754312,0.40481612279545515,0.1774989923531068,10.559917765343924,5.953218150294322,43.25232082538278,21.502156597159114,0.18146569841344373,0.0,-10.969280889244146,-0.11861788587917488
P100_1100,420000,461,Z_mode_existing_controller,25.345290207803565,50.08593595686828,0.08893281806103914,-0.0014533808049330638,0.9207541346549988,False,False,-0.9207541346549988,-0.092075414955616,-3.4665122595831988,-3.4665122595831925,189.69271739426227,189.69271739426227,193.15922965384547,189.8968590148067,-0.2041416205444193,-3.7648619463232342,3.3745549856384076,0.9207541495561583,6.565824151039124e-05,6.5658241510391235e-06,-0.09274848948384179,-0.0927484894838293,207.4671951603408,207.46719516034082,207.55994364982465,207.3250564777764,0.14213868256442197,-0.6072241742754312,0.40481612279545515,0.15274176064301329,10.093552073515546,5.342963031484961,46.42345742191888,21.320779519781116,0.005979046588922898,0.0,-0.009628655112464912,-0.08528320953865887
P100_1100,420000,462,Z_mode_existing_controller,25.34529690287929,50.083734158029706,-9.27212359812529,0.1570429895406009,0.940034031867981,False,False,-0.940034031867981,-0.09400340169668198,-3.54224258496597,-3.5422425849659787,189.33441592356243,189.33441592356243,192.8766585085284,189.94460043044398,-0.6101845068815521,-3.7682068106382167,3.371210121323425,0.9400340169668218,-0.0011791320284828544,-0.00011791320139309391,-0.10295687735801945,-0.10295687735800557,207.2772993451098,207.27729934510984,207.38025622246784,207.20299485440378,0.07430449070605505,-0.6072241742754312,0.40481612279545515,0.1695533243235229,7.945616511456796,4.497044585939774,41.19039419418729,25.249399197028765,-0.1466852506543206,0.0,9.463391543203215,-0.0445826944236245
P100_1100,420000,463,Omega_safe_one_step_QP,25.370207819884,50.08284782939612,-7.733844720399247,0.12797320277372723,0.9112985730171204,False,False,-0.9112985730171204,-0.0911298617720604,-3.232921036518932,-3.2329210365189347,184.43116080294033,184.43116080294033,187.66408183945927,184.98277392132903,-0.5516131183887012,-3.5475978714916887,4.987070097258313,0.9112986177206045,-0.016288088634610176,-0.0016288089100271463,0.8312958022480665,0.831295802248079,207.05473360820895,207.05473360820898,206.22343780596088,206.09009630597185,0.9646373022371222,-2.319873742573755,4.330516882426245,0.19196225873672879,10.5231269001528,4.413823027202962,45.700586493814164,24.513389777922818,-0.1288389990987966,0.0,8.441466100840444,-0.5787823813422648
P100_1100,420000,464,Z_mode_existing_controller,25.350941333591766,50.081797104706084,-6.954376706406947,0.11430595962988441,0.9063227772712708,False,False,-0.9063227772712708,-0.09063228219747543,-3.4162239403858123,-3.4162239403858083,188.2683598657853,188.2683598657853,191.6845838061711,188.7664044457448,-0.49804457995949747,-3.7693235319202545,3.3700934000413874,0.9063228219747531,-0.011483458802103996,-0.0011483458802103996,-0.16789785688435532,-0.1678978568843456,206.84075679705455,206.84075679705458,207.00865465393892,206.83680700587317,0.003949791181412365,-0.6072241742754312,0.40481612279545515,0.2765006137719885,10.003420802877372,4.758689485386386,40.067972674704386,28.713607082617813,-0.10710749041769319,0.0,7.063854071533569,-0.0023698747088474192
P100_1100,420000,465,Z_mode_existing_controller,25.343841443683644,50.08330664126191,-15.355349843889599,0.24855160964726963,0.9263113737106323,False,False,-0.9263113737106323,-0.09263113886117935,-3.494510996189631,-3.4945109961896295,189.2801635181538,189.2801635181538,192.77467451434345,190.12519883190657,-0.84503531375276,-3.7725013846873265,3.366915547274315,0.9263113886117931,-0.00639517093077302,-0.000639517093077302,-0.13616814789796233,-0.13616814789797343,207.19867578072362,207.19867578072362,207.33484392862158,207.21058883695056,-0.011913056226944718,-0.6072241742754312,0.40481612279545515,0.22424691517009473,10.602011420397588,4.830074879351601,37.69314027612024,27.208581139910557,-0.24305270072841623,0.0,15.591254710881913,0.007147833736169673
P100_1100,420000,466,Z_mode_existing_controller,25.327797491381016,50.08403597533568,-22.339920321826867,0.349534887248653,0.9379246830940247,False,False,-0.9379246830940247,-0.09379246830940247,-3.541360475595756,-3.541360475595746,192.0901353030545,192.0901353030545,195.63149577865025,193.20574011394362,-1.115604810889124,-3.775740781139827,3.363676150821815,0.9379246830940217,-0.005818163510411978,-0.00058181636268273,-0.1335159416576595,-0.13351594165764563,207.86030722059323,207.86030722059326,207.9938231622509,207.9104560028853,-0.050148782292041005,-0.6072241742754312,0.40481612279545515,0.21987916047144074,11.962991787465295,6.558489208227016,40.311157384279355,23.035365192608243,-0.3552914569653609,0.0,22.665122509416506,0.030089269375224603
P100_1100,420000,467,Z_mode_existing_controller,25.311054848915088,50.083285417128,-26.73245749738453,0.4246806606388616,0.9424809813499451,False,False,-0.9424809813499451,-0.09424810111522675,-3.5616268756146074,-3.5616268756145986,195.08088153430478,195.0808815343048,198.6425084099194,196.4069513488218,-1.326069814516984,-3.778990593412805,3.3604263385488364,0.942481011152265,-0.006334890611469746,-0.0006334890495054424,-0.13740471474535387,-0.1374047147453636,208.46331012190944,208.46331012190942,208.6007148366548,208.553603989704,-0.09029386779457127,-0.6072241742754312,0.40481612279545515,0.22628334076014256,10.260788208532635,3.0223335112306686,44.80798468561621,29.501159116889628,-0.4272183155254403,0.0,27.10549949223241,0.054176320676745604
P100_1100,420000,468,Omega_safe_one_step_QP,25.292595476663273,50.08676365349297,-55.88195318972157,0.9019362674859283,0.9488108158111572,False,False,-0.9488108158111572,-0.0948810800909996,-4.7210007045624796,-4.721000704562474,197.22413195668636,197.22413195668636,201.94513266124883,199.84736218468586,-2.6232302279994997,-4.9757029536706465,3.5589650150793544,0.948810800909995,-0.11163587868213654,-0.011163587681949139,0.060184739891641637,0.0601847398916347,209.5731211054726,209.5731211054726,209.51293636558097,209.49264004272896,0.08048106274364386,-2.6488235985357624,4.0015670264642385,0.015040292838681647,8.530215255124642,5.64675458608913,42.28909608511724,25.52216963629038,-0.9033811735394845,0.0,56.83362300090721,-0.04828863764618063
P100_1100,420000,469,Z_mode_existing_controller,25.323012367298702,50.087444978880434,-15.942879131436712,0.2549925978121501,0.9476309418678284,False,False,-0.9476309418678284,-0.09476309269666672,-3.5817778112009666,-3.58177781120098,192.58813772460252,192.5881377246025,196.16991553580348,193.46781273594712,-0.8796750113446308,-3.7797181468803585,3.3596987850812834,0.9476309269666704,-0.008508434519171715,-0.0008508434402756393,-0.15234388612398175,-0.1523438861239762,208.15250829655824,208.15250829655824,208.30485218268223,208.18506566072,-0.032557364161760916,-0.6072241742754312,0.40481612279545515,0.2508857396953278,10.538220263723902,5.990536714965547,36.33682702723527,29.557801240590372,-0.2521311178661989,0.0,16.175475830806135,0.01953441849704518
P100_1100,420000,470,Z_mode_existing_controller,25.320363896214044,50.089964541989865,-17.848153329895467,0.2962854101783964,0.9181894659996033,False,False,-0.9181894659996033,-0.09181895107030869,-3.4734690982563072,-3.473469098256306,192.8917334007382,192.8917334007382,196.3652024989945,193.88253827574297,-0.990804875004784,-3.7829544530481103,3.3564624789135316,0.9181895107030863,0.0013100497890263796,0.00013100498472340405,-0.08423439443261127,-0.08423439443260988,208.41409006399132,208.41409006399132,208.49832445842392,208.4186653497113,-0.004575285719965905,-0.6072241742754312,0.40481612279545515,0.13872042319975547,8.223840614900151,4.991169383785941,42.081404442003155,24.377523416680216,-0.2847628742700534,0.0,18.130171032734324,0.002745171431968174
P100_1100,420000,471,Omega_safe_one_step_QP,25.347315267810274,50.08920599700822,-22.609679548449094,0.36420306162690974,0.9055556654930115,False,False,-0.9055556654930115,-0.0905555710196495,-3.4952033879530635,-3.4952033879530524,187.29023117183192,187.29023117183195,190.785434559785,188.4606817521157,-1.170450580283756,-3.8597331435242626,4.674934825225739,0.9055557101964921,-0.0031455557327717543,-0.00031455556745640934,0.7992948530229249,0.7992948530229332,208.0684236956136,208.0684236956136,207.26912884259067,207.21799919400019,0.8504245016134178,-2.424442846236732,4.225947778763269,0.1891397846986288,11.304355222448589,4.048419585931186,37.7458355395011,28.62658589127182,-0.36846429594578467,0.0,23.488398545362543,-0.5102547009680478
P100_1100,420000,472,Z_mode_existing_controller,25.3111667070548,50.090608346273044,-14.934393698156782,0.23580964250777542,0.9293407201766968,False,False,-0.9293407201766968,-0.09293407201766968,-3.5160604261063515,-3.5160604261063586,194.6149306294206,194.6149306294206,198.13099105552695,195.45459083591314,-0.8396602064925389,-3.7833921938100796,3.3560247381515618,0.9293407201766984,-0.0021664428059011698,-0.00021664428641088307,-0.10842389729223828,-0.1084238972922244,208.79624272528986,208.79624272528986,208.90466662258208,208.79678561077725,-0.0005428854873912314,-0.6072241742754312,0.40481612279545515,0.17855662189602542,10.850559028119863,4.324309043680316,39.359471592618696,22.13255918000298,-0.235728767141147,0.0,15.169796734006013,0.00032573129243473886
P100_1100,420000,473,Z_mode_existing_controller,25.291806892544553,50.08931480126479,-21.08770322813598,0.33463742002755265,0.943549633026123,False,False,-0.943549633026123,-0.09435496479272842,-3.572706331324392,-3.572706331324392,198.1090003738612,198.1090003738612,201.68170670518558,199.21800544570328,-1.1090050718420912,-3.7864529324690372,3.3529639994926046,0.943549647927284,-0.02092323824763298,-0.0020923239644616842,-0.23428317341324806,-0.23428317341325222,209.36074526037694,209.36074526037694,209.5950284337902,209.5260328458207,-0.16528758544376387,-0.6072241742754312,0.40481612279545515,0.38582649265044505,9.685074005370417,6.765810811451027,41.70155189987001,22.445755271986954,-0.3347859444895942,0.0,21.323316621358572,0.09917255126626401
P100_1100,420000,474,Z_mode_existing_controller,25.314597947623177,50.08860154275533,-24.733201077330705,0.398300186900957,0.9414557814598083,False,False,-0.9414557814598083,-0.09414558112621307,-3.5676871310624656,-3.5676871310624727,193.3457145010329,193.34571450103286,196.91340163209534,194.6089175427448,-1.2632030417119324,-3.7895428424617905,3.3498740894998513,0.9414558112621325,-0.00809197686612606,-0.0008091977215372026,-0.14895641378804142,-0.14895641378805113,208.39290867451206,208.39290867451203,208.54186508830009,208.50246250924428,-0.10955383473225311,-0.6072241742754312,0.40481612279545515,0.24530712066230403,9.862434769927622,5.792395434632339,40.13975006484696,27.944362054235807,-0.3943852604235971,0.0,25.061854036915065,0.06573230083935755
P100_1100,420000,475,Z_mode_existing_controller,25.322431467986437,50.0903873631139,-28.977853031978157,0.46193577875585984,0.948110818862915,False,False,-0.948110818862915,-0.0948110818862915,-3.5957710820104625,-3.595771082010458,191.474912839208,191.474912839208,195.07068392121846,192.89871069132244,-1.4237978521144328,-3.792564129078213,3.346852802883429,0.9481108188629138,-0.003531975904479623,-0.0003531975962687284,-0.11938162970659139,-0.11938162970660249,208.1377837602544,208.1377837602544,208.257165389961,208.24327306949934,-0.1054893092449447,-0.6072241742754312,0.40481612279545515,0.1966022348320607,10.882311809329634,5.125473931970091,40.856199625217734,23.795262762005702,-0.46265533752471555,0.0,29.377214783957243,0.0632935855469583
P100_1100,420000,476,Z_mode_existing_controller,25.307816088756443,50.089729585471154,-30.914316349761975,0.49667311904367617,0.9448432922363281,False,False,-0.9448432922363281,-0.09448432922363281,-3.5862193019854813,-3.586219301985479,194.0973895778007,194.09738957780073,197.6836088797862,195.62665079416882,-1.5292612163680985,-3.795570473382248,3.3438464585793937,0.9448432922363275,-0.007825346663594246,-0.0007825346547178924,-0.14753057348299153,-0.14753057348298598,208.6361117346564,208.6361117346564,208.78364230813938,208.79311949246286,-0.15700775780646836,-0.6072241742754312,0.40481612279545515,0.242958992301363,9.757530252072373,3.663542358273033,39.94292063496008,25.360018518751602,-0.49427566375292287,0.0,31.314387358830572,0.09420465468389239
P100_1100,420000,477,Z_mode_existing_controller,25.300477528129633,50.09003922450158,-32.70976457980123,0.522596708642725,0.9427302479743958,False,False,-0.9427302479743958,-0.09427302330732346,-3.5809630295958086,-3.5809630295958184,195.2764965528249,195.2764965528249,198.85745958242072,196.88207572447118,-1.6055791716462693,-3.798502375300006,3.340914556661636,0.9427302330732369,-0.010608873330056667,-0.001060887356288731,-0.16578096254163954,-0.1657809625416437,208.8923041061276,208.8923041061276,209.05808506866924,209.08475001555792,-0.1924459094303188,-0.6072241742754312,0.40481612279545515,0.2730144311850915,9.810840369335423,4.968468625830261,42.311199138246685,23.371163338066705,-0.5229872476867179,0.0,33.11728428183051,0.11546754565819128
P100_1100,420000,478,Z_mode_existing_controller,25.304767056412484,50.08952712277987,-35.1990049447777,0.5516036326652995,0.9446300864219666,False,False,-0.9446300864219666,-0.09446301311254501,-3.590886891995758,-3.5908868919957553,194.16383618382963,194.16383618382963,197.75472307582538,195.8426506210744,-1.6788144372447675,-3.80136814788822,3.338048784073422,0.9446301311254492,-0.007995356805622578,-0.0007995357154868543,-0.14863674853863862,-0.14863674853862752,208.65015170909155,208.65015170909157,208.7987884576302,208.83959626339384,-0.1894445543022698,-0.6072241742754312,0.40481612279545515,0.2447806837005262,11.23839224315043,6.616406737475939,41.15978985705569,26.408788236078795,-0.5624137955967115,0.0,35.647752007793315,0.11366673258136473
P100_1100,420000,479,Z_mode_existing_controller,25.301024366327017,50.09098767462131,-35.255015884305976,0.575986381171867,0.9463233351707458,False,False,-0.9463233351707458,-0.0946323350071907,-3.5999969007955817,-3.5999969007955777,194.61596730692088,194.61596730692088,198.21596420771647,196.36469143142986,-1.748724124508982,-3.8041932501422835,3.3352236818193584,0.9463233500719059,-0.01000024564564228,-0.0010000246111303568,-0.16210733306721986,-0.1621073330672157,208.8247506704267,208.8247506704267,208.98685800349392,209.04232730667877,-0.21757663625206192,-0.6072241742754312,0.40481612279545515,0.2669645576292312,8.5976456096539,6.203481171382353,38.19752438296836,28.714225191272025,-0.5647581847425531,0.0,35.689228087298034,0.13054598175124
P100_1100,420000,480,Z_mode_existing_controller,25.330985423355276,50.092945839337446,-35.95165934001216,0.5881320060670523,0.938915491104126,False,False,-0.938915491104126,-0.09389155358076096,-3.5744299641064807,-3.5744299641064696,188.45643390908546,188.4564339090855,192.03086387319195,190.20516859610794,-1.7487346870224485,-3.8069771217833024,3.3324398101783395,0.9389155358076067,0.0019999307114630938,0.00019999306823592633,-0.08175569829810964,-0.0817556982981027,207.70207576762218,207.70207576762218,207.7838314659203,207.84661177297548,-0.14453600535330224,-0.6072241742754312,0.40481612279545515,0.13463841158112239,9.950042037019308,5.749686964761157,38.368106200574246,23.101878655539288,-0.5757760817154178,0.0,36.44071381851518,0.08672160321196998
P100_1100,420000,481,Z_mode_existing_controller,25.33247696059402,50.09095248639361,-35.8453005864194,0.5797299431140703,0.9234321713447571,False,False,-0.9234321713447571,-0.09234321862459183,-3.5179680588460798,-3.517968058846088,187.99543801918344,187.9954380191834,191.5134060780295,189.71923538821807,-1.7237973690346564,-3.8096658436261337,3.3297510883355077,0.92343218624592,-0.015599972568452358,-0.001559997326694429,-0.1969358672364474,-0.19693586723644463,207.3669974369955,207.3669974369955,207.56393330423194,207.63583931433556,-0.2688418773400656,-0.6072241742754312,0.40481612279545515,0.3243215200900687,10.767448125644284,5.875460842287205,41.095998355845076,25.01409325384293,-0.5721810572438173,0.0,36.25617651725952,0.16130512640403083
P100_1100,420000,482,Z_mode_existing_controller,25.32355503357582,50.0904685432706,-37.65001652418323,0.6104993801166692,0.9392143487930298,False,False,-0.9392143487930298,-0.09392143785953522,-3.5804841892865076,-3.580484189286512,189.4637143051787,189.46371430517868,193.0441984944652,191.27994767391735,-1.816233368738665,-3.8122118558718436,3.327205076089798,0.9392143785953533,-0.01033367495983839,-0.0010333674727007747,-0.16359964084183692,-0.16359964084183415,207.70401071656968,207.70401071656968,207.8676103574115,207.94868841852372,-0.24467770195403205,-0.6072241742754312,0.40481612279545515,0.26942214716179413,10.228830730175616,3.8515398380109964,42.40667960478155,24.425708941783935,-0.6020238504389539,0.0,38.10523375345019,0.14680662117241638
P100_1100,420000,483,Z_mode_existing_controller,25.30713864155436,50.08981961666412,-38.47542256877023,0.6159564472293496,0.9442518949508667,False,False,-0.9442518949508667,-0.09442519396543503,-3.6021388547893887,-3.6021388547893842,192.44772004097143,192.44772004097143,196.04985889576082,194.30039600630172,-1.8526759653302918,-3.814806942422566,3.3246099895390757,0.944251939654349,-0.009065316058695316,-0.0009065316407941282,-0.1556959383069892,-0.1556959383069781,208.32136932584203,208.32136932584203,208.47706526414902,208.56457535914433,-0.24320603330230028,-0.6072241742754312,0.40481612279545515,0.25640602746549396,10.277240129225941,3.718155911416955,38.0321784793629,20.800623258391703,-0.6153201751800523,0.0,38.944819123968955,0.1459236199813887
P100_1100,420000,484,Z_mode_existing_controller,25.28955265722256,50.08713762262322,-39.07962983798916,0.6110886674726902,0.9444307684898376,False,False,-0.9444307684898376,-0.09444307535886765,-3.605256071328046,-3.6052560713280455,195.7062906466077,195.7062906466077,199.31154671793576,197.57049929239687,-1.8642086457891764,-3.817385295458335,3.3220316365033065,0.9444307535886759,-0.004823736846446991,-0.0004823736962862313,-0.12757795554936835,-0.1275779555493739,208.89670377082095,208.89670377082092,209.0242817263703,209.11718032553233,-0.2204765547114107,-0.6072241742754312,0.40481612279545515,0.21010025778635377,10.929149798958958,2.669483555324807,33.29684272750121,27.735670693585778,-0.6247900097777048,0.0,39.57213391494042,0.13228593282684642
P100_1100,420000,485,Omega_safe_one_step_QP,25.252347394386597,50.08891166077329,-73.7746120738575,1.1737716927135575,0.9501071572303772,False,False,-0.9501071572303772,-0.09501072019338608,-5.150018114358254,-5.150018114358266,201.24268533187242,201.24268533187242,206.39270344623068,204.6604312605118,-3.417745928639391,-5.420460032168831,3.1142079365811695,0.9501072019338631,-0.31134501099586487,-0.031134501099586487,-1.0867225933525362,-1.0867225933525446,209.556664192064,209.556664192064,210.64338678541654,210.74216552110403,-1.1855013290400223,-2.76186864051932,3.888521984480681,0.39347367119828186,8.298586954047337,4.375276385238205,38.44124728327136,22.9257942287877,-1.1808143303953877,0.0,74.24412560682958,0.7113007974240162
P100_1100,420000,486,Z_mode_existing_controller,25.279418377607485,50.0883597241178,-21.04691985451518,0.3239505854712609,0.9536089301109314,False,False,-0.9536089301109314,-0.0953608974814415,-3.6396267356734664,-3.6396267356734526,197.7200459411289,197.7200459411289,201.35967267680235,198.83677220159373,-1.1167262604648442,-3.816686746663419,3.322730185298223,0.9536089748144111,-0.023405635729432106,-0.0023405635729432106,-0.2517679359946623,-0.2517679359946609,209.26875360459533,209.26875360459533,209.52052154058998,209.48673082318885,-0.21797721859351782,-0.6072241742754312,0.40481612279545515,0.4146210685618411,11.637739835892521,7.595110539145902,37.8237199575946,28.05940155634314,-0.3310629277100787,0.0,21.247196451069613,0.13078633115610216
P100_1100,420000,487,Z_mode_existing_controller,25.281097177545746,50.09120469373226,-22.925312264022978,0.3702989548833274,0.9472717046737671,False,False,-0.9472717046737671,-0.09472717344760895,-3.6179038924234517,-3.6179038924234583,197.13848503765573,197.1384850376557,200.75638893007917,198.3799176909336,-1.2414326532779114,-3.8192883422457626,3.3201285897158788,0.9472717344760911,-0.012216386385262012,-0.0012216386385262012,-0.17690385115177037,-0.17690385115178148,209.38306556017693,209.3830655601769,209.5599694113287,209.55442909028196,-0.17136353010505445,-0.6072241742754312,0.40481612279545515,0.29133202966247446,8.81427898975016,5.635678471555727,40.01659018598932,22.3344121817114,-0.36410845704904204,0.0,23.186602603009305,0.1028181180630412
P100_1100,420000,488,Z_mode_existing_controller,25.306398449170974,50.089900440568236,-24.619475181616508,0.38627574958323035,0.930070698261261,False,False,-0.930070698261261,-0.09300707280635834,-3.554548487489463,-3.554548487489461,191.99834364372035,191.99834364372035,195.5528921312098,193.26365085090137,-1.2653072071810243,-3.821804493180932,3.317612438780709,0.9300707280635827,-0.009236669167876244,-0.0009236669284291565,-0.15539739422294752,-0.15539739422293503,208.22274749087023,208.22274749087023,208.37814488509318,208.389212258704,-0.16646476783375874,-0.6072241742754312,0.40481612279545515,0.25591437364687036,11.77884700787368,4.891204530605581,42.66679101787465,22.950447628631633,-0.38937868772544704,0.0,24.90897500864139,0.09987886070025809
P100_1100,420000,489,Z_mode_existing_controller,25.277019007784975,50.08923685224024,-28.41778530873671,0.438478742158157,0.9445722699165344,False,False,-0.9445722699165344,-0.0944572314620018,-3.6122058341793393,-3.6122058341793424,197.5230477835962,197.5230477835962,201.13525361777556,198.95067487739266,-1.4276270937964455,-3.8241707683677517,3.31524616359389,0.9445723146200187,-0.011393752880394459,-0.0011393752647563815,-0.17117380300558926,-0.17117380300558926,209.36518700402695,209.36518700402695,209.53636080703254,209.56885944140936,-0.2036724373824086,-0.6072241742754312,0.40481612279545515,0.2818955671681583,11.444528664674873,5.751572204966392,35.93467158528144,24.14415236957779,-0.4509122715647038,0.0,28.746494117872317,0.12220346242945368
P100_1100,420000,490,Omega_safe_one_step_QP,25.262757905076324,50.08948527470448,-61.69223196783241,0.9433106410170418,0.9512159824371338,False,False,-0.9512159824371338,-0.0951215997338295,-4.902022250999627,-4.902022250999625,198.82035137274093,198.82035137274093,203.72237362374057,201.6157372578119,-2.7953858850709707,-5.153427049919817,3.3812409188301826,0.9512159973382948,-0.17240291833877563,-0.017240291461348534,-0.31130223308551486,-0.3113022330855204,209.7961316827564,209.7961316827564,210.1074339158419,210.15690451568108,-0.3607728329246811,-2.7082733535618564,3.942117271438144,0.11494490859872145,11.38981543091967,6.0946546364608345,38.943356150516145,27.748495007844543,-0.9898465611174316,0.0,62.46561482919515,0.2164636997548115
P100_1100,420000,491,Omega_safe_one_step_QP,25.25500027064527,50.09234500204004,-49.22714624690434,0.773436873943315,0.960286557674408,False,False,-0.960286557674408,-0.0960286557674408,-5.122079779561133,-5.122079779561139,200.4050994637351,200.40509946373507,205.52717924329622,202.74106839485873,-2.3359689311236593,-5.333907611875384,3.2007603568746177,0.9602865576744087,-0.3107422888278961,-0.03107422962784767,-1.077597218424485,-1.0775972184244962,209.5631731969715,209.56317319697146,210.64077041539596,210.57880437623493,-1.0156311792634654,-2.761607003517261,3.8887836214827396,0.39020657792801,9.482063003970733,5.163030544074105,43.28681082541462,20.123918392937487,-0.7823294085650048,0.0,49.40009694791115,0.6093787075580792
P100_1100,420000,492,Omega_safe_one_step_QP,25.270475257552842,50.09065999567026,-27.941714816305648,0.4323535755656471,0.9577183723449707,False,False,-0.9577183723449707,-0.09577184170484543,-4.847123441231161,-4.84712344123117,197.952133806976,197.952133806976,202.79925724820717,199.39911949007242,-1.4469856830964147,-5.0611154123664805,3.4735525563835203,0.9577184170484561,-0.014836804009974003,-0.001483680447563529,0.5291119584977404,0.5291119584977279,210.47400996100728,210.47400996100728,209.94489800250955,209.77900639113702,0.6950035698702663,-2.69201976222862,3.95837086277138,0.13366912218206858,11.170180482697637,3.603925116212701,42.059959780998895,23.895799941265558,-0.45177836994398746,0.0,28.810495328170873,-0.4170021419221541
P100_1100,420000,493,Omega_safe_one_step_QP,25.243354865215483,50.09124710821821,-30.54035181303425,0.4759651468538967,0.9598450064659119,False,False,-0.9598450064659119,-0.09598450362682343,-5.398897539755243,-5.39889753975525,203.0368011419359,203.0368011419359,208.43569868169115,204.59079995025655,-1.5539988083206424,-5.624759555714879,2.9099084130351223,0.9598450362682351,-0.28887560963630676,-0.028887560591101646,-1.01438285315911,-1.0143828531591152,210.15200078184628,210.15200078184628,211.1663836350054,210.92775880057388,-0.7757580187276005,-2.814168325478205,3.8362222995217956,0.36045564296042726,9.544059835964449,4.174619321647723,39.103871304039416,26.82363286559838,-0.48089570917448476,0.0,30.555792710972128,0.46545481123656884
P100_1100,420000,494,Omega_safe_one_step_QP,25.25065074642741,50.093706049784124,-15.21427299167317,0.24844677800698742,0.9551102519035339,False,False,-0.9551102519035339,-0.09551102668046951,-5.259919993620804,-5.259919993620793,201.99952071812788,201.99952071812788,207.25944071174868,202.93935203917778,-0.9398313210498941,-5.507133758720631,3.027534210029371,0.9551102668046929,-0.2574368417263031,-0.02574368380010128,-0.8410109255231425,-0.8410109255231307,210.199605860844,210.199605860844,211.04061678636714,210.72073560012464,-0.5211297392806387,-2.801591640614378,3.8487989843856223,0.30019040367307076,7.161534024928943,3.615532080577956,37.993494999630684,24.88759542656044,-0.23627972252499418,0.0,15.137874870630185,0.31267784356838035
P100_1100,420000,495,Z_mode_existing_controller,25.29179379157315,50.094074870137305,33.950752006466246,-0.5424948699670231,0.9415505528450012,False,False,-0.9415505528450012,-0.09415505826473236,-3.587717212861463,-3.5877172128614547,195.84169218395456,195.84169218395456,199.42940939681603,194.70894260845006,1.132749575504505,-3.8104349134106106,3.3289820185510313,0.941550582647321,-0.010579543188214302,-0.0010579543886706233,-0.16546702178993344,-0.1654670217899376,209.2082705840169,209.2082705840169,209.37373760580684,208.9829465812666,0.2253240027503125,-0.6072241742754312,0.40481612279545515,0.27249742154514967,10.321596249636084,6.835684069061694,41.60629950646746,25.204686984281484,0.557664490439997,0.0,-34.3732220952561,-0.13519440165018182
P100_1100,420000,496,Z_mode_existing_controller,25.304437078897738,50.094837589484555,22.34135670327578,-0.3560196284928095,0.9363716244697571,False,False,-0.9363716244697571,-0.09363716095685959,-3.5704624850470044,-3.5704624850469977,193.11438934359268,193.1143893435927,196.6848518286397,192.47217898174566,0.6422103618470487,-3.8130828066134823,3.326334125348159,0.9363716095685939,-0.009667777456343174,-0.0009667777339927852,-0.15889477958653253,-0.15889477958654502,208.6774983724411,208.6774983724411,208.83639315202765,208.530369558884,0.14712881355711716,-0.6072241742754312,0.40481612279545515,0.26167400165868865,10.997423553850123,3.0800888935291812,39.13206162305733,23.15115729892625,0.37027469517214584,0.0,-22.623354110313812,-0.08827728813426461
P100_1100,420000,497,Omega_safe_one_step_QP,25.270026945780636,50.0939369838022,-18.275113275505646,0.2901435110313924,0.949677050113678,False,False,-0.949677050113678,-0.09496770799160004,-4.848582104547253,-4.848582104547243,198.3945818094596,198.39458180945962,203.24316391400686,199.46388597835687,-1.069304168897247,-5.1055060789464495,3.429161889803552,0.9496770799159985,-0.015549987554550171,-0.0015549988020211458,0.49701813944132356,0.4970181394413284,210.68712507992336,210.68712507992336,210.19010694048202,209.95755299173948,0.7295720881838861,-2.7165406560258685,3.933849968974132,0.12634394889516862,9.60259845728504,6.367631313578321,40.12999606074358,27.065498329297515,-0.29634395015658477,0.0,19.009200478571984,-0.43774325291033733
P100_1100,420000,498,Z_mode_existing_controller,25.290480798866056,50.095867045827326,19.986988962526084,-0.32552395319131466,0.9439817070960999,False,False,-0.9439817070960999,-0.09439817070960999,-3.5989400924040185,-3.598940092404023,195.8781737569171,195.87817375691708,199.4771138493211,195.3042305568139,0.573943200103173,-3.812510417680834,3.326906514280808,0.9439817070961011,-0.014846407808363438,-0.0014846407575532794,-0.19401686124000533,-0.1940168612400192,209.28685446575798,209.28685446575798,209.480871326998,209.18251912349473,0.10433534226325492,-0.6072241742754312,0.40481612279545515,0.3195143893464541,9.030542703239249,5.127992042051151,42.8467197180378,21.736559555883574,0.3308643725175848,0.0,-20.255252129685687,-0.06260120535796432
P100_1100,420000,499,Z_mode_existing_controller,25.30867793358212,50.09425781430933,11.968475566276538,-0.19704675515980039,0.9303973913192749,False,False,-0.9303973913192749,-0.09303974360227585,-3.5495929468972296,-3.549592946897224,192.11803167709434,192.11803167709434,195.66762462399157,191.88660697028195,0.23142470681239047,-3.815136208963503,3.3242807229981386,0.9303974360227569,-0.0024384602438658476,-0.0002438460214762017,-0.11033524020878094,-0.11033524020878233,208.46925163076264,208.46925163076264,208.5795868709714,208.34655288480135,0.12269874596128716,-0.6072241742754312,0.40481612279545515,0.1817042945308289,9.174381106919412,5.067787803839111,39.14021098589518,27.806742124761477,0.200490662797165,0.0,-12.095346981496732,-0.0736192475767723
P100_1100,420000,500,Z_mode_existing_controller,25.319874007402245,50.095503448568074,4.356936656870857,-0.07289512465934135,0.9269158244132996,False,False,-0.9269158244132996,-0.0926915854215622,-3.538623908098673,-3.5386239080986663,189.67800581650533,189.67800581650536,193.21662972460402,189.76597545974056,-0.08796964323519774,-3.8176323039518407,3.321784628009801,0.9269158542156201,-0.00931946374475956,-0.0009319463861174881,-0.15562731756881554,-0.15562731756881693,207.97665862521583,207.97665862521583,208.13228594278465,207.95486526112916,0.021793364086676092,-0.6072241742754312,0.40481612279545515,0.25629302020875383,8.712568955379329,4.862772791394199,38.8543057300123,24.245393280553436,0.07743351698155543,0.0,-4.421294155400574,-0.01307601845201134
P100_1100,420000,501,Omega_safe_one_step_QP,25.33469668091855,50.094101863820136,2.2849832260744734,-0.03736571703169721,0.8911991119384766,False,False,-0.8911991119384766,-0.08911991119384766,-3.3776325295119882,-3.3776325295119745,186.71033476977343,186.71033476977345,190.08796729928542,186.90496729291095,-0.1946325231374999,-3.789986417474305,4.744681551275696,0.8911991119384727,-0.05619676411151886,-0.0056196763180196285,0.49942348415100146,0.49942348415100146,207.88716569339138,207.88716569339138,207.38774220924037,207.25560197454269,0.631563718848696,-2.436304182901703,4.2140864420982975,0.11851287129799032,10.772850131080332,6.2622626853464345,37.379178577753954,24.8681217589506,0.03942990627351506,0.0,-1.9454749010383239,-0.37893823130922044
P100_1100,420000,502,Z_mode_existing_controller,25.32655627633426,50.09300110274539,4.874789751764183,-0.07995732629199377,0.913055956363678,False,False,-0.913055956363678,-0.09130559861660004,-3.4849842389080927,-3.4849842389080896,188.51747488824046,188.51747488824046,192.00245912714854,188.58196152036564,-0.06448663212518113,-3.8168352124187233,3.3225817195429186,0.9130559861659995,-0.037453312426805496,-0.003745331196114421,-0.3408476206177069,-0.340847620617718,207.37640008145337,207.37640008145334,207.71724770207106,207.54485885074754,-0.16845876929420456,-0.6072241742754312,0.40481612279545515,0.5613209010073317,10.189001948659705,4.696926495676557,43.526070620218604,26.11709938380087,0.08881834314696846,0.0,-5.064683356486967,0.10107526157651137
P100_1100,420000,503,Z_mode_existing_controller,25.317608567958217,50.093293948896445,-4.120013789638506,0.06740350260241022,0.9372302293777466,False,False,-0.9372302293777466,-0.09372302144765854,-3.5794658769103567,-3.5794658769103678,189.9667602706144,189.96676027061437,193.54622614752475,190.41165914951875,-0.4448988789043824,-3.8191959900795354,3.3202209418821065,0.9372302144765879,-0.010860820300877094,-0.0010860820766538382,-0.16689560428830713,-0.1668956042882988,207.9006379308909,207.9006379308909,208.0675335351792,207.9442888416479,-0.04365091075700889,-0.6072241742754312,0.40481612279545515,0.2748500658549153,9.90669363257633,6.0317904920477226,40.67839866860041,26.49893125491376,-0.05875334938864185,0.0,4.152576592572586,0.02619054645420249
P100_1100,420000,504,Z_mode_existing_controller,25.324213716475523,50.093736444115926,-8.24447241670805,0.14014950195297618,0.9247556328773499,False,False,-0.9247556328773499,-0.09247556328773499,-3.534102109088862,-3.5341021090888742,188.478524911623,188.47852491162297,192.01262702071185,189.10763596376233,-0.6291110521393648,-3.8216605375980346,3.3177563943636073,0.9247556328773526,-0.015068664215505123,-0.0015068664215505123,-0.1935454216105803,-0.19354542161058308,207.5762807941559,207.5762807941559,207.7698262157665,207.6867334921047,-0.11045269794880141,-0.6072241742754312,0.40481612279545515,0.31873800452943213,7.925682615919533,5.019118724616929,36.00926019057925,23.37268754839678,-0.12664660435928177,0.0,8.304847402297128,0.066271618769278
P100_1100,420000,505,Omega_safe_one_step_QP,25.35065623790814,50.09126638136617,-2.783781805540457,0.04797478009270717,0.9153527021408081,False,False,-0.9153527021408081,-0.09153527021408081,-3.151154094244889,-3.1511540942449,183.46252167431803,183.46252167431803,186.61367576856293,183.8732209221508,-0.4106992478327811,-3.442557264402055,5.092110704347945,0.9153527021408112,-0.05723709613084793,-0.0057237097062170506,0.5986912710956027,0.5986912710955958,207.0773034195115,207.0773034195115,206.47861214841592,206.4237345766734,0.6535688428380979,-2.3453911768192564,4.3049994481807445,0.13906883805724937,8.36159138660098,5.454960631236677,41.40130654912202,25.789139208455346,-0.04503081512687501,0.0,3.220953926371294,-0.39214130570286443
P100_1100,420000,506,Omega_safe_one_step_QP,25.370993434730725,50.089915513822696,14.737904280768817,-0.25518471084791006,0.8820483088493347,False,False,-0.8820483088493347,-0.08820483088493347,-2.711065753615301,-2.7110657536152867,180.2130608564433,180.2130608564433,182.92412661005858,179.87083375409054,0.34222710235275144,-3.07360234855162,5.461065620198379,0.8820483088493304,-0.09220116585493088,-0.009220116771757603,0.46171674752270436,0.4617167475227085,206.05827257362168,206.05827257362168,205.59655582609898,205.48762521758692,0.5706473560347547,-2.257185544587562,4.393205080412438,0.10509792715603483,9.04144408171194,4.965192426186352,39.28627274805311,23.011136689528097,0.24093559127404163,0.0,-14.636451458422016,-0.3423884136208528
P100_1100,420000,507,Omega_safe_one_step_QP,25.37389643775387,50.08645075853026,21.12395098379875,-0.3672107978509322,0.8591824769973755,False,False,-0.8591824769973755,-0.08591824769973755,-2.6206964837423006,-2.620696483742298,180.0696172177775,180.0696172177775,182.6903137015198,179.46203962064465,0.6075775971328596,-3.0502210576977427,5.484446911052258,0.8591824769973745,-0.013098172843456268,-0.0013098173076286912,0.8721737802336746,0.8721737802336607,206.20344164388868,206.20344164388865,205.331267863655,205.19062968293136,1.0128119609572934,-2.230656748343164,4.419733876656837,0.1973362660679896,8.899929451738902,2.770464828088177,41.42941807098149,21.995120926498746,0.3402121981739139,0.0,-20.85647600539778,-0.6076871765743732
P100_1100,420000,508,Omega_safe_one_step_QP,25.363403194050854,50.08246706027549,13.863873829918703,-0.239167175119711,0.9246749877929688,False,False,-0.9246749877929688,-0.09246750175952911,-3.043055300836936,-3.043055300836936,182.0545051241817,182.0545051241817,185.09756042501863,181.73914953251472,0.3153555916669859,-3.2909457300476266,5.243722238702374,0.9246750175952908,-0.14527234435081482,-0.014527234248816967,0.23040996020012028,0.23040996020013138,205.83085574577575,205.83085574577575,205.60044578557563,205.43595714956015,0.3948985962155973,-2.257574540535227,4.392816084464774,0.052451538095341144,8.805490697316216,5.274940283075731,39.892002239140496,24.498498858297594,0.22817375351121072,0.0,-13.855108425700564,-0.2369391577293527
P100_1100,420000,509,Omega_safe_one_step_QP,25.374013147221095,50.080180771491214,23.19061944911391,-0.3997177087931474,0.9105112552642822,False,False,-0.9105112552642822,-0.0910511240363121,-2.8344822130956917,-2.834482213095689,180.4842878098067,180.4842878098067,183.31877002290238,179.78707381626336,0.697213993543329,-3.1130666898359998,5.421601278914,0.9105112403631203,-0.0712985172867775,-0.00712985172867775,0.6486453088342226,0.6486453088342142,205.72199961410436,205.72199961410433,205.07335430527013,204.87706760839325,0.8449320057110867,-2.204865392504677,4.445525232495323,0.1459097125560847,9.325279826428162,6.076264487538923,36.510135822192915,19.54018950091306,0.3756503967320519,0.0,-23.059310642420314,-0.5069592034266606
P100_1100,420000,510,Omega_safe_one_step_QP,25.380299101640325,50.07457162343652,25.455839973215916,-0.4294427607047172,0.9550980925559998,False,False,-0.9550980925559998,-0.09550981223583221,-2.887995028826869,-2.88799502882688,179.53778693960066,179.53778693960066,182.42578196842754,178.7968443537133,0.7409425858873533,-3.023767884388517,5.510900084361484,0.9550981223583259,0.12364275753498077,0.012364275753498077,1.764639072970521,1.7646390729705266,206.3092466007408,206.30924660074083,204.5446075277703,204.3300043146603,1.9792422860805345,-2.151990714754696,4.498399910245304,0.39228150190726335,10.874950723447359,5.938818385605154,38.55238892633994,26.12619937381489,0.4024962525374818,0.0,-24.6707908541066,-1.1875453716483122
P100_1100,420000,511,Omega_safe_one_step_QP,25.362201061874302,50.07323421273147,18.638677594778528,-0.3108039050735334,0.9377137422561646,False,False,-0.9377137422561646,-0.09377137571573257,-3.1972128350855265,-3.197212835085529,183.08671975428052,183.08671975428052,186.28393258936606,182.5947405729265,0.49197918135402574,-3.4095829464823675,5.1250850222676325,0.9377137571573266,-0.07761727273464203,-0.007761727552860975,0.6271596529809187,0.6271596529809298,205.90360419649684,205.90360419649687,205.27644454351594,205.05239079024415,0.8512134062527252,-2.225174416329259,4.425216208670741,0.14172407028431222,10.630264057194358,4.507752693182078,39.9767144325203,26.867663246505714,0.3024876631172866,0.0,-18.43043721414506,-0.5107280437516408
P100_1100,420000,512,Omega_safe_one_step_QP,25.338689709803372,50.07299327456711,12.984328596568048,-0.21654563486224745,0.9041190147399902,False,False,-0.9041190147399902,-0.09041190147399902,-3.5263132084293716,-3.526313208429381,187.664544541769,187.664544541769,191.19085775019838,187.39907902546065,0.26546551630835324,-3.9002754625656015,4.634392506184399,0.9041190147399927,-0.03204910829663277,-0.003204910783097148,0.7354538934520995,0.7354538934520982,207.03097848044035,207.03097848044035,206.29552458698825,206.05317027674653,0.9778082036938258,-2.327082420676491,4.323308204323509,0.17011368579196137,9.448452984933786,3.579855955056246,40.071054514348305,24.520160266494553,0.20846698146934273,0.0,-12.606110655821794,-0.5866849222162926
P100_1100,420000,513,Z_mode_existing_controller,25.330685475929798,50.071759627314925,16.9803146230297,-0.2797437582844207,0.919353187084198,False,False,-0.919353187084198,-0.09193532168865204,-3.492952799432215,-3.492952799432202,189.55409091570849,189.55409091570849,193.0470437151407,189.1001786381962,0.4539122775122735,-3.799358870208168,3.340058061753474,0.9193532168865169,-0.004783845506608486,-0.0004783845506608486,-0.12477539202186833,-0.12477539202187388,206.48135285809494,206.48135285809494,206.6061282501168,206.33658351580766,0.144769342287276,-0.6072241742754312,0.40481612279545515,0.20548488895515699,9.780917318261361,3.486318817478286,42.67646425955517,24.006569754082236,0.2817025128365067,0.0,-17.17515553049452,-0.08686160537236276
P100_1100,420000,514,Z_mode_existing_controller,25.31886729513747,50.0708200340217,7.894751345104851,-0.125801635614521,0.9172178506851196,False,False,-0.9172178506851196,-0.0917217880487442,-3.487340409286045,-3.4873404092860314,191.65025282373384,191.65025282373387,195.13759323301989,191.58313712080033,0.06711570293353475,-3.8020850699429785,3.337331862018663,0.917217880487438,-0.009674543514847755,-0.0009674543398432434,-0.15700122704630642,-0.1570012270463203,206.846903644369,206.84690364436898,207.0039048714153,206.80067796768324,0.046225676685736516,-0.6072241742754312,0.40481612279545515,0.2585556268962145,11.207641034604437,4.6611135974298,38.32061060869476,24.586426600978015,0.1360705292775748,0.0,-8.003086468371293,-0.027735406011444752
P100_1100,420000,515,Z_mode_existing_controller,25.294051433081858,50.070600467852174,-2.681690072411584,0.04277861522651278,0.9410446286201477,False,False,-0.9410446286201477,-0.09410446137189865,-3.580438192584105,-3.5804381925841136,196.20732424897614,196.2073242489761,199.78776244156023,196.5770674534469,-0.3697432044707796,-3.8047486170015867,3.334668314960055,0.9410446137189884,-0.004501817282289267,-0.00045018174569122493,-0.12509984474754765,-0.1250998447475518,207.8644181116243,207.8644181116243,207.98951795637186,207.84576296048044,0.01865515114386085,-0.6072241742754312,0.40481612279545515,0.20601921011597885,9.973319585269534,5.313110965315622,43.72590359540405,26.062676083444913,-0.03640228152235281,0.0,2.729285444620473,-0.01119309068630514
P100_1100,420000,516,Z_mode_existing_controller,25.300065718705508,50.07205645845539,-9.651561999045043,0.1549812340682593,0.9486748576164246,False,False,-0.9486748576164246,-0.09486749023199081,-3.6120866779427105,-3.6120866779427137,194.71959602784668,194.71959602784668,198.33168270578938,195.3815417023137,-0.6619456744670345,-3.8075073653889695,3.331909566572672,0.9486749023199087,-0.009507283568382263,-0.0009507283684797585,-0.15907530424712213,-0.15907530424713046,207.60861421507605,207.60861421507605,207.76768951932317,207.66926622702988,-0.06065201195383452,-0.6072241742754312,0.40481612279545515,0.26197129657584317,9.845275932409951,5.326138645965312,39.69529219682731,23.600445206731326,-0.14894335958178928,0.0,9.764114151455033,0.03639120717230071
P100_1100,420000,517,Z_mode_existing_controller,25.305377909169252,50.07146482650796,-13.905602774224462,0.22197654737314715,0.9374280571937561,False,False,-0.9374280571937561,-0.09374281018972397,-3.571846546249571,-3.5718465462495583,193.46664999153575,193.46664999153575,197.0384965377853,194.30159734183434,-0.8349473502985916,-3.8102618633051337,3.3291550686565077,0.9374281018972362,-0.009805657900869846,-0.0009805657900869846,-0.1599163173328047,-0.15991631733280748,207.3029562621663,207.3029562621663,207.4628725794991,207.40225982329397,-0.09930356112766958,-0.6072241742754312,0.40481612279545515,0.26335630909890445,10.462566142019078,5.987589559731869,41.22189305437151,25.210881662225614,-0.21719777109969485,0.0,14.063218408647117,0.059582136676596065
P100_1100,420000,518,Z_mode_existing_controller,25.3066203886622,50.071935656808144,-18.320212758494563,0.2907037202850091,0.9359250664710999,False,False,-0.9359250664710999,-0.09359250962734222,-3.5685872421877396,-3.56858724218775,192.97736155146154,192.9773615514615,196.54594879364927,193.99113272635657,-1.013771174895055,-3.8128983359852215,3.3265185959764203,0.9359250962734248,-0.010897382162511349,-0.0010897382162511349,-0.1670060473185242,-0.16700604731852559,207.222732175865,207.222732175865,207.3897382231835,207.36224923612363,-0.1395170602586404,-0.6072241742754312,0.40481612279545515,0.2750319476621713,10.88776135665945,3.6030949078553425,39.99400826502442,22.9827696513468,-0.2881747174170677,0.0,18.524677239755874,0.08371023615518425
P100_1100,420000,519,Z_mode_existing_controller,25.27913464996896,50.07101906594535,-24.457738106384568,0.363670558816906,0.9493582844734192,False,False,-0.9493582844734192,-0.0949358269572258,-3.62225533046453,-3.6222553304645166,198.11612768034786,198.11612768034786,201.73838301081238,199.3369479161976,-1.220820235849743,-3.8154777248599427,3.323939207101699,0.9493582695722542,-0.03263860568404198,-0.003263860708102584,-0.312583709977049,-0.3125837099770504,208.13827541335172,208.13827541335172,208.45085912332877,208.4521689782664,-0.3138935649146788,-0.6072241742754312,0.40481612279545515,0.514774811707785,13.671609987931387,1.9757733519620158,43.82837557227162,25.83195160627306,-0.38406041243520406,0.0,24.65346237987069,0.18833613894879875
P100_1100,420000,520,Omega_safe_one_step_QP,25.193401588201194,50.073830943270664,-97.94043010768473,1.445085808681538,0.9894941449165344,False,False,-0.9894941449165344,-0.09894941747188568,-6.548321495894408,-6.548321495894399,211.81825607752455,211.81825607752458,218.36657757341897,216.113892424341,-4.295636346816423,-6.61784744488766,1.9168205238623406,0.989494174718855,-0.5688996911048889,-0.05688996985554695,-2.557194682110527,-2.5571946821105205,209.6115746935418,209.6115746935418,212.16876937565232,212.1999729723515,-2.5883982788097057,-2.914406899542897,3.735983725457103,0.8774322770480667,10.303354884225067,5.609075468414919,40.87062137970095,21.685679319437604,-1.5579960747283952,0.0,97.945387215128,1.553038967285815
P100_1100,420000,521,Omega_safe_one_step_QP,25.208820415238662,50.07502484786752,-68.10059190308857,0.9789784420303904,0.9754680395126343,False,False,-0.9754680395126343,-0.09754680842161179,-6.18613966631859,-6.186139666318577,209.41910407425684,209.41910407425684,215.60524374057542,212.43120118869922,-3.0120971144423834,-6.3417140616033025,2.192953907146697,0.975468084216116,-0.09225034713745117,-0.009225035086274147,-0.027476587086585486,-0.027476587086579934,211.6042367033429,211.60423670334293,211.6317132904295,211.50863765832403,0.0955990450189006,-2.8607012910206167,3.789689333979384,0.009604843110612597,12.724332748808655,5.135133229456533,35.03224347483661,27.426362505307516,-1.0972888101627163,0.0,69.25524014026269,-0.057359427011334674
P100_1100,420000,522,Omega_safe_one_step_QP,25.178892854418432,50.07944509100064,-62.524847978499565,0.9601876503164384,0.9830523729324341,False,False,-0.9830523729324341,-0.09830524027347565,-6.837275059088713,-6.837275059088713,214.9023091469105,214.9023091469105,221.73958420599922,217.877763540163,-2.975454393252477,-6.955148108145686,1.579519860604316,0.9830524027347566,-0.4064018130302429,-0.04064018279314041,-1.8127565845337819,-1.8127565845337714,211.36759580105317,211.3675958010532,213.18035238558696,212.94655777592334,-1.5789619748701398,-3.0155652005363622,3.634825424463638,0.6011332748538636,7.561543279874049,6.095747719110162,41.367413519639946,23.924755288627424,-0.9943285704879887,0.0,62.571799364064645,0.9473771849220753
P100_1100,420000,523,Omega_safe_one_step_QP,25.240076628909357,50.08151653538323,-14.627316920065823,0.22630015370773554,0.9493545889854431,False,False,-0.9493545889854431,-0.09493546187877655,-5.482167789303283,-5.482167789303276,204.452194539239,204.452194539239,209.93436232854228,205.35899483304655,-0.9068002938075495,-5.7746259203999895,2.7600420483500105,0.9493546187877645,-0.09936586767435074,-0.009936586953699589,0.0058421612804913925,0.0058421612805038825,210.76837132099408,210.76837132099408,210.76252915971358,210.40697631867218,0.36139500232189903,-2.773782877949023,3.876607747050978,0.0015070292538491017,9.816179929027232,4.051495988730294,44.754801897157364,21.33418495972631,-0.23322871913099164,0.0,15.077382640590258,-0.2168370013931309
P100_1100,420000,524,Omega_safe_one_step_QP,25.245297162085397,50.08139602315963,-5.732502058991486,0.08711705492636437,0.9537522196769714,False,False,-0.9537522196769714,-0.09537522494792938,-5.43578434917455,-5.435784349174551,203.74599142088184,203.74599142088184,209.1817757700564,204.25148087950265,-0.505489458620815,-5.699367264551401,2.8353007041985996,0.9537522494792943,-0.2790711522102356,-0.02790711633861065,-0.9104512561257466,-0.9104512561257452,209.66910073265345,209.66910073265345,210.5795519887792,210.16392311384905,-0.49482238119560407,-2.755485160855584,3.894905464144416,0.33041413870036884,11.150916943575199,3.8804437333289226,42.82888955089411,20.784206791476613,-0.07929506363150551,0.0,5.51490369390558,0.2968934287173681
P100_1100,420000,525,Omega_safe_one_step_QP,25.226274611129217,50.08115900363791,-11.088120846169659,0.17298363222588134,0.9707937240600586,False,False,-0.9707937240600586,-0.09707937389612198,-5.923412326990415,-5.923412326990405,207.2808684804515,207.2808684804515,213.2042808074419,208.00885438816812,-0.7279859077166293,-6.101617768289952,2.433050200460049,0.970793738961218,-0.40318650007247925,-0.040318649262189865,-1.6279335023767438,-1.6279335023767494,209.78202703455528,209.78202703455528,211.40996053693203,210.94800242099276,-1.1659753864374807,-2.8385260156708685,3.8118646093291324,0.5735136804768715,8.726264813043038,4.7403047510746,40.555925462553276,20.73445429218497,-0.16170473654626027,0.0,10.550240350853528,0.6995852318624856
P100_1100,420000,526,Omega_safe_one_step_QP,25.25471889750463,50.08050537428628,12.149951782743301,-0.18273629854262738,0.9569770693778992,False,False,-0.9569770693778992,-0.09569770842790604,-5.328514663440504,-5.328514663440514,202.54028083060354,202.54028083060354,207.86879549404404,202.3440823582468,0.19619847235674115,-5.568069236950167,2.9665987317998335,0.9569770842790623,-0.09242653101682663,-0.009242652915418148,0.0983169156366287,0.09831691563661968,210.31620055580902,210.31620055580902,210.2178836401724,209.6964253196932,0.619775236115828,-2.719318325994905,3.931072299005095,0.025010202855211404,12.236837040151196,6.621490815779623,35.4263843666856,25.745891617050955,0.20120969123225052,0.0,-11.979296332306149,-0.37186514166950246
P100_1100,420000,527,Omega_safe_one_step_QP,25.241560409225933,50.08268851877365,6.445848766561539,-0.10227804191789175,0.9623804092407227,False,False,-0.9623804092407227,-0.09623803943395615,-5.630696636315003,-5.630696636315001,205.06542129643736,205.06542129643736,210.69611793275237,205.05216313367262,0.013258162764742565,-5.850801480820999,2.683866487929002,0.9623803943395611,-0.3142753839492798,-0.0314275398850441,-1.1229034568519765,-1.1229034568519722,209.8096507398604,209.8096507398604,210.93255419671237,210.39084582149948,-0.5811950816390947,-2.790785381648901,3.8596052433510994,0.4023610931301778,8.390235611111843,6.746919530705095,44.01035381643694,28.995063344366404,0.11712803087712147,0.0,-6.9116938464221676,0.3487170489834597
P100_1100,420000,528,Z_mode_existing_controller,25.288555270989928,50.08675117722554,62.29511379401447,-0.9717709187550309,0.9443753361701965,False,False,-0.9443753361701965,-0.09443753212690353,-3.5833137582215957,-3.583313758221607,198.05434363471483,198.05434363471483,201.63765739293643,195.78694631274865,2.267397321966172,-3.7943746278824824,3.345042304079159,0.9443753212690382,-0.014771273359656334,-0.001477127312682569,-0.1935582999685173,-0.1935582999685076,209.0232952680763,209.0232952680763,209.21685356804483,208.63604467847762,0.3872505895986933,-0.6072241742754312,0.40481612279545515,0.3187592131019332,11.532891805433723,7.012159491702896,38.86932851276826,26.430174028922462,1.0173559263106213,0.0,-63.08011936656567,-0.23235035375921598
P100_1100,420000,529,Z_mode_existing_controller,25.286745875120467,50.08874276431916,43.61480363245482,-0.6804652645043151,0.9449824690818787,False,False,-0.9449824690818787,-0.09449824690818787,-3.5884290992620347,-3.5884290992620382,198.10929633058151,198.10929633058151,201.69772542984356,196.5924516752216,1.516844655359904,-3.797349915653423,3.3420670163082185,0.9449824690818794,-0.01567857898771763,-0.0015678579220548272,-0.1996382670950772,-0.19963826709508276,209.1506272069307,209.1506272069307,209.35026547402578,208.8933015885127,0.25732561841797974,-0.6072241742754312,0.40481612279545515,0.3287719355595496,11.311062041443154,4.4112786884975,35.04598285919721,23.687845385323037,0.7148098378280068,0.0,-44.17521809923255,-0.15439537105078216
P100_1100,420000,530,Omega_safe_one_step_QP,25.26193185684482,50.08870854875386,-9.50543789416497,0.15203581627478874,0.9540504813194275,False,False,-0.9540504813194275,-0.09540504962205887,-5.1645848475705,-5.1645848475705,201.156762460898,201.156762460898,206.3213473084685,201.827069761474,-0.6703073005760132,-5.4133244183926115,3.121343550357389,0.9540504962205885,-0.23489443957805634,-0.023489443585276604,-0.6574550283755892,-0.6574550283755864,209.6842808330992,209.6842808330992,210.34173586147477,209.98707499641114,-0.302794163311944,-2.731703548125143,3.918687076874858,0.24067583352037566,8.62139340204624,4.440074766580507,41.263786703050776,26.335560745731563,-0.14480572996777408,0.0,9.46856712614499,0.18167649798716923
P100_1100,420000,531,Omega_safe_one_step_QP,25.285155983911583,50.09045870530641,9.182551868151677,-0.1496166095323121,0.9457854628562927,False,False,-0.9457854628562927,-0.09457854926586151,-4.709415748239971,-4.709415748239958,197.27238568099668,197.27238568099668,201.98180142923664,197.17133558915998,0.10105009183669722,-4.979369830469426,3.555298138280575,0.9457854926586126,-0.015125184319913387,-0.0015125185018405318,0.5620591747706072,0.562059174770617,210.06282726496963,210.06282726496963,209.50076809019902,209.09049038609322,0.9723368788764049,-2.647606770997566,4.002783854002434,0.14041706853808927,8.572663975423499,6.217704372542743,37.22594876580195,23.64920359738682,0.14631992016776607,0.0,-8.745469660993876,-0.5834021273258543
P100_1100,420000,532,Z_mode_existing_controller,25.317399864533737,50.08969164511962,41.97200375559987,-0.6735637317758836,0.931593656539917,False,False,-0.931593656539917,-0.09315937012434006,-3.5351104949681975,-3.535110494968207,192.35343947465242,192.35343947465242,195.8885499696206,190.89083265624308,1.4626068184093413,-3.79469128038315,3.344725651578491,0.9315937012434031,-0.003442737739533186,-0.0003442737797740847,-0.1171180787535614,-0.11711807875356972,208.02357126920043,208.0235712692004,208.14068934795398,207.6974566561713,0.32611461302909106,-0.6072241742754312,0.40481612279545515,0.1928745325288154,10.940654899015094,4.157687279948826,35.13662379539087,23.386484638306204,0.6870212505410827,0.0,-42.463356238323286,-0.1956687678174518
P100_1100,420000,533,Z_mode_existing_controller,25.29143185362764,50.088481665979245,26.342093154807117,-0.41502791847397164,0.9421339631080627,False,False,-0.9421339631080627,-0.09421339631080627,-3.577834716165092,-3.577834716165082,197.17842471342527,197.17842471342527,200.75625942959036,196.35277107675364,0.8256536366716318,-3.797585965760068,3.3418309662015733,0.9421339631080599,-0.008485670201480389,-0.0008485670550726354,-0.1516365695893085,-0.1516365695892974,208.96506199571408,208.96506199571408,209.11669856530338,208.77298189769505,0.19208009801903358,-0.6072241742754312,0.40481612279545515,0.24972090376710934,10.77580358079133,4.927480549860397,38.045804700046254,25.387883585417285,0.4341822594765823,0.0,-26.66102735547156,-0.11524805881141731
P100_1100,420000,534,Omega_safe_one_step_QP,25.28031459062687,50.089429703248655,-13.766430657588899,0.21813446142734122,0.9474106431007385,False,False,-0.9474106431007385,-0.09474106878042221,-4.7827054682659185,-4.782705468265924,197.88725868900994,197.88725868900994,202.66996415727587,198.74939518031314,-0.8621364913032039,-5.048186103273349,3.4864818654766516,0.9474106878042229,-0.017241137102246284,-0.0017241137102246284,0.5440754435547097,0.5440754435547133,210.12993810156198,210.12993810156198,209.58586265800727,209.32364225171804,0.8062958498439343,-2.656116227778391,3.994274397221609,0.13621383747024707,9.873367081680895,5.2851153931552,37.94115817021518,24.81309589450218,-0.22407361553348792,0.0,14.474281783028346,-0.4837775099063606
P100_1100,420000,535,Z_mode_existing_controller,25.286758207075568,50.08986012846869,21.123850001215942,-0.3466915623114802,0.9480434060096741,False,False,-0.9480434060096741,-0.09480433911085129,-3.600354900156984,-3.6003549001569963,198.0538825538239,198.0538825538239,201.6542374539809,197.40225662121927,0.6516259326046452,-3.7976688977782116,3.3417480341834302,0.9480433911085161,-0.011467909440398216,-0.0011467909207567573,-0.17201699980647356,-0.17201699980646662,209.20691349543628,209.2069134954363,209.37893049524277,209.0616448872908,0.1452686081454999,-0.6072241742754312,0.40481612279545515,0.2832841759169511,8.0945429600314,5.870444248665431,38.37268704992071,23.887277774782046,0.34782633745733516,0.0,-21.384515173785985,-0.08716116488730563
P100_1100,420000,536,Z_mode_existing_controller,25.324587762298187,50.08932657436313,13.05347079400417,-0.22443188569793396,0.9273812770843506,False,False,-0.9273812770843506,-0.09273812919855118,-3.524613804736612,-3.5246138047365996,190.40829242070106,190.4082924207011,193.93290622543768,190.09540225928,0.3128901614210804,-3.8006091293802777,3.3388078025813637,0.9273812919855082,-0.00035468858550302684,-3.546886000549421e-05,-0.09620751036360647,-0.09620751036361758,207.60890041428874,207.6089004142887,207.70510792465234,207.45658785067127,0.15231256361744272,-0.6072241742754312,0.40481612279545515,0.15843820855521268,7.052896661691001,6.693946960162388,39.884173184692465,26.197561881985617,0.21583966966858092,0.0,-13.177922925502571,-0.09138753817046563
P100_1100,420000,537,Omega_safe_one_step_QP,25.377163406685163,50.0888461952914,27.445679297085917,-0.4634469526133692,0.8496819138526917,False,False,-0.8496819138526917,-0.0849681943655014,-2.6452442877330036,-2.645244287733001,180.67502902691783,180.67502902691783,183.32027331465082,179.8159789240292,0.8590501028886308,-3.113217019010845,5.421450949739155,0.8496819436550131,-0.01332321111112833,-0.0013323210878297687,0.8533775395822993,0.8533775395823131,206.26967971879338,206.26967971879338,205.41630217921107,205.22283978557329,1.0468399332200988,-2.239160179898772,4.4112304451012285,0.19345566961481422,10.562444213106057,3.7762137497588295,39.88741345875317,26.243288533391596,0.4434677748070577,0.0,-27.261043111960134,-0.6281039599320621
P100_1100,420000,538,Omega_safe_one_step_QP,25.34620053999087,50.08778963175126,7.938108249137258,-0.1285541715621669,0.9281486868858337,False,False,-0.9281486868858337,-0.0928148701786995,-3.481791235932187,-3.4817912359321967,186.2196029079111,186.21960290791108,189.7013941438433,186.15739742984738,0.06220547806370291,-3.75132910193009,4.7833388668199115,0.9281487017869977,-0.15013709664344788,-0.015013709664344788,0.1063912636229028,0.10639126362290696,206.80994121803593,206.80994121803593,206.70354995441303,206.50207167881396,0.3078695392219686,-2.3678849574189673,4.282505667581033,0.02484322774591958,11.54802135234985,2.8049644848195303,42.04387126418721,25.94915353045211,0.13442478927809987,0.0,-7.8878113148821285,-0.18472172353318683
P100_1100,420000,539,Z_mode_existing_controller,25.295126039849315,50.08788876391023,9.399770425726274,-0.14868928657701855,0.9381082057952881,False,False,-0.9381082057952881,-0.09381081908941269,-3.5626280276813187,-3.5626280276813125,196.4657524733999,196.4657524733999,200.02838050108122,196.32902065846505,0.13673181493484776,-3.7976728721297244,3.341744059831917,0.9381081908941252,-0.017281319946050644,-0.0017281320178881288,-0.20957417918609084,-0.20957417918608806,208.69063952716303,208.69063952716303,208.90021370634912,208.6718905033906,0.01874902377241483,-0.6072241742754312,0.40481612279545515,0.3451347756965736,10.547633766992542,5.325036414257251,42.355959905144225,24.749561662598833,0.1602184916587781,0.0,-9.548739503122306,-0.011249414263460267
P100_1100,420000,540,Z_mode_existing_controller,25.29219695902498,50.08862808062451,0.02372866627501935,-0.00038889439283643453,0.9448218941688538,False,False,-0.9448218941688538,-0.0944821909070015,-3.5908476410241836,-3.5908476410241876,196.74162696113788,196.74162696113788,200.33247460216208,196.99431455890053,-0.2526875977626446,-3.800555011005876,3.3388619209557655,0.9448219090700161,-0.011379790492355824,-0.001137979095801711,-0.17110644954219933,-0.17110644954219517,208.84231272148136,208.84231272148136,209.01341917102357,208.84699867307148,-0.004685951590118975,-0.6072241742754312,0.40481612279545515,0.2817846469079851,8.262809455270917,4.834711592591915,35.863218054894574,27.869674436030394,0.006451252686990205,0.0,-0.032991489916639694,0.0028115709540799116
P100_1100,420000,541,Z_mode_existing_controller,25.318578445631672,50.090180492443764,-6.67101864425149,0.10726173214463638,0.946705162525177,False,False,-0.946705162525177,-0.09467051923274994,-3.6007223876968544,-3.6007223876968446,191.2491582452754,191.24915824527542,194.84988063297226,191.78010479775418,-0.5309465524787527,-3.803425202353,3.3359917296086414,0.9467051923274966,-0.005357655696570873,-0.0005357656045816839,-0.13134983503351738,-0.13134983503353126,207.806118720631,207.806118720631,207.9374685556645,207.81670326936805,-0.010584548737057276,-0.6072241742754312,0.40481612279545515,0.21631193321686204,10.609235809012919,5.115911385383885,32.43891167863441,25.199533595021812,-0.10054281514886654,0.0,6.765210730157378,0.006350729242242892
P100_1100,420000,542,Z_mode_existing_controller,25.304498102842665,50.08958797471922,-13.079028480063243,0.2036824546569694,0.9461507201194763,False,False,-0.9461507201194763,-0.09461507201194763,-3.601290532235149,-3.601290532235138,193.77152548094804,193.77152548094804,197.37281601318318,194.55621547204763,-0.784689991099583,-3.806254601571716,3.333162330389926,0.9461507201194732,-0.00825987197458744,-0.000825987197458744,-0.1505452700206189,-0.15054527002061613,208.29744475794337,208.29744475794337,208.44799002796398,208.37222561371948,-0.07478085577611182,-0.6072241742754312,0.40481612279545515,0.2479237098889449,11.933724712607392,4.476775880530974,44.19622127575617,23.41257136511162,-0.20303774548294484,0.0,13.23719771208107,0.04486851346567278
P100_1100,420000,543,Omega_safe_one_step_QP,25.27079054303234,50.08967628657912,-48.93506984286523,0.7794031380569078,0.9554308652877808,False,False,-0.9554308652877808,-0.09554308652877808,-4.927533857618345,-4.927533857618355,198.834513930457,198.834513930457,203.76204778807536,201.16289825291148,-2.3283843224544682,-5.157394466353299,3.377273502396702,0.9554308652877828,-0.26919183135032654,-0.026919184252619743,-0.7857676297898158,-0.7857676297898228,209.03746328320602,209.037463283206,209.82323091299583,209.78736692861236,-0.7499036454063628,-2.679853053277247,3.9705375717227533,0.2932129539076374,9.018988227404177,5.510730674770038,39.48389092355217,22.79733510189748,-0.7810109939431893,0.0,49.2661386495638,0.4499421872438205
P100_1100,420000,544,Z_mode_existing_controller,25.29329063278797,50.08895415317922,-3.4876390500539856,0.057853609374781234,0.9460059404373169,False,False,-0.9460059404373169,-0.09460059553384781,-3.6005378253886944,-3.6005378253887015,196.0092032323872,196.0092032323872,199.6097410577759,196.41928378210557,-0.4100805497183728,-3.806041394422758,3.333375537538884,0.94600595533848,-0.013849868439137936,-0.0013849869137629867,-0.18761128844268643,-0.18761128844267394,208.6919672742306,208.69196727423062,208.8795785626733,208.74418445903152,-0.05221718480089521,-0.6072241742754312,0.40481612279545515,0.30896544701393136,7.71076449942529,5.38288202778049,49.082639004841056,29.120216252899013,-0.0504164032447556,0.0,3.506725142417963,0.031330310880534284
P100_1100,420000,545,Omega_safe_one_step_QP,25.335232469813388,50.09177800255725,-7.29399675672812,0.11956898653330109,0.9130434989929199,False,False,-0.9130434989929199,-0.09130435436964035,-3.548542785194178,-3.5485427851941878,187.50454996326155,187.50454996326152,191.05309274845573,188.08960722582043,-0.5850572625589052,-3.886498962391334,4.648169006358667,0.9130435436964057,-0.01689576543867588,-0.001689576543867588,0.7389079468593601,0.7389079468593518,207.95875380443437,207.95875380443434,207.219845857575,207.12285282699744,0.8359009774368928,-2.4195145477351634,4.230876077264837,0.17464655862410383,10.325011005319897,4.410304154203446,35.82793823398938,25.59047307057231,-0.11895745343911912,0.0,7.914494796628787,-0.5015405864621414
P100_1100,420000,546,Z_mode_existing_controller,25.317793300102295,50.091012096821366,-1.8938043201806067,0.030801920224280716,0.9439154267311096,False,False,-0.9439154267311096,-0.09439154714345932,-3.592388575163104,-3.5923885751631106,191.18197440795467,191.18197440795467,194.77436298311778,191.52017251393318,-0.3381981059785062,-3.8058371579642363,3.333579773997406,0.9439154714345949,-0.011440876871347427,-0.0011440877569839358,-0.17141992613878415,-0.1714199261387897,207.783953499376,207.783953499376,207.95537342551478,207.81009374030046,-0.026140240924462432,-0.6072241742754312,0.40481612279545515,0.2823008921595326,9.994197393911367,5.573804404313812,40.59406222881686,25.72074927981951,-0.023072216260427325,0.0,1.9011923918860703,0.015684144554668933
P100_1100,420000,547,Z_mode_existing_controller,25.32026224425463,50.091205925710696,-8.440266415679616,0.13730096595172409,0.9440723061561584,False,False,-0.9440723061561584,-0.09440723061561584,-3.595601023138152,-3.5956010231381437,190.43537296917094,190.43537296917097,194.0309739923091,191.04787056535173,-0.6124975961807593,-3.8086076666922235,3.330809265269418,0.944072306156156,-0.006613325793296099,-0.0006613325676880777,-0.13941273124540854,-0.13941273124539882,207.67380264018195,207.67380264018198,207.81321537142736,207.7151503685343,-0.0413477283523207,-0.6072241742754313,0.40481612279545515,0.22959021915053482,10.097693445602378,4.853098754929263,43.88493357601376,21.135721076359015,-0.12919202973295185,0.0,8.544649808402028,0.02480863701140379
P100_1100,420000,548,Z_mode_existing_controller,25.315783175929454,50.08881718336244,-12.913221326964049,0.2038611465485319,0.9302122592926025,False,False,-0.9302122592926025,-0.09302122890949249,-3.5453448695301697,-3.5453448695301724,191.1468764717952,191.1468764717952,194.69222134132536,191.9321131171791,-0.7852366453839181,-3.8113287806374916,3.3280881513241503,0.9302122890949255,-0.008502557873725891,-0.0008502557757310569,-0.15054206772745493,-0.15054206772746048,207.67192869356654,207.67192869356654,207.822470761294,207.76394635648094,-0.09201766291440094,-0.6072241742754312,0.40481612279545515,0.24791843623007015,11.702600985561547,5.037864057713489,34.628341621904134,25.294866216676894,-0.20015174736035135,0.0,13.05816247657549,0.055210597748640566
P100_1100,420000,549,Z_mode_existing_controller,25.284665621596154,50.08869886542804,-18.822802125571798,0.30267176708879506,0.9479267597198486,False,False,-0.9479267597198486,-0.0947926789522171,-3.6153137409980425,-3.6153137409980496,196.97513693908869,196.97513693908866,200.59045068008672,198.0343026154802,-1.0591656763915296,-3.813916624110226,3.325500307851416,0.9479267895221727,-0.014681701548397541,-0.0014681702014058828,-0.19332356212170554,-0.19332356212169444,208.88700238766583,208.88700238766586,209.08032594978755,209.05936304637174,-0.1723606587058839,-0.6072241742754312,0.40481612279545515,0.31837263783573394,9.144205750321165,3.766208298888253,34.909604412927,21.617639896876142,-0.2972510229416532,0.0,19.016636753290186,0.10341639522353319
P100_1100,420000,550,Z_mode_existing_controller,25.288898358955105,50.08669945541996,-23.73051615755685,0.3597080564429952,0.9518905282020569,False,False,-0.9518905282020569,-0.09518905729055405,-3.6329515994901724,-3.6329515994901667,195.90349067729275,195.90349067729278,199.53644227678294,197.1128750091198,-1.2093843318270103,-3.8165643225155503,3.322852609446091,0.9518905729055388,-0.002392335794866085,-0.00023923358821775764,-0.11220447118769628,-0.11220447118768379,208.6330973724787,208.63309737247872,208.7453018436664,208.7486372989169,-0.11553992643817423,-0.6072241742754312,0.40481612279545515,0.18478261561567688,12.995087533876678,4.921224167010252,37.225740224632645,23.401024789714505,-0.3745899867858924,0.0,24.03578218848088,0.06932395586291307
P100_1100,420000,551,Omega_safe_one_step_QP,25.24172324486251,50.08677861518148,-71.16929063097359,1.080662935327079,0.9678914546966553,False,False,-0.9678914546966553,-0.09678914397954941,-5.459535985902547,-5.4595359859025345,203.13505821222648,203.13505821222648,208.59459419812902,206.31942471900123,-3.184366506774751,-5.640649107358664,2.8940188613913365,0.9678914397954921,-0.38519662618637085,-0.038519661873579025,-1.4659108700064678,-1.4659108700064816,209.22374847095557,209.22374847095557,210.68965934096204,210.72255232763217,-1.4988038566766022,-2.76649589607387,3.8838947289261303,0.5298800088902569,10.724608442141802,4.563380342801782,36.09605932131869,27.65779615630878,-1.1333505781146513,0.0,71.40335889508242,0.8992823140059585
P100_1100,420000,552,Omega_safe_one_step_QP,25.23240761186932,50.08989012734332,-58.608272588973705,0.8623607453417662,0.9625347852706909,False,False,-0.9625347852706909,-0.09625347703695297,-5.630766288942973,-5.630766288942961,205.05669148001655,205.05669148001655,210.68745776895952,207.67781424645065,-2.621122766434098,-5.849935464441714,2.684732504308287,0.9625347703695276,-0.26666685938835144,-0.026666685938835144,-0.9101416682785725,-0.9101416682785641,210.389527536947,210.38952753694704,211.2996692052256,211.21035717230234,-0.8208296353552953,-2.827496882500226,3.822893742499775,0.3218895390872253,12.372453983662428,4.30677427552266,40.9430582546191,27.05070038022362,-0.9344460618930626,0.0,59.05022086965346,0.49249778121317433
P100_1100,420000,553,Omega_safe_one_step_QP,25.1983098430642,50.09382803075563,-60.53395160679975,0.9159710234315203,0.9818647503852844,False,False,-0.9818647503852844,-0.09818647801876068,-6.427495952536705,-6.427495952536691,211.22273680770348,211.22273680770348,217.6502327602402,214.01540695083642,-2.7926701431329377,-6.546212963569779,1.988455005180221,0.9818647801876049,-0.5499090552330017,-0.05499090626835823,-2.5427719283781105,-2.542771928378109,210.45477121875132,210.45477121875132,212.99754314712942,212.8055289954817,-2.350757776730376,-2.997284276690608,3.653106348309392,0.8483586118783703,9.254461602520491,5.752860979625233,42.7522568470734,24.309197149377123,-0.9531344877462615,0.0,60.076631428507426,1.410454666038234
P100_1100,420000,554,Omega_safe_one_step_QP,25.23031289062796,50.096239117451205,-25.810452121382696,0.39271402297845387,0.9519712924957275,False,False,-0.9519712924957275,-0.09519713371992111,-5.655297319558833,-5.655297319558822,205.9389780138785,205.9389780138785,211.59427533343734,207.28753085150265,-1.3485528376241405,-5.9406172208894965,2.5940507478605044,0.9519713371992089,-0.210064098238945,-0.02100641094148159,-0.6707510016950871,-0.6707510016950962,211.1564803853467,211.1564803853467,211.8272313870418,211.52007636204428,-0.3635959766975816,-2.8802531006818444,3.770137524318156,0.23287918743540587,10.394076101090405,4.040596503085331,40.90656038886962,25.686111314886258,-0.40739804887727615,0.0,25.99969258424153,0.21815758601854895
P100_1100,420000,555,Omega_safe_one_step_QP,25.225900460387592,50.09884518716871,-20.44619142787542,0.2952115499047808,0.9577048420906067,False,False,-0.9577048420906067,-0.09577048569917679,-5.79614034488398,-5.796140344883985,206.91311710574325,206.91311710574325,212.70925745062723,207.98251439689554,-1.0693972911522849,-6.0521154326084865,2.4825525361415144,0.9577048569917683,-0.3388378620147705,-0.03388378769159317,-1.3747374672290418,-1.3747374672290313,210.825198825839,210.825198825839,212.19993629306805,211.82170075559105,-0.9965019297520428,-2.917523591284469,3.7328670337155314,0.4712001203129224,13.492192815931286,4.3288060775939154,37.15638448902498,26.027439230664296,-0.31154292990532184,0.0,20.15983319993029,0.5979011578512257
P100_1100,420000,556,Omega_safe_one_step_QP,25.17399846568089,50.102429907382714,-43.06663674148058,0.6002741902222012,0.9854586124420166,False,False,-0.9854586124420166,-0.0985458642244339,-6.994892461997063,-6.994892461997076,216.17429664771157,216.17429664771157,223.16918910970864,218.11232354252851,-1.938026894816943,-7.098108598516626,1.4365593702333737,0.9854586422443409,-0.5762219429016113,-0.05762219429016113,-2.8390535615919035,-2.8390535615918986,211.7859944179585,211.7859944179585,214.6250479795504,214.1913956956347,-2.405401277676191,-3.160034759932705,3.490355865067295,0.8984247887362979,13.424501725135832,4.489533618512279,44.02561125511931,30.186458024598952,-0.6652544930105577,0.0,42.28865046788633,1.4432407666057259
P100_1100,420000,557,Omega_safe_one_step_QP,25.136598114277298,50.11074264953892,-42.5511177191911,0.6325530780581332,0.9729003310203552,False,False,-0.9729003310203552,-0.0972900316119194,-7.63932654058358,-7.6393265405835855,223.0699407157182,223.06994071571816,230.70926725630176,225.1723298083958,-2.1023890926776403,-7.852116413175938,0.6825515555740636,0.9729003161191945,-0.3542940318584442,-0.03542940318584442,-1.8867327155242222,-1.8867327155242273,214.8118308621393,214.8118308621393,216.69856357766352,216.18368182958164,-1.3718509674423558,-3.367386319744017,3.2830043052559836,0.5602958901572225,7.961231830960407,3.567608115261333,34.59141791316616,26.974652017623676,-0.6713345479735509,0.0,42.3993416866997,0.8231105804654248
P100_1100,420000,558,Omega_safe_one_step_QP,25.179577599914516,50.11552750078374,-6.9142722267051795,0.10005219270042716,0.9418240785598755,False,False,-0.9418240785598755,-0.09418240934610367,-6.616461568952584,-6.616461568952592,215.82320567345238,215.82320567345238,222.43966724240497,216.3476483590772,-0.5244426856248197,-7.025156411786259,1.5095115569637412,0.9418240934610379,-0.5074717402458191,-0.05074717476963997,-2.541572579421307,-2.541572579421305,212.65114588176073,212.65114588176073,215.19271846118204,214.58202307827497,-1.9308771965142455,-3.2168018080958682,3.4335888169041318,0.7900929964117828,11.462868506659806,5.441275713922524,38.87165355348772,26.279001068338292,-0.08401436586338207,0.0,5.839760274659966,1.158526317908553
P100_1100,420000,559,Omega_safe_one_step_QP,25.178767953232022,50.12022275051825,-5.351792868122175,0.08221665181577145,0.9648712277412415,False,False,-0.9648712277412415,-0.0964871272444725,-6.8129859428641,-6.812985942864111,215.98542694457365,215.98542694457362,222.79841288743773,216.45435278063908,-0.46892583606546623,-7.061030976289535,1.4736369924604653,0.9648712724447261,-0.529333233833313,-0.05293332412838936,-2.6850020692062,-2.685002069206205,212.83978971748326,212.83978971748326,215.52479178668946,214.86788458310252,-2.0280948656192663,-3.250009140646611,3.4003814843533897,0.8261521592742369,7.854262238531184,5.934770794858974,41.58481872645159,24.698704331194403,-0.060666014333049745,0.0,4.195601963083391,1.2168569193715655
P100_1100,420000,560,Omega_safe_one_step_QP,25.23552632320336,50.12295978089836,27.37999237321037,-0.42965131199357365,0.9612572193145752,False,False,-0.9612572193145752,-0.09612572193145752,-5.732763534752366,-5.732763534752365,206.09352403786224,206.09352403786224,211.8262875726146,205.192896534963,0.9006275028992263,-5.963818444807223,2.5708495239427775,0.9612572193145752,-0.3248446583747864,-0.03248446807265282,-1.4084775293736105,-1.4084775293736098,211.91587614707075,211.91587614707075,213.32435367644436,212.6122878825045,-0.6964117354337418,-3.029965329622101,3.620425295377899,0.46484938807840287,9.013432756781262,3.167829691524485,39.89864024155909,23.444406157755875,0.4590166337186048,0.0,-28.256856048189547,0.4178470412602451
P100_1100,420000,561,Omega_safe_one_step_QP,25.24641033172957,50.123688149308585,34.4071306602018,-0.5293481555322196,0.9562168717384338,False,False,-0.9562168717384338,-0.09562169015407562,-5.520074273468438,-5.520074273468434,204.39629389819788,204.39629389819788,209.9163681716663,203.23795765278805,1.1583362454098278,-5.772826504712395,2.7618414640376066,0.9562169015407552,-0.28762882947921753,-0.028762882575392723,-1.1797351450079394,-1.179735145007952,211.7644175709804,211.7644175709804,212.94415271598837,212.21877629081212,-0.45435871983170273,-2.991945233576501,3.658445391423499,0.39430372313256695,10.645738595690013,6.266857181610951,34.703832000323345,22.880490843735565,0.572049259502279,0.0,-35.25179515160289,0.2726152318990245
P100_1100,420000,562,Omega_safe_one_step_QP,25.253757660334376,50.123886258917196,35.456463452363096,-0.5645765701838937,0.9569621086120605,False,False,-0.9569621086120605,-0.09569621086120605,-5.408453837437871,-5.408453837437883,203.29655616110892,203.2965561611089,208.70500999854679,202.0591448643392,1.237411296769693,-5.65169068740044,2.8829772813495604,0.9569621086120627,-0.19287839531898499,-0.0192878395318985,-0.6608804988468941,-0.6608804988468955,212.0219606239036,212.0219606239036,212.6828411227505,211.95827381558829,0.06368680831531037,-2.965814074252714,3.6845765507472863,0.22283274753607582,8.846627087184938,4.75931795725983,39.05446765540795,21.443025988003217,0.5825015930994217,0.0,-36.00075296047271,-0.03821208498918338
P100_1100,420000,563,Omega_safe_one_step_QP,25.27663237680981,50.122852943621076,48.2177258114225,-0.7340773205171514,0.9549397230148315,False,False,-0.9549397230148315,-0.09549397230148315,-4.989962278707102,-4.9899622787071065,199.4523529017893,199.4523529017893,204.44231518049642,197.81187737829026,1.640475523499049,-5.225421205595405,3.3092467631545963,0.9549397230148322,-0.008488104678690434,-0.0008488104795105755,0.3929026581933316,0.39290265819334136,212.09208182140492,212.09208182140495,211.6991791632116,210.97226669173233,1.1198151296726166,-2.8674478782988255,3.782942746701175,0.10386164541770102,12.574860091948025,5.0427685573215735,37.6755444202071,29.0588402382632,0.7823327889405292,0.0,-48.32816952255962,-0.67188907780357
P100_1100,420000,564,Omega_safe_one_step_QP,25.24041754060388,50.12672083140998,24.54927901444171,-0.3733761146157064,0.9585878252983093,False,False,-0.9585878252983093,-0.09585878252983093,-5.711067376008355,-5.711067376008354,206.0549609556593,206.0549609556593,211.76602833166766,205.2925405639733,0.762420391686021,-5.957792520712529,2.576875448037472,0.9585878252983091,-0.3226027190685272,-0.03226027265191078,-1.4117558250375375,-1.4117558250375501,212.0604153938414,212.0604153938414,213.47217121887894,212.76987363936806,-0.7094582455266618,-3.0447470838655595,3.605643541134441,0.4636693249559529,10.89067789331361,5.780182716290039,40.0505934922462,27.67816839132775,0.4142233387028824,0.0,-25.389177300460688,0.4256749473159971
P100_1100,420000,565,Omega_safe_one_step_QP,25.243399698479394,50.13056924171299,24.020188779551972,-0.37785701119584847,0.9662702679634094,False,False,-0.9662702679634094,-0.09662702679634094,-5.717427068690406,-5.717427068690413,205.6407370444916,205.64073704449157,211.358164113182,204.86452350799215,0.7762135364994265,-5.917006098863961,2.6176618698860397,0.9662702679634103,-0.32223930954933167,-0.032223932445049286,-1.4193700489317618,-1.4193700489317507,212.17349084505733,212.17349084505736,213.5928608939891,212.88304066651187,-0.709549821454516,-3.056816051376576,3.5935745736234246,0.46432955895156525,8.954628418459878,6.339366050393364,40.518617871595644,23.467771798418653,0.4040582185637591,0.0,-24.849976890989637,0.42572989287270957
P100_1100,420000,566,Omega_safe_one_step_QP,25.278726812956346,50.131242997288005,46.30030305348464,-0.720899024533658,0.9383420348167419,False,False,-0.9383420348167419,-0.09383420646190643,-4.918660373582654,-4.918660373582652,199.68807087224582,199.68807087224582,204.60673124582846,198.06739446887048,1.6206764033753416,-5.241862812128609,3.2928051566213914,0.938342064619064,-0.02518794685602188,-0.002518794732168317,0.25353846380727973,0.25353846380727973,212.42982813419763,212.42982813419763,212.17628967039036,211.4534876657596,0.9763404684380248,-2.9151589290167004,3.7352316959833,0.0678775734527857,11.115947164644952,5.5692417748346505,35.444920469194464,25.125683205500373,0.7511135331377901,0.0,-46.46561230555926,-0.5858042810628206
P100_1100,420000,567,Omega_safe_one_step_QP,25.269116916512523,50.13217576602089,35.59831068236144,-0.5657469923109831,0.9492040872573853,False,False,-0.9492040872573853,-0.09492041170597076,-5.1749182858392695,-5.174918285839255,201.53168294498292,201.53168294498295,206.7066012308222,200.3035026630284,1.2281802819545362,-5.451849810627983,3.082818158122018,0.9492041170597052,-0.03487637639045715,-0.003487637732177973,0.16110608189104716,0.16110608189104786,212.8263802247938,212.8263802247938,212.66527414290277,211.962825103271,0.8635551215228077,-2.964057376267941,3.6863332487320593,0.043703613054099616,9.372205304550405,6.823394024026735,41.25184032435339,24.12101279555422,0.5769314192791075,0.0,-35.657109028726154,-0.5181330729136846
P100_1100,420000,568,Z_mode_existing_controller,25.29920874799025,50.13274561809998,75.33771541711121,-1.1763450231468024,0.9418849349021912,False,False,-0.9418849349021912,-0.09418849647045135,-3.5536323728707147,-3.553632372870724,197.4260688551265,197.42606885512646,200.9797012279972,194.61867068336593,2.807398171760525,-3.772894255707282,3.36652267625436,0.9418849647045159,-0.015663720667362213,-0.00156637211330235,-0.19922622759234662,-0.1992262275923487,211.26264208347683,211.2626420834768,211.46186831106917,210.7634826148847,0.49915946859209726,-0.6072241742754312,0.40481612279545515,0.32809337314357573,11.773969742147557,4.756716746606355,41.4558106945441,27.23635257589317,1.22764850148247,0.0,-76.26586823743855,-0.29949568115526404
P100_1100,420000,569,Omega_safe_one_step_QP,25.27243749077996,50.13530752023392,17.394224098048653,-0.2656191452357115,0.9401586651802063,False,False,-0.9401586651802063,-0.09401586651802063,-5.051404187753495,-5.051404187753489,200.86597224817467,200.86597224817467,205.91737643592816,200.42455915713978,0.4414130910348888,-5.372927331138579,3.1617406376114223,0.9401586651802053,-0.03463168814778328,-0.0034631688613444567,0.1585576083410728,0.158557608341061,212.82975114423465,212.82975114423462,212.67119353589356,212.11679342339957,0.7129577208350497,-2.964649315567021,3.6857413094329794,0.043019190721622774,11.762921611030146,4.89219405698602,36.64752035579906,25.873802036395485,0.2841090461475204,0.0,-17.250558511696,-0.427774632501027
P100_1100,420000,570,Omega_safe_one_step_QP,25.24797441844862,50.137146066120636,2.7119970983585517,-0.04226745433827821,0.9623450040817261,False,False,-0.9623450040817261,-0.09623450040817261,-5.653212049758921,-5.653212049758922,205.27902156625143,205.27902156625143,210.93223361601036,205.387296059418,-0.10827449316656157,-5.874413049146797,2.6602549196032035,0.9623450040817265,-0.35473117232322693,-0.03547311946749687,-1.6129861069712637,-1.6129861069712637,212.22196145069435,212.22196145069435,213.83494755766563,213.27123334623448,-1.0492718955401301,-3.0810247177442265,3.569365907255774,0.523522611708293,9.382752407747883,3.824065470410234,38.532464159504826,24.15294577360951,0.06102293940969439,0.0,-3.4025831750923317,0.6295631373240695
P100_1100,420000,571,Omega_safe_one_step_QP,25.256554166922815,50.13816187069458,11.6489782875542,-0.17724101740119175,0.9558500051498413,False,False,-0.9558500051498413,-0.09558500349521637,-5.472279491798715,-5.47227949179871,203.96622162088184,203.96622162088184,209.43850111268054,203.72090814275322,0.24531347812862236,-5.725039798813817,2.809628169936184,0.9558500349521628,-0.27606481313705444,-0.027606481686234474,-1.1786159745760298,-1.1786159745760374,212.38279841644876,212.38279841644874,213.56141439102478,212.9648166309625,-0.5820182145137665,-3.0536714010801425,3.596719223919858,0.38596686407029196,11.225961155817693,5.493962205743793,38.36114678849916,24.227205022023213,0.2029329916807896,0.0,-12.201122207942717,0.34921092870825987
P100_1100,420000,572,Omega_safe_one_step_QP,25.249418769221563,50.139529761493435,10.731083029942965,-0.163331544960074,0.9501024484634399,False,False,-0.9501024484634399,-0.09501024335622787,-5.59100762764918,-5.5910076276491845,205.44346226901547,205.44346226901547,211.03446989666466,205.23061309672275,0.21284917229272082,-5.884636677212227,2.650031291537773,0.9501024335622797,-0.27958205342292786,-0.027958204969763756,-1.2371473251861071,-1.2371473251861036,212.73104226978575,212.73104226978575,213.96818959497185,213.35443762438226,-0.6233953545965107,-3.0943489214748503,3.55604170352515,0.39980860484099695,10.854257012583336,5.373683461528567,35.78817087050854,27.066823404581026,0.18811201060682592,0.0,-11.293232253307906,0.37403721275791213
P100_1100,420000,573,Omega_safe_one_step_QP,25.24692459924834,50.14251668785509,10.210323464597423,-0.16223890607296604,0.9549846649169922,False,False,-0.9549846649169922,-0.0954984650015831,-5.682560407404069,-5.682560407404069,206.0097494843347,206.0097494843347,211.69230989173877,205.79525656168505,0.21449292264964015,-5.95042067671964,2.5842472920303625,0.954984650015831,-0.29136747121810913,-0.029136747121810913,-1.326031537912694,-1.3260315379127017,212.94180081698565,212.94180081698562,214.26783235489833,213.63563950997496,-0.6938386929893454,-3.1243131974674974,3.5260774275325026,0.42442337054670287,8.155147252674833,4.258818884476681,38.325991284290986,30.166660832096554,0.17839941044698993,0.0,-10.80502609083851,0.4163032157936186
P100_1100,420000,574,Omega_safe_one_step_QP,25.27902530752207,50.14686133518013,30.01713034266595,-0.4740378378478356,0.9418417811393738,False,False,-0.9418417811393738,-0.09418418258428574,-5.022096836352205,-5.022096836352215,200.48808966304892,200.48808966304892,205.51018649940113,199.48649217745114,1.0015974855977845,-5.332208337485877,3.2024596312641243,0.9418418258428592,-0.051542237401008606,-0.005154223646968603,0.022698415832572705,0.022698415832579297,213.20747089206498,213.20747089206498,213.1847724762324,212.52703997847257,0.6804309135924029,-3.0160072096009043,3.6343834153990957,0.006245465389371077,9.940159875343266,5.784454552969232,40.08401301210435,24.938170980130877,0.48796826586704256,0.0,-30.096840060376962,-0.4082585481554446
P100_1100,420000,575,Omega_safe_one_step_QP,25.291311239731296,50.14781628755307,32.695767135902315,-0.5355607682695958,0.9480428695678711,False,False,-0.9480428695678711,-0.09480428695678711,-4.842804207499797,-4.84280420749979,198.42742149771453,198.42742149771453,203.27022570521433,197.2765017631827,1.1509197345318398,-5.108212258067195,3.426455710682806,0.9480428695678694,-0.020525168627500534,-0.002052516909316182,0.22751665213256236,0.2275166521325568,212.97646091525445,212.97646091525445,212.7489442631219,212.09382595874268,0.8826349565117653,-2.9724243882898542,3.6779662367101458,0.06185936397721397,8.26448408366791,4.917504081841278,40.00385828104561,24.575482248726598,0.528276368365296,0.0,-32.6944625303604,-0.5295809739070592
P100_1100,420000,576,Z_mode_existing_controller,25.32069351796841,50.14773687139589,62.20911195415374,-1.0322233861491936,0.9418795108795166,False,False,-0.9418795108795166,-0.09418795257806778,-3.5423544497641277,-3.542354449764133,194.12586913466097,194.12586913466097,197.6682235844251,191.70635647252018,2.4195126621407894,-3.7609421935656195,3.3784747383960223,0.9418795257806791,-0.007116916589438915,-0.0007116916822269559,-0.14253133292783035,-0.14253133292781717,211.3931702050529,211.3931702050529,211.53570153798074,210.8828637362564,0.5103064687965002,-0.6072241742754312,0.40481612279545515,0.23472605170552102,8.77059953682109,3.740871422049068,37.65451502008434,24.974156705678144,1.011593107798621,0.0,-62.914521180674456,-0.30618388127790297
P100_1100,420000,577,Z_mode_existing_controller,25.329367383237287,50.14725355266691,45.81487722468046,-0.7613250893383965,0.9248729944229126,False,False,-0.9248729944229126,-0.09248729795217514,-3.481720754905334,-3.4817207549053286,192.15189440722244,192.15189440722244,195.63361516212777,190.43434104140135,1.7175533658210895,-3.7645393821600455,3.3748775498015964,0.9248729795217498,-0.007897891104221344,-0.0007897891337051988,-0.14599071581678918,-0.14599071581680237,210.93560015703713,210.93560015703713,211.08159087285392,210.55458198689632,0.3810181701408055,-0.6072241742754312,0.40481612279545515,0.24042309578831483,8.981850199997115,3.2051838357726807,40.360922562175766,24.84504217959115,0.7465323432433664,0.0,-46.33279866583962,-0.22861090208448331
P100_1100,420000,578,Z_mode_existing_controller,25.329858859946352,50.146633545580464,30.056372077443484,-0.5029879717272371,0.9290454983711243,False,False,-0.9290454983711243,-0.09290455281734467,-3.500615213393004,-3.500615213392997,191.7284098238627,191.7284098238627,195.2290250372557,190.6685065775369,1.0599032463258027,-3.7679694990571693,3.371447432904472,0.9290455281734444,-0.005799951031804085,-0.0005799951031804085,-0.13249652406528423,-0.13249652406527243,210.83468490916985,210.83468490916988,210.96718143323514,210.5462301992617,0.2884547099081942,-0.6072241742754312,0.40481612279545515,0.2182003445817578,8.51731901464391,4.340499694470901,42.21102464899751,24.44718297692669,0.49103727520728935,0.0,-30.37433652670552,-0.1730728259449137
P100_1100,420000,579,Z_mode_existing_controller,25.34658556560342,50.14570211537112,22.4404960164793,-0.3635915327121793,0.8846802115440369,False,False,-0.8846802115440369,-0.0884680226445198,-3.336449345421646,-3.3364493454216597,188.29453459498134,188.29453459498131,191.63098394040298,187.59330001368514,0.7012345812961769,-3.7713619516829167,3.368054980278725,0.8846802264452015,-0.044987861067056656,-0.0044987862929701805,-0.38795554565992096,-0.38795554565993484,209.7647499399069,209.7647499399069,210.15270548556683,209.8190658654515,-0.054315925544614174,-0.6072241742754312,0.40481612279545515,0.6389000341148504,11.192987400509306,4.414887849825722,40.29208149913116,19.355575542573398,0.37230447160918345,0.0,-22.845390043415136,0.03258955532677987
P100_1100,420000,580,Z_mode_existing_controller,25.317429524361813,50.14179104325761,7.344191103847152,-0.11888317043890606,0.9221315979957581,False,False,-0.9221315979957581,-0.09221316128969193,-3.480518176385519,-3.480518176385526,193.66283529700192,193.66283529700192,197.14335347338744,193.57956921658288,0.08326608041903683,-3.774426695394718,3.364990236566924,0.9221316128969208,-0.005971651524305344,-0.0005971651407890022,-0.13293576472811694,-0.13293576472812527,210.97823470770282,210.9782347077028,211.11117047243093,210.8581990847478,0.12003562295498682,-0.6072241742754312,0.40481612279545515,0.21892370290881544,9.817038961739357,6.970706317768767,37.29655014360609,23.294391593848577,0.12443160748796345,0.0,-7.3966013375620605,-0.07202137377299778
P100_1100,420000,581,Z_mode_existing_controller,25.334575247806168,50.14048460393595,-2.39808203559096,0.0403751490738906,0.9332615733146667,False,False,-0.9332615733146667,-0.0933261588215828,-3.525545011746455,-3.525545011746461,189.95619540390325,189.95619540390325,193.4817404156497,190.2864669124185,-0.33027150851523857,-3.7776600432965974,3.361756888665044,0.9332615882158293,0.005423354916274548,0.0005423355032689869,-0.05847456396671363,-0.05847456396672335,210.2025507731524,210.2025507731524,210.26102533711912,210.07136888728536,0.1311818858670506,-0.6072241742754312,0.40481612279545515,0.09629814892745003,8.253444694312211,6.367638300819262,42.03060796689099,25.255898683504878,-0.03495249175232207,0.0,2.511743658863452,-0.07870913152024173
P100_1100,420000,582,Omega_safe_one_step_QP,25.368020836512454,50.13969760888389,1.9410850142585332,-0.032726955776033274,0.8886700868606567,False,False,-0.8886700868606567,-0.08886700868606567,-3.05808011675458,-3.058080116754586,183.54189488205836,183.54189488205836,186.59997499881294,183.69103586348604,-0.14914098142767784,-3.4411871874270568,5.093480781322944,0.888670086860658,-0.09234306216239929,-0.009234306402504444,0.1875328887138053,0.18753288871381502,208.94067946338993,208.94067946338993,208.75314657467612,208.61288289350566,0.32779656988427064,-2.5728446194452763,4.077546005554725,0.04599160584781737,9.741818429215742,6.637653520740839,44.404594383063205,21.549763813522546,0.034568399634828495,0.0,-1.7789754719633493,-0.19667794193057375
P100_1100,420000,583,Omega_safe_one_step_QP,25.37786363653028,50.136289196691116,8.260885674953897,-0.14612961629250085,0.9096180200576782,False,False,-0.9096180200576782,-0.09096180647611618,-2.977485542943455,-2.9774855429434437,181.94397742010713,181.94397742010713,184.92146296305057,181.82679653309276,0.11718088701437068,-3.27333598385082,5.26133198489918,0.9096180647611579,-0.0023797687608748674,-0.00023797688481863588,0.7236016650536568,0.7236016650536664,208.90895801700717,208.9089580170072,208.18535635195352,208.01291364284904,0.8960443741581514,-2.516065597173018,4.134325027826982,0.1750229263987003,7.347385805806628,5.930115391629757,41.689692839211205,23.014458866777048,0.13015885692140944,0.0,-7.85341790737948,-0.5376266244948908
P100_1100,420000,584,Omega_safe_one_step_QP,25.41532484054787,50.13269074714264,32.12391391406436,-0.5655042914948826,0.8388590216636658,False,False,-0.8388590216636658,-0.08388590067625046,-2.1481513570523356,-2.1481513570523303,175.64796622206353,175.64796622206353,177.79611757911587,174.5355909517686,1.1123752702949332,-2.560801445457348,5.973866523292653,0.8388590067625019,0.03740182891488075,0.0037401828449219465,1.0197119364778449,1.019711936477835,207.46314999991458,207.46314999991458,206.44343806343673,206.24164269427072,1.2215073056438541,-2.3418737683213395,4.308516856678661,0.2366735399670475,9.400479106582504,3.4642602619512677,40.254959075897844,31.314331433434283,0.5159004862743792,0.0,-31.90691001695177,-0.7329043833863125
P100_1100,420000,585,Omega_safe_one_step_QP,25.39721379526735,50.13353369746481,23.69046330040237,-0.40264702674146996,0.8414226174354553,False,False,-0.8414226174354553,-0.08414226025342941,-2.472220541553996,-2.472220541554007,179.09731985491186,179.09731985491186,181.56954039646587,178.3343332319896,0.7629866229222557,-2.938143727192349,5.596524241557653,0.8414226025342973,-0.13660582900047302,-0.013660582713782787,0.04494593733006952,0.04494593733008201,207.32980083611935,207.32980083611938,207.2848548987893,207.08550900851003,0.2442918276093451,-2.4260154518565944,4.2243751731434065,0.010639665154701971,10.566687151338636,4.799231690192357,39.864057511744306,27.046605981635086,0.389066195049832,0.0,-23.932954398886977,-0.14657509656561274
P100_1100,420000,586,Omega_safe_one_step_QP,25.3736396618026,50.13262093012712,6.9377581098997325,-0.11741055786146315,0.9232583045959473,False,False,-0.9232583045959473,-0.09232582896947861,-3.1619961103668173,-3.1619961103668186,183.27433576728126,183.27433576728126,186.4363318776481,183.18807149984758,0.08626426743367688,-3.42482287531057,5.10984509343943,0.9232582896947867,-0.24460457265377045,-0.024460457265377045,-0.5340246804790505,-0.5340246804790449,207.72497915274195,207.72497915274198,208.25900383322102,208.05528245543425,-0.3303033026922719,-2.5234303452997677,4.126960279700233,0.2116264795950237,9.61298636444616,4.0338616984310995,38.0477845418272,22.64113434974488,0.12187493324138998,0.0,-7.257815024756383,0.19818198161536316
P100_1100,420000,587,Omega_safe_one_step_QP,25.361927703943163,50.12937249753405,9.106096595369308,-0.14714186592082265,0.8795957565307617,False,False,-0.8795957565307617,-0.08795958012342453,-3.2368981341736527,-3.2368981341736442,185.75104111545767,185.75104111545767,188.98793924963132,185.6071283071097,0.14391280834797726,-3.6799836125088934,4.854684356241107,0.8795958012342431,-0.0714745968580246,-0.007147459778934717,0.3024925554180824,0.3024925554180713,208.90701396006494,208.90701396006494,208.60452140464687,208.3760914122122,0.5309225478527537,-2.5579821024423524,4.092408522557648,0.07391553256492131,11.858049136917126,5.2420608038881635,42.50198916530205,26.90507852128593,0.1500513918504751,0.0,-8.937594458508102,-0.31855352871166076
P100_1100,420000,588,Z_mode_existing_controller,25.329093685119027,50.12998117668234,3.669284526337833,-0.06175042424254872,0.9378201365470886,False,False,-0.9378201365470886,-0.09378201514482498,-3.5329039952491246,-3.532903995249126,192.12111189605525,192.12111189605525,195.65401589130437,192.17711890440222,-0.05600700834696681,-3.767144467724817,3.3722724642368243,0.9378201514482501,-0.010041533038020134,-0.001004153280518949,-0.16152064615726075,-0.1615206461572566,209.8892261439912,209.8892261439912,210.05074679014848,209.80607408010047,0.08315206389073637,-0.6072241742754312,0.40481612279545515,0.2659983791817754,7.835761521953655,5.883166741748704,41.32599680037477,23.254260959491614,0.06360747017867868,0.0,-3.683000758182061,-0.04989123833443898
P100_1100,420000,589,Omega_safe_one_step_QP,25.366909943582304,50.128187636364736,6.2981674509865115,-0.1046352198067481,0.8677224516868591,False,False,-0.8677224516868591,-0.08677224814891815,-3.0989689789914814,-3.0989689789914814,184.80296022590144,184.80296022590144,187.90192920489292,184.76792204587997,0.03503818002147341,-3.571382608035055,4.963285360714946,0.8677224814891811,-0.05288608744740486,-0.005288608837872744,0.4166707272904954,0.4166707272904857,208.71635724869682,208.71635724869682,208.29968652140633,208.11350981495505,0.602847433741772,-2.527498614118299,4.122892010881701,0.1010627312553303,10.351709272677788,5.133346063717697,41.259324479899455,22.94261243491636,0.10276933424658452,0.0,-6.039228324989381,-0.36170846024506886
P100_1100,420000,590,Omega_safe_one_step_QP,25.35498006019805,50.12576312033488,3.6753423076006584,-0.059413546391294016,0.8733897805213928,False,False,-0.8733897805213928,-0.08733897656202316,-3.3448084184861644,-3.344808418486177,187.14015310937023,187.14015310937023,190.4849615278564,187.21777166289388,-0.07761855352364933,-3.829685840331404,4.704982128418597,0.8733897656202347,-0.039731986820697784,-0.003973198588937521,0.45481043872825505,0.4548104387282481,209.1541696035777,209.1541696035777,208.69935916484945,208.49042104043795,0.6637485631397624,-2.567465878462612,4.0829247465373895,0.11139329450388713,11.416463090738704,4.268976491934854,39.544727805468405,24.31907622004037,0.06019147461982044,0.0,-3.3372846443362505,-0.39824913788385174
P100_1100,420000,591,Z_mode_existing_controller,25.319587718485234,50.1246714813976,4.3636488267457025,-0.06855974088894433,0.912838339805603,False,False,-0.912838339805603,-0.09128383547067642,-3.437975639679791,-3.4379756396797903,194.23560399622977,194.23560399622977,197.67357963590956,194.26937312614345,-0.03376912991367931,-3.766248013082437,3.3731689188792044,0.9128383547067639,-0.012353950180113316,-0.0012353950878605247,-0.17433157436693714,-0.17433157436693714,209.9851661218112,209.9851661218112,210.15949769617814,209.92792433353432,0.0572417882768832,-0.6072241742754312,0.40481612279545515,0.2870959058488702,11.468157127779167,6.484767458360441,38.40470221504806,26.057805610193643,0.0772900454801757,0.0,-4.406593799259099,-0.03434507296613276
P100_1100,420000,592,Z_mode_existing_controller,25.31001870442683,50.125682464606534,-7.927009132059538,0.12496646797248862,0.9476777911186218,False,False,-0.9476777911186218,-0.09476777911186218,-3.5723487270205445,-3.572348727020533,195.66962776752166,195.66962776752166,199.2419764945422,196.2104115819223,-0.5407838144006405,-3.769581560842329,3.3698353711193128,0.9476777911186186,-0.006376634351909161,-0.0006376634701155126,-0.1382075556813106,-0.1382075556813106,210.42169286572886,210.42169286572886,210.55990042141016,210.39330862931746,0.02838423641139798,-0.6072241742754312,0.40481612279545515,0.22760548992672508,10.793458142832273,4.771542820213683,40.193620089402074,22.11829818384343,-0.12250561316975705,0.0,8.066545287075314,-0.017030541846850156
P100_1100,420000,593,Z_mode_existing_controller,25.296689501734388,50.12451874543453,-14.611516835963812,0.2363030239480305,0.9469814896583557,False,False,-0.9469814896583557,-0.09469815343618393,-3.5730204670774035,-3.573020467077396,197.99066879956698,197.990668799567,201.5636892666444,198.82688647247573,-0.836217672908731,-3.7730624488736453,3.3663544830879966,0.9469815343618373,-0.026735641062259674,-0.0026735642459243536,-0.27318646827082727,-0.27318646827082516,210.72359888223997,210.72359888223997,210.9967853505108,210.88262355046595,-0.1590246682259817,-0.6072241742754312,0.40481612279545515,0.4498939268957865,8.664407514262459,5.941163754603322,43.362006269842105,23.80203815097254,-0.23054138451753659,0.0,14.746643419544853,0.0954148009356004
P100_1100,420000,594,Z_mode_existing_controller,25.328076236368997,50.124327408767215,-17.94652490936096,0.2960983065439623,0.9260026812553406,False,False,-0.9260026812553406,-0.0926002711057663,-3.497026476694201,-3.4970264766942023,191.56799378670817,191.56799378670817,195.06502026340237,192.54884840702766,-0.9808546203194908,-3.7764754194941434,3.362941512467498,0.9260027110576631,-0.0030778548680245876,-0.00030778549262322485,-0.1141318351726997,-0.11413183517268999,209.49110819273858,209.4911081927386,209.6052400279113,209.5303549163858,-0.039246723647181625,-0.6072241742754312,0.40481612279545515,0.18795667235889865,8.906102299453298,3.543224765302984,41.329026692888334,25.294338079792606,-0.28570499362663426,0.0,18.20868186879943,0.023548034188308975
P100_1100,420000,595,Z_mode_existing_controller,25.332304473358604,50.12399410092542,-23.00752980825837,0.3649255349517636,0.9224857091903687,False,False,-0.9224857091903687,-0.0922485738992691,-3.4867202979907828,-3.4867202979907903,190.4524672194524,190.4524672194524,193.93918751744317,191.6086904799289,-1.1562232604765086,-3.779701030173225,3.359715901788417,0.9224857389926929,-0.003782880026847124,-0.0003782880085054785,-0.11845261506207572,-0.1184526150620771,209.23423735588585,209.23423735588585,209.35268997094792,209.31153578399667,-0.07729842811082221,-0.6072241742754312,0.40481612279545515,0.1950722979753242,11.519180647733172,5.413732683616857,38.019109353610276,26.979009487711263,-0.3658943154128025,0.0,23.327045066804203,0.0463790568664848
P100_1100,420000,596,Z_mode_existing_controller,25.308388807189274,50.12493867516057,-28.524955297762972,0.4501720395906133,0.9399330615997314,False,False,-0.9399330615997314,-0.09399330615997314,-3.555622677830602,-3.5556226778306077,194.79826465334713,194.79826465334713,198.35388733117773,196.1961895594031,-1.3979249060559766,-3.7828466973797727,3.356570234581869,0.9399330615997328,-0.008381628431379795,-0.0008381628431379795,-0.15072367683659355,-0.15072367683658244,210.20599149820217,210.2059914982022,210.35671517503877,210.34865822967896,-0.14266673147676556,-0.6072241742754312,0.40481612279545515,0.248217517058561,10.733027703395367,4.696400048759951,39.94521013274456,28.49146825283783,-0.4553129981134134,0.0,28.89466825699037,0.0856000388860565
P100_1100,420000,597,Z_mode_existing_controller,25.29452418928382,50.127431327416645,-30.68722207398423,0.49895608960669274,0.9428302645683289,False,False,-0.9428302645683289,-0.09428302943706512,-3.5695927214568988,-3.569592721456902,197.19501132409977,197.19501132409977,200.76460404555667,198.7367012989113,-1.5416899748115327,-3.7860394842739313,3.35337744768771,0.9428302943706519,-0.007110824342817068,-0.0007110824226401746,-0.1425871399308512,-0.1425871399308415,210.87928774506392,210.87928774506392,211.02187488499476,211.03960909554067,-0.16032135047674956,-0.6072241742754312,0.40481612279545515,0.23481795681303905,8.354731258005474,4.162755570598979,36.50089732371441,27.835785914369225,-0.4916946952090284,0.0,31.08272395890708,0.09619281028605542
P100_1100,420000,598,Z_mode_existing_controller,25.315219705576233,50.12900443714024,-33.397249818984164,0.546189165605764,0.9465672969818115,False,False,-0.9465672969818115,-0.09465672820806503,-3.586724687644538,-3.5867246876445367,192.79005944234433,192.79005944234433,196.37678412998886,194.43481165667725,-1.6447522143329252,-3.7891914875407022,3.350225444420939,0.9465672820806498,-0.010820766910910606,-0.0010820766910910606,-0.1675748600013599,-0.1675748600013599,210.01441456223705,210.01441456223705,210.18198942223842,210.21708931253073,-0.20267475029368143,-0.6072241742754312,0.40481612279545515,0.2759686901486065,9.000715098379347,5.386006754045202,41.20438987929251,24.367313142661242,-0.5348250946263047,0.0,33.81047006343397,0.1216048501762117
P100_1100,420000,599,Z_mode_existing_controller,25.33261790572849,50.12830669007568,-35.13935462688187,0.5731579068633101,0.9406821727752686,False,False,-0.9406821727752686,-0.09406822174787521,-3.5673571182755257,-3.567357118275538,189.10157210326608,189.10157210326608,192.66892922154162,190.79945012759825,-1.6978780243321694,-3.792308445924358,3.3471084860372833,0.9406822174787555,-0.0034000221639871597,-0.0003400022105779499,-0.11775452305092249,-0.1177545230509322,209.23886942321894,209.23886942321894,209.35662394626988,209.40729374676357,-0.16842432354462744,-0.6072241742754312,0.40481612279545515,0.19392265334535225,10.00570469542236,4.296596662985748,40.60709862270109,24.053212651454263,-0.5627312970686127,0.0,35.601031329822945,0.1010545941267793
P100_1100,420000,600,Z_mode_existing_controller,25.322438945228154,50.127091002006,-36.40026210549968,0.5899940416118808,0.9376567602157593,False,False,-0.9376567602157593,-0.09376567602157593,-3.558720005614487,-3.5587200056144868,190.85339527082436,190.85339527082436,194.41211527643884,192.60770209631562,-1.7543068254912555,-3.795333384889807,3.344083547071835,0.937656760215759,-0.00671997619792819,-0.0006719976081512868,-0.13947090661995815,-0.13947090661995537,209.52603751718823,209.52603751718823,209.66550842380818,209.73110913990564,-0.20507162271741208,-0.6072241742754312,0.40481612279545515,0.22968602458289594,9.952565470819353,2.9237154623375052,41.279929063787414,22.305740981198408,-0.5828063953624216,0.0,36.86002552723221,0.12304297363044725
P100_1100,420000,601,Z_mode_existing_controller,25.3034626349971,50.12514038431388,-39.21652417691348,0.6000666572683768,0.9368960857391357,False,False,-0.9368960857391357,-0.09368961304426193,-3.558598479882481,-3.5585984798824812,194.34638153878393,194.34638153878393,197.9049800186664,196.14948322254602,-1.803101683762094,-3.7982849584417506,3.341131973519891,0.9368961304426193,-0.012837043963372707,-0.001283704419620335,-0.17997086778080568,-0.17997086778079666,210.1255920531701,210.1255920531701,210.3055629209509,210.38332425316986,-0.25773219999976504,-0.6072241742754312,0.40481612279545515,0.29638290997809247,12.670149627433522,4.021054594959785,44.269573082969934,27.156431832866875,-0.626143393202895,0.0,39.688028250116986,0.15463931999985903
P100_1100,420000,602,Omega_safe_one_step_QP,25.253762003947003,50.12771738600796,-82.916984746852,1.2353259583530516,0.9525356292724609,False,False,-0.9525356292724609,-0.09525356441736221,-5.2597840927106745,-5.259784092710682,202.14708302122372,202.14708302122372,207.4068671139344,205.70513923152848,-3.5580562103047555,-5.521876398939203,3.012791569810798,0.9525356441736234,-0.42761877179145813,-0.04276187717914581,-1.8668924635885813,-1.8668924635885702,210.62222996534396,210.62222996534396,212.48912242893255,212.5813089476069,-1.9590789822629517,-2.9464422048709182,3.703948420129082,0.6336090558648367,12.057196253348984,4.544274851279044,35.653236432830994,26.09887273004884,-1.319708684675355,0.0,83.06124604216893,1.175447389357771
P100_1100,420000,603,Omega_safe_one_step_QP,25.221951938372705,50.12997033928958,-79.13102776362575,1.2016679507904482,0.9732028245925903,False,False,-0.9732028245925903,-0.09732028096914291,-6.006716387575975,-6.006716387575967,207.90250311434832,207.90250311434832,213.9092195019243,211.4420019908644,-3.5394988765160917,-6.172111637738191,2.3625563310118096,0.9732028096914277,-0.43824994564056396,-0.043824996799230576,-2.0607957308796085,-2.0607957308796045,211.93210466794633,211.93210466794636,213.99290039882595,213.9586707772435,-2.0265661092971357,-3.096820001860262,3.5535706231397386,0.6654554445016769,9.609952344461345,5.017897313113516,41.13743737178695,25.659576665186332,-1.2590383073534834,0.0,79.17412640540078,1.2159396655782757
P100_1100,420000,604,Omega_safe_one_step_QP,25.239510824291326,50.13258746969782,-51.02702865610172,0.7853348355030506,0.9591883420944214,False,False,-0.9591883420944214,-0.09591883420944214,-5.609481887159062,-5.609481887159075,205.0601690313292,205.0601690313292,210.66965091848826,207.4362423909984,-2.376073359669192,-5.848154779394591,2.6865131893554115,0.9591883420944232,-0.30215758085250854,-0.030215758830308914,-1.3017126949603357,-1.3017126949603344,212.13536293770125,212.13536293770125,213.4370756326616,213.27454072696997,-1.1391777892687287,-3.041237525243823,3.609153099756177,0.42802072648237927,9.68239776153108,5.340123024837891,36.73611317987568,25.416254622942265,-0.8109252794337305,0.0,51.15444726197438,0.6835066735612401
P100_1100,420000,605,Omega_safe_one_step_QP,25.254604527217797,50.13429327470041,-30.648227765012052,0.4768961948195181,0.9553547501564026,False,False,-0.9553547501564026,-0.09553547948598862,-5.32453857430924,-5.324538574309244,202.59718940831684,202.59718940831684,207.92172798262607,204.11734379246352,-1.5201543841466787,-5.573362485808371,2.96130548294163,0.9553547948598867,-0.30070364475250244,-0.030070364475250244,-1.2471694165516696,-1.2471694165516585,211.68687252551896,211.68687252551896,212.93404194207062,212.6755212389678,-0.9886487134488391,-2.9909341561847276,3.6594564688152724,0.4169832404945227,9.776758624740868,5.93412536377804,41.4907141729226,24.89590260812708,-0.4811721591973921,0.0,30.536210696140188,0.5931892280693063
P100_1100,420000,606,Omega_safe_one_step_QP,25.272850220633106,50.13567850512505,-9.37416120522812,0.15111632057933083,0.935482382774353,False,False,-0.935482382774353,-0.0935482382774353,-4.898479599385083,-4.898479599385087,199.65276461240794,199.6527646124079,204.551244211793,200.31997319618418,-0.6672085837762722,-5.236314108725063,3.2983538600249385,0.9354823827743536,-0.06671693921089172,-0.006671694107353687,0.026339976046738794,0.02633997604674712,212.3061244523836,212.30612445238364,212.27978447633689,211.94826397109642,0.3578604812872186,-2.9255084096113544,3.724882215388646,0.00707135810574855,8.517036760510322,6.541712899783307,38.123721154992715,21.47514655518457,-0.14956601003310865,0.0,9.738443504033967,-0.21471628877233684
P100_1100,420000,607,Z_mode_existing_controller,25.310257676823092,50.133911876348854,29.903444457404476,-0.48612825857447134,0.9304440021514893,False,False,-0.9304440021514893,-0.09304440021514893,-3.5242519071353144,-3.5242519071353007,193.91123016873118,193.9112301687312,197.4354820758665,192.90709547022124,1.0041346985099722,-3.787709844962296,3.3517070869993457,0.9304440021514853,-0.007322513964027166,-0.0007322513847611845,-0.1427378185466996,-0.14273781854671277,210.5018066409642,210.50180664096416,210.64454445951088,210.2620047261696,0.2398019147945547,-0.6072241742754312,0.40481612279545515,0.2350661001219761,9.714407904395939,3.6745960508864757,42.110091575606376,25.77011626502186,0.4904966921957232,0.0,-30.25006000072335,-0.1438811488767442
P100_1100,420000,608,Z_mode_existing_controller,25.304234182811722,50.134488174348256,17.558610222380594,-0.28018476930012864,0.9348763227462769,False,False,-0.9348763227462769,-0.09348763525485992,-3.5438932331651465,-3.5438932331651567,194.79204505847852,194.7920450584785,198.33593829164366,194.31322990388122,0.478815154597271,-3.7907614450873797,3.348655486874262,0.9348763525486019,-0.012375077232718468,-0.0012375077931210399,-0.17670205259057437,-0.17670205259056188,210.69979913463408,210.69979913463408,210.87650118722465,210.57861307304904,0.12118606158503553,-0.6072241742754312,0.40481612279545515,0.290999700071907,10.500421743531785,4.746625170268058,37.61586318513838,20.41933263837241,0.2915987711353871,0.0,-17.77749735656471,-0.07271163695101279
P100_1100,420000,609,Z_mode_existing_controller,25.293522178619646,50.13186002626875,5.394629289378827,-0.08914534191313837,0.9514754414558411,False,False,-0.9514754414558411,-0.09514754265546799,-3.6096922003276544,-3.60969220032764,196.59136253843852,196.59136253843855,200.20105473876617,196.60799119389614,-0.016628655457594732,-3.7937839481556086,3.345632983806033,0.9514754265546759,-0.004441742319613695,-0.0004441742494236678,-0.1257569839340819,-0.1257569839340722,211.00435537971802,211.00435537971802,211.1301123636521,210.90532397017628,0.0990314095417375,-0.6072241742754312,0.40481612279545515,0.20710141206767899,7.891613625943207,6.428454123413051,36.23889720261947,22.031568958617157,0.09231350725597423,0.0,-5.427523950908835,-0.059418845725033975
P100_1100,420000,610,Z_mode_existing_controller,25.336100189318376,50.12970744909227,-2.1904442284048855,0.03523831944537125,0.9532405138015747,False,False,-0.9532405138015747,-0.09532405436038971,-3.6193125940468156,-3.6193125940468267,187.9316703006059,187.9316703006059,191.55098289465272,188.27582461893098,-0.3441543183250815,-3.7968512966972163,3.342565635264425,0.9532405436038999,0.025453899055719376,0.0025453900452703238,0.0723740408773238,0.07237404087731547,209.23782762557823,209.23782762557823,209.1654535847009,208.99432383464992,0.2435037909283153,-0.6072241742754312,0.40481612279545515,0.17878250593760198,11.468628216192418,4.79160362265949,42.026117927012535,26.169310378384054,-0.029781335694252675,0.0,2.3663278386566162,-0.14610227455699487
P100_1100,420000,611,Z_mode_existing_controller,25.30666374611498,50.13008328069795,-7.130016243711907,0.1145953184628218,0.9244816899299622,False,False,-0.9244816899299622,-0.0924481675028801,-3.512913786362192,-3.51291378636219,193.55910006565898,193.55910006565898,197.07201385202117,194.10574369680637,-0.5466436311473899,-3.7998738982606146,3.3395430337010272,0.9244816750288003,-0.009146524593234062,-0.0009146524826064706,-0.15423379559650757,-0.1542337955965145,210.21885305290408,210.21885305290405,210.37308684850058,210.2566439005959,-0.037790847691837826,-0.6072241742754312,0.40481612279545515,0.2539981149145678,10.098104852862644,3.504322590113193,32.374749952932895,25.761268889513804,-0.10825887739819251,0.0,7.2156006124942,0.022674508615111222
P100_1100,420000,612,Z_mode_existing_controller,25.28884773606176,50.12998017560198,-14.81253842955266,0.2373645147113915,0.9477676153182983,False,False,-0.9477676153182983,-0.09477676451206207,-3.6040454159276045,-3.6040454159276076,196.72485520373348,196.72485520373348,200.32890061966108,197.6006476773222,-0.8757924735887173,-3.802667704982612,3.33674922697903,0.9477676451206213,-0.004560861736536026,-0.0004560861852951348,-0.12617190749733345,-0.12617190749733692,210.9422444365024,210.9422444365024,211.06841634399973,210.99409325050163,-0.05184881399924279,-0.6072241742754312,0.40481612279545515,0.2077847240648666,9.490607886998193,4.836757253681793,43.00203195200253,24.695734296787517,-0.2333387659220385,0.0,15.014767907075111,0.031109288399548518
P100_1100,420000,613,Z_mode_existing_controller,25.298353678556868,50.1303510916482,-18.556347388665017,0.2985495327480757,0.9400268793106079,False,False,-0.9400268793106079,-0.09400268644094467,-3.5773201610806895,-3.577320161080682,194.60847905775407,194.60847905775407,198.18579921883475,195.6401502620301,-1.031671204276023,-3.805550986383852,3.333865945577789,0.9400268644094447,-0.007491768803447485,-0.0007491768919862807,-0.14483037883716368,-0.14483037883716715,210.4932097667043,210.4932097667043,210.63804014554145,210.5965555546201,-0.10334578791579929,-0.6072241742754312,0.40481612279545515,0.23851220846071497,9.701763689045988,4.923662631299121,41.065018503125046,27.5928316359978,-0.2934692196282427,0.0,18.787809135543284,0.06200747274947105
P100_1100,420000,614,Z_mode_existing_controller,25.30284067310751,50.13205819401842,-22.50716798563826,0.36129200882588514,0.9417380094528198,False,False,-0.9417380094528198,-0.09417380392551422,-3.5864539791336894,-3.586453979133677,193.43906527140723,193.43906527140726,197.02551925054092,194.6323330168214,-1.193267745414147,-3.8083350460923904,3.3310818858692506,0.941738039255139,-0.00841278862208128,-0.0008412788738496602,-0.1511130465226905,-0.1511130465226787,210.34292398138476,210.34292398138476,210.49403702790744,210.480672235085,-0.1377482537002379,-0.6072241742754312,0.40481612279545515,0.24885874595324534,10.080679114305667,6.3980751877935,41.316927548569126,26.45063144193754,-0.35699716263609815,0.0,22.781516196054326,0.0826489522201399
P100_1100,420000,615,Z_mode_existing_controller,25.312945878449828,50.13301960834462,-25.786124069358266,0.4204100167340954,0.9462936520576477,False,False,-0.9462936520576477,-0.09462936967611313,-3.6063997718692593,-3.606399771869258,191.1637634202273,191.1637634202273,194.77016319209656,192.5044297723688,-1.3406663521415112,-3.8110787213450155,3.3283382106166264,0.9462936967611307,-0.0059773544780910015,-0.0005977354594506323,-0.13541889638519766,-0.13541889638519072,209.9377135932327,209.9377135932327,210.0731324896179,210.08412916709463,-0.14641557386192972,-0.6072241742754312,0.40481612279545515,0.2230130191156816,9.636129223498168,4.169582701671308,41.916751268691556,25.439121802970714,-0.41044930101545773,0.0,26.108724026056734,0.08784934431716351
P100_1100,420000,616,Z_mode_existing_controller,25.309903617480725,50.132940211916036,-26.804193800707253,0.4552313160496465,0.944477379322052,False,False,-0.944477379322052,-0.09444773942232132,-3.6020478882892815,-3.602047888289285,191.51892089761148,191.51892089761148,195.12096878590077,192.95399202796037,-1.435071130348888,-3.8138000023301686,3.3256169296314733,0.944477394223214,-0.006474516354501247,-0.0006474516703747213,-0.13853295279267902,-0.13853295279266792,210.01045438913732,210.01045438913732,210.14898734193,210.1795006786486,-0.16904628951127165,-0.6072241742754312,0.40481612279545515,0.22814136633801188,7.134252109104187,5.266163120827592,41.20449642594071,29.130808199782557,-0.4285496042297554,0.0,27.13131563123079,0.10142777370677436
P100_1100,420000,617,Omega_safe_one_step_QP,25.35394313943733,50.13437886277338,-17.496673707604714,0.27691061498093195,0.9035130739212036,False,False,-0.9035130739212036,-0.09035130590200424,-3.071021079003296,-3.0710210790032946,183.10686280569934,183.10686280569934,186.17788388470262,184.06541301338885,-0.9585502076895125,-3.398978076016026,5.135689892733976,0.9035130590200414,-0.07539494335651398,-0.007539494428783655,0.3255038799805668,0.3255038799805557,208.65239093194882,208.6523909319488,208.32688705196824,208.36808067778185,0.28431025416693956,-2.530218667174488,4.120171957825512,0.079002498757927,13.561985354528138,6.031187249737338,40.48389867964204,21.543274446161536,-0.27696916704564245,0.0,17.944229027150868,-0.17058615250016373
P100_1100,420000,618,Z_mode_existing_controller,25.300618821181097,50.131590397764036,-21.062431300342723,0.3464204012107929,0.9436699748039246,False,False,-0.9436699748039246,-0.09436699748039246,-3.5985536314642705,-3.59855363146428,193.4095300865277,193.4095300865277,197.00808371799198,194.5695765672772,-1.1600464807495143,-3.813360314035611,3.3260566179260307,0.9436699748039269,-0.01715277135372162,-0.001715277205221355,-0.20928434337810775,-0.20928434337810012,210.25493171818877,210.25493171818877,210.46421606156687,210.45279892334324,-0.19786720515446632,-0.6072241742754312,0.40481612279545515,0.34465746300009903,8.635141094205231,5.266710094835364,40.023014620467116,26.218965911759696,-0.33381123870649265,0.0,21.277522215956196,0.11872032309268832
P100_1100,420000,619,Z_mode_existing_controller,25.322830209537177,50.13191575665543,-23.52512644464241,0.38476797125157575,0.9359297156333923,False,False,-0.9359297156333923,-0.09359297156333923,-3.5715311955400204,-3.571531195540032,188.80935814727616,188.80935814727616,192.38088934281618,190.0551909148935,-1.245832767617344,-3.816025002607146,3.323391929354496,0.9359297156333951,-0.005540632642805576,-0.0005540632992051542,-0.13147307209940146,-0.1314730720994084,209.3683394680764,209.3683394680764,209.4998125401758,209.50931301084424,-0.14097354276782426,-0.6072241742754312,0.40481612279545515,0.21651488473147223,10.020220637288324,5.842488572003993,36.71342538028153,25.15049561800418,-0.37328978551961,0.0,23.81383210450167,0.0845841256606974
P100_1100,420000,620,Z_mode_existing_controller,25.32359493159769,50.13101428169448,-24.656506575398453,0.42112077074467313,0.9311721324920654,False,False,-0.9311721324920654,-0.09311721473932266,-3.5557689114976934,-3.5557689114976836,188.44903909800468,188.44903909800468,192.00480800950237,189.7875247482841,-1.3384856502794378,-3.8185945761499696,3.3208223558116723,0.9311721473932236,-0.012278963811695576,-0.0012278964277356863,-0.17568961211436862,-0.17568961211437417,209.1969544392211,209.1969544392211,209.37264405133547,209.40334959078868,-0.20639515156759103,-0.6072241742754312,0.40481612279545515,0.289332374364073,7.5336121850936095,5.276003660817439,45.67207397986634,27.74598439595248,-0.3928547364064767,0.0,24.925524220864645,0.12383709094055462
P100_1100,420000,621,Omega_safe_one_step_QP,25.360479676481003,50.131538584667354,-11.873642444570578,0.20321284424156041,0.9079833626747131,False,False,-0.9079833626747131,-0.09079834073781967,-2.9337118112153364,-2.9337118112153338,181.56458318881994,181.56458318881994,184.49829500003528,182.34069031009273,-0.776107121272787,-3.2310191875492897,5.303648781200712,0.9079834073781957,-0.09904530644416809,-0.009904530830681324,0.25331326653537795,0.25331326653536684,208.05748714670818,208.05748714670818,207.8041738801728,207.84637148067074,0.21111566603744336,-2.4779473499949467,4.172443275005054,0.06071101506707962,9.15946003983078,4.282701673827979,41.321712272247275,27.172474429451974,-0.1879925174945285,0.0,12.188304361688097,-0.1266693996224717
P100_1100,420000,622,Omega_safe_one_step_QP,25.35801018138678,50.1308518155768,-6.565146708571774,0.11204535257819778,0.9187408089637756,False,False,-0.9187408089637756,-0.09187408536672592,-3.0408986886728897,-3.0408986886728813,182.2457509578272,182.2457509578272,185.28664964650008,182.77749764232027,-0.531746684493072,-3.30985465219577,5.22481331655423,0.9187408536672563,-0.2475426197052002,-0.02475426159799099,-0.5215557366807579,-0.5215557366807468,207.3957138415345,207.39571384153453,207.91726957821527,207.89941063809903,-0.5036967965644976,-2.489256919799193,4.1611337052008075,0.20952266217776366,9.218627039888432,4.959389814744545,38.842122662016045,28.324051406590556,-0.09472942665497186,0.0,6.3576580572889725,0.30221807793869004
P100_1100,420000,623,Omega_safe_one_step_QP,25.359444701708078,50.13082397587917,-0.9643727338216195,0.01633334829037505,0.9439316391944885,False,False,-0.9439316391944885,-0.09439316391944885,-3.1247588479399235,-3.124758847939918,182.16700049694552,182.16700049694552,185.29175934488543,182.47734645140486,-0.3103459544593363,-3.310365622034306,5.224302346715695,0.9439316391944865,-0.13024413585662842,-0.013024413958191872,0.11208487379356646,0.11208487379355397,208.01325730861828,208.01325730861825,207.9011724348247,207.8295328983738,0.18372441024445152,-2.4876472054601346,4.162743419539866,0.026925722413596035,9.758902329295431,6.004175642895475,42.09364256526327,25.679484129142352,-0.010033355161340296,0.0,1.0846407351300513,-0.11023464614666523
P100_1100,420000,624,Omega_safe_one_step_QP,25.361984432677787,50.12954757728665,5.901330983136177,-0.10323614409693996,0.9364790916442871,False,False,-0.9364790916442871,-0.09364791214466095,-3.0810003913674917,-3.081000391367497,182.00693275403185,182.00693275403185,185.08793314539935,182.01561499708987,-0.008682243058018457,-3.289983002085697,5.244684966664304,0.9364791214466109,-0.1693384051322937,-0.01693384163081646,-0.08542744076932424,-0.08542744076932424,207.6834399281225,207.6834399281225,207.76886736889185,207.6524906367873,0.03094929133521873,-2.4744166988668486,4.175973926133152,0.03452427426974829,7.95064651204555,6.483593739704409,41.05077681312638,25.825999921216432,0.10160790253124663,0.0,-5.984369310866896,-0.01856957480113408
P100_1100,420000,625,Omega_safe_one_step_QP,25.39401844756978,50.12780890499015,27.25395033222958,-0.47286768327987566,0.9823300242424011,False,False,-0.9823300242424011,-0.09823300689458847,-2.363123355905092,-2.3631233559050777,176.70635654936854,176.70635654936854,179.06947990527362,175.76858154212346,0.9377750072450795,-2.6881376780731236,5.846530290676877,0.879093126509421,-0.6629717946052551,-0.06629718095064163,-2.2931088923338616,-2.2931088923338727,204.0751596512314,204.0751596512314,206.36826854356525,206.21030202712083,-2.135142375889444,-2.334356816334191,4.316033808665809,0.9823300689458894,9.96477151118087,5.279794785957801,39.80110098726207,26.308845433014667,0.4710600032009289,0.0,-29.006095760963944,1.2810854255336608
P100_1100,420000,626,Omega_safe_one_step_QP,25.38209350174893,50.12603008095389,18.02634365346421,-0.3083155589847422,0.9526846408843994,False,False,-0.9526846408843994,-0.09526846557855606,-2.8126907608018974,-2.812690760801892,178.8992505374814,178.8992505374814,181.7119412982833,178.373028725401,0.5262218120803936,-2.9523838173740926,5.582284151375908,0.9526846557855589,-0.4369097650051117,-0.04369097575545311,-1.3747102586677273,-1.3747102586677356,205.4406889785504,205.4406889785504,206.81539923721814,206.64378988649577,-1.2031009079453554,-2.37906988569948,4.271320739300521,0.5778351728677997,10.176327101578966,6.048351467497019,40.14212020958273,22.18292171918889,0.3121480246601287,0.0,-19.060352222892107,0.7218605447672104
P100_1100,420000,627,Omega_safe_one_step_QP,25.37534958491781,50.122173852297514,21.57153139492766,-0.3681030509596266,0.8922736644744873,False,False,-0.8922736644744873,-0.08922737091779709,-2.780677667058716,-2.7806776670587245,180.57137928080638,180.57137928080638,183.3520569478651,179.91445272296454,0.6569265578418424,-3.116395382332273,5.418272586417727,0.892273709177973,-0.24602976441383362,-0.02460297755897045,-0.4476361269386414,-0.44763612693863447,206.4815575905517,206.4815575905517,206.92919371749034,206.73605271478957,-0.25449512423787723,-2.390449333726697,4.259941291273303,0.187260244600446,9.934853167728539,4.055446343469216,45.79371694982668,26.393116421507777,0.3602484274761508,0.0,-22.0844768969464,0.15269707454272918
P100_1100,420000,628,Omega_safe_one_step_QP,25.35927124918622,50.12144569946053,15.727132221380998,-0.25379745090410316,0.9055145978927612,False,False,-0.9055145978927612,-0.09055145829916,-3.1332728844147493,-3.133272884414759,183.6569552999271,183.65695529992706,186.79022818434183,183.2732820871428,0.3836732127842595,-3.460212505979945,5.0744554627700555,0.9055145829916029,-0.22074736654758453,-0.022074736654758453,-0.3649339870778978,-0.36493398707788394,207.24213652482305,207.24213652482308,207.60707051190096,207.3970068846369,-0.15487035981382746,-2.4582370131677616,4.192153611832239,0.14845354012777576,12.509407786420468,3.1992760864914636,39.974755887817025,24.55500451003919,0.26613957986675985,0.0,-16.086194017135313,0.09292221588829364
P100_1100,420000,629,Z_mode_existing_controller,25.292290267103823,50.12029997536146,6.432323288547195,-0.10211190345450748,0.9438544511795044,False,False,-0.9438544511795044,-0.09438544511795044,-3.584081060444048,-3.5840810604440456,196.67885719942862,196.67885719942862,200.26293825987267,196.66370789402563,0.015149305402985647,-3.797281515137359,3.342135416824283,0.9438544511795035,-0.015381895937025547,-0.0015381895937025547,-0.19755608920363418,-0.1975560892036321,210.20679418533098,210.20679418533098,210.4043502745346,210.17895209797135,0.02784208735963034,-0.6072241742754312,0.40481612279545515,0.3253429253526763,10.276544954326937,6.212505328010513,43.0664324835088,26.268017953260816,0.11169471428195976,0.0,-6.52731275041333,-0.016705252415775362
P100_1100,420000,630,Z_mode_existing_controller,25.301397927087756,50.12188201567632,-2.60048965758142,0.04140756146398958,0.9515668749809265,False,False,-0.9515668749809265,-0.09515669196844101,-3.6161899088657106,-3.6161899088656995,194.56030975198425,194.56030975198428,198.17649966084997,194.92172311991305,-0.3614133679287761,-3.800247606405896,3.3391693255557455,0.9515669196844071,-0.008796211332082748,-0.0008796211332082748,-0.15465116298963716,-0.1546511629896427,209.90122986190656,209.90122986190656,210.0558810248962,209.88967854262495,0.01155131928160813,-0.6072241742754312,0.40481612279545515,0.254685451504265,10.482694689295219,5.01515343177621,37.01887371283126,22.687118334079244,-0.03475304916284827,0.0,2.642173498313241,-0.006930791568976247
P100_1100,420000,631,Z_mode_existing_controller,25.29292816223642,50.12056392408692,-8.89691398360992,0.1438819154248517,0.9462337493896484,False,False,-0.9462337493896484,-0.0946233794093132,-3.598722272143853,-3.598722272143859,195.9913129344053,195.9913129344053,199.59003520654915,196.62276030049279,-0.6314473660874853,-3.8032062420607797,3.336210689900862,0.9462337940931332,-0.008087233640253544,-0.0008087233873084188,-0.14940850041397918,-0.14940850041397502,210.13886279594928,210.13886279594928,210.28827129636326,210.17249117469697,-0.03362837874769298,-0.6072241742754312,0.40481612279545515,0.24605163421277876,9.159035076714654,5.156659556708473,39.393502331641976,26.40263332386957,-0.13755212940862904,0.0,9.014289085769633,0.02017702724860726
P100_1100,420000,632,Z_mode_existing_controller,25.308175006104083,50.12152300272916,-14.28954750666071,0.23262510203861533,0.9474433064460754,False,False,-0.9474433064460754,-0.09474433213472366,-3.606044027862286,-3.6060440278623,192.70319939892846,192.70319939892843,196.30924342679074,193.56102393555864,-0.8578245366302042,-3.8060788931781135,3.333338038783528,0.9474433213472402,-0.00852327048778534,-0.0008523270371370018,-0.15242331254652353,-0.15242331254653602,209.49624975280307,209.49624975280304,209.64867306534958,209.57134649861783,-0.07509674581478976,-0.6072241742754312,0.40481612279545515,0.251016542166515,9.475384066112841,7.575592310907508,35.7619238751982,27.866417026774297,-0.22450080030969488,0.0,14.468990259480961,0.04505804748886533
P100_1100,420000,633,Omega_safe_one_step_QP,25.33363228742631,50.122677265431115,-17.38653860571776,0.28800852160632673,0.9198987483978271,False,False,-0.9198987483978271,-0.09198987483978271,-3.571904881525932,-3.5719048815259433,187.4455247069024,187.4455247069024,191.01742958842834,188.45411886491186,-1.0085941580094584,-3.8829326463885976,4.651735322361404,0.9198987483978296,-0.007146315183490515,-0.0007146315183490515,0.6698080320254235,0.6698080320254249,209.26043558278155,209.26043558278155,208.59062755075612,208.5466081267142,0.7138274560673494,-2.556592717053278,4.093797907946723,0.1636153144553666,9.623349321065879,3.304879938589915,37.928628811470766,22.872596944367622,-0.2823590263389839,0.0,18.09719410569687,-0.42829647364041534
P100_1100,420000,634,Z_mode_existing_controller,25.319387415936063,50.120198449216645,-9.517692286489364,0.14722719184554867,0.9362265467643738,False,False,-0.9362265467643738,-0.09362265467643738,-3.5632439136275824,-3.5632439136275966,190.56226240215864,190.56226240215864,194.12550631578623,191.19630229415603,-0.6340398919973893,-3.8059633386195446,3.3334535933420972,0.9362265467643773,-0.009412309154868126,-0.0009412309154868126,-0.15718547680971667,-0.1571854768097139,208.93978510569033,208.93978510569036,209.09697058250006,208.99220984758801,-0.05242474189765289,-0.6072241742754312,0.40481612279545515,0.25885905645518,13.199985541303493,5.098145048937597,42.238580021632636,23.45598623193674,-0.14441720300591498,0.0,9.630654644356582,0.03145484513859742
P100_1100,420000,635,Omega_safe_one_step_QP,25.268655787701874,50.119913393068416,-47.24459814842521,0.7443974326787963,0.9491371512413025,False,False,-0.9491371512413025,-0.09491371363401413,-4.905915723103138,-4.90591572310314,198.97035273885587,198.97035273885587,203.876268461959,201.20549556877535,-2.235142829919482,-5.168816533741663,3.365851435008338,0.9491371363401419,-0.2525293231010437,-0.0252529326826334,-0.8307386269448089,-0.8307386269448082,210.33805451230864,210.33805451230864,211.16879313925347,211.1114088084701,-0.7733542961614432,-2.8144092759030106,3.83598134909699,0.29517335451442595,9.665535441387256,4.681530306735103,38.58132953148983,21.209756567075523,-0.7528053248714279,0.0,47.53339089559995,0.4640125776968631
P100_1100,420000,636,Omega_safe_one_step_QP,25.274467933670525,50.11831260722945,-30.701441825680376,0.4980370104208062,0.9504199624061584,False,False,-0.9504199624061584,-0.09504199773073196,-4.831127988345534,-4.831127988345535,198.1884822982499,198.1884822982499,203.01961028659545,199.7821773569458,-1.5936950586958858,-5.083150716205307,3.451517252544694,0.9504199773073199,-0.10394510626792908,-0.010394510813057423,-0.02847932708997733,-0.028479327089974554,210.85035128176855,210.85035128176855,210.87883060885852,210.7262888868775,0.1240623948910411,-2.785413022863518,3.8649776021364826,0.010224453916244223,8.255541421421292,3.5373587875455006,38.643145876310015,26.29295246377483,-0.493771257518522,0.0,31.269650520132927,-0.07443743693463034
P100_1100,420000,637,Z_mode_existing_controller,25.294005311591302,50.11923738518065,9.609803611610005,-0.14740275185829718,0.9425337314605713,False,False,-0.9425337314605713,-0.09425337612628937,-3.584368912238181,-3.5843689122381743,195.83770380999616,195.83770380999616,199.42207272223433,195.71405228252087,0.12365152747528896,-3.802907714876455,3.3365092170851867,0.9425337612628918,-0.009569084271788597,-0.0009569084504619241,-0.15886374540893256,-0.15886374540893672,209.9899998144202,209.98999981442017,210.14886355982912,209.91695145500458,0.07304835941559418,-0.6072241742754312,0.40481612279545515,0.26162289338776823,12.622234525074779,5.954303468897274,41.70990498593963,22.48746841627862,0.1648792250478479,0.0,-9.730853821008168,-0.04382901564935082
P100_1100,420000,638,Omega_safe_one_step_QP,25.265451997852217,50.11901022282485,-33.561436329478965,0.5249859450931195,0.9481626152992249,False,False,-0.9481626152992249,-0.09481626003980637,-4.987628527968481,-4.987628527968483,199.80356741920312,199.8035674192031,204.7911959471716,201.47147286440276,-1.6679054451996649,-5.26030928226292,3.2743586864870813,0.9481626003980639,-0.15425314009189606,-0.01542531419545412,-0.3306185217390796,-0.3306185217390817,210.95787152697173,210.95787152697173,211.2884900487108,211.12423404344506,-0.16636251647332756,-2.826378966848746,3.8240116581512544,0.11697600555940409,10.043278497563719,5.637577442845508,37.2112470351198,23.723745548861125,-0.5360216542725169,0.0,33.99764047386816,0.09981750988399085
P100_1100,420000,639,Omega_safe_one_step_QP,25.273468491278194,50.119035545578114,-19.09061829037273,0.3124553164463579,0.9549850225448608,False,False,-0.9549850225448608,-0.09549850225448608,-4.897852246953679,-4.897852246953681,198.57746618806337,198.57746618806337,203.47531843501704,199.69000161453738,-1.112535426474011,-5.128721531047468,3.405946437702533,0.9549850225448612,-0.039970070123672485,-0.003997006919234991,0.2962488944930425,0.296248894493057,211.29039152143386,211.2903915214339,210.99414262694083,210.7520827730893,0.5383087483445763,-2.796944224671748,3.8534464003282523,0.07687894516135513,7.766732087436411,5.1170920055748566,42.99554589824004,23.400390380144657,-0.30947479718609294,0.0,19.723078336565777,-0.3229852490067344
P100_1100,420000,640,Z_mode_existing_controller,25.312991201849705,50.118386500370974,20.456415321130407,-0.3468828578676409,0.9353229999542236,False,False,-0.9353229999542236,-0.09353230148553848,-3.5542898616750764,-3.554289861675086,192.39673023472056,192.39673023472056,195.95102009639564,191.77014015348732,0.6265900812332461,-3.800066720505775,3.3393502114558657,0.9353230148553874,0.0016954822931438684,0.00016954823513515294,-0.08341164729481626,-0.08341164729483014,209.25177462540327,209.25177462540324,209.33518627269808,209.0259404372583,0.22583418814494394,-0.6072241742754312,0.40481612279545515,0.13736549173846857,7.477784032188781,4.995637575430053,38.59080435706852,21.172677391567536,0.3358099781258401,0.0,-20.656724786369523,-0.13550051288696352
P100_1100,420000,641,Omega_safe_one_step_QP,25.35006476876133,50.115167019891146,15.077886379335723,-0.25706101226717437,0.9480272531509399,False,False,-0.9480272531509399,-0.09480272978544235,-3.434586288758143,-3.4345862887581347,184.98228679347747,184.98228679347747,188.4168730822356,184.63402973283246,0.34825706064501105,-3.622876995769323,4.911790972980678,0.9480272978544212,0.05424070730805397,0.00542407063767314,1.1101639531278475,1.110163953127856,208.65712709737107,208.65712709737107,207.54696314424322,207.3035401663977,1.3535869309733641,-2.4522262764019866,4.198164348598014,0.2644403269963925,8.83384008328683,6.007853223336442,41.70756662123935,24.536414228743208,0.2384260109458829,0.0,-14.504160231696915,-0.8121521585840128
P100_1100,420000,642,Omega_safe_one_step_QP,25.368498169792133,50.113376573767766,26.259955336172425,-0.46427029540726944,0.9362766742706299,False,False,-0.9362766742706299,-0.09362766891717911,-3.078047251286166,-3.078047251286163,181.98545784453606,181.98545784453606,185.06350509582222,181.1352705487184,0.8501872958176477,-3.2875401971279845,5.247127771622017,0.93627668917179,0.0644163191318512,0.006441631820052862,1.2309760733107868,1.230976073310798,207.94420633640595,207.94420633640595,206.71323026309517,206.44447278125375,1.4997335551522042,-2.3688529882871805,4.2815376367128195,0.2875079417159786,7.528830061509245,4.268176638530521,40.22759752122004,25.4023942740303,0.4176374808035792,0.0,-25.77775268388541,-0.8998401330913168
P100_1100,420000,643,Omega_safe_one_step_QP,25.392527802143267,50.11123413115542,43.83216216475739,-0.734962990797518,0.8841699361801147,False,False,-0.8841699361801147,-0.08841699361801147,-2.5126126946908327,-2.51261269469083,178.0932480562428,178.0932480562428,180.60586075093363,176.5977501555281,1.495497900714696,-2.841775762639125,5.6928922061108755,0.8841699361801141,0.03585628792643547,0.0035856289323419333,1.1287043777664874,1.1287043777664805,206.75229244343313,206.7522924434331,205.62358806566664,205.33928044182045,1.4130120016126568,-2.259888768544328,4.390501856455672,0.2570786699718313,11.83617920730411,4.0660470941909805,41.040136367232044,28.587476784200714,0.7070324501651086,0.0,-43.691387413955454,-0.8478072009675941
P100_1100,420000,644,Omega_safe_one_step_QP,25.34131737855288,50.11152505617171,13.8843935341838,-0.23860187389336088,0.9194777607917786,False,False,-0.9194777607917786,-0.0919477790594101,-3.5638076203579816,-3.5638076203579887,187.3833352201443,187.3833352201443,190.94714284050227,187.04163008007797,0.341705140066324,-3.8759039715959895,4.658763997154011,0.9194777905941028,-0.1335122436285019,-0.01335122436285019,0.08067522529344451,0.0806752252934334,207.91554127582268,207.91554127582268,207.83486605052923,207.56664821819305,0.3488930576296241,-2.4810165670305895,4.16937405796941,0.01934948128226333,7.789374988285641,4.296416405820549,40.6157605701119,23.989976059625718,0.22785938872451594,0.0,-13.902917088330469,-0.2093358345777716
P100_1100,420000,645,Omega_safe_one_step_QP,25.36565751999871,50.109464768511515,28.822389459567603,-0.5115428323217825,0.8903427124023438,False,False,-0.8903427124023438,-0.08903427422046661,-3.047566811932101,-3.047566811932101,183.3696782763637,183.3696782763637,186.4172450882958,182.3629969817069,1.0066812946567723,-3.422914196375341,5.11175377237466,0.8903427422046658,-0.10978981107473373,-0.010978980921208858,0.27759817300289785,0.2775981730028951,207.0124747674095,207.0124747674095,206.7348765944066,206.43856529444733,0.573909472962157,-2.371017621418324,4.279373003581676,0.0648688891504797,7.004884094862891,5.206633786310297,32.19080395206976,23.501145773028185,0.4677302205210996,0.0,-28.94577399631089,-0.34434568377729136
P100_1100,420000,646,Omega_safe_one_step_QP,25.402644086691456,50.10587043053006,48.794377656596225,-0.8315376390657733,0.8748272657394409,False,False,-0.8748272657394409,-0.08748272806406021,-2.381220370422868,-2.3812203704228625,177.02620276296966,177.0262027629697,179.40742313339254,175.303793867143,1.7224088958266748,-2.7219320008850176,5.812735967864984,0.8748272806405982,0.06956659257411957,0.006956659257411957,1.3474142752812168,1.34741427528121,206.36459936570418,206.36459936570418,205.01718509042297,204.70854697445807,1.6560523912461065,-2.199248471019962,4.451142153980038,0.302712029557718,11.149256134758533,4.148286136192348,34.981353513051346,25.899689194940233,0.7844947725288023,0.0,-48.58524099437818,-0.9936314347476696
P100_1100,420000,647,Omega_safe_one_step_QP,25.3600251959562,50.10371424250604,21.62106350130125,-0.3603313131012914,0.9185919761657715,False,False,-0.9185919761657715,-0.09185919910669327,-3.296001345208381,-3.296001345208384,184.77311726021273,184.7731172602127,188.0691186054211,184.1067569497164,0.6663603104962874,-3.5881015480878706,4.94656642066213,0.9185919910669337,-0.28207704424858093,-0.028207704424858093,-0.592483691223046,-0.5924836912230571,206.13706983627088,206.13706983627085,206.72955352749392,206.44346997604055,-0.3064001397696927,-2.3704853147270564,4.279905310272944,0.24994193701270712,10.31534026329441,5.5056987877464225,40.548676794593774,24.909106942720072,0.3614890453515507,0.0,-22.166392630514565,0.18384008386180994
P100_1100,420000,648,Omega_safe_one_step_QP,25.351651882915395,50.10250246305091,22.89215018561572,-0.3817123147580798,0.8747856616973877,False,False,-0.8747856616973877,-0.08747857064008713,-3.3045740828561194,-3.3045740828561336,186.65934154841003,186.65934154841,189.96391563126613,185.95445351310767,0.7048880353023321,-3.777581250672376,4.757086718077625,0.8747857064008746,-0.08250490576028824,-0.008250490762293339,0.3772325710681937,0.3772325710682048,207.42831659760515,207.42831659760517,207.05108402653696,206.7537714012731,0.6745451963320761,-2.402638364631362,4.247752260368638,0.08880757349899378,9.827292616900221,4.44990440675222,39.885827890024906,24.23792655075545,0.37216832284761026,0.0,-22.85959139066381,-0.40472711779924
P100_1100,420000,649,Z_mode_existing_controller,25.343382976999898,50.100980028892266,20.714675459272257,-0.3395919838829279,0.9080045819282532,False,False,-0.9080045819282532,-0.0908004567027092,-3.43397152884621,-3.4339715288462034,188.4032111307151,188.4032111307151,191.8371826595613,187.78241893342198,0.6207921972931274,-3.781887948085344,3.3575289838762976,0.9080045670270902,-0.012615648098289967,-0.0012615647865459323,-0.1755783155450108,-0.17557831554499553,207.17474128737007,207.17474128737007,207.35031960291508,207.0434941375263,0.13124714984377306,-0.6072241742754312,0.40481612279545515,0.2891490869158889,10.415563048638072,4.465551047736864,42.46431517295963,22.232709238799835,0.3424275671435666,0.0,-20.978354736509573,-0.07874828990625815
P100_1100,420000,650,Z_mode_existing_controller,25.328269938484524,50.0989039293672,9.246242803314999,-0.14919862824816993,0.9139525890350342,False,False,-0.9139525890350342,-0.09139525890350342,-3.459247507599341,-3.459247507599351,191.1022754920526,191.1022754920526,194.56152299965194,190.9588298322928,0.14344565975980572,-3.784931022791533,3.354485909170109,0.9139525890350367,-0.005906740203499794,-0.000590674055274576,-0.13167743512894625,-0.1316774351289407,207.6875776265403,207.6875776265403,207.81925506166925,207.58914056818836,0.09843705835194783,-0.6072241742754312,0.40481612279545515,0.21685143758656264,10.611258318281227,6.375233052549049,36.82563259789632,26.256350529246824,0.15652188602623696,0.0,-9.343702454330924,-0.059062235011168696
P100_1100,420000,651,Z_mode_existing_controller,25.326863891833188,50.09926339864628,-0.41910558451036195,0.006966622471732999,0.920139491558075,False,False,-0.920139491558075,-0.09201394766569138,-3.4854462784502993,-3.4854462784503104,191.07141260001904,191.07141260001904,194.55685887846934,191.32847870022786,-0.25706610020881726,-3.787954290488392,3.35146264147325,0.9201394766569164,-0.006289458833634853,-0.0006289458833634853,-0.13484229527648967,-0.13484229527649383,207.71053560383768,207.71053560383768,207.84537789911417,207.6796916422759,0.030843961561771494,-0.6072241742754312,0.40481612279545515,0.22206345035158404,8.739428263331401,6.724474189150844,36.04489719509096,25.416595802300463,-0.001131771085203681,0.0,0.43874373253220256,-0.01850637693706858
P100_1100,420000,652,Omega_safe_one_step_QP,25.354936353823728,50.09860235576964,1.4777486715393024,-0.025218417112923466,0.8573102355003357,False,False,-0.8573102355003357,-0.08573102205991745,-3.1348779538467224,-3.1348779538467095,185.6196614328897,185.6196614328897,188.7545393867364,185.81146612528204,-0.19180469239233844,-3.6566436262194038,4.878024342530598,0.857310220599171,-0.05315843224525452,-0.005315843503922224,0.554849282298242,0.5548492822982365,207.12933575278376,207.12933575278376,206.5744864704855,206.45790109532987,0.6714346574538865,-2.3549786090262175,4.295412015973783,0.1291725404303155,8.478588066759773,3.5144744178205167,40.86105745901915,25.581602752353675,0.023257840286902365,0.0,-1.098145717353873,-0.4028607944723319
P100_1100,420000,653,Omega_safe_one_step_QP,25.361286985773305,50.097451162641626,5.900608522069888,-0.09894907848770669,0.8906152248382568,False,False,-0.8906152248382568,-0.08906152099370956,-3.1674900954273055,-3.167490095427297,184.58580504566538,184.58580504566538,187.75329514109268,184.59099656187453,-0.005191516209151814,-3.5565192016550307,4.978148767094971,0.8906152099370929,-0.07639703899621964,-0.007639703806489706,0.4922667331332564,0.49226673313325225,206.77296458862423,206.77296458862423,206.28069785549098,206.12614544618145,0.64681914244278,-2.325599747526763,4.324790877473237,0.11382440147507421,9.829141556109557,5.026872290654623,45.294004964214075,28.691433892282134,0.0962548214583947,0.0,-5.608771858062937,-0.3880914854656652
P100_1100,420000,654,Omega_safe_one_step_QP,25.358049740538476,50.09868768509322,5.758903658777854,-0.09939805829147212,0.9134193658828735,False,False,-0.9134193658828735,-0.09134193509817123,-3.3267863612312056,-3.3267863612312114,185.28255480316315,185.28255480316315,188.60934116439435,185.27799577546722,0.004559027695933082,-3.6421238039851986,4.892544164764803,0.913419350981714,-0.13945890963077545,-0.01394589152187109,0.16458784356726958,0.16458784356727235,206.6856428045764,206.6856428045764,206.52105496100913,206.33724453784433,0.34839826673206176,-2.3496354580785765,4.300755166921424,0.03826952178844628,7.937161350331749,5.58822913560563,36.26578412606251,21.595398417122613,0.09555922264531524,0.0,-5.6454239213835535,-0.20903896003923705
P100_1100,420000,655,Omega_safe_one_step_QP,25.38557141596866,50.09469127300732,25.13939997086254,-0.43756178844646476,0.8630439639091492,False,False,-0.8630439639091492,-0.08630439639091492,-2.698778214007072,-2.6987782140070777,180.75978536057988,180.75978536057985,183.45856357458695,179.9426264325527,0.8171589280271689,-3.1270460450044557,5.407621923745546,0.8630439639091506,-0.02550094574689865,-0.002550094621255994,0.8250389807535702,0.8250389807535619,206.00277397413578,206.00277397413578,205.17773499338222,204.96078544330322,1.0419885308325547,-2.2153034613158864,4.4350871636841145,0.18602542640181685,8.731285700311643,5.393563957639578,42.36269426236242,29.374984315716482,0.40414223661276516,0.0,-24.918349088975447,-0.6251931184995385
P100_1100,420000,656,Omega_safe_one_step_QP,25.39789135454404,50.09524016580713,27.91793233266344,-0.47824242531445577,0.8992890119552612,False,False,-0.8992890119552612,-0.08992890268564224,-2.6131969181799803,-2.613196918179966,178.63338284890233,178.63338284890233,181.2465797670823,177.6898268817675,0.9435559671348415,-2.9058476642539923,5.628820304496009,0.8992890268564173,-0.2975069582462311,-0.029750695452094078,-0.5109010651761781,-0.5109010651761905,204.2127005466346,204.21270054663458,204.72360161181078,204.49778171745857,-0.285081170823986,-2.1698901231587424,4.4805005018412585,0.23545020078365256,10.23326460994424,3.9044234424573183,41.3153756194868,25.900235615013777,0.4631396777990098,0.0,-28.55212071295682,0.17104870249438875
P100_1100,420000,657,Omega_safe_one_step_QP,25.37232908175574,50.09373172458998,15.425954968863152,-0.2575949673794886,0.9118832945823669,False,False,-0.9118832945823669,-0.09118833392858505,-3.13088184230302,-3.1308818423030056,183.3914579923321,183.3914579923321,186.52233983463512,182.9719839348356,0.419474057496501,-3.433423671009274,5.1012442977407275,0.9118833392858463,-0.2742268145084381,-0.02742268145084381,-0.46872446405090556,-0.4687244640508986,205.28188271058525,205.28188271058525,205.75060717463614,205.52222793251894,-0.24034522193369412,-2.27259067944128,4.377799945558721,0.20625116009282204,10.456764232766286,3.5127984709279705,38.264478776370225,27.096701632774327,0.25984434424386293,0.0,-15.830006446267362,0.14420713316020795
P100_1100,420000,658,Z_mode_existing_controller,25.34241115570698,50.09349543061845,7.741012863506512,-0.12488013527761624,0.9359769821166992,False,False,-0.9359769821166992,-0.09359770268201828,-3.534479435163008,-3.534479435163014,189.10293372301305,189.10293372301305,192.63741315817606,189.0128737924409,0.09005993057215278,-3.7762459268586754,3.3631710051029664,0.9359770268201844,-0.016690872609615326,-0.0016690873308107257,-0.20544182842891917,-0.20544182842890946,206.82473745202515,206.82473745202515,207.03017928045406,206.78680132105563,0.03793613096951276,-0.6072241742754312,0.40481612279545515,0.33832946238356276,11.105178527654909,5.492502359335694,43.37498892597753,27.015204471473844,0.13266825432787144,0.0,-7.850919439252721,-0.022761678581716183
P100_1100,420000,659,Z_mode_existing_controller,25.326772390006923,50.09468315141153,-1.2012990199509659,0.019683316222667776,0.9288293719291687,False,False,-0.9288293719291687,-0.09288293868303299,-3.510570546399748,-3.510570546399748,191.89110940532,191.89110940532,195.40167995171976,192.17155915653248,-0.2804497512124726,-3.7795644670327686,3.3598524649288732,0.9288293868303297,-0.0036914367228746414,-0.00036914367228746414,-0.11848803765657223,-0.11848803765656252,207.57774127499258,207.57774127499258,207.69622931264914,207.521158495926,0.05658277906658782,-0.6072241742754312,0.40481612279545515,0.19513063325903995,9.391927046427918,3.5422970062690844,39.9658712848041,24.32678670421679,-0.013919955037534848,0.0,1.2491686424282307,-0.03394966743994132
P100_1100,420000,660,Z_mode_existing_controller,25.322735301545734,50.09394638910259,-10.254414676363012,0.1620908028660525,0.9450297355651855,False,False,-0.9450297355651855,-0.09450297802686691,-3.574839640254554,-3.5748396402545484,192.33609252469617,192.3360925246962,195.91093216495074,192.98534295374702,-0.6492504290508236,-3.782779881537954,3.356637050423688,0.9450297802686675,-0.004603237845003605,-0.0004603237903211266,-0.12617592170787312,-0.12617592170785785,207.64360609314525,207.64360609314525,207.76978201485312,207.647552160969,-0.003946067823761723,-0.6072241742754312,0.40481612279545515,0.207791334820319,11.381864664932081,4.862680184393081,37.81774386547692,26.273175141461167,-0.1590924742169051,0.0,10.411139509886198,0.002367640694259876
P100_1100,420000,661,Z_mode_existing_controller,25.29731442068023,50.094802857765124,-16.90957998916383,0.26816631326207957,0.9496442079544067,False,False,-0.9496442079544067,-0.0949644222855568,-3.595385064815636,-3.5953850648156496,197.0180697387674,197.0180697387674,200.61345480358304,197.95686425359878,-0.9387945148313861,-3.7860337358809586,3.353383196080683,0.9496442228555717,-0.002183750504627824,-0.00021837504755239934,-0.11059350175385285,-0.11059350175384175,208.72012013790055,208.72012013790055,208.8307136396544,208.75692555475678,-0.03680541685622529,-0.6072241742754312,0.40481612279545515,0.18212960952321633,10.00434300797331,5.191851585611272,35.55796385972054,23.37623840994278,-0.267762144665177,0.0,17.15525888371576,0.022083250113723807
P100_1100,420000,662,Z_mode_existing_controller,25.299295733264664,50.094120141805384,-21.092283452635456,0.3316491141993989,0.9388889670372009,False,False,-0.9388889670372009,-0.09388890117406845,-3.5576908394521656,-3.557690839452171,196.37729246819032,196.37729246819032,199.93498330764248,197.48271321118662,-1.1054207429963014,-3.7892560195760163,3.3501609123856255,0.9388890117406858,-0.005411235149949789,-0.0005411235033534467,-0.13091421677700749,-0.13091421677701304,208.52287016602577,208.52287016602577,208.65378438280277,208.61721241545425,-0.09434224942847891,-0.6072241742754312,0.40481612279545515,0.21559454040713402,10.62863164813778,4.762633922868377,34.451604109846976,22.10929895592777,-0.3346953509595352,0.0,21.370373453937646,0.05660534965709019
P100_1100,420000,663,Omega_safe_one_step_QP,25.286854373979242,50.09265003687915,-51.55433823014846,0.8270512640425981,0.9448482990264893,False,False,-0.9448482990264893,-0.0944848284125328,-4.71784102969595,-4.7178410296959585,197.40252221492892,197.40252221492892,202.12036324462488,199.84062431382497,-2.438102098896053,-4.99322601200825,3.5414419567417497,0.9448482841253297,-0.15597392618656158,-0.015597392804920673,-0.1290525551847707,-0.1290525551847707,208.91374796476063,208.9137479647606,209.0428005199454,209.03859632555526,-0.12484836079465822,-2.6018100139722025,4.048580611027798,0.0496010679072394,8.892802082706153,5.118169506858386,40.37972810030494,20.69729658735764,-0.8303336551426312,0.0,52.30976286881378,0.07490901647679493
P100_1100,420000,664,Z_mode_existing_controller,25.307469004871663,50.09046450038408,-12.00320821600235,0.19420021610320656,0.9511884450912476,False,False,-0.9511884450912476,-0.09511884301900864,-3.604770409836708,-3.6047704098367044,194.71662679916707,194.71662679916707,198.32139720900378,195.46259074505036,-0.7459639458832896,-3.7897542646900444,3.3496626672715974,0.9511884301900854,-0.0013091855216771364,-0.00013091856089886278,-0.10494844598010755,-0.10494844598010616,207.98698455580097,207.98698455580097,208.0919330017811,207.99186893762166,-0.004884381820687622,-0.6072241742754312,0.40481612279545515,0.17283311571930687,9.389024626838818,6.576406383117997,38.00360952571273,25.12129194117553,-0.18857624259589656,0.0,12.188853829506115,0.002930629092404047
P100_1100,420000,665,Z_mode_existing_controller,25.32880800561963,50.09050374414595,-15.068238007353102,0.24955160879812316,0.92632657289505,False,False,-0.92632657289505,-0.09263265877962112,-3.5134816245045095,-3.5134816245044957,190.3101172672657,190.31011726726572,193.82359889177022,191.19135672643907,-0.8812394591733437,-3.7929189022451597,3.3464980297164817,0.9263265877962075,0.001984247239306569,0.00019842472102027386,-0.08058568077328188,-0.08058568077329298,207.06000944433157,207.06000944433157,207.14059512510485,207.0808381122798,-0.0208286679482228,-0.6072241742754312,0.40481612279545515,0.13271158196139285,8.976591502024835,4.38032565483278,36.275312697596014,21.877965591895865,-0.23846652380772682,0.0,15.294207330392055,0.01249720076893368
P100_1100,420000,666,Z_mode_existing_controller,25.335479089849326,50.08770734986868,-21.716913322683467,0.35524034822589134,0.9475600123405457,False,False,-0.9475600123405457,-0.09475599974393845,-3.596820725235396,-3.5968207252353945,188.6729661389909,188.6729661389909,192.2697868642263,189.82193229623363,-1.1489661572427394,-3.795876498538538,3.343540433423104,0.9475599974393839,-0.000518023909535259,-5.180239168112166e-05,-0.09933314455455311,-0.09933314455456005,206.5549835000508,206.5549835000508,206.65431664460536,206.6277060634738,-0.07272256342298533,-0.6072241742754312,0.40481612279545515,0.1635856225142701,10.052857838528562,4.367999706266161,41.16885680878227,29.66297036469626,-0.3451940259644495,0.0,22.018473810592695,0.04363353805379688
P100_1100,420000,667,Z_mode_existing_controller,25.325118373474137,50.089954960891625,-22.695193179570197,0.3797889007527153,0.9235450625419617,False,False,-0.9235450625419617,-0.09235450625419617,-3.5084625769524656,-3.508462576952466,190.4989968105763,190.4989968105763,194.00745938752877,191.71813750169468,-1.2191406911183833,-3.7989078381251784,3.3405090938364634,0.9235450625419616,-0.009743847884237766,-0.0009743847767822444,-0.1581012867228032,-0.1581012867227935,207.00322579991465,207.00322579991465,207.16132708663744,207.16453552995773,-0.16130973004308657,-0.6072241742754312,0.40481612279545515,0.260367247255015,8.24970654543291,4.791295139930142,38.06969873781487,28.384392509967327,-0.3614185807827033,0.0,22.959825922326672,0.09678583802585194
P100_1100,420000,668,Omega_safe_one_step_QP,25.347136235780972,50.091023533269805,-21.331124847214596,0.3519845269093435,0.8949210047721863,False,False,-0.8949210047721863,-0.08949210494756699,-3.3296652772459376,-3.329665277245925,186.06468390885433,186.06468390885433,189.39434918610027,187.2177765583055,-1.1530926494511675,-3.720624606155788,4.814043362594213,0.8949210494756662,-0.04371871426701546,-0.004371871706098318,0.6701531998087124,0.6701531998087235,206.9134673235267,206.91346732352673,206.243314123718,206.26760101126675,0.645866312259983,-2.321861374349466,4.328529250650535,0.1548223798436862,10.150848619546315,5.144055903375324,39.92818312112092,24.231436990978608,-0.3457554726638641,0.0,22.064400107234178,-0.38751978735599835
P100_1100,420000,669,Omega_safe_one_step_QP,25.339109010098497,50.08951576408144,-17.2698081149083,0.28661403334057395,0.9077602624893188,False,False,-0.9077602624893188,-0.09077602624893188,-3.5459487808596855,-3.545948780859683,187.70476731966554,187.70476731966554,191.2507161005252,188.70070865046196,-0.9959413307964269,-3.9062612975982844,4.6284066711517164,0.9077602624893181,-0.03172587975859642,-0.0031725880689918995,0.7186961829896865,0.7186961829896823,207.25741195876026,207.25741195876026,206.53871577577058,206.5015248909596,0.7558870678006713,-2.3514015395547228,4.298989085445277,0.1671779501424907,9.454078957277552,6.446120392102924,39.68145077201222,26.84685696552089,-0.2812933565823208,0.0,18.004633712172108,-0.45353224068040277
P100_1100,420000,670,Omega_safe_one_step_QP,25.35339190522439,50.08962901675422,-4.724671433584263,0.07806483070897244,0.9196760058403015,False,False,-0.9196760058403015,-0.09196760505437851,-3.3565066943057595,-3.3565066943057498,185.3282159988459,185.3282159988459,188.68472269315166,185.78476169134765,-0.4565456925017486,-3.649661956860928,4.8850060118890735,0.9196760505437822,-0.0888880267739296,-0.008888802491128445,0.4836269995573281,0.483626999557335,206.4665826941116,206.46658269411162,205.98295569455428,205.8877167404703,0.5788659536413263,-2.2958255314330938,4.354565093566907,0.11106206685756233,10.422746738110874,5.768974318358301,40.96877841843063,23.32171276527511,-0.07506845033830345,0.0,5.147059456106945,-0.3473195721848015
P100_1100,420000,671,Omega_safe_one_step_QP,25.3463589248402,50.08762232964681,-0.4100361572773181,0.006874999147348241,0.8982390761375427,False,False,-0.8982390761375427,-0.08982390910387039,-3.427025299341055,-3.427025299341052,186.9137849777938,186.91378497779382,190.34081027713486,187.19464584243812,-0.28086086464429627,-3.81527071525925,4.719397253490751,0.8982390910387033,-0.06154303625226021,-0.006154303904622793,0.5838656565800071,0.5838656565800043,206.79112400078952,206.79112400078952,206.20725834420952,206.07081751841702,0.7203064823725072,-2.318255796398617,4.332134828601383,0.13477550438302116,9.190240776415571,4.197269806335525,39.207663676011734,24.294433752602306,-0.007219361921833922,0.0,0.8494394086228567,-0.4321838894235128
P100_1100,420000,672,Omega_safe_one_step_QP,25.346440887086047,50.08599828262017,4.658838039691545,-0.07873246500404489,0.8958719968795776,False,False,-0.8958719968795776,-0.08958720415830612,-3.4398572266676557,-3.439857226667667,187.14499305597573,187.14499305597573,190.5848502826434,187.21102679835502,-0.0660337423792896,-3.839674715810102,4.6949932529398986,0.8958720415830639,-0.04858449846506119,-0.004858450032770634,0.6539266747358206,0.6539266747358163,206.80607289979218,206.80607289979218,206.15214622505636,205.97690997577627,0.8291629240159182,-2.312744584483302,4.337646040516699,0.15075611717223492,8.728837149855467,6.25604324742735,41.138437998800875,25.520452778220104,0.07373396163676205,0.0,-4.2350742469188845,-0.4974977544095509
P100_1100,420000,673,Omega_safe_one_step_QP,25.36984871355261,50.08515338115061,17.841635703503016,-0.3006788350346398,0.9065706133842468,False,False,-0.9065706133842468,-0.0906570628285408,-3.0849138705702215,-3.0849138705702344,183.13157903761982,183.13157903761982,186.21649290819005,182.64785756554198,0.483721472077832,-3.4028389783647675,5.131828990385234,0.9065706282854114,-0.05857054144144058,-0.005857054144144058,0.7029655092708947,0.7029655092708809,205.85983295570225,205.85983295570225,205.15686744643136,204.94791896354423,0.9119139921580199,-2.2132167066208015,4.437173918379199,0.1584264043289199,9.98169327792555,2.2741495156040226,43.433046206273715,22.973478118515335,0.2879269087794718,0.0,-17.582414216986763,-0.547148395294812
P100_1100,420000,674,Z_mode_existing_controller,25.33952510899156,50.082681344586355,10.21482083142564,-0.16151279769904245,0.9195543527603149,False,False,-0.9195543527603149,-0.09195543825626373,-3.4812901873679385,-3.4812901873679296,188.9737459035545,188.9737459035545,192.45503609092242,188.80185787582363,0.17188802773085854,-3.7858448106855764,3.3535721212760654,0.9195543825626347,-0.022414028644561768,-0.0022414028644561768,-0.24174375091664535,-0.2417437509166412,206.0919327866619,206.0919327866619,206.33367653757855,206.1095405615684,-0.017607774906480245,-0.6072241742754312,0.40481612279545515,0.3981128570928543,12.392388219312739,5.700574135734068,39.55854368151147,27.84526332914965,0.17470116638394018,0.0,-10.400086662752983,0.010564664943885305
P100_1100,420000,675,Z_mode_existing_controller,25.30480783056845,50.08439282591706,-1.6746840565801904,0.02718092970432471,0.9395557045936584,False,False,-0.9395557045936584,-0.09395556896924973,-3.5598783925059245,-3.5598783925059116,195.43896270118384,195.43896270118387,198.99884109368978,195.751026742307,-0.31206404112313635,-3.7888955721943645,3.350521359767277,0.9395556896924937,-0.010573790408670902,-0.0010573790641501546,-0.16522696703374917,-0.16522696703373668,207.67092514578823,207.67092514578826,207.836152112822,207.68251581863225,-0.011590672843993843,-0.6072241742754312,0.40481612279545515,0.27210209018916837,9.11690668527458,2.338548886735944,39.68499699993283,20.822610168876057,-0.02078778286583649,0.0,1.688517435738504,0.00695440370640199
P100_1100,420000,676,Z_mode_existing_controller,25.299068332762914,50.08203629173602,-8.81234931277686,0.1397923413822822,0.9410485029220581,False,False,-0.9410485029220581,-0.09410484880208969,-3.5684661754571536,-3.568466175457146,196.3034864867729,196.3034864867729,199.87195266223006,196.91294035685056,-0.6094538700776582,-3.792010954676666,3.347405977284976,0.9410484880208947,-0.004994771908968687,-0.0004994772025384009,-0.1283702000913739,-0.1283702000913725,207.76557015007342,207.76557015007342,207.8939403501648,207.79018194295065,-0.024611792877237804,-0.6072241742754312,0.40481612279545515,0.2114049564060093,10.222809147323888,5.237879128105755,35.13150220061533,21.243746207754832,-0.13584374825267886,0.0,8.933425985303984,0.01476707572633984
P100_1100,420000,677,Z_mode_existing_controller,25.297353587256442,50.08002481916632,-16.562819847057654,0.2672873826984317,0.9634796977043152,False,False,-0.9634796977043152,-0.09634797275066376,-3.6564813101682287,-3.6564813101682345,196.29547450859437,196.29547450859437,199.9519558187626,197.24242048007105,-0.9469459714766799,-3.7950786153339577,3.344338316627684,0.963479727506639,-0.0027358445804566145,-0.0002735844755079597,-0.11565597094083668,-0.11565597094084223,207.68642749134884,207.68642749134884,207.8020834622897,207.7426044629806,-0.056176971631771266,-0.6072241742754312,0.40481612279545515,0.19046667744881607,9.136467695385013,5.309375435306977,45.44369255298818,23.843497016748277,-0.26217148547133995,0.0,16.791285149549367,0.03370618297905992
P100_1100,420000,678,Z_mode_existing_controller,25.316582878234026,50.080018254534195,-18.525616559244554,0.304491820373741,0.9357962012290955,False,False,-0.9357962012290955,-0.09357962012290955,-3.554364831686042,-3.554364831686037,192.31788019776218,192.31788019776218,195.8722450294482,193.3520985161784,-1.0342183184162081,-3.7982253262170347,3.3411916057446067,0.9357962012290939,-0.001646211720071733,-0.00016462117491755635,-0.10562631855839111,-0.10562631855840499,206.8317586670866,206.8317586670866,206.937384985645,206.91196692152513,-0.08020825443853141,-0.6072241742754312,0.40481612279545515,0.17394946221375876,8.931251865102695,4.514609598224415,40.92762509508553,24.95414494167206,-0.29392964845719227,0.0,18.77142125503906,0.048124952663116005
P100_1100,420000,679,Z_mode_existing_controller,25.328235645747785,50.079702191197285,-20.90151745411822,0.3503212596510511,0.923574686050415,False,False,-0.923574686050415,-0.09235747158527374,-3.510644324285239,-3.510644324285249,189.79972320110923,189.79972320110923,193.31036752539447,190.94619351299315,-1.1464703118839168,-3.8011481518783876,3.3382687800832542,0.9235747158527399,0.0004809573001693934,4.8095731472130865e-05,-0.09027909861152456,-0.09027909861152317,206.28802234173378,206.28802234173378,206.3783014403453,206.38129727539453,-0.09327493366075146,-0.6072241742754312,0.40481612279545515,0.1486750732861525,8.328472130971978,5.560541246704351,35.78678051130768,25.03901528262359,-0.332782074512914,0.0,21.178334568434366,0.05596496019644803
P100_1100,420000,680,Omega_safe_one_step_QP,25.35308835855321,50.07856503077123,-18.75516997653631,0.30824294567434163,0.9115334153175354,False,False,-0.9115334153175354,-0.0911533460021019,-3.2796518099269867,-3.2796518099269796,184.8879512865787,184.8879512865787,188.16760309650567,185.92664628288375,-1.038694996305054,-3.5979499971963307,4.93671797155367,0.911533460021017,-0.08970435708761215,-0.008970435708761215,0.540506278826014,0.5405062788260293,205.7608604991369,205.76086049913692,205.2203542203109,205.24608282702144,0.5147776721154855,-2.219565384008755,4.430825240991246,0.12198772224767535,10.699733575502757,4.745582484373704,39.611199208406376,23.073127444031677,-0.3021205093393782,0.0,19.366157089144508,-0.30886660326929416
P100_1100,420000,681,Z_mode_existing_controller,25.331923928801984,50.076335789283775,-14.770021959900987,0.25471616333702346,0.9188246726989746,False,False,-0.9188246726989746,-0.09188246726989746,-3.492563660052808,-3.4925636600528045,189.13325618267808,189.13325618267808,192.6258198427309,190.0337586187678,-0.9005024360897096,-3.80112089262218,3.338296039339462,0.9188246726989735,-0.005288614891469479,-0.0005288614775054157,-0.12807023606398737,-0.1280702360639943,205.9018124080034,205.9018124080034,206.02988264406738,205.9977769804704,-0.09596457246701107,-0.6072241742754312,0.40481612279545515,0.21091096417038044,6.889268383972595,5.984294184266257,41.574569079591775,21.441838102071937,-0.23410216726308963,0.0,14.94654538368286,0.05757874348020664
P100_1100,420000,682,Omega_safe_one_step_QP,25.382254072503706,50.07292382603531,-2.913331193459271,0.04916493757968445,0.9443379044532776,False,False,-0.9443379044532776,-0.09443379193544388,-2.8615017524441955,-2.861501752444187,179.62827298558537,179.62827298558537,182.48977473802955,180.04213657529283,-0.41386358970746073,-3.030167161348718,5.504500807401283,0.9443379193544363,0.1056450605392456,0.01056450605392456,1.7404248144786831,1.7404248144786831,205.4149182672374,205.4149182672374,203.67449345275872,203.66744670794606,1.7474715592913412,-2.0649793072535365,4.585411317746464,0.37955696749447293,10.542875079346562,4.778715803254369,39.8034536617601,26.5237714567201,-0.05682838701268622,0.0,4.018642516046384,-1.0484829355747962
P100_1100,420000,683,Omega_safe_one_step_QP,25.359548241844657,50.07189230012627,-7.067014958463915,0.1188942438627657,0.9276841878890991,False,False,-0.9276841878890991,-0.09276842325925827,-3.2514852598618376,-3.2514852598618376,183.98610071268547,183.9861007126855,187.23758597254732,184.54242986915,-0.5563291564644999,-3.504948284800496,5.029719683949505,0.9276842325925829,-0.15364062786102295,-0.01536406297236681,0.2814698020080053,0.281469802007997,204.89621914379595,204.89621914379592,204.61474934178793,204.5682537296806,0.32796541411531166,-2.159004896156457,4.491385728843544,0.0626688106969763,9.623981875435378,3.4824751212095952,43.04487445938577,29.014457322185898,-0.11112003102713786,0.0,7.3749142379601835,-0.19677924846918415
P100_1100,420000,684,Omega_safe_one_step_QP,25.34588886095467,50.07308334106342,-4.74544350089127,0.07846693895830734,0.9058435559272766,False,False,-0.9058435559272766,-0.09058436006307602,-3.440625739745267,-3.4406257397452573,186.73003571329312,186.73003571329312,190.17066145303838,187.19718554786323,-0.46714983457010817,-3.7982558328496,4.736412135900401,0.9058436006307572,-0.06885304301977158,-0.00688530458137393,0.6360433982063374,0.6360433982063374,205.93142533535894,205.93142533535894,205.2953819371526,205.20146002697447,0.7299653083844646,-2.2270681556929253,4.423322469307076,0.14379313346918954,10.028098027589536,6.078191423529663,40.62560032247957,24.961840151061388,-0.0770261458991719,0.0,5.260448831821122,-0.43797918503067024
P100_1100,420000,685,Omega_safe_one_step_QP,25.348425296168436,50.07218640899163,2.788581817515478,-0.04594906284156339,0.8961261510848999,False,False,-0.8961261510848999,-0.08961261808872223,-3.38218711739308,-3.382187117393075,186.54822495346866,186.54822495346866,189.93041207086173,186.70186504457715,-0.15364009110848542,-3.774230894631936,4.760437074118065,0.8961261808872206,-0.056621842086315155,-0.0056621842086315155,0.6995762293186338,0.6995762293186214,205.87794705264184,205.87794705264182,205.1783708233232,205.04175095363271,0.8361960990091006,-2.2153670443099847,4.435023580690016,0.1577390100843114,10.360694341212783,6.388405644472792,40.37061593559147,26.142294799218103,0.04456224944317455,0.0,-2.3314264075534084,-0.5017176594054575
P100_1100,420000,686,Omega_safe_one_step_QP,25.348486082416983,50.072034905387454,6.46943237223968,-0.1099217521448656,0.8995096683502197,False,False,-0.8995096683502197,-0.08995097130537033,-3.416009230217628,-3.416009230217624,186.74844012654916,186.74844012654918,190.1644493567668,186.74080456296645,0.007635563582738314,-3.797634623222443,4.737033345527558,0.8995097130537022,-0.05719350650906563,-0.005719350650906563,0.6978951179638024,0.6978951179637871,205.90359394881133,205.9035939488113,205.20569883084752,205.03628112646368,0.8673128223476283,-2.218099845062417,4.432290779937584,0.15745697938473588,8.51000585346348,5.089532548794538,41.30613792922862,21.873398709829317,0.10272105142431265,0.0,-6.051765730255283,-0.5203876934085656
P100_1100,420000,687,Omega_safe_one_step_QP,25.366599382533305,50.06894031413291,17.93151315549312,-0.3113543760898873,0.8939049243927002,False,False,-0.8939049243927002,-0.08939049392938614,-3.1001780514077466,-3.1001780514077466,183.76921963960976,183.76921963960976,186.8693976910175,183.25770413290235,0.5115155067074113,-3.4681294566475134,5.066538512102488,0.8939049392938611,-0.09929416328668594,-0.009929416701197624,0.5524148165259437,0.5524148165259548,204.86263858767768,204.86263858767768,204.31022377115173,204.10813238459878,0.754506203078904,-2.1285523390928374,4.521838285907163,0.12216598241640356,8.062266193050261,5.319778307104901,43.39528456197549,20.179032235763582,0.28968102398806916,0.0,-17.76849045763447,-0.4527037218473424
P100_1100,420000,688,Omega_safe_one_step_QP,25.391494836556678,50.06441117013241,29.262810354875,-0.5140040671217935,0.9142537117004395,False,False,-0.9142537117004395,-0.09142537415027618,-2.74836683459026,-2.748366834590246,179.50104979437117,179.50104979437117,182.24941662896143,178.52872999616613,0.9723197982050351,-3.006131350441904,5.528536618308097,0.914253741502757,0.04808630794286728,0.004808630794286728,1.459806024864431,1.4598060248644433,204.50925942578948,204.50925942578948,203.04945340092505,202.8268010618392,1.6824583639502748,-2.0024753020701684,4.647915322929832,0.31407758606588576,8.508098060248834,4.5897263029742135,38.05909918149168,21.102875658108484,0.4649800526712706,0.0,-28.718315389176496,-1.0094750183701677
P100_1100,420000,689,Omega_safe_one_step_QP,25.399230104920896,50.05955780033969,32.426378262153776,-0.5436332388072062,0.9415306448936462,False,False,-0.9415306448936462,-0.09415306895971298,-2.7138087049022346,-2.7138087049022404,178.29766401222815,178.29766401222813,181.01147271713037,177.2678974370268,1.0297665752013359,-2.882336959258799,5.652331009491202,0.9415306895971329,0.13501547276973724,0.013501547276973724,2.0011739786278127,2.0011739786278,204.49373547917608,204.49373547917608,202.49256150054828,202.26518837781109,2.2285471013649953,-1.9467861120324934,4.703604512967507,0.42545540831732437,11.639506843918321,5.723457117908137,35.99956580675986,25.66244294299888,0.5131389910355963,0.0,-31.602388992370834,-1.337128260819
P100_1100,420000,690,Omega_safe_one_step_QP,25.365353792848488,50.05775283818405,14.552943412169043,-0.2462721140049051,0.9378646016120911,False,False,-0.9378646016120911,-0.09378646314144135,-3.352693827101823,-3.3526938271018105,184.58357288950984,184.58357288950987,187.93626671661167,184.23127924778464,0.35229364172522537,-3.57481635920693,4.959851609543071,0.9378646314144099,-0.06873489916324615,-0.006873489823192358,0.8069529502588255,0.8069529502588393,204.66149899876788,204.6614989987679,203.85454604850906,203.63500776440952,1.0264912343583887,-2.0829845668285722,4.567406058171429,0.17667641982808613,9.336879576113581,4.240141714675448,39.92329400047283,25.02160495722698,0.23284453608202327,0.0,-14.16989320763696,-0.6158947406150332
P100_1100,420000,691,Omega_safe_one_step_QP,25.361799316812643,50.05637057774952,16.661264509860302,-0.2689155831186046,0.9248235821723938,False,False,-0.9248235821723938,-0.09248235821723938,-3.39279845271872,-3.3927984527187283,185.48120367051806,185.48120367051806,188.87400212323678,185.0641659527356,0.41703771778244914,-3.6685898998694406,4.866078068880561,0.9248235821723961,-0.0884372815489769,-0.008843728341162205,0.6781533238493787,0.6781533238493855,204.64040486605097,204.64040486605097,203.96225154220159,203.7242784871561,0.9161263788948588,-2.0937551161978236,4.556635508802176,0.1488276432335609,12.024556064112835,5.322889848846471,39.565781613486976,26.66040578724347,0.2699510722960028,0.0,-16.381539754818732,-0.5496758273369124
P100_1100,420000,692,Z_mode_existing_controller,25.325884696538676,50.0567631885619,16.166572230393285,-0.2596842664499757,0.9078108072280884,False,False,-0.9078108072280884,-0.0907810851931572,-3.429790220004884,-3.429790220004883,192.73604415452456,192.73604415452456,196.16583437452945,192.30057783491785,0.4354663196067179,-3.7780890289064457,3.361327903055196,0.9078108519315712,-0.012950928881764412,-0.0012950928648933768,-0.1777827612681429,-0.1777827612681554,205.35152155962567,205.35152155962564,205.5293043208938,205.2821661229746,0.06935543665105115,-0.6072241742754312,0.40481612279545515,0.29277945246546594,10.54259027840609,5.010611421510898,36.9372248697277,26.597434635299877,0.26910123253930607,0.0,-16.394060200942477,-0.04161326199063353
P100_1100,420000,693,Z_mode_existing_controller,25.31503159860014,50.05769410441217,3.0314475792638405,-0.04855424301415044,0.9376248121261597,False,False,-0.9376248121261597,-0.09376247972249985,-3.5453661051985796,-3.5453661051985876,194.46150864784028,194.46150864784028,198.00687475303886,194.57028770214797,-0.1087790543076892,-3.7812205006645225,3.358196431297119,0.9376247972250005,-0.007263676263391972,-0.0007263676379807293,-0.14307425164647308,-0.14307425164647863,205.8397505312493,205.8397505312493,205.9828247828958,205.808738081708,0.031012449541321985,-0.6072241742754312,0.40481612279545515,0.23562015102116388,10.184453761424834,4.772897218469088,39.586451897107054,24.12496012697315,0.05581564057578703,0.0,-3.0686557501148854,-0.018607469724798875
P100_1100,420000,694,Z_mode_existing_controller,25.31023263762925,50.057525244488204,-6.170602530959513,0.0936718959804759,0.9436059594154358,False,False,-0.9436059594154358,-0.0943605974316597,-3.5710518113163614,-3.5710518113163667,195.08513108715928,195.08513108715925,198.65618289847563,195.56463142122118,-0.4795003340619246,-3.7844735074962643,3.354943424465377,0.9436059743165983,-0.008282517082989216,-0.0008282517082989216,-0.15043794549011585,-0.15043794549010892,205.96866343593015,205.96866343593018,206.11910138142028,206.00468670856276,-0.03602327263257621,-0.6072241742754312,0.40481612279545515,0.24774696374632751,13.279513972851783,5.554743668296711,39.47270664253613,26.173881867965484,-0.09094893422413008,0.0,6.2399375016048,0.021613963579554252
P100_1100,420000,695,Omega_safe_one_step_QP,25.26602243032234,50.05952823371354,-50.94860429963228,0.8027636829595047,0.9412027597427368,False,False,-0.9412027597427368,-0.09412027895450592,-5.163761201192497,-5.163761201192497,201.8877704910495,201.8877704910495,207.051531692242,204.27481235098406,-2.3870418599345555,-5.486342856769963,3.048325111980038,0.941202789545059,-0.37740588188171387,-0.03774058818817139,-1.1903429662314613,-1.190342966231464,206.84427530114257,206.84427530114257,208.03461826737404,207.97686631525818,-1.1325910141156044,-2.500991788715069,4.149398836284932,0.47594837040349686,8.960345677754988,4.543278542448171,43.55292661448005,24.91917931186163,-0.8105417196912965,0.0,51.079591410853936,0.6795546084693598
P100_1100,420000,696,Omega_safe_one_step_QP,25.286104759346028,50.06091358968922,-31.28059432792179,0.4905623910906202,0.9543731808662415,False,False,-0.9543731808662415,-0.09543731808662415,-4.878522970852443,-4.878522970852446,198.42714159254376,198.42714159254373,203.3056645633962,199.96671018926466,-1.539568596720926,-5.11175614388538,3.42291182486462,0.9543731808662421,-0.276206910610199,-0.027620691806077957,-0.5822616178055545,-0.5822616178055434,206.7185448448423,206.7185448448423,207.30080646264787,207.1482049691792,-0.42966012433689116,-2.4276106082424507,4.222780016757549,0.2398496759853472,10.217687890513714,4.777004074555812,42.89644591837638,28.206589176451534,-0.49691960846046257,0.0,31.51971786178001,0.25779607460212617
P100_1100,420000,697,Omega_safe_one_step_QP,25.285410817077988,50.06406728486148,-20.96587309831466,0.3255469435607707,0.9470144510269165,False,False,-0.9470144510269165,-0.09470144659280777,-4.8716393306045624,-4.871639330604557,198.75854314834703,198.75854314834703,203.63018247895158,199.88012991879768,-1.121586770450648,-5.144207935440921,3.39046003330908,0.9470144659280766,-0.12236809730529785,-0.01223681028932333,0.19007031506834693,0.1900703150683497,207.72827651181436,207.72827651181436,207.53820619674602,207.31669009176971,0.4115864200446424,-2.451350581652266,4.199040043347734,0.04526518278135159,10.850238054534461,6.076307239700426,43.764644033382616,23.57354377138193,-0.33705170658921446,0.0,21.549876656930792,-0.2469518520267826
P100_1100,420000,698,Omega_safe_one_step_QP,25.287269314162415,50.064734328134044,-10.77070057680703,0.17144569603007712,0.9370296001434326,False,False,-0.9370296001434326,-0.09370296448469162,-4.805853632796158,-4.805853632796157,198.6704201406193,198.6704201406193,203.47627377341547,199.39314422189733,-0.7227240812780167,-5.128817064887309,3.4058509038626914,0.937029644846916,-0.04497580602765083,-0.004497580695897341,0.5852301437059158,0.5852301437059046,208.11583826222912,208.1158382622291,207.5306081185232,207.25433079331907,0.8615074689100197,-2.4505907738299837,4.199799851170017,0.1393471509226484,9.440015042152185,5.668239965822374,34.10532956632118,25.745964041857356,-0.17676255675132957,0.0,11.464367614904404,-0.5169044813460033
P100_1100,420000,699,Z_mode_existing_controller,25.302639511414153,50.06553599571063,24.267102463267292,-0.39119454654644914,0.9461879730224609,False,False,-0.9461879730224609,-0.0946187973022461,-3.574720666178941,-3.5747206661789397,197.07798326909196,197.07798326909196,200.6527039352709,196.2941518937698,0.7838313753221655,-3.7780237839633637,3.361393147998278,0.94618797302246,-0.013173537328839302,-0.0013173538027331233,-0.1831433367534746,-0.1831433367534649,206.77756647411783,206.77756647411786,206.96070981087132,206.6387645616087,0.13880191250916596,-0.6072241742754312,0.40481612279545515,0.3016074532473946,9.39660261449875,4.4480004428745445,38.027058482622294,25.219386100818973,0.39942586135773617,0.0,-24.58324717712003,-0.08328114750550242
P100_1100,420000,700,Z_mode_existing_controller,25.309215688655183,50.06607492015312,13.389480257892501,-0.20400183722822235,0.9456862211227417,False,False,-0.9456862211227417,-0.09456862509250641,-3.576008023168864,-3.576008023168854,195.46485804585478,195.46485804585478,199.04086606902365,195.17265663688465,0.29220140897012925,-3.7813894615374153,3.358027470424226,0.9456862509250611,-0.008794574998319149,-0.0008794575114734471,-0.15404516195825224,-0.15404516195824114,206.50102052592635,206.50102052592638,206.65506568788462,206.41551692473135,0.08550360119502898,-0.6072241742754312,0.40481612279545515,0.25368746582274193,13.153617794433515,7.028458486760615,38.741521567989786,25.123732412071977,0.2257580064901461,0.0,-13.563936103665583,-0.051302160717014544
P100_1100,420000,701,Omega_safe_one_step_QP,25.282933809059273,50.06737865802197,-30.20466956092241,0.46428514381683256,0.9475134611129761,False,False,-0.9475134611129761,-0.09475135058164597,-4.90010290439466,-4.900102904394654,199.0033887007827,199.0033887007827,203.90349160517735,200.4895267323968,-1.4861380316141037,-5.171538848063498,3.3631291206865033,0.9475135058164584,-0.16313377022743225,-0.016313377767801285,-0.044400421792417655,-0.044400421792430145,207.7316826178108,207.7316826178108,207.77608303960324,207.61541759744756,0.11626502036324382,-2.475138265937989,4.1752523590620125,0.01793856222234275,11.31403632698191,3.7303617994143012,39.639541154661664,27.89273912174201,-0.48398248850696746,0.0,30.758411061647166,-0.06975901221795766
P100_1100,420000,702,Omega_safe_one_step_QP,25.25446903969581,50.07046968470444,-36.35858775433189,0.5651460416250901,0.9676233530044556,False,False,-0.9676233530044556,-0.09676233679056168,-5.565204546171445,-5.565204546171445,204.1370588473309,204.1370588473309,209.70226339350236,205.89641573760582,-1.7593568902749155,-5.751416026895997,2.783251941854003,0.9676233679056166,-0.386644184589386,-0.03866441920399666,-1.3274409718292037,-1.3274409718292106,207.8517054135799,207.85170541357988,209.1791463854091,208.95422504855577,-1.1025196349758914,-2.6154446005185736,4.034946024481426,0.5075393191528561,9.396001234696454,2.7772840444274918,35.64081654138672,27.119247068799975,-0.573334291257682,0.0,36.270410264603925,0.6615117809855349
P100_1100,420000,703,Omega_safe_one_step_QP,25.252885467103624,50.07307375325542,-28.067329679378417,0.41514913439675466,0.9664471745491028,False,False,-0.9664471745491028,-0.09664472192525864,-5.606832676221307,-5.606832676221315,204.59615801308036,204.59615801308036,210.20299068930166,205.95019894872823,-1.3540409356478733,-5.80148875647593,2.7331792122740715,0.9664472192525877,-0.38756683468818665,-0.038756683468818665,-1.35662908494468,-1.356629084944666,208.06616080892638,208.06616080892638,209.42278989387106,209.12177527256975,-1.0556144636433658,-2.63980895136477,4.01058167363523,0.513911843598869,12.436747135993365,4.419593245665296,39.323136635757464,25.347763609381534,-0.43687892704955544,0.0,27.870839928241367,0.6333686781860166
P100_1100,420000,704,Omega_safe_one_step_QP,25.21773916004973,50.075858404062636,-37.6173822422943,0.5590788444797956,0.9838342070579529,False,False,-0.9838342070579529,-0.09838341921567917,-6.40727691951522,-6.407276919515229,210.90640295967307,210.90640295967307,217.3136798791883,212.70932469348844,-1.8029217338153671,-6.512557675464592,2.022110293285408,0.983834192156793,-0.25277698040008545,-0.025277698412537575,-0.8064322615880124,-0.8064322615879992,210.28232952965095,210.28232952965098,211.08876179123897,210.7286444335802,-0.44631490392922046,-2.806406141101563,3.8439844838984376,0.2873540824249553,10.60075698710168,4.8134224720738485,35.44526978244585,24.033719430774003,-0.5991812473690388,0.0,37.94877454730613,0.2677889423575266
P100_1100,420000,705,Omega_safe_one_step_QP,25.21876474365323,50.077948570612165,-24.781954840627805,0.38011401374469866,0.9743316173553467,False,False,-0.9743316173553467,-0.0974331647157669,-6.343804560068314,-6.343804560068314,210.95359249508311,210.95359249508311,217.29739705515144,212.25520454333542,-1.3016120482523093,-6.510929393060905,2.0237385756890958,0.9743316471576691,-0.2704288363456726,-0.02704288437962532,-0.9134503013253983,-0.9134503013253921,210.27929396891105,210.27929396891108,211.19274427023646,210.75984541842678,-0.4805514495157013,-2.816804389001312,3.8335862359986885,0.3242860259988634,8.814614777611004,5.040702680395998,38.92974607939529,25.63181909448824,-0.39154643721559657,0.0,24.88517040813258,0.28833086970942645
P100_1100,420000,706,Omega_safe_one_step_QP,25.250418941240145,50.08071869481374,0.7703106375765856,-0.0116722407214281,0.9532623887062073,False,False,-0.9532623887062073,-0.09532623738050461,-5.628322373591878,-5.628322373591891,205.60252205968212,205.60252205968212,211.230844433274,205.8202004540748,-0.2176783943926921,-5.904274130873163,2.630393837876838,0.9532623738050484,-0.22827956080436707,-0.022827956825494766,-0.5950548085704672,-0.595054808570477,209.44867294020472,209.44867294020472,210.04372774877518,209.5477431005853,-0.09907016038059169,-2.7019027368551845,3.9484878881448164,0.2202354660860505,10.96825860089828,4.507742798026205,37.99870977757911,21.419609512293476,0.021414956978606625,0.0,-0.8511676907828587,0.05944209622835217
P100_1100,420000,707,Omega_safe_one_step_QP,25.23954443663206,50.08070843899747,-1.303137691932534,0.020310503179646413,0.9572762250900269,False,False,-0.9572762250900269,-0.09572762250900269,-5.876601391304723,-5.876601391304711,207.70027581202623,207.70027581202623,213.57687720333095,208.0022918268511,-0.30201601482485785,-6.138877407878857,2.3957905608711436,0.9572762250900252,-0.24968227744102478,-0.024968227371573448,-0.750771565803654,-0.7507715658036679,209.78102588371775,209.78102588371775,210.5317974495214,210.00707343803802,-0.22604755432027446,-2.7507097069298063,3.899680918070194,0.27293740372248826,8.796735757941644,6.1026838604704245,42.04360002696481,23.10279245044156,-0.012604973697250443,0.0,1.1801141330370228,0.13562853259216467
P100_1100,420000,708,Omega_safe_one_step_QP,25.277679393687823,50.08165744781969,22.125425624484706,-0.33378878029974896,0.9525594115257263,False,False,-0.9525594115257263,-0.09525594115257263,-5.149332347134165,-5.149332347134152,201.0966309468481,201.0966309468481,206.24596329398227,200.46995698071797,0.6266739661301415,-5.405786016943989,3.1288819518060125,0.9525594115257237,-0.11526742577552795,-0.011526742950081825,0.09186958988369603,0.09186958988369881,209.10018787478222,209.10018787478222,209.00831828489854,208.44729590834763,0.6528919664345949,-2.5983617904675174,4.052028834532483,0.022672491641905747,12.499629733337542,5.691047707589052,39.38716647267783,26.588609986060124,0.3620451645641154,0.0,-22.095735609188523,-0.3917351798607598
P100_1100,420000,709,Omega_safe_one_step_QP,25.25168940015063,50.08457885123337,8.571348412588122,-0.12890715593798197,0.9529842138290405,False,False,-0.9529842138290405,-0.09529842436313629,-5.655123477759144,-5.65512347775914,205.87418613106044,205.87418613106044,211.52930960881957,205.7590314309877,0.1151547000727362,-5.9341206484277205,2.60054732032228,0.9529842436313622,-0.30957579612731934,-0.030957579612731934,-1.0424561116960427,-1.0424561116960525,209.25014742547089,209.25014742547089,210.29260353716694,209.73198166288742,-0.4818342374165354,-2.7267903156943585,3.9236003093056415,0.3823015307396668,11.457344782678334,5.1520611571787285,40.70604223445426,26.151235141557713,0.15211052023947502,0.0,-9.012559475278977,0.2891005424499298
P100_1100,420000,710,Omega_safe_one_step_QP,25.240623567939885,50.08783111083287,4.794092196241763,-0.07396762195315851,0.9546976089477539,False,False,-0.9546976089477539,-0.09546976536512375,-5.8880646861844745,-5.8880646861844745,207.9746918080985,207.9746918080985,213.86275649428296,207.9994537082669,-0.024761900168414286,-6.167465336974059,2.367202631775941,0.9546976536512377,-0.3535795509815216,-0.03535795584321022,-1.3349560234171074,-1.3349560234171005,209.63104215438577,209.63104215438577,210.96599817780287,210.38762421529847,-0.7565820609127059,-2.794129779757952,3.8562608452420486,0.47777166010261135,9.39930164420985,5.285133682089616,40.988441002887505,25.084221322435702,0.09193565311143814,0.0,-5.3399770859005,0.453949236547615
P100_1100,420000,711,Omega_safe_one_step_QP,25.263565718508385,50.0901352439856,18.219545764141003,-0.281717011942575,0.9564323425292969,False,False,-0.9564323425292969,-0.09564323723316193,-5.481427498711683,-5.481427498711682,204.01786308960186,204.0178630896019,209.49929058831356,203.49699390267443,0.520869186927456,-5.7311187463771205,2.803549222372881,0.9564323723316187,-0.26470378041267395,-0.026470378041267395,-0.7934395037994202,-0.7934395037994202,209.36121709704278,209.36121709704278,210.1546566008422,209.54952530361538,-0.18830820657260006,-2.7129956220618854,3.9373950029381155,0.2924588220295039,10.27913737338454,5.305916255084789,40.307785054197716,28.97486834548546,0.3050770251273178,0.0,-18.637607713212674,0.1129849239435714
P100_1100,420000,712,Omega_safe_one_step_QP,25.269936145344282,50.094368313657995,22.138356803789065,-0.3358141491638078,0.9560266733169556,False,False,-0.9560266733169556,-0.09560266882181168,-5.371741456401296,-5.371741456401294,203.00455727608352,203.00455727608355,208.37629873248483,202.33960621250367,0.6649510635798777,-5.618819560794246,2.9158484079557545,0.9560266882181163,-0.262521892786026,-0.02625218965113163,-0.7815390926542432,-0.7815390926542307,209.36493461622183,209.36493461622183,210.14647370887607,209.5327246377689,-0.1677900215470629,-2.712177332865271,3.938213292134729,0.2881592892853272,11.726330058532072,6.114299257164592,40.428266590511264,24.919879226253688,0.369476048992432,0.0,-22.608506865709387,0.10067401292823774
P100_1100,420000,713,Omega_safe_one_step_QP,25.261568792385145,50.09645003467278,15.377279828313476,-0.24080039271431403,0.9642027020454407,False,False,-0.9642027020454407,-0.0964202731847763,-5.591625738453673,-5.5916257384536845,204.58869783684477,204.58869783684477,210.18032357529844,204.15630065604427,0.43239718080050693,-5.7992220450756085,2.7354459236743924,0.9642027318477651,-0.37977755069732666,-0.037977755069732666,-1.4349428124764265,-1.4349428124764307,209.20495054483325,209.20495054483325,210.6398933573097,210.025930976077,-0.8209804312437541,-2.7615192977086336,3.888871327291367,0.51962078036792,9.372823446631699,5.794966924826525,42.215359016767444,23.6963653268791,0.2643123787170918,0.0,-16.134180465776808,0.49258825874625245
P100_1100,420000,714,Omega_safe_one_step_QP,25.28654618612484,50.09746241341433,32.68570441200518,-0.5209173240164706,0.9317783117294312,False,False,-0.9317783117294312,-0.09317783266305923,-4.960017233139377,-4.960017233139369,200.4598159218204,200.4598159218204,205.41983315495978,199.34066329353396,1.1191526282864288,-5.32317300304174,3.2114949657082623,0.9317783266305907,-0.018973691388964653,-0.0018973691621795297,0.5167621450038518,0.516762145003865,210.18663960595273,210.18663960595276,209.6698774609489,209.0424347721759,1.144204833776854,-2.664517708072555,3.9858729169274456,0.129648424767696,9.402859207418148,5.322822584762957,39.08165286883583,26.056963387753914,0.5262944174764712,0.0,-32.525475929215645,-0.6865229002661124
P100_1100,420000,715,Omega_safe_one_step_QP,25.302894379058216,50.098987486105486,36.10291268402307,-0.5733961006617669,0.9520589113235474,False,False,-0.9520589113235474,-0.0952058956027031,-4.775796688673265,-4.77579668867327,197.5751315260589,197.5751315260589,202.35092821473216,196.33181914662666,1.2433123794322398,-5.016282509018979,3.5183854597310216,0.9520589560270319,-0.015024935826659203,-0.001502493629232049,0.6058670708279312,0.6058670708279243,209.6966308654014,209.69663086540137,209.09076379457346,208.47148330757508,1.2251475578262898,-2.60660634143501,4.043784283564991,0.14982675344239516,10.296461479436113,4.283303968035214,36.784237301038395,25.257796924832846,0.5815293973853954,0.0,-35.9493535467127,-0.7350885346957767
P100_1100,420000,716,Omega_safe_one_step_QP,25.293476298353585,50.099657779084644,31.481970086544607,-0.4734822240390704,0.9438241124153137,False,False,-0.9438241124153137,-0.09438241273164749,-4.9248767829523175,-4.924876782952319,199.4432526877586,199.4432526877586,204.3681294707109,198.4468921222598,0.9963605654987759,-5.218002634616853,3.3166653341331473,0.9438241273164751,-0.013598944991827011,-0.0013598945224657655,0.564134253433106,0.5641342534330934,210.1130768604386,210.11307686043858,209.5489426070055,208.94464351921192,1.1684333412266596,-2.652424222678214,3.997966402321787,0.14110530121150516,13.1837946650835,3.1912213575917665,41.88352203196982,27.783260029086815,0.5088222268330185,0.0,-31.28973230864176,-0.701060004735993
P100_1100,420000,717,Omega_safe_one_step_QP,25.229675194300775,50.10342003306843,-6.68290109361169,0.0991520202477729,0.9746415019035339,False,False,-0.9746415019035339,-0.09746415168046951,-6.323318527518376,-6.32331852751839,210.74318776877686,210.74318776877686,217.06650629629524,211.24403724039777,-0.50084947162091,-6.487840317175288,2.046827651574713,0.9746415168046971,-0.2308097928762436,-0.02308098040521145,-0.8310302364340432,-0.8310302364340522,211.63532871261884,211.63532871261881,212.46635894905288,211.87864514701292,-0.243316434394103,-2.9441658568829516,3.706224768117049,0.282263390321998,11.063248179294256,5.489437039704918,42.98095942427127,25.12890559232893,-0.09885902590200857,0.0,6.635770258877528,0.1459898606364618
P100_1100,420000,718,Omega_safe_one_step_QP,25.23265096859666,50.10683443455052,-0.34368037447711686,0.005088048448612008,0.9691749215126038,False,False,-0.9691749215126038,-0.09691749513149261,-6.2427778443341015,-6.242777844334108,210.35864751748053,210.35864751748053,216.60142536181465,210.59963177507376,-0.24098425759322595,-6.441332223727227,2.0933357450227743,0.9691749513149274,-0.21864928305149078,-0.02186492830514908,-0.7781001192922576,-0.7781001192922528,211.77427902676163,211.77427902676163,212.55237914605388,211.93385747257156,-0.15957844580992742,-2.9527678765830534,3.697622748416947,0.26351550538834473,11.338460463822855,4.971858166591195,41.468322011702504,26.755312825440193,0.003485555728897083,0.0,0.24444775126266904,0.09574706748595929
P100_1100,420000,719,Omega_safe_one_step_QP,25.225707716724358,50.11112173301653,-1.2441939357158844,0.01827577760256341,0.9746178388595581,False,False,-0.9746178388595581,-0.09746178239583969,-6.4217698036421,-6.421769803642108,211.656466312314,211.65646631231397,218.0782361159561,211.94642245152082,-0.2899561392068506,-6.589013299141371,1.9456546696086308,0.974617823958398,-0.11662352085113525,-0.01166235189884901,-0.2982823400864747,-0.29828234008646914,212.80518178200367,212.80518178200367,213.10346412209014,212.4622663998379,0.3429153821657849,-3.007876374186679,3.6425142508133215,0.09916708766567038,11.511226732395064,4.6794617154941704,36.930624238081684,26.926511879802252,-0.015935762349410965,0.0,1.4658789273653383,-0.20574922929947093
P100_1100,420000,720,Omega_safe_one_step_QP,25.212435072372436,50.11535634416557,-4.94442657180025,0.0713320006465824,0.9731953144073486,False,False,-0.9731953144073486,-0.09731953591108322,-6.677301463015151,-6.677301463015145,214.12294002104346,214.12294002104346,220.8002414840586,214.5355558513686,-0.41261583032513727,-6.861213835951623,1.6734541327983778,0.9731953591108315,-0.31758129596710205,-0.031758129596710205,-1.4248480544894082,-1.4248480544894027,212.49274135493505,212.49274135493505,213.91758940942447,213.25427468723421,-0.761533332299166,-3.08928890292011,3.56110172207989,0.461222015572122,12.06408805841944,5.326642341547238,42.25003167789064,25.19748696316376,-0.064922667449963,0.0,4.552429239869525,0.4569199993795081
P100_1100,420000,721,Omega_safe_one_step_QP,25.201588668524494,50.11961894679699,-5.561190752875518,0.08257765638820222,0.9646556973457336,False,False,-0.9646556973457336,-0.0964655727148056,-6.834816166399133,-6.834816166399121,216.20567474840533,216.20567474840533,223.04049091480445,216.62935420903048,-0.42367946062515216,-7.085238779026208,1.4494291897237932,0.9646557271480546,-0.4747419059276581,-0.04747419059276581,-2.314361797425493,-2.3143617974254855,212.31617925739945,212.31617925739948,214.63054105482496,213.94142744066298,-1.6252481832634942,-3.1605840674601615,3.489806557539839,0.7322576296112577,9.836370109697318,5.7529001655085565,41.658033848784235,26.911741483418375,-0.0679953394053463,0.0,4.654037182322099,0.9751489099580937
P100_1100,420000,722,Omega_safe_one_step_QP,25.22866700898908,50.12442712281218,11.07141501685237,-0.16387649110806532,0.9691221714019775,False,False,-0.9691221714019775,-0.09691222012042999,-6.358097108067681,-6.3580971080676925,211.43676954089565,211.43676954089565,217.79486664896334,211.21550682299664,0.22126271789900898,-6.560676352442096,1.9739916163079037,0.9691222012043016,-0.1447857916355133,-0.01447857916355133,-0.511923693242031,-0.511923693242021,213.26417901461494,213.26417901461497,213.77610270785698,213.05514709399847,0.20903192061649634,-3.075140232763364,3.575250392236636,0.16647165803622532,11.211073633058229,4.13314671307368,39.603924788467445,24.049475319454924,0.18521209397824379,0.0,-11.131207958460436,-0.12541915236990064
P100_1100,420000,723,Omega_safe_one_step_QP,25.215886088184206,50.127004328787656,4.731099204886959,-0.06800221155350315,0.9768026471138,False,False,-0.9768026471138,-0.09768026322126389,-6.665910871675656,-6.665910871675659,213.76433914979035,213.76433914979035,220.430250021466,213.80739841231542,-0.04305926252507675,-6.824214689692363,1.7104532790576377,0.9768026322126392,-0.12960083782672882,-0.012960083782672882,-0.49933821861710104,-0.49933821861710936,213.97742453620887,213.97742453620887,214.47676275482598,213.74747252626784,0.22995200994103016,-3.145206237460263,3.505184387539737,0.15876167758726126,12.458517629345588,4.904204117334824,40.58014294857165,21.790796447582185,0.08278985663393001,0.0,-4.6759178555566905,-0.1379712059646181
P100_1100,420000,724,Omega_safe_one_step_QP,25.193688603859194,50.129080752713854,-4.268557124740255,0.06322178254438432,0.9753270745277405,False,False,-0.9753270745277405,-0.0975327119231224,-7.094221255356414,-7.094221255356417,217.83072180190766,217.83072180190766,224.92494305726407,218.23019179682146,-0.399469994913801,-7.27368399327217,1.2609839754778307,0.9753271192312247,-0.22699031233787537,-0.022699031978845596,-1.1112232035572485,-1.1112232035572382,214.43463281630204,214.43463281630204,215.5458560198593,214.80454335582857,-0.3699105395265292,-3.252115563963593,3.398275061036407,0.3416924096642213,9.647663504213831,5.208099370593481,41.894875360091625,23.31917248709078,-0.05941297371684673,0.0,4.106023774741516,0.22194632371594025
P100_1100,420000,725,Omega_safe_one_step_QP,25.22049825625767,50.13186821051924,14.100885112911783,-0.2098612104262716,0.9630849957466125,False,False,-0.9630849957466125,-0.09630849957466125,-6.506518903323447,-6.506518903323435,213.24071900225036,213.24071900225036,219.7472379055738,212.89346707031814,0.34725193193222026,-6.755913478103142,1.778754490646859,0.9630849957466109,-0.08091609179973602,-0.008091608993709087,-0.25909666525922925,-0.2590966652592237,214.33096122861014,214.33096122861014,214.59005789386936,213.8203558101082,0.5106054185019389,-3.156535751364601,3.4938548736353994,0.08208260120203413,10.509624127092371,5.138633861587046,38.50202310444011,26.562472561159165,0.23096283449194743,0.0,-14.025484696302556,-0.30636325110114626
P100_1100,420000,726,Omega_safe_one_step_QP,25.228712062041804,50.1358994918598,18.104743627356584,-0.2857695014474293,0.9546380043029785,False,False,-0.9546380043029785,-0.09546380490064621,-6.3034664454307165,-6.3034664454307165,211.91454667474866,211.91454667474866,218.2180131201794,211.3403220131004,0.5742246616482589,-6.6029909995637,1.9316769691863003,0.9546380490064615,-0.2146139293909073,-0.02146139368414879,-0.9470005565903584,-0.9470005565903581,213.53813752335185,213.53813752335185,214.4851380799422,213.710359362487,-0.17222183913514755,-3.146043769971886,3.504346855028114,0.3010131536087372,7.358136129740702,5.529762563433739,38.20302960398678,26.86333791864416,0.30057850733379077,0.0,-18.50865523817083,0.10333310348107716
P100_1100,420000,727,Omega_safe_one_step_QP,25.2859195774325,50.13890725273467,49.72226252665223,-0.7863718937095641,0.9203546643257141,False,False,-0.9203546643257141,-0.09203546494245529,-5.048279221792037,-5.04827922179205,201.99127953399477,201.99127953399474,207.0395587557868,200.1384592729192,1.85282026107555,-5.4851455631244415,3.049522405625559,0.9203546494245551,-0.036321137100458145,-0.003632113803178072,0.18041091536908915,0.180410915369094,212.44095072984683,212.44095072984683,212.26053981447774,211.47793883166267,0.9630118981841633,-2.9235839434254394,3.726806681574561,0.048408981410560076,9.70622502995779,5.387067178938357,42.53221802957239,24.399020947904013,0.804573874900866,0.0,-49.9490292626424,-0.5778071389105008
P100_1100,420000,728,Omega_safe_one_step_QP,25.300567138063094,50.13991529050912,44.53314192054859,-0.7625067247802448,0.9436939358711243,False,False,-0.9436939358711243,-0.09436939656734467,-4.915133983009213,-4.91513398300921,199.35695146838458,199.35695146838458,204.2720854513938,197.58794025010369,1.7690112182808946,-5.208398232685141,3.3262697360648597,0.9436939656734463,-0.01764516346156597,-0.0017645163461565971,0.33832067430394697,0.33832067430394075,212.055840747271,212.05584074727096,211.71752007296703,210.96828862660985,1.0875521206611154,-2.8692819692743674,3.781108655725633,0.08947658084134416,5.660383496083985,5.190690458257239,44.20185771699981,28.39808511571218,0.7164298908626847,0.0,-44.597040539013506,-0.6525312723966579
P100_1100,420000,729,Omega_safe_one_step_QP,25.373344700244033,50.14173095876943,79.24128613239282,-1.3584753548330353,0.895340085029602,False,False,-0.895340085029602,-0.08953400701284409,-3.3883909104753847,-3.3883909104753847,186.64444879543439,186.64444879543439,190.03283970590977,183.4928179150774,3.1516308803569757,-3.7844736581367395,4.750194310613262,0.8953400701284406,-0.010310186073184013,-0.0010310186771675944,0.6183152838906594,0.6183152838906664,209.38915125252,209.38915125252,208.77083596862934,208.04151457283405,1.3476366796859622,-2.5746135588405994,4.075777066159401,0.1517048832293725,8.784058476821158,3.0624276768697314,43.06008507755449,21.51760536424907,1.2795387453348006,0.0,-79.71224286991674,-0.8085820078115802
P100_1100,420000,730,Omega_safe_one_step_QP,25.372614208534273,50.138415236702095,69.7401110884066,-1.170695173117985,0.8957352042198181,False,False,-0.8957352042198181,-0.08957352489233017,-3.417629394025497,-3.417629394025505,186.92493285371853,186.92493285371853,190.34256224774404,184.22114936670098,2.703783487017546,-3.815445912320166,4.719222056429835,0.8957352489233036,-0.04321370646357536,-0.004321370739489794,0.4592217241010693,0.45922172410107487,209.0958682967785,209.0958682967785,208.63664657267742,207.97314043189394,1.1227278648845527,-2.5611946192454065,4.0891960057545935,0.11230122582894705,9.858629124619231,5.138033519467464,35.7173460435031,26.799764081692217,1.1278287035495005,0.0,-70.19430307302537,-0.6736367189307373
P100_1100,420000,731,Z_mode_existing_controller,25.36793210317002,50.13807599836125,85.44395736824663,-1.4365917156456078,0.9145260453224182,False,False,-0.9145260453224182,-0.09145260602235794,-2.327009980153301,-2.327009980153306,189.06670938700378,189.06670938700378,191.39371936715708,185.64042209069757,3.4262872963062136,-3.729509515031129,3.4099074169305124,0.6239453125872728,-0.08493682742118835,-0.00849368330091238,-0.5553223317726258,-0.5553223317726258,208.27672522742063,208.27672522742063,208.83204755919326,208.2264957538849,0.05022947353572249,-0.6072241742754312,0.40481612279545515,0.9145260602235786,9.423690307900427,5.517967870657806,38.9577696424158,19.635371895307017,1.3929396977846942,0.0,-86.80675938190961,-0.03013768412144202
P100_1100,420000,732,Omega_safe_one_step_QP,25.37597002447088,50.133939670899856,43.94546018046367,-0.7252558079756719,0.8873879909515381,False,False,-0.8873879909515381,-0.08873879909515381,-3.3234939252413893,-3.3234939252413933,186.31715486286848,186.31715486286848,189.64064878810987,184.70217096963646,1.6149838932320222,-3.7452545663567496,4.789413402393252,0.887387990951539,-0.10013493150472641,-0.010013493709266186,0.19303516939462306,0.19303516939463694,208.41587914145302,208.41587914145305,208.2228439720584,207.74991383095698,0.6659653104960626,-2.519814359183506,4.130576265816495,0.046733229692946854,10.765862316948132,3.806087003115018,37.90157549386491,21.65917873477987,0.7133485661029724,0.0,-44.25922956026989,-0.399579186297629
P100_1100,420000,733,Z_mode_existing_controller,25.34553405469636,50.13082861306658,33.84665607207353,-0.5613267342469807,0.9354410171508789,False,False,-0.9354410171508789,-0.09354410320520401,-3.4896703903506006,-3.489670390350594,192.31356359964417,192.31356359964417,195.80323398999477,191.06292460655263,1.2506389930915418,-3.73050814619009,3.408908785771551,0.9354410320520382,-0.000868707662448287,-8.687076478963718e-05,-0.10043288080332918,-0.10043288080332224,209.25010574812245,209.25010574812248,209.3505386289258,208.90853865949845,0.34156708862403207,-0.6072241742754312,0.40481612279545515,0.16539671023994318,8.947979945958176,4.909144151048419,36.75737784446775,24.652536661378413,0.5513636112057654,0.0,-34.19307943010426,-0.20494025317442777
P100_1100,420000,734,Z_mode_existing_controller,25.35819212588635,50.129923081361994,19.980474719849553,-0.32234015397928484,0.9332311749458313,False,False,-0.9332311749458313,-0.09332311898469925,-3.4853378080332744,-3.485337808033274,189.44823325250744,189.44823325250744,192.93357106054071,188.8168819108462,0.6313513416612295,-3.7346992320356467,3.404717699925995,0.933231189846992,0.005028954241424799,0.0005028954474255443,-0.06108770292511251,-0.061087702925113896,208.6349378576843,208.6349378576843,208.6960255606094,208.35891366843182,0.2760241892524675,-0.6072241742754312,0.40481612279545515,0.10060156613166242,11.159219083829656,5.735763648105153,38.154427093586555,26.436779472325995,0.3278432630097683,0.0,-20.14270346930789,-0.16561451355148904
P100_1100,420000,735,Z_mode_existing_controller,25.3418618788026,50.130301617762235,8.312992531774398,-0.1352847702027046,0.912996232509613,False,False,-0.912996232509613,-0.0912996232509613,-3.4135110252399703,-3.4135110252399645,192.35820071907534,192.35820071907537,195.77171174431533,192.19515656409763,0.16304415497774016,-3.7388007789002886,3.4006161530613523,0.9129962325096115,-0.0042991130612790585,-0.00042991130612790585,-0.12091661696768952,-0.1209166169677034,209.2132966989419,209.2132966989419,209.33421331590958,209.08957708648552,0.12371961245636953,-0.6072241742754312,0.40481612279545515,0.1991301105756978,9.826440326917455,5.78753090452694,42.483364068707914,24.922787812017013,0.1390376455223894,0.0,-8.37779840982239,-0.07423176747381888
P100_1100,420000,736,Z_mode_existing_controller,25.35005850475734,50.130210590101974,-2.431912011195891,0.040400975946373895,0.9181326031684875,False,False,-0.9181326031684875,-0.09181325882673264,-3.436301579360981,-3.43630157936098,190.36183000521137,190.36183000521137,193.79813158457236,190.65217514522445,-0.29034514001307343,-3.7427073423522312,3.3967095896094106,0.9181325882673262,0.0027282058726996183,0.00027282058726996183,-0.07482144203523888,-0.07482144203524027,208.84209384920786,208.84209384920786,208.9169152912431,208.74637522042093,0.09571862878692627,-0.6072241742754312,0.40481612279545515,0.12321881309241481,8.957596488648116,5.689792533828718,42.96916551030645,27.830511104342488,-0.03571246855414145,0.0,2.525055657021767,-0.05743117727215008
P100_1100,420000,737,Omega_safe_one_step_QP,25.3689539706816,50.13133841711202,-6.051295590828886,0.09969154268606052,0.866243839263916,False,False,-0.866243839263916,-0.0866243839263916,-3.2498623993941878,-3.2498623993941793,186.45495659761818,186.45495659761818,189.70481899701235,186.90621254459847,-0.4512559469802966,-3.7516715872469986,4.782996381503002,0.8662438392639132,-0.04734361171722412,-0.004734361078590155,0.4601973483166294,0.4601973483166169,208.5771091951802,208.5771091951802,208.1169118468636,208.00683022264886,0.5702789725313551,-2.5092211466640246,4.141169478335976,0.11112738822308127,10.338380498815793,5.316645903001089,36.36195420660959,26.336333932938352,-0.09840042165519591,0.0,6.491863396003282,-0.34216738351881304
P100_1100,420000,738,Z_mode_existing_controller,25.358187682196622,50.13082739233167,-4.793255940547169,0.07894969623168702,0.896221399307251,False,False,-0.896221399307251,-0.0896221399307251,-3.3562739589831385,-3.356273958983151,188.6295097175799,188.6295097175799,191.98578367656305,189.01374175047107,-0.3842320328911626,-3.7449161128906607,3.3945008190709807,0.8962213993072542,-0.019343413412570953,-0.001934341387823224,-0.21901375296456693,-0.21901375296457665,208.34509354338405,208.34509354338405,208.56410729634862,208.4255770413694,-0.08048349798534105,-0.6072241742754312,0.40481612279545515,0.3606802269127613,9.856962860578822,7.665302729495844,38.878279920783804,24.90426082262962,-0.07186726326698789,0.0,4.816833105023761,0.048290098791213154
P100_1100,420000,739,Omega_safe_one_step_QP,25.37690207481565,50.12988913516134,-8.918087648364235,0.14458518178568402,0.8968089818954468,False,False,-0.8968089818954468,-0.08968090265989304,-3.2087843746471445,-3.2087843746471387,184.75933745483823,184.75933745483823,187.96812182948537,185.32099174983753,-0.5616542949993004,-3.5780018704942997,4.956666098255702,0.8968090265989286,-0.06514798104763031,-0.006514798384159803,0.43330590793763946,0.4333059079376464,208.0939383267026,208.0939383267026,207.66063241876498,207.57916737342214,0.5147709532804754,-2.463593203854162,4.1867974211458385,0.10349340184198826,11.716667211708533,3.6305515175943976,43.44562441345236,19.14552797481347,-0.1436808038965296,0.0,9.370631024229624,-0.3088625719682767
P100_1100,420000,740,Z_mode_existing_controller,25.33007130027453,50.125750925622235,-9.300158047799414,0.143351142051462,0.9052520394325256,False,False,-0.9052520394325256,-0.09052520245313644,-3.3919026116021054,-3.391902611602107,194.01315854606844,194.0131585460684,197.40506115767053,194.57231372941862,-0.5591551833502137,-3.74691524535175,3.392501686609891,0.9052520245313648,-0.007012412417680025,-0.0007012412534095347,-0.13813126393957542,-0.1381312639395768,209.28942677339148,209.28942677339148,209.42755803733107,209.31627200239294,-0.026845229001452253,-0.6072241742754312,0.40481612279545515,0.2274798497678417,12.580853188802518,3.616015965305796,40.39299395061206,20.781039667036787,-0.1441342782166899,0.0,9.428185188615316,0.01610713740087988
P100_1100,420000,741,Omega_safe_one_step_QP,25.27529016959508,50.12406582450527,-62.677797630775785,0.9790836525586333,0.958430826663971,False,False,-0.958430826663971,-0.09584308415651321,-5.337995898008867,-5.337995898008867,202.54526713282198,202.54526713282198,207.88326303083085,205.3665827094492,-2.821315576627228,-5.5695159906288465,2.965151978121154,0.9584308415651323,-0.3547685444355011,-0.03547685593366623,-1.3977713486993615,-1.3977713486993573,210.17968278887113,210.17968278887113,211.5774541375705,211.52293790984305,-1.343255120971918,-2.855275375734714,3.7951152492652866,0.48953994440542725,9.256562197486712,4.871884603577032,41.47160996539131,22.311779361541017,-1.0001248499874027,0.0,62.87196940817921,0.8059530725831507
P100_1100,420000,742,Omega_safe_one_step_QP,25.292843006126176,50.1237765122463,-41.23061582531864,0.6406076108824585,0.9537855982780457,False,False,-0.9537855982780457,-0.0953785628080368,-4.997643736389736,-4.997643736389732,199.5884363470655,199.5884363470655,204.58608008345524,201.49839048965129,-1.9099541425857751,-5.239797695891286,3.2948702728587147,0.9537856280803674,-0.14937905967235565,-0.01493790652602911,-0.2601933571401885,-0.26019335714019404,210.5855458681939,210.5855458681939,210.84573922533409,210.6961673285207,-0.1106214603267972,-2.782103884511074,3.868286740488927,0.09352395451110926,10.45127102608281,4.912795715238032,38.18400771675421,28.098217069196693,-0.6629368343899777,0.0,41.82717978351138,0.06637287619608401
P100_1100,420000,743,Omega_safe_one_step_QP,25.288545728896942,50.12658077297359,-30.969402660443848,0.4851509717271474,0.9367147088050842,False,False,-0.9367147088050842,-0.09367147088050842,-4.999121212225723,-4.99912121222572,200.55764544705318,200.55764544705318,205.5567666592789,202.0533774817052,-1.4957320346520362,-5.336866353473652,3.1978016152763487,0.9367147088050837,-0.1751890778541565,-0.01751890778541565,-0.437438890198364,-0.4374388901983529,210.7661244191562,210.7661244191562,211.20356330935456,210.98620092039835,-0.22007650124214706,-2.81788629291312,3.832504332086881,0.15523653005392574,9.824813672099346,4.350120388944233,38.741584503691925,23.195948738995515,-0.495436301091722,0.0,31.33279306079021,0.13204590074528255
P100_1100,420000,744,Omega_safe_one_step_QP,25.290395069356016,50.126455966511465,-21.62095197889448,0.34886286736032673,0.9383354783058167,False,False,-0.9383354783058167,-0.0938335508108139,-4.988091715008182,-4.98809171500819,200.35894733283857,200.35894733283857,205.34703904784675,201.49580251785432,-1.1368551850157473,-5.315893592330439,3.218774376419563,0.9383355081081404,-0.1322069764137268,-0.01322069764137268,-0.20682921416402197,-0.20682921416402336,210.93414083599777,210.93414083599777,211.1409700501618,210.8660022485445,0.06813858745326229,-2.8116269669938436,3.8387636580061564,0.07356211068965617,8.19887633459693,4.634345633251035,39.598157541247375,27.758322460838695,-0.3472403734606686,0.0,22.009075504826797,-0.04088315247194885
P100_1100,420000,745,Z_mode_existing_controller,25.320312616520667,50.12862414822963,19.46353311985058,-0.3172261975385201,0.9397814869880676,False,False,-0.9397814869880676,-0.093978151679039,-3.5184418801343016,-3.5184418801343043,196.05550666942275,196.05550666942275,199.57394854955706,195.42582372120486,0.6296829482178907,-3.7438934659523206,3.395523466009321,0.9397815167903906,-0.008001296781003475,-0.0008001296664588153,-0.14818544837333775,-0.14818544837333358,209.87389231954188,209.87389231954188,210.02207776791522,209.6972526019179,0.17663971762397068,-0.6072241742754312,0.40481612279545515,0.2440374653235035,8.969415949560242,3.583405652532016,38.38788388229712,27.048631738670505,0.31957084914511746,0.0,-19.677120138420833,-0.1059838305743881
P100_1100,420000,746,Z_mode_existing_controller,25.326340558952197,50.12985304620549,7.598337591995005,-0.12697722041620887,0.9365421533584595,False,False,-0.9365421533584595,-0.09365421533584595,-3.510038137250429,-3.5100381372504326,194.49590831125053,194.49590831125053,198.00594644850096,194.36376362808844,0.13214468316209604,-3.747869889959955,3.3915470420016867,0.9365421533584605,-0.005871450062841177,-0.0005871450412087142,-0.1337294964726593,-0.13372949647266902,209.63383182837921,209.6338318283792,209.76756132485187,209.52844620567558,0.10538562270360785,-0.6072241742754312,0.40481612279545515,0.2202308507105163,7.748849608875787,4.6007131274854824,41.46430580477362,22.909464117647282,0.12679034472559692,0.0,-7.661896563097798,-0.06323137362217324
P100_1100,420000,747,Z_mode_existing_controller,25.359063270979057,50.12821125429226,4.702001212669529,-0.07784321009219616,0.8612657189369202,False,False,-0.8612657189369202,-0.08612657338380814,-3.23125761266385,-3.2312576126638404,187.9863530096247,187.9863530096247,191.21761062228856,187.98185967672532,0.00449333289938636,-3.751754523269271,3.3876624086923703,0.8612657338380788,-0.02537066489458084,-0.0025370665825903416,-0.255457252579247,-0.2554572525792498,207.97726773098321,207.97726773098321,208.23272498356246,208.06282825782404,-0.0855605268408226,-0.6072241742754312,0.40481612279545515,0.4206967762508361,9.782333203623526,4.773658247048918,37.24285652270967,27.37284976521237,0.08272366750056648,0.0,-4.836061196274386,0.051336316104496404
P100_1100,420000,748,Z_mode_existing_controller,25.35412088470013,50.128527217301944,-6.2746699012432146,0.10183918952342304,0.8860913515090942,False,False,-0.8860913515090942,-0.08860913664102554,-3.327379693999416,-3.327379693999419,188.5517602938814,188.55176029388136,191.8791399878808,189.00408495417457,-0.4523246602932147,-3.7551203184377475,3.384296613523894,0.8860913664102559,-0.026315515860915184,-0.0026315515860915184,-0.26423727172016076,-0.2642372717201594,208.13533278896105,208.13533278896105,208.3995700606812,208.2919027634695,-0.156569974508443,-0.6072241742754312,0.40481612279545515,0.4351560476581155,10.746274927979986,6.705354941626606,37.26822161968039,25.94153445710857,-0.0943676978174004,0.0,6.27509561435545,0.09394198470506865
P100_1100,420000,749,Z_mode_existing_controller,25.351595255163414,50.12830438034689,-15.219510739084399,0.24552059294193318,0.9033317565917969,False,False,-0.9033317565917969,-0.09033317863941193,-3.3952376325084335,-3.3952376325084277,188.66743593516398,188.66743593516398,192.06267356767242,189.4900938207577,-0.8226578855937134,-3.758572081318423,3.3808448506432187,0.9033317863941176,-0.013074979186058044,-0.0013074979651719332,-0.17815234132705915,-0.17815234132706748,208.25551789527475,208.25551789527475,208.4336702366018,208.37955603290558,-0.12403813763083349,-0.6072241742754312,0.40481612279545515,0.29338809104503677,10.985162036165036,2.544020665644176,38.61741269789984,26.63421088293356,-0.23983955831961268,0.0,15.384927414826052,0.07442288257850294
P100_1100,420000,750,Z_mode_existing_controller,25.30831920223888,50.128689625158955,-23.938991328869633,0.3795327657891097,0.937092125415802,False,False,-0.937092125415802,-0.09370921552181244,-3.525400222359894,-3.525400222359883,196.74343711132224,196.74343711132227,200.26883733368214,197.94336607303023,-1.1999289617079683,-3.7620635310294497,3.3773534009321917,0.9370921552181214,-0.007092640269547701,-0.0007092640153132379,-0.14188579497522308,-0.14188579497522308,210.07467258441125,210.07467258441125,210.21655837938647,210.20737644897628,-0.13270386456503047,-0.6072241742754312,0.40481612279545515,0.23366295510966434,10.052136303832754,5.62551634436362,39.847989056805275,21.293452632584962,-0.381886810279191,0.0,24.241255820410515,0.0796223187390126
P100_1100,420000,751,Z_mode_existing_controller,25.31447347791333,50.12697321401433,-29.32798789280696,0.4605032515086534,0.9414128661155701,False,False,-0.9414128661155701,-0.09414128959178925,-3.5450714760893716,-3.545071476089369,195.19743810033748,195.19743810033748,198.74250957642684,196.6064955203738,-1.4090574200363335,-3.7656924941875496,3.3737244377740923,0.9414128959178915,-0.008043939247727394,-0.000804393959697336,-0.14863341799906948,-0.1486334179990556,209.65185103308724,209.65185103308724,209.8004844510863,209.8266746004212,-0.17482356733395932,-0.6072241742754312,0.40481612279545515,0.24477519884054696,10.959330080086698,5.615542246626812,42.62041442888451,23.520189894591265,-0.468435021441028,0.0,29.691528773847494,0.10489414040037559
P100_1100,420000,752,Z_mode_existing_controller,25.306845802103346,50.12684246117587,-32.60875132897854,0.5152827897968172,0.9391934871673584,False,False,-0.9391934871673584,-0.09391935169696808,-3.5400842799039913,-3.54008427990399,196.37809909780177,196.37809909780177,199.91818337770576,197.93994946362315,-1.5618503658213854,-3.7692810011360773,3.3701359308255645,0.9391935169696803,-0.009712466970086098,-0.0009712466853670776,-0.15947681125250204,-0.15947681125250204,209.8930812767724,209.8930812767724,210.05255808802488,210.1094742265879,-0.21639294981551416,-0.6072241742754312,0.40481612279545515,0.2626325136722321,10.264473611485261,5.295873348551064,44.96452452080845,27.933439081084376,-0.5216512393960357,0.0,33.000566798486034,0.12983576988931134
P100_1100,420000,753,Z_mode_existing_controller,25.308727935310657,50.1295189063723,-36.45198355100729,0.5655544546081094,0.9411720633506775,False,False,-0.9411720633506775,-0.09411720931529999,-3.5508453775113136,-3.550845377511319,195.6424786488242,195.6424786488242,199.19332402633552,197.33681261781882,-1.6943339689946129,-3.772790760949686,3.366626171011956,0.9411720931530009,-0.006593754049390554,-0.0006593753932975233,-0.13898939087091666,-0.13898939087090278,209.92084607606367,209.92084607606367,210.05983546693457,210.14127293094535,-0.2204268548816799,-0.6072241742754312,0.40481612279545515,0.2288930460266203,11.52178407224436,3.7696170324597484,43.451013124828506,28.701782651676737,-0.5832151788376194,0.0,36.902942616916334,0.13225611292901363
P100_1100,420000,754,Omega_safe_one_step_QP,25.27579977081029,50.13280702280459,-77.19243855640161,1.1694280915213364,0.9578924179077148,False,False,-0.9578924179077148,-0.09578924626111984,-5.0902762715954895,-5.090276271595492,200.23819981004777,200.23819981004777,205.32847608164326,203.57548059759475,-3.337280787546973,-5.314037295710089,3.2206306730399112,0.9578924626111988,-0.3540393114089966,-0.03540393337607384,-1.3932573782292992,-1.3932573782292894,210.17409035581656,210.17409035581656,211.56734773404585,211.6710067706127,-1.4969164147961465,-2.85426473538225,3.7961258896177505,0.4881317983430507,11.531414914337114,4.9276546598244595,39.945765008523814,28.6532597267419,-1.2324371854852636,0.0,77.52672589300892,0.8981498488776936
P100_1100,420000,755,Omega_safe_one_step_QP,25.256208465883564,50.13651489048185,-65.50947805976011,1.0362774602863327,0.9594776630401611,False,False,-0.9594776630401611,-0.0959477648139,-5.484840535762619,-5.484840535762616,203.86812251439656,203.86812251439656,209.3529630501592,206.90941156000338,-3.041289045606817,-5.7164859925616796,2.818181976188321,0.9594776481389997,-0.17762281000614166,-0.017762281000614166,-0.575206000263715,-0.5752060002637193,212.05242897629822,212.05242897629822,212.62763497656192,212.6178613850708,-0.5654324087725797,-2.9602934596338586,3.6900971653661414,0.1943070874922188,8.18678066522503,5.737967013495438,42.06000812975974,29.43930042287388,-1.0536217538184107,0.0,66.2238403683159,0.3392594452635507
P100_1100,420000,756,Z_mode_existing_controller,25.297383777486832,50.14035566284377,-4.3154522053782784,0.06690007264101801,0.9245851039886475,False,False,-0.9245851039886475,-0.09245850890874863,-3.4873655006971505,-3.4873655006971553,197.90500878694553,197.9050087869455,201.39237428764267,198.30379606929975,-0.3987872823542489,-3.771816722827518,3.3676002091341237,0.9245850890874874,0.00758929131552577,0.0007589291199110448,-0.04322895332615484,-0.04322895332614235,211.092652457042,211.092652457042,211.13588141036814,211.0195031491381,0.07314930790388985,-0.6072241742754312,0.40481612279545515,0.07119109409259801,11.334756595429555,4.738766933497712,36.23692792375336,24.694780738377066,-0.063672802662051,0.0,4.423014592782238,-0.04388958474233107
P100_1100,420000,757,Omega_safe_one_step_QP,25.27540643194242,50.14088855929332,-49.45216696379066,0.7746531132974209,0.9519396424293518,False,False,-0.9519396424293518,-0.09519396722316742,-5.066255026266752,-5.066255026266746,200.34218520629534,200.34218520629537,205.4084402325621,202.63479591655644,-2.292610710261073,-5.322033710801974,3.2126342579480265,0.9519396722316731,-0.22154198586940765,-0.022154198959469795,-0.7500737678738579,-0.7500737678738622,211.28215983431375,211.28215983431375,212.0322336021876,211.97148708076045,-0.6893272464467088,-2.9007533221964255,3.7496373028035745,0.2585789567607606,9.721071897344018,6.058851826210138,42.726679750492565,29.921541574428048,-0.790451127075233,0.0,49.82902174299761,0.41359634786802246
P100_1100,420000,758,Omega_safe_one_step_QP,25.29403313092079,50.14500783344534,-26.065516838839358,0.41554681757941925,0.9336936473846436,False,False,-0.9336936473846436,-0.09336936473846436,-4.640805753668464,-4.640805753668474,197.25102799673562,197.25102799673562,201.8918337504041,198.59741347429608,-1.3463854775604602,-4.970373062586171,3.56429490616383,0.9336936473846457,0.021078746765851974,0.002107874723151326,0.5552803719210054,0.5552803719210103,212.0608698794591,212.0608698794591,211.50558950753808,211.35840029221902,0.7024695872400741,-2.8480889127314732,3.802301712268527,0.14603795646445933,9.576452057657228,5.696386858138688,38.923395751209284,25.476978791024166,-0.42409653516137524,0.0,26.91109512634557,-0.42148175234405016
P100_1100,420000,759,Z_mode_existing_controller,25.307924134357883,50.1456127370716,10.776761937432639,-0.17008985197743284,0.9123667478561401,False,False,-0.9123667478561401,-0.0912366732954979,-3.4403589758819964,-3.4403589758819844,195.9057150461253,195.9057150461253,199.3460740220073,195.6883896680974,0.2173253780279083,-3.7708071235119913,3.3686098084496505,0.9123667329549755,0.0046236892230808735,0.00046236891648732126,-0.06166442149245152,-0.0616644214924536,210.92272059050862,210.92272059050862,210.98438501200107,210.7777869768426,0.1449336136660122,-0.6072241742754312,0.40481612279545515,0.10155132833114645,10.87837599658125,6.860170088336472,42.602740414289144,28.662525740003606,0.1806994212103561,0.0,-10.870501190443065,-0.08696016819961017
P100_1100,420000,760,Z_mode_existing_controller,25.31329479223378,50.14860400380191,-1.45873429168023,0.023768667398612924,0.9379497766494751,False,False,-0.9379497766494751,-0.09379497915506363,-3.5399462422657373,-3.539946242265748,194.40683532880917,194.40683532880914,197.9467815710749,194.6973144061545,-0.29047907734536693,-3.774131914261031,3.365285017700611,0.937949791550639,0.01351887732744217,0.0013518877094611526,-0.005248219011976668,-0.005248219011968341,210.85997142002958,210.85997142002958,210.86521963904156,210.72869897425585,0.13127244577373176,-0.6072241742754312,0.40481612279545515,0.008642967843351702,9.163977440253623,3.901920002965473,38.18083853451587,25.80285904825403,-0.019059827458651313,0.0,1.5565575866030485,-0.0787634674642419
P100_1100,420000,761,Z_mode_existing_controller,25.31706790636588,50.14881876127203,-7.589633066127135,0.12463464371471145,0.9219136238098145,False,False,-0.9219136238098145,-0.09219136089086533,-3.4825739105296725,-3.4825739105296765,193.40402262154595,193.40402262154595,196.88659653207563,193.9542556935425,-0.5502330719965585,-3.7775490858110756,3.3618678461505658,0.9219136089086543,0.0016495942836627364,0.00016495943418703973,-0.08235895480471489,-0.08235895480472114,210.5769388070125,210.57693880701248,210.65929776181721,210.57768473712179,-0.000745930109303572,-0.6072241742754312,0.40481612279545515,0.13563187747423885,8.885267372148022,5.931605373133678,41.608179251527886,26.148576286705016,-0.11754462243997033,0.0,7.706730130501455,0.0004475580655878275
P100_1100,420000,762,Z_mode_existing_controller,25.340809621814692,50.14924501558456,-11.34600074807804,0.1894356459936365,0.8950772881507874,False,False,-0.8950772881507874,-0.08950772881507874,-3.384115098589839,-3.384115098589825,188.5178235199628,188.5178235199628,191.90193861855263,189.2279403343241,-0.7101168143612995,-3.7808076949213607,3.358609237040281,0.8950772881507832,0.003478911705315113,0.0003478911821730435,-0.06750842242120025,-0.06750842242118776,209.5591429031777,209.55914290317773,209.6266513255989,209.59018777573695,-0.03104487255922095,-0.6072241742754312,0.40481612279545515,0.11117545262709942,8.993204356923055,5.380072317122202,37.954889773635315,23.888299893852782,-0.17818516912840465,0.0,11.505558993671002,0.01862692353553541
P100_1100,420000,763,Omega_safe_one_step_QP,25.353630253512897,50.147352862187084,-14.231671827838909,0.23495204887058185,0.8910257816314697,False,False,-0.8910257816314697,-0.08910258114337921,-3.2905276937981855,-3.29052769379818,185.8272316940486,185.82723169404863,189.1177593878468,186.6602338831414,-0.8330021890927526,-3.692965626330444,4.841702342419557,0.8910258114337904,-0.04185372218489647,-0.004185372497886419,0.4365754561627008,0.4365754561627022,209.3665137079981,209.3665137079981,208.9299382518354,208.93182484170623,0.43468886629187864,-2.5905237871612057,4.059866837838794,0.10753442750725939,10.288246254034556,6.446227595246537,39.183546289999654,20.281050268083717,-0.2287343837785727,0.0,14.721219531392308,-0.26081331977512434
P100_1100,420000,764,Omega_safe_one_step_QP,25.353925790962084,50.14328212789253,-8.707448564163315,0.14089295593758414,0.8993492722511292,False,False,-0.8993492722511292,-0.08993493020534515,-3.340067985739511,-3.3400679857395135,185.98675285519244,185.98675285519244,189.32682084093196,186.5802536989033,-0.5935008437108706,-3.713871771638957,4.820796197111044,0.8993493020534521,-0.06681167334318161,-0.006681167520582676,0.330870294386916,0.3308702943869271,209.05846707671336,209.05846707671336,208.72759678232643,208.6816141343681,0.37685294234526623,-2.570289640210308,4.080100984789691,0.08109365322583598,11.536694350909984,5.795852484172417,38.60879169768918,26.257274901808216,-0.13759372482440568,0.0,9.071154054395265,-0.22611176540715405
P100_1100,420000,765,Z_mode_existing_controller,25.32980180362052,50.14309722878568,-7.62714669176512,0.1278388655126263,0.9356081485748291,False,False,-0.9356081485748291,-0.09356081485748291,-3.5357787010243626,-3.5357787010243493,190.763995846313,190.763995846313,194.29977454733736,191.31989292110012,-0.5558970747871115,-3.7791234571976107,3.360293474764031,0.9356081485748252,-0.011649413034319878,-0.0011649413499981165,-0.17196249319048618,-0.1719624931904945,209.59436936263043,209.5943693626304,209.7663318558209,209.6818801776318,-0.08751081500139435,-0.6072241742754312,0.40481612279545515,0.2831944123365779,8.272735792098846,3.1122703466010364,40.09968297375426,27.77884573730883,-0.1176368614737271,0.0,7.692277064238624,0.05250648900083377
P100_1100,420000,766,Z_mode_existing_controller,25.340573069696553,50.143855002415904,-12.784893296332484,0.20585433494743854,0.9183524250984192,False,False,-0.9183524250984192,-0.09183524549007416,-3.473610013099976,-3.4736100130999716,188.38955634238542,188.38955634238542,191.8631663554854,189.14180766451582,-0.7522513221304052,-3.782436682738999,3.356980249222643,0.9183524549007401,-0.010388079099357128,-0.0010388079099357128,-0.16184921596780893,-0.1618492159678131,209.13519384506614,209.13519384506614,209.29704306103395,209.25757084485022,-0.12237699978408045,-0.6072241742754312,0.40481612279545515,0.2665394805154773,11.209637231729987,6.165547300758824,38.246508043585344,23.20268422951767,-0.19914328843113793,0.0,12.910610384893516,0.07342619987043975
P100_1100,420000,767,Z_mode_existing_controller,25.326695702879018,50.142119583293585,-20.110258446903572,0.32118881777965347,0.9343206286430359,False,False,-0.9343206286430359,-0.09343206137418747,-3.5369510725744275,-3.5369510725744173,190.7931720076061,190.7931720076061,194.33012308018053,191.84996818429948,-1.056796176693382,-3.7855860403306734,3.3538308916309685,0.9343206137418719,-0.00729255098849535,-0.0007292550872080028,-0.14293139094036095,-0.1429313909403651,209.58824385425044,209.58824385425044,209.7311752451908,209.73540055137673,-0.14715669712629165,-0.6072241742754312,0.40481612279545515,0.23538488254509574,11.04382737695865,4.13097968115573,39.04452800756592,24.19857333806953,-0.31797679520763467,0.0,20.339941223835922,0.08829401827577499
P100_1100,420000,768,Z_mode_existing_controller,25.298949292118,50.14139322671731,-24.841874982891568,0.40417816443557714,0.9455204010009766,False,False,-0.9455204010009766,-0.09455204010009766,-3.5823628583161238,-3.582362858316114,195.93342861975182,195.93342861975182,199.51579147806794,197.22792042753304,-1.2944918077812133,-3.788773731929687,3.3506432000319544,0.9455204010009739,-0.008448559790849686,-0.0008448559674434364,-0.1517331195695637,-0.15173311956955815,210.65246423189762,210.65246423189762,210.8041973514672,210.8442615271191,-0.19179729522147682,-0.6072241742754312,0.40481612279545515,0.24987990596819262,8.667599197914395,3.3397491154283325,38.85546181224553,23.608624961407678,-0.39593297566169383,0.0,25.12272958142057,0.11507837713287472
P100_1100,420000,769,Z_mode_existing_controller,25.308343517357635,50.140459381189245,-27.217556639187933,0.4490123472121386,0.9386142492294312,False,False,-0.9386142492294312,-0.093861423432827,-3.5591974935878263,-3.5591974935878152,193.82205234318013,193.82205234318013,197.38124983676795,195.22711842113668,-1.4050660779565476,-3.7919705065361673,3.3474464254254745,0.938614234328267,-0.009836970828473568,-0.0009836971294134855,-0.16024407287204695,-0.16024407287205805,210.1416040635459,210.1416040635459,210.30184813641796,210.36697652291963,-0.22537245937371608,-0.6072241742754312,0.40481612279545515,0.26389606945946925,8.315602280742244,6.355119811740219,39.37017182085415,23.449217177905226,-0.4343799927042671,0.0,27.516713156267542,0.13522347562422965
P100_1100,420000,770,Omega_safe_one_step_QP,25.343055342627146,50.13904810121063,-27.044181591726556,0.4335095741847697,0.8935179114341736,False,False,-0.8935179114341736,-0.08935179561376572,-3.402725656842541,-3.402725656842552,186.8677196687592,186.86771966875918,190.27044532560174,188.22182963981444,-1.3541099710552658,-3.8082342201059354,4.726433748644066,0.8935179561376603,-0.011327981948852539,-0.001132798264734447,0.6171848186180815,0.6171848186180786,209.32602583809302,209.32602583809302,208.70884101947493,208.79420957640787,0.531816261685151,-2.5684140639251587,4.081976561074842,0.15119754104015853,11.715082383070794,4.071257348507399,44.02714309140843,26.071060223150873,-0.4365791836513111,0.0,27.799850532389428,-0.3190897570110991
P100_1100,420000,771,Z_mode_existing_controller,25.3026877037328,50.13942316985921,-20.088326026344475,0.32884896864854746,0.9299843311309814,False,False,-0.9299843311309814,-0.0929984375834465,-3.5269309127528374,-3.5269309127528445,194.93670096540282,194.93670096540282,198.46363187815567,196.03392891142164,-1.097227946018819,-3.792462544962824,3.3469543869988176,0.9299843758344666,-0.0155361108481884,-0.0015536111313849688,-0.19717535352598015,-0.19717535352597113,210.26952521227156,210.26952521227156,210.46670056579754,210.4902739909757,-0.22074877870414866,-0.6072241742754312,0.40481612279545515,0.32471591527338345,8.572573651925973,2.9011815910407117,37.57697548299255,23.520584349448725,-0.3183331558179061,0.0,20.274209914940002,0.13244926722249772
P100_1100,420000,772,Z_mode_existing_controller,25.309351809685175,50.13818498419835,-24.75935122144074,0.3914930398851021,0.9317836761474609,False,False,-0.9317836761474609,-0.09317836910486221,-3.536584445796424,-3.5365844457964144,193.3489948152495,193.3489948152495,196.88557926104593,194.60727418295346,-1.258279367703949,-3.795499405893637,3.343917526068005,0.9317836910486192,-0.006335071288049221,-0.0006335071520879865,-0.13632330370236395,-0.13632330370235424,209.9287614225086,209.92876142250861,210.06508472621096,210.1162192993782,-0.18745787686958693,-0.6072241742754312,0.40481612279545515,0.2245024316843474,11.019996657239925,5.4409243930292694,45.64971066592049,26.844579266084395,-0.39280758604279953,0.0,25.039684081361884,0.11247472612176068
P100_1100,420000,773,Z_mode_existing_controller,25.29896372768033,50.14000341537069,-28.00250177068301,0.4611926608500586,0.9444995522499084,False,False,-0.9444995522499084,-0.0944499596953392,-3.5876740117387564,-3.587674011738757,195.04959332679564,195.04959332679564,198.6372673385344,196.50087242656278,-1.4512790997671345,-3.7984918398179026,3.3409250921437392,0.9444995969533918,-0.006842432077974081,-0.0006842432194389403,-0.14097572923055385,-0.14097572923056356,210.40938259508195,210.40938259508192,210.5503583243125,210.62891256528738,-0.21952997020545695,-0.6072241742754312,0.40481612279545515,0.2321642240261309,8.12415379389451,3.2787988072272602,44.374267332009246,24.41901636384497,-0.4471279513473849,0.0,28.317911739906776,0.131717982123277
P100_1100,420000,774,Z_mode_existing_controller,25.318167098302037,50.13961863516401,-31.154173045670177,0.49277910921379514,0.9374648928642273,False,False,-0.9374648928642273,-0.09374649077653885,-3.5637786923229555,-3.563778692322958,191.01549196822697,191.01549196822697,194.57927066054992,192.5322320739551,-1.5167401057281324,-3.801506235383089,3.3379106965785525,0.9374649077653889,-0.005547399632632732,-0.0005547399632632732,-0.13167332553531003,-0.13167332553531697,209.53651700723282,209.5365170072328,209.66819033276812,209.76406511172473,-0.22754810449194451,-0.6072241742754312,0.40481612279545515,0.21684466975056757,11.471895612838324,4.277364651055773,36.659335120367416,26.819651643327305,-0.495837215516417,0.0,31.51348139849142,0.1365288626951724
P100_1100,420000,775,Z_mode_existing_controller,25.284021898926934,50.14041308871987,-33.35157553978843,0.5353427245602415,0.9492918252944946,False,False,-0.9492918252944946,-0.09492918103933334,-3.611507918685902,-3.6115079186859087,197.42184029918576,197.42184029918576,201.03334821787166,199.08733982922928,-1.665499530043519,-3.804423338688128,3.3349935932735137,0.9492918103933349,-0.001941367401741445,-0.00019413673726376146,-0.10895001289890904,-0.10895001289891945,210.98977866915584,210.9897786691558,211.09872868205474,211.21588934291066,-0.22611067375484595,-0.6072241742754312,0.40481612279545515,0.17942304920406668,9.054497661657935,5.376680416015893,38.88839518657354,23.959017081686902,-0.5331808830851088,0.0,33.749090018620336,0.13566640425290188
P100_1100,420000,776,Z_mode_existing_controller,25.30345893242998,50.14002490882324,-36.00468610014468,0.5543172394380426,0.941157877445221,False,False,-0.941157877445221,-0.09411578625440598,-3.5833255136455384,-3.583325513645551,193.35326692185853,193.35326692185853,196.93659243550408,195.04725692265848,-1.6939900007999427,-3.807358633714636,3.3320582982470057,0.941157862544063,-0.008915148675441742,-0.0008915148791857064,-0.1543866838659716,-0.15438668386596952,210.05351138470243,210.05351138470243,210.2078980685684,210.33761645764372,-0.28410507294128706,-0.6072241742754312,0.40481612279545515,0.25424989716555846,12.566392752949001,6.379384435804354,40.6809044863656,24.350156349779557,-0.5731165024229838,0.0,36.40733955880205,0.1704630437647836
P100_1100,420000,777,Z_mode_existing_controller,25.277455418968124,50.14036181766614,-38.03137220697408,0.5881336621300213,0.9519492983818054,False,False,-0.9519492983818054,-0.09519492834806442,-3.6271088514106493,-3.6271088514106613,198.1716743107905,198.17167431079048,201.79878316220115,199.98199868669627,-1.8103243759057932,-3.810191272111399,3.3292256598502425,0.9519492834806471,-0.03730138763785362,-0.0037301387637853622,-0.34377600456281104,-0.3437760045628214,210.92805212548117,210.92805212548117,211.27182813004399,211.41876642932286,-0.4907143038416848,-0.6072241742754312,0.40481612279545515,0.5661434757155894,11.09226034661109,4.508772847306787,35.44884037062773,27.181433589404552,-0.6049958499108641,0.0,38.3419394745797,0.29442858230500235
P100_1100,420000,778,Omega_safe_one_step_QP,25.257152873766792,50.14231522438166,-74.36788120201436,1.1454677842479668,0.9548235535621643,False,False,-0.9548235535621643,-0.09548235684633255,-5.091958176212176,-5.091958176212185,200.4249309606725,200.4249309606725,205.51688913688469,203.74332794422463,-3.318396983552134,-5.33287860123423,3.20178936751577,0.9548235684633273,-0.3494604527950287,-0.03494604676961899,-1.429738656528224,-1.4297386565282197,210.75436720657623,210.75436720657623,212.18410586310446,212.34268259742782,-1.5883153908515908,-2.9159405482881104,3.73445007671189,0.49031817790921367,10.482080591300129,5.134345246691424,40.64763454368251,24.50051737535668,-1.1848917339092218,0.0,74.59978370141289,0.9529892345109516
P100_1100,420000,779,Omega_safe_one_step_QP,25.25604815274856,50.143287087080466,-53.89492420849729,0.8827335343366373,0.9533654451370239,False,False,-0.9533654451370239,-0.09533654898405075,-5.1297954098992,-5.129795409899205,200.8655355256413,200.8655355256413,205.9953309355405,203.48092332153274,-2.6153877958914507,-5.380722781099811,3.153945187650189,0.9533654898405086,-0.3248838484287262,-0.0324883870780468,-1.3159639145504936,-1.3159639145504936,211.0114200739002,211.0114200739002,212.3273839884507,212.36261456101184,-1.351194487111627,-2.930268360822735,3.720122264177265,0.4490933090445712,6.910552362093068,4.351856352012238,41.90910124582356,28.61601138733982,-0.8571637876897285,0.0,53.94137130392028,0.8107166922669791
P100_1100,420000,780,Z_mode_existing_controller,25.305615123483534,50.145787113875066,-4.986678059159203,0.08120456107346678,0.953683614730835,False,False,-0.953683614730835,-0.09536836296319962,-3.6308447213789745,-3.630844721378987,192.83021366315762,192.8302136631576,196.46105838453659,193.3046658568032,-0.4744521936456181,-3.8071794550778137,3.332237476883828,0.9536836296319994,-0.009995418600738049,-0.0009995418367907405,-0.16282019865175856,-0.16282019865174538,210.25733726410022,210.25733726410022,210.42015746275197,210.34574671460746,-0.08840945050724258,-0.6072241742754312,0.40481612279545515,0.26813853194502707,9.540888583210497,5.824512947968888,43.17899526844496,26.589327457355317,-0.07287669913413275,0.0,5.0065090879888885,0.05304567030435692
P100_1100,420000,781,Z_mode_existing_controller,25.319028071441057,50.146705216546664,-10.022527714721036,0.1629200826554755,0.9407132267951965,False,False,-0.9407132267951965,-0.09407132118940353,-3.5842045300577703,-3.5842045300577627,189.95433310019212,189.95433310019212,193.5385376302499,190.63779054916768,-0.6834574489755596,-3.8100926879099752,3.3293242440516666,0.9407132118940331,6.532296538352966e-05,6.532296538352966e-06,-0.09477065096201165,-0.09477065096200749,209.76032189518943,209.76032189518943,209.85509254615144,209.82516680279022,-0.06484490760078643,-0.6072241742754312,0.40481612279545515,0.15607193352453785,10.27751342787866,6.409152477974407,40.61170441673322,27.757085920698042,-0.15434389594468456,0.0,10.13796466610529,0.03890694456048038
P100_1100,420000,782,Z_mode_existing_controller,25.32320230278765,50.14789104038364,-13.451317332973304,0.21778484510930537,0.9188759922981262,False,False,-0.9188759922981262,-0.09188760071992874,-3.503559102598626,-3.503559102598612,188.94265705427745,188.94265705427745,192.44621615687606,189.76614125167345,-0.8234841973959988,-3.8128747242812366,3.326542207680405,0.9188760071992835,0.006166934967041016,0.0006166935199871659,-0.052086222966027385,-0.05208622296602183,209.64389235608414,209.64389235608417,209.69597857905018,209.7053917557551,-0.06149939967093587,-0.6072241742754312,0.40481612279545515,0.08577758457685515,10.723918595870293,5.25214981160506,39.78465760018167,26.722078268269566,-0.20971713422018112,0.0,13.624134827391572,0.03689963980257005
P100_1100,420000,783,Z_mode_existing_controller,25.309456999555923,50.14834877202993,-19.213858687545326,0.31490914460657693,0.936750054359436,False,False,-0.936750054359436,-0.09367500990629196,-3.5741458337802685,-3.5741458337802774,191.3377032178329,191.3377032178329,194.9118490516132,192.41885919714136,-1.0811559793084484,-3.8154741988879164,3.323942733073725,0.9367500990629217,0.0036391306202858686,0.00036391307367011905,-0.07066308301419827,-0.07066308301419896,210.1836887277002,210.1836887277002,210.2543518107144,210.29782525004984,-0.11413652234963934,-0.6072241742754312,0.40481612279545515,0.11637066837550979,9.350076878662483,5.071033834313236,38.571849607541026,23.64214193630122,-0.30383784323174723,0.0,19.449214617367943,0.0684819134097836
P100_1100,420000,784,Z_mode_existing_controller,25.316958926569242,50.14687858786405,-24.042329263703323,0.384326001330961,0.9460849761962891,False,False,-0.9460849761962891,-0.09460850059986115,-3.6122795953066182,-3.6122795953066125,189.59368796351728,189.5936879635173,193.20596755882391,190.84826815182237,-1.2545801883050558,-3.8181342822295186,3.3212826497321233,0.94608500599861,-0.0035023209638893604,-0.00035023209056816995,-0.11897989552957511,-0.11897989552956123,209.69213604606995,209.69213604606998,209.81111594159952,209.87951464015018,-0.18737859408020086,-0.6072241742754312,0.40481612279545515,0.19594064362067554,11.235697111255753,5.327126670389883,36.18101761801949,25.46092252351386,-0.38006223930767646,0.0,24.309964346562992,0.11242715644812051
P100_1100,420000,785,Z_mode_existing_controller,25.295068162214363,50.14651503676942,-27.933794663103072,0.4380619622506461,0.9526576399803162,False,False,-0.9526576399803162,-0.09526576846837997,-3.639916637497473,-3.6399166374974827,193.64083082390266,193.64083082390263,197.28074746140013,195.05271328952938,-1.4118824656267464,-3.820802262992936,3.3186146689687055,0.9526576846838023,-0.009023507125675678,-0.0009023507009260356,-0.15626929521258756,-0.15626929521260005,210.50987250756805,210.50987250756802,210.66614180278063,210.759983575859,-0.25011106829097685,-0.6072241742754312,0.40481612279545515,0.25735025355185837,11.410577532963858,5.97585218392468,37.87927444138924,24.51341602002658,-0.4424714948164379,0.0,28.2261995169456,0.1500666409745861
P100_1100,420000,786,Z_mode_existing_controller,25.280819004006904,50.14641431958078,-29.346629096242395,0.46534744696753216,0.9476097822189331,False,False,-0.9476097822189331,-0.09476097673177719,-3.6231493481073485,-3.62314934810734,196.2236543192247,196.2236543192247,199.84680366733204,197.72157335243512,-1.4979190332104224,-3.823461379427045,3.315955552534597,0.9476097673177695,-0.009313025511801243,-0.0009313025511801243,-0.1576789167570411,-0.15767891675703277,211.0562891092252,211.05628910922522,211.21396802598224,211.32895748040136,-0.2726683711761382,-0.6072241742754312,0.40481612279545515,0.25967167223732945,10.092220324700696,3.2698439218061934,37.55447547163913,23.61067926959999,-0.46616765824530404,0.0,29.64919573178122,0.16360102270567722
P100_1100,420000,787,Omega_safe_one_step_QP,25.26532721307279,50.145808702248836,-60.96538178006358,0.9380977321059539,0.955290675163269,False,False,-0.955290675163269,-0.09552907198667526,-4.8225869263794365,-4.822586926379428,197.84844067430677,197.8484406743068,202.67102760068622,200.61375458517705,-2.7653139108702476,-5.048292447614386,3.4863755211356153,0.9552907198667507,-0.22014109790325165,-0.022014109417796135,-0.7179873005996013,-0.7179873005995936,211.0696483473451,211.0696483473451,211.78763564794468,211.91711708985363,-0.8474687425085392,-2.8762935267721335,3.7740970982278665,0.2496224025526843,11.268728369956508,5.14590035209131,40.04719053260444,27.1900363490464,-0.9731673378849948,0.0,61.43006787244394,0.5084812455051235
P100_1100,420000,788,Omega_safe_one_step_QP,25.249920315569543,50.14814559579688,-52.757924899025966,0.8184694388758136,0.9616538882255554,False,False,-0.9616538882255554,-0.09616538882255554,-5.172562260477245,-5.172562260477253,200.80373143668024,200.8037314366802,205.97629369715747,203.25712196682093,-2.453390530140723,-5.3788190572615076,3.1558489114884924,0.9616538882255569,-0.3694138526916504,-0.03694138675928116,-1.572071994454253,-1.572071994454257,211.04027513272004,211.04027513272004,212.6123471271743,212.63246002204463,-1.5921848893245851,-2.958764674695095,3.691625950304905,0.5313271474069702,10.151051702602864,6.51538854272575,33.318543060225224,23.732217963650115,-0.8333373439640397,0.0,52.63595130939575,0.9553109335947454
P100_1100,420000,789,Omega_safe_one_step_QP,25.262995289254476,50.1480408664469,-30.440680266201525,0.4895569414408493,0.9541563987731934,False,False,-0.9541563987731934,-0.0954156443476677,-4.914042549906009,-4.914042549906019,198.7754949935103,198.7754949935103,203.68953754341632,200.35934329258487,-1.5838482990745604,-5.150143441887395,3.3845245268626054,0.9541564434766789,-0.166256844997406,-0.01662568561732769,-0.4678322251377612,-0.4678322251377647,211.6346806165294,211.6346806165294,212.10251284166716,212.01920565438616,-0.3845250378567471,-2.907781246144382,3.742609378855618,0.16088975941986491,8.662973652890509,6.681604760361887,39.210221330039296,22.464498192020546,-0.4836801960889572,0.0,30.693645439576358,0.2307150227140511
P100_1100,420000,790,Z_mode_existing_controller,25.298987720839257,50.146856820527574,13.018545686906691,-0.2084118680578038,0.9311869144439697,False,False,-0.9311869144439697,-0.09311868995428085,-3.553962506082771,-3.5539625060827738,193.33784015261878,193.33784015261878,196.89180265870155,193.08191807000034,0.25592208261844007,-3.8165941851498193,3.3228227468118225,0.931186899542809,-0.00906221754848957,-0.0009062217432074249,-0.15435314691469998,-0.15435314691471108,210.41299841588895,210.41299841588895,210.56735156280365,210.40223489507957,0.010763520809376814,-0.6072241742754312,0.40481612279545515,0.25419466723124556,10.619411153029935,4.205584153448266,42.599404367998815,25.885591327954923,0.22008407623473047,0.0,-13.2321716506558,-0.006458112485631773
P100_1100,420000,791,Z_mode_existing_controller,25.282433160411745,50.14770846251151,2.625627265791991,-0.04138789987739123,0.94693922996521,False,False,-0.94693922996521,-0.09469392150640488,-3.6165528445265474,-3.6165528445265585,196.28923029849358,196.28923029849358,199.90578314302013,196.46230643340684,-0.17307613491325924,-3.8192027397259425,3.3202141922356994,0.9469392150640513,-0.01415389496833086,-0.0014153894735500216,-0.189722460506965,-0.18972246050696223,211.07567543677297,211.07567543677297,211.26539789727994,211.1626287547767,-0.08695331800373651,-0.6072241742754312,0.40481612279545515,0.3124422059338268,10.7683269008593,5.757018125228142,40.61878340323394,29.629126860987277,0.05228747635754871,0.0,-2.7300867329513494,0.05217199080223622
P100_1100,420000,792,Z_mode_existing_controller,25.279035886720557,50.151152201013986,-5.067085592670082,0.08096054184806428,0.9514610171318054,False,False,-0.9514610171318054,-0.09514610469341278,-3.6363499859748134,-3.6363499859748196,196.65473506126455,196.65473506126455,200.29108504723936,197.14888250729635,-0.4941474460318034,-3.821859021651118,3.3175579103105237,0.9514610469341293,-0.014536306262016296,-0.0014536306262016296,-0.19271677548587385,-0.19271677548587524,211.35845721472876,211.35845721472876,211.55117399021464,211.5005399050239,-0.14208269029515463,-0.6072241742754312,0.40481612279545515,0.317373358390802,9.787226111308053,5.65208313863594,41.540214789084864,24.4520784811564,-0.07295129338643136,0.0,5.054787271879832,0.0852496141770871
P100_1100,420000,793,Z_mode_existing_controller,25.289950243076248,50.151318739579565,-11.018324428860979,0.17708202110472163,0.9550022482872009,False,False,-0.9550022482872009,-0.09550022333860397,-3.652400633942432,-3.65240063394242,194.24311075878038,194.24311075878038,197.8955113927228,194.98670074064498,-0.7435899818646021,-3.8244943375603877,3.3149225944012537,0.9550022333860364,-0.013356591574847698,-0.0013356591807678342,-0.18524964374393715,-0.1852496437439316,210.86925888861762,210.86925888861762,211.05450853236155,211.04444203074587,-0.17518314212824748,-0.6072241742754312,0.40481612279545515,0.3050762001776038,9.931171004650901,6.355118487886672,36.979876337891945,25.057392871769867,-0.16917986279868202,0.0,11.082394406383173,0.10510988527694565
P100_1100,420000,794,Z_mode_existing_controller,25.300822902975423,50.15117416616537,-15.685955021139307,0.24660423103239643,0.9496621489524841,False,False,-0.9496621489524841,-0.09496621787548065,-3.6344551529025297,-3.634455152902521,191.87979349671113,191.87979349671113,195.51424864961365,192.80058702875644,-0.9207935320453089,-3.8271031891235414,3.3123137428381,0.949662178754804,-0.007613785564899445,-0.0007613785564899445,-0.14661489625889534,-0.14661489625890575,210.39633375864594,210.3963337586459,210.54294865490482,210.5675785670725,-0.17124480842659295,-0.6072241742754312,0.40481612279545515,0.24145102001884827,11.802105051047166,6.6885806057355435,37.88565236404781,17.93584407443219,-0.24349418210067597,0.0,15.826702318184289,0.1027468850559643
P100_1100,420000,795,Z_mode_existing_controller,25.286293314336046,50.146932506247786,-19.102987822588148,0.30879930765813957,0.9458984732627869,False,False,-0.9458984732627869,-0.09458985179662704,-3.622443507475907,-3.6224435074759107,194.57381145603037,194.57381145603037,198.19625496350628,195.66572413117967,-1.0919126751493025,-3.829632290009657,3.309784641951985,0.9458985179662709,-0.007063828408718109,-0.0007063828525133431,-0.1425859153769693,-0.14258591537697485,210.73446341297506,210.73446341297506,210.87704932835203,210.93575005982902,-0.20128664685395847,-0.6072241742754312,0.40481612279545515,0.23481594017088525,9.41874590761717,2.7616825999427217,40.90164959250503,27.353469771116757,-0.30063081410893133,0.0,19.28284664858529,0.12077198811238077
P100_1100,420000,796,Z_mode_existing_controller,25.278124770901858,50.148382364046796,-21.562493022646777,0.35363325357953035,0.9463045001029968,False,False,-0.9463045001029968,-0.09463045001029968,-3.6263264138749425,-3.6263264138749483,195.9372949750855,195.9372949750855,199.56362138896046,197.15169812255243,-1.2144031474669248,-3.8320925383745403,3.3073243935871015,0.946304500102998,-0.01725669577717781,-0.0017256696010008454,-0.2102403367916443,-0.21024033679163182,211.04714282219402,211.04714282219405,211.25738315898568,211.33795889535583,-0.2908160731617784,-0.6072241742754312,0.40481612279545515,0.3462318295257276,8.224133923508498,5.1728510823515546,36.96449354254515,24.52450763436478,-0.34065729975792536,0.0,21.728660678507367,0.17448964389706134
P100_1100,420000,797,Z_mode_existing_controller,25.306996824862086,50.147746758852264,-23.517638166768847,0.36657967739478864,0.9284191727638245,False,False,-0.9284191727638245,-0.09284191578626633,-3.560032842793523,-3.5600328427935297,190.0973049726469,190.0973049726469,193.65733781544043,191.32742619503068,-1.2301212223837865,-3.8345103207361237,3.304906611225518,0.928419157862665,-0.002547958865761757,-0.0002547958865761757,-0.11086137849427719,-0.11086137849428829,209.85316150590344,209.85316150590342,209.9640228843977,210.0596832132499,-0.20652170734649644,-0.6072241742754312,0.40481612279545515,0.18257075918720359,12.704230597888913,4.273552172300922,43.11824442376044,27.436881150940792,-0.3694762831494671,0.0,23.763201425510488,0.12391302440789786
P100_1100,420000,798,Omega_safe_one_step_QP,25.255182264453104,50.14966763932465,-55.06776083587101,0.9105813044617874,0.9566522836685181,False,False,-0.9566522836685181,-0.09566523134708405,-4.922285989761501,-4.9222859897614875,198.7190558971783,198.7190558971783,203.64134188693978,201.43029086476167,-2.71123496758338,-5.145323876239741,3.3893440925102603,0.956652313470838,-0.24203328788280487,-0.024203328415751457,-0.871943406206789,-0.8719434062067898,211.33925848156198,211.33925848156198,212.21120188776877,212.33103568785995,-0.991777206297968,-2.9186501507545426,3.7317404742454574,0.29874886031865483,6.8058186044174205,3.219709242344122,41.55291864247977,24.55358958035732,-0.8792169366444078,0.0,55.351911448736246,0.5950663237787808
P100_1100,420000,799,Z_mode_existing_controller,25.298245315694217,50.14933761880052,-10.097095244569573,0.15819558887800506,0.942859947681427,False,False,-0.942859947681427,-0.0942859947681427,-3.614316052616986,-3.6143160526169766,191.85621456148237,191.8562145614824,195.47053061409937,192.55787844357738,-0.7016638820949765,-3.8333541068372856,3.3060628251243562,0.9428599476814244,-0.008853554725646973,-0.0008853554609231651,-0.15415036308111946,-0.15415036308111113,210.27664155121275,210.27664155121278,210.43079191429388,210.4308963541068,-0.15425480289403026,-0.6072241742754312,0.40481612279545515,0.2538607150564298,12.065508632456881,5.3569945511127965,35.46555000198625,23.77207952042734,-0.1522979675863354,0.0,10.156840330419982,0.09255288173642384
P100_1100,420000,800,Z_mode_existing_controller,25.265503955155943,50.14845173405938,-15.052690791992063,0.244337167930694,0.9480816125869751,False,False,-0.9480816125869751,-0.09480816125869751,-3.6365842799573356,-3.6365842799573214,198.08085074304256,198.08085074304256,201.7174350229999,199.0187718744371,-0.9379211313945461,-3.835729152086814,3.3036877798748274,0.948081612586971,-0.0270344540476799,-0.0027034454979002476,-0.27527994262325706,-0.2752799426232654,211.4434467927554,211.4434467927554,211.71872673537865,211.7579010560325,-0.31445426327709924,-0.6072241742754312,0.40481612279545515,0.4533415405467717,8.416385201875972,5.6883452772760785,38.969419035362826,26.7298754998347,-0.2343149486969307,0.0,15.098333182722854,0.1886725579662567
P100_1100,420000,801,Z_mode_existing_controller,25.29737104808536,50.14964397218549,-18.568897238453246,0.2924631232975131,0.944767415523529,False,False,-0.944767415523529,-0.09447674453258514,-3.6261047849607,-3.6261047849607015,191.57811833592226,191.57811833592226,195.20422312088294,192.62829942344177,-1.050181087519519,-3.838092435234211,3.3013244967274304,0.9447674453258514,-0.009083162993192673,-0.0009083162876777351,-0.15586649226521088,-0.1558664922652074,210.24469274572314,210.24469274572314,210.40055923798835,210.46123927623213,-0.21654653050899242,-0.6072241742754312,0.40481612279545515,0.25668690224857194,11.74412602757764,5.787127163669528,44.220711129026526,24.05833184937213,-0.2895238691930686,0.0,18.728493189340043,0.1299279183053983
P100_1100,420000,802,Z_mode_existing_controller,25.27747210460548,50.14958607068561,-22.549848664779347,0.3488943472446199,0.948701024055481,False,False,-0.948701024055481,-0.09487010538578033,-3.6433847705483475,-3.643384770548361,195.2731320935103,195.2731320935103,198.91651686405865,196.483496178044,-1.210364084533694,-3.8403928779596774,3.2990240540019644,0.9487010538578066,-0.012775370851159096,-0.0012775370851159096,-0.1807564697853349,-0.18075646978533005,211.01375317956357,211.01375317956357,211.1945096493489,211.28246908722713,-0.26871590766356235,-0.6072241742754312,0.40481612279545515,0.29767666941293514,11.902745488123664,5.354463427405008,37.00897620159473,25.772325274896744,-0.35350883550213297,0.0,22.742127955682918,0.16122954459812888
P100_1100,420000,803,Omega_safe_one_step_QP,25.250851505881517,50.15054965849036,-57.925492328789915,0.890168231458825,0.9612552523612976,False,False,-0.9612552523612976,-0.096125528216362,-4.975018200818798,-4.975018200818804,198.96851652583544,198.96851652583544,203.94353472665424,201.62771403551176,-2.659197509676318,-5.175543160211187,3.3591248085388137,0.9612552821636211,-0.30104371905326843,-0.030104372650384903,-1.1887040576312298,-1.1887040576312242,211.13920647609115,211.13920647609118,212.3279105337224,212.43919304022248,-1.2999865641313022,-2.930321015349905,3.7200696096500954,0.4056565991932058,11.122088943785167,6.565167830451996,40.49272790749844,25.822410828148126,-0.9187074366674608,0.0,58.06420782697842,0.779991938478787
P100_1100,420000,804,Omega_safe_one_step_QP,25.251967213660734,50.152238427975526,-38.18783775430711,0.6264802521419917,0.952667236328125,False,False,-0.952667236328125,-0.09526672214269638,-4.938707408266517,-4.938707408266512,199.0902410522686,199.0902410522686,204.0289484605351,201.04582264329824,-1.9555815910296417,-5.184084533599274,3.3505834351507273,0.9526672214269628,-0.28514257073402405,-0.028514256700873375,-1.1186614137285653,-1.1186614137285624,211.30794892860544,211.30794892860544,212.42661034233402,212.4263147501078,-1.1183658215023513,-2.940190996211065,3.710199628788935,0.3804723622275381,7.3454720437988605,5.481870847877133,34.989530783830986,29.681625688426156,-0.6030338351361939,0.0,38.11985209654085,0.6710194929014079
P100_1100,420000,805,Z_mode_existing_controller,25.298204545173522,50.154842397214416,5.536218808264493,-0.08960147149916146,0.9489006996154785,False,False,-0.9489006996154785,-0.09489007294178009,-3.6396725571543067,-3.639672557154302,191.56226113911757,191.56226113911757,195.20193369627188,191.63672191038168,-0.0744607712641141,-3.835672630779231,3.303744301182411,0.9489007294177995,-0.004386944696307182,-0.00043869446380995214,-0.12513291829613082,-0.1251329182961322,210.54947079412656,210.54947079412653,210.67460371242268,210.57363014209136,-0.024159347964825884,-0.6072241742754312,0.40481612279545515,0.20607367690103373,10.287846124183487,4.374582321551558,35.0970287164911,23.49752857573851,0.09922903206801692,0.0,-5.649943449111561,0.014495608778901214
P100_1100,420000,806,Z_mode_existing_controller,25.284011060795144,50.15328185253552,-1.9991687176943742,0.03270401383288915,0.9531038999557495,False,False,-0.9531038999557495,-0.09531038999557495,-3.658055018648475,-3.658055018648482,194.14254100721664,194.14254100721664,197.8005960258651,194.53109593320804,-0.38855492599140007,-3.838044329498925,3.301372602462717,0.9531038999557513,-0.011806963942945004,-0.0011806964175775647,-0.17477822980962246,-0.17477822980963287,210.96982039625564,210.9698203962556,211.14459862606526,211.0943346927996,-0.12451429654399249,-0.6072241742754313,0.40481612279545515,0.28783147511903084,8.982707396217865,5.374044676075137,41.71031257253596,23.042011522263707,-0.023366276496854965,0.0,1.9478264162644336,0.07470857792638697
P100_1100,420000,807,Z_mode_existing_controller,25.302847774396753,50.15198895156633,-6.086586232650916,0.10062117926722042,0.9405128359794617,False,False,-0.9405128359794617,-0.0940512865781784,-3.6119440455437037,-3.6119440455436997,190.27430028982215,190.27430028982215,193.88624433536586,190.83697908704875,-0.5626787972265959,-3.840398336859902,3.2990185951017397,0.940512865781783,-0.004357036668807268,-0.0004357036668807268,-0.12408564130150512,-0.12408564130149471,210.11468952820275,210.11468952820275,210.23877516950424,210.22596593582807,-0.11127640762532565,-0.6072241742754312,0.40481612279545515,0.20434898108192023,9.218967396078874,6.206032085391557,40.14911307995725,27.80912852337523,-0.08968722461318457,0.0,6.109507612689413,0.06676584457520107
P100_1100,420000,808,Omega_safe_one_step_QP,25.320808043814402,50.15292838937878,-7.748336315669803,0.12969164937928998,0.9240694642066956,False,False,-0.9240694642066956,-0.09240695089101791,-3.5060365968197984,-3.5060365968198024,186.6233313677963,186.6233313677963,190.1293679646161,187.26773391856403,-0.6444025507677225,-3.7941264840073736,4.740541484742628,0.9240695089101802,-0.053891412913799286,-0.005389141384512186,0.3459626292251661,0.34596262922517856,209.84056705680823,209.84056705680823,209.49460442758306,209.51423717288333,0.3263298839248989,-2.6469904047359694,4.00340022026403,0.08641719792940457,9.317996572159124,6.52830141046796,38.17147836446638,21.118529316336808,-0.1208518491406636,0.0,8.064986095165295,-0.1957979303549422
P100_1100,420000,809,Omega_safe_one_step_QP,25.336153014317233,50.149163744854484,7.708334309090787,-0.12880299015290675,0.9080506563186646,False,False,-0.9080506563186646,-0.0908050686120987,-3.204098398129497,-3.204098398129497,184.26946232368394,184.26946232368394,187.47356072181344,184.26033530834937,0.009127015334570387,-3.528545759727106,5.0061222090228945,0.9080506861209867,-0.0796801894903183,-0.007968018762767315,0.27342593680942384,0.27342593680941274,208.96770869969163,208.96770869969163,208.6942827628822,208.6535660313364,0.3141426683552311,-2.566958238265886,4.083432386734114,0.06695982960258977,10.145008912723101,5.30866278755504,39.02927868894127,26.275958739306308,0.13107843435522426,0.0,-7.65092714243292,-0.1884856010131415
P100_1100,420000,810,Omega_safe_one_step_QP,25.327657741354887,50.148410621584745,7.397563910376448,-0.12321421455803361,0.9228585362434387,False,False,-0.9228585362434387,-0.09228585660457611,-3.441112514807994,-3.441112514808002,186.0345300162588,186.0345300162588,189.4756425310668,186.03625049596056,-0.001720479701759814,-3.728753940652443,4.8059140280975585,0.9228585660457631,-0.08277798444032669,-0.008277799002826214,0.23456226876725772,0.23456226876724384,209.2967631064319,209.29676310643188,209.06220083766465,208.98163475960814,0.3151283468237409,-2.6037500457441287,4.046640579255872,0.05796469050640939,9.919346219403417,4.048741091565397,47.434584947963835,27.67736477298756,0.125791484728083,0.0,-7.334278387010272,-0.18907700809424455
P100_1100,420000,811,Z_mode_existing_controller,25.316898034186043,50.149351011609134,10.672991228651881,-0.1726094644166698,0.9199603796005249,False,False,-0.9199603796005249,-0.09199603646993637,-3.525510636654709,-3.5255106366547024,188.37233547010644,188.37233547010644,191.89784610676114,188.2295000783123,0.1428353917941365,-3.832241879036627,3.3071750529250146,0.9199603646993617,-0.042829521000385284,-0.004282952286303043,-0.37720891162410647,-0.37720891162410924,209.24024086636447,209.24024086636447,209.61744977798858,209.49632663444328,-0.2560857680788047,-0.6072241742754312,0.40481612279545515,0.6212020660643376,11.162606982947853,3.4197426008612726,41.0815886900452,24.32355490987425,0.18560849681571057,0.0,-11.012251186315552,0.15365146084728565
P100_1100,420000,812,Z_mode_existing_controller,25.279513548422287,50.14851739698489,-0.025158890934108058,0.00040727847865361497,0.9479965567588806,False,False,-0.9479965567588806,-0.09479966014623642,-3.635095420360264,-3.6350954203602783,195.4349011517512,195.4349011517512,199.06999657211148,195.735719850677,-0.30081869892578084,-3.834502586562891,3.304914345398751,0.9479966014623675,-0.013417690061032772,-0.0013417690061032772,-0.18494593454768254,-0.1849459345476749,210.92028893180722,210.92028893180722,211.1052348663549,211.04140072376146,-0.1211117919542346,-0.6072241742754312,0.40481612279545515,0.3045760402545917,9.319686139737733,4.447299974044836,40.098723042832916,20.81972759031945,0.00887357986918147,0.0,-0.05638176410775486,0.07266707517254645
P100_1100,420000,813,Z_mode_existing_controller,25.286553369252477,50.14608627843751,-5.063252873599595,0.08125247435176439,0.9393549561500549,False,False,-0.9393549561500549,-0.09393549710512161,-3.6042044967090265,-3.6042044967090154,193.88710109958106,193.8871010995811,197.4913055962901,194.39833754387675,-0.5112364442956618,-3.8368929827194336,3.302523949242208,0.9393549710512129,-0.010783058591187,-0.0010783058824017644,-0.1665948123879865,-0.16659481238798374,210.46633118336322,210.46633118336322,210.6329259957512,210.61019458650784,-0.14386340314462132,-0.6072241742754312,0.40481612279545515,0.27435471024646313,10.16281385276048,4.43177145623459,42.06954984842268,27.793982138749662,-0.07202209139016702,0.0,5.048956923102196,0.08631804188676995
P100_1100,420000,814,Z_mode_existing_controller,25.27952777252336,50.14799935459121,-11.231491417782308,0.1722613425814772,0.9459742307662964,False,False,-0.9459742307662964,-0.09459742158651352,-3.631772282032392,-3.6317722820324048,195.01137139455457,195.01137139455454,198.64314367658696,195.76124685935693,-0.7498754648023862,-3.8391873912873784,3.3002295406742634,0.9459742158651386,-0.013749109581112862,-0.0013749109348282218,-0.18693969661765023,-0.18693969661764537,210.80635360195555,210.80635360195555,210.9932932985732,211.00742025710971,-0.20106665515416466,-0.6072241742754312,0.40481612279545515,0.3078594439042397,12.634093694065474,5.084749492296301,41.210239698909696,25.651279147225086,-0.16951991217704432,0.0,11.280371336866665,0.12063999309251017
P100_1100,420000,815,Omega_safe_one_step_QP,25.240716407509602,50.149444533589495,-52.645394095576194,0.8310066533878508,0.9629287123680115,False,False,-0.9629287123680115,-0.0962928757071495,-5.188134444316779,-5.1881344443167885,200.87866330032585,200.87866330032583,206.06679774464263,203.39004891711483,-2.511385616788999,-5.387869462010024,3.146798506739977,0.9629287570714972,-0.36351385712623596,-0.036351386457681656,-1.5460645171044964,-1.5460645171045,211.1202386062953,211.1202386062953,212.66630312339979,212.7182545705119,-1.5980159642166143,-2.964160274317644,3.686230350682356,0.5215860054869697,9.08084549904328,4.446175129369208,36.60650257895715,21.563511302147838,-0.8317089560094146,0.0,52.518293473054655,0.9588095785299657
P100_1100,420000,816,Omega_safe_one_step_QP,25.254757524477817,50.14801444750566,-30.361548040843445,0.4763504225559856,0.9521996974945068,False,False,-0.9521996974945068,-0.09521996974945068,-4.8990759713238,-4.899075971323804,198.73911671126595,198.73911671126595,203.63819268258976,200.30426980450906,-1.5651530932431115,-5.145008955804737,3.3896590129452635,0.9521996974945078,-0.21081259846687317,-0.021081259474158287,-0.6956494531545996,-0.6956494531546009,211.3531829783584,211.3531829783584,212.048832431513,211.98850150404883,-0.6353185256904226,-2.9024132051289655,3.7479774198710345,0.2396796748048459,10.164037972091041,5.36506386446692,44.368805229326114,23.968809529034356,-0.47803449603631165,0.0,30.45839142146542,0.38119111541425355
P100_1100,420000,817,Omega_safe_one_step_QP,25.260524730157314,50.148565101888536,-16.76455041610734,0.25388195613184233,0.950947642326355,False,False,-0.950947642326355,-0.09509476274251938,-4.813966877009145,-4.813966877009158,197.9969753837278,197.99697538372777,202.81094226073694,198.9888214268492,-0.9918460431214271,-5.0622839136194555,3.4723840551305454,0.9509476274251962,-0.050831642001867294,-0.005083164200186729,0.15257911713254732,0.15257911713253552,212.04008274515724,212.04008274515724,211.8875036280247,211.7441190787823,0.295963666374945,-2.886280324780135,3.7641103002198655,0.04053524072438133,12.647907168384126,4.680169353058142,40.29442398126435,23.51834424809559,-0.2639700704512862,0.0,17.206098686383484,-0.17757819982496414
P100_1100,420000,818,Omega_safe_one_step_QP,25.219419524453578,50.14911262353817,-29.641948043637967,0.4518146390875072,0.965668797492981,False,False,-0.965668797492981,-0.09656687825918198,-5.7003069643663915,-5.700306964366404,205.5174248188448,205.5174248188448,211.2177317832112,207.04130647572092,-1.5238816568761138,-5.902962865866884,2.6317051028831173,0.9656687825918217,-0.28647205233573914,-0.028647204861044884,-1.243401329002901,-1.2434013290029042,212.45507030370578,212.45507030370578,213.69847163270867,213.49692875499335,-1.0418584512875668,-3.0673771252485342,3.583013499751466,0.4053630441356824,10.35915051235508,2.9981793705938324,36.37360871684448,21.772188512345725,-0.46211767794434877,0.0,29.478950650808656,0.6251150707725373
P100_1100,420000,819,Omega_safe_one_step_QP,25.204324060105325,50.14884831703623,-29.394204454595638,0.43129567503756594,0.9813620448112488,False,False,-0.9813620448112488,-0.09813620895147324,-6.115091455592794,-6.115091455592786,208.38529702140912,208.38529702140912,214.5003884770019,209.8567786296593,-1.4714816082501727,-6.231228535245952,2.3034394335040482,0.9813620895147314,-0.374202162027359,-0.03742021694779396,-1.7621415529161089,-1.7621415529161026,212.60640465033023,212.60640465033026,214.36854620324635,214.08685535063753,-1.4804507003072729,-3.1343845823023013,3.5160060426976987,0.5621969821015887,12.074005697031733,4.52965676529162,36.99182567882681,23.996312559562167,-0.45221339947537587,0.0,28.95814743388746,0.8882704201843694
P100_1100,420000,820,Omega_safe_one_step_QP,25.178072225751233,50.15093317246479,-26.547180183219098,0.40313944797339585,0.9718275666236877,False,False,-0.9718275666236877,-0.0971827581524849,-6.585159906769938,-6.585159906769925,213.36352165739103,213.36352165739106,219.94868156416098,214.87216695092715,-1.508645293536091,-6.776057843961861,1.7586101247881398,0.971827581524847,0.3365668058395386,0.033656682819128036,1.815551996775457,1.815551996775444,217.4520064636615,217.45200646366146,215.63645446688602,215.28080938635054,2.1711970773109215,-3.2611754086662668,3.3892152163337332,0.5356850718790908,8.896462956771572,8.233452277998747,41.178351510322386,24.961052458677468,-0.44435646541397245,0.0,28.29425489501955,-1.3027182463865472
P100_1100,420000,821,Omega_safe_one_step_QP,25.234649892224063,50.15358991764368,10.502771323133857,-0.1639412792540277,0.954128623008728,False,False,-0.954128623008728,-0.09541286528110504,-5.42588061256031,-5.425880612560313,203.62961242396722,203.62961242396722,209.05549303652754,203.50254839339783,0.12706403056938598,-5.686738991198516,2.847928977551485,0.9541286528110505,-0.13769495487213135,-0.01376949530094862,-0.44734842065811475,-0.44734842065810854,212.9998158835749,212.9998158835749,213.447164304233,213.01395783037154,-0.01414194679662728,-3.0422463924009673,3.608144232599033,0.1470454272788396,9.74699111333232,4.114073734675441,46.50259821439508,26.374426816108944,0.179616392021833,0.0,-10.690872883233169,0.008485168077982053
P100_1100,420000,822,Omega_safe_one_step_QP,25.241254846540286,50.156342330624135,16.616454596563926,-0.2539068294313155,0.9604009985923767,False,False,-0.9604009985923767,-0.09604009985923767,-5.360838387417968,-5.3608383874179735,202.64601539726684,202.64601539726684,208.0068537846848,202.2617608058598,0.38425459140702856,-5.581875066014244,2.952792902735757,0.9604009985923776,-0.2642152011394501,-0.026421520859003067,-1.0969045382860845,-1.0969045382860747,212.26932543927802,212.26932543927802,213.3662299775641,212.89755543129775,-0.6282299920197261,-3.0341529597340746,3.616237665265926,0.3615191959149653,11.320110956435268,2.8716478890164345,43.47876524828507,27.89180148452713,0.28628395326191125,0.0,-17.279676545038456,0.3769379952118328
P100_1100,420000,823,Omega_safe_one_step_QP,25.2091494703996,50.16016085967889,2.7000643610790576,-0.04045944418041134,0.9659538269042969,False,False,-0.9659538269042969,-0.0965953841805458,-6.025921364117814,-6.025921364117822,208.54530094606605,208.54530094606602,214.57122231018386,208.70904799275388,-0.16374704668785967,-6.238311918564147,2.296356050185854,0.9659538418054592,-0.4112236499786377,-0.04112236574292183,-2.016314262968086,-2.0163142629680797,212.95650741756742,212.95650741756742,214.9728216805355,214.48099299701448,-1.5244855794470595,-3.1948121300312153,3.4555784949687856,0.631121387080867,11.056542305933075,6.67839671488883,40.778378854775696,26.082052483772713,0.06865942619148413,0.0,-3.683415134938514,0.9146913476682528
P100_1100,420000,824,Omega_safe_one_step_QP,25.22032329394633,50.16351846510104,12.41739059075826,-0.18917828629660668,0.9676099419593811,False,False,-0.9676099419593811,-0.09676099568605423,-5.845850013929306,-5.845850013929304,206.7576092412636,206.7576092412636,212.6034592551929,206.53223776136048,0.22537147990311723,-6.041535613065053,2.4931323556849483,0.9676099568605421,-0.2830294966697693,-0.028302950784564018,-1.3248540302749219,-1.3248540302749225,213.40592398350395,213.40592398350395,214.7307780137789,214.19963371699112,-0.7937097334871623,-3.1706077633555525,3.4797828616444475,0.4178549127353389,10.533289617428883,5.064299605180868,42.67972804314104,25.67972871093873,0.21888687346913827,0.0,-13.112503304319944,0.4762258400922974
P100_1100,420000,825,Omega_safe_one_step_QP,25.22384465093125,50.16631155610876,16.873481390683082,-0.2558974056946077,0.9685536623001099,False,False,-0.9685536623001099,-0.09685536473989487,-5.807189830804985,-5.807189830804996,206.338251190303,206.338251190303,212.14544102110798,205.92581940146638,0.4124317888366136,-5.995733789656561,2.538934179093439,0.9685536473989508,-0.321205198764801,-0.03212052211165428,-1.5282474199682559,-1.5282474199682543,213.25068423089346,213.25068423089346,214.77893165086172,214.21885088795744,-0.9681666570639891,-3.175423127063836,3.474967497936164,0.4812736315179995,10.949704657225645,4.85104398912697,42.950421927855736,23.250951105692916,0.2932858094093298,0.0,-17.74766719433046,0.5808999942383934
P100_1100,420000,826,Omega_safe_one_step_QP,25.21888278370295,50.16773613546758,16.610017766377496,-0.26179178724878827,0.9634333848953247,False,False,-0.9634333848953247,-0.09634333848953247,-5.894517299564638,-5.894517299564633,207.47599233048894,207.47599233048894,213.37050963005356,207.04500674594655,0.430985584542384,-6.118240650551119,2.416427318198881,0.9634333848953239,-0.29348471760749817,-0.029348472133278847,-1.4163158387447874,-1.4163158387447745,213.69175877113793,213.69175877113796,215.10807460988272,214.52582148229507,-0.8340627111571166,-3.208337422965938,3.442053202034062,0.44144852988544625,8.384066841291302,6.316804784019618,39.080895627578975,22.910257884646516,0.28537962383530563,0.0,-17.395835016906858,0.5004376266942643
P100_1100,420000,827,Omega_safe_one_step_QP,25.26305643885069,50.16801855516004,43.93402053407226,-0.6716889780584664,0.9497513175010681,False,False,-0.9497513175010681,-0.09497513622045517,-5.0079614144634865,-5.007961414463499,199.9093255128698,199.9093255128698,204.9172869273333,198.45091064898818,1.4584148638816146,-5.272918380279093,3.261749588470909,0.9497513622045539,-0.024477755650877953,-0.0024477755650877953,0.15475505561158737,0.15475505561157976,213.4593543412337,213.4593543412337,213.30459928562212,212.69293269479041,0.7664216464432911,-3.027989890539877,3.6224007344601232,0.04272168292684608,12.193900433306066,4.877675995129146,41.0994787735537,25.233235472744276,0.7168934434307985,0.0,-44.19106098963766,-0.45985298786598605
P100_1100,420000,828,Omega_safe_one_step_QP,25.232944270108554,50.169794513020925,22.998665522256488,-0.35944995925115336,0.962134599685669,False,False,-0.962134599685669,-0.0962134599685669,-5.666756461970676,-5.666756461970677,205.4190982227174,205.4190982227174,211.08585468468806,204.72222106358467,0.6968771591327254,-5.8897751560145695,2.644892812735431,0.9621345996856692,-0.3067415654659271,-0.030674157664179802,-1.4472456344074152,-1.4472456344074074,213.2629303562116,213.2629303562116,214.710175990619,214.1134136687402,-0.8504833125286098,-3.1685475610395657,3.4818430639604347,0.4567536407541195,9.405132702353873,6.930484985990255,42.449806835002434,24.335286558644867,0.3900385895370313,0.0,-23.898994099310585,0.5102899875171829
P100_1100,420000,829,Omega_safe_one_step_QP,25.266929595149957,50.17116753854463,41.68892513137234,-0.679427479463829,0.9446703195571899,False,False,-0.9446703195571899,-0.09446703642606735,-4.952903904227258,-4.9529039042272585,199.66516941529994,199.66516941529994,204.6180733195272,198.18233737768162,1.4828320376183228,-5.242997019498483,3.291670949251518,0.9446703642606737,-0.022746561095118523,-0.0022746562026441097,0.1538338235000266,0.15383382350003458,213.54766781089506,213.54766781089506,213.39383398739503,212.77950625627173,0.7681615546233331,-3.036913360717168,3.613477264282832,0.04257224060065202,8.38032948412986,5.422225234838413,40.63314907256641,25.653122232510064,0.6769347086384325,0.0,-41.90496290723695,-0.46089693277399135
P100_1100,420000,830,Z_mode_existing_controller,25.299184003560093,50.171972201314574,72.58467292104979,-1.2011865001441817,0.9454491138458252,False,False,-0.9454491138458252,-0.0945449098944664,-3.58856676931068,-3.5885667693106686,194.90467791434602,194.90467791434605,198.4932446836567,192.09933466536037,2.805343248985679,-3.7956213330959194,3.3437955988657224,0.9454490989446607,-0.010306227952241898,-0.0010306228650733829,-0.1640485589264773,-0.16404855892648215,211.95419178093374,211.95419178093374,212.11824033986022,211.506404956245,0.447786824688734,-0.6072241742754312,0.40481612279545515,0.27016144263728087,8.869074447654842,4.880352370635738,42.24307086371582,23.67874692773256,1.182243676895757,0.0,-73.49824450313099,-0.2686720948132404
P100_1100,420000,831,Z_mode_existing_controller,25.31678406431857,50.17113249987794,57.47688946804283,-0.9610330220683113,0.9047259092330933,False,False,-0.9047259092330933,-0.09047259390354156,-3.436798498608456,-3.436798498608457,191.31233425993008,191.31233425993008,194.74913275853854,189.14550458017192,2.166829679758166,-3.7987177667003125,3.3406991652613294,0.9047259390354156,-0.023078417405486107,-0.0023078417871147394,-0.24465021009481003,-0.24465021009480725,211.0326195986132,211.0326195986132,211.277269808708,210.79460169995713,0.23801789865606793,-0.6072241742754312,0.40481612279545515,0.4028993252561717,8.94101045808019,3.88215754918032,40.82410060146748,22.962853042325246,0.9387564284005308,0.0,-58.272835157249574,-0.14281073919363507
P100_1100,420000,832,Z_mode_existing_controller,25.322461902801198,50.16924879497047,42.32358584465601,-0.7094792924001779,0.8972901105880737,False,False,-0.8972901105880737,-0.08972901105880737,-3.411059469998723,-3.411059469998709,189.98430690970733,189.98430690970733,193.39536637970605,188.45541907636812,1.528887833339212,-3.801512386850172,3.3379045451114697,0.8972901105880701,-0.04034116119146347,-0.004034116398543119,-0.35840831886881985,-0.35840831886881985,210.52719720487337,210.52719720487337,210.88560552374219,210.51171365872474,0.015483546148630012,-0.6072241742754312,0.40481612279545515,0.5902405306845527,8.947796067303592,3.3199518078940597,39.584659945058014,25.875043026708592,0.6946351304434195,0.0,-43.00893084740983,-0.009290127689183691
P100_1100,420000,833,Z_mode_existing_controller,25.322350630399,50.168839847768,29.918814676138936,-0.49569110653204224,0.8931135535240173,False,False,-0.8931135535240173,-0.08931135386228561,-3.3975922360357016,-3.3975922360357,189.77675088034115,189.77675088034115,193.17434311637686,188.78778780759902,0.9889630727421377,-3.804210874772593,3.335206057189049,0.8931135386228557,-0.030754176899790764,-0.0030754178296774626,-0.29439135294225954,-0.29439135294224844,210.52576747144286,210.52576747144286,210.82015882438512,210.53741565421976,-0.011648182776895055,-0.6072241742754312,0.40481612279545515,0.4848149421809997,9.583933750943533,6.531725339534908,41.38117174650493,26.698069742561856,0.4937896968712039,0.0,-30.419593282676033,0.006988909666134191
P100_1100,420000,834,Omega_safe_one_step_QP,25.337535414460326,50.169186027602294,18.487151470086246,-0.29909842650331264,0.9130511283874512,False,False,-0.9130511283874512,-0.09130511432886124,-3.4465607220702883,-3.4465607220702936,186.4892715127662,186.4892715127662,189.9358322348365,186.01941897506777,0.4698525376984435,-3.774772911029413,4.7598950577205885,0.9130511432886136,-0.06125061586499214,-0.006125061772763729,0.23999231430650927,0.23999231430650997,210.39348681965842,210.39348681965842,210.15349450535192,209.9489989290497,0.44448789060871263,-2.712879412512856,3.9375112124871445,0.06095025546731532,11.71127469735651,4.9283831095245425,45.195318102223325,23.036024822561828,0.3052295796418818,0.0,-18.52568831536246,-0.2666927343652219
P100_1100,420000,835,Z_mode_existing_controller,25.30571464986956,50.16771935488225,17.150200477811268,-0.27320362824030137,0.9366558790206909,False,False,-0.9366558790206909,-0.09366559237241745,-3.5630607879618914,-3.5630607879618927,192.92172987523853,192.92172987523853,196.4847906632004,192.4872121350535,0.4345177401850151,-3.8040231185375384,3.3353938134241035,0.9366559237241744,-0.01269786898046732,-0.001269786967895925,-0.1790233580988669,-0.179023358098869,211.27467055654978,211.27467055654978,211.45369391464865,211.23434885515084,0.04032170139893765,-0.6072241742754312,0.40481612279545515,0.29482251478622074,11.077560706249896,6.06968494775702,40.87495954682158,22.243599092040025,0.2868832153838099,0.0,-17.41289067235539,-0.02419302083936259
P100_1100,420000,836,Z_mode_existing_controller,25.297810304221326,50.166255267860066,6.990261000971259,-0.11163321696301023,0.9331599473953247,False,False,-0.9331599473953247,-0.09331599622964859,-3.552460110785416,-3.552460110785412,194.24229347780576,194.24229347780576,197.79475358859116,194.22177013794436,0.020523339861398426,-3.8069144137334097,3.332502518228232,0.9331599622964845,-0.00957387126982212,-0.0009573871502652764,-0.15794683327441245,-0.15794683327442147,211.49764768511156,211.49764768511156,211.65559451838598,211.50862138702783,-0.010973701916270784,-0.6072241742754312,0.40481612279545515,0.2601128874075067,10.50777283336063,5.822052384499215,38.91841755806691,28.249404480400344,0.12184267993839981,0.0,-7.118687902059719,0.0065842211497653125
P100_1100,420000,837,Z_mode_existing_controller,25.296373013856343,50.168295722602764,-2.6190412494379416,0.04163489792172334,0.9473907351493835,False,False,-0.9473907351493835,-0.09473907202482224,-3.6093047016553554,-3.609304701655346,194.18605367370682,194.18605367370685,197.79535837536218,194.5634731688733,-0.3774194951664356,-3.80973195590273,3.329684976058912,0.9473907202482197,-0.01000259630382061,-0.0010002596536651254,-0.16223094652995929,-0.1622309465299579,211.6168937101097,211.6168937101097,211.77912465663965,211.69073887545986,-0.07384516535014995,-0.6072241742754312,0.40481612279545515,0.26716812900859815,10.70378558984747,3.1168545980091222,43.39831230310127,26.012730263088255,-0.03351566618258772,0.0,2.608249816409625,0.04430709921008713
P100_1100,420000,838,Omega_safe_one_step_QP,25.269731726535912,50.169397699108,-38.32454631055862,0.5851320232898203,0.9464028477668762,False,False,-0.9464028477668762,-0.09464028477668762,-4.787320302991232,-4.78732030299122,197.98516466578747,197.98516466578747,202.77248496877868,199.8210718160428,-1.8359071502553377,-5.058438184423631,3.47622978432637,0.946402847766874,-0.03791462257504463,-0.0037914623972028494,0.12094050884430413,0.12094050884430205,213.03268755325118,213.03268755325118,212.91174704440687,212.87244728907467,0.16024026417650816,-2.9887046664183528,3.6616859585816472,0.033028640416544165,11.95004657353184,3.549704210884746,42.717810898542815,25.949945653864084,-0.6148144065583736,0.0,39.03550487562279,-0.09614415850589353
P100_1100,420000,839,Omega_safe_one_step_QP,25.22929113408306,50.17137182530329,-46.08365167131342,0.7317799406016032,0.9642403721809387,False,False,-0.9642403721809387,-0.09642403572797775,-5.669972968804197,-5.66997296880421,205.32061571856804,205.320615718568,210.99058868737222,207.55972955465091,-2.2391138360829075,-5.880248556282985,2.6544194124670164,0.964240357279779,-0.3902541995048523,-0.03902542218565941,-1.8873480834576506,-1.8873480834576362,212.8785761394802,212.87857613948023,214.76592422293785,214.6484238144219,-1.7698476749416727,-3.1741223842714517,3.476268240728549,0.5946046985490872,7.8233149369376225,4.722937194549845,33.078133288905036,25.93693440234283,-0.7252097374171291,0.0,45.74695280376545,1.0619086049650122
P100_1100,420000,840,Omega_safe_one_step_QP,25.267562465904042,50.17263690702714,-11.87444006243004,0.18854980647219108,0.9289250373840332,False,False,-0.9289250373840332,-0.09289250522851944,-4.7845655853886315,-4.784565585388641,198.91001347731904,198.91001347731904,203.69457906270767,199.6909027118032,-0.7808892344841638,-5.150647593816531,3.3840203749334705,0.9289250522851962,-0.09206996858119965,-0.009206997230648994,-0.1999638772235638,-0.1999638772235499,213.0659825178752,213.0659825178752,213.26594639509875,213.04955791380917,0.016424604066031634,-3.0241246014875403,3.62626602351246,0.06612289623423236,9.587704683557071,7.110043855395834,37.75395718060004,28.008797265895574,-0.18541375203838406,0.0,12.069708576907942,-0.009854762439630349
P100_1100,420000,841,Z_mode_existing_controller,25.293453926875628,50.17489934080651,22.846365884295665,-0.37458584406888557,0.951937735080719,False,False,-0.951937735080719,-0.0951937735080719,-3.621157013506267,-3.621157013506254,195.2009466932879,195.2009466932879,198.82210370679417,194.50080725467916,0.7001394386087441,-3.803985155814013,3.3354317761476286,0.9519377350807154,-0.01727484166622162,-0.0017274841666221619,-0.21093081018688717,-0.21093081018688647,212.1302014335029,212.1302014335029,212.34113224368977,212.07027591199991,0.0599255215029757,-0.6072241742754312,0.40481612279545515,0.34736892752759585,8.857942543369912,4.047947629394545,39.40661252577128,25.388888996420604,0.37761048003936004,0.0,-23.18802105143277,-0.03595531290177689
P100_1100,420000,842,Z_mode_existing_controller,25.30436607895061,50.17493612366632,12.656488617699324,-0.20156832677912134,0.9541531801223755,False,False,-0.9541531801223755,-0.09541531652212143,-3.6324341326163188,-3.6324341326163245,192.7637793160069,192.7637793160069,196.3962134486232,192.51761928485007,0.24616003115681906,-3.806971736842861,3.3324451951187806,0.9541531652212156,-0.006412287708371878,-0.0006412288057617843,-0.1390993924687431,-0.13909939246875488,211.69261087207414,211.69261087207414,211.8317102645429,211.63466702945826,0.05794384261588448,-0.6072241742754312,0.40481612279545515,0.22907420086615443,11.079893628328323,4.26600498784577,39.305425283234264,26.19332831813187,0.21378764906759073,0.0,-12.835509961197204,-0.03476630556951932
P100_1100,420000,843,Z_mode_existing_controller,25.278994180784988,50.175673564131365,2.786547098151459,-0.04522048491747976,0.9533703923225403,False,False,-0.9533703923225403,-0.09533704072237015,-3.6322625729304154,-3.6322625729304288,197.48651413452745,197.48651413452743,201.11877670745787,197.6400772119971,-0.1535630774696699,-3.8099174732178707,3.329499458743771,0.9533704072237046,-0.010627850890159607,-0.0010627851588651538,-0.16698367977530174,-0.16698367977528925,212.722383412516,212.72238341251602,212.8893670922913,212.76089428537148,-0.03851087285545418,-0.6072241742754312,0.40481612279545515,0.27499511193628307,8.755784842724095,5.550273598605536,39.688012058668384,26.731907179146887,0.05253400962370858,0.0,-2.8621876314882684,0.023106523713281035
P100_1100,420000,844,Z_mode_existing_controller,25.304452490412302,50.176851184951005,-4.116114574107087,0.0685374357334739,0.9530630707740784,False,False,-0.9530630707740784,-0.09530630707740784,-3.633843430025459,-3.633843430025468,192.18714342707176,192.18714342707173,195.8209868570972,192.63711663999376,-0.44997321292203196,-3.8128047780448036,3.326612153916838,0.9530630707740807,-0.008311891928315163,-0.0008311892161145806,-0.15158989827238137,-0.15158989827239178,211.68031243301252,211.68031243301252,211.8319023312849,211.75347275140103,-0.073160318388517,-0.6072241742754312,0.40481612279545515,0.24964404365698395,8.382324745045942,5.948551055478055,39.42663937321817,25.665368208875716,-0.059560563241074505,0.0,4.1317789463146255,0.04389619103311304
P100_1100,420000,845,Omega_safe_one_step_QP,25.33399246443231,50.17646182231193,-4.3474097292237275,0.07364435170134745,0.9087460041046143,False,False,-0.9087460041046143,-0.09087460488080978,-3.4126937509936126,-3.4126937509936277,186.32928655925613,186.3292865592561,189.74198031024974,186.79905893761875,-0.4697723783626486,-3.755387718570735,4.779280250179266,0.9087460488081018,-0.04191477596759796,-0.004191477783024311,0.30502194328504983,0.30502194328504845,210.82235651698787,210.82235651698787,210.5173345737028,210.4801975250842,0.34215899190365917,-2.749263419347947,3.901127205652053,0.07818815619319587,8.730481114933257,3.9110121454213402,42.62340444987997,27.855029757983793,-0.0670866687995133,0.0,4.61979179316404,-0.2052953951422012
P100_1100,420000,846,Omega_safe_one_step_QP,25.339940637625187,50.17679501724076,4.618220642439155,-0.07794616607801486,0.9051720499992371,False,False,-0.9051720499992371,-0.09051720798015594,-3.3176023246850512,-3.317602324685065,185.5221209582295,185.5221209582295,188.83972328291455,185.6067695853269,-0.08464862709740828,-3.665162015837218,4.869505952912783,0.9051720798015633,-0.06522075831890106,-0.006522075738757849,0.19859797433348855,0.19859797433349966,210.5276119248545,210.5276119248545,210.32901395052102,210.2415919021393,0.2860200227152063,-2.7304313570297665,3.919959267970234,0.0506632749876338,9.223094309446447,3.7846837270740346,38.941702007168466,24.81576297699511,0.0794904731491215,0.0,-4.526099101959517,-0.17161201362912948
P100_1100,420000,847,Omega_safe_one_step_QP,25.334857134693003,50.17506112918526,6.8368053842486916,-0.10921864051088884,0.9094958901405334,False,False,-0.9094958901405334,-0.09094958752393723,-3.450896686938802,-3.450896686938805,186.680167817506,186.68016781750597,190.1310645044448,186.6824993169805,-0.0023314994745362583,-3.7942961379902407,4.74037183075976,0.9094958752393726,-0.07571729272603989,-0.007571729365736246,0.1317958168176668,0.1317958168176779,210.6223539470351,210.62235394703512,210.49055813021744,210.36500377717022,0.2573501698649068,-2.7465857749994096,3.903804850000591,0.03376086200048088,12.331108086522715,5.323426360128432,40.75105813362627,24.78085122449419,0.11821058755391789,0.0,-6.800605869883839,-0.15441010191894122
P100_1100,420000,848,Z_mode_existing_controller,25.29555656113561,50.17443063323431,6.258623217219792,-0.09848966832355806,0.9504238367080688,False,False,-0.9504238367080688,-0.095042385160923,-3.6181391706533477,-3.6181391706533534,194.53138342806355,194.53138342806352,198.14952259871689,194.5451176200904,-0.01373419202687387,-3.8068690769147056,3.3325478550469363,0.9504238516092313,-0.011324573308229446,-0.0011324574006721377,-0.1713071127320165,-0.1713071127320276,211.98123958517203,211.98123958517203,212.15254669790406,212.00046406343705,-0.019224478265016387,-0.6072241742754312,0.40481612279545515,0.28211510672551765,11.32396143484809,3.8959355073564232,38.38723083369634,21.81061309438847,0.11068893712125316,0.0,-6.380846841299899,0.011534686959009832
P100_1100,420000,849,Omega_safe_one_step_QP,25.263865723648056,50.172803784750734,-35.07524226510941,0.5490352654006718,0.9556010961532593,False,False,-0.9556010961532593,-0.09556011110544205,-4.965224585459743,-4.965224585459744,199.18205405721343,199.18205405721343,204.14727864267317,200.89962118555857,-1.717567128345138,-5.195917551813081,3.3387504169369207,0.9556011110544204,-0.26285040378570557,-0.026285041123628616,-1.089307594029627,-1.089307594029631,212.25720662241753,212.25720662241753,213.34651421644716,213.25623096603076,-0.9990243436132289,-3.032181383622381,3.6182092413776195,0.35924882327728525,10.167273229709672,6.099332890573512,37.48559239129999,23.574862167142985,-0.5521103681320909,0.0,35.027938027074015,0.5994146061679402
P100_1100,420000,850,Omega_safe_one_step_QP,25.273370909023402,50.172605419090814,-18.718030553449353,0.29505856907943995,0.9495719075202942,False,False,-0.9495719075202942,-0.09495719522237778,-4.7812027978096285,-4.781202797809617,197.75803787468425,197.75803787468428,202.5392406724939,198.82261357046016,-1.0645756957758863,-5.0351137547951526,3.499554213954849,0.9495719522237754,-0.04639480262994766,-0.004639480262994766,0.0716071156916312,0.07160711569163813,213.04888377379189,213.0488837737919,212.97727665810027,212.8073529271672,0.2415308466247268,-2.9952576277876926,3.655132997212308,0.019590837254417653,10.221897606902651,6.403648616589468,38.113434729513244,21.058568168617917,-0.29837132332762195,0.0,19.16132038475189,-0.14491850797483607
P100_1100,420000,851,Z_mode_existing_controller,25.28373000615681,50.170700464124096,17.0407793708182,-0.2751236496779934,0.9529604911804199,False,False,-0.9529604911804199,-0.09529604762792587,-3.625180829404496,-3.625180829404485,197.1524967955316,197.1524967955316,200.77767762493608,196.70446893004737,0.4480278654842209,-3.8041250604208288,3.335291871540813,0.9529604762792556,-0.006036720704287291,-0.0006036720587871969,-0.13648739950058927,-0.13648739950058997,212.3408261542006,212.3408261542006,212.4773135537012,212.24769414225415,0.09313201194646581,-0.6072241742754312,0.40481612279545515,0.22477267092248632,9.282120481219058,5.6615426553877235,44.58424061077134,26.212481644126107,0.28323840248116916,0.0,-17.26813856613171,-0.05587920716787664
P100_1100,420000,852,Z_mode_existing_controller,25.30362399522606,50.1720198246804,9.658728496577169,-0.1543270890586188,0.9294717907905579,False,False,-0.9294717907905579,-0.09294717758893967,-3.5386102241407493,-3.538610224140752,193.0266896050485,193.0266896050485,196.56529982918923,192.89899167630696,0.12769792874152586,-3.8071196091508117,3.33229732281083,0.929471775889397,-0.00850255973637104,-0.0008502560085617006,-0.15046714025452254,-0.15046714025451075,211.50976601062973,211.50976601062976,211.66023315088427,211.4989303658167,0.010835644813056433,-0.6072241742754312,0.40481612279545515,0.24779504280121145,10.786950365211858,5.217659534383524,36.61660622624283,28.190190243422713,0.16524800054160949,0.0,-9.817475110230589,-0.00650138688783386
P100_1100,420000,853,Z_mode_existing_controller,25.290634462510635,50.17370868609944,-0.7476204181448338,0.012116530026072802,0.9465039372444153,False,False,-0.9465039372444153,-0.09465039521455765,-3.606102302422835,-3.60610230242284,195.2430925809329,195.2430925809329,198.84919488335575,195.5452888870642,-0.3021963061312931,-3.809917850050563,3.329499081911078,0.9465039521455777,-0.010625160299241543,-0.00106251600664109,-0.1662709129438604,-0.16627091294384722,212.0849169372844,212.08491693728442,212.25118785022826,212.1520836476456,-0.06716671036119237,-0.6072241742754312,0.40481612279545515,0.27382130025084983,9.3064372552318,4.358708581177842,38.62374665138782,25.608851253804296,-0.0042209892807516525,0.0,0.7115413812089173,0.04030002621671258
P100_1100,420000,854,Z_mode_existing_controller,25.296407014355566,50.173955915194924,-7.30664855356099,0.1191247853463172,0.9464276432991028,False,False,-0.9464276432991028,-0.0946427658200264,-3.6085089609762777,-3.6085089609762853,193.83807245975316,193.83807245975316,197.44658142072944,194.4185025639661,-0.5804301042129225,-3.8127678642002643,3.326649067761377,0.9464276582002659,-0.010793203487992287,-0.0010793203255161643,-0.16737788883719046,-0.1673778888371849,211.80467905290496,211.80467905290496,211.97205694174215,211.92037607667626,-0.11569702377130398,-0.6072241742754312,0.40481612279545515,0.27564431050016774,9.221802001972051,4.508267899877282,43.647032250328216,25.88820230961037,-0.11036397083190685,0.0,7.347594310131171,0.06941821426278239
P100_1100,420000,855,Z_mode_existing_controller,25.305323863746906,50.174483189807134,-13.273110562486181,0.2106443983172602,0.9483708143234253,False,False,-0.9483708143234253,-0.09483708441257477,-3.6185710736964167,-3.6185710736964203,191.80705544042195,191.80705544042195,195.42562651411836,192.62268190319597,-0.81562646277402,-3.815565499624974,3.3238514323366677,0.9483708441257486,-0.007191811688244343,-0.0007191812037490308,-0.1436850901564507,-0.1436850901564403,211.43310432376106,211.43310432376106,211.5767894139175,211.564318812019,-0.1312144882579389,-0.6072241742754312,0.40481612279545515,0.23662610324744102,11.27929955908148,4.090362915041276,44.09917128342653,21.045210569501705,-0.20551436509235543,0.0,13.399896234624066,0.07872869295476903
P100_1100,420000,856,Z_mode_existing_controller,25.276367288914187,50.172441065079795,-17.510735100804595,0.283121501250312,0.9462029337882996,False,False,-0.9462029337882996,-0.09462029486894608,-3.6129094161459636,-3.6129094161459747,197.2918639895185,197.29186398951848,200.90477340566446,198.3102247087735,-1.0183607192550141,-3.8183239876286885,3.3210929443329533,0.9462029486894633,-0.019120270386338234,-0.001912027015350759,-0.22259188610893807,-0.22259188610893044,212.4130238998492,212.4130238998492,212.63561578595815,212.66107776749848,-0.24805386764927562,-0.6072241742754312,0.40481612279545515,0.3665728334589737,8.81257624449828,5.932420456470172,34.87739334056175,24.571959919077457,-0.27512127211286064,0.0,17.637024052328343,0.14883232058957674
P100_1100,420000,857,Z_mode_existing_controller,25.302018354182024,50.17199643167634,-19.954822034679637,0.3193707796665366,0.9297910332679749,False,False,-0.9297910332679749,-0.09297910332679749,-3.552749141883513,-3.552749141883508,192.05300146935315,192.05300146935315,195.60575061123666,193.1531338205393,-1.1001323511861472,-3.8210189330354374,3.3183979989262045,0.9297910332679733,-0.008805293589830399,-0.0008805293473415077,-0.1525076010673379,-0.1525076010673282,211.33139359773918,211.33139359773918,211.4839011988065,211.53491094859478,-0.20351735085560563,-0.6072241742754312,0.40481612279545515,0.2511553517270743,10.624356435574784,5.070443543094101,37.41803107098124,25.711243461596425,-0.3137926989716284,0.0,20.14650432313738,0.1221104105133719
P100_1100,420000,858,Z_mode_existing_controller,25.28978219947264,50.17206827114313,-25.05090731053133,0.3846823319077082,0.9399630427360535,False,False,-0.9399630427360535,-0.0939963087439537,-3.5940105130484583,-3.5940105130484694,194.18925824844987,194.18925824844987,197.78326876149833,195.468079908219,-1.278821659769136,-3.82356558579184,3.315851346169802,0.9399630874395396,-0.014367343857884407,-0.0014367344556376338,-0.1904323456625119,-0.19043234566250636,211.76791991633715,211.76791991633715,211.95835226199966,212.03535223812577,-0.2674323217886183,-0.6072241742754312,0.40481612279545515,0.31361127196515076,12.621912941687585,4.746066756589387,35.29892068471791,20.739686499706085,-0.3943233757362776,0.0,25.284771293193444,0.16045939307316814
P100_1100,420000,859,Omega_safe_one_step_QP,25.243934896507042,50.169801208323776,-65.88595052985238,1.0301869718990082,0.9600616097450256,False,False,-0.9600616097450256,-0.09600616246461868,-5.225119584357904,-5.225119584357918,201.3878188863897,201.3878188863897,206.61293847074762,204.42842885507807,-3.040609968688358,-5.442483534620525,3.092184434129476,0.9600616246461896,-0.29378542304039,-0.02937854267656803,-1.2849298011127246,-1.2849298011127177,212.4342071851235,212.4342071851235,213.71913698623624,213.82243747261595,-1.3882302874924335,-3.0694436606012876,3.5809469643987124,0.41861977061374267,9.434310058390693,3.3340609901483225,43.37703231828884,24.674721593770393,-1.049209697050756,0.0,66.10222205440732,0.8329381724954601
P100_1100,420000,860,Omega_safe_one_step_QP,25.2463733240281,50.170842491198556,-48.285206158980145,0.7400765663928319,0.9513309001922607,False,False,-0.9513309001922607,-0.09513308852910995,-5.158568683898111,-5.158568683898103,201.25429223687232,201.25429223687235,206.41286092077044,203.5113613745391,-2.257069137666747,-5.422475779622808,3.1121921891271933,0.9513308852910982,-0.2768428325653076,-0.02768428437411785,-1.1990649502957011,-1.1990649502957136,212.52179773585777,212.52179773585777,213.72086268615348,213.70378367351051,-1.1819859376527404,-3.069616230593014,3.5807743944069865,0.390623732812381,10.84037778384297,3.2035133492746413,39.00771952658177,24.23949108082953,-0.764005987215743,0.0,48.34002058360511,0.7091915625916556
P100_1100,420000,861,Omega_safe_one_step_QP,25.222349233638667,50.17169179834851,-49.240676550905846,0.7364482702832091,0.9703646302223206,False,False,-0.9703646302223206,-0.0970364660024643,-5.748231302946814,-5.748231302946816,205.67771857913135,205.67771857913135,211.42594988207816,207.95251410020174,-2.274795521070388,-5.923784675753579,2.6108832929964216,0.9703646600246437,-0.3474005162715912,-0.03474005311727524,-1.668930929645021,-1.668930929645032,213.15628226588504,213.15628226588504,214.82521319553007,214.71207515682602,-1.5557928909409782,-3.1800512815306723,3.470339343469328,0.5248125837900689,11.343013511548842,4.66953720854043,40.93816884239882,25.90708414551395,-0.7753452956310376,0.0,49.08254611197208,0.9334757345645954
P100_1100,420000,862,Omega_safe_one_step_QP,25.208239024752377,50.17456426793329,-41.35105042463965,0.631813265343139,0.97336745262146,False,False,-0.97336745262146,-0.09733674675226212,-6.06086713165383,-6.060867131653821,208.394235187753,208.394235187753,214.45510231940682,210.41530515712225,-2.0210699693692504,-6.226699919486444,2.307968049263556,0.9733674675226198,-0.23633059859275818,-0.023633060976862907,-1.1674706338234992,-1.1674706338234853,214.45488510898173,214.45488510898176,215.62235574280524,215.41386805714362,-0.9589829481618608,-3.259765536258189,3.3906250887418112,0.358145584655637,9.494120915032074,6.358269243786575,38.857781753989514,22.176527013982955,-0.654434195483427,0.0,41.430094851226386,0.5753897688971392
P100_1100,420000,863,Omega_safe_one_step_QP,25.237616144082725,50.174847974501766,-13.40030620626112,0.1996709699078385,0.9505100250244141,False,False,-0.9505100250244141,-0.09505100548267365,-5.393954740002685,-5.393954740002684,203.5421513394997,203.54215133949972,208.9361060795024,204.36037182808818,-0.8182204885884516,-5.674800295496003,2.859867673253998,0.9505100548267361,-0.23185619711875916,-0.023185620084404945,-1.0337573958927322,-1.0337573958927377,213.4113411278519,213.4113411278519,214.44509852374463,214.14556662502324,-0.7342254971713373,-3.142039814352129,3.508350810647872,0.3290083693945466,12.38165903282334,3.2815789659592913,32.97289454509966,25.860361686858415,-0.20006719307848186,0.0,13.159838101036257,0.44053529830279103
P100_1100,420000,864,Omega_safe_one_step_QP,25.187490552417703,50.176906754273155,-32.54659280310534,0.5001240526158698,0.9801909327507019,False,False,-0.9801909327507019,-0.09801909327507019,-6.555084397991876,-6.555084397991864,212.50860570628717,212.50860570628717,219.06369010427903,214.19155477544396,-1.6829490691567912,-6.687558697973666,1.847109270776335,0.9801909327507,-0.20780593156814575,-0.020780593156814575,-1.1252288859222557,-1.125228885922249,215.58674355753791,215.58674355753794,216.71197244346018,216.36201877604702,-0.7752752185090799,-3.368727206323684,3.2816634186763163,0.334021966459617,8.348933356686324,5.758021657758119,41.89728137941228,27.801360769546122,-0.51407211992416,0.0,32.59549979192343,0.46516513110543656
P100_1100,420000,865,Omega_safe_one_step_QP,25.23313522521538,50.18103384790531,2.4948322346381246,-0.039499327591347395,0.9547425508499146,False,False,-0.9547425508499146,-0.0954742580652237,-5.5464353469397345,-5.546435346939741,204.73518386599855,204.73518386599855,210.2816192129383,204.92453364652104,-0.18934978052249107,-5.809351608839592,2.7253163599104093,0.9547425806522377,-0.1120171844959259,-0.01120171882212162,-0.4673097972775483,-0.46730979727754757,214.5918356157491,214.5918356157491,215.05914541302664,214.62576903654764,-0.03393342079854733,-3.203444503280329,3.4469461217196713,0.14587728827486227,8.586596032264733,6.86047943212562,36.550481387255,23.46367877974639,0.0481953864951965,0.0,-2.563387673611942,0.020360052479134083
P100_1100,420000,866,Omega_safe_one_step_QP,25.27525958687572,50.181075702836594,26.873596564253603,-0.4402377032528777,0.9484991431236267,False,False,-0.9484991431236267,-0.09484991431236267,-4.747067937472928,-4.747067937472923,197.48923999450594,197.48923999450594,202.23630793197887,196.6428697730538,0.8463702214521334,-5.004820480743648,3.5298474880063524,0.9484991431236257,-0.01521141268312931,-0.001521141268312931,0.2003431316414398,0.2003431316414367,213.52932322983995,213.52932322983995,213.3289800981985,212.852875763197,0.6764474666429408,-3.0304279717975158,3.6199626532024847,0.05534397750324812,8.419896537589084,4.093039717948423,37.034219419302865,25.669874192639345,0.43713579105439937,0.0,-26.904863875322917,-0.40586847998577014
P100_1100,420000,867,Z_mode_existing_controller,25.294685651491637,50.18132512856838,57.70892058633308,-0.9254868906254035,0.9354658126831055,False,False,-0.9354658126831055,-0.09354658424854279,-3.5569813796128766,-3.556981379612888,195.10107368959007,195.10107368959004,198.65805506920293,192.99760065656932,2.1034730330207196,-3.8023637187675146,3.3370532131941273,0.9354658424854306,-0.009627864696085453,-0.0009627864928916097,-0.158538357452509,-0.15853835745250136,212.40649302221118,212.40649302221118,212.56503137966368,212.07411995564647,0.3323730665647133,-0.6072241742754312,0.40481612279545515,0.2610870320531571,10.552437688832406,6.855851550200755,38.590734918378004,23.99406557564687,0.9430845701359729,0.0,-58.452581316530086,-0.19942383993883084
P100_1100,420000,868,Z_mode_existing_controller,25.302193290178533,50.18089013383596,40.96444222754053,-0.6614760321605744,0.9314142465591431,False,False,-0.9314142465591431,-0.09314142912626266,-3.5443030951225842,-3.5443030951225953,193.3699480703394,193.3699480703394,196.914251165462,191.95199327190983,1.4179547984295766,-3.8052917250366884,3.334125206924953,0.9314142912626293,-0.0035461653023958206,-0.00035461652441881597,-0.11778599703183082,-0.11778599703183915,212.0562729479057,212.0562729479057,212.17405894493754,211.79868795342554,0.2575849944801689,-0.6072241742754312,0.40481612279545515,0.19397448590116986,10.374861721533993,5.591304691935628,36.37905212515175,26.567924270642067,0.6715010465156972,0.0,-41.481392277368286,-0.15455099668810135
P100_1100,420000,869,Z_mode_existing_controller,25.29896132678121,50.181513821944705,26.287097705499036,-0.42279015745636767,0.9388800263404846,False,False,-0.9388800263404846,-0.09388800710439682,-3.5753886282775476,-3.5753886282775578,193.70692143575678,193.70692143575678,197.28231006403433,192.89583286604523,0.8110885697115577,-3.8081419965618926,3.3312749353997493,0.9388800710439706,-0.007843065075576305,-0.0007843064959160984,-0.14704460474899636,-0.147044604749004,212.1477808002814,212.1477808002814,212.2948254050304,212.0153586379972,0.13242216228420034,-0.6072241742754312,0.40481612279545515,0.24215868039915345,10.40020943348068,6.002162494729797,39.81094039094476,25.317766824759254,0.4342009211460329,0.0,-26.641845329274474,-0.0794532973705202
P100_1100,420000,870,Z_mode_existing_controller,25.300549625939478,50.18171340101364,14.345323943164658,-0.2306333661705738,0.9435300827026367,False,False,-0.9435300827026367,-0.09435301274061203,-3.5957794134976164,-3.595779413497609,193.10996930977092,193.10996930977092,196.70574872326853,192.79377723161596,0.3161920781549554,-3.810985265921348,3.3284316660402933,0.9435301274061182,-0.006968763656914234,-0.0006968763773329556,-0.14171562249892383,-0.14171562249890995,212.04768471071665,212.04768471071668,212.1894003332156,211.98970236042038,0.0579823502962995,-0.6072241742754312,0.40481612279545515,0.23338270856559984,10.447154728463637,4.97841415445144,41.53546578822048,23.983513813801746,0.24089982460809622,0.0,-14.551434357595099,-0.0347894101777797
P100_1100,420000,871,Z_mode_existing_controller,25.29275162774183,50.18116758919535,5.156294102497668,-0.08382725720652981,0.9386557936668396,False,False,-0.9386557936668396,-0.09386558085680008,-3.5798500342533153,-3.579850034253325,194.41067880966855,194.41067880966855,197.99052884392188,194.47008958644508,-0.05941077677653084,-3.8138048063801806,3.3256121255814612,0.9386558085680031,-0.013323833234608173,-0.001332383370026946,-0.18337802222157806,-0.18337802222158084,212.25523897627164,212.25523897627164,212.43861699849322,212.3054973495698,-0.050258373298163406,-0.6072241742754312,0.40481612279545515,0.3019939422543515,9.375521268992639,5.415599776614065,38.13985924998333,23.23911728612587,0.09178268006239065,0.0,-5.278231806538315,0.03015502397890657
P100_1100,420000,872,Z_mode_existing_controller,25.30479383471986,50.17982839253271,-1.4307743724712054,0.022998511796339063,0.9301472306251526,False,False,-0.9301472306251526,-0.09301472455263138,-3.5499473378365094,-3.5499473378364983,191.83088700416278,191.83088700416278,195.38083434199928,192.1682082437264,-0.3373212395636358,-3.816543407412673,3.3228735245489687,0.9301472455263108,-0.005543804727494717,-0.0005543804727494717,-0.13090890222553012,-0.13090890222552665,211.67916629805558,211.6791662980556,211.81007520028112,211.7293540022701,-0.05018770421449403,-0.6072241742754312,0.40481612279545515,0.2155857882004342,10.59335914755724,3.338632951749777,39.07640748314431,21.067359248674617,-0.014267913884367545,0.0,1.4149296638270243,0.030112622528690736
P100_1100,420000,873,Z_mode_existing_controller,25.27824166286752,50.17718202614982,-10.729938139251317,0.17202840167863748,0.9617844223976135,False,False,-0.9617844223976135,-0.09617844223976135,-3.6732285602942243,-3.6732285602942367,196.73099435254898,196.73099435254898,200.4042229128432,197.4625371826324,-0.7315428300834128,-3.819180758966032,3.3202361729956094,0.9617844223976167,-0.00486972788348794,-0.00048697279999032617,-0.12963929349136538,-0.12963929349135983,212.60678453185065,212.60678453185065,212.736423825342,212.70300685208963,-0.09622232023897936,-0.6072241742754312,0.40481612279545515,0.2134949479672011,9.517045802506214,4.495872397458251,40.73760645490372,23.77096156643675,-0.16574092088752934,0.0,10.837945667995882,0.05773339214337625
P100_1100,420000,874,Z_mode_existing_controller,25.28370370080105,50.17675376904488,-15.10391408293708,0.2435948821880679,0.956454336643219,False,False,-0.956454336643219,-0.09564543515443802,-3.655531738689984,-3.6555317386899753,195.42159495653524,195.42159495653524,199.07712669522522,196.33931880223471,-0.9177238456994701,-3.8219615319721463,3.3174553999894956,0.9564543515443776,-0.005420737899839878,-0.00054207380162552,-0.13275493693364407,-0.1327549369336406,212.30173197674196,212.30173197674196,212.4344869136756,212.43703102507877,-0.13529904833680462,-0.6072241742754312,0.40481612279545515,0.21862590877915905,9.431826020045227,5.61718328596039,44.67220985444977,23.348206557290297,-0.23645973128245856,0.0,15.259194385217597,0.08117942900207709
P100_1100,420000,875,Z_mode_existing_controller,25.299676012964742,50.176126467433406,-17.796247071345533,0.28800546916763836,0.9409447908401489,False,False,-0.9409447908401489,-0.09409447759389877,-3.598793298625795,-3.5987932986257967,192.089225739976,192.089225739976,195.6880190386018,193.1156029869958,-1.0263772470198091,-3.824659417482273,3.314757514479369,0.9409447759389877,-0.0013873567804694176,-0.0001387356751365587,-0.10443028713600921,-0.10443028713601685,211.5759755578789,211.5759755578789,211.68040584501492,211.71258841231986,-0.13661285444095483,-0.6072241742754312,0.40481612279545515,0.17197979191231647,9.966424566877796,4.558076847976563,41.64831882661757,21.82929672076355,-0.2797202099836298,0.0,17.99399956866455,0.08196771266456437
P100_1100,420000,876,Z_mode_existing_controller,25.29507300275473,50.17401418042294,-21.869461519378092,0.36071636935571316,0.9530676007270813,False,False,-0.9530676007270813,-0.09530676156282425,-3.6475939649770632,-3.6475939649770597,192.73810252900805,192.73810252900805,196.3856964939851,193.95692531863733,-1.2188227896292858,-3.827214255488731,3.3122026764729107,0.9530676156282413,-0.004949965048581362,-0.000494996493216604,-0.12928936096309254,-0.12928936096310434,211.58407416224503,211.58407416224503,211.71336352320813,211.77201271170972,-0.18793854946468969,-0.6072241742754312,0.40481612279545515,0.21291866569274612,8.63476449370543,5.672319198448263,39.07502488935809,24.47392244002843,-0.3464287828994479,0.0,22.10312717259876,0.11276312967882518
P100_1100,420000,877,Omega_safe_one_step_QP,25.319246515589807,50.173047961302174,-26.343101119718085,0.42834245528710985,0.9490928649902344,False,False,-0.9490928649902344,-0.09490928798913956,-3.721049323347529,-3.721049323347536,187.67343077636852,187.67343077636852,191.39448009971605,189.06687188873923,-1.3934411123707093,-3.920637697517368,4.614030271232633,0.9490928798913973,0.011677632108330727,0.0011677632573992014,0.5998639899053575,0.5998639899053665,211.19709776981063,211.19709776981065,210.59723377990528,210.67470640588874,0.522391363921912,-2.7572533399681936,3.8931372850318064,0.1540824137416633,10.64090350979597,5.120565090605062,37.53390366804281,25.50267265888264,-0.4243354232483689,0.0,27.080871361319623,-0.31343481835314435
P100_1100,420000,878,Z_mode_existing_controller,25.303598485142015,50.17229842744774,-12.180774391062187,0.19285667646673835,0.9269872903823853,False,False,-0.9269872903823853,-0.09269873052835464,-3.5471594593599054,-3.5471594593599027,191.23985134468919,191.23985134468919,194.7870108040491,192.02152196469282,-0.7816706200036379,-3.8265458859492174,3.3128710460124244,0.9269873052835457,-0.0057406132109463215,-0.0005740613560192287,-0.13189461462963098,-0.1318946146296407,211.13123672814783,211.13123672814783,211.26313134277746,211.26842588188677,-0.13718915373894447,-0.6072241742754312,0.40481612279545515,0.21720909709667544,11.556897540239309,3.645820723651811,38.52972733212731,25.67151811645175,-0.18704887656581093,0.0,12.285509775383616,0.08231349224335816
P100_1100,420000,879,Omega_safe_one_step_QP,25.26298009927048,50.172553283159445,-45.17625130205124,0.7252795967249676,0.9526084065437317,False,False,-0.9526084065437317,-0.09526084363460541,-4.799201446562078,-4.7992014465620665,197.768483292547,197.768483292547,202.56768473910907,199.9967975209427,-2.2283142283957034,-5.037958161456668,3.4967098072933327,0.9526084363460517,-0.022633587941527367,-0.0022633587941527367,0.19950945723322538,0.19950945723322122,213.14406445674763,213.14406445674763,212.9445549995144,212.98546661638986,0.15859784035777125,-2.9919854619291057,3.6584051630708943,0.054534543972092855,8.858434326005632,5.184482891384526,40.50574615515913,23.0218875610593,-0.7281093925392614,0.0,45.999519398804296,-0.09515870421466843
P100_1100,420000,880,Z_mode_existing_controller,25.284751879622796,50.17162255031847,-4.352961656803018,0.0701054027171022,0.9503394961357117,False,False,-0.9503394961357117,-0.09503395110368729,-3.63576076929659,-3.63576076929658,194.94817664505504,194.94817664505504,198.58393741435162,195.42037300421774,-0.47219635916269453,-3.825749352807372,3.3136675791542696,0.9503395110368701,-0.007192232646048069,-0.0007192232878878713,-0.14388711878111013,-0.14388711878110041,211.88074391514164,211.88074391514166,212.02463103392276,211.96685488651968,-0.08611097137801949,-0.6072241742754312,0.40481612279545515,0.23695881171528355,9.70889632838426,4.598054398625206,36.02783019332632,27.09410176793367,-0.061778106194950055,0.0,4.363073180170431,0.05166658282681169
P100_1100,420000,881,Z_mode_existing_controller,25.28481432291203,50.1726435298371,-9.013381111361014,0.1463704840694552,0.9399643540382385,False,False,-0.9399643540382385,-0.09399643540382385,-3.5985059835336592,-3.598505983533663,194.7229401889983,194.7229401889983,198.32144617253198,195.39374043188565,-0.6708002428873385,-3.828343030322264,3.3110739016393778,0.9399643540382394,-0.011090962216258049,-0.001109096221625805,-0.1686989297711848,-0.1686989297711862,211.86405766856743,211.86405766856743,212.0327565983386,212.01596998427559,-0.15191231570815944,-0.6072241742754312,0.40481612279545515,0.2778198512476645,9.22434746237073,4.854194400826623,38.1945503472346,26.505606157335357,-0.13724191221844073,0.0,9.059475634155206,0.09114738942488998
P100_1100,420000,882,Z_mode_existing_controller,25.29516256294168,50.173304652149625,-13.01986459242562,0.21539350569559468,0.9364726543426514,False,False,-0.9364726543426514,-0.09364726394414902,-3.58746418785627,-3.587464187856266,192.45813866643698,192.45813866643698,196.04560285429324,193.30509532814023,-0.8469566617032456,-3.830826483084252,3.3085904488773896,0.9364726394414888,-0.012483321130275726,-0.0012483320897445083,-0.17758162179442039,-0.17758162179441692,211.4121664999868,211.4121664999868,211.5897481217812,211.60566505893934,-0.1934985589525411,-0.6072241742754312,0.40481612279545515,0.29244820828537627,8.60692736402868,4.523365130808477,39.189376826085756,28.860465265209424,-0.20241937535774301,0.0,13.10618483241251,0.1160991353715275
P100_1100,420000,883,Z_mode_existing_controller,25.31133751775434,50.17493838745575,-16.564322368301873,0.27402617882541747,0.9353322386741638,False,False,-0.9353322386741638,-0.0935332253575325,-3.5853562700321238,-3.585356270032129,189.0304017453108,189.0304017453108,192.61575801534292,190.02171588244946,-0.9913141371386587,-3.8332434878911026,3.3061734440705393,0.9353322535753263,-0.00857176911085844,-0.0008571768994443119,-0.15151933434228923,-0.15151933434229964,210.80442840770488,210.80442840770485,210.95594774204716,210.9976000772584,-0.19317166955354992,-0.6072241742754312,0.40481612279545515,0.24952783627743366,9.378393814217713,4.532920573695186,41.320129205274476,28.247982236921256,-0.259327837293851,0.0,16.70774720386362,0.11590300173213564
P100_1100,420000,884,Z_mode_existing_controller,25.31325008604349,50.17602952299448,-20.172760616301275,0.32180261737932253,0.9326401352882385,False,False,-0.9326401352882385,-0.09326401352882385,-3.5772434633858525,-3.5772434633858414,188.4313799465015,188.4313799465015,192.00862340988735,189.54447122148298,-1.1130912749814854,-3.8356096076438773,3.3038073243177646,0.9326401352882354,-0.007643990218639374,-0.0007643990102224052,-0.14509255561449205,-0.14509255561448997,210.74862139646055,210.74862139646055,210.89371395207505,210.95903346400124,-0.21041206754068753,-0.6072241742754312,0.40481612279545515,0.23894397120737382,11.698663223433634,5.004717441502147,35.66654241583832,27.586483121435638,-0.3157898971905979,0.0,20.362303272967438,0.12624724052442104
P100_1100,420000,885,Z_mode_existing_controller,25.279809783409714,50.176758883711095,-24.56113214891684,0.3818732813620776,0.9435175657272339,False,False,-0.9435175657272339,-0.09435176104307175,-3.6211415998286087,-3.6211415998286096,194.75944578090693,194.75944578090693,198.38058738073553,196.0512648300319,-1.2918190491249675,-3.8379162824269404,3.3015006495347015,0.9435176104307176,-0.01281342189759016,-0.0012813422363251448,-0.18048429522123585,-0.18048429522123655,212.12063737283594,212.12063737283594,212.3011216680572,212.39265924858245,-0.2720218757465034,-0.6072241742754312,0.40481612279545515,0.2972284419285497,11.733440643410034,6.542830784594772,41.28527536930332,24.36988027318335,-0.38640083207870646,0.0,24.784319855548347,0.16321312544791056
P100_1100,420000,886,Z_mode_existing_controller,25.268756284121665,50.17706945020761,-25.656112315504288,0.42498100866986455,0.9484834671020508,False,False,-0.9484834671020508,-0.09484834969043732,-3.642410928597295,-3.6424109285972928,196.69957701118278,196.69957701118278,200.34198793978007,198.11561422383076,-1.4160372126479785,-3.8402470264219337,3.299169905539708,0.9484834969043722,-0.012916424311697483,-0.0012916424311697483,-0.18167011571724734,-0.18167011571723485,212.56079964910296,212.560799649103,212.7424697648202,212.85492206836085,-0.2941224192578602,-0.6072241742754312,0.40481612279545515,0.2991812964857868,7.446448364405038,4.631082736270533,39.8475593077518,23.410158892320226,-0.4075707562372184,0.0,25.887209620186695,0.17647345155471328
P100_1100,420000,887,Z_mode_existing_controller,25.30762813098879,50.17577354428066,-26.601961598659727,0.4369042147384794,0.939186155796051,False,False,-0.939186155796051,-0.09391861408948898,-3.6088843391158183,-3.6088843391158227,188.87236192104686,188.87236192104686,192.4812462601627,190.28818587256353,-1.4158239515166713,-3.842565580958366,3.2968513510032755,0.939186140894891,-0.007317304611206055,-0.0007317304844036698,-0.14358800479354825,-0.14358800479353576,210.84997442978673,210.84997442978673,210.99356243458027,211.11254328358038,-0.2625688537936526,-0.6072241742754312,0.40481612279545515,0.2364662193577385,9.739373739880813,3.9241988295487698,37.79438666050098,24.928088545180078,-0.4212217836403376,0.0,26.865642070024478,0.1575413122761944
P100_1100,420000,888,Z_mode_existing_controller,25.297434635298593,50.17468431967995,-28.611195774764383,0.46126987241166617,0.9431310892105103,False,False,-0.9431310892105103,-0.0943131074309349,-3.626136613075131,-3.6261366130751433,190.6736276322048,190.67362763220478,194.29976424527993,192.16210871295903,-1.4884810807542408,-3.8447854299897144,3.294631501971927,0.9431310743093521,-0.008888491429388523,-0.0008888491429388523,-0.15440955197780354,-0.15440955197781603,211.1691926984994,211.1691926984994,211.3236022504772,211.4544937604181,-0.28530106191871596,-0.6072241742754312,0.40481612279545515,0.25428755724698354,10.426041901815246,5.718817229059024,40.26314812722412,23.052689502083624,-0.4529859777701546,0.0,28.893001115383413,0.1711806371512381
P100_1100,420000,889,Z_mode_existing_controller,25.293932527101408,50.17311421587316,-29.2454258946982,0.4701360498882527,0.9369413256645203,False,False,-0.9369413256645203,-0.09369413554668427,-3.604402987597048,-3.604402987597044,191.20191903625184,191.20191903625184,194.80632202384888,192.71755361120873,-1.5156345749568914,-3.8469888927051477,3.2924280392564946,0.9369413554668413,-0.010849925689399242,-0.0010849925456568599,-0.1667940976795422,-0.16679409767954428,211.17892483699,211.17892483699,211.34571893466955,211.4878876539162,-0.3089628169261971,-0.6072241742754312,0.40481612279545515,0.274682900888409,10.470977939027295,5.434420101868954,41.13510561561006,26.113387098587253,-0.46295394864234396,0.0,29.52300215318519,0.18537769015571826
P100_1100,420000,890,Z_mode_existing_controller,25.28807691964957,50.173552277320894,-30.359336145645102,0.49965292958414215,0.9484680891036987,False,False,-0.9484680891036987,-0.09484680742025375,-3.650762216436132,-3.6507622164361355,192.109608643567,192.109608643567,195.76037086000312,193.70958123457248,-1.5999725910054963,-3.8491144991945636,3.2903024327670782,0.9484680742025383,-0.009148303419351578,-0.0009148303652182221,-0.1566731154153428,-0.15667311541534418,211.42191666094814,211.42191666094814,211.5785897763635,211.73021532601294,-0.30829866506479675,-0.6072241742754312,0.40481612279545515,0.2580152801101735,8.818946208101782,4.129344297274026,39.968050502486925,25.020489577775834,-0.48243941805107227,0.0,30.656796364658476,0.18497919903887805
P100_1100,420000,891,Z_mode_existing_controller,25.297983588208393,50.172934438173,-31.215050271965083,0.5002966348869882,0.9437963366508484,False,False,-0.9437963366508484,-0.09437963366508484,-3.6348161932851495,-3.634816193285141,189.98177732709365,189.98177732709368,193.6165935203788,191.57494187689704,-1.5931645498033618,-3.851271775628673,3.288145156332969,0.9437963366508462,-0.006085831206291914,-0.000608583155553788,-0.135885724212699,-0.13588572421269693,210.95336473243225,210.95336473243225,211.08925045664495,211.24447740254567,-0.2911126701134208,-0.6072241742754312,0.40481612279545515,0.2237818090408575,10.934323058085226,5.030484650035856,45.200711352659624,23.94021923135385,-0.4945685162756881,0.0,31.534951186172293,0.17466760206805532
P100_1100,420000,892,Z_mode_existing_controller,25.282134426471433,50.17234032958313,-31.1218224111135,0.5069009480735069,0.9448282718658447,False,False,-0.9448282718658447,-0.09448283165693283,-3.6407649292668127,-3.640764929266824,192.9154330807973,192.9154330807973,196.55619801006412,194.54288626797467,-1.627453187177366,-3.8533613625028,3.286055569458842,0.944828316569331,-0.01101831253618002,-0.001101831323467195,-0.16870927283960668,-0.16870927283960738,211.51810391747048,211.51810391747048,211.6868131903101,211.85024231240706,-0.33213839493657815,-0.6072241742754312,0.40481612279545515,0.2778368846084221,9.240562798981586,4.1802386506237745,38.13432418561926,23.955831563840714,-0.4940931032449267,0.0,31.416632477396888,0.19928303696194405
P100_1100,420000,893,Z_mode_existing_controller,25.28559590780302,50.1711961511094,-30.951147138011947,0.4959900205305592,0.9357296824455261,False,False,-0.9357296824455261,-0.09357296675443649,-3.607630101953451,-3.607630101953453,192.09071270015153,192.09071270015153,195.69834280210497,193.68666027213087,-1.5959475719793375,-3.8554191740237913,3.28399775793785,0.9357296675443652,-0.015462410636246204,-0.0015462411101907492,-0.19726791742723793,-0.19726791742724417,211.24424857977473,211.24424857977473,211.44151649720197,211.6075140105266,-0.36326543075185214,-0.6072241742754312,0.40481612279545515,0.3248683530470994,10.432419642178376,4.313601665905962,44.186186840810834,22.95349273516056,-0.4898770091072251,0.0,31.223064888668887,0.21795925845110276
P100_1100,420000,894,Z_mode_existing_controller,25.272577417948288,50.17011281518151,-31.48311100393221,0.5055162107064132,0.9426100254058838,False,False,-0.9426100254058838,-0.09426100552082062,-3.636008859356537,-3.6360088593565467,194.46114063539548,194.46114063539548,198.09714949475202,196.0968886747918,-1.6357480393963328,-3.8573839089308324,3.2820330230308095,0.9426100552082084,-0.013776019215583801,-0.0013776019914075732,-0.1867777384765075,-0.18677773847652068,211.7081445487083,211.7081445487083,211.8949222871848,212.06578071891906,-0.35763617021075333,-0.6072241742754312,0.40481612279545515,0.30759272504160884,9.747434699495862,6.054619481038553,41.4580530041368,22.80550572048089,-0.4991230245815004,0.0,31.76765232638718,0.214581702126452
P100_1100,420000,895,Z_mode_existing_controller,25.285517533054268,50.16889672070288,-31.53424190176156,0.5028252347804698,0.9381464719772339,False,False,-0.9381464719772339,-0.09381464868783951,-3.620640344355263,-3.6206403443552553,191.7588739006333,191.7588739006333,195.37951424498854,193.37692723609572,-1.6180533354624345,-3.859355010114301,3.280061921847341,0.9381464868783927,-0.008863716386258602,-0.0008863716502673924,-0.1537407497439587,-0.15374074974395663,211.09421613916263,211.09421613916263,211.24795688890657,211.42091226543775,-0.3266961262751238,-0.6072241742754312,0.40481612279545515,0.25318614814274715,10.803299183111017,3.5842160274822916,41.82562074246005,27.87983367251718,-0.4992206382271078,0.0,31.83744486422347,0.19601767576507712
P100_1100,420000,896,Z_mode_existing_controller,25.25880064632592,50.17064743906846,-32.54712383070273,0.5196662303005423,0.9536777138710022,False,False,-0.9536777138710022,-0.09536777436733246,-3.6824006457772196,-3.6824006457772236,196.76824860379992,196.76824860379992,200.45064924957714,198.45754835877707,-1.6892997549771565,-3.861263063132362,3.27815386882928,0.9536777436733253,-0.018334802240133286,-0.0018334802007302642,-0.21813804357836628,-0.21813804357836072,212.21683905428037,212.21683905428037,212.43497709785873,212.61281585726718,-0.3959768029868087,-0.6072241742754312,0.40481612279545515,0.3592380751946403,9.544087090882524,6.4710261344014,41.101052655422116,26.87033839620697,-0.5160840031310485,0.0,32.825621752041116,0.23758608179207386
P100_1100,420000,897,Z_mode_existing_controller,25.279757480720647,50.17214501216871,-32.55052469508428,0.5189669538217597,0.9510307312011719,False,False,-0.9510307312011719,-0.09510307759046555,-3.674051887449873,-3.6740518874498793,192.44689847464642,192.44689847464642,196.1209503620963,194.11432834848253,-1.667429873836113,-3.863231328087128,3.276185603874514,0.9510307759046569,-0.01620279625058174,-0.0016202796250581741,-0.20372771965529446,-0.20372771965530487,211.395969846618,211.39596984661796,211.59969756627328,211.77765547820883,-0.38168563159086943,-0.6072241742754312,0.40481612279545515,0.3355066024807107,10.64379463533571,4.671542890559379,43.70555877485749,24.12407643615198,-0.5151858430331231,0.0,32.83669915916289,0.2290113789545245
P100_1100,420000,898,Z_mode_existing_controller,25.266656572500892,50.171844135449696,-32.23630048972791,0.5084680634733086,0.9470411539077759,False,False,-0.9470411539077759,-0.09470411390066147,-3.660453865901815,-3.6604538659018178,194.87078813542487,194.87078813542487,198.5312420013267,196.52556396851395,-1.6547758330890758,-3.8651476848634014,3.2742692470982404,0.9470411390066152,-0.01714134030044079,-0.0017141340067610145,-0.209549685876953,-0.2095496858769627,211.8908730493434,211.8908730493434,212.10042273522038,212.28170320149567,-0.3908301521522617,-0.6072241742754312,0.40481612279545515,0.34509443917809657,10.725422281530538,4.566897374554306,42.3352511376976,22.75320240555964,-0.5098411483475225,0.0,32.5116435467844,0.234498091291357
P100_1100,420000,899,Z_mode_existing_controller,25.25281586164212,50.171014080437246,-31.121196027665064,0.509223327773259,0.9507289528846741,False,False,-0.9507289528846741,-0.09507289528846741,-3.6764734170895332,-3.676473417089525,197.42257433808223,197.42257433808226,201.09904775517177,199.0917019265262,-1.6691275884439563,-3.8670047924116395,3.2724121395500023,0.9507289528846715,-0.03838133439421654,-0.003838133532553911,-0.3508162237115253,-0.3508162237115149,212.25333816673466,212.25333816673466,212.60415439044618,212.78825104212115,-0.5349128753864818,-0.6072241742754312,0.40481612279545515,0.577737577938371,7.943327377132686,5.020381880326838,39.72383317155316,25.86754874435172,-0.4928707997069387,0.0,31.293119102140736,0.3209477252318891
P100_1100,420000,900,Z_mode_existing_controller,25.286988406009357,50.171460430501455,-31.555962555217775,0.49764851849404856,0.9452587962150574,False,False,-0.9452587962150574,-0.09452588111162186,-3.6570649740091707,-3.6570649740091756,190.53061612822506,190.53061612822503,194.18768110223422,192.1410281294256,-1.610412001200558,-3.8688504470967993,3.2705664848648417,0.9452588111162197,-0.009085308760404587,-0.000908530899323523,-0.15593045650331566,-0.15593045650330734,211.00048128473915,211.00048128473915,211.15641174124247,211.3349374573362,-0.33445617259704363,-0.6072241742754312,0.40481612279545515,0.2567922410028734,11.789840091159764,5.91309932643131,40.70918820709172,23.3399610268186,-0.49817190092819885,0.0,31.853460752588035,0.20067370355822334
P100_1100,420000,901,Z_mode_existing_controller,25.265182022360676,50.17045926910073,-30.218732834348884,0.498993790235184,0.947174072265625,False,False,-0.947174072265625,-0.09471740573644638,-3.6661598937591626,-3.6661598937591626,194.66883697246755,194.66883697246755,198.3349968662267,196.30513211940197,-1.6362951469344296,-3.8706295482377833,3.268787383723858,0.9471740573644638,-0.017829526215791702,-0.0017829526914283633,-0.2141281541649817,-0.21412815416496783,211.77336953532165,211.77336953532165,211.98749768948662,212.17276897402164,-0.3993994386999873,-0.6072241742754312,0.40481612279545515,0.3526344359074237,8.028825637310351,5.77780328124223,36.584012950849655,20.741255882823825,-0.4793385092382201,0.0,30.45843168036663,0.23963966321998953
P100_1100,420000,902,Omega_safe_one_step_QP,25.299969121567212,50.16724158104947,-30.493243909334524,0.5048627504601667,0.9466665387153625,False,False,-0.9466665387153625,-0.09466665238142014,-3.7076659203539184,-3.7076659203539197,187.64592818844142,187.64592818844142,191.35359410879533,189.2857954044025,-1.6398672159610896,-3.916549098425296,4.618118870324705,0.9466665238142015,0.01286929938942194,0.001286929938942194,0.6315011181597046,0.6315011181597135,210.94556018610263,210.94556018610263,210.3140590679429,210.49395443581892,0.4516057502837043,-2.728935868771956,3.921454756228044,0.16103746120155157,9.498258858027441,5.016774619959219,38.366789247184926,27.521995990833567,-0.49061282308947796,0.0,31.254820182593903,-0.27096345017022827
P100_1100,420000,903,Omega_safe_one_step_QP,25.301676585415553,50.16750445369464,-14.712216303213609,0.24168519480500225,0.9138569831848145,False,False,-0.9138569831848145,-0.09138569980859756,-3.582459027535602,-3.582459027535599,187.80717163401607,187.80717163401607,191.38963066155168,188.76928960863543,-0.9621179746193604,-3.92015275370093,4.614515215049071,0.9138569980859746,-0.033221762627363205,-0.0033221764024347067,0.37141555770348195,0.3714155577034958,210.68998776441842,210.68998776441845,210.31857220671495,210.40590054633444,0.28408721808401083,-2.7293871826491602,3.92100344235084,0.09472461913494608,10.092244629650626,4.249014224879743,40.111718245020406,25.462975441789546,-0.23199188338970345,0.0,15.114660517453558,-0.17045233085040934
P100_1100,420000,904,Z_mode_existing_controller,25.288451160630277,50.166844321857134,-5.667867927773841,0.09057839590866056,0.9353116154670715,False,False,-0.9353116154670715,-0.09353116154670715,-3.6143215793888004,-3.614321579388796,190.75854750211215,190.75854750211218,194.37286908150097,191.32503575520752,-0.5664882530953435,-3.864296689594621,3.275120242367021,0.9353116154670701,-0.013660567812621593,-0.0013660568511113524,-0.18527327202803243,-0.18527327202804422,210.71448751277768,210.71448751277768,210.89976078480572,210.9145591959968,-0.2000716832191074,-0.6072241742754312,0.40481612279545515,0.30511511213979764,11.17179542201978,6.217772997032647,43.928448283176465,20.043190252962813,-0.07929050748125732,0.0,5.627115425323609,0.12004300993146444
P100_1100,420000,905,Z_mode_existing_controller,25.280154675331218,50.164015367679234,-10.233330813906832,0.16282457374404244,0.9360846877098083,False,False,-0.9360846877098083,-0.09360846877098083,-3.61899692397087,-3.6189969239708804,192.25717196980233,192.25717196980233,195.8761688937732,193.01291272311096,-0.7557407533086291,-3.8660999068631074,3.2733170250985344,0.9360846877098108,-0.00918224360793829,-0.0009182243957184255,-0.1556450063600126,-0.1556450063600244,210.90539759843972,210.9053975984397,211.06104260479972,211.108667762849,-0.2032701644093038,-0.6072241742754312,0.40481612279545515,0.25632215078681186,11.020650931146303,6.025230057756917,38.367559138570414,22.465336129922004,-0.15356976831751723,0.0,10.26493848357859,0.12196209864558227
P100_1100,420000,906,Z_mode_existing_controller,25.271193868964623,50.1623757609655,-15.99142987801315,0.24639609291388798,0.9543322920799255,False,False,-0.9543322920799255,-0.09543322771787643,-3.6912381143670165,-3.6912381143670183,193.80776597277836,193.80776597277836,197.49900408714538,194.78513722356251,-0.9773712507841594,-3.8678751653241834,3.2715417666374584,0.9543322771787646,-0.005304227117449045,-0.0005304227233864367,-0.13176731221577892,-0.13176731221577823,211.18443284528342,211.18443284528342,211.3162001574992,211.3909521535876,-0.20651930830416632,-0.6072241742754312,0.40481612279545515,0.21699945061148013,12.600131611914712,6.131970837161993,41.7828768850895,24.797717010489595,-0.24553199392913427,0.0,16.11305028695915,0.1239115849824941
P100_1100,420000,907,Omega_safe_one_step_QP,25.243131991869912,50.163128480783875,-47.57076366220372,0.7260850961528148,0.9575448632240295,False,False,-0.9575448632240295,-0.09575448930263519,-4.851286611588527,-4.851286611588541,198.00061981783992,198.00061981783992,202.85190642942845,200.27946752189885,-2.2788477040589328,-5.066380330488609,3.4682876382613927,0.9575448930263544,-0.059133317321538925,-0.005913331639021635,0.05300939771680224,0.053009397716802936,212.5589489118304,212.5589489118304,212.5059395141136,212.60796858049392,-0.04901966866350449,-2.948123913389026,3.7022667116109744,0.014318092629727601,11.851727986029545,3.910430151903373,37.94741841776381,25.964753548043365,-0.7607228693655088,0.0,48.302074730370805,0.029411801198108378
P100_1100,420000,908,Omega_safe_one_step_QP,25.205872362314235,50.16468457621423,-51.8248389072869,0.7803609400109952,0.9683195948600769,False,False,-0.9683195948600769,-0.09683196246623993,-5.651256867025102,-5.6512568670250936,204.89832859342874,204.89832859342874,210.54958546045384,207.3493303833687,-2.4510017899399656,-5.836148233591146,2.6985197351588543,0.9683196246623976,-0.2969265282154083,-0.029692653566598892,-1.347816894346833,-1.3478168943468254,212.87358781645534,212.87358781645534,214.22140471080218,214.2202042683072,-1.3466164518518724,-3.119670433057882,3.5307201919421183,0.43203823072609093,11.07300426111242,3.9673838806811803,47.630371525223836,22.733805581093485,-0.817823956471603,0.0,51.83469299264743,0.8079698711111405
P100_1100,420000,909,Omega_safe_one_step_QP,25.19175920507933,50.16601789795372,-43.993637847858736,0.6630950173614603,0.9782430529594421,False,False,-0.9782430529594421,-0.09782430529594421,-6.015348609478546,-6.015348609478549,207.6641046583696,207.66410465836958,213.67945326784815,209.81555237761333,-2.1514477192437482,-6.149135014330575,2.3855329544194253,0.9782430529594428,-0.29153361916542053,-0.029153361916542053,-1.3888312563772103,-1.388831256377205,213.55987863964134,213.55987863964134,214.94870989601856,214.83545085863898,-1.2755722189976382,-3.1924009515795193,3.4579896734204807,0.43504286505429285,10.45550038484532,5.275564554873435,43.15990069808943,26.791604782253447,-0.6917972712079354,0.0,43.920091787666934,0.7653433313985829
P100_1100,420000,910,Omega_safe_one_step_QP,25.199305188022656,50.16964136912056,-23.844500133949623,0.3609134509536095,0.9608681797981262,False,False,-0.9608681797981262,-0.09608682245016098,-5.795687690399104,-5.795687690399114,206.7096113056714,206.70961130567136,212.50529899607048,208.02768910340018,-1.3180777977288187,-6.03171958715281,2.502948381597191,0.9608682245016116,-0.26033103466033936,-0.026033103466033936,-1.2228211099719968,-1.2228211099720099,213.6658554254282,213.66585542542816,214.88867653540018,214.6710571555187,-1.0052017300905334,-3.1863976155176825,3.4639930094823184,0.3837628750463845,10.587291533339833,4.392940363417963,37.91976616020477,26.927916608212634,-0.36689961554641215,0.0,23.608278711441926,0.6031210380542973
P100_1100,420000,911,Omega_safe_one_step_QP,25.194190031545013,50.172810284694904,-16.45267849722677,0.2506339450167772,0.9657425284385681,False,False,-0.9657425284385681,-0.09657425433397293,-5.952573820753148,-5.952573820753148,207.87280377000428,207.87280377000428,213.82537759075743,208.8815947820889,-1.0087910120846288,-6.163727446621506,2.370940522128495,0.9657425433397292,-0.3378133475780487,-0.03378133475780487,-1.6689374087736086,-1.6689374087736148,213.66655440716357,213.66655440716357,215.3354918159372,215.03748441683592,-1.3709300096723496,-3.231079143571384,3.4193114814286165,0.5165263166314462,10.01277187209414,5.177209326583745,39.74115378405778,22.719247520680725,-0.243796620172132,0.0,15.873917111595802,0.8225580058034154
P100_1100,420000,912,Omega_safe_one_step_QP,25.206346122088796,50.17359597796502,-0.8554156923501068,0.013082987785554417,0.9627219438552856,False,False,-0.9627219438552856,-0.09627219289541245,-5.7352830492394675,-5.735283049239473,206.02644021159844,206.0264402115984,211.7617232608379,206.39939310121792,-0.372952889619512,-5.957362013629551,2.57730595512045,0.9627219289541252,-0.21122503280639648,-0.021122504025697708,-0.970033961511151,-0.9700339615111426,213.95277991356613,213.95277991356613,214.92281387507728,214.55065724806036,-0.5978773344942283,-3.189811349485393,3.460579275514607,0.30410386547393675,10.324034155652582,5.011577794980999,38.655527859772114,20.42267863952774,0.0023696911384583075,0.0,0.4943196005151549,0.3587264006965256
P100_1100,420000,913,Omega_safe_one_step_QP,25.210420369618927,50.172701200875686,6.4028485205826655,-0.0998747183320069,0.9665742516517639,False,False,-0.9665742516517639,-0.09665742516517639,-5.714014832455089,-5.714014832455094,205.59023816562774,205.59023816562774,211.30425299808283,205.63957911736492,-0.049340951737178784,-5.911614987354046,2.6230529813959547,0.9665742516517648,-0.33529794216156006,-0.033529795706272125,-1.5998218233594417,-1.5998218233594546,213.15699277239318,213.15699277239315,214.75681459575262,214.33053145515123,-1.1735386827580783,-3.173211421552926,3.4771792034470748,0.5041649013656089,9.312969774864797,5.257272846170643,40.7163336269083,21.739268837322182,0.1248518070563609,0.0,-7.231823537293167,0.7041232096548526
P100_1100,420000,914,Omega_safe_one_step_QP,25.232260027043864,50.1723967680274,22.72527779911161,-0.35156295917555863,0.9692731499671936,False,False,-0.9692731499671936,-0.09692731499671936,-5.344845054436188,-5.344845054436188,201.9860736388351,201.9860736388351,207.3309186932713,201.4046637434247,0.5814098954104168,-5.514281556872892,3.0203864118771087,0.9692731499671935,-0.0438845120370388,-0.004388451110571623,0.004261577217959736,0.004261577217948981,213.87832363684137,213.87832363684137,213.8740620596234,213.3982121491948,0.48011148764658174,-3.084936167940007,3.5654544570599933,0.0011952409627643925,10.77994237110527,6.403996311432854,40.73142640072436,25.52474857240704,0.3753128461954667,0.0,-22.812523752720153,-0.28806689258794904
P100_1100,420000,915,Omega_safe_one_step_QP,25.23930514278508,50.174219890008345,27.1197276420271,-0.44132015973389005,0.9685240983963013,False,False,-0.9685240983963013,-0.09685241430997849,-5.235304387264331,-5.235304387264325,201.00725287312036,201.00725287312036,206.2425572603847,200.19212494532644,0.8151279277939238,-5.405445413584231,3.1292225551657693,0.968524143099784,-0.023376649245619774,-0.0023376650642603636,0.12486387501909994,0.12486387501909474,213.85492213949746,213.85492213949746,213.73005826447837,213.23067715841475,0.6242449810827111,-3.0705357884255013,3.579854836574499,0.03487959169276674,8.01883913197041,6.170062961245782,36.83843058351018,22.29551760911689,0.4424815007441144,0.0,-27.187662154121426,-0.37454698864962666
P100_1100,420000,916,Z_mode_existing_controller,25.281915155585793,50.17286856688612,67.47524938218885,-1.1001256839538003,0.9624753594398499,False,False,-0.9624753594398499,-0.09624753892421722,-3.6922580656183044,-3.692258065618305,194.48168381564687,194.48168381564685,198.17394188126516,191.9897949749004,2.491888840746441,-3.83621036640271,3.303206565558932,0.9624753892421724,0.002208743477240205,0.00022087435354478657,-0.08275491180351618,-0.08275491180351827,211.83013201562417,211.83013201562417,211.91288692742768,211.3864193308297,0.4437126847944626,-0.6072241742754312,0.40481612279545515,0.13628395460748144,9.799112687731462,6.939524215644274,43.12062695200629,23.720446077351134,1.1014578468649887,0.0,-68.31047961817694,-0.26622761087668323
P100_1100,420000,917,Z_mode_existing_controller,25.301917939512613,50.172333266319676,49.37191140942832,-0.8479543256336936,0.9513349533081055,False,False,-0.9513349533081055,-0.09513349831104279,-3.6518893585140972,-3.651889358514086,190.35645532336787,190.35645532336787,194.00834468188197,188.5424635385639,1.8139917848039602,-3.838699746512106,3.3007171854495363,0.9513349831104247,0.030639521777629852,0.0030639523174613714,0.10696518435413596,0.10696518435413319,211.1046930161446,211.1046930161446,210.99772783179048,210.58869216834663,0.5160008477979829,-0.6072241742754312,0.40481612279545515,0.26423153212249995,7.516055078173915,6.8316650493753865,36.90770764625405,23.73398537561881,0.8043138574672724,0.0,-49.86662475821686,-0.3096005086787983
P100_1100,420000,918,Omega_safe_one_step_QP,25.347671490125286,50.170149318882295,52.873139228157015,-0.8894147979841786,0.9491439461708069,False,False,-0.9491439461708069,-0.09491439908742905,-3.094962007860487,-3.094962007860476,181.7010703415154,181.7010703415154,184.79603234937588,179.88118809537463,1.8198822461407644,-3.2607929224833487,5.273875046266651,0.9491439908742872,0.1139669120311737,0.01139669120311737,1.2929287586640927,1.2929287586640865,210.20272061335572,210.20272061335572,208.90979185469163,208.58975949802135,1.6129611153343717,-2.5885091474468287,4.061881477553172,0.31830784965270115,10.837337327621592,4.520634143052817,39.100296694633776,26.73143465154449,0.8535286740335906,0.0,-52.7588912329893,-0.9677766692006173
P100_1100,420000,919,Omega_safe_one_step_QP,25.31919983897512,50.169369950587274,36.74556935067085,-0.6161272848508704,0.9331527948379517,False,False,-0.9331527948379517,-0.09331528097391129,-3.5971146636716362,-3.5971146636716433,187.1389585910502,187.1389585910502,190.73607325472184,185.91394969767242,1.225008893377776,-3.8547970130179463,4.679870955732055,0.9331528097391147,-0.14109362661838531,-0.014109362848103046,-0.16027628273969086,-0.16027628273968947,209.9571810993533,209.9571810993533,210.117457382093,209.8106427366465,0.1465383627067922,-2.7092757001869647,3.9411149248130357,0.059158350967614313,9.553864351356417,5.590218640395973,39.788016363384685,30.062134162323147,0.6044880872267626,0.0,-37.26213442027347,-0.08792301762407817
P100_1100,420000,920,Omega_safe_one_step_QP,25.324636975759606,50.17121246785018,37.992894442423676,-0.6436685336836026,0.9439791440963745,False,False,-0.9439791440963745,-0.09439791738986969,-3.5650428484353047,-3.565042848435313,186.38917786651368,186.38917786651365,189.95422071494897,185.10247630403526,1.2867015624783846,-3.7766117590406587,4.758056209709342,0.9439791738986989,-0.09571754187345505,-0.00957175437361002,0.09005089002462191,0.09005089002460803,210.13045646607043,210.1304564660704,210.0404055760458,209.72390704274133,0.40654942332906785,-2.7015705195822437,3.9488201054177567,0.022804505553711794,9.120440394428142,4.7743270416410155,37.32680645848318,24.04066811451645,0.621712569126867,0.0,-38.37067735755227,-0.2439296539974407
P100_1100,420000,921,Omega_safe_one_step_QP,25.328968338332988,50.16903383736004,42.55683620746913,-0.6952137776267314,0.9292957186698914,False,False,-0.9292957186698914,-0.09292957186698914,-3.461008092865081,-3.4610080928650784,185.9704398930832,185.9704398930832,189.4314479859483,184.55752407794785,1.4129158151353636,-3.7243344861405916,4.810333482609409,0.9292957186698905,-0.06811545044183731,-0.006811545230448246,0.24816931256571723,0.24816931256571514,210.0358776230655,210.0358776230655,209.78770831049977,209.46297268315422,0.5729049399112682,-2.6763007930276426,3.974089831972358,0.062446830106642974,11.467842108686323,5.982144361796182,37.420055097208895,26.102037070111304,0.6962553768635971,0.0,-42.90934862038648,-0.3437429639467524
P100_1100,420000,922,Z_mode_existing_controller,25.30715821150173,50.16858858293705,36.044977481038586,-0.6093265619876979,0.9357432723045349,False,False,-0.9357432723045349,-0.09357433021068573,-3.581699346694784,-3.581699346694775,190.45395344479786,190.4539534447979,194.03565279149265,189.21208794051813,1.2418655042797582,-3.827651599140992,3.31176533282065,0.9357433021068549,-0.021214107051491737,-0.002121410798281431,-0.23542258488890022,-0.2354225848889016,210.494515180589,210.494515180589,210.7299377654779,210.4107276062243,0.08378757436469186,-0.6072241742754312,0.40481612279545515,0.38770291905756066,8.29188711128504,5.181760596023824,44.157313300855414,25.348528063903604,0.5922529241788039,0.0,-36.58695786059798,-0.05027254461880659
P100_1100,420000,923,Omega_safe_one_step_QP,25.33290426619437,50.16805504737761,29.365387588181875,-0.5022009602282124,0.9321399331092834,False,False,-0.9321399331092834,-0.0932139977812767,-3.406975095360676,-3.406975095360687,185.3311653245997,185.3311653245997,188.7381404199604,184.39665936048988,0.9345059641098317,-3.6550037295418023,4.879664239208199,0.9321399778127699,-0.06070379912853241,-0.006070380099117756,0.3086580565852079,0.3086580565852051,209.8814595347184,209.8814595347184,209.5728014781332,209.33241643957487,0.5490430951435314,-2.654810109790985,3.995580515209016,0.07724986529749825,8.740476950185085,6.8624375228250685,38.49807421020291,25.966592665955883,0.47952801698538927,0.0,-29.515489748080654,-0.3294258570861075
P100_1100,420000,924,Omega_safe_one_step_QP,25.358015093838027,50.166859832142045,44.412409100750665,-0.7671193829012817,0.8931017518043518,False,False,-0.8931017518043518,-0.0893101766705513,-2.85003988697454,-2.850039886974545,181.24976684428904,181.24976684428904,184.09980673126358,179.67784776386395,1.57191908042509,-3.1911703606721207,5.34349760807788,0.8931017667055146,-0.11513391882181168,-0.011513392440974712,0.09493485969629678,0.09493485969628429,208.5928344018822,208.59283440188216,208.49789954218588,208.2401700491122,0.3526643527699491,-2.5473199161962525,4.103070708803748,0.02313751490867253,9.286293605352455,5.570789288644551,37.86357862740609,23.274286765816676,0.7262706313802134,0.0,-44.927081120468756,-0.21159861166196947
P100_1100,420000,925,Omega_safe_one_step_QP,25.361853116381745,50.16352680651859,46.79948848130607,-0.7857266988888628,0.87920081615448,False,False,-0.87920081615448,-0.08792008459568024,-2.7682732824652057,-2.768273282465211,180.90607436965828,180.90607436965828,183.6743476521235,179.29178456037428,1.6142898092840028,-3.148624452758112,5.386043515991889,0.8792008459568039,-0.0767747312784195,-0.0076774731278419495,0.3101354735840778,0.31013547358407084,208.5102346836716,208.5102346836716,208.20009921008753,207.94425835670845,0.5659763269631526,-2.517539882986418,4.1328507420135825,0.07504153741418895,11.100144629319827,3.6220148955349156,41.73605197731458,22.106212002183426,0.7644102537733275,0.0,-47.224312938901676,-0.3395857961779001
P100_1100,420000,926,Z_mode_existing_controller,25.321278190133224,50.16018135536732,26.84022309359534,-0.4442768302626546,0.9060654640197754,False,False,-0.9060654640197754,-0.09060654789209366,-3.4617254097779866,-3.46172540977798,188.5369413415476,188.5369413415476,191.99866675132557,187.70132277912793,0.8356185624196542,-3.820612847871294,3.318804084090348,0.9060654789209346,-0.05153278633952141,-0.005153278820216656,-0.4335349055520632,-0.43353490555205626,209.33707835244377,209.33707835244377,209.77061325799582,209.52574328774472,-0.18866493530094886,-0.6072241742754312,0.40481612279545515,0.7139618676568185,9.8797025842718,4.122885779841894,36.830962975184505,26.213642070825646,0.4463590427037545,0.0,-27.399781097480627,0.11319896118055794
P100_1100,420000,927,Z_mode_existing_controller,25.309760098000325,50.159827256471054,14.270253414683793,-0.23559014005057427,0.9282696843147278,False,False,-0.9282696843147278,-0.0928269699215889,-3.5488211882085037,-3.5488211882084926,190.5009293057443,190.50092930574434,194.0497504939528,190.19323297490195,0.3076963308423899,-3.823049692569088,3.3163672393925534,0.928269699215886,-0.010262913070619106,-0.0010262912837788463,-0.16202260353986447,-0.16202260353986656,210.03076956809585,210.03076956809585,210.19279217163572,210.02151570305085,0.0092538650449967,-0.6072241742754312,0.40481612279545515,0.26682502180220286,9.459268720915473,5.801041271910318,41.24097973315497,27.329678641758736,0.23980679123748416,0.0,-14.504507886894316,-0.005552319027003705
P100_1100,420000,928,Omega_safe_one_step_QP,25.32156690215338,50.160650637903665,5.43228468826328,-0.09007801820112002,0.9124203324317932,False,False,-0.9124203324317932,-0.09124203771352768,-3.585109526000421,-3.5851095260004184,187.8952936812799,187.8952936812799,191.48040320728032,187.97812108041362,-0.08282739913371984,-3.9292300082737937,4.605437960476207,0.912420377135276,-0.014538947492837906,-0.001453894772566855,0.5246362280339638,0.5246362280339596,210.22124731304655,210.22124731304655,209.6966110850126,209.58488984077692,0.6363574722696228,-2.667191070478924,3.9831995545210765,0.1317122631826162,9.719595404739461,6.446697155175401,39.11452459347275,24.22991136481452,0.09030774027199939,0.0,-5.140777945174705,-0.38181448336176516
P100_1100,420000,929,Omega_safe_one_step_QP,25.331804196502127,50.15910364721334,14.863547760441179,-0.2548715883771841,0.9021247029304504,False,False,-0.9021247029304504,-0.09021247178316116,-3.390340524852194,-3.3903405248522063,186.37949002426814,186.37949002426814,189.76983054912034,186.0428913152102,0.3365987090579381,-3.7581727424577966,4.776495226292204,0.902124717831615,-0.05933426693081856,-0.005933426786214113,0.3268557580083917,0.3268557580083792,209.553973966788,209.553973966788,209.22711820877961,209.07640590818676,0.47756805860123563,-2.6202417828556266,4.030148842144373,0.08110265174088827,8.192235956130038,7.245594756855013,41.0284134136576,23.139576425325338,0.2437484489545776,0.0,-14.820755374234977,-0.2865408351607357
P100_1100,420000,930,Omega_safe_one_step_QP,25.368947508473063,50.156416279234996,37.780584666609684,-0.6597303168101465,0.8492475152015686,False,False,-0.8492475152015686,-0.08492475003004074,-2.596540684850415,-2.59654068485041,180.16616741564926,180.16616741564928,182.76270810049968,178.8607886112098,1.3053788044394707,-3.0574604975957316,5.477207471154269,0.8492475003004057,-0.015011957846581936,-0.0015011958312243223,0.6619702084728923,0.6619702084728923,208.222971391429,208.222971391429,207.56100118295612,207.3778007075882,0.84517068384082,-2.453630080273277,4.1967605447267236,0.15773361415739226,8.829536553950138,4.421932646528191,37.053376999230395,28.703606637801087,0.6129308813855534,0.0,-37.8864131376904,-0.5071024103044834
P100_1100,420000,931,Omega_safe_one_step_QP,25.370209291065688,50.15602879180008,37.65283079104847,-0.6129209542437231,0.8784005641937256,False,False,-0.8784005641937256,-0.08784005790948868,-2.6886398057098666,-2.6886398057098804,180.1078197987459,180.1078197987459,182.79645960445578,178.89295731970256,1.2148624790433473,-3.0608356479913414,5.473832320758659,0.878400579094891,-0.17406783998012543,-0.017406783998012543,-0.13859585791580753,-0.13859585791579643,207.39255117707359,207.3925511770736,207.5311470349894,207.34404610879454,0.048505068279069974,-2.4506446654766063,4.199745959523395,0.056554856715158267,13.142710723282681,5.380550369162777,41.41686312165157,29.656710473047525,0.6220536495286595,0.0,-38.24578139961068,-0.029103040967441984
P100_1100,420000,932,Z_mode_existing_controller,25.313711785928135,50.157597232655256,12.109658901961666,-0.2055283315307217,0.9432927370071411,False,False,-0.9432927370071411,-0.09432927519083023,-3.5971178494627902,-3.5971178494627996,190.59105524677284,190.59105524677284,194.18817309623563,190.34834550830192,0.24270973847092137,-3.8133631814574445,3.3260537505041974,0.9432927519083044,-0.011114793829619884,-0.001111479359678924,-0.1691938600378598,-0.16919386003785286,209.87064637030446,209.87064637030446,210.03984023034232,209.8610599871322,0.009586383172262458,-0.6072241742754312,0.40481612279545515,0.2786349213447291,7.7700577910080275,4.580683595238064,33.118102744418835,25.581035627526305,0.20300385258583198,0.0,-12.30691092464349,-0.005751829903360317
P100_1100,420000,933,Omega_safe_one_step_QP,25.340377638027654,50.15644631551981,11.947372825691673,-0.2007474511155361,0.9017273783683777,False,False,-0.9017273783683777,-0.09017273783683777,-3.291284992198423,-3.291284992198423,185.3965970140034,185.3965970140034,188.68788200620182,185.1901650565702,0.20643195743318188,-3.649977888165944,4.884690080584057,0.9017273783683774,-0.03978283330798149,-0.0039782836101949215,0.46648754516376983,0.466487545163774,209.27153535018056,209.27153535018056,208.80504780501678,208.683221531324,0.5883138188565624,-2.578034742479343,4.072355882520657,0.11454979835284759,9.597141708129861,6.034305368922813,40.099307660697264,29.385537781189356,0.196182732495096,0.0,-11.79056726687213,-0.3529882913139346
P100_1100,420000,934,Omega_safe_one_step_QP,25.347392052999034,50.15766322145807,15.448740869359426,-0.26339450848233403,0.932292103767395,False,False,-0.932292103767395,-0.09322921186685562,-3.2979524676716028,-3.297952467671589,184.26481919296805,184.26481919296805,187.56277166063964,183.90024046520332,0.364578727764723,-3.5374668536097262,4.997201115140275,0.9322921186685522,-0.07100041210651398,-0.00710004149004817,0.34393592511771376,0.34393592511771237,208.96407672546482,208.96407672546482,208.62014080034712,208.4688140960367,0.4952626294281117,-2.559544042012376,4.090846582987624,0.08407451077437603,9.030385890386551,4.232550300995875,40.46647562266968,27.342617068220054,0.2534703500569666,0.0,-15.405053641758968,-0.29715757765686135
P100_1100,420000,935,Omega_safe_one_step_QP,25.34845544519767,50.1573654577779,18.829032187307348,-0.3136550097807602,0.9348795413970947,False,False,-0.9348795413970947,-0.09348795562982559,-3.312756445997804,-3.3127564459978167,184.31046154098715,184.31046154098712,187.62321798698494,183.8183654461033,0.4920960948838342,-3.543511486244256,4.991156482505745,0.9348795562982597,-0.07273490726947784,-0.007273491006344557,0.33861859671490413,0.3386185967148958,208.9401751655334,208.9401751655334,208.6015565688185,208.42386556847183,0.5163095970615643,-2.5576856188595145,4.092705006140486,0.08273711303571836,10.437081631321815,4.7000010061075415,36.9839701584723,19.245478633691032,0.30925718184771966,0.0,-18.828503610918233,-0.30978575823694143
P100_1100,420000,936,Z_mode_existing_controller,25.32931545769137,50.1523022992305,17.106919630015,-0.27938885650754747,0.9097259640693665,False,False,-0.9097259640693665,-0.09097259491682053,-3.4637498529531947,-3.463749852953202,188.25350173947604,188.253501739476,191.71725159242922,187.81742486096365,0.43607687851235255,-3.80746515598486,3.3319517759767816,0.9097259491682069,-0.03599761798977852,-0.003599761752411723,-0.3308544086714396,-0.3308544086714382,208.8398264549538,208.8398264549538,209.17068086362522,208.97538996108707,-0.1355635061332805,-0.6072241742754312,0.40481612279545515,0.5448636972765939,10.661946061258131,3.594521528060464,38.44743848963342,25.3837222997867,0.2877493931682089,0.0,-17.476007126863806,0.0813381036799683
P100_1100,420000,937,Z_mode_existing_controller,25.300679394441296,50.15174195668876,4.507410205393171,-0.07167935257280812,0.9405016899108887,False,False,-0.9405016899108887,-0.09405016899108887,-3.583471953271819,-3.583471953271828,193.53718968483082,193.5371896848308,197.12066163810263,193.62666957364925,-0.08947988881845959,-3.8101706692428685,3.3292462627187733,0.9405016899108909,-0.00969412736594677,-0.000969412736594677,-0.1594875505216392,-0.15948755052163296,210.13857997017698,210.13857997017698,210.29806752069862,210.17173100471138,-0.033151034534398605,-0.6072241742754312,0.40481612279545515,0.2626501995114755,10.886555456625548,3.095265172607176,38.225437583600055,21.748688610393078,0.08220404928920644,0.0,-4.609504875402308,0.019890620720630636
P100_1100,420000,938,Omega_safe_one_step_QP,25.268107473960686,50.149865686377105,-34.321212192263374,0.5202889061772026,0.9433674216270447,False,False,-0.9433674216270447,-0.09433674067258835,-4.822000136653653,-4.822000136653642,198.4808659346946,198.4808659346946,203.30286607134826,200.14094916748755,-1.6600832327929425,-5.111476294680587,3.4231916740694137,0.9433674067258813,-0.15157148241996765,-0.015157148241996765,-0.3405908386830713,-0.3405908386830574,211.17634072522986,211.1763407252299,211.51693156391295,211.4480572214502,-0.27171649622030714,-2.84922311836896,3.80116750663104,0.11953814234036853,12.318622136380071,5.256468553334248,41.80648200550369,25.38010385836328,-0.5450714007222359,0.0,34.7032536952529,0.1630298977321729
P100_1100,420000,939,Omega_safe_one_step_QP,25.239122363198607,50.151678353120666,-36.65098441499413,0.5796615138441655,0.9519277215003967,False,False,-0.9519277215003967,-0.09519277513027191,-5.432991240954483,-5.432991240954493,203.82867900587632,203.82867900587632,209.26167024683082,205.6570558342155,-1.8283768283391737,-5.707356712228844,2.8273112565211567,0.9519277513027208,-0.33609193563461304,-0.033609192818403244,-1.4274785749702472,-1.4274785749702423,211.4520354472592,211.4520354472592,212.87951402222944,212.73780298435335,-1.2857675370941593,-2.9854813642006084,3.664909260799392,0.4781401726660798,8.468943750736637,4.527387808666943,35.629312648816644,25.712421361621363,-0.5760487648806945,0.0,36.45557265761818,0.7714605222564899
P100_1100,420000,940,Omega_safe_one_step_QP,25.26549969316996,50.152960687441,-14.599607812235263,0.22764795445581845,0.9548467993736267,False,False,-0.9548467993736267,-0.09548468142747879,-4.976592370709882,-4.976592370709868,199.33078576539165,199.33078576539165,204.30737813610153,200.20344378681867,-0.8726580214270143,-5.211927501155914,3.3227404675940866,0.9548468142747855,-0.2621181011199951,-0.0262118112295866,-0.9457721468015163,-0.9457721468015191,210.93515017267714,210.93515017267714,211.88092231947866,211.65313632427657,-0.7179861515994332,-2.8856221939255313,3.7647684310744696,0.32775328273827603,10.561417256795949,5.440479879426552,40.65444028389125,26.57214588466264,-0.221603897975438,0.0,14.390420019250996,0.43079169095966563
P100_1100,420000,941,Omega_safe_one_step_QP,25.26492171340993,50.155006384655984,-7.049485267344608,0.11040620535533911,0.9510132074356079,False,False,-0.9510132074356079,-0.09510131925344467,-4.989461679423765,-4.989461679423751,199.66333613696477,199.66333613696477,204.65279781638853,200.23060760362435,-0.5672714666595766,-5.246469469184615,3.288198499565386,0.9510131925344442,-0.21388648450374603,-0.021388648077845573,-0.7130692145750142,-0.7130692145750115,211.34527731308913,211.34527731308913,212.05834652766413,211.77550527718756,-0.4302279640984352,-2.903364614744079,3.747026010255921,0.24560098685292614,10.292297955166012,5.909539321515694,41.894894417175244,26.231271273057004,-0.10195832571995922,0.0,6.893306814606149,0.25813677845906113
P100_1100,420000,942,Omega_safe_one_step_QP,25.273151989195785,50.156903100318225,5.005998399403325,-0.0811694017611039,0.9347316026687622,False,False,-0.9347316026687622,-0.0934731587767601,-4.773704171488827,-4.773704171488831,198.48471939541457,198.48471939541454,203.2584235669034,198.56914339186426,-0.08442399644971488,-5.1070320442360995,3.4276359245139014,0.9347315877676018,-0.018802354112267494,-0.001880235387943685,0.3152813395196352,0.315281339519629,212.1710754950059,212.1710754950059,211.85579415548628,211.5262729731932,0.6448025218127214,-2.883109377526293,3.7672812474737074,0.08368935548176892,8.584706295903345,6.1527490806174345,36.27083589520797,23.875830193053186,0.08201899068073804,0.0,-4.7011358769968865,-0.38688151308762997
P100_1100,420000,943,Z_mode_existing_controller,25.3052208506653,50.156282049702455,38.45323730497057,-0.6142416021793721,0.9448713064193726,False,False,-0.9448713064193726,-0.09448713064193726,-3.589675066855781,-3.58967506685579,193.59950899532225,193.59950899532225,197.18918406217804,192.2944357059977,1.3050732893245538,-3.7991153318635504,3.340301600098091,0.9448713064193749,-0.009061818942427635,-0.0009061819291673601,-0.15573542295721984,-0.15573542295720666,210.35444159820798,210.35444159820798,210.5101770211652,210.14441860130205,0.21002299690593418,-0.6072241742754312,0.40481612279545515,0.25647105229800443,10.954336866887314,4.883658963478572,43.19023016820477,23.951353248170246,0.6314548876938417,0.0,-38.958678394520575,-0.1260137981435605
P100_1100,420000,944,Z_mode_existing_controller,25.289872621373345,50.15615213929004,23.047502397676,-0.3788275218464117,0.9461612701416016,False,False,-0.9461612701416016,-0.0946161299943924,-3.5974846407343106,-3.597484640734298,196.33661240407457,196.33661240407457,199.93409704480888,195.6227028848875,0.7139095191870695,-3.8021895853778043,3.3372273465838376,0.9461612999439202,-0.011463367380201817,-0.0011463367845863104,-0.17179639994968493,-0.17179639994967522,210.92427743914888,210.9242774391489,211.09607383909858,210.8280464786422,0.0962309605067162,-0.6072241742754312,0.40481612279545515,0.28292088363357876,8.462156315993383,5.8291294403959855,44.32978583243409,24.93966353942557,0.3802241208343675,0.0,-23.369987942207445,-0.05773857630403256
P100_1100,420000,945,Z_mode_existing_controller,25.322341456957464,50.15635323529515,15.989614884896582,-0.2586899989848833,0.915818989276886,False,False,-0.915818989276886,-0.09158190339803696,-3.4848888092781887,-3.484888809278192,189.7681251880039,189.76812518800386,193.25301399728207,189.38224707924692,0.3858781087569412,-3.805215528369209,3.334201403592433,0.9158190339803699,-0.008193927817046642,-0.0008193927933461964,-0.14703814828557482,-0.14703814828557343,209.54053658254094,209.54053658254097,209.68757473082653,209.49274872967487,0.04778785286609377,-0.6072241742754312,0.40481612279545515,0.2421480476481793,10.870578720933516,6.162133898626864,38.34778140371248,23.630151729471773,0.2678814580973352,0.0,-16.22882363127428,-0.02867271171966479
P100_1100,420000,946,Z_mode_existing_controller,25.314624757760033,50.15500356440526,4.4562417805937,-0.07395048371225935,0.9315939545631409,False,False,-0.9315939545631409,-0.09315939992666245,-3.5475130967296806,-3.5475130967296877,190.986622531464,190.986622531464,194.5341356281937,191.06967475493488,-0.08305222347087238,-3.8080033786417453,3.3314135533198965,0.9315939992666261,-0.007957922294735909,-0.0007957922643981874,-0.14706912155034169,-0.14706912155033752,209.74264351847785,209.74264351847785,209.8897126400282,209.7641555105832,-0.021511992105359923,-0.6072241742754312,0.40481612279545515,0.2421990556054976,8.936535844348795,4.401832908466271,42.473543537617644,21.57432893785503,0.07963860790876431,0.0,-4.54878758376617,0.01290719526321027
P100_1100,420000,947,Z_mode_existing_controller,25.32460406736928,50.15240050415893,-2.517095529616199,0.03951814205565796,0.9267794489860535,False,False,-0.9267794489860535,-0.09267794340848923,-3.531803986717067,-3.5318039867170623,188.8055798812209,188.80557988122092,192.33738386793797,189.1787234546168,-0.373143573395879,-3.810835520108831,3.3285814118528116,0.9267794340848906,-0.005147890187799931,-0.0005147890187799931,-0.12794180791560195,-0.1279418079156075,209.14920600619988,209.14920600619985,209.27714781411547,209.20356412634501,-0.05435812014516728,-0.6072241742754312,0.40481612279545515,0.21069946378250465,12.78667382165903,5.027852042500072,40.32760339935395,23.753355572673613,-0.030323336517120936,0.0,2.5148039940459057,0.03261487208709468
P100_1100,420000,948,Z_mode_existing_controller,25.2769181605401,50.15165811226356,-10.9187975386385,0.17322976276930555,0.9407980442047119,False,False,-0.9407980442047119,-0.09407980740070343,-3.587815266786148,-3.5878152667861443,197.90632129929762,197.90632129929762,201.49413656608377,198.63677720844217,-0.7304559091445526,-3.8135869597446934,3.3258299722169484,0.9407980740070331,-0.007744016125798225,-0.0007744016475044191,-0.14658168647429665,-0.14658168647428554,211.04967986139962,211.04967986139962,211.19626154787392,211.17648774420752,-0.12680788280789557,-0.6072241742754312,0.40481612279545515,0.2413963288750712,9.870250393382923,4.343513695569713,42.22375887216554,25.194663441671747,-0.16838564926483102,0.0,11.01109845821884,0.07608472968473734
P100_1100,420000,949,Z_mode_existing_controller,25.277122713615977,50.15255709754716,-16.57960571741114,0.26343359483038026,0.9484841823577881,False,False,-0.9484841823577881,-0.09484841674566269,-3.6197692539712265,-3.619769253971238,197.56762888588327,197.56762888588324,201.18739813985448,198.53577817940837,-0.9681492935251299,-3.816372880190175,3.323044051771467,0.9484841674566297,-0.0166879091411829,-0.0016687909374013543,-0.2066879404609409,-0.2066879404609534,210.98192102418145,210.98192102418142,211.18860896464238,211.2052816017335,-0.22336057755208572,-0.6072241742754312,0.40481612279545515,0.3403816073488565,9.806551830286102,7.38277230048727,38.668839091070396,21.521267159857356,-0.259428927423599,0.0,16.705018298303912,0.13401634653125427
P100_1100,420000,950,Z_mode_existing_controller,25.301532610366785,50.15090890280727,-20.692875562568588,0.31672796127135056,0.9375796318054199,False,False,-0.9375796318054199,-0.09375796467065811,-3.5807614031345816,-3.580761403134586,192.5584956941697,192.5584956941697,196.13925709730427,193.65521122990157,-1.0967155357318745,-3.8191543680717235,3.3202625638899184,0.937579646706582,-0.001930446713231504,-0.00019304467423353344,-0.10769225390976495,-0.10769225390977327,209.91402609601823,209.91402609601823,210.021718349928,210.06875226460696,-0.15472616858872357,-0.6072241742754312,0.40481612279545515,0.1773517235842542,13.265045499495722,4.9526551179350315,33.58793430882076,28.453801795207127,-0.3241476476090597,0.0,20.924187509024705,0.09283570115323414
P100_1100,420000,951,Omega_safe_one_step_QP,25.245514753066345,50.15305685288627,-62.02254762656776,0.9717403168770129,0.9488904476165771,False,False,-0.9488904476165771,-0.09488904476165771,-5.192743578002528,-5.192743578002523,201.71973358830263,201.71973358830263,206.91247716630517,204.60558831049127,-2.8858547221886397,-5.4724374041762776,3.0622305645737224,0.9488904476165764,-0.2973370850086212,-0.029733708128333092,-1.1860569531204777,-1.186056953120479,211.26599865014504,211.26599865014504,212.4520556032655,212.5334316464875,-1.2674329963424498,-2.942735522304216,3.707655102695784,0.4030457185604551,9.26744451757286,3.442787589534108,42.562648905322945,23.901635830752653,-0.9877932314861351,0.0,62.24988106024921,0.760459797805467
P100_1100,420000,952,Omega_safe_one_step_QP,25.251589996258815,50.15362426977146,-45.787909558996944,0.684724560681595,0.9479791522026062,False,False,-0.9479791522026062,-0.09479791671037674,-5.100289281139523,-5.100289281139533,200.88951601288986,200.88951601288983,205.98980529402937,203.0002617785356,-2.1107457656457598,-5.380170216948699,3.1544977518013018,0.9479791671037693,-0.24282948672771454,-0.024282949045300484,-0.8854495101381643,-0.8854495101381789,211.38727549455163,211.3872754945516,212.2727250046898,212.23935925111306,-0.8520837565614556,-2.924802462446643,3.7255881625533576,0.30273822642965315,12.483080806137368,3.3786845224759317,39.866002944788754,23.433520318407787,-0.7253593102589377,0.0,46.002018615318775,0.5112502539368791
P100_1100,420000,953,Omega_safe_one_step_QP,25.201807433431103,50.15453373784104,-60.422949565432646,0.9010502502875933,0.985954761505127,False,False,-0.985954761505127,-0.09859547764062881,-6.298382997441812,-6.29838299744182,209.77077378352507,209.77077378352507,216.0691567809669,212.55465919606627,-2.7838854125411956,-6.388105365642452,2.146562603107549,0.9859547764062893,-0.23701821267604828,-0.023701822385191917,-1.0559345735258814,-1.055934573525879,213.407193738226,213.407193738226,214.4631283117519,214.34296387396932,-0.9357701357433257,-3.1438427931528534,3.5065478318471475,0.3358738470720153,10.480231646757334,4.221433838970284,40.35828209842126,23.153705924649124,-0.9637975856137437,0.0,60.825285069600795,0.5614620814459954
P100_1100,420000,954,Omega_safe_one_step_QP,25.200388995206353,50.156105163698115,-42.84748681155361,0.659491083991511,0.9765483140945435,False,False,-0.9765483140945435,-0.09765483438968658,-6.290212972712361,-6.290212972712361,210.31060470942776,210.31060470942776,216.60081768214013,212.43777670417754,-2.127171994749773,-6.441271455759775,2.0933965129902257,0.9765483438968655,-0.13858290016651154,-0.013858290389180183,-0.5633420391116754,-0.5633420391116799,214.0892053957097,214.0892053957097,214.6525474348214,214.42452571737235,-0.3353203216626355,-3.162784705459804,3.487605919540196,0.17811583511808513,8.618646085640131,4.012908530250732,44.56118688845939,27.253310431833192,-0.6855680908363212,0.0,43.331862709392226,0.2011921929975813
P100_1100,420000,955,Omega_safe_one_step_QP,25.228792036954076,50.15988277156568,-15.168079065185339,0.23177646824658074,0.9549196362495422,False,False,-0.9549196362495422,-0.09549196809530258,-5.63728026564949,-5.63728026564949,205.5849005734017,205.5849005734017,211.2221808390512,206.50643131713952,-0.9215307437378044,-5.903407771450883,2.6312601972991176,0.9549196809530256,-0.1615748405456543,-0.0161574836820364,-0.5963058271634278,-0.5963058271634375,213.11035281791223,213.11035281791223,213.70665864507566,213.38551682669043,-0.275164008778205,-3.0681958264852316,3.5821947985147684,0.19435064151251877,10.363216954672001,5.81748307838456,44.01492428820881,24.02218383345845,-0.23495674834896363,0.0,15.237937408267499,0.16509840526693154
P100_1100,420000,956,Omega_safe_one_step_QP,25.240941431414363,50.161545932387256,-2.620156075938212,0.040134748748183895,0.9564518928527832,False,False,-0.9564518928527832,-0.09564518928527832,-5.440224343192695,-5.440224343192698,203.62710484431756,203.62710484431753,209.06732918751024,204.01793095403116,-0.39082610971362897,-5.687922606296785,2.8467453624532157,0.9564518928527836,-0.22629794478416443,-0.022629795596003532,-0.8968624811483056,-0.8968624811483132,212.43107468299948,212.43107468299948,213.32793716414778,212.94962577134453,-0.518551088345049,-3.0303236783924445,3.620066946607556,0.2959626021283936,10.777228722565116,6.729722334834571,40.60492708904238,21.286724639274013,-0.02838214506697767,0.0,2.337407567997616,0.3111306530070266
P100_1100,420000,957,Omega_safe_one_step_QP,25.25223697306849,50.16112222625129,6.998660450773059,-0.11656632073471856,0.9579249620437622,False,False,-0.9579249620437622,-0.0957924947142601,-5.260163369882504,-5.260163369882501,201.84000134751295,201.84000134751295,207.10016471739544,201.8162887475812,0.02371259993174135,-5.4912061592853085,3.0434618094646924,0.9579249471426005,-0.18206432461738586,-0.018206432461738586,-0.6220794312220654,-0.6220794312220758,212.24742103425228,212.24742103425228,212.86950046547435,212.44964244480536,-0.2022214105530793,-2.984480008525101,3.665910616474899,0.2084381297395592,6.320465877822424,4.658072507213778,40.02352402538206,22.068804129819863,0.12102099449169401,0.0,-7.241014291596912,0.12133284633183905
P100_1100,420000,958,Z_mode_existing_controller,25.31302676814982,50.15950824339902,51.39183238237001,-0.8512780085218056,0.9544904232025146,False,False,-0.9544904232025146,-0.0954490453004837,-3.628614804921923,-3.6286148049219342,191.75612154073602,191.756121540736,195.38473634565793,189.87532346559678,1.8807980751392108,-3.801625038258539,3.337791893703103,0.9544904530048398,0.017140714451670647,0.0017140714917331934,0.017102886823781166,0.017102886823775615,210.27783022662194,210.27783022662194,210.26072733979817,209.79807693592332,0.4797532906986248,-0.6072241742754312,0.40481612279545515,0.04224853176714341,9.314900395804726,4.370491839356594,35.11495498498377,21.343097381181728,0.838004081741385,0.0,-51.941984489692004,-0.2878519744191834
P100_1100,420000,959,Z_mode_existing_controller,25.31470373897202,50.15645750932862,34.85315534234269,-0.5731327542380312,0.9684813022613525,False,False,-0.9684813022613525,-0.09684813022613525,-3.684797880308905,-3.6847978803088917,191.12120886300266,191.1212088630027,194.80600674331157,189.95136970347545,1.1698391595272426,-3.804717625115836,3.3346993068458057,0.9684813022613489,0.04192519187927246,0.0041925194673240185,0.1800922448472339,0.18009224484723113,210.14928398493493,210.14928398493493,209.9691917400877,209.6147543043403,0.5345296805946305,-0.6072241742754312,0.40481612279545515,0.44487419029559716,9.750198126662731,3.4027655322299712,45.384290725028485,24.883877347271852,0.569038266007535,0.0,-35.10147579999284,-0.32071780835677544
P100_1100,420000,960,Z_mode_existing_controller,25.304778055905746,50.156298743101715,22.484745860046132,-0.3710033108091585,0.9545404314994812,False,False,-0.9545404314994812,-0.09545404464006424,-3.6347359593040847,-3.6347359593040927,192.84321020286552,192.84321020286552,196.47794616216962,192.17111001551478,0.6721001873507362,-3.8078386023450954,3.331578329616546,0.9545404464006443,-0.0025118852499872446,-0.00025118852499872446,-0.11326566744499084,-0.11326566744500333,210.21177188979448,210.21177188979445,210.32503755723945,210.06201435444382,0.14975753535063063,-0.6072241742754312,0.40481612279545515,0.18653023420906673,9.018740634156668,3.145880854768616,42.928818695610815,25.10471937757187,0.3711852080274731,0.0,-22.766076546863587,-0.08985452121036985
P100_1100,420000,961,Z_mode_existing_controller,25.305669100939994,50.15615028916241,13.60135704415552,-0.22066123779849284,0.9391259551048279,False,False,-0.9391259551048279,-0.09391259402036667,-3.578837935187977,-3.578837935187988,192.45158749811063,192.45158749811063,196.0304254332986,192.16556177458773,0.2860257235228971,-3.8108178913808315,3.3285990405808104,0.9391259402036694,0.0016443453496322036,0.0001644345320528373,-0.08413573086542836,-0.08413573086543946,210.143686782903,210.143686782903,210.22782251376842,210.03862256092637,0.10506422197661891,-0.6072241742754312,0.40481612279545515,0.13855794026289256,10.0279028850488,4.760403228999753,36.268213832331,28.34393714729017,0.2280718517596121,0.0,-13.766390362729908,-0.06303853318597419
P100_1100,420000,962,Z_mode_existing_controller,25.300045189097467,50.15767735338899,4.970165066650225,-0.0825840603419785,0.9302484393119812,False,False,-0.9302484393119812,-0.093024842441082,-3.547641785890855,-3.5476417858908413,193.31342676224776,193.31342676224776,196.8610685481386,193.37930159358714,-0.06587483133938576,-3.8136498732989335,3.3257670586627084,0.9302484244108161,-0.010437672026455402,-0.0010437672026455402,-0.16338210553540344,-0.16338210553540483,210.33609219657313,210.3360921965731,210.49947430210852,210.37530715796893,-0.03921496139582814,-0.6072241742754312,0.40481612279545515,0.2690639016971947,8.324025911557218,4.139594218486735,39.75508847044169,22.998461543375626,0.08785715671520222,0.0,-5.0815512002036485,0.023528976837496884
P100_1100,420000,963,Z_mode_existing_controller,25.318971456632934,50.15592682940695,-2.037626652883773,0.03366586868961475,0.9320610761642456,False,False,-0.9320610761642456,-0.09320610761642456,-3.5570958576767544,-3.5570958576767486,189.34311666037306,189.34311666037306,192.9002125180498,189.71003979074962,-0.36692313037656277,-3.8163763605658088,3.3230405713958326,0.932061076164244,-0.0013679220573976636,-0.0001367922086501494,-0.10340230311194354,-0.10340230311194631,209.45538973331014,209.45538973331014,209.5587920364221,209.48370308773318,-0.028313354423033843,-0.6072241742754312,0.40481612279545515,0.17028686849519928,9.522520720451459,3.6125970700422134,44.576609525948626,24.951565236278054,-0.025135880263256638,0.0,2.045774520493069,0.01698801265381178
P100_1100,420000,964,Z_mode_existing_controller,25.31277407737331,50.15541788723993,-7.666114597619526,0.12490090960759169,0.9254170060157776,False,False,-0.9254170060157776,-0.09254170209169388,-3.534227034846052,-3.534227034846042,190.34688057595315,190.34688057595315,193.8811076107992,190.94780818831128,-0.6009276123581344,-3.8190642218188353,3.3203527101428065,0.9254170209169358,-0.0039502475410699844,-0.00039502474828623235,-0.11985948695165671,-0.11985948695165394,209.62509910126965,209.62509910126968,209.74495858822132,209.71426184925548,-0.08916274798579593,-0.6072241742754312,0.40481612279545515,0.19738918842398853,10.0761018700145,5.415651726812789,43.84092726543387,24.88411634607363,-0.11552934125021608,0.0,7.728146290078257,0.05349764879147756
P100_1100,420000,965,Z_mode_existing_controller,25.313076722300377,50.155133475897436,-13.520285611090912,0.21712748351676875,0.9297215342521667,False,False,-0.9297215342521667,-0.09297215193510056,-3.553082143684562,-3.5530821436845743,190.03308555451633,190.0330855545163,193.58616769820088,190.87035025711046,-0.8372647025941546,-3.821662798732249,3.3177541332293927,0.9297215193510086,-0.007089859340339899,-0.0007089859573170543,-0.14112141226303443,-0.14112141226302194,209.5300834290334,209.5300834290334,209.67120484129643,209.6788625120011,-0.1487790829677067,-0.6072241742754312,0.40481612279545515,0.23240414041719393,10.981942564554325,5.0122029496312255,47.604463693731915,27.873725804174832,-0.2093017338405474,0.0,13.640319895151151,0.08926744978062118
P100_1100,420000,966,Z_mode_existing_controller,25.297372096298936,50.15717683761734,-19.4971235377443,0.3154100374950947,0.9489821791648865,False,False,-0.9489821791648865,-0.09489821642637253,-3.6291355381748005,-3.629135538174795,192.7923057217517,192.7923057217517,196.4214412599265,193.8925734621827,-1.1002677404310077,-3.824239985574958,3.315176946386684,0.9489821642637237,-0.008435246534645557,-0.0008435246418230236,-0.15199515183703105,-0.15199515183704007,210.24777033744607,210.24777033744607,210.3997654892831,210.4414879121569,-0.1937175747108313,-0.6072241742754312,0.40481612279545515,0.25031143073051715,9.8069628064602,6.114795350149746,41.30578045257763,23.948053206891803,-0.30687808980428954,0.0,19.687771082722065,0.1162305448265073
P100_1100,420000,967,Z_mode_existing_controller,25.308497039096753,50.15643557833942,-22.099934673486132,0.36433863687954815,0.9438238143920898,False,False,-0.9438238143920898,-0.0943823829293251,-3.611907040044984,-3.6119070400449775,190.38204646468998,190.38204646469,193.99395350473498,191.6030510944125,-1.2210046297225006,-3.826886891327626,3.312530040634016,0.943823829293249,-0.005396868567913771,-0.0005396868800744414,-0.1313183432572404,-0.1313183432572529,209.71311255065058,209.71311255065058,209.84443089390783,209.91172234632924,-0.19860979567866366,-0.6072241742754312,0.40481612279545515,0.21626007135494596,9.203033911753455,4.261317900543087,41.012997775411826,24.384980579301427,-0.3495625310789485,0.0,22.330331327157182,0.1191658774071982
P100_1100,420000,968,Z_mode_existing_controller,25.31215963404375,50.15540093370663,-23.245795806382375,0.396050859270835,0.9362822771072388,False,False,-0.9362822771072388,-0.09362822771072388,-3.585450244848029,-3.585450244848039,189.4628749900594,189.4628749900594,193.04832523490742,190.76392226685428,-1.3010472767948897,-3.829454356356854,3.309962575604788,0.936282277107241,-0.005715244449675083,-0.0005715244333259761,-0.13266701904899592,-0.13266701904898343,209.45582817448422,209.45582817448422,209.58849519353322,209.6758775133815,-0.22004933889726885,-0.6072241742754312,0.40481612279545515,0.21848112224334287,7.469044541190016,5.800412559717388,42.02314731631406,24.40835460248784,-0.3693466998098547,0.0,23.483112902853463,0.132029603338367
P100_1100,420000,969,Omega_safe_one_step_QP,25.352973133563857,50.15382580974429,-9.68083225070859,0.1699023656087788,0.9024752974510193,False,False,-0.9024752974510193,-0.09024753421545029,-2.94257657012833,-2.9425765701283355,181.8511439345348,181.8511439345348,184.79372050466313,182.5768418309188,-0.7256978963839913,-3.2605617380120764,5.274106230737925,0.9024753421545049,-0.026663152500987053,-0.002666315296664834,0.6315039688022508,0.6315039688022563,208.37158146883294,208.37158146883294,207.74007750003068,207.83997808301396,0.5316033858189826,-2.4715377119807336,4.178852913019266,0.15111897497870724,7.651637221433207,5.706782644894997,42.37124526468332,26.52507861103539,-0.156120346306174,0.0,10.155914628507162,-0.318962031491381
P100_1100,420000,970,Omega_safe_one_step_QP,25.384592526098032,50.152444605168306,7.6370825512585725,-0.13495762762920674,0.9432451128959656,False,False,-0.9432451128959656,-0.0943245142698288,-2.5173289563176326,-2.51732895631763,176.35873514851087,176.35873514851087,178.87606410482852,176.29525508132787,0.0634800671830078,-2.668796098028613,5.865871870721388,0.9432451426982867,-0.34818601608276367,-0.03481860086321831,-0.8804859521280142,-0.8804859521280115,205.50075970121807,205.5007597012181,206.3812456533461,206.41843169662872,-0.9176719954106147,-2.3356545273122764,4.3147360976877245,0.37697610748162275,8.76019837763457,6.3717926605468636,37.65962840709879,23.75113523707537,0.14025136081678546,0.0,-8.327937109322193,0.5506031972463603
P100_1100,420000,971,Omega_safe_one_step_QP,25.398356076468257,50.148600355597864,22.797680011821285,-0.3755177390638898,0.9003024101257324,False,False,-0.9003024101257324,-0.0900302454829216,-2.188938068870594,-2.1889380688706077,174.31252838295305,174.31252838295302,176.50146645182363,173.70619258601778,0.606335796935241,-2.431336332728125,6.103331636021876,0.9003024548292214,-0.10341021418571472,-0.010341021232306957,0.4191100638656853,0.4191100638656922,206.05686402814067,206.0568640281407,205.637753964275,205.6343229617942,0.422541066346497,-2.2613053584051652,4.389085266594836,0.09548915967878849,13.763844255954478,6.361624823931226,38.44504017069736,27.106257059033492,0.37750161157052275,0.0,-22.9216569835844,-0.2535246398078925
P100_1100,420000,972,Omega_safe_one_step_QP,25.33684649114988,50.14753914828773,-8.364528448106284,0.13657615097442757,0.9404141902923584,False,False,-0.9404141902923584,-0.09404142200946808,-3.455018480415749,-3.4550184804157476,185.47241085367605,185.47241085367605,188.9274293340918,186.08905003630804,-0.6166391826319852,-3.6739326209549423,4.860735347795059,0.9404142200946805,-0.24598242342472076,-0.024598242715001106,-0.5233718068965248,-0.5233718068965193,207.69229213584293,207.69229213584293,208.21566394273947,208.20475405659118,-0.512461920748251,-2.5190963562516098,4.13129426874839,0.20776172598466672,11.114127020943233,6.6542120889998495,39.05449831792247,25.979206400278372,-0.12181965794641059,0.0,8.17887095360311,0.30747715244895346
P100_1100,420000,973,Omega_safe_one_step_QP,25.326834763599365,50.14707903870838,-3.0777754426089814,0.0511396886852029,0.9118365049362183,False,False,-0.9118365049362183,-0.09118365496397018,-3.556190663996443,-3.556190663996453,187.63222085355363,187.6322208535536,191.18841151755007,188.0620299441284,-0.42980909057479266,-3.9000308393007685,4.634637129449232,0.9118365496397043,-0.03127758949995041,-0.003127759089693427,0.5318248692457062,0.5318248692456937,209.1890796560125,209.1890796560125,208.6572547867668,208.5966263416815,0.5924533143309816,-2.5632554406543453,4.087135184345655,0.13012167331353836,9.566079318742768,5.563110945820416,38.15247982506638,24.196402029803917,-0.04796251300102128,0.0,3.481209944207876,-0.35547198859859463
P100_1100,420000,974,Omega_safe_one_step_QP,25.331717893082907,50.145404984027564,6.28654023366289,-0.10263726397061873,0.8966585993766785,False,False,-0.8966585993766785,-0.08966585993766785,-3.4372158372208803,-3.437215837220882,187.08449429906818,187.08449429906818,190.52171013628907,187.12256091261227,-0.03806661354408902,-3.8333607011746684,4.7013072675753325,0.8966585993766789,-0.042020123451948166,-0.004202012438327074,0.48701091937762564,0.48701091937763813,208.89095112150858,208.89095112150858,208.40394020213094,208.2968149166907,0.594136204817886,-2.537923982190759,4.112466642809241,0.11842306860511316,10.852096634781304,4.9759148094542756,36.974365295202425,25.341011772445494,0.10517725171022718,0.0,-6.0352357624824435,-0.35648172289073443
P100_1100,420000,975,Z_mode_existing_controller,25.31079364955881,50.14455839914153,6.740174167729492,-0.11097335058162285,0.9390585422515869,False,False,-0.9390585422515869,-0.09390585869550705,-3.5809511139567,-3.5809511139567083,191.34640691388302,191.34640691388302,194.92735802783972,191.3422600348475,0.004146879035516804,-3.8133415355564297,3.326075396405212,0.9390585869550727,-0.010408395901322365,-0.0010408395901322365,-0.16407952929801545,-0.16407952929801406,209.11769762540246,209.11769762540246,209.28177715470048,209.14284515010078,-0.02514752469832615,-0.6072241742754312,0.40481612279545515,0.27021244582991377,9.33162013298102,4.75843254790817,37.65493368340869,23.54648567917357,0.1173212477334129,0.0,-6.872583930282417,0.015088514818984322
P100_1100,420000,976,Z_mode_existing_controller,25.315842473047486,50.14299888522127,-0.3030551427773389,0.005001390044320099,0.9315086603164673,False,False,-0.9315086603164673,-0.09315086901187897,-3.554760147695965,-3.554760147695969,190.139377378227,190.139377378227,193.69413752592297,190.43321556012324,-0.2938381818962341,-3.8161320290448915,3.3232849029167504,0.9315086901187906,-0.006702812388539314,-0.0006702812388539314,-0.13873484358985083,-0.13873484358986332,208.79617015862917,208.79617015862914,208.934905002219,208.85110503663248,-0.05493487800333696,-0.6072241742754312,0.40481612279545515,0.22847384782631283,9.422174006641939,7.099986859579387,40.92746994012747,29.406246639898235,0.003249761568675069,0.0,0.26684445440696436,0.03296092680200502
P100_1100,420000,977,Omega_safe_one_step_QP,25.338013241351895,50.1450248321601,-1.3783395739419575,0.022271726900306855,0.9069773554801941,False,False,-0.9069773554801941,-0.09069773554801941,-3.343491530702651,-3.3434915307026496,185.70872413755873,185.70872413755873,189.0522156682614,186.05981480386285,-0.3510906663041169,-3.686411254371901,4.8482567143781,0.9069773554801935,-0.048458799719810486,-0.004845879971981049,0.4922564820783057,0.492256482078314,208.55810660093624,208.55810660093624,208.06585011885792,208.02825465429208,0.5298519466441576,-2.504114973863458,4.146275651136542,0.11872256538066417,11.75507432225549,5.488048277879395,38.08480711151067,20.456117306596077,-0.01804358859362054,0.0,1.7142943305225344,-0.31791116798649455
P100_1100,420000,978,Z_mode_existing_controller,25.307216879041984,50.14134296536175,-0.8597449098142533,0.014027314789368436,0.9271203875541687,False,False,-0.9271203875541687,-0.09271203726530075,-3.53773657729438,-3.5377365772943663,191.90417966994306,191.90417966994306,195.44191624723743,192.21898887023303,-0.3148092002899716,-3.8158330694114153,3.3235838625502265,0.9271203726530037,-0.016179634258151054,-0.0016179634258151054,-0.20115424790307368,-0.20115424790308478,209.00311964769804,209.00311964769804,209.20427389560112,209.12841489169136,-0.12529524399332104,-0.6072241742754312,0.40481612279545515,0.3312685107491177,9.679574605469416,4.651578938692864,42.65322090559256,28.18507154349659,-0.004919108216860479,0.0,0.789486871635745,0.07517714639598694
P100_1100,420000,979,Z_mode_existing_controller,25.30821097357485,50.143115641457676,-8.99232051814397,0.14271475570426045,0.9443776607513428,False,False,-0.9443776607513428,-0.09443777054548264,-3.606112577968257,-3.6061125779682666,191.37346082524374,191.3734608252437,194.979573403212,192.02171066946917,-0.648249844225461,-3.818506681319314,3.3209102506423274,0.9443777054548287,-0.005706967320293188,-0.0005706967203877866,-0.13343140350444288,-0.1334314035044401,209.07974430837467,209.07974430837467,209.2131757118791,209.18303904544575,-0.1032947370710815,-0.6072241742754312,0.40481612279545515,0.21973993980667322,11.40928828259684,5.17035500435503,41.014406200041726,24.03258746728868,-0.13585195001851247,0.0,9.066195625920045,0.061976842242657426
P100_1100,420000,980,Z_mode_existing_controller,25.285787089995097,50.14266960479892,-14.442209591205028,0.23067312633310935,0.9434434771537781,False,False,-0.9434434771537781,-0.09434434771537781,-3.605120300164803,-3.605120300164799,195.549640920265,195.549640920265,199.1547612204298,196.43481324120725,-0.885172320942246,-3.821236128571147,3.318180803390495,0.9434434771537767,-0.010357430204749107,-0.001035743043757975,-0.16418522369529703,-0.16418522369528454,209.92116526037577,209.92116526037577,210.08535048407106,210.09793693720013,-0.1767716768243588,-0.6072241742754312,0.40481612279545515,0.27038650740675496,9.966572079994211,4.210289190657441,41.03452560786995,20.35129750813665,-0.2248170261821656,0.0,14.560963611292209,0.10606300609461528
P100_1100,420000,981,Z_mode_existing_controller,25.28100773825558,50.14026428359801,-19.188239520813113,0.30000410222723434,0.9455179572105408,False,False,-0.9455179572105408,-0.09455179423093796,-3.615575615277379,-3.6155756152773737,196.26412462085753,196.26412462085753,199.8797002361349,197.33503578203917,-1.070911161181641,-3.823910106292135,3.315506825669507,0.9455179423093779,-0.008376145735383034,-0.0008376145851798356,-0.1512525211219265,-0.15125252112192789,209.95646856766766,209.95646856766766,210.1077210887896,210.15185242121996,-0.19538385355230048,-0.6072241742754312,0.40481612279545515,0.2490884380589913,11.064629736448607,6.823079174721112,39.00511498107709,26.575491678011563,-0.3008097537958143,0.0,19.371818962477846,0.11723031213138313
P100_1100,420000,982,Z_mode_existing_controller,25.28236579961301,50.141857686381606,-21.867795816083344,0.36626620096526696,0.9499848484992981,False,False,-0.9499848484992981,-0.09499848634004593,-3.635162648470882,-3.6351626484708826,195.71583063429645,195.71583063429645,199.35099328276735,196.96074430240273,-1.2449136681062782,-3.8265479677843106,3.3128689641773312,0.9499848634004591,-0.0140822883695364,-0.0014082288835197687,-0.18955570203085803,-0.1895557020308497,209.90260123645345,209.90260123645345,210.0921569384843,210.16527428620157,-0.2626730497481162,-0.6072241742754312,0.40481612279545515,0.31216758169589776,7.054511890739401,4.184215658965653,44.82587131674505,21.098260163987856,-0.34691711885301935,0.0,22.057109105086965,0.1576038298488669
P100_1100,420000,983,Omega_safe_one_step_QP,25.325482835572647,50.13928797806212,-21.367338215512063,0.3673779129489902,0.9234958291053772,False,False,-0.9234958291053772,-0.0923495814204216,-3.5511035142271803,-3.551103514227179,187.0898378322967,187.0898378322967,190.64094134652387,188.33189174826262,-1.2420539159659256,-3.84528382219815,4.689384146551851,0.9234958142042157,-0.002134003210812807,-0.00021340032981242985,0.7449449137579445,0.7449449137579389,208.8346425718736,208.8346425718736,208.08969765811565,208.17722117639224,0.6574213954813501,-2.5064997277892296,4.14389089721077,0.1797694322163156,7.483964831591392,5.152660100982403,37.71829101675514,24.770556981601576,-0.34735840307461097,0.0,22.109149455875013,-0.3944528372888101
P100_1100,420000,984,Omega_safe_one_step_QP,25.358990639594317,50.13735722995165,3.647581372647437,-0.06084547727993702,0.9032010436058044,False,False,-0.9032010436058044,-0.09032010287046432,-2.9050393032408555,-2.9050393032408417,181.44688129842748,181.4468812984275,184.35192060166835,181.60027641465845,-0.15339511623093927,-3.216381747712598,5.318286221037403,0.9032010287046385,-0.03517044335603714,-0.0035170444753021,0.6889553420752953,0.6889553420753092,207.3091228092439,207.3091228092439,206.62016746716859,206.6327702310891,0.6763525781547912,-2.3595467086945225,4.2908439163054775,0.16056406513815044,10.905741886090274,6.058516234231845,37.7216591809719,24.756267421781704,0.06166850976581628,0.0,-3.303438335519786,-0.4058115468928776
P100_1100,420000,985,Omega_safe_one_step_QP,25.342632145610327,50.13536549257588,-0.5623304104092313,0.00938966466837806,0.9184337854385376,False,False,-0.9184337854385376,-0.091843381524086,-3.278824167356205,-3.2788241673561993,184.60944714509563,184.60944714509563,187.88827131245182,184.91928560063712,-0.30983845554149525,-3.5700168187909456,4.964651149959056,0.9184338152408581,-0.1705968677997589,-0.01705968752503395,-0.05930400542646097,-0.05930400542644848,207.18658715559508,207.1865871555951,207.24589116102155,207.22179734298976,-0.03521018739465376,-2.4221190780798203,4.22827154692018,0.02448434759593357,10.020678908220095,4.947398194330237,38.18756538114426,25.319666480786832,-0.0005329453255242811,0.0,0.5417372432984848,0.021126112436803623
P100_1100,420000,986,Omega_safe_one_step_QP,25.33301665675072,50.13406386679787,3.0184459957044965,-0.04940383651594791,0.8944647312164307,False,False,-0.8944647312164307,-0.08944647759199142,-3.3894264238701886,-3.389426423870183,186.69202381861012,186.69202381861012,190.08145024248032,186.86148181882925,-0.16945800021912305,-3.789334711793793,4.745333256956208,0.8944647759199129,-0.09826420992612839,-0.009826420806348324,0.26198931944985404,0.2619893194498596,207.88660816351265,207.88660816351265,207.62461884406278,207.55666016304093,0.3299480004717168,-2.459991846383944,4.190398778616056,0.06252133347947987,10.777335541142035,6.516268878870095,41.89125218065549,28.069505124061653,0.05468336892240444,0.0,-2.875160564343787,-0.19796880028302155
P100_1100,420000,987,Omega_safe_one_step_QP,25.32880911993812,50.13520974010809,5.529711008425693,-0.08842979787559864,0.9004160761833191,False,False,-0.9004160761833191,-0.09004160761833191,-3.5103603532844105,-3.510360353284415,187.66372321003598,187.66372321003595,191.17408356332038,187.73942099149758,-0.07569778146162776,-3.898598043877799,4.636069924872202,0.9004160761833201,-0.04525433108210564,-0.004525433294475079,0.5176666670353797,0.5176666670353908,208.42687875249334,208.42687875249337,207.90921208545797,207.8042334176325,0.6226453348608629,-2.4884511705234624,4.161939454476538,0.12438111430924206,11.984442160840704,5.731258172028296,40.41759913520113,20.442023595679277,0.09358466201047122,0.0,-5.249708469519646,-0.37358720091651776
P100_1100,420000,988,Z_mode_existing_controller,25.29970954261129,50.132124993894465,9.189813611496902,-0.15183123570249668,0.9178863763809204,False,False,-0.9178863763809204,-0.0917886421084404,-3.500645423612224,-3.500645423612235,193.71747889884583,193.7174788988458,197.21812432245804,193.60565383603833,0.11182506280746907,-3.8138111025506976,3.3256058294109443,0.9178864210844068,-0.012734460644423962,-0.0012734461342915893,-0.17736653589657397,-0.1773665358965823,208.8309347754806,208.83093477548059,209.00830131137718,208.87368997208569,-0.042755196605099854,-0.6072241742754312,0.40481612279545515,0.29209399660055446,8.604899858437795,5.772005075975167,41.06312656316781,25.17822670924093,0.1567409815138543,0.0,-9.37220771097327,0.025653117963059913
P100_1100,420000,989,Z_mode_existing_controller,25.32658995682317,50.1319746547365,2.2395370587819343,-0.03756695043267271,0.9124658703804016,False,False,-0.9124658703804016,-0.0912465900182724,-3.4823988012047535,-3.482398801204741,188.1941852405358,188.19418524053583,191.67658404174057,188.38146562277555,-0.1872803822397202,-3.816470073574687,3.322946858386955,0.9124659001827207,-0.0030899601988494396,-0.00030899603734724224,-0.11284215565126043,-0.11284215565125627,207.7089356262968,207.7089356262968,207.82177778194807,207.74037291630262,-0.03143729000581175,-0.6072241742754312,0.40481612279545515,0.18583277878537183,8.922956479312633,5.717712618306096,41.20304561034348,24.101759348349045,0.04396088522585373,0.0,-2.302360318011779,0.01886237400347568
P100_1100,420000,990,Omega_safe_one_step_QP,25.343944148923377,50.13043881235612,2.826201265452255,-0.0481609016899782,0.8911481499671936,False,False,-0.8911481499671936,-0.08911481499671936,-3.1946478753338003,-3.194647875333813,184.8421283957713,184.8421283957713,188.0367762711051,185.0111673879317,-0.16903899216038099,-3.5848673146562753,4.949800654093726,0.8911481499671969,-0.11553259193897247,-0.011553259566426277,0.2282450795801333,0.22824507958012635,207.1898483585391,207.1898483585391,206.961603278959,206.9260582170345,0.26379014150461444,-2.3936902898735632,4.256700335126437,0.05362018972692067,8.786670325107746,7.201413738640875,37.566883937879666,24.603120855620837,0.05049132037325599,0.0,-2.7184185009227804,-0.1582740849027715
P100_1100,420000,991,Omega_safe_one_step_QP,25.370264619116252,50.12841019003884,21.88984765825535,-0.37601201947540874,0.8547893166542053,False,False,-0.8547893166542053,-0.08547893166542053,-2.646340588673324,-2.646340588673335,180.50074315382486,180.50074315382486,183.14708374249818,179.88247568899735,0.618267464827511,-3.095898061795581,5.43876990695442,0.854789316654209,0.01398239005357027,0.0013982390519231558,0.9695710838073801,0.9695710838073677,206.75556700526036,206.75556700526036,205.78599592145298,205.70821473761976,1.0473522676406049,-2.2761295541229645,4.374261070877036,0.22165368461031734,9.554410393158651,5.411287903481001,40.046617231579404,27.527653141142252,0.3531330177055061,0.0,-21.614569315376684,-0.6284113605843658
P100_1100,420000,992,Omega_safe_one_step_QP,25.36899718689836,50.12781179772679,21.06359713144684,-0.3444153635846358,0.8886047005653381,False,False,-0.8886047005653381,-0.08886047452688217,-2.797823211960715,-2.7978232119607065,180.87585577583363,180.87585577583363,183.67367898779435,180.3136853590338,0.5621704167998303,-3.148557586325196,5.386110382424805,0.8886047452688185,-0.1256582885980606,-0.01256582885980606,0.2719345059601627,0.27193450596017243,206.1215907508591,206.1215907508591,205.84965624489894,205.75422757360033,0.3673631772587669,-2.2824955864675576,4.367895038532443,0.062257564241181715,12.470459426299222,5.340381121898119,40.04668781949248,26.508819772832844,0.3485951084162764,0.0,-21.191774333508874,-0.2204179063552516
P100_1100,420000,993,Z_mode_existing_controller,25.32248679764769,50.127390578246185,2.6544810242230596,-0.04228274148720076,0.9398345947265625,False,False,-0.9398345947265625,-0.09398346394300461,-3.5810043334449975,-3.5810043334449952,189.53088503739272,189.53088503739272,193.11188937083773,189.6962316602229,-0.1653466228301852,-3.810249360054088,3.3291675719075533,0.9398346394300454,-0.02522364817559719,-0.0025223649572581053,-0.26243352498123984,-0.2624335249812329,207.5646489511118,207.56464895111182,207.82708247609304,207.72127019117121,-0.15662124005939404,-0.6072241742754312,0.40481612279545515,0.43218556852480566,11.745937460129898,5.458083218365054,42.14108907603447,22.262606964243165,0.054010852458723946,0.0,-2.8024646207177284,0.09397274403563927
P100_1100,420000,994,Z_mode_existing_controller,25.296667629883544,50.12583165702302,-5.237369376820425,0.08297415272133063,0.937294065952301,False,False,-0.937294065952301,-0.0937294065952301,-3.5740037036599865,-3.574003703659993,194.3836253923728,194.3836253923728,197.9576290960328,194.8750099201177,-0.4913845277448843,-3.8131082159671634,3.3263087159944784,0.9372940659523026,-0.01157690305262804,-0.001157690305262804,-0.17165212424791326,-0.17165212424789938,208.60705419841597,208.607054198416,208.77870632266388,208.73112109373795,-0.12406689532195969,-0.6072241742754312,0.40481612279545515,0.28268328488852223,10.811736948478003,4.05207714806606,36.990345085855964,23.504339087503666,-0.07526542525057067,0.0,5.238194664877483,0.07444013719317866
P100_1100,420000,995,Omega_safe_one_step_QP,25.27426030731446,50.12509707523709,-39.0340419763661,0.6132426480304416,0.9479184746742249,False,False,-0.9479184746742249,-0.09479185193777084,-4.733823123505523,-4.7338231235055375,197.39341534584682,197.3934153458468,202.12723846935233,199.30455778866798,-1.9111424428211876,-4.9939135344809955,3.5407544342690054,0.9479185193777111,-0.12658917903900146,-0.012658918276429176,-0.029721508297393673,-0.029721508297399224,209.60351945653554,209.60351945653554,209.63324096483294,209.63148641812242,-0.027966961586884054,-2.660854058460959,3.9895365665390417,0.011169912984476187,10.287516905205152,4.72366303340041,35.80028350775773,27.00969982253082,-0.6256004457837214,0.0,39.64286224519765,0.01678017695213896
P100_1100,420000,996,Omega_safe_one_step_QP,25.268239277382175,50.12669828418906,-31.826050157700593,0.49448448485258134,0.9560021758079529,False,False,-0.9560021758079529,-0.09560021758079529,-4.911607544829363,-4.911607544829355,198.65302660777664,198.65302660777664,203.564634152606,200.23859227339332,-1.5855656656166843,-5.137653102806361,3.3970148659436394,0.9560021758079517,-0.26428037881851196,-0.026428038254380226,-0.7784256834173011,-0.778425683417304,209.23949998447398,209.23949998447398,210.0179256678913,209.9328204597707,-0.6933204752967299,-2.6993225287667935,3.9510680962332065,0.28837816715919967,10.75624266166821,4.428498642336198,40.987713070353884,24.854407787309896,-0.5015571985349006,0.0,31.911615071056985,0.4159922851780351
P100_1100,420000,997,Omega_safe_one_step_QP,25.255343632775276,50.12776354120394,-25.957209919651177,0.4185688037223804,0.9520639777183533,False,False,-0.9520639777183533,-0.09520640224218369,-5.1573401314673655,-5.157340131467356,201.20086090674525,201.20086090674528,206.35820103821263,202.59062062835793,-1.3897597216126485,-5.417009791367025,3.117658177382975,0.9520640224218351,-0.3034026622772217,-0.030340267345309258,-1.0459831796356727,-1.0459831796356727,209.61566189168533,209.61566189168533,210.661645071321,210.5020966741758,-0.8864347824904542,-2.7636944691097662,3.8866961558902346,0.37847279839605497,8.003490955208784,5.303389176616846,38.913661276787956,24.988785979592112,-0.4065137613310641,0.0,25.831862811487554,0.531860869494281
P100_1100,420000,998,Z_mode_existing_controller,25.293299164834497,50.12834844672537,22.223226083940062,-0.3435899106345984,0.9416193962097168,False,False,-0.9416193962097168,-0.09416194260120392,-3.585019255882074,-3.5850192558820773,195.542448245506,195.542448245506,199.12746750138808,194.92804947202563,0.6143987734803602,-3.807291095368967,3.3321258365926747,0.9416194260120399,-0.012555981986224651,-0.0012555982684716582,-0.17858449178094898,-0.1785844917809476,208.95831131536963,208.95831131536963,209.13689580715058,208.90220284501538,0.056108470354246265,-0.6072241742754312,0.40481612279545515,0.294099772944717,12.314361005217735,5.271478016405238,36.039264322774294,24.079010937936832,0.370496448970286,0.0,-22.56005745069706,-0.03366508221253639
P100_1100,420000,999,Omega_safe_one_step_QP,25.25930560182315,50.12843262937081,-25.92136201327594,0.40635318661075204,0.9517964124679565,False,False,-0.9517964124679565,-0.09517963975667953,-5.079838106806695,-5.0798381068067044,200.47932336375342,200.47932336375342,205.55916147056013,201.83835521717089,-1.3590318534174628,-5.3371058346017755,3.1975621341482254,0.9517963975667972,-0.262644499540329,-0.026264449581503868,-0.8205224684671761,-0.8205224684671719,209.70157205548625,209.70157205548625,210.52209452395343,210.36921692326868,-0.6676448677824283,-2.749739414373008,3.900651210626993,0.2984000826326543,9.84346855275079,4.174504064372182,38.30876437611324,28.191295196243203,-0.4065771652897787,0.0,25.92735225789602,0.4005869206694541
