id,source,profile,phase_bias_json,state_feedback_gain_json,J_econ,X2_IAE,P2_IAE,X2_ISE,P2_ISE,P100_TV,F200_TV,robust_outer_10pct_steps,F200_robust_upper_steps,economy_better,recovery_no_worse_both_IAE,TV_no_worse_exact_both,reasonable_TV,meaningful_or_nonworsening_occupancy,economy_and_recovery,economy_and_TV,economy_recovery_reasonable_activity,objective_economy_ratio,objective_state_IAE_ratio_mean,objective_input_TV_ratio_mean,objective_bound_occupancy_fraction
pressure_negative_0001,unmodified_profile,zero_residual_profile,"[[0.0, 0.0], [0.0, 0.0], [0.0, 0.0], [0.0, 0.0]]","[[0.0, 0.0], [0.0, 0.0]]",1867566.3989547025,52.97225901298851,687.6017452732317,10.830766100591546,1823.7886814120259,70.32820676806458,0.0,300,0,False,True,True,True,False,False,False,False,1.0,1.0,0.5,1.0
pressure_negative_0002,unmodified_profile,reference_q_zero,"[[0.0, 0.0], [0.0, 0.0], [0.0, 0.0], [0.0, 0.0]]","[[0.0, 0.0], [0.0, 0.0]]",1922298.4417344192,258.1896726744137,688.9754972709052,296.72480007592776,1832.2703217211106,0.0,0.0,0,0,False,False,True,True,True,False,False,False,1.02930661143312,2.938026149756227,0.0,0.0
pressure_negative_0003,unmodified_profile,old_2000_last,"[[0.0, 0.0], [0.0, 0.0], [0.0, 0.0], [0.0, 0.0]]","[[0.0, 0.0], [0.0, 0.0]]",1860144.1915272495,8.292248801412764,697.852736586465,0.3042427361799969,1878.121418992716,115.95620027961738,3.291376921820671,300,0,True,False,False,False,False,False,False,False,0.996025733044026,0.585723893061027,2.4700817279107965,1.0
pressure_negative_0004,unmodified_profile,blend_zero_old_2000_last_0.05,"[[0.0, 0.0], [0.0, 0.0], [0.0, 0.0], [0.0, 0.0]]","[[0.0, 0.0], [0.0, 0.0]]",1867195.6162212114,50.73112257104708,688.1140094678958,9.935711171241245,1826.4844241891824,65.84828984959441,0.1645688460910435,300,0,True,False,False,True,False,False,False,False,0.9998014620879351,0.9792186317792266,0.5504343509027435,1.0
pressure_negative_0005,unmodified_profile,blend_zero_old_2000_last_0.10,"[[0.0, 0.0], [0.0, 0.0], [0.0, 0.0], [0.0, 0.0]]","[[0.0, 0.0], [0.0, 0.0]]",1866824.7989525632,48.49073827936412,688.6263037240492,9.079704127855916,1829.1823641985568,61.368733297011715,0.32913769218205857,300,0,True,False,False,True,False,False,False,False,0.9996029056838063,0.9584443848912445,0.6008712638350199,1.0
pressure_negative_0006,unmodified_profile,blend_zero_old_2000_last_0.20,"[[0.0, 0.0], [0.0, 0.0], [0.0, 0.0], [0.0, 0.0]]","[[0.0, 0.0], [0.0, 0.0]]",1866083.0608410959,44.01222548094405,689.6509824060754,7.484677083018397,1834.5848373469512,55.987806896122606,0.6582753843641171,300,0,True,False,False,True,False,False,False,False,0.9992057374161171,0.916917248818229,0.7271842901904851,1.0
pressure_negative_0007,unmodified_profile,blend_zero_old_2000_last_0.40,"[[0.0, 0.0], [0.0, 0.0], [0.0, 0.0], [0.0, 0.0]]","[[0.0, 0.0], [0.0, 0.0]]",1864599.1705405847,35.06421836111473,691.7007003449177,4.761476231053576,1845.416166186722,53.93847291760352,1.3165507687282627,300,0,True,False,False,False,False,False,False,False,0.9984111791603347,0.8339483633968471,1.0417521954215156,1.0
pressure_negative_0008,unmodified_profile,blend_zero_old_2000_last_0.60,"[[0.0, 0.0], [0.0, 0.0], [0.0, 0.0], [0.0, 0.0]]","[[0.0, 0.0], [0.0, 0.0]]",1863114.7285540595,26.128226990621144,693.7508988500931,2.6586643981393223,1856.2826908295917,65.51401636508695,1.9748261530924083,300,0,True,False,False,False,False,False,False,False,0.9976163255008579,0.7510932429156967,1.4531864793939808,1.0
pressure_negative_0009,unmodified_profile,blend_zero_old_2000_last_0.80,"[[0.0, 0.0], [0.0, 0.0], [0.0, 0.0], [0.0, 0.0]]","[[0.0, 0.0], [0.0, 0.0]]",1861629.7353825567,17.204240697638845,695.801577679091,1.1737487456664528,1867.1844341489734,86.6113544411964,2.6331015374565254,300,0,True,False,False,False,False,False,False,False,0.9968211767059695,0.6683517864681192,1.932316180797079,1.0
pressure_negative_0010,unmodified_profile,new_300_last,"[[0.0, 0.0], [0.0, 0.0], [0.0, 0.0], [0.0, 0.0]]","[[0.0, 0.0], [0.0, 0.0]]",1859861.3811474363,7.902236706918661,698.2863149064924,0.2723096536980391,1880.501037167333,59.44469121000415,1.8645722600698775,300,0,True,False,False,False,False,False,False,False,0.9958743004738259,0.5823578898667063,1.3549095264059483,1.0
pressure_negative_0011,unmodified_profile,blend_zero_new_300_last_0.05,"[[0.0, 0.0], [0.0, 0.0], [0.0, 0.0], [0.0, 0.0]]","[[0.0, 0.0], [0.0, 0.0]]",1867181.5013818815,50.70853343346286,688.1356237663315,9.92792558621432,1826.601506795585,68.86238104046802,0.09322861300350382,300,0,True,False,False,True,False,False,False,False,0.9997939042097586,0.9790211322706441,0.5361929848517438,1.0
pressure_negative_0012,unmodified_profile,blend_zero_new_300_last_0.10,"[[0.0, 0.0], [0.0, 0.0], [0.0, 0.0], [0.0, 0.0]]","[[0.0, 0.0], [0.0, 0.0]]",1866796.566569942,48.44557357955432,688.6695391506204,9.064789739731392,1829.4167288135302,67.3965553128715,0.18645722600697923,300,0,True,False,False,True,False,False,False,False,0.9995877884796003,0.9580495189768887,0.5723859697034737,1.0
pressure_negative_0013,unmodified_profile,blend_zero_new_300_last_0.20,"[[0.0, 0.0], [0.0, 0.0], [0.0, 0.0], [0.0, 0.0]]","[[0.0, 0.0], [0.0, 0.0]]",1866026.5852605402,43.92195040841622,689.7374805592523,7.457471891176029,1835.0543644650013,64.46490385767851,0.37291445201395845,300,0,True,False,False,True,False,False,False,False,0.9991754972165787,0.9161280496292847,0.644771939406948,1.0
pressure_negative_0014,unmodified_profile,blend_zero_new_300_last_0.40,"[[0.0, 0.0], [0.0, 0.0], [0.0, 0.0], [0.0, 0.0]]","[[0.0, 0.0], [0.0, 0.0]]",1864486.1761226098,34.88388572874416,691.8738057021276,4.717531836979474,1846.3584142113896,59.824784878096494,0.7458289040279737,300,0,True,False,False,True,False,False,False,False,0.9983506755991022,0.8323720973980129,0.798240133041179,1.0
pressure_negative_0015,unmodified_profile,blend_zero_new_300_last_0.60,"[[0.0, 0.0], [0.0, 0.0], [0.0, 0.0], [0.0, 0.0]]","[[0.0, 0.0], [0.0, 0.0]]",1862945.1720508006,25.858054718269997,694.0107201655103,2.6083900918705707,1857.7008580211277,59.25550523969312,1.1187433560419322,300,0,True,False,False,False,False,False,False,False,0.9975255354205942,0.7487320461135947,0.9806500523943656,1.0
pressure_negative_0016,unmodified_profile,blend_zero_new_300_last_0.80,"[[0.0, 0.0], [0.0, 0.0], [0.0, 0.0], [0.0, 0.0]]","[[0.0, 0.0], [0.0, 0.0]]",1861403.5735554707,16.84444710971481,696.1482234126807,1.1274971127061346,1869.0817232356044,59.35009822484864,1.491657808055919,300,0,True,False,False,False,False,False,False,False,0.9967000769543287,0.6652077984738994,1.1677797894001642,1.0
pressure_negative_0017,unmodified_profile,new_best_econ,"[[0.0, 0.0], [0.0, 0.0], [0.0, 0.0], [0.0, 0.0]]","[[0.0, 0.0], [0.0, 0.0]]",1860130.1421843464,8.746846306203995,697.9420465921894,0.32314818497124953,1878.6427595882978,45.28707352291653,0.0,300,0,True,False,True,True,False,False,True,False,0.996018210236317,0.5900797378085336,0.3219694885173796,1.0
pressure_negative_0018,unmodified_profile,blend_zero_new_best_econ_0.05,"[[0.0, 0.0], [0.0, 0.0], [0.0, 0.0], [0.0, 0.0]]","[[0.0, 0.0], [0.0, 0.0]]",1867194.912342929,50.75400791456079,688.1184443287798,9.945106622065797,1826.5100760072128,68.34748012343638,0.0,300,0,True,False,True,True,False,False,True,False,0.9998010851919474,0.9794378691866142,0.4859179784637448,1.0
pressure_negative_0019,unmodified_profile,blend_zero_new_best_econ_0.10,"[[0.0, 0.0], [0.0, 0.0], [0.0, 0.0], [0.0, 0.0]]","[[0.0, 0.0], [0.0, 0.0]]",1866823.3913477228,48.53649254840978,688.6351766967597,9.097597113095382,1829.233711452421,66.36675347880816,0.0,300,0,True,False,True,True,False,False,True,False,0.9996021519730728,0.958882707102259,0.47183595692748936,1.0
pressure_negative_0020,unmodified_profile,blend_zero_new_best_econ_0.20,"[[0.0, 0.0], [0.0, 0.0], [0.0, 0.0], [0.0, 0.0]]","[[0.0, 0.0], [0.0, 0.0]]",1866080.246236177,44.103668382329445,689.6687413379487,7.516877026408624,1834.6877063851812,62.4060777473932,0.0,300,0,True,False,True,True,False,False,True,False,0.9992042303184736,0.9177932831450706,0.44367744192029684,1.0
pressure_negative_0021,unmodified_profile,blend_zero_new_best_econ_0.40,"[[0.0, 0.0], [0.0, 0.0], [0.0, 0.0], [0.0, 0.0]]","[[0.0, 0.0], [0.0, 0.0]]",1864593.5437327363,35.24684189901994,691.7362700162569,4.811577038781974,1845.6226028578558,54.61397083449975,0.0,300,0,True,False,True,True,False,False,True,False,0.9984081662512079,0.8356979942306494,0.38827927899975606,1.0
pressure_negative_0022,unmodified_profile,blend_zero_new_best_econ_0.60,"[[0.0, 0.0], [0.0, 0.0], [0.0, 0.0], [0.0, 0.0]]","[[0.0, 0.0], [0.0, 0.0]]",1863106.2919113296,26.401769464537676,693.8043307941198,2.7124568238832287,1856.5933946744954,49.57722110004801,0.0,300,0,True,False,True,True,False,False,True,False,0.9976118080482336,0.7537140375639775,0.3524703911728387,1.0
pressure_negative_0023,unmodified_profile,blend_zero_new_best_econ_0.80,"[[0.0, 0.0], [0.0, 0.0], [0.0, 0.0], [0.0, 0.0]]","[[0.0, 0.0], [0.0, 0.0]]",1861618.4912392925,17.568440971989737,695.8729231574594,1.2171130147429974,1867.6001056536852,45.69643444219278,0.0,300,0,True,False,True,True,False,False,True,False,0.9968151559597885,0.671841317373256,0.32487984936751674,1.0
pressure_negative_0024,coordinate_sweep,zero_residual_profile,"[[-0.02, 0.0], [0.0, 0.0], [0.0, 0.0], [0.0, 0.0]]","[[0.0, 0.0], [0.0, 0.0]]",1866995.9623541813,48.35865547231245,688.7415360326976,9.016263105174923,1829.8789481017282,72.32820676806458,0.0,300,0,True,False,False,True,False,False,False,False,0.9996945561877529,0.9572814610383122,0.5142190458985809,1.0
pressure_negative_0025,coordinate_sweep,zero_residual_profile,"[[0.02, 0.0], [0.0, 0.0], [0.0, 0.0], [0.0, 0.0]]","[[0.0, 0.0], [0.0, 0.0]]",1868136.643902731,57.58936245620343,686.4622235990963,12.826658773349582,1817.7101116904194,68.32820676806458,0.0,300,0,False,False,True,True,False,False,False,False,1.0003053411907323,1.042751769870767,0.4857809541014191,1.0
pressure_negative_0026,coordinate_sweep,reference_q_zero,"[[0.0, -0.02], [0.0, 0.0], [0.0, 0.0], [0.0, 0.0]]","[[0.0, 0.0], [0.0, 0.0]]",1922254.1570571258,258.0841531910746,688.7160561902867,296.4850169589672,1830.8907276870327,0.0,2.0,0,0,False,False,False,False,True,False,False,False,1.0292828989282699,2.936841505114889,1.0,0.0
pressure_negative_0027,coordinate_sweep,reference_q_zero,"[[0.0, 0.02], [0.0, 0.0], [0.0, 0.0], [0.0, 0.0]]","[[0.0, 0.0], [0.0, 0.0]]",1922342.4223866386,258.2936128295965,689.2310509329942,296.96108945099166,1833.629752105608,0.0,2.0,0,0,False,False,False,False,True,False,False,False,1.0293301611458605,2.9391930604775958,1.0,0.0
pressure_negative_0028,coordinate_sweep,reference_q_zero,"[[0.0, 0.0], [-0.02, 0.0], [0.0, 0.0], [0.0, 0.0]]","[[0.0, 0.0], [0.0, 0.0]]",1921718.3815562462,253.04383511984912,690.1638342810297,287.81299219483344,1838.6424746808902,4.0,0.0,0,0,False,False,True,True,True,False,False,False,1.0289960146165904,2.890319206849767,0.028438091797161853,0.0
pressure_negative_0029,coordinate_sweep,reference_q_zero,"[[0.0, 0.0], [0.02, 0.0], [0.0, 0.0], [0.0, 0.0]]","[[0.0, 0.0], [0.0, 0.0]]",1922878.3094240564,263.33969602384525,687.7874102521569,305.86465859487294,1825.9106871013273,4.0,0.0,0,0,False,False,True,True,True,False,False,False,1.0296171051804706,2.9857727837582737,0.028438091797161853,0.0
pressure_negative_0030,coordinate_sweep,old_2000_last,"[[0.0, 0.0], [0.0, -0.02], [0.0, 0.0], [0.0, 0.0]]","[[0.0, 0.0], [0.0, 0.0]]",1860144.1915272495,8.292248801412764,697.852736586465,0.3042427361799969,1878.121418992716,115.95620027961738,3.291376921820671,300,0,True,False,False,False,False,False,False,False,0.996025733044026,0.585723893061027,2.4700817279107965,1.0
pressure_negative_0031,coordinate_sweep,old_2000_last,"[[0.0, 0.0], [0.0, 0.02], [0.0, 0.0], [0.0, 0.0]]","[[0.0, 0.0], [0.0, 0.0]]",1860193.0435804296,8.408502197571572,698.1892138456085,0.31049070535615764,1879.933710988978,115.95620027961738,7.291376921820671,300,0,True,False,False,False,False,False,False,False,0.9960518911785948,0.5870658720827121,4.470081727910797,1.0
pressure_negative_0032,coordinate_sweep,old_2000_last,"[[0.0, 0.0], [0.0, 0.0], [-0.02, 0.0], [0.0, 0.0]]","[[0.0, 0.0], [0.0, 0.0]]",1858277.4471303343,7.928544755966666,701.1942712738936,0.26456641516048374,1896.0529575588912,119.95620027961738,3.291376921820671,300,0,True,False,False,False,False,False,False,False,0.9950261731901113,0.5847207733996959,2.4985198197079583,1.0
pressure_negative_0033,coordinate_sweep,old_2000_last,"[[0.0, 0.0], [0.0, 0.0], [0.02, 0.0], [0.0, 0.0]]","[[0.0, 0.0], [0.0, 0.0]]",1862009.3845634283,22.769835312206315,694.512804046638,2.129786032315153,1860.2910672542075,115.94265070034325,3.291376921820671,300,0,True,False,False,False,False,False,False,False,0.997024462212222,0.7199477414247897,2.4699853968659937,1.0
pressure_negative_0034,coordinate_sweep,blend_zero_old_2000_last_0.05,"[[0.0, 0.0], [0.0, 0.0], [0.0, -0.02], [0.0, 0.0]]","[[0.0, 0.0], [0.0, 0.0]]",1867195.6162212114,50.73112257104708,688.1140094678958,9.935711171241245,1826.4844241891824,65.84828984959441,0.1645688460910435,300,0,True,False,False,True,False,False,False,False,0.9998014620879351,0.9792186317792266,0.5504343509027435,1.0
pressure_negative_0035,coordinate_sweep,blend_zero_old_2000_last_0.05,"[[0.0, 0.0], [0.0, 0.0], [0.0, 0.02], [0.0, 0.0]]","[[0.0, 0.0], [0.0, 0.0]]",1867333.1265266633,50.99805540791159,689.0142539074917,10.037196956403111,1831.2141572905239,65.84828984959441,4.1645688460910435,300,0,True,False,False,False,False,False,False,False,0.9998750928330207,0.9823928112093638,2.5504343509027434,1.0
pressure_negative_0036,coordinate_sweep,blend_zero_old_2000_last_0.05,"[[0.0, 0.0], [0.0, 0.0], [0.0, 0.0], [-0.02, 0.0]]","[[0.0, 0.0], [0.0, 0.0]]",1859369.0029949585,27.82783457927522,693.5083558956885,4.489237282978224,1853.9759372017027,67.83455376229412,0.1645688460910435,300,0,True,False,False,True,False,False,False,False,0.9956106535412438,0.7669593048428068,0.5645557397734295,1.0
pressure_negative_0037,coordinate_sweep,blend_zero_old_2000_last_0.05,"[[0.0, 0.0], [0.0, 0.0], [0.0, 0.0], [0.02, 0.0]]","[[0.0, 0.0], [0.0, 0.0]]",1875014.8516271897,76.05164853821817,682.7225841694948,23.460496291038947,1799.381446058972,67.84828984959441,0.1645688460910435,300,0,False,False,False,True,False,False,False,False,1.0039883201350464,1.2142961569744104,0.5646533968013244,1.0
pressure_negative_0038,coordinate_sweep,blend_zero_old_2000_last_0.10,"[[0.0, 0.0], [0.0, 0.0], [0.0, 0.0], [0.0, -0.02]]","[[0.0, 0.0], [0.0, 0.0]]",1866824.7989525632,48.49073827936412,688.6263037240492,9.079704127855916,1829.1823641985568,61.368733297011715,0.32913769218205857,300,0,True,False,False,True,False,False,False,False,0.9996029056838063,0.9584443848912445,0.6008712638350199,1.0
pressure_negative_0039,coordinate_sweep,blend_zero_old_2000_last_0.10,"[[0.0, 0.0], [0.0, 0.0], [0.0, 0.0], [0.0, 0.02]]","[[0.0, 0.0], [0.0, 0.0]]",1867171.498087821,48.73914467051378,689.9815671352992,9.167499520604405,1836.051146959419,61.368733297011715,2.3291376921820586,300,0,True,False,False,False,False,False,False,False,0.9997885478839722,0.9617745689238308,1.6008712638350198,1.0
pressure_negative_0040,coordinate_sweep,zero_residual_profile,"[[-0.05, 0.0], [0.0, 0.0], [0.0, 0.0], [0.0, 0.0]]","[[0.0, 0.0], [0.0, 0.0]]",1866139.948278279,41.44481038902624,690.4517263262671,6.633647008008413,1839.0362927312021,75.32820676806458,0.0,300,0,True,False,False,True,False,False,False,False,0.9992361981468386,0.893265940550634,0.5355476147464523,1.0
pressure_negative_0041,coordinate_sweep,zero_residual_profile,"[[0.05, 0.0], [0.0, 0.0], [0.0, 0.0], [0.0, 0.0]]","[[0.0, 0.0], [0.0, 0.0]]",1868991.6518032642,64.52158202060683,684.7534460034807,16.16157239691843,1808.6141761315926,65.32820676806458,0.0,300,0,False,False,True,True,False,False,False,False,1.0007631604688108,1.1069417525630167,0.4644523852535477,1.0
pressure_negative_0042,coordinate_sweep,reference_q_zero,"[[0.0, -0.05], [0.0, 0.0], [0.0, 0.0], [0.0, 0.0]]","[[0.0, 0.0], [0.0, 0.0]]",1922187.1446397738,257.92283307722704,688.319409385582,296.118620247416,1828.782538075524,0.0,5.0,0,0,False,False,False,False,True,False,False,False,1.0292470167141812,2.9350303925344323,2.5,0.0
pressure_negative_0043,coordinate_sweep,reference_q_zero,"[[0.0, 0.05], [0.0, 0.0], [0.0, 0.0], [0.0, 0.0]]","[[0.0, 0.0], [0.0, 0.0]]",1922407.838103431,258.4466385234762,689.6072815199174,297.3091378557907,1835.632046760487,0.0,5.0,0,0,False,False,False,False,True,False,False,False,1.0293651883967412,2.9409110368735205,2.5,0.0
pressure_negative_0044,coordinate_sweep,reference_q_zero,"[[0.0, 0.0], [-0.05, 0.0], [0.0, 0.0], [0.0, 0.0]]","[[0.0, 0.0], [0.0, 0.0]]",1920847.9305528621,245.3329232351378,691.9468081652981,274.87159781190365,1848.224188131054,10.0,0.0,0,0,False,False,True,True,True,False,False,False,1.028529926233403,2.8188331760451844,0.07109522949290463,0.0
pressure_negative_0045,coordinate_sweep,reference_q_zero,"[[0.0, 0.0], [0.05, 0.0], [0.0, 0.0], [0.0, 0.0]]","[[0.0, 0.0], [0.0, 0.0]]",1923747.7498628388,271.07258332670006,686.0057488226131,320.0033215189553,1816.394694924352,10.0,0.0,0,0,False,False,True,True,True,False,False,False,1.0300826524505804,3.0574671927683625,0.07109522949290463,0.0
pressure_negative_0046,coordinate_sweep,old_2000_last,"[[0.0, 0.0], [0.0, -0.05], [0.0, 0.0], [0.0, 0.0]]","[[0.0, 0.0], [0.0, 0.0]]",1860144.1915272495,8.292248801412764,697.852736586465,0.3042427361799969,1878.121418992716,115.95620027961738,3.291376921820671,300,0,True,False,False,False,False,False,False,False,0.996025733044026,0.585723893061027,2.4700817279107965,1.0
pressure_negative_0047,coordinate_sweep,old_2000_last,"[[0.0, 0.0], [0.0, 0.05], [0.0, 0.0], [0.0, 0.0]]","[[0.0, 0.0], [0.0, 0.0]]",1860265.5340071896,8.579203152030214,698.683268305261,0.3198883767505939,1882.5963095357934,115.95620027961738,13.291376921820671,280,0,True,False,False,False,False,False,False,False,0.9960907066267634,0.5890363609534884,7.470081727910797,0.9333333333333333
pressure_negative_0048,coordinate_sweep,old_2000_last,"[[0.0, 0.0], [0.0, 0.0], [-0.05, 0.0], [0.0, 0.0]]","[[0.0, 0.0], [0.0, 0.0]]",1855474.4268791578,28.590856832758366,706.2095701503582,3.5235983168278096,1923.140235513814,125.95620027961738,3.291376921820671,300,0,True,False,False,False,False,False,False,False,0.9935252786287476,0.783397277555152,2.5411769574037013,1.0
pressure_negative_0049,coordinate_sweep,old_2000_last,"[[0.0, 0.0], [0.0, 0.0], [0.05, 0.0], [0.0, 0.0]]","[[0.0, 0.0], [0.0, 0.0]]",1864804.2601802384,44.551820744836796,689.5059164494083,8.246747628041472,1833.7350194035284,115.94265070034325,3.291376921820671,300,0,True,False,False,False,False,False,False,False,0.9985209956786489,0.9219049491229188,2.4699853968659937,1.0
pressure_negative_0050,coordinate_sweep,blend_zero_old_2000_last_0.05,"[[0.0, 0.0], [0.0, 0.0], [0.0, -0.05], [0.0, 0.0]]","[[0.0, 0.0], [0.0, 0.0]]",1867195.6162212114,50.73112257104708,688.1140094678958,9.935711171241245,1826.4844241891824,65.84828984959441,0.1645688460910435,300,0,True,False,False,True,False,False,False,False,0.9998014620879351,0.9792186317792266,0.5504343509027435,1.0
pressure_negative_0051,coordinate_sweep,blend_zero_old_2000_last_0.05,"[[0.0, 0.0], [0.0, 0.0], [0.0, 0.05], [0.0, 0.0]]","[[0.0, 0.0], [0.0, 0.0]]",1867537.3120079907,51.390012126859546,690.3360557644639,10.187593259410333,1838.1708597783781,65.84828984959441,10.164568846091043,240,0,True,False,False,False,True,False,False,False,0.9999844252141566,0.9870536207474649,5.550434350902743,0.8
pressure_negative_0052,coordinate_sweep,blend_zero_old_2000_last_0.05,"[[0.0, 0.0], [0.0, 0.0], [0.0, 0.0], [-0.05, 0.0]]","[[0.0, 0.0], [0.0, 0.0]]",1847615.3436898661,47.67577814980894,701.6053208092919,11.112153748950009,1895.94310935545,70.83455376229412,0.1645688460910435,300,0,True,False,False,True,False,False,False,False,0.9893170838391592,0.9601899439131133,0.5858843086213009,1.0
pressure_negative_0053,coordinate_sweep,blend_zero_old_2000_last_0.05,"[[0.0, 0.0], [0.0, 0.0], [0.0, 0.0], [0.05, 0.0]]","[[0.0, 0.0], [0.0, 0.0]]",1886729.7769890812,114.32690377192459,674.6409553223848,59.255498949537106,1759.45407078214,70.84828984959441,0.1645688460910435,300,0,False,False,False,True,False,False,False,False,1.0102611495072435,1.56969588939371,0.5859819656491958,1.0
pressure_negative_0054,coordinate_sweep,blend_zero_old_2000_last_0.10,"[[0.0, 0.0], [0.0, 0.0], [0.0, 0.0], [0.0, -0.05]]","[[0.0, 0.0], [0.0, 0.0]]",1866824.7989525632,48.49073827936412,688.6263037240492,9.079704127855916,1829.1823641985568,61.368733297011715,0.32913769218205857,300,0,True,False,False,True,False,False,False,False,0.9996029056838063,0.9584443848912445,0.6008712638350199,1.0
pressure_negative_0055,coordinate_sweep,blend_zero_old_2000_last_0.10,"[[0.0, 0.0], [0.0, 0.0], [0.0, 0.0], [0.0, 0.05]]","[[0.0, 0.0], [0.0, 0.0]]",1867688.1493478704,49.1038964681467,691.9713389482,9.298344902445015,1846.1796669841783,61.368733297011715,5.329137692182059,100,0,False,False,False,False,True,False,False,False,1.0000651920024026,0.9666643183036765,3.1008712638350198,0.3333333333333333
pressure_negative_0056,coordinate_sweep,zero_residual_profile,"[[-0.1, 0.0], [0.0, 0.0], [0.0, 0.0], [0.0, 0.0]]","[[0.0, 0.0], [0.0, 0.0]]",1864712.3010126522,29.939221198021595,693.3033864438153,3.563312336263849,1854.3571013309088,80.32820676806458,0.0,300,0,True,False,False,False,False,False,False,False,0.9984717555725742,0.7867394311197347,0.5710952294929046,1.0
pressure_negative_0057,coordinate_sweep,zero_residual_profile,"[[0.1, 0.0], [0.0, 0.0], [0.0, 0.0], [0.0, 0.0]]","[[0.0, 0.0], [0.0, 0.0]]",1870415.705588418,76.0927942599402,681.9068312354468,22.632993256578807,1793.5126854790874,60.328206768064575,0.0,300,0,False,False,True,True,False,False,False,False,1.0015256788916904,1.2140913403658182,0.42890477050709536,1.0
pressure_negative_0058,coordinate_sweep,reference_q_zero,"[[0.0, -0.1], [0.0, 0.0], [0.0, 0.0], [0.0, 0.0]]","[[0.0, 0.0], [0.0, 0.0]]",1922073.8349602306,257.64553949607654,687.637587984027,295.48935139992307,1825.161474918368,0.0,10.0,0,0,False,False,False,False,True,False,False,False,1.0291863443441884,2.9319172486596954,5.0,0.0
pressure_negative_0059,coordinate_sweep,reference_q_zero,"[[0.0, 0.1], [0.0, 0.0], [0.0, 0.0], [0.0, 0.0]]","[[0.0, 0.0], [0.0, 0.0]]",1922515.4374673583,258.6942686998867,690.2160880041351,297.87279241658405,1838.874422050333,0.0,10.0,0,0,False,False,False,False,True,False,False,False,1.0294228031428556,2.9436910968558636,5.0,0.0
pressure_negative_0060,coordinate_sweep,reference_q_zero,"[[0.0, 0.0], [-0.1, 0.0], [0.0, 0.0], [0.0, 0.0]]","[[0.0, 0.0], [0.0, 0.0]]",1919396.2176037938,232.50230700408514,694.9196789006065,254.4345992708241,1864.2563807057813,20.0,0.0,0,0,False,False,True,True,True,False,False,False,1.0277525975398256,2.6998880054063736,0.14219045898580926,0.0
pressure_negative_0061,coordinate_sweep,reference_q_zero,"[[0.0, 0.0], [0.1, 0.0], [0.0, 0.0], [0.0, 0.0]]","[[0.0, 0.0], [0.0, 0.0]]",1925195.8536555264,283.9816831268982,683.0375654257111,344.7163160607446,1800.5972210213522,20.0,0.0,0,0,False,False,True,True,True,False,False,False,1.0308580485990109,3.1771565706508835,0.14219045898580926,0.0
pressure_negative_0062,coordinate_sweep,old_2000_last,"[[0.0, 0.0], [0.0, -0.1], [0.0, 0.0], [0.0, 0.0]]","[[0.0, 0.0], [0.0, 0.0]]",1860144.1915272495,8.292248801412764,697.852736586465,0.3042427361799969,1878.121418992716,115.95620027961738,3.291376921820671,300,0,True,False,False,False,False,False,False,False,0.996025733044026,0.585723893061027,2.4700817279107965,1.0
pressure_negative_0063,coordinate_sweep,old_2000_last,"[[0.0, 0.0], [0.0, 0.1], [0.0, 0.0], [0.0, 0.0]]","[[0.0, 0.0], [0.0, 0.0]]",1860384.3379000064,8.85429914324845,699.4794381895858,0.33559279774815615,1886.891058158745,115.95620027961738,23.29137692182067,280,0,True,False,False,False,False,False,False,False,0.9961543209072963,0.5922119122178849,12.470081727910797,0.9333333333333333
pressure_negative_0064,coordinate_sweep,old_2000_last,"[[0.0, 0.0], [0.0, 0.0], [-0.1, 0.0], [0.0, 0.0]]","[[0.0, 0.0], [0.0, 0.0]]",1850825.73967578,63.859247613704,714.5290337717402,17.575940825032028,1968.5362755483284,135.95620027961738,3.291587484209998,300,0,True,False,False,False,False,False,False,False,0.99103611026184,1.1223418111336576,2.6123774680912693,1.0
pressure_negative_0065,coordinate_sweep,old_2000_last,"[[0.0, 0.0], [0.0, 0.0], [0.1, 0.0], [0.0, 0.0]]","[[0.0, 0.0], [0.0, 0.0]]",1869454.5961864856,81.03053223765559,681.1691610808599,27.56713178559744,1789.9792802100128,121.43423003713795,3.291376921820671,300,0,False,False,False,False,False,False,False,False,1.0010110469072693,1.2601617608234847,2.509027906188785,1.0
pressure_negative_0066,coordinate_sweep,blend_zero_old_2000_last_0.05,"[[0.0, 0.0], [0.0, 0.0], [0.0, -0.1], [0.0, 0.0]]","[[0.0, 0.0], [0.0, 0.0]]",1867195.6162212114,50.73112257104708,688.1140094678958,9.935711171241245,1826.4844241891824,65.84828984959441,0.1645688460910435,300,0,True,False,False,True,False,False,False,False,0.9998014620879351,0.9792186317792266,0.5504343509027435,1.0
pressure_negative_0067,coordinate_sweep,blend_zero_old_2000_last_0.05,"[[0.0, 0.0], [0.0, 0.0], [0.0, 0.1], [0.0, 0.0]]","[[0.0, 0.0], [0.0, 0.0]]",1867872.3044798148,52.021689689377524,692.4660419141364,10.433420743661127,1849.411555502436,65.84828984959441,20.164568846091043,240,0,False,False,False,False,True,False,False,False,1.000163799008851,0.994564815431003,10.550434350902744,0.8
pressure_negative_0068,coordinate_sweep,blend_zero_old_2000_last_0.05,"[[0.0, 0.0], [0.0, 0.0], [0.0, 0.0], [-0.1, 0.0]]","[[0.0, 0.0], [0.0, 0.0]]",1845760.9581681788,71.04437951354515,708.1586828181306,23.038383231391116,1931.0490630656122,83.12565575104759,0.1649762718976433,300,0,True,False,False,False,False,False,False,False,0.9883241416215625,1.1855292752461137,0.6734718931857133,1.0
pressure_negative_0069,coordinate_sweep,blend_zero_old_2000_last_0.05,"[[0.0, 0.0], [0.0, 0.0], [0.0, 0.0], [0.1, 0.0]]","[[0.0, 0.0], [0.0, 0.0]]",1906217.150824462,178.91181867349408,661.1863873077251,161.6748163042174,1694.841930232037,75.84828984959441,0.1645688460910435,300,0,False,False,False,True,False,False,False,False,1.020695784573653,2.16952292626144,0.6215295803956481,1.0
pressure_negative_0070,coordinate_sweep,blend_zero_old_2000_last_0.10,"[[0.0, 0.0], [0.0, 0.0], [0.0, 0.0], [0.0, -0.1]]","[[0.0, 0.0], [0.0, 0.0]]",1866824.7989525632,48.49073827936412,688.6263037240492,9.079704127855916,1829.1823641985568,61.368733297011715,0.32913769218205857,300,0,True,False,False,True,False,False,False,False,0.9996029056838063,0.9584443848912445,0.6008712638350199,1.0
pressure_negative_0071,coordinate_sweep,blend_zero_old_2000_last_0.10,"[[0.0, 0.0], [0.0, 0.0], [0.0, 0.0], [0.0, 0.1]]","[[0.0, 0.0], [0.0, 0.0]]",1868540.5515719524,49.69172754498253,695.1774071983303,9.514045378104147,1862.6093697062447,61.368733297011715,10.329137692182059,100,0,False,False,False,False,True,False,False,False,1.0005216160548804,0.9745441396349076,5.60087126383502,0.3333333333333333
pressure_negative_0072,random_pareto_sweep,blend_zero_new_300_last_0.40,"[[0.012516164659523158, 0.025263375796638534], [-0.07147491191817343, 0.08924740614400692], [-0.030442545407267887, 0.008410290355562794], [0.0427192330339186, -0.049348987789803594]]","[[4.286209613197059, 0.45168711427803643], [2.4095417259460774, 1.8085097177879335]]",1842625.2554548946,95.11573434592944,722.0210490596359,35.75032880255773,2009.3142158327455,81.7581121635329,0.0,300,0,True,False,False,False,False,False,False,False,0.9866451101745203,1.4228166810902958,0.581261174717301,1.0
pressure_negative_0073,random_pareto_sweep,blend_zero_old_2000_last_0.60,"[[-0.04945978858153394, 0.052987680540911755], [-0.07490551708240235, 0.0800437561838546], [0.010000265410912765, -0.1325111773649088], [-0.017025304751591946, 0.03269739104614702]]","[[-1.2750362515684432, -1.9589735591814113], [-0.10716810457140807, 0.04734850093487218]]",1919598.994128023,339.68078275453297,628.2699303464442,468.9809608816123,1530.0367063724325,99.45799420858188,14.009347778244688,260,0,False,False,False,False,True,False,False,False,1.0278611754861533,3.6630698404744426,7.711772781438655,0.8666666666666667
pressure_negative_0074,random_pareto_sweep,blend_zero_new_300_last_0.10,"[[-0.03483843510623214, 0.12272911466421926], [-0.08502073751390576, 0.031316560733234945], [0.006796997116362523, -0.15567159521360835], [-0.13190301836685123, 0.001191101624863141]]","[[0.0, 0.0], [0.0, 0.0]]",1844614.5105518051,69.38927539491281,716.4633654205174,24.504945251460036,1977.161100825711,95.87686114322085,12.579063384416344,280,0,True,False,False,False,False,False,False,False,0.9877102691418395,1.175945783922268,6.9711704368118355,0.9333333333333333
pressure_negative_0075,random_pareto_sweep,blend_zero_new_best_econ_0.60,"[[-0.08807179207114416, 0.03502124978585262], [0.08461734630278628, -0.044746363820648186], [-0.04260855702310654, 0.0025262831098390487], [0.05426763465603288, -0.0014334004511910939]]","[[0.0, 0.0], [0.0, 0.0]]",1880427.2654100098,67.65043320947268,686.9467195216241,28.27610359608603,1823.9626875651343,74.35741473968011,4.007381600553089,280,0,False,False,False,False,False,False,False,False,1.0068864306310639,1.1380695465619535,2.5323365468182093,0.9333333333333333
pressure_negative_0076,random_pareto_sweep,blend_zero_new_best_econ_0.80,"[[-0.003290166053609218, 0.0033590554826990592], [-0.019334182124414144, -0.0008716948474504519], [-0.001988111571408698, 0.008740966351040349], [-0.11787437294936581, 0.09404381535039247]]","[[-0.6890506707670121, -0.2355001306246251], [-0.33615793316020726, 0.7348618822542726]]",1845604.9075900854,65.2418377142806,708.8473419825623,20.616348544545623,1934.9591983762618,67.94261845918308,0.9294332491800219,300,0,True,False,False,True,False,False,False,False,0.988240583372613,1.1312604165576357,0.9477562297604589,1.0
pressure_negative_0077,random_pareto_sweep,blend_zero_new_300_last_0.20,"[[0.07580799869400913, -0.06504204526731952], [-0.04526189396539441, -0.024555016520068598], [0.12838451268293002, -0.18898526590301187], [-0.13156635552744328, -0.1947305165689817]]","[[0.0, 0.0], [0.0, 0.0]]",1848580.131017993,98.61875367572794,695.5337936678342,45.31296742308677,1862.2515459792774,110.09100757554384,0.0,300,0,True,False,False,False,False,False,False,False,0.9898336851919501,1.4366207317623578,0.7826945448688393,1.0
pressure_negative_0078,random_pareto_sweep,blend_zero_old_2000_last_0.20,"[[-0.08072406270451946, -0.03670738733073345], [-0.10073572404667075, -0.050899436188384065], [0.06002101999551003, 0.020179403514055144], [0.009373383608626386, -0.05013892781395573]]","[[0.0, 0.0], [0.0, 0.0]]",1870219.164709062,57.88866265636199,688.6336025361882,14.297753897732278,1830.5244063315163,75.11337216614939,4.035880702811028,300,0,False,False,False,False,False,False,False,False,1.0014204398600468,1.0471557863535634,2.5519605946193487,1.0
pressure_negative_0079,random_pareto_sweep,blend_zero_new_300_last_0.10,"[[-0.014751137281358883, 0.0004909966480797607], [-0.006426850600744918, -0.004023795269895005], [0.04074255793919626, -0.03524000474007225], [-0.004693536318445217, 0.024234978143923135]]","[[0.0, 0.0], [0.0, 0.0]]",1868564.2856265814,67.4876303488364,686.0118178925442,18.218744973287283,1814.8885005534728,77.47582831232285,2.659054705207268,300,0,False,False,False,False,False,False,False,False,1.0005343246014906,1.1358530383492282,1.880343532005381,1.0
pressure_negative_0080,random_pareto_sweep,blend_zero_new_300_last_0.20,"[[-0.01058076995135279, -0.0044657944410796905], [-0.03191914319212434, 0.011905721206760788], [0.013325745650262882, 0.010167506500358954], [-0.01740747348582163, 0.0017302158157459025]]","[[0.0, 0.0], [0.0, 0.0]]",1859346.5516057182,23.245566551952862,695.4950222688008,3.0543539416747345,1864.8136127537032,69.91521133822391,2.2081226597775867,300,0,True,False,False,False,False,False,False,False,0.9955986318057634,0.7251523571438421,1.6011251294023892,1.0
pressure_negative_0081,random_pareto_sweep,blend_zero_new_best_econ_0.80,"[[0.043069358543417556, 0.0019139075519251196], [-0.02375053151974347, 0.003606706813278277], [-0.027035918521266192, -0.023980207850300236], [-0.02082246271897582, -0.00888618904391367]]","[[0.26149766412366415, -0.5494622827952712], [-0.2706571777178243, 0.13600055344159417]]",1892926.5921135715,159.95529488314264,664.2925935112747,107.60067107024946,1706.5150510806416,46.38057602228429,0.0,300,0,False,False,True,True,False,False,False,False,1.013579272561909,1.9928528669626238,0.3297437696317411,1.0
pressure_negative_0082,random_pareto_sweep,blend_zero_old_2000_last_0.05,"[[-0.013918322015054921, 0.022067934626497476], [-0.0174386340600651, 0.011302979455101263], [0.07963642280097843, -0.008592939949349877], [0.058966890485960315, 0.027968503365367908]]","[[-1.2503938246048447, -1.282252375399175], [-0.13543461916022131, 0.9219660721227334]]",1920370.5488566046,341.115575232561,624.5432157368098,471.25038899256964,1512.4446664349298,105.56580192786936,0.0,300,0,False,False,False,False,False,False,False,False,1.0282743092462239,3.673902770260649,0.7505224914664387,1.0
pressure_negative_0083,random_pareto_sweep,blend_zero_new_best_econ_0.10,"[[0.12551584167047228, 0.030817508872508226], [-0.04456795560532098, -0.20822412436298743], [0.007058957541733794, 0.002577019369499129], [0.01829287535389577, 0.2106240297703333]]","[[-0.4810385650357999, -0.25649737459837174], [-0.04742230346425108, -0.3877035620051768]]",1890053.2624340565,141.77964050222315,687.7823381593522,79.99557278497498,1822.8958988863278,68.9598838385024,32.53084132559866,20,0,False,False,False,False,True,False,False,False,1.0120407303814956,1.8383755560737651,16.755692539529566,0.06666666666666667
pressure_negative_0084,random_pareto_sweep,reference_q_zero,"[[0.007138176984314091, -0.02176615586109385], [0.023936334181922488, 0.002046206676177206], [-0.03458142293484503, -0.001026857166899389], [0.005624129118458097, 0.019455847228714813]]","[[0.0, 0.0], [0.0, 0.0]]",1922457.0338222021,247.59940486913433,692.0942307436799,279.2143247115749,1848.7442357293503,11.55214663676793,4.736813077596167,0,0,False,False,False,False,True,False,False,False,1.02939153054918,2.8403334762744366,2.450536790425754,0.0
pressure_negative_0085,random_pareto_sweep,blend_zero_new_300_last_0.20,"[[0.02391968356763538, 0.00645818460809446], [0.029914134423600573, 0.021132196980832133], [0.013672574589594422, -0.018226229774673437], [0.03462857502064687, 0.010726028644165459]]","[[0.0, 0.0], [0.0, 0.0]]",1882640.828950529,111.23587956604646,676.1709365272201,50.6644718773739,1765.8158108850819,65.53579300297963,5.026138251787501,300,0,False,False,False,False,False,False,False,False,1.008071696944357,1.54163256154464,2.9789973502483833,1.0
pressure_negative_0086,random_pareto_sweep,blend_zero_old_2000_last_0.05,"[[-0.05216203373581595, -0.026441871272470364], [-0.07569098727650649, -0.016122943118080154], [0.1889379546017354, 0.13850596270486407], [0.03544789549954567, -0.0025294265564952366]]","[[-0.4149091911037646, -0.0387194338161011], [-0.9109791147840401, 0.5615510551304475]]",1888298.128529068,178.98858078461583,661.4154543025631,131.53628802320878,1690.2529200510749,108.30453630540038,11.658983540216298,273,0,False,False,False,False,False,False,False,False,1.0111009330570357,2.17041404588828,6.599485356483655,0.91
pressure_negative_0087,random_pareto_sweep,blend_zero_new_best_econ_0.20,"[[0.10325121288504278, 0.004004131231154276], [-0.10625050624515082, 0.030444525828851557], [-0.04520445830745402, -0.033167472083223], [0.03132881948955019, 0.01272770627563622]]","[[0.18875408283124911, -0.6141983287685513], [-1.6638557004045111, -0.4988447722175401]]",1919422.8608494888,253.1351263248782,646.0036516116375,295.28448088780505,1620.1651870279904,77.65137082140888,18.796479316149856,280,0,False,False,False,False,False,False,False,False,1.027766863830818,2.859069151484304,9.950303860973598,0.9333333333333333
pressure_negative_0088,random_pareto_sweep,new_300_last,"[[-0.017810346681963334, -0.14135085982481851], [0.09890646213755394, -0.27388114369433336], [-0.044636515502843525, -0.06201984545539159], [0.014817887787141486, 0.05616618078027355]]","[[0.0, 0.0], [0.0, 0.0]]",1864858.8327345809,17.932969339410718,700.5760908736725,1.7383841091905272,1892.5108147213487,71.3093898752968,5.616618078027358,100,0,True,False,False,False,True,False,False,False,0.9985502168910101,0.6787020446525517,3.3152847828320025,0.3333333333333333
pressure_negative_0089,random_pareto_sweep,blend_zero_new_300_last_0.20,"[[0.011731646746669636, 0.003916367757629222], [-0.03423078750366447, 0.0380108051086822], [-0.028775502544803988, 0.0083899454461943], [0.007799198883954955, 0.005512735646581542]]","[[0.0, 0.0], [0.0, 0.0]]",1865984.2275099487,27.424175101350954,695.2700010142405,3.326845623324947,1864.9251224349678,64.07165907140703,7.032165133329357,280,0,True,False,False,False,False,False,False,False,0.9991528164965704,0.764430209165899,3.9716014972319615,0.9333333333333333
pressure_negative_0090,random_pareto_sweep,blend_zero_old_2000_last_0.05,"[[-0.07801837369715478, -0.003291439433696146], [-0.028193733827622927, -0.033864897103351575], [0.02143738937267729, 0.053873927135984157], [-0.017162788091843306, 0.03903405449628888]]","[[-0.38692813986159574, -0.4492288361874224], [-1.0449898687581698, 0.6427243929837506]]",1882645.2613401543,130.8195437048364,670.5783362578292,69.02043750485024,1736.9235299653587,84.67749978292292,0.0,300,0,False,False,False,False,False,False,False,False,1.0080740702948456,1.7224141185689614,0.6020166279952288,1.0
pressure_negative_0091,random_pareto_sweep,blend_zero_old_2000_last_0.60,"[[0.011732309385237963, -0.07953248491347091], [-0.0825762997619679, 0.02123422266028772], [-0.04076432143972673, 0.0151020577550162], [0.03904657890545942, -0.06354764187027796]]","[[0.0, 0.0], [0.0, 0.0]]",1872654.9167322984,43.265888335376,695.3182430394883,10.920411221217066,1867.4808266463951,87.10716514655039,4.246844532057537,300,0,False,False,False,False,False,False,False,False,1.0027246783731192,0.9139936793127101,2.742712655685803,1.0
pressure_negative_0092,random_pareto_sweep,blend_zero_new_best_econ_0.05,"[[-3.1386692336255255e-05, 0.017578539148122952], [-0.020962032833663546, -0.04669702263231318], [-0.02552204244536398, -0.05952861680566551], [0.04417060870452952, -0.03883755768031605]]","[[-1.5650252754259721, -0.6394523820207021], [-3.936250166252125, -0.18115286501101038]]",1890646.4443347265,158.4416384085864,664.6967165095209,104.92971554608684,1708.3455133415746,86.73167896351785,2.663618239867361,300,0,False,False,False,False,False,False,False,False,1.01235835330564,1.9788594748839248,1.9484299819553037,1.0
pressure_negative_0093,random_pareto_sweep,blend_zero_old_2000_last_0.40,"[[0.08247427465479677, -0.18863049279833796], [0.11618663608635478, 0.08205992949976561], [0.12520435636986627, -0.005272137600413742], [0.10138968341027554, -0.14712440349069053]]","[[0.0, 0.0], [0.0, 0.0]]",1921617.9216072178,308.08241070488475,633.3234866665211,392.34704890348394,1555.680811069823,60.57928101125276,16.411985899953095,280,0,False,False,False,False,False,False,False,False,1.0289422227144205,3.3684906502445573,8.636682738577566,0.9333333333333333
pressure_negative_0094,random_pareto_sweep,blend_zero_new_best_econ_0.60,"[[0.007521470633915999, -0.03616475110008035], [-0.042541950872317234, 0.02744774868287152], [0.01807600258802869, -0.02098593671827615], [-5.999286941079028e-05, 0.020390141204026477]]","[[0.0, 0.0], [0.0, 0.0]]",1864154.9212687742,30.942972563717575,694.758503666294,3.7993584004434577,1861.5292860721606,52.432630461966255,7.528563856976945,300,0,True,False,False,False,False,False,False,False,0.9981733031351187,0.7972718530994449,4.137052918049488,1.0
pressure_negative_0095,random_pareto_sweep,blend_zero_new_300_last_0.20,"[[-0.038980551142075215, 0.007286823782849074], [0.003440749598552754, -0.10484276425345258], [0.08017959099004475, -0.09763852077662583], [-0.02182334445471739, -0.02952804727200515]]","[[0.0, 0.0], [0.0, 0.0]]",1863957.7909608174,66.7292789170682,684.3884581656299,21.52542854153566,1805.8780946358913,86.56754562214212,1.101596830298888,300,0,True,False,False,False,False,False,False,False,0.9980677484902786,1.1275145823952752,1.1662523674138128,1.0
pressure_negative_0096,random_pareto_sweep,blend_zero_new_300_last_0.40,"[[0.017818196298589165, -0.013539806952243284], [0.024399265895541086, -0.009563298490323087], [-0.0009768717146802102, 0.03827572080136848], [-0.005546764175873369, 0.024776997693469176]]","[[0.0, 0.0], [0.0, 0.0]]",1864139.0250544972,38.21256853591704,694.4376185928637,6.047501279521645,1859.1322338331045,58.38868123995181,5.177444390926809,240,0,True,False,False,False,True,False,False,False,0.9981647914086891,0.8656555259080394,3.003837864717647,0.8
pressure_negative_0097,random_pareto_sweep,blend_zero_new_300_last_0.20,"[[0.00139917178822749, 0.01695703252600248], [-0.013710632257061026, -0.01968097046038371], [-0.012771523807540435, 0.001994207526481821], [-0.004416375711006589, 0.01420549752942353]]","[[-1.100923187420899, -2.154359127469281], [3.045559486138656, 0.45700424868274026]]",1942136.4222104407,429.277198201601,632.6345607796995,748.5398004627186,1546.9039970355905,105.13527209080854,43.924013317822215,36,0,False,False,False,False,True,False,False,False,1.039928980997664,4.511935497454593,22.70946828862061,0.12
pressure_negative_0098,random_pareto_sweep,blend_zero_new_best_econ_0.40,"[[0.009596046401031556, -0.026804167700620964], [-2.3399780137492666e-05, 0.010184959688261705], [-0.0050551538106885, 0.02151411249652789], [0.046236622512856596, -0.018941256541879038]]","[[0.0, 0.0], [0.0, 0.0]]",1882640.9749896254,92.75378819984842,680.7108702915978,40.59982364017623,1790.593014455344,58.27802844568214,4.3028224993055915,300,0,False,False,False,False,False,False,False,False,1.008071775141896,1.3704831804095785,2.5657402303267753,1.0
pressure_negative_0099,random_pareto_sweep,blend_zero_old_2000_last_0.10,"[[0.044501357887159206, -0.018995091205427687], [-0.013003826972749967, 0.030439488576462843], [-0.009399746904161059, -0.01174829967489232], [0.0005287602764537537, 0.039767770689653835]]","[[1.2049713354364004, -0.29978109315168655], [-1.0616967947530753, 0.9809793483526726]]",1932002.049765581,286.9670226130811,637.5854377973885,379.8592448073863,1580.2746948868155,67.95077084028048,0.0,300,0,False,False,True,True,False,False,False,False,1.0345024684781992,3.172283698195029,0.48309756471095133,1.0
pressure_negative_0100,random_pareto_sweep,blend_zero_new_300_last_0.80,"[[0.008562041230028569, -0.07113143243748747], [-0.0164034811712799, -0.00414485117407768], [-0.025522893351423936, 0.07408677972710637], [0.02399195184511084, 0.0686587458944324]]","[[0.0, 0.0], [0.0, 0.0]]",1869859.8344133305,29.99857784892679,702.2322590980738,5.624220049668633,1902.0467409923242,60.89308928635694,7.951481355978046,40,0,False,False,False,False,True,False,False,False,1.001228034226741,0.79379245745597,4.408661493723571,0.13333333333333333
pressure_negative_0101,random_pareto_sweep,new_300_last,"[[-0.01616412992581812, 0.020673977202786076], [0.023067505599285307, -0.029065924098260244], [0.023443480127094244, -0.00910394646742585], [-0.14348100124274785, -0.024235101597577118]]","[[0.16903680062331033, 2.3778918212779305], [-1.140919429515721, 0.0032236206415287914]]",1841990.465270205,100.16377788000275,725.8330318061523,38.587624612286675,2030.8208503490805,54.985142756438535,11.284296228418839,291,0,True,False,False,False,False,False,False,False,0.9863052078368872,1.4732366138252062,6.033066248506332,0.97
pressure_negative_0102,random_pareto_sweep,blend_zero_new_best_econ_0.05,"[[-0.13040162572279212, 0.1627231141663572], [-0.008333262699661429, 0.004662684279401815], [0.13543004655056223, 0.06614783946454811], [-0.08756287324967399, -0.0647277924087316]]","[[-3.1758649681807904, -0.07986119795861668], [-2.220318991687214, 2.424422630345589]]",1851452.5796928897,54.891748228621395,700.5373832464072,14.510056581010048,1890.2237249691607,142.97111841786733,7.370912572646034,280,0,True,False,False,False,False,False,False,False,0.9913717556329821,1.0275242166233918,4.701912733800569,0.9333333333333333
pressure_negative_0103,random_pareto_sweep,blend_zero_new_best_econ_0.10,"[[-0.01810350113487151, -0.013972648293249075], [-0.03778795175747841, -0.021989237735610075], [0.020326464050813984, 0.04463572290984783], [0.01452793026397917, -0.0018408507724205834]]","[[0.0, 0.0], [0.0, 0.0]]",1873077.999247156,68.64752377632303,686.6046448893802,19.21716666706079,1819.5857909638985,70.77587455992716,8.927144581969571,240,0,False,False,False,False,True,False,False,False,1.002951220527173,1.1472322426932529,4.966754995424691,0.8
pressure_negative_0104,random_pareto_sweep,blend_zero_old_2000_last_0.80,"[[-0.17407964313462737, -0.06659523957592918], [-0.06690451241738224, -0.007984636410573946], [-0.006031425311375349, 0.29962390953981427], [-0.10772278744747588, 0.022896993566438997]]","[[0.37637838359455333, 0.05509028889067901], [-0.5224044471532936, 0.053243097301340886]]",1843721.8163216172,94.55439811356098,737.1381647289431,34.73791963751958,2093.2555005407603,95.46930531687966,58.28320827819789,240,0,True,False,False,False,True,False,False,False,0.9872322704850379,1.4285109221026957,29.820345356202118,0.8
pressure_negative_0105,random_pareto_sweep,zero_residual_profile,"[[0.01638002921355643, 0.028510045195604572], [0.07063039503181161, 0.04684832709571709], [0.003564730674871848, -0.0585879175941639], [-0.030000263735555973, -0.010981557595870767]]","[[-1.4035997987765274, -1.7822980336805057], [-2.4767666385832965, -0.3524260556618533]]",1911713.244124561,318.36292871594003,629.1421304162316,396.304952221537,1531.305445681327,106.1277633268208,11.587693382193464,292,0,False,False,False,False,False,False,False,False,1.0236387017856865,3.4624869233384175,6.548364460025631,0.9733333333333334
pressure_negative_0106,random_pareto_sweep,blend_zero_old_2000_last_0.20,"[[-0.07348327210351525, -0.050026284207869615], [-0.019695093642215125, -0.0667958654695717], [0.01898760942493485, 0.03701115318028436], [-0.02747135098876993, -0.021851365380500087]]","[[0.0, 0.0], [0.0, 0.0]]",1854675.0667303521,22.414260974808435,700.9084626223523,2.4706500107086624,1893.4410444243804,69.8670844516736,7.402230636056856,240,0,True,False,False,False,True,False,False,False,0.9930972562841323,0.7212422096257016,4.197836958337617,0.8
pressure_negative_0107,random_pareto_sweep,reference_q_zero,"[[-0.09886393626836815, 0.06769177733965537], [0.01960310582918711, 0.05053906920028675], [0.019358088955818132, 0.0024462412340078097], [-0.013765460618102729, 0.018357218844310273]]","[[0.0, 0.0], [0.0, 0.0]]",1917069.374928123,237.05959399624686,696.4286677105451,250.63264572743742,1871.1687477420714,15.183560854484512,8.115651371595021,0,0,False,False,False,False,True,False,False,False,1.0265066752117236,2.744001078036584,4.165773560144417,0.0
pressure_negative_0108,random_pareto_sweep,blend_zero_new_best_econ_0.60,"[[-0.03172913289104401, -0.010831517235885555], [0.04089646496953293, -0.01252160927144785], [-0.00477367446126956, -0.017651618667001524], [0.006716913457716478, -0.014725297802843897]]","[[0.0, 0.0], [0.0, 0.0]]",1865582.9617983608,34.32371674647303,692.154576006541,4.589040861781466,1848.1741504500985,53.42182573492411,0.0,300,0,True,False,True,True,False,False,True,False,0.9989379562850071,0.827288883234043,0.37980369605543884,1.0
pressure_negative_0109,random_pareto_sweep,blend_zero_new_best_econ_0.60,"[[-0.034938170940740795, 0.039430555963261046], [0.04111146577801783, 0.05274780473596469], [0.007027049745902014, 0.1620629538488393], [0.0527266848271041, 0.016243881220341327]]","[[0.0, 0.0], [0.0, 0.0]]",1886165.9329475998,103.49453283217576,687.4618498643838,51.436027833496375,1826.0043121284816,58.34370667683257,26.845147051407622,200,0,False,False,False,False,True,False,False,False,1.0099592357215827,1.476773101014953,13.837369447269424,0.6666666666666666
pressure_negative_0110,random_pareto_sweep,blend_zero_old_2000_last_0.40,"[[-0.02511320412591144, 0.009743236356513403], [-0.024828047561059954, -0.02974942386761517], [0.004783173691544772, 0.01046398894539501], [0.018067541969616095, 0.009942724807721879]]","[[-0.15746502702699955, -2.2606751784517316], [-3.0050536941002934, 1.110964064764611]]",1947155.8139662927,508.3027259608883,588.9814678049759,1047.5404180863538,1350.244397656267,106.22604437028971,0.0,300,0,False,False,False,False,False,False,False,False,1.0426166454141268,5.22610676061027,0.7552165002629218,1.0
pressure_negative_0111,random_pareto_sweep,new_300_last,"[[0.04362492510715268, 0.05541737889400194], [-0.030965866231159885, 0.029515554727764955], [-0.03305783643068208, -0.0922939437313412], [0.00616547022212292, -0.02354369398578804]]","[[-0.7629284913663359, 0.19143556768573552], [-0.49740361857237575, 0.4541307046336622]]",1850823.6243589332,47.8764241214315,711.6189560454545,9.47324470436908,1952.2037073810932,62.25566724100926,5.35511043115045,288,0,True,False,False,False,False,False,False,False,0.9910349776023276,0.9693653879080077,3.120163310548571,0.96
pressure_negative_0112,random_pareto_sweep,blend_zero_new_300_last_0.05,"[[0.02984312361750658, 0.037934434918061366], [-0.09448896176022599, -0.07655879132883235], [0.09272505073458862, 0.17707977217275628], [0.04803078172241872, -0.08974207207714328]]","[[0.0, 0.0], [0.0, 0.0]]",1893904.8801029816,165.63925599434805,671.7885509965024,116.37745407030518,1744.7009268651866,81.82385966873883,39.302626539360915,220,0,False,False,False,False,True,False,False,False,1.0141031029274359,2.0519540217527115,20.23304187779488,0.7333333333333333
pressure_negative_0113,random_pareto_sweep,blend_zero_new_best_econ_0.60,"[[0.03973283082628641, -0.07663886801111608], [-0.08095174571305996, 0.09882844031026586], [0.1191550812650145, 0.151214355812192], [0.1803930483252868, 0.013461943632259646]]","[[0.35653464092579334, -0.4912276293337957], [-0.5168178327594557, 0.24596510067815455]]",1943944.4758527433,440.5602616167986,610.9556484614697,865.5770332106913,1457.2244937266785,99.55177560334582,22.337685716654732,220,0,False,False,False,False,True,False,False,False,1.040897114523366,4.602671086781556,11.876608491621967,0.7333333333333333
pressure_negative_0114,random_pareto_sweep,new_300_last,"[[-0.017727466148399963, -0.0026429954740697544], [0.10725333647101948, 0.07590371449850358], [0.13298732484184317, -0.19315361063733666], [0.025339791722120083, 0.06946885223972069]]","[[-0.4202425811644595, 0.010849085529958093], [0.8139269843470319, 1.0112947023324503]]",1877414.5396268396,128.40310311177825,670.73995860731,66.28871123271259,1736.167609252002,87.9253501479283,0.0,300,0,False,False,False,False,False,False,False,False,1.005273247943232,1.6997230970017665,0.6251072947010959,1.0
pressure_negative_0115,random_pareto_sweep,blend_zero_old_2000_last_0.10,"[[0.05265572504935742, 0.055879785214231516], [0.03876257715147478, 0.03989796347392341], [0.03037425024513281, 0.16875701208064198], [0.11024665143680577, -0.10601538975982672]]","[[0.47245093072768335, 1.697136555754094], [0.28211105144855575, 0.3007015816143761]]",1843021.4068702227,96.76279908562105,728.7669433598029,36.66977871800393,2046.8543706808296,65.07991161549862,27.504227294513214,220,0,True,False,False,False,True,False,False,False,0.9868572319044624,1.4432685439348796,14.21480077242479,0.7333333333333333
pressure_negative_0116,random_pareto_sweep,blend_zero_new_best_econ_0.60,"[[0.01212405446770433, -0.2018244085799669], [-0.008039839390587401, -0.06682505744545707], [-0.11864479781925573, 0.14340182847395228], [0.05042075185344578, -0.0029831080944547807]]","[[0.0, 0.0], [0.0, 0.0]]",1872939.0818274256,53.510125714114395,705.7865752123613,15.058962395334706,1924.221240001251,60.62895282609165,28.681062528308075,240,0,False,False,False,False,True,False,False,False,1.0028768363340281,1.0183002453678804,14.771574195662586,0.8
pressure_negative_0117,random_pareto_sweep,blend_zero_old_2000_last_0.80,"[[-0.005756976240540404, -0.04292913705475386], [-0.013382985775503398, -0.0501628556371903], [0.01376246052072956, 0.1923627220422718], [-0.0323922473928551, 0.029171100909410663]]","[[2.722013023393454, 0.007984509940660852], [2.6728443387973893, 1.1253016874194786]]",1892455.0893686612,116.09047419974473,677.5388182493265,62.276918695372714,1774.4517846509248,101.2916117674622,24.994197307552355,215,0,False,False,False,False,True,False,False,False,1.0133268034956557,1.5884492839317061,13.21723369220757,0.7166666666666667
pressure_negative_0118,random_pareto_sweep,blend_zero_new_best_econ_0.40,"[[0.006142167251648434, -0.0013126136377317307], [-0.012480828797584212, 0.0015158309992870554], [0.017947229180400485, -0.0002622286199334115], [-0.006332456101237154, -0.005015650683555458]]","[[-1.0007257706525556, -1.0028817861712347], [0.5690383795006685, 2.2912980971358823]]",1898839.169840626,223.73808318768195,649.7835788130698,200.03110968901547,1632.8792292307176,75.37247348291581,0.0,300,0,False,False,False,True,False,False,False,False,1.0167451989409464,2.5843419520664845,0.5358623299715769,1.0
pressure_negative_0119,random_pareto_sweep,old_2000_last,"[[-0.06259261060899558, -0.013203798499593106], [-0.04653017773447562, -0.013375626095762913], [0.08022049980176772, -0.07113003243915086], [-0.08094326466400951, -0.04142770767168012]]","[[0.6561726522922997, 1.7635281048465248], [-2.644628391350894, 1.7825048075384056]]",1842044.6162630927,100.16378045132535,723.7336488198408,38.58762659346657,2019.2296914618819,132.6281271180888,0.0,300,0,True,False,False,False,False,False,False,False,0.9863342033215554,1.4717100400316432,0.9429227134674651,1.0
pressure_negative_0120,random_pareto_sweep,old_2000_last,"[[-0.03120953200462915, 0.07314943098048676], [-0.13234254267632045, 0.0004956697009070177], [0.02362707705890136, 0.11557510374984181], [-0.15852546226077655, 0.0030752548534904163]]","[[1.1658248046841893, 1.9307553637621315], [-0.8025441814625617, 1.3908397285331855]]",1842096.6759023003,100.16378045050533,723.7857500355801,38.587626592834745,2019.520068716169,135.0204232914963,4.52070590634392,299,0,True,False,False,False,False,False,False,False,0.9863620789779373,1.4717479262102726,3.2202837511857654,0.9966666666666667
pressure_negative_0121,random_pareto_sweep,blend_zero_new_best_econ_0.80,"[[-0.032864939397109334, 0.012246898401969011], [0.01917022507560212, -0.0051745277277487475], [-0.02421547155050217, 0.018859115122193265], [-0.023990176551155137, -0.003567028690218047]]","[[0.0, 0.0], [0.0, 0.0]]",1849743.1898330343,34.425106372876925,708.1779551928912,6.308758692451557,1932.6276048424809,46.58391072678813,4.9965128646355765,300,0,True,False,False,False,False,False,False,False,0.9904564522409248,0.8398975323731221,2.8294458146975865,1.0
pressure_negative_0122,random_pareto_sweep,blend_zero_old_2000_last_0.40,"[[-0.06266315595125325, -0.0684583688827855], [0.009891547876311092, 0.10063904776197492], [0.22874500006531473, -0.15074811997787746], [0.03153420177865781, -0.1086535026234292]]","[[-0.3373241090911619, -0.2946354295319981], [-0.038099469359901945, 0.16159879842935373]]",1903746.4962844127,273.3971679658315,640.485528585103,303.24450357028456,1587.0589534308417,108.49823139484579,16.964322265247915,280,0,False,False,False,False,False,False,False,False,1.019372857291693,3.0463080050156823,9.25353179868304,0.9333333333333333
pressure_negative_0123,random_pareto_sweep,new_best_econ,"[[0.02418506968042568, -0.00028837730913916217], [-0.06649455112202907, 0.036389307515509464], [-0.0026479331831513967, 0.058086739500734945], [-0.035386938973996834, -0.08011373636754973]]","[[0.2414132049240762, -0.2995046987592848], [-1.3055205264861498, 2.6366497000212337]]",1866641.247885665,48.925857420502155,688.7518783304959,9.654710955391977,1830.1956547993784,62.076431938050916,0.0,300,0,True,False,True,True,False,False,True,False,0.9995046221277297,0.962642745611407,0.4413338174736405,1.0
pressure_negative_0124,random_pareto_sweep,blend_zero_new_best_econ_0.60,"[[-0.036269712881412, 0.028501709804201143], [-0.09280103449433949, 0.06372953326906698], [0.03120965571086778, 0.04496155359055549], [0.02790585059748271, -0.008056175872818504]]","[[0.0, 0.0], [0.0, 0.0]]",1873704.2917274176,56.35414496406684,692.2147395622187,15.95361651115754,1850.460007256425,57.91187168347696,9.89573567339329,220,0,False,False,False,False,True,False,False,False,1.0032865727163172,1.0352757010306979,5.359593617466689,0.7333333333333333
pressure_negative_0125,random_pareto_sweep,blend_zero_new_300_last_0.20,"[[0.018588382027643163, 0.046228767829759314], [-0.01485723686150711, -0.02391385690040974], [0.023683594540840073, -0.01932364363584544], [0.013459289441382886, -0.05305960946677105]]","[[0.0, 0.0], [0.0, 0.0]]",1873703.354817238,79.07346365478261,682.7506524205368,24.571184677519284,1799.1203146187709,65.9831896257192,4.995791234989895,280,0,False,False,False,False,False,False,False,False,1.0032860710419562,1.242839186168522,2.9670046184063823,0.9333333333333333
pressure_negative_0126,random_pareto_sweep,blend_zero_new_best_econ_0.80,"[[0.04433450377030481, -0.04928280844833403], [0.03353071552532104, -0.026636783651763737], [0.0008252588100154959, 0.07084722078953236], [0.04037436170114743, 0.039793599401109644]]","[[-0.49293748749627286, -0.36106113511429533], [-0.12725052670330753, -1.1772753071459467]]",1898150.1274378703,167.4030524990923,687.1975652668068,119.69852659874664,1821.9665513311722,49.53582099672937,31.161705967059532,20,0,False,False,False,False,True,False,False,False,1.0163762469169961,2.079807222974592,15.933029039717958,0.06666666666666667
pressure_negative_0127,random_pareto_sweep,zero_residual_profile,"[[-0.054457073189491195, 0.0783759767397799], [0.03524193790100401, -0.0600696627769337], [0.0589960845362904, 0.07232630598237696], [-0.07685457897914108, -0.04930242553824185]]","[[-1.1137043406353675, 0.11124926490903267], [-1.418074019039723, -0.7701779805736635]]",1847784.437678604,67.38834951806034,719.8886061743265,20.850247742947545,1994.5266303020799,104.23556009715344,49.93051338077308,23,0,True,False,False,False,True,False,False,False,0.9894076262631568,1.1595499547845316,25.706321797029396,0.07666666666666666
pressure_negative_0128,random_pareto_sweep,blend_zero_old_2000_last_0.40,"[[-0.02450661363165198, 0.0034222779706254126], [0.008514291891698153, 0.008047306968396447], [0.0002472226381051866, -0.030821459930027887], [-0.012399073277857019, -0.00814613344636969]]","[[0.0, 0.0], [0.0, 0.0]]",1859347.2977337,17.59304816087653,696.0864912159598,1.781070200232999,1868.1311458607538,57.66481876235869,2.5837843653449966,300,0,True,False,False,False,False,False,False,False,0.9955990313246142,0.6722288814766627,1.7018615350301627,1.0
pressure_negative_0129,random_pareto_sweep,blend_zero_new_best_econ_0.10,"[[0.028510827447420378, 0.016241924253691996], [-0.01975035559697389, 0.013568057505932672], [0.012806047353314726, -0.0161213494590313], [0.016977318452708782, -0.0032075327189052673]]","[[0.3254427354217864, -0.3415164437787416], [-0.05617962747494926, -1.078628218332693]]",1910441.8564741528,222.88120172879053,669.0489053710867,213.65692635002813,1730.1699067390018,68.87765334940747,13.203470887343826,0,0,False,False,False,False,True,False,False,False,1.0229579293905953,2.590263004669408,7.091422700852799,0.0
pressure_negative_0130,random_pareto_sweep,new_best_econ,"[[-0.004345063450892596, 0.016644884394822795], [0.03571419244288725, -0.1154585614426325], [-0.0894283021882052, -0.22099444596162093], [0.05647422584904071, -0.12122100237467665]]","[[0.3011764194462601, -0.6020084569180296], [-0.03258080907034552, 0.8351402103938745]]",1922595.6734850134,231.16800476390196,650.5225809742074,284.9722161882141,1645.4130582702453,68.07401530229708,0.0,300,0,False,False,True,True,False,False,False,False,1.0294657660156616,2.655009635675374,0.4839737740420313,1.0
pressure_negative_0131,random_pareto_sweep,blend_zero_new_best_econ_0.80,"[[0.17143146799843165, 0.09873230940269509], [0.03374931388188395, -0.10051063888453776], [0.07186216253910531, -0.015802122874684087], [0.056052827527284445, -0.06328434548521167]]","[[0.0, 0.0], [0.0, 0.0]]",1896286.5321572884,190.72205577812917,658.6259161434707,145.54789838340758,1677.0958222510149,59.254085491403686,9.873230940269508,280,0,False,False,False,False,False,False,False,False,1.0153783732769346,2.279136720162563,5.357883750775107,0.9333333333333333
pressure_negative_0132,random_pareto_sweep,blend_zero_new_300_last_0.40,"[[0.02462780914938584, 0.04937227144602482], [-0.05791949845248994, -0.13432844521102028], [0.16247850398997948, 0.2489254169023358], [0.04474207112023787, -0.13239920947301106]]","[[0.0, 0.0], [0.0, 0.0]]",1897789.9624764118,206.06240103682848,665.8458540877728,174.98524630327375,1713.7728232320092,85.36991156619303,55.46813942909759,220,0,False,False,False,False,True,False,False,False,1.0161833943567553,2.429182833825374,28.341009060007543,0.7333333333333333
pressure_negative_0133,random_pareto_sweep,blend_zero_new_300_last_0.60,"[[0.026822312233625717, -0.024257812690837124], [-0.0024866564169780244, 0.003918641288879381], [0.017291569025717494, -0.006872021888007587], [-0.03127629382643849, 0.012423951189058048]]","[[0.0, 0.0], [0.0, 0.0]]",1853227.7052356717,33.036697768499934,699.0832486237791,5.258995615145735,1882.9702883065477,63.145711031468494,2.026123376681653,300,0,True,False,False,False,False,False,False,False,0.9923222576037691,0.8201791252930274,1.4619975700683159,1.0
pressure_negative_0134,random_pareto_sweep,blend_zero_new_best_econ_0.80,"[[0.020262004565321564, -0.023724561471353534], [-0.042288639736294716, 0.05132128402736094], [0.01937479239072305, 0.024518429970094128], [0.07510575739973066, -0.052742116715928655]]","[[0.0, 0.0], [0.0, 0.0]]",1892396.7399244981,121.88014140374065,675.7247808791336,78.74148614667656,1767.0909054950014,58.10176506108749,10.2642568054722,280,0,False,False,False,False,False,False,False,False,1.013295559924238,1.6417782847989573,5.545204234832185,0.9333333333333333
pressure_negative_0135,random_pareto_sweep,blend_zero_old_2000_last_0.60,"[[-0.011286264755224838, 0.015662730705449], [-0.0037479844180796813, -0.019850656149943795], [0.0013154335037532316, 0.003406775416135759], [0.018693641257926608, 0.007862818062948487]]","[[0.0, 0.0], [0.0, 0.0]]",1870317.6535141047,47.366267829275316,690.3093737751876,9.755136299260368,1839.0869975867045,67.00435089897312,4.327381029932155,299,0,False,False,False,False,False,False,False,False,1.0014731763009561,0.9490544875165597,2.640059485384638,0.9966666666666667
pressure_negative_0136,random_pareto_sweep,blend_zero_new_best_econ_0.60,"[[0.06710911473866094, 0.031641956617580416], [0.01892334696464928, -0.004397952549058856], [-0.06305618656735676, -0.01080861116609828], [0.005070001670262835, 0.011472823722233115]]","[[-0.34607703584643357, -0.34153780360450564], [0.7254283398715794, 0.3854907945965743]]",1880096.674521105,94.91729276700751,678.8017286361194,38.134577486557376,1779.6561341580348,46.32077617649031,2.8909660184365293,300,0,False,False,False,False,False,False,False,False,1.0067094136912165,1.389516028360831,1.7748016304739695,1.0
pressure_negative_0137,random_pareto_sweep,new_300_last,"[[-0.007815418842666424, -0.002144223379044735], [-0.002054278933497971, 0.0006314824456276598], [0.009453661844772263, 0.05069985492199663], [0.0037951312232530486, 0.013251963008505015]]","[[0.0, 0.0], [0.0, 0.0]]",1862522.8200076418,18.119647115219923,699.4132536938757,1.3097881155837015,1886.5400542189573,61.72410598882564,10.46492460571423,240,0,True,False,False,False,True,False,False,False,0.9972993844021376,0.679618503391627,5.671291250909108,0.8
pressure_negative_0138,random_pareto_sweep,blend_zero_old_2000_last_0.80,"[[-0.19959075861197934, 0.15193876756455124], [-0.2771955630625928, 0.09379989450534133], [-0.0008648626012240202, -0.23499712152446164], [0.04461378272397865, 0.11508397491520586]]","[[-0.6175141685085925, -2.792084632831533], [1.0377960335055962, 2.6246308791694437]]",1945292.484856846,479.65182321141305,597.0433250049987,983.4585360417,1390.8355904229802,156.7366836532035,7.479548710157502,299,0,False,False,False,False,False,False,False,False,1.0416189142970487,4.961535977838386,4.854097404506881,0.9966666666666667
pressure_negative_0139,random_pareto_sweep,blend_zero_new_best_econ_0.80,"[[0.11295808542274591, -0.19878758296013463], [-0.15148944072109338, -0.08459677417973405], [-0.15929754512801433, 0.004418991955603911], [0.03934158051805228, -0.14302532832423676]]","[[0.0, 0.0], [0.0, 0.0]]",1866739.3756632472,49.88819505526216,705.1631248669521,13.00533181926746,1920.7510944312878,85.63511565562175,0.8853376982563645,300,0,True,False,False,False,False,False,False,False,0.9995571652542484,0.9836598428585188,1.0514936691469683,1.0
pressure_negative_0140,random_pareto_sweep,blend_zero_new_300_last_0.40,"[[-0.027407956242185158, -0.008626099299199207], [-0.09749005878265159, -0.016613107814353708], [0.0003692487065162882, 0.008437379761409479], [0.0189438456010087, 0.012212087161528613]]","[[0.501015996655124, -0.047749036654822184], [0.15879744541583837, -0.09308553133205921]]",1875667.0130246142,53.21926942013576,691.9701918967709,16.535818910562643,1849.016439461257,66.11368721197107,3.161685968379288,300,0,False,False,False,False,False,False,False,False,1.0043375239961725,1.0055080891829262,2.0508797606853637,1.0
pressure_negative_0141,random_pareto_sweep,new_best_econ,"[[0.026143983345880212, -0.027761297208510262], [0.01930734504960953, 0.0014127685755022756], [-0.015196733826007162, -0.016407141607333035], [-0.025406049620784344, -0.0822900586044507]]","[[0.42483512622424685, -0.26572845115339744], [0.9476918127383337, -0.18986797392481655]]",1872357.7497891926,74.32016396057077,684.6333772009145,21.57417151098256,1808.768983366214,44.21032866511888,7.088063165581502,300,0,False,False,False,False,False,False,False,False,1.002565558492149,1.1993423045028169,3.858345929031088,1.0
pressure_negative_0142,random_pareto_sweep,blend_zero_old_2000_last_0.60,"[[-0.08751096421946959, -0.09936849198426649], [-0.17339224032296624, 0.1532627892393128], [0.13710673907686619, 0.0600745162884758], [-0.08960888077757799, 0.181126768155912]]","[[0.0, 0.0], [0.0, 0.0]]",1848423.9411106613,65.8799907644249,723.759975517238,21.030574976656048,2016.0177383828086,134.0058100881581,36.75069685516408,20,0,True,False,False,False,True,False,False,False,0.9897500523382967,1.1481278279542535,19.32806580974206,0.06666666666666667
pressure_negative_0143,random_pareto_sweep,blend_zero_new_best_econ_0.40,"[[0.0718629540218038, 0.03294552922404361], [0.11005515693772967, 0.012436113015950979], [-0.01985153997893624, -0.03059024417298979], [-0.09234980885953135, -0.013929788640310223]]","[[0.010154003280202906, -0.4974672219081646], [0.11343650900636862, 0.5064068525976866]]",1865238.0284954305,98.20158078634921,676.2714844849145,48.277046022031115,1762.1965194347063,60.633575192407534,1.3602331011430806,300,0,True,False,False,False,False,False,False,False,0.9987532596107023,1.4186761982283773,1.1111923448994907,1.0
pressure_negative_0144,random_pareto_sweep,blend_zero_new_300_last_0.05,"[[0.003334703392667183, -0.015939153065624122], [0.017343636282240255, -0.06263809637488361], [0.007656914177302901, 0.05140643961889198], [-0.03016746774663694, -0.00482738909402732]]","[[0.5181871212794897, 0.2362255071776505], [0.07615018627365965, 0.39863628058464007]]",1845781.1603048872,60.34613759723412,708.0951982121801,18.44858479525245,1930.8869448154292,74.69063150334989,0.0,300,0,True,False,False,True,False,False,False,False,0.988334958980838,1.0845034466682675,0.5310147587700633,1.0
pressure_negative_0145,random_pareto_sweep,blend_zero_new_300_last_0.05,"[[0.00033501418143484405, 0.06359728977647028], [0.0030269386731348225, 0.003905641969794087], [-0.03420936099146551, -0.010869006546068476], [0.022947553635996192, -0.026709137007197452]]","[[2.056116761212467, 0.06357184304418845], [-0.5041869039395154, -2.78773190661147]]",1926816.2965431625,173.0724500388573,707.7295357610453,177.06886404550852,1933.7892988397168,90.92835513517326,37.36668986468791,0,0,False,False,False,False,True,False,False,False,1.0317257247836664,2.1482502474880985,19.329802159918703,0.0
pressure_negative_0146,random_pareto_sweep,blend_zero_old_2000_last_0.05,"[[0.03306375544415224, -0.08908662495505502], [0.05672662243486094, 0.03828477629460546], [0.05661579712736728, 0.029176254591667096], [0.03268413544056593, 0.026036044935086947]]","[[0.0, 0.0], [0.0, 0.0]]",1888558.3397865228,156.85241191948933,668.319728643032,96.97984908076765,1724.7848711933025,70.58292409929572,5.053350765412432,280,0,False,False,False,False,False,False,False,False,1.0112402647871421,1.9664934486670038,3.028486301418186,0.9333333333333333
pressure_negative_0147,random_pareto_sweep,blend_zero_new_best_econ_0.80,"[[-0.15010594336215147, -0.07360079001897717], [-0.012982017167255326, 0.03881369233081794], [0.03246816532288501, 0.11171058114560313], [0.1148495298580351, -0.08723851082937929]]","[[-0.09412351917678333, 0.16089568452424738], [-1.7043560382358454, 1.2056220198198422]]",1892835.7247183186,115.48855603789488,680.2140343714981,77.38460681532459,1792.7232447463894,70.4844334112322,0.0,300,0,False,False,False,True,False,False,False,False,1.013530617052095,1.5847131607836569,0.5011106969048909,1.0
pressure_negative_0148,random_pareto_sweep,blend_zero_new_300_last_0.20,"[[0.05664086773974752, -0.0595703275413406], [0.19273697552302282, -0.03474311704861944], [0.013251938582805775, -0.048711581039762725], [0.16519918374433396, -0.010498470630588038]]","[[0.29256972873053827, -0.027174032567035968], [0.5551954861787315, 1.269241614713976]]",1940525.2095339636,372.239167160549,619.6981103764253,639.881562390015,1498.196757184986,102.58039444781659,0.0,300,0,False,False,False,False,False,False,False,False,1.039066247186765,3.964152135371363,0.7292976684740201,1.0
pressure_negative_0149,random_pareto_sweep,blend_zero_new_300_last_0.20,"[[0.00583800439362832, 0.008531354180954078], [0.06552147504157589, -0.029959886751646122], [-0.013915877985583051, -0.07687214745633207], [-0.05919339313199869, -0.025890000134898523]]","[[0.0, 0.0], [0.0, 0.0]]",1846896.6673045605,59.02742171149957,703.4749181314198,16.80342252056529,1905.599842520896,70.36882548274127,1.2260498701093638,300,0,True,False,False,False,False,False,False,False,0.9889322641156367,1.068696509217952,1.1133137147388465,1.0
pressure_negative_0150,random_pareto_sweep,zero_residual_profile,"[[0.11266103486291923, 0.0028149910224203063], [-0.044252646553883224, 0.11249328357046429], [-0.09933271267246865, 0.03920303980575231], [0.22726589908933315, 0.02053556822514575]]","[[0.0, 0.0], [0.0, 0.0]]",1936407.651403174,284.9097910644096,646.2824463139644,495.622442891604,1632.1361862397514,103.45944880482816,20.164366653185994,220,0,False,False,False,False,True,False,False,False,1.036861475172718,3.159189850892855,10.817730652191864,0.7333333333333333
pressure_negative_0151,random_pareto_sweep,blend_zero_old_2000_last_0.05,"[[-0.03772356740962734, -0.09615653911218297], [-0.01499356004675666, -0.0562368382923191], [-0.10110326867032556, 0.18921688303996062], [0.046649281674950735, 0.05723951080293524]]","[[-0.2065549763983574, 0.1362763114857336], [-0.13451524213033014, 0.21923181238833]]",1866678.6441549137,41.2501782513899,712.9227568043816,9.274480703158094,1961.3922673913578,72.43531536021092,29.341462724161914,240,0,True,False,False,False,True,False,False,False,0.999524646191811,0.9077689761268118,15.18571189897347,0.8
pressure_negative_0152,random_pareto_sweep,blend_zero_old_2000_last_0.20,"[[0.017084544297908212, -0.019133013043210096], [-0.06646493614608996, 0.007311852848275385], [-0.010213474390364947, -0.09451861238543792], [0.025383088444435875, 0.048267105612138775]]","[[0.0, 0.0], [0.0, 0.0]]",1874448.8190268755,56.58789532961939,690.8587396318392,15.359131302048308,1841.9795570479332,61.36796647180478,6.289081130868908,100,0,False,False,False,False,True,False,False,False,1.003685234471998,1.0364960121522917,3.5808375314170378,0.3333333333333333
pressure_negative_0153,random_pareto_sweep,blend_zero_new_300_last_0.80,"[[-0.010774237930981354, -0.02218842060878483], [0.004172838129740142, 0.004046363611167102], [-0.01622592669573498, -0.0034985976400768023], [-0.03957331333778714, 0.01852753495666493]]","[[0.0, 0.0], [0.0, 0.0]]",1845539.6917544522,48.70313407434163,711.1429392681335,13.830995096731089,1947.8869758003439,62.99215664206261,2.6621305798006745,300,0,True,False,False,False,False,False,False,False,0.9882056631493376,0.976822479943025,1.7789094731723811,1.0
pressure_negative_0154,random_pareto_sweep,blend_zero_new_300_last_0.80,"[[-0.028533868425955584, -0.011647071989231468], [-0.005591823070350545, -0.00022581693921660273], [0.009594650310450236, 0.028781501669724405], [0.014654218855387124, 0.019243290862924898]]","[[-0.01835359780949767, 0.5045559531275277], [0.5365046429808283, 0.32428291898301764]]",1842780.560871673,89.13929970209759,720.6938033312011,32.15012976196485,2001.6086822707794,62.22455463846842,0.0,300,0,True,False,True,True,False,False,True,False,0.9867282694222265,1.3654405690503284,0.4423868992115696,1.0
pressure_negative_0155,random_pareto_sweep,blend_zero_new_300_last_0.80,"[[-0.042073007654732375, -0.013742705201524201], [0.038981051036794966, -0.0010673209535279873], [0.05684343167252817, 0.06576183143721406], [0.059958523433860315, 0.060277028224014345]]","[[0.0, 0.0], [0.0, 0.0]]",1891540.9567017702,136.26887919887875,677.4898421673311,84.39581058423234,1773.6451825162858,69.55325133370789,7.242050752944863,40,0,False,False,False,False,True,False,False,False,1.0128373254950862,1.778875672186194,4.115515813027195,0.13333333333333333
pressure_negative_0156,random_pareto_sweep,blend_zero_new_300_last_0.20,"[[-0.005749422641116724, 0.026494739312545028], [0.00921484020236927, 0.04035618743211784], [0.003544602905362231, 0.04895605507185815], [0.003550424510341025, 0.0004496059230747273]]","[[0.0, 0.0], [0.0, 0.0]]",1868358.3955957417,53.02369820820755,691.2875980710483,10.841480263880074,1843.426892852488,65.39488857282427,7.469690942823604,220,0,False,False,False,False,True,False,False,False,1.0004240795087567,1.0031657531219103,4.1997719324865885,0.7333333333333333
pressure_negative_0157,random_pareto_sweep,blend_zero_new_best_econ_0.80,"[[-0.01810955670274906, -0.002548793265262582], [-0.002992719884792573, 0.039125909033619906], [0.0776782334247115, 0.018407327759920347], [0.09874455426786793, 0.04485972090165308]]","[[0.8529701393543866, 0.9991444916706672], [0.5934456722995404, 0.012837226828999612]]",1842729.1451159196,96.74582865939283,725.3677987682955,36.36826366531418,2027.6474088283258,54.35065606074119,9.399720235253909,295,0,True,False,False,False,False,False,False,False,0.9867007385372297,1.4406366223754636,5.086267354199787,0.9833333333333333
pressure_negative_0158,random_pareto_sweep,blend_zero_new_best_econ_0.20,"[[-0.010834662702796025, 0.028803475178069544], [0.08369872476355232, 0.02168845611072258], [0.022726593593440546, 0.002569892715854616], [-0.016394553131560623, -0.00810672533219589]]","[[-0.11985688926540089, 0.026306037955690316], [-0.4326888302032543, 0.3583155332365776]]",1861486.7725369707,46.579706606806454,688.7860570238652,11.782302909563079,1828.6486714498062,69.93743150620065,1.167424399043881,300,0,True,False,False,False,False,False,False,False,0.9967446263644845,0.940522509853797,1.080933973829704,1.0
pressure_negative_0159,random_pareto_sweep,blend_zero_new_best_econ_0.20,"[[0.032489956919135116, 0.0040672904939142085], [0.011487085665584712, -0.003071006443400761], [0.01056037359389045, 0.006279303049984288], [0.0011652877450297468, 0.0027550738455425893]]","[[0.0, 0.0], [0.0, 0.0]]",1868883.1595510477,63.791315653104974,685.5965093777747,15.784151008109507,1813.068353435575,61.138916271001136,1.387082274833972,300,0,False,False,False,False,False,False,False,False,1.0007050676201297,1.1006618856289514,1.1282096657404166,1.0
pressure_negative_0160,random_pareto_sweep,old_2000_last,"[[-0.025189424087521176, -0.019143056556162996], [-0.0020657683007711015, 0.01791561022074514], [0.011825058840965439, 0.0034406227356093668], [0.010578710939157979, -0.01384172313256739]]","[[-0.7921081694359263, -0.580655102361298], [-0.5607830306388295, 0.38205411184188715]]",1887689.7549192975,144.68358331586904,667.594327176125,87.61679751245538,1722.8004429239245,107.11697418487921,0.0,300,0,False,False,False,False,False,False,False,False,1.0107751756381236,1.8511055725492735,0.761550586225953,1.0
pressure_negative_0161,random_pareto_sweep,zero_residual_profile,"[[0.012221224001478861, -0.036793099796049285], [-0.029671333721032065, 0.013264308805129908], [-0.055573392833321016, 0.024492587151996092], [-0.0364663428704558, 0.016866897838499567]]","[[0.0, 0.0], [0.0, 0.0]]",1848071.3284989118,45.15466087952507,710.2684387196393,10.054174987521378,1943.3041949082317,65.45945008087111,3.211827646549267,300,0,True,False,False,False,False,False,False,False,0.9895612437305028,0.942692880342192,2.07129928587252,1.0
pressure_negative_0162,random_pareto_sweep,blend_zero_new_best_econ_0.40,"[[0.008535378444350082, -0.004135443271037879], [0.002595646449236866, -0.01823372552656474], [0.015610822189930007, -0.02896715675940762], [0.024832745257974805, -0.008185006132203652]]","[[0.0, 0.0], [0.0, 0.0]]",1876075.1951879305,80.65832706845515,681.7957508739153,26.757827717104092,1794.771427180413,56.243707515862155,0.0,300,0,False,False,True,True,False,False,False,False,1.004556087664669,1.25710418667423,0.3998659293372025,1.0
pressure_negative_0163,random_pareto_sweep,reference_q_zero,"[[-0.006734265280915312, 0.19076359704420265], [0.12213561293133422, -0.0798145704786435], [-0.00849898009367489, 0.012103793966357433], [0.15263031999864396, 0.0437517713367115]]","[[-0.07583555378195865, 1.9568881285174866], [0.005558026196211523, -0.5924959069472621]]",1850200.86302648,96.9536294448896,780.9439060720252,36.75794220355054,2345.918831241791,43.89628121211996,39.96618894668538,0,0,True,False,False,False,True,False,False,False,0.9907015161881568,1.4830110400590608,20.295176092008763,0.0
pressure_negative_0164,random_pareto_sweep,blend_zero_old_2000_last_0.80,"[[-0.0276882576918081, -0.07010479980213825], [-0.03751876541632396, 0.07492101378251616], [-0.01032996302837483, 0.03522058342780492], [-0.12393782589504172, 0.028415565448293958]]","[[0.0, 0.0], [0.0, 0.0]]",1844515.2790550406,72.1461537003803,721.0220354942019,26.164955862150993,2002.2679754557726,106.41574947828212,12.143219799155418,220,0,True,False,False,False,True,False,False,False,0.9876571350220459,1.2052825959089437,6.8281751126595,0.7333333333333333
pressure_negative_0165,random_pareto_sweep,blend_zero_new_300_last_0.80,"[[0.024301756134819306, -0.031394245474785185], [-0.09661853720724374, -0.1469857516107135], [0.022389270706805763, 0.1613440960225359], [0.02031664767410382, -0.1382761606092826]]","[[0.0, 0.0], [0.0, 0.0]]",1870376.0690284583,43.42189925803558,698.1538085592227,9.171912503993237,1881.154702738612,71.8198854532391,32.26881920450717,240,0,False,False,False,False,True,False,False,False,1.001504455250067,0.9175281755541622,16.6450147260988,0.8
pressure_negative_0166,random_pareto_sweep,blend_zero_old_2000_last_0.10,"[[0.04320218130371152, 0.030336658870586328], [-0.14929112670549619, 0.027262110221422844], [-0.050173970475204194, -0.07108643707243495], [-0.009423670518678186, 0.02054855545150058]]","[[0.0, 0.0], [0.0, 0.0]]",1855806.0020296432,26.329578156585136,708.3661411655794,2.9668301219831537,1934.5662987637647,76.83619907906103,5.417659124390752,299,0,True,False,False,False,False,False,False,False,0.993702822597557,0.7636214712978429,3.2550982828842114,0.9966666666666667
pressure_negative_0167,random_pareto_sweep,blend_zero_new_300_last_0.20,"[[-0.030224453729918097, 0.02128940921638357], [-0.003303983182608734, -0.0019166899928571425], [-0.0341617541082665, -0.002934332602571732], [0.012271710320227518, -0.026728201757039622]]","[[-0.3218778069161534, 0.4273365432456522], [-1.101128384489278, 0.1733403743718545]]",1843170.9853129312,85.34525926009248,719.7391765884533,30.908192039212928,1996.098938294468,66.00125042742047,2.310054452923964,300,0,True,False,False,False,False,False,False,False,0.9869373246084179,1.328934819117586,1.624264631057595,1.0
pressure_negative_0168,random_pareto_sweep,old_2000_last,"[[0.08097175790366462, 0.07199715695503309], [0.019490336026926125, -0.015084038806542294], [-0.03179012782738155, -0.015146289695282103], [0.02719036239589531, -0.04036219027297081]]","[[0.0, 0.0], [0.0, 0.0]]",1870833.7218474245,43.02946696225584,691.3170920260275,8.90970618366116,1844.6286790158213,126.11364273757545,10.491092617323972,281,0,False,False,False,False,False,False,False,False,1.0017495082876575,0.9088526235453074,6.1421541459233975,0.9366666666666666
pressure_negative_0169,random_pareto_sweep,old_2000_last,"[[-0.0061883235127395035, -0.13443948032833053], [-0.13447447463164128, 0.07765655517115755], [-0.005974617896044362, 0.0876830896064053], [-0.05336342491593496, 0.08306235475398316]]","[[0.0, 0.0], [0.0, 0.0]]",1844991.2515683004,77.93185768636386,728.7264375711213,25.882928255811585,2044.886999080304,134.9746074559995,9.230569185802437,20,0,True,False,False,False,True,False,False,False,0.9879119974534573,1.265495665431955,5.574889662181119,0.06666666666666667
pressure_negative_0170,random_pareto_sweep,reference_q_zero,"[[-0.020049923940119226, -0.05985271777116183], [0.09946797792908058, -0.004819090677924354], [0.0322257044341098, -0.026843456643539966], [-0.05259639109899116, -0.01169402554589676]]","[[0.0, 0.0], [0.0, 0.0]]",1906631.8334496447,233.56419855781456,690.5730952275638,218.6048868044457,1837.7130856070255,27.158227089727177,9.220742415649653,0,0,False,False,False,False,True,False,False,False,1.0209178289547336,2.706750412484874,4.803453246581284,0.0
pressure_negative_0171,random_pareto_sweep,blend_zero_old_2000_last_0.05,"[[0.0128798535706247, 0.014385504738406432], [-0.023060307638652605, -0.019266641409390887], [-0.021677925792113008, -0.02664291511383291], [0.015909197497408073, 0.005801001833275107]]","[[1.0277384293093093, -0.44713600207677784], [1.0259063779694788, -0.724620740325658]]",1940966.0026073423,326.99698567833116,648.5272873247533,513.6691554159527,1632.3772211469027,90.46279219179775,18.590186465459453,0,0,False,False,False,False,True,False,False,False,1.039302272569116,3.5580791569284953,9.938240529874207,0.0
pressure_negative_0172,random_pareto_sweep,reference_q_zero,"[[-0.01624802317113074, -0.0440569876501926], [0.00724249951885395, -0.022025136416224646], [-0.021460003081967084, -0.02745028434348795], [0.015547101254757261, 0.014229273031350942]]","[[0.3282290565702005, -1.9340027961029274], [-0.502558534102977, -0.7782679699217663]]",1954289.5270019849,528.596836261502,633.0335172464813,1115.8329832221084,1547.582410960576,49.79874123393236,23.655118402964803,0,0,False,False,False,False,True,False,False,False,1.0464364362604843,5.449694007107169,12.18160449513082,0.0
pressure_negative_0173,random_pareto_sweep,blend_zero_old_2000_last_0.05,"[[0.020340436128363823, 0.01982133381663], [-0.016856245444352217, 0.01996935809245999], [-0.0008817027421559414, -0.006491937917940299], [-0.014170229736378367, -0.011198715887231042]]","[[0.0, 0.0], [0.0, 0.0]]",1861754.1336942296,32.954715657280815,692.5977010551794,5.268610569770672,1849.4498529366576,65.04119257466442,2.1763070829200046,300,0,True,False,False,False,False,False,False,False,0.9968877865527426,0.8146892401969219,1.5505653927187995,1.0
pressure_negative_0174,random_pareto_sweep,blend_zero_old_2000_last_0.05,"[[-0.07210621147987926, -0.027361505470462424], [-0.021424454337091038, 0.014587197828259946], [-0.07012259926314353, 0.04388165233616967], [0.14520881320393145, -0.13136281090041632]]","[[-0.6551933401617445, 2.9976988121188963], [1.5025638300222581, 1.4164835281773962]]",1841864.694081306,100.16378044783019,723.9557165206779,38.587626590773574,2020.4674932207258,53.99970946901021,0.0,300,0,True,False,True,True,False,False,True,False,0.986237862874497,1.471871519883167,0.3839121737249457,1.0
pressure_negative_0175,random_pareto_sweep,zero_residual_profile,"[[-0.02863134067868141, -0.14517054137653987], [0.07817402280478174, 0.04910546048087855], [0.12859973646782838, -0.02108297133561673], [-0.01417791462003969, 0.017004552856063573]]","[[1.104084200607562, -0.030743343259245798], [-1.5879559019305445, -3.1269086289810994]]",1932248.061028859,333.01882351612744,664.217003088906,462.7856247179461,1704.3722044560066,104.65381494486908,77.52154324802578,20,0,False,False,False,False,True,False,False,False,1.0346341967334385,3.6263277124295015,39.50481032309423,0.06666666666666667
pressure_negative_0176,random_pareto_sweep,blend_zero_new_best_econ_0.60,"[[-0.01364737118783534, 0.144771298327407], [0.1674684666741395, 0.03553762106700964], [0.19620056638422478, -0.004294108295674489], [0.09533035516427812, -0.04512308889064273]]","[[-1.0302644735621562, 0.6435461299734558], [-0.32081621956900813, -0.4007193898775982]]",1869913.7158756698,83.91599592942016,686.6758372525205,29.74121597438636,1818.1688740827358,80.74615548653131,16.934163498673655,200,0,False,False,False,False,True,False,False,False,1.001256885389607,1.2914016347236597,9.041148394835298,0.6666666666666666
pressure_negative_0177,random_pareto_sweep,old_2000_last,"[[-0.020435943653628302, 0.17634923105597428], [0.20937788508227176, -0.16608668758020834], [-0.03544479959762824, -0.10343577700936986], [0.09883377412115198, 0.028659354729392673]]","[[0.0, 0.0], [0.0, 0.0]]",1901916.252228112,157.78067633613543,670.4893440261196,125.01414466094754,1740.3685460480774,144.13514224258313,23.79223550035738,280,0,False,False,False,False,False,False,False,False,1.0183928417713208,1.9768329148124153,12.92084985175158,0.9333333333333333
pressure_negative_0178,random_pareto_sweep,blend_zero_old_2000_last_0.40,"[[-0.13334587390164487, -0.0033394339414405416], [0.10416054795295171, 0.06630645350183421], [-0.09235447929601516, -0.015671291634179706], [-0.06007597329593607, 0.08555507801814352]]","[[0.170139193768977, -0.383897779865718], [0.017078971770394503, -1.303682764534242]]",1865816.6614074646,17.71553868091635,724.96910232502,1.5703050891697399,2023.052288619859,91.95065555153985,28.87157959486558,0,0,True,False,False,False,True,False,False,False,0.9990630921887343,0.694387484717401,15.089515093278765,0.0
pressure_negative_0179,random_pareto_sweep,blend_zero_new_best_econ_0.05,"[[0.0036443725826309573, 0.08456753684533225], [-0.19413141205973408, -0.038115530770242934], [0.10096857385188218, -0.14514533243732722], [0.02291828347841731, 0.006597450310600346]]","[[-0.08580029918753514, 0.42747987658234426], [-0.6631743340246723, -0.11044160327542932]]",1851038.267256344,29.79153136866479,709.1612086919856,4.858930929063591,1938.1279794433267,103.80227993494168,12.156520604109119,280,0,True,False,False,False,False,False,False,False,0.991149909471701,0.7968766562753771,6.816244993440701,0.9333333333333333
pressure_negative_0180,random_pareto_sweep,blend_zero_old_2000_last_0.05,"[[-0.009114500216810211, -0.0027782362541020045], [0.01696812897925676, 0.011083229701643462], [-0.014973646170573524, 0.002733984066544249], [0.02980883228201048, -0.016627313975946106]]","[[-0.031502507918388475, -0.8153288111247003], [0.7053814271561022, -0.38717595044409164]]",1929966.6710481998,321.5422126755335,641.2980236171876,449.19933748638414,1594.831296979504,78.88131876455694,13.363766675220376,20,0,False,False,False,False,True,False,False,False,1.0334126123325111,3.5013352168102836,7.242691883637102,0.06666666666666667
pressure_negative_0181,random_pareto_sweep,blend_zero_old_2000_last_0.10,"[[-0.012427532160950223, -0.012510093037915204], [0.024262465009309335, 0.019877692069558486], [0.0041733179792796575, 0.015223010996126397], [-0.0057710556051279996, -0.00016735255437779837]]","[[-1.0401199967510286, 2.2277345174067795], [-0.47375125247973654, 0.030762846024501505]]",1842321.1837417856,99.96969818772821,725.6351361612185,38.44754739661448,2029.640390011586,57.35117992321756,5.046205005093839,300,0,True,False,False,False,False,False,False,False,0.9864822930916689,1.4712608116799548,2.930842032379921,1.0
pressure_negative_0182,random_pareto_sweep,blend_zero_new_best_econ_0.80,"[[0.03793640103271672, 0.0011932210594791008], [-0.014895415714265512, -0.0015011723904235735], [0.044690917677879194, -0.03314261110683527], [-0.006311850363663239, 0.0005143363668737679]]","[[0.0, 0.0], [0.0, 0.0]]",1863970.6420434038,47.08561260419171,688.8987613943216,9.620706843572854,1830.1451889563582,56.43574353091165,0.17075574263526505,300,0,True,False,False,True,False,False,False,False,0.9980746296820765,0.945379662037763,0.4866090851109197,1.0
pressure_negative_0183,random_pareto_sweep,blend_zero_new_300_last_0.20,"[[-0.0207345369351737, -0.010613337794781866], [0.022716596977002596, -0.0006625211872402025], [-0.00969288379231413, 0.024530694912131907], [0.031023542657845217, 0.02510764921815521]]","[[0.9068680351573595, 0.12056984600001103], [-0.13381353244803929, 0.3591739806654186]]",1877005.6953160432,63.85740825788929,685.8792275720475,19.607615631588967,1816.7337470787184,70.22697289894981,0.0,300,0,False,False,True,True,False,False,False,False,1.0050543297237646,1.1014913101037749,0.4992802754842831,1.0
pressure_negative_0184,random_pareto_sweep,blend_zero_new_300_last_0.60,"[[0.05036495336790562, -0.028572478546413222], [0.010971997930996576, 0.046328003460852925], [-0.05801435729799266, 0.0006172728713069908], [-0.05571948265253577, -0.04917902484634055]]","[[-0.16101131431906732, -0.32420906248420306], [0.025777281662479622, -0.5734813641332148]]",1860652.0765556516,27.398732333578124,700.9295882383904,4.517753798705671,1893.2400891045609,51.83729712249627,19.408930196518384,220,0,True,False,False,False,True,False,False,False,0.9962976832294044,0.7683055117326035,10.073003551780767,0.7333333333333333
pressure_negative_0185,random_pareto_sweep,new_300_last,"[[0.0226277352391662, -0.0015840808197602313], [-0.004052979866004166, 0.007468807064311388], [-0.0405693883766309, 0.010736349131957349], [0.06203771607489727, -0.0024535244222944077]]","[[2.467999002296943, 1.4624517666512025], [-3.2334103178753257, 0.8450982564941203]]",1842002.6019247393,100.16377954844123,723.7954123226841,38.587625897803576,2019.5739220413413,61.52081498548736,1.0388670239837552,300,0,True,False,False,False,False,False,False,False,0.9863117064837579,1.47175494377386,0.9568171579902527,1.0
pressure_negative_0186,random_pareto_sweep,old_2000_last,"[[0.05143860290483349, 0.012448820935189302], [-0.023092038265434992, 0.005636592488372279], [-0.02561374502682134, 0.024656073785377194], [-0.01911765176055851, 0.0014848726938404607]]","[[0.0, 0.0], [0.0, 0.0]]",1851288.374694077,31.428844904826686,707.26711945939,5.008552378469619,1927.726013112554,123.20088026170114,8.191668005356576,299,0,True,False,False,False,False,False,False,False,0.9912838310489327,0.8109537838665228,4.971733488271639,0.9966666666666667
pressure_negative_0187,random_pareto_sweep,blend_zero_new_300_last_0.05,"[[-0.12512806335226867, 0.011195924144437793], [0.09802337687226637, -0.05603514924222011], [0.15705436007190146, -0.07175004222282269], [-0.02380117228798793, -0.1079576720337252]]","[[0.0, 0.0], [0.0, 0.0]]",1871793.1372807308,131.4091178293893,669.851580930275,76.8422611794024,1730.4106824207843,115.15245069293366,1.2128210274472906,300,0,False,False,False,False,False,False,False,False,1.002263233226082,1.7274505802613436,1.4250895045920957,1.0
pressure_negative_0188,random_pareto_sweep,blend_zero_old_2000_last_0.20,"[[-0.08090313233274649, 0.1048755307022284], [-0.08809084804680989, -0.017308103431734913], [0.06323899235250176, -0.07234727607128007], [0.02833419534855432, 0.06107361001037853]]","[[0.8253946064101989, 2.641353579191411], [2.9226398311517197, -0.09295081955172452]]",1841966.8458343237,100.16378042284232,725.5433471018242,38.58762657152066,2029.3279762735115,68.38175425727599,11.61058255234559,280,0,True,False,False,False,False,False,False,False,0.9862925606635956,1.4730259892164017,6.29145292737764,0.9333333333333333
pressure_negative_0189,random_pareto_sweep,blend_zero_old_2000_last_0.40,"[[-0.053237784929923315, -0.09199801110736966], [0.09769641504287126, -0.13717755577909682], [-0.02525740379912024, 0.010268977095446595], [-0.05030025127187546, 0.02798202650191239]]","[[-0.6531084411410845, 1.5229977365727791], [0.3593754662182829, 2.1590036568170645]]",1842331.5089297737,98.06031100032655,722.960579114302,37.32596481385381,2014.752646478299,92.08961217187152,0.0,300,0,True,False,False,False,False,False,False,False,0.9864878217775533,1.4512934471776708,0.654713211127179,1.0
pressure_negative_0190,random_pareto_sweep,zero_residual_profile,"[[-0.004968464159420666, -0.035674497761891105], [-0.0323946938762348, -0.03671397380854206], [0.007586783325684793, -0.02724498959734919], [0.02511154731838766, 0.0006049312971190745]]","[[0.0, 0.0], [0.0, 0.0]]",1877009.009338891,81.04774685816363,681.8266334236605,27.772049880507915,1795.1981610945163,73.33620791584539,0.06049312971191512,300,0,False,False,False,True,False,False,False,False,1.0050561042378325,1.2608023389016065,0.5516320180475973,1.0
pressure_negative_0191,random_pareto_sweep,zero_residual_profile,"[[0.012445174965404125, -0.016089956390848228], [-0.019707560081397617, 0.023766998412106975], [0.007092423215500452, -0.004698588564965445], [0.012828659694674331, 0.00017863746221397227]]","[[0.0, 0.0], [0.0, 0.0]]",1873081.0746111933,72.44099228137259,683.8397451247628,20.664480861366606,1804.8284585428576,70.36655524099157,4.771263428642783,300,0,False,False,False,False,False,False,False,False,1.002952867249902,1.1810278842600024,2.885904353669736,1.0
pressure_negative_0192,random_pareto_sweep,blend_zero_old_2000_last_0.20,"[[0.04035485578274812, 0.03671117495130682], [0.057342587757502284, -0.04203118535820724], [0.05378177006394311, 0.09232199254557202], [-0.012934648962092855, 0.0017353033571061204]]","[[0.0, 0.0], [0.0, 0.0]]",1869601.0849530096,92.14408075130356,683.2114421718713,35.687423011705214,1799.52329050849,63.98843358818118,22.6202610528986,220,0,False,False,False,False,True,False,False,False,1.0010894852249677,1.3665465397424192,11.765057763533623,0.7333333333333333
pressure_negative_0193,random_pareto_sweep,blend_zero_old_2000_last_0.05,"[[0.10601851245212622, -0.022521931891292663], [0.006314056861878469, -0.033033847188590225], [0.007165058432384798, -0.0887048348642152], [0.03424772783275041, 0.016173704174616905]]","[[0.0, 0.0], [0.0, 0.0]]",1884725.0766064904,125.88231628226042,672.3761396945567,63.18762060636447,1745.827304806892,58.671211387656854,1.6173704174617,300,0,False,False,False,False,False,False,False,False,1.009187720266006,1.6771194091282604,1.2258095325540683,1.0
pressure_negative_0194,random_pareto_sweep,blend_zero_new_300_last_0.40,"[[0.20744513948094576, 0.14855214886442983], [-0.15051279426706532, -0.053673806034330286], [0.04214507405553378, -0.007028192201435019], [-0.13994057182824213, 0.03853159514734912]]","[[-0.37984305392617, 1.7520050779898866], [-1.9006326046949633, -1.5420139468447625]]",1847392.1198127153,99.05587355799547,759.3491582919571,37.847717945740115,2218.7291296906124,111.14512936014296,42.92524250732879,14,0,True,False,False,False,True,False,False,False,0.9891975572310152,1.4871509705644144,22.25281010155219,0.04666666666666667
pressure_negative_0195,random_pareto_sweep,blend_zero_new_300_last_0.05,"[[0.054186539030368734, -0.04786963630371962], [0.001203870324195586, -0.0690789586764539], [-0.00906099131527397, 0.0418461392812063], [-0.021747924956807243, -0.01245173529719014]]","[[0.8790554581071692, 0.036462445858566436], [-0.5011538833252991, -0.1573859749589958]]",1863169.8383111022,51.85349944034048,689.9681890390063,12.45586639710174,1835.0966797648555,60.508434258217704,11.912504875555356,240,0,True,False,False,False,True,False,False,False,0.9976458343617335,0.9911609325655879,6.386438539762111,0.8
pressure_negative_0196,random_pareto_sweep,blend_zero_new_best_econ_0.20,"[[-0.07987138105832811, -0.05070798460701062], [0.06801698695232267, -0.0071241212193302525], [0.09453650880506032, -0.004767391924802796], [-0.0017989348095747968, 0.03204470792710617]]","[[-0.07347973209142752, 2.2290583402727213], [1.447019091245426, -1.700537528320201]]",1845585.4446221846,100.16373492544975,751.5287166751082,38.58759151621946,2173.8675249503267,57.341589101864514,30.767478444812184,17,0,True,False,False,False,True,False,False,False,0.9882301618058555,1.4919212139427867,15.791410566074582,0.056666666666666664
pressure_negative_0197,random_pareto_sweep,blend_zero_new_best_econ_0.80,"[[-0.16436062817487562, 0.12421386186275805], [-0.026231452558099517, -0.09044532262960452], [0.019710325087120232, -0.020276935566381823], [0.1538465314028524, 0.034062202849120995]]","[[1.6393074271390682, 1.1754076414459487], [2.12919520922243, 0.9130236193706827]]",1841851.3264864527,100.16378043059464,725.050798036018,38.58762657749374,2026.577010186541,46.89291186942779,7.8562680894224,282,0,True,False,False,False,False,False,False,False,0.9862307051130055,1.4726678247930538,4.261520277805952,0.94
pressure_negative_0198,random_pareto_sweep,blend_zero_old_2000_last_0.10,"[[0.016765146472670182, 0.12391720620880294], [-0.009089614008213873, 0.0033246516344661576], [0.17215769172969148, 0.16219241279552313], [-0.0008175806923322827, -0.045355157730561674]]","[[0.47337188129604446, -0.48280906528491685], [0.49754486807189086, -0.032562689831553915]]",1939414.5975910816,417.6959000017139,621.0564997881437,720.7582499592218,1497.9775904211542,99.0356393335478,55.42500269580515,220,0,False,False,False,False,True,False,False,False,1.0384715631404555,4.394201588289312,28.416597498542085,0.7333333333333333
pressure_negative_0199,random_pareto_sweep,new_300_last,"[[0.002580846571744703, 0.00530848091279215], [-0.00750790133840462, 0.018076513772190352], [0.02577664784621978, 0.019397953873108255], [-0.005524967704279895, 0.01511643008376744]]","[[0.0, 0.0], [0.0, 0.0]]",1860409.1148872527,18.963018139593157,698.066872648563,1.865854801745372,1878.8212121788777,64.88108654042736,3.701671935035563,300,0,True,False,False,False,False,False,False,False,0.9961675878986387,0.6865999591292236,2.3121095412518504,1.0
pressure_negative_0200,random_pareto_sweep,blend_zero_new_300_last_0.40,"[[0.03363646892488729, 0.007306582047847409], [0.12967740010346537, 0.072863543163928], [0.035557507846726205, 0.012458525064408983], [0.008186112752900909, -0.05018447018165539]]","[[-0.07157552725564557, -3.158308917313476], [-0.8164826884091236, -0.37141954968663893]]",1949697.388174895,553.2272508335559,579.6385960570017,1193.0198726453268,1303.4621772571968,93.32294828024382,19.999337952156708,293,0,False,False,False,False,False,False,False,False,1.043977547072041,5.643351170515601,10.663150618572194,0.9766666666666667
pressure_negative_0201,random_pareto_sweep,blend_zero_old_2000_last_0.05,"[[-0.010771327674272899, -0.03308617990940724], [-0.01707569071907002, 0.0861946914061931], [0.03310726407453015, -0.028015038844907487], [-0.0034173894180981666, -0.0014156667826133451]]","[[0.0, 0.0], [0.0, 0.0]]",1868339.9146562023,64.25017146591252,686.5557439730287,16.338740352604663,1818.2406323992977,73.87487828643734,17.23893828123863,280,0,False,False,False,False,False,False,False,False,1.00041418377517,1.1056905029430353,9.144684283172781,0.9333333333333333
pressure_negative_0202,random_pareto_sweep,blend_zero_new_best_econ_0.10,"[[0.05052620101633565, -0.020989218875840803], [-0.054734819351543576, -0.0021570172034721348], [0.0059004876564561805, -0.09863521120969176], [-0.002037317890859651, 0.04339899671741302]]","[[1.8766642234682687, 2.1734010371262804], [4.20012890387149, 1.1372343926618966]]",1842182.8893862169,100.16367898743425,723.56241573948,38.5875484264767,2018.2754908492548,70.55635820340558,0.0,300,0,True,False,False,True,False,False,False,False,0.9864082425220903,1.4715845676018142,0.5016220478654704,1.0
pressure_negative_0203,random_pareto_sweep,blend_zero_new_300_last_0.10,"[[0.0486870146715666, -0.027961821669749688], [0.005384315974748467, -0.032386382153915684], [0.019899227878144084, -0.03259545440099101], [-0.034346424993085885, 0.02067366465527522]]","[[0.0, 0.0], [0.0, 0.0]]",1857112.122937567,44.31694319069847,692.9168929896806,10.879304526217465,1849.7444210332537,69.92863597228384,2.0673664655275275,300,0,True,False,False,False,False,False,False,False,0.9944021931305966,0.9221683058742625,1.5308424750212943,1.0
pressure_negative_0204,random_pareto_sweep,blend_zero_new_300_last_0.40,"[[-0.07277784606560449, -0.05736332457307317], [-0.04414859530569872, 0.02072116647393191], [0.010946942353581795, 0.05326396858495996], [0.03764009114708856, 0.053595147809132895]]","[[0.0, 0.0], [0.0, 0.0]]",1878189.364073178,65.2146975213747,692.9734648591932,23.540864951670468,1854.1206073094354,70.86657859936585,5.359514780913287,40,0,False,False,False,False,True,False,False,False,1.005688132493935,1.119461313283152,3.1835849573465316,0.13333333333333333
pressure_negative_0205,random_pareto_sweep,blend_zero_new_best_econ_0.40,"[[-0.23457882425033968, -0.029046317414044988], [-0.0305790465651731, 0.11526828774815703], [0.15713949969507696, -0.14501793702102625], [0.1411167174149276, -0.1171445186026269]]","[[-0.1591032360662923, -0.7792086398584382], [0.32493898674628346, 0.33970121236330103]]",1942646.1090961744,431.50781194645106,609.3912386758905,837.2427434081537,1450.7880386344157,119.1756194351594,15.864658628891618,280,0,False,False,False,False,False,False,False,False,1.0402018959987152,4.51608831069446,8.779611115815982,0.9333333333333333
pressure_negative_0206,random_pareto_sweep,blend_zero_new_best_econ_0.20,"[[-0.02167276648889326, -0.001979135748622434], [-0.0015213582451321344, 0.08439977207342322], [-0.14171223913166092, -0.04784721744945517], [0.0002770421395898828, -0.05427851174577515]]","[[0.0, 0.0], [0.0, 0.0]]",1853865.453730877,54.72265140325186,713.837901794179,14.02498425341468,1965.1650867281483,72.08765868190898,16.87995441468462,280,0,True,False,False,False,False,False,False,False,0.9926637439870978,1.0355998011947163,8.952486071101958,0.9333333333333333
pressure_negative_0207,random_pareto_sweep,blend_zero_new_300_last_0.05,"[[-0.022659736698436784, -0.008288245832693608], [-0.0003718173322794696, -0.0870159782667211], [0.023077695898063934, -0.02255006147233972], [0.06307675374055256, 0.029552673782123735]]","[[0.0, 0.0], [0.0, 0.0]]",1893812.1650326713,143.09767962638915,670.6047475095941,93.93549508299908,1739.1788415428116,77.43603008436702,2.955267378212369,300,0,False,False,False,False,False,False,False,False,1.0140534580685638,1.83832545452993,2.0281669220929386,1.0
pressure_negative_0208,random_pareto_sweep,blend_zero_new_best_econ_0.80,"[[-0.007427732823748531, -0.024849169749148185], [-0.014103824178586521, 0.025042108490171834], [0.029749811558449905, -0.022962665896089196], [-0.00916555336634567, -0.0015239134404789836]]","[[0.0, 0.0], [0.0, 0.0]]",1860239.3464969557,22.583404106837488,695.065849408548,2.732200725741712,1862.8891878836278,53.29211616841346,5.00842169803434,300,0,True,False,False,False,False,False,False,False,0.9960766843621476,0.7185901907046661,2.883092371932759,1.0
pressure_negative_0209,random_pareto_sweep,zero_residual_profile,"[[0.008313319398662346, -0.0028343619108766407], [-0.007315134380950612, 0.01689141719432959], [0.005704118527315151, -0.012940332439029199], [0.0007544579336447667, 0.007663380453123856]]","[[1.8218352839309155, -0.9159110944494451], [-0.7862743593825039, -0.3530699892194852]]",1946302.0281822698,491.84395815951393,593.8784892845244,1004.1242333304584,1374.3960180392708,113.92139168214925,8.888211787940577,289,0,False,False,False,False,False,False,False,False,1.042159480525906,5.074314995515137,5.254032642549636,0.9633333333333334
pressure_negative_0210,random_pareto_sweep,blend_zero_new_best_econ_0.40,"[[-0.00287145293276328, -0.020160499156057807], [0.025318672531136364, 0.01766703275517584], [-0.006113557226030145, 0.01283421298027707], [0.004457983260076758, 0.014396559618627494]]","[[-0.08705779185869303, 0.935463149417477], [-0.9426564017732, -3.749896086123594]]",1852359.155029294,93.91702237653014,787.6575337314746,35.17905270715036,2386.203509979011,55.256342914806226,45.52207695139677,0,0,True,False,False,False,True,False,False,False,0.9918571870141163,1.4592307171315424,23.153884713745065,0.0
pressure_negative_0211,random_pareto_sweep,new_best_econ,"[[-0.0030523992855453676, 0.0031942112751665794], [0.08418740613124923, 0.02913732203290495], [0.004076513961574467, -0.0016195638390718839], [0.05520916910848465, -0.029505522607871912]]","[[0.0, 0.0], [0.0, 0.0]]",1884550.3589298592,102.24470585638409,678.0635339438547,48.7188855265121,1777.0885193341933,57.889125505364376,5.5080432790643385,300,0,False,False,False,False,False,False,False,False,1.0090941666034807,1.458141978318708,3.1655857058269135,1.0
pressure_negative_0212,random_pareto_sweep,blend_zero_new_best_econ_0.20,"[[0.02837812097390608, 0.007849978740032274], [-0.014150465920078919, -0.002289100206366159], [0.010193015264125605, -0.005014378254445509], [-0.010689412434252017, -0.01308547371968663]]","[[-0.22687886738137308, -0.6680308775277028], [0.038820288263584815, -0.0906117193959541]]",1899840.9401135847,215.91484419275827,652.4438835008414,188.1466150125349,1646.6064385830641,70.48814629108642,1.6821822314413453,300,0,False,False,False,False,False,False,False,False,1.0172816030406986,2.5124336409469614,1.342228209430095,1.0
pressure_negative_0213,random_pareto_sweep,old_2000_last,"[[-0.016082417432098234, 0.009938533874435922], [0.037400113136794894, 0.035078273597023424], [0.027636425044988134, -0.012033513931786064], [-0.0283499167970621, -0.05219578206612187]]","[[0.0, 0.0], [0.0, 0.0]]",1852367.7441088608,31.461241741677092,700.3220636120707,4.7603298290885085,1889.8562073034598,117.16940063683964,9.3131782537817,279,0,True,False,False,False,False,False,False,False,0.9918617860899893,0.8062093721462632,5.48960766967307,0.93
pressure_negative_0214,random_pareto_sweep,blend_zero_new_best_econ_0.80,"[[-0.009488291907316891, -0.016740673064477823], [-0.021876942825948768, 0.00846071949460801], [0.027498154229359348, -0.008061477220122888], [-0.0043112674932516346, 0.021432636797781447]]","[[0.0, 0.0], [0.0, 0.0]]",1861973.850257719,24.766620665846084,695.8882599577342,2.699830643218012,1867.2655725046052,52.56241202364282,3.835407578699744,300,0,True,False,False,False,False,False,False,False,0.9970054351480548,0.7397953876939114,2.2913974639020216,1.0
pressure_negative_0215,random_pareto_sweep,old_2000_last,"[[-0.026477177090473387, -0.041838506961592345], [0.08117590984793584, -0.01125699069679908], [-0.09109072141999566, -0.017218516129512425], [0.05147842369624098, -0.1183721327765282]]","[[-0.9636400195626544, -0.20602948037928415], [-0.596693108738359, 0.822131556123213]]",1878546.0580714059,69.6969939502548,686.374063438157,27.44055177391359,1820.8877777443477,138.74464237537282,0.0,300,0,False,False,False,False,False,False,False,False,1.0058791265054077,1.1569704187920657,0.9864082190588112,1.0
pressure_negative_0216,random_pareto_sweep,blend_zero_new_best_econ_0.60,"[[0.028996692086464215, -0.07591825737699956], [-0.06920617135042649, -0.019948238766345827], [-0.01341165997666333, -0.08609756347733004], [0.04096704600872203, -0.05431602789407393]]","[[0.0, 0.0], [0.0, 0.0]]",1876676.670581541,57.791556914621964,687.4798150388456,19.91298372074979,1825.953200940367,60.37854144916591,0.0,300,0,False,False,True,True,False,False,False,False,1.0048781513909961,1.0454002206886037,0.4292626260775305,1.0
pressure_negative_0217,random_pareto_sweep,blend_zero_old_2000_last_0.60,"[[-0.0099638484686874, -0.02174470643176707], [-0.005786699765059684, -0.00931496016810726], [-0.006503188060075087, 0.01899359805632718], [-0.015706151852714654, 0.03470045999547752]]","[[-0.5082553109533469, -0.0005066162683078318], [-0.2450980567390099, -0.17186433576892732]]",1857399.7019794509,13.189321373246926,706.3847729147603,0.8320152631218523,1922.6305245872447,66.59909231393016,6.700173975783628,40,0,True,False,False,False,True,False,False,False,0.9945561791104498,0.638151083859576,3.8235747630996144,0.13333333333333333
pressure_negative_0218,random_pareto_sweep,blend_zero_new_300_last_0.80,"[[0.14998267972288107, 0.11905247049556421], [-0.040485633234184776, 0.018425522240455336], [-0.07820778736683622, -0.0991550312574695], [-0.11463009057286688, -0.04375733069841293]]","[[-0.06953055387114862, 2.274037686824287], [1.682866603611188, -0.8777761147899987]]",1842901.9528364213,100.10590811877378,730.4380990154556,38.54490149973101,2056.2095464200465,84.10099876280921,23.802210536291625,148,0,True,False,False,False,True,False,False,False,0.986793269501911,1.476039030990453,12.499023248908253,0.49333333333333335
pressure_negative_0219,random_pareto_sweep,blend_zero_new_best_econ_0.05,"[[-0.0698436454641393, 0.02299151532324133], [-0.11587141251037501, 0.05550770579413387], [-0.010679372894162025, 0.09156501602887004], [-0.0863482742788233, 0.045907311260391666]]","[[-0.6849217326060723, 0.2978739533558582], [0.3380686923884289, 0.8925639009829448]]",1842918.425096585,87.68388150639407,720.2584431398109,31.230779012943536,1999.1453758205205,87.2923211792299,0.0,300,0,True,False,False,False,False,False,False,False,0.9868020896756798,1.3513864395331736,0.620606760720569,1.0
pressure_negative_0220,random_pareto_sweep,blend_zero_new_best_econ_0.10,"[[-0.059389532895573506, -0.10038625836175148], [-0.13684914335223863, 0.14732243456394703], [-0.0778174284277866, 0.14802298689713073], [0.05250720408620666, 0.03299028815939605]]","[[-0.023206144255203176, -0.5538199372032157], [1.0440071799723003, -0.2159581638316958]]",1914346.272106568,185.6993893441697,679.0566496759435,201.494133097154,1786.340912023549,82.52328826593308,40.17216445907977,20,0,False,False,False,False,True,False,False,False,1.0250485729332295,2.2465847769013063,20.672783441317446,0.06666666666666667
pressure_negative_0221,random_pareto_sweep,blend_zero_new_best_econ_0.80,"[[-0.039916738936941344, 0.02999133877303256], [-0.0031992827814282623, 0.024445500587890228], [-0.022692992917709324, -0.0604560652340478], [0.08675369812571378, 0.07733057053817871]]","[[-0.15015898658053625, 0.6911637229482324], [-0.1769150187837066, -0.31627801817364876]]",1851056.9295484428,76.70346257974285,728.5720756180344,23.734366665479108,2045.1558636671573,52.30210561822088,20.57493405571745,60,0,True,False,False,False,True,False,False,False,0.9911599023116392,1.253788716884587,10.65931004804768,0.2
pressure_negative_0222,random_pareto_sweep,reference_q_zero,"[[-0.0023838840806936156, 0.08842126642569229], [-0.0699195955345001, 0.02590924413922509], [0.10355412996083076, 0.0014875372329430944], [-0.013200224613389811, -0.058387595879920984]]","[[0.0, 0.0], [0.0, 0.0]]",1923913.0580947527,300.09862793318837,678.0045407955818,383.95469085576883,1775.220767660691,35.77637915233578,14.680886230561327,0,0,False,False,False,False,True,False,False,False,1.0301711677676295,3.325623004999705,7.594796103906712,0.0
pressure_negative_0223,random_pareto_sweep,new_best_econ,"[[-0.009480855938998854, -0.12345022797926115], [0.15568946000974326, 0.11548853107256828], [-0.0031584749213130927, -0.11541489355869282], [0.15359070492426322, -0.03659317270471472]]","[[0.0, 0.0], [0.0, 0.0]]",1924284.7044148888,241.9058551662766,650.2354737602838,306.62340715795983,1644.263617471453,84.11753330456389,23.097706214513664,280,0,False,False,False,False,False,False,False,False,1.0303701680925144,2.7561543867603913,12.146888640723335,0.9333333333333333
pressure_negative_0224,random_pareto_sweep,new_best_econ,"[[-0.018770008198761665, 0.017784669105685543], [-0.0361667329766116, 0.003258453318211568], [0.09604504110430107, -0.017424303901344827], [0.01922147188098294, -0.07827636137342192]]","[[0.0, 0.0], [0.0, 0.0]]",1875045.337888014,90.0948020317697,680.3191233448356,33.90710676188739,1786.9988234186164,66.77464598215153,1.778466910568568,300,0,False,False,False,False,False,False,False,False,1.0040046441923016,1.3451004039069543,1.3639693333251366,1.0
pressure_negative_0225,random_pareto_sweep,blend_zero_new_300_last_0.40,"[[0.02101067299813002, -0.0024636059151781054], [0.012231587300416126, 0.013420248544220012], [-0.00904880679025434, 0.02183812871523704], [-0.015179697279861992, 0.015558684400550858]]","[[0.0, 0.0], [0.0, 0.0]]",1859112.328267412,20.888049422315863,697.8127266733059,2.6313743174672943,1876.8396666635904,57.41833986528184,3.3112256155024795,300,0,True,False,False,False,False,False,False,False,0.9954732154679896,0.7045853360648269,2.0638298127336205,1.0
pressure_negative_0226,random_pareto_sweep,blend_zero_new_best_econ_0.05,"[[-0.009239860047085218, 0.0009995194941319115], [-0.02149387403383534, 0.004951139693775883], [0.0008837566991917199, -0.010803071081449452], [-0.0011005593278059233, 0.002680089523358198]]","[[-1.5083279113423815, 3.518599558441511], [1.5886779903122776, 0.4096411584473267]]",1841913.3322368541,100.16378044877568,723.8956455258974,38.58762659150207,2020.132621024578,65.01912879508842,0.0,300,0,True,False,True,True,False,False,True,False,0.9862639064762534,1.4718278383604537,0.46225498831155354,1.0
pressure_negative_0227,random_pareto_sweep,blend_zero_new_best_econ_0.20,"[[-0.1979252476683778, -0.2557679737834006], [-0.039929106174990625, -0.1378564143602109], [-0.023660552444832925, 0.020565664059489883], [0.09204144983406114, -0.11382639842752136]]","[[0.0, 0.0], [0.0, 0.0]]",1893155.615635884,114.77889625217996,683.4181178642943,76.33133028031335,1809.9185145880008,91.40274749763722,4.1131328118979695,300,0,False,False,False,False,False,False,False,False,1.0137019046259903,1.5803446488291106,2.706396336911638,1.0
pressure_negative_0228,random_pareto_sweep,blend_zero_new_300_last_0.10,"[[0.035483644470075376, -0.015807773073644473], [0.01485654679911107, -0.0011933696112105719], [-0.006554848333335275, 0.012646306809350931], [-0.005983469583791791, -0.053239306743146565]]","[[1.8453876868195436, 2.83101141938392], [-0.026292372423266135, -1.938952202996837]]",1845992.5484937686,100.16373700123879,756.2743660056685,38.58759311558973,2201.3823479852654,70.63947200287416,32.13710707845826,5,0,True,False,False,False,True,False,False,False,0.9884481480963627,1.4953721041621473,16.570766486559325,0.016666666666666666
pressure_negative_0229,random_pareto_sweep,blend_zero_new_best_econ_0.40,"[[0.0011424515361312803, -0.10070382242851093], [0.16485747229738668, 0.2239502879643737], [0.047828070073017766, -0.0010863746698195904], [-0.12949669784744322, 0.15464338961560514]]","[[0.0, 0.0], [0.0, 0.0]]",1849679.309048947,92.83731514676714,713.6384689976528,37.74353539758498,1959.367839285489,92.79808898870064,60.254983788471634,80,0,True,False,False,False,True,False,False,False,0.9904222468792717,1.3952153841321122,30.787242037551284,0.26666666666666666
pressure_negative_0230,random_pareto_sweep,blend_zero_new_best_econ_0.60,"[[0.009623481773490754, -0.011714230579783711], [0.0029375034624363706, -0.0288493370169132], [0.021741743785048683, -0.002088220822713464], [0.023176017212680238, -0.004022723556832388]]","[[1.1396354595272147, -1.3137599310346373], [-0.7296335597988429, 0.0015707791238052135]]",1946418.708267401,496.05429667587435,592.0765979565358,1016.3426346140809,1365.787420321385,94.50891681619493,0.0,300,0,False,False,False,False,False,False,False,False,1.0422219576004543,5.112745698705556,0.6719133130173213,1.0
pressure_negative_0231,random_pareto_sweep,blend_zero_old_2000_last_0.05,"[[0.012122418368935656, -0.17060969402177592], [-0.023080586548801654, 0.07952302186437134], [-0.03783380345239026, -0.02247317542133216], [0.01624060508427266, -0.012596043254699905]]","[[0.0, 0.0], [0.0, 0.0]]",1869885.4961651852,41.19956736016671,692.0402706328144,7.900832322357567,1848.357803326066,66.26010852112802,15.904604372874246,280,0,False,False,False,False,False,False,False,False,1.0012417749707752,0.892106249455326,8.42337994859056,0.9333333333333333
pressure_negative_0232,random_pareto_sweep,new_best_econ,"[[-0.0018471641367575774, -0.017003992672117267], [0.0018453120028635475, -0.024072004297909056], [-0.02066991062920813, -0.029202670597035612], [-0.021335584751148, 0.027146751679996126]]","[[0.0, 0.0], [0.0, 0.0]]",1850312.5742189046,33.729961583685345,708.983291029658,6.02249469492227,1936.7588591531305,43.45779125614527,2.7146751679996157,300,0,True,False,False,False,False,False,False,False,0.9907613326383173,0.8339217404512658,1.666301748260847,1.0
pressure_negative_0233,random_pareto_sweep,blend_zero_new_best_econ_0.10,"[[-0.08363014199559217, 0.07595337457632192], [-0.10260820009313157, 0.003922792776175646], [0.005285130986894881, 0.23278053364265916], [0.06304252879801651, -0.059290401432927346]]","[[-0.8148180452421475, -0.42124102128436336], [-0.11844877955664687, -0.20854411357097552]]",1898578.4067852707,167.62396595835634,676.9731004106706,134.49901265463677,1773.7838592701771,89.47147480047525,56.59355638729892,220,0,False,False,False,False,True,False,False,False,1.0166055717472353,2.074457529496877,28.9328776970503,0.7333333333333333
pressure_negative_0234,random_pareto_sweep,blend_zero_new_best_econ_0.20,"[[-0.016637834916493736, -0.06521161327966216], [0.07019780267750061, -0.07113042992383097], [-0.010010640481124954, 0.052291529588034895], [-0.001509242857292631, -0.04896970834513845]]","[[0.0, 0.0], [0.0, 0.0]]",1866496.6930218465,49.37290506675456,690.8228644788477,9.602196441187044,1840.4408404163996,63.91893695331339,10.458305917606992,240,0,True,False,False,False,True,False,False,False,0.9994272193302177,0.9683683337324464,5.6835861079673275,0.8
pressure_negative_0235,random_pareto_sweep,blend_zero_old_2000_last_0.05,"[[0.009491819717623851, 0.07205383891200084], [-0.0218897749185933, -0.0362908347366612], [-0.02738818141734366, -0.009626328476162897], [-0.004548244739566431, -0.04153488683008866]]","[[0.0, 0.0], [0.0, 0.0]]",1862673.1055212214,22.285424157369068,695.8564863620646,2.0886183201845627,1867.4054755760567,64.44428340387532,7.369952737291129,280,0,True,False,False,False,False,False,False,False,0.9973798557115721,0.7163525105560611,4.1431444804559945,0.9333333333333333
pressure_negative_0236,random_pareto_sweep,blend_zero_new_best_econ_0.60,"[[0.037966688572923415, 0.0691260321204113], [0.038338714613156, 0.08549496279636919], [0.09254268171456338, 0.047558258538946345], [0.03531900732122927, -0.010261608596868373]]","[[0.0, 0.0], [0.0, 0.0]]",1888403.8172258502,159.15177523596452,669.063757291078,101.11492958613312,1729.309665133294,60.74354447430849,10.186389347232705,200,0,False,False,False,False,True,False,False,False,1.0111575247245883,1.9887379470180078,5.5250522970776945,0.6666666666666666
pressure_negative_0237,random_pareto_sweep,new_best_econ,"[[-0.004409491651726368, 0.009111608746731538], [0.02915573389422805, 0.006005868748823596], [0.028886874041868627, -0.024834756243027337], [0.047947531791954046, 0.021742203969775314]]","[[0.0, 0.0], [0.0, 0.0]]",1882707.6643376276,97.12455110404554,680.4314680257993,43.42121916723889,1788.7323967234313,50.522775867284565,3.0853812716507036,300,0,False,False,False,False,False,False,False,False,1.0081074843664994,1.4115352147208418,1.9018834703156697,1.0
pressure_negative_0238,random_pareto_sweep,new_best_econ,"[[-0.0584317442994686, -0.014430743938474691], [0.07221251982011898, -0.09335300904474825], [0.028022888747940247, 0.026608807992257694], [0.09846129084110813, -0.07914777098611182]]","[[0.0, 0.0], [0.0, 0.0]]",1901814.0222516903,159.83739144693337,666.952456248301,133.27546836835037,1723.7136229410235,60.976377036974185,5.3217615984515305,300,0,False,False,False,False,False,False,False,False,1.018338102097016,1.993674147281821,3.0943937511347213,1.0
pressure_negative_0239,random_pareto_sweep,blend_zero_old_2000_last_0.10,"[[-0.022350472995592743, -0.06110021934798966], [-0.05439260187334626, 0.02017611737269612], [-0.05561659573906778, 0.037014216682645776], [-0.033148302348487674, -0.060651690292432385]]","[[-0.1386766309655097, 0.01710505916639919], [0.348103730918042, 0.5412107258084743]]",1846183.770041823,55.34214825640798,712.0012372384504,14.4258887156331,1953.3083013398348,60.38711852598493,0.0,300,0,True,False,True,True,False,False,True,False,0.9885505388591015,1.040111613343648,0.42932360500201316,1.0
pressure_negative_0240,random_pareto_sweep,blend_zero_new_best_econ_0.20,"[[-0.015504765429471549, -0.05221110077880793], [0.003804723946125811, 0.02353247930520359], [-0.07303626529859752, -0.04453041485037926], [-0.035959344798147046, -0.010391109436018828]]","[[-0.8025666007292087, -0.7898593485972123], [-0.1669444057557312, -0.08782640206992834]]",1883583.442635699,129.31557085085365,671.2489568020562,66.89035548521855,1740.4372959355514,71.1032908521866,6.226153293875541,300,0,False,False,False,False,False,False,False,False,1.008576425282636,1.7087059169607177,3.618587125021466,1.0
pressure_negative_0241,random_pareto_sweep,blend_zero_old_2000_last_0.60,"[[-0.03033744213237824, -0.020052190870954466], [-0.019664897351107283, 0.007594074164464572], [-0.033078944221178096, 0.07389181500041368], [0.024410231986678615, -0.0403556760320661]]","[[0.6073607372488905, -0.30019121445817554], [0.3836693488602867, 0.020927237891238803]]",1900730.0896927756,148.4860238423032,671.4266571371456,114.59832157790676,1745.8474939568987,71.74460170386533,15.184576119530504,240,0,False,False,False,False,True,False,False,False,1.0177577036921606,1.889783175444377,8.102357952066587,0.8
pressure_negative_0242,random_pareto_sweep,blend_zero_new_best_econ_0.80,"[[0.14915665164487663, 0.1290891452639408], [0.019697930459260035, -0.026228262101606056], [0.050660590967945576, -0.018045002712716605], [0.1680307105978335, 0.0078470078177012]]","[[-1.819553377798061, 0.8348386921399843], [-1.2300168039592538, 1.6472223782816204]]",1871112.2949344893,44.03238084125513,694.2244197756236,10.37218172007341,1861.3912985135478,70.6079658097878,4.67280263498597,280,0,False,False,False,False,False,False,False,False,1.0018986719732008,0.9204331373999136,2.838390270820388,0.9333333333333333
pressure_negative_0243,random_pareto_sweep,new_best_econ,"[[0.012724144897325033, 0.11502237584974535], [-0.21522470646236364, 0.2018265543792186], [-0.04252851971981095, 0.01410953821621393], [0.057144922551634385, 0.07261290561155535]]","[[0.0, 0.0], [0.0, 0.0]]",1874665.257927431,66.89410937868948,712.232297343261,21.391543478816125,1959.5177704709959,94.17686224103238,33.30245620878196,60,0,False,False,False,False,True,False,False,False,1.0038011280223835,1.149317469518336,17.320780667785765,0.2
pressure_negative_0244,random_pareto_sweep,blend_zero_new_best_econ_0.60,"[[0.01802157680475312, -0.03611500251536525], [0.052222053567756825, -0.011486882169544377], [0.029910880304034704, 0.000535868862388768], [0.021221805152051593, -0.013769578217315882]]","[[0.7895015557949443, 0.21933408370850468], [0.4679713206507831, -1.0820384357365351]]",1869800.1342072184,50.494721089679054,706.9284966747066,9.830413570748409,1925.2257258234163,48.56443852159896,18.14861630782886,20,0,False,False,False,False,True,False,False,False,1.0011960673814684,0.9906684998861829,9.419578144103143,0.06666666666666667
pressure_negative_0245,random_pareto_sweep,blend_zero_new_best_econ_0.40,"[[0.008211032701165915, 0.004472298128794144], [0.01922314427435701, -0.007318084902749091], [0.0009757421006926117, 0.023624535288299837], [-0.04557378006890714, 0.011787010032766825]]","[[0.0, 0.0], [0.0, 0.0]]",1848011.6295623428,45.571930473475575,704.1927433971405,10.246307093999143,1909.8427795060288,58.53171643741695,3.99343586726269,300,0,True,False,False,False,False,False,False,False,0.9895292775650146,0.9422134137813436,2.4128505149045227,1.0
pressure_negative_0246,random_pareto_sweep,blend_zero_new_300_last_0.80,"[[0.043787048188047434, 0.04340339492229221], [-0.004368563524658343, -0.0346540275994104], [-0.031761701556116496, 0.041892667443406854], [-0.002107340685634535, -0.05230911098652942]]","[[0.0, 0.0], [0.0, 0.0]]",1859134.4140522403,5.679364148419218,702.3696703827306,0.28923277807923836,1902.1751845681279,54.76065933748043,14.21053078896648,220,0,True,False,False,False,True,False,False,False,0.9954850414383223,0.5643456856562821,7.494587558761334,0.7333333333333333
pressure_negative_0247,random_pareto_sweep,blend_zero_new_300_last_0.05,"[[-0.027338921113211193, 0.016519387782799086], [0.06198534535345618, -0.06544622384267426], [-0.0022568690256422465, -0.008534707310943485], [0.01898714378139803, 0.06195799992102174]]","[[0.0, 0.0], [0.0, 0.0]]",1876538.979229302,83.2385224559273,685.651751957105,27.512020064589176,1813.5681098007963,73.49498752992898,7.940967383385612,100,0,False,False,False,False,True,False,False,False,1.0048044237032865,1.284262349409546,4.492997992194653,0.3333333333333333
pressure_negative_0248,random_pareto_sweep,blend_zero_new_best_econ_0.20,"[[0.10315237749937015, -0.018637706395678272], [-0.013744699289312358, 0.04184493689849223], [0.03448170778897882, 0.05823526073671226], [0.056128052640121676, -0.09819723056156512]]","[[0.0, 0.0], [0.0, 0.0]]",1894231.3200410348,162.49074109964647,667.0296200884491,110.27145126582909,1720.2855140238257,62.15254447748555,11.647052147342436,220,0,False,False,False,False,True,False,False,False,1.01427789721493,2.0187749674042927,6.265401014990697,0.7333333333333333
pressure_negative_0249,random_pareto_sweep,blend_zero_new_best_econ_0.80,"[[-0.01800690317885067, -0.0704684693779271], [0.0303646112493222, 0.008297765745102565], [-0.08228915824071223, 0.01757324307909903], [-0.002825447369514562, 0.025820714137720243]]","[[-1.1562669396867102, -0.8072553248226071], [0.028237644871570565, 0.22193769813718806]]",1886422.519366856,131.76481769759633,670.6096543041515,74.18509272041322,1738.3537481685612,62.68475805105618,0.1801109281246056,300,0,False,False,False,True,False,False,False,False,1.0100966265096156,1.731359241226695,0.5357141899970068,1.0
pressure_negative_0250,random_pareto_sweep,zero_residual_profile,"[[-0.009535993890405143, -0.021165977449825957], [-0.017570163400274088, 0.12538623927534664], [-0.03853625757491044, -0.027898600427309628], [0.16469270541840741, 0.021050665123027626]]","[[-0.4550194446005738, 0.45453075390254855], [-0.10548113968534072, -0.21989792474470368]]",1892544.4500846905,108.32783772003171,689.8708116889784,69.84572847263559,1842.4021545383066,83.23324825681786,35.67178908944123,80,0,False,False,False,False,True,False,False,False,1.013374652244744,1.5241459086911078,18.427643233346455,0.26666666666666666
pressure_negative_0251,random_pareto_sweep,new_best_econ,"[[0.056640135265924485, 0.09729894374492075], [0.04349196795199464, -0.04444445237930986], [0.06113544202582081, 0.12092153926844607], [0.013473804351755339, 0.1801642604346506]]","[[0.12574326550890894, 0.06861856448381237], [-0.6256193927974958, -0.045036097904302554]]",1874529.8681099948,82.84240760304463,699.2150478448168,26.891491630219495,1883.386923488872,51.9556628629565,29.429284626226888,20,0,False,False,False,False,True,False,False,False,1.0037286327057446,1.2903862154159111,15.084022290583231,0.06666666666666667
pressure_negative_0252,random_pareto_sweep,new_best_econ,"[[0.011059324267058359, -0.020804256063326438], [0.016883850935234743, 0.0010653745177555552], [0.038684594554938424, 0.03315561905328656], [0.008357664379242062, -0.06836064456509992]]","[[-0.04044322684756588, -0.17126042434969385], [-0.24420582803276825, 0.772029024000262]]",1878685.0139526164,104.13120205066008,676.520505913029,43.837939190258396,1767.3527574222712,52.413980147603326,0.0,300,0,False,False,True,True,False,False,False,False,1.0059535312929901,1.4748263962388446,0.3726383947230406,1.0
pressure_negative_0253,random_pareto_sweep,blend_zero_new_300_last_0.40,"[[0.04443934035776709, -0.010750015443072544], [0.06191179850137532, 0.0073796981769372735], [-0.019022291832309888, 0.03381059215063302], [-0.04411577469454449, 0.02522642640034325]]","[[0.0, 0.0], [0.0, 0.0]]",1849205.9042061355,47.31746011434441,704.0569813375207,10.940308268911862,1908.813417955013,55.97438386237528,4.239475790092314,240,0,True,False,False,False,True,False,False,False,0.9901687593229116,0.9585905768335853,2.517689061688108,0.8
pressure_negative_0254,random_pareto_sweep,blend_zero_new_best_econ_0.10,"[[-0.030956847873780443, 0.035506817643827036], [-0.04531557464752526, -0.028628332581061934], [-0.026446252957287204, -0.053602588618683916], [0.05078311416928314, -0.048452623809489864]]","[[0.0, 0.0], [0.0, 0.0]]",1882089.7158252262,75.43605692973175,684.421264874562,34.09569586843278,1810.861078860979,74.54074968311448,3.550681764382716,280,0,False,False,False,False,False,False,False,False,1.0077766000066464,1.2097208690078392,2.3052900527207765,0.9333333333333333
pressure_negative_0255,random_pareto_sweep,new_300_last,"[[0.08467362441910652, 0.07389459041234468], [0.05375298281939437, 0.007358911101947667], [-0.05243766669379845, -0.0814969306666021], [0.12899055267616705, 0.076480427172659]]","[[-0.15005754649250663, -0.5641053528528751], [0.0888256883106512, -0.2077463321195979]]",1939268.2286547446,321.0330884348374,640.6301518963841,509.0811558986269,1596.4084062003,77.58383116199582,21.51167116461164,80,0,False,False,False,False,True,False,False,False,1.0383931889865734,3.496043989612355,11.307419610445907,0.26666666666666666
pressure_negative_0256,random_pareto_sweep,blend_zero_old_2000_last_0.10,"[[-0.02958265108283524, -0.03127607000411342], [-0.00742852255389279, -0.0017018994084983129], [-0.017506016203246322, 0.013014788553144554], [-0.0013109308356592467, 0.011537706211973002]]","[[0.0, 0.0], [0.0, 0.0]]",1863908.3450059693,25.77428727754422,695.4014689379109,2.5883126446171305,1865.0162913958043,64.19590532172924,1.449187089431632,300,0,True,False,False,False,False,False,False,False,0.9980412723473817,0.7489526773755962,1.180995806851128,1.0
pressure_negative_0257,random_pareto_sweep,old_2000_last,"[[0.04591162632667245, -0.016922787312095736], [0.05312667581549585, -0.05613115942941577], [-0.03388848503644102, 0.019046747342428533], [0.05852485467133776, 0.08333044541574612]]","[[-0.4344968247381458, 1.648151433544459], [-1.4132714954389578, 0.6303007602948814]]",1842853.4470953795,98.7820087144416,725.1459178316479,37.74423336643506,2026.4887018323898,160.9720415991258,3.8423457122989078,198,0,True,False,False,False,True,False,False,False,0.9867672968023224,1.459694583771576,3.0656072800925775,0.66
pressure_negative_0258,random_pareto_sweep,blend_zero_new_300_last_0.10,"[[-0.11215910116531239, 0.046667679808076484], [-0.13124388522005234, 0.042694961078918466], [0.09064581208123634, -0.05013201927182781], [-0.09689529556741981, -0.047418661585473885]]","[[0.0, 0.0], [0.0, 0.0]]",1845486.1306588645,64.92659433060994,710.3100060574615,20.822553187789357,1943.3077658325096,113.41427049038441,4.853225206814642,260,0,True,False,False,False,True,False,False,False,0.9881769835288338,1.1293484632097557,3.2329339622357454,0.8666666666666667
pressure_negative_0259,random_pareto_sweep,blend_zero_old_2000_last_0.05,"[[0.005104531244404089, -0.015300506154840438], [0.08371796200934109, -0.03597019098434877], [0.06957165896276561, -0.052061961815605684], [0.0036388784970774477, 0.05915527042740348]]","[[0.0, 0.0], [0.0, 0.0]]",1878691.860346324,129.3258880235672,674.1999231033192,65.59483447191836,1752.8681757988124,78.87454458069917,5.915527042740365,100,0,False,False,False,False,True,False,False,False,1.0059571972369221,1.7109491394908491,3.518523906181497,0.3333333333333333
pressure_negative_0260,random_pareto_sweep,blend_zero_old_2000_last_0.05,"[[0.0555069720071345, 0.04211790836642261], [-0.05399391785927399, 0.06159499371480742], [0.18624921720523727, 0.04717006650626307], [0.056635637907067084, 0.06721549782007075]]","[[0.0, 0.0], [0.0, 0.0]]",1908260.345026103,262.64904032747984,650.2385776752413,281.16014870490824,1635.0036886554544,93.19719369275853,5.559313233164801,0,0,False,False,False,False,True,False,False,False,1.0217898255688138,2.9519495507830333,3.4422442039505357,0.0
pressure_negative_0261,random_pareto_sweep,blend_zero_new_300_last_0.20,"[[-0.020335191496770547, -0.011797738813955997], [0.04323883562377006, -0.0050652321931762], [-0.014803482085884546, 0.023051651578027844], [-0.01895354005684754, -0.008948382883793543]]","[[0.0, 0.0], [0.0, 0.0]]",1858073.6777015508,22.067338914285983,696.9299059789394,2.9002367317170448,1872.1604979501408,65.4194146026388,4.610330315605552,300,0,True,False,False,False,False,False,False,False,0.9949170635868878,0.7150745784563753,2.770265987249384,1.0
pressure_negative_0262,random_pareto_sweep,zero_residual_profile,"[[-0.07807985225632647, 0.027199480716130955], [-0.01982329410232544, 0.07699257432651226], [-0.03030934738170668, 0.05256129868629631], [0.08878490161828571, -0.04254716119057853]]","[[-0.4286728762770872, 0.13514747335391528], [-0.11246014375299615, -0.1225337857966826]]",1883918.7880142105,80.33661532787613,690.4505324551743,39.91124837827526,1843.650970185226,85.19727236043613,14.743344683188383,207,0,False,False,False,False,True,False,False,False,1.0087559880434027,1.2603610360655426,7.9773843046576625,0.69
pressure_negative_0263,random_pareto_sweep,old_2000_last,"[[0.0024469196354055802, 0.003563235778928211], [0.008194038453802014, -0.029941317272839215], [-0.02775858621748767, -0.005929379441241523], [-0.002237882061789759, -0.021942466997330837]]","[[0.0, 0.0], [0.0, 0.0]]",1856996.1581908192,14.096376003774814,702.5248779015142,0.8212522887252722,1903.0554506542287,121.5288212804765,3.647700499713494,299,0,True,False,False,False,False,False,False,False,0.9943400990884181,0.6439059032953143,2.6878621937505143,0.9966666666666667
pressure_negative_0264,random_pareto_sweep,blend_zero_new_300_last_0.40,"[[-0.014609325178179033, -0.005598556524057091], [-0.0171223037406121, 0.03258396029617782], [0.00037723693449903423, 0.0035353935645180664], [-0.009664614159309215, -0.00031557840745921904]]","[[-1.4055126428936338, -0.4161053771342438], [-3.8398748494537456, -1.6920048126652885]]",1876884.583147951,87.60968282262428,701.5915185341669,30.17089564793706,1897.0281228398803,68.78073792987945,32.44094731552215,0,0,False,False,False,False,True,False,False,False,1.004989479462933,1.3371121490561824,16.709471892542687,0.0
pressure_negative_0265,random_pareto_sweep,blend_zero_new_best_econ_0.20,"[[0.08303977491075425, 0.13190393359152314], [0.13877212696709237, 0.06729874241644773], [-0.0452868685379135, -0.10372509462656228], [0.11467446054496969, 0.006456797438739051]]","[[0.0, 0.0], [0.0, 0.0]]",1913620.1617359049,213.89398200624146,656.9929485419316,217.12552214710152,1673.7579874736425,81.82976930617764,13.836073103026223,260,0,False,False,False,False,True,False,False,False,1.0246597726361852,2.4966668407351325,7.499807174330526,0.8666666666666667
pressure_negative_0266,random_pareto_sweep,blend_zero_new_300_last_0.80,"[[0.098644792739024, -0.007839589534787762], [0.06680242986293503, 0.08483458686162275], [-0.051147496409035625, -0.02424990391454343], [-0.05164896128492655, -0.06149722441291118]]","[[0.0, 0.0], [0.0, 0.0]]",1846004.545278509,62.06617950410595,709.3533865005319,18.930075743911907,1937.6831411672024,50.35047955041151,17.674616226901662,280,0,True,False,False,False,False,False,False,False,0.9884545718490855,1.1016536655392817,9.195276003322261,0.9333333333333333
pressure_negative_0267,random_pareto_sweep,blend_zero_new_best_econ_0.05,"[[0.0052366323190136226, 0.05562391349732801], [-0.18573868337149146, 0.12867660039570547], [-0.03490941633399176, 0.05324013062378574], [0.06207128392285471, 0.13707965607638406]]","[[0.028563806726780428, 0.10035342908080057], [-0.5171304295700586, 0.07374532721646933]]",1878889.7375352446,62.61480854013124,708.0688885937777,21.006891026021353,1935.3758846954772,90.33935550625338,27.297853492006936,0,0,False,False,False,False,True,False,False,False,1.006063151803802,1.105898079578965,14.291196467199287,0.0
pressure_negative_0268,random_pareto_sweep,blend_zero_old_2000_last_0.60,"[[-0.03610184347262918, -0.13427539492825105], [0.06714848950092839, -0.05637251508977961], [-0.040637921473706914, -0.046257884728708454], [0.12354785974641468, -0.00409161617733923]]","[[0.6943002333823579, 2.023977072676008], [0.9717912262297596, 1.030300442002284]]",1842125.69993866,100.04085539033319,723.6082610957621,38.498762838148515,2018.519927057543,103.79198774623919,0.0,300,0,True,False,False,False,False,False,False,False,0.9863776200780427,1.4704585847599483,0.7379115188343621,1.0
pressure_negative_0269,random_pareto_sweep,blend_zero_old_2000_last_0.40,"[[-0.027604852866223266, -0.01752237663398277], [-0.004099747871982525, -0.01451728084986451], [-0.02129074049511996, -0.037443514817411476], [-0.026930584262682824, -0.005130511146852007]]","[[0.0, 0.0], [0.0, 0.0]]",1851154.970891275,28.708614264954406,704.3332247362523,4.4339222244527345,1911.7364948561176,55.12020115765327,0.0,300,0,True,False,True,True,False,False,True,False,0.9912123991561353,0.7831443655800232,0.3918783350998427,1.0
pressure_negative_0270,random_pareto_sweep,zero_residual_profile,"[[0.007892521268322598, -0.04338336409083763], [0.10905735873738483, -0.016162576402483735], [0.06963308814017154, 0.020321376229469255], [-0.1402071039244055, -0.009065817573717544]]","[[0.0, 0.0], [0.0, 0.0]]",1848161.2210429825,98.32489803611061,698.6418860558757,43.12375353105617,1878.7068318696374,108.76664658228242,4.064275245893839,300,0,True,False,False,False,False,False,False,False,0.9896093772502111,1.4361071533134693,2.8054165929410217,1.0
pressure_negative_0271,random_pareto_sweep,blend_zero_new_best_econ_0.40,"[[-0.03725654086153446, 0.019098151674240418], [-0.06711771687331007, 0.0007350912639718602], [0.028620779128159697, 0.04537977846544977], [-0.038208387894211146, 0.0008875486103587558]]","[[-0.7406650303750685, -0.45555127253552447], [1.40223124636804, -0.13654864197798738]]",1873558.7794320553,89.3543050507471,688.4007606201794,32.14745474569841,1827.4257788310533,74.96080409173197,16.93092875019576,40,0,False,False,False,False,True,False,False,False,1.0032086572561525,1.343987609607327,8.998399932085315,0.13333333333333333
pressure_negative_0272,random_pareto_sweep,zero_residual_profile,"[[-0.18909938099032747, -0.058255014334816606], [-0.27688732214643624, 0.024092071245615312], [0.08097847602782188, -0.09116623761687533], [-0.04707239222515069, 0.09236541553689126]]","[[0.0, 0.0], [0.0, 0.0]]",1847916.6580030066,41.0517948549121,714.2097752476548,9.222718070822301,1964.7578931492485,106.11407190296961,14.057712313332928,100,0,True,False,False,False,True,False,False,False,0.9894784244551122,0.9068323294552421,7.783276586103285,0.3333333333333333
pressure_negative_0273,random_pareto_sweep,new_300_last,"[[-0.022811518171563974, -0.07523348374668185], [-0.02938668974735878, -0.1263750319406522], [0.021431348592150772, -0.014923308517998871], [0.05491904942330328, 0.020039950048029248]]","[[0.0, 0.0], [0.0, 0.0]]",1882162.2750822082,81.79174609194375,684.3027532059018,37.12068638676575,1809.905253680208,67.21774796949089,2.003995004802931,300,0,False,False,False,False,False,False,False,False,1.0078154523103837,1.2696254232158466,1.4798836241901836,1.0
pressure_negative_0274,random_pareto_sweep,blend_zero_new_300_last_0.20,"[[0.04925915516448722, -0.03308664018044421], [-0.016659830764961782, 0.10482643763908098], [-0.07194355565168951, 0.13511843284590005], [0.14444752993730933, 0.0752784437364372]]","[[0.0, 0.0], [0.0, 0.0]]",1919054.9657905046,189.69531947863504,673.5095745864782,223.52675093522203,1760.070070159894,73.98374133496065,19.495842195536255,20,0,False,False,False,False,True,False,False,False,1.0275698721419602,2.2802683332626192,10.2739102046634,0.06666666666666667
pressure_negative_0275,random_pareto_sweep,blend_zero_new_300_last_0.10,"[[0.021576698285198818, 0.002227701226621594], [-0.014903949416429248, 0.023471246875112053], [-0.017231177617556187, -0.008483105164618854], [0.010497807286339882, -0.02227205663229755]]","[[0.0, 0.0], [0.0, 0.0]]",1869539.9742105468,50.55760520191804,688.8064981889145,10.176354147214452,1830.7631120916851,66.28866621298562,4.6579364783672474,300,0,False,False,False,False,False,False,False,False,1.001056763099266,0.9780843718490109,2.8002490329027,1.0
pressure_negative_0276,random_pareto_sweep,old_2000_last,"[[0.0105555371810565, 0.062371316841184035], [0.0566801179002999, 0.00038691672108096936], [-0.11683706881786943, -0.05528861476076533], [0.03816670561922447, -0.07751257101426436]]","[[0.0, 0.0], [0.0, 0.0]]",1866299.6405450439,40.985538683348935,704.1174715441502,8.968788583414858,1914.0863698611288,144.19583832321936,9.528508605939066,281,0,True,False,False,False,False,False,False,False,0.9993217063605515,0.898868172745622,5.789417924720638,0.9366666666666666
pressure_negative_0277,random_pareto_sweep,blend_zero_new_300_last_0.80,"[[0.029391413915230206, -0.011500393929088281], [-0.012869754181662587, -0.0010489153299100098], [0.007018259396202048, -0.003084936547921881], [0.020985366977716212, -0.01598287666056944]]","[[0.6678190653705285, -0.600349214858785], [1.2595649048399502, 0.2234378118635243]]",1937780.4903228118,320.9517419377872,635.2680390252593,479.51613721233406,1568.9578038174327,68.47542863553093,16.815178431803673,129,0,False,False,False,False,True,False,False,False,1.0375965702785233,3.4913770265339905,8.894416847248646,0.43
pressure_negative_0278,random_pareto_sweep,blend_zero_new_best_econ_0.10,"[[0.0038820821609766394, 0.00752809142974456], [-0.012647835136987107, -0.012615434103824468], [0.024487929598575535, 0.012710208890406647], [-0.020459303324448036, 0.0036172684930966294]]","[[1.4415415149298587, -0.18771838306673927], [0.17686900449904686, -4.524571869780317]]",1945094.8320406359,288.77516744520744,708.2891500936869,390.0132125919175,1933.83251797006,86.92629214615528,53.10987622774098,144,50,False,False,False,False,True,False,False,False,1.0415130798719268,3.2407638742391205,27.17294258278031,0.48
pressure_negative_0279,random_pareto_sweep,blend_zero_new_300_last_0.10,"[[-0.039225361813615175, 0.033827222382721255], [0.04652898753983398, 0.09623557113343643], [-0.021025775177342824, -0.016565581262414916], [-0.13321174294098623, -0.020452153917319804]]","[[0.0, 0.0], [0.0, 0.0]]",1845116.459727602,75.25187823865231,713.7262345086184,25.57859615522582,1961.7353394146367,91.03165861450026,16.050849214422158,260,0,True,False,False,False,True,False,False,False,0.987979040938161,1.2292919757798275,8.672616273242843,0.8666666666666667
pressure_negative_0280,random_pareto_sweep,new_300_last,"[[-0.10851793701105783, 0.15086849078039716], [-0.027056120151327658, 0.02198773630233658], [-0.05134962511980561, -0.17905510194518975], [0.09361131249297074, -0.2172198139855589]]","[[-0.30494476509832147, 0.11524482171492759], [-0.36323480226443494, -0.9189807415274872]]",1879370.065644668,81.00466249378763,701.504306684536,32.546202472446886,1904.00699342485,78.0738635978104,22.888043670723334,260,0,False,False,False,False,True,False,False,False,1.006320346466167,1.27470458725466,11.999089760350074,0.8666666666666667
pressure_negative_0281,random_pareto_sweep,blend_zero_new_300_last_0.40,"[[-0.014975159752393248, -0.015461869903101607], [0.01940117180415207, -0.024272055562782845], [0.0060195854887631775, 0.0031659407443583153], [0.0192091015494334, -0.0026626374347386247]]","[[0.6515887898772005, -2.254411630870861], [-3.957417114436663, 0.5663202803487801]]",1948147.6745911653,529.5605824619124,584.0568943771964,1117.7410313497494,1326.100543541647,113.32093047273887,0.0,300,0,False,False,False,False,False,False,False,False,1.0431477433314098,5.423176622299318,0.805657755830886,1.0
pressure_negative_0282,random_pareto_sweep,blend_zero_new_best_econ_0.05,"[[0.021559156301961483, 0.023775116657594127], [-0.02624662573773396, 0.07448611261051863], [-0.0229938907868511, 0.021043950983618477], [0.029731811250203927, 0.08593700798745553]]","[[-2.2472180766229846, 2.3285505099937094], [0.6321163605728101, 0.6795916588414531]]",1842148.0662244975,100.08115175888925,723.6075211168488,38.52651393618919,2018.5193634964323,54.86838427288009,0.7847521900074526,300,0,True,False,False,True,False,False,False,False,0.9863895962443788,1.4708384001761106,0.7824641321822552,1.0
pressure_negative_0283,random_pareto_sweep,blend_zero_new_best_econ_0.20,"[[0.03250447411862994, -0.13023214051000323], [-0.019590357499297613, -0.09747824088486533], [-0.03958683945827724, -0.04025896027546073], [-0.05870243910670495, -0.1393282505355397]]","[[0.0, 0.0], [0.0, 0.0]]",1845422.688199112,60.746199361968806,709.9288237673247,18.88149211046264,1941.0439852190834,60.37539647734721,0.0,300,0,True,False,True,True,False,False,True,False,0.9881430128706618,1.089612939281861,0.4292402668282106,1.0
pressure_negative_0284,random_pareto_sweep,blend_zero_new_best_econ_0.20,"[[0.06849980727668269, 0.013393474375865664], [0.06702214569915914, 0.07531123008777751], [0.01627187350328031, -0.022039449349611565], [0.15303978014539088, -0.04779015397734336]]","[[-0.3047789261318178, -0.40391119265574665], [-0.1769260104349255, -0.2461084265878039]]",1940119.60562701,360.2776609168682,624.4511046616938,592.61701993341,1519.8643949971126,83.79167313130537,17.393284877971354,280,0,False,False,False,False,False,False,False,False,1.0388490640616133,3.854704853101836,9.292361262072138,0.9333333333333333
pressure_negative_0285,random_pareto_sweep,blend_zero_new_best_econ_0.20,"[[-0.03257475412596378, 0.013311149231728112], [0.06329717920742993, 0.027719566758681664], [-0.12997672491851192, 0.03206518573786638], [-0.02790758929478589, 0.022654003734388153]]","[[-0.1533535919432119, -0.03363646240467006], [2.0166074581353657, -0.029490280627631135]]",1847853.3614055798,66.54960270385361,716.2931325714408,18.54256996429691,1977.1854296027311,81.12922959085034,11.193496303698566,254,0,True,False,False,False,True,False,False,False,0.9894445318998263,1.1490186022289484,6.173538271483689,0.8466666666666667
pressure_negative_0286,random_pareto_sweep,blend_zero_new_300_last_0.05,"[[0.021710722663624008, 0.018798117316913145], [0.013340910951673059, -0.03573237640259355], [0.022332653123232134, -0.009158025882711762], [0.014314545621495447, -0.01945065666480827]]","[[0.0, 0.0], [0.0, 0.0]]",1875910.0385302014,93.65130061310256,678.834771462678,34.11642773923771,1778.595263489635,69.71265891066221,1.973040344694823,300,0,False,False,False,False,False,False,False,False,1.0044676535089563,1.3775904791589144,1.4821439207288227,1.0
pressure_negative_0287,random_pareto_sweep,blend_zero_new_300_last_0.05,"[[-0.019139661336762287, 0.022922132781034946], [0.002368406428730421, -0.00840240116720343], [-0.0008965776866041306, -0.026021889930626225], [-0.000275087592184611, -0.02165480627791919]]","[[0.0, 0.0], [0.0, 0.0]]",1866571.508210122,46.039505111541175,689.6912546741853,8.175851555143485,1834.8789624017468,70.74883841492581,2.385441891107007,300,0,True,False,False,False,False,False,False,False,0.9994672795863443,0.9360818286381776,1.6957114359000613,1.0
pressure_negative_0288,random_pareto_sweep,reference_q_zero,"[[0.025419067655765733, -0.14821704988805215], [0.08514881269138698, -0.0007099761909142564], [-0.05421852684093387, 0.07466763039089311], [-0.016720683697700238, -0.11656613399057128]]","[[0.0, 0.0], [0.0, 0.0]]",1912203.7940216807,222.32254205639356,690.079127518276,212.48642363919123,1837.9815011531925,23.659492771117556,41.41184446604095,0,0,False,False,False,False,True,False,False,False,1.023901369767609,2.600282314204304,20.874129939845304,0.0
pressure_negative_0289,random_pareto_sweep,blend_zero_new_300_last_0.10,"[[-0.001627704089644343, -0.008102103434611799], [0.023599314789151785, -0.010497570162840805], [-0.030899597176232092, -0.013573553237919572], [0.02653549200909585, 0.016642643229142346]]","[[1.1219133432328239, -0.3998840454519101], [-0.2488647826516196, 0.4939765979181513]]",1938245.974630267,328.64612354384116,629.459855773927,524.0257171027678,1544.9833222641985,96.81124040143808,0.0,300,0,False,False,False,False,False,False,False,False,1.0378458167351503,3.55978003782673,0.6882817353833002,1.0
pressure_negative_0290,random_pareto_sweep,new_best_econ,"[[0.00045050655093509316, 0.030851336461329034], [-0.168696623860854, -0.018932032256789785], [-0.03030561853656883, 0.10280680199603226], [-0.18444969938110342, -0.03815060197037109]]","[[-0.06531985404733899, 2.6941419684785544], [0.9933200728595797, -0.6153344912842785]]",1842794.5996827772,100.16376660646915,734.5496493024496,38.58761592613614,2079.2187687730734,79.79028811955448,34.98999688499964,220,0,True,False,False,False,True,False,False,False,0.9867357865906184,1.4795749275519428,18.062269327016292,0.7333333333333333
pressure_negative_0291,random_pareto_sweep,blend_zero_new_300_last_0.05,"[[0.004793173931179177, -0.007081376187389163], [0.017187921809808403, -0.026643954265820242], [-0.01647391953142667, 0.009113798371098426], [0.02451512897447242, -0.044039371922783975]]","[[-0.9419374809685815, -1.5008639209446692], [-0.7646930329041398, -0.009852427922700876]]",1924617.3864462338,350.7165415680366,622.5984246319773,502.4896420042744,1504.2319885915265,100.05437359908302,0.0,300,0,False,False,False,False,False,False,False,False,1.0305483047475386,3.7631111733355476,0.7113388652795626,1.0
pressure_negative_0292,random_pareto_sweep,blend_zero_old_2000_last_0.40,"[[0.0316600217354655, -0.02747435887804818], [-0.05540202732230855, -0.020654319383044652], [0.001680514345578865, 0.011538639747763868], [-0.039458234963620296, 0.04507233501676798]]","[[-0.8135872642024348, 1.6122602635539107], [-0.199194679410989, -1.0417702546046579]]",1845287.508325903,99.63398974931937,745.9827871988703,38.21967285291811,2142.2699223424697,81.358643685272,21.454057364776418,19,0,True,False,False,False,True,False,False,False,0.9880706299699602,1.482888194327904,11.305449826791795,0.06333333333333334
pressure_negative_0293,random_pareto_sweep,blend_zero_old_2000_last_0.60,"[[0.09261077504485438, 0.21427485399487464], [0.020968263430894772, 0.12338424608654336], [0.10360779505747895, -0.0605639751658333], [0.002663418047623251, -0.12825446297039875]]","[[0.0, 0.0], [0.0, 0.0]]",1877846.1156982929,134.00526030382005,674.5345190361745,71.80858232497351,1755.4438666538547,91.02303028115753,23.402311552579874,260,0,False,False,False,False,True,False,False,False,1.005504338024792,1.7553605857518249,12.348286098987787,0.8666666666666667
pressure_negative_0294,random_pareto_sweep,blend_zero_old_2000_last_0.40,"[[-0.18643731977553857, -0.07461205648984862], [-0.15193993525582525, 0.024406022598176775], [0.05033173640541875, 0.025654822185416506], [-0.07874043932993874, 0.02468539291312162]]","[[0.0, 0.0], [0.0, 0.0]]",1843705.059251098,75.95665067025631,721.1131471039836,25.74747214392016,2003.355885541591,95.78430260540117,2.6627259127777734,300,0,True,False,False,False,False,False,False,False,0.9872232978077995,1.241315759329232,2.0123436539437685,1.0
pressure_negative_0295,random_pareto_sweep,blend_zero_new_best_econ_0.10,"[[0.023587246253861577, -0.009871645026561352], [0.013070026430770262, -0.010218253235333506], [-0.004479643274915417, -0.04842355714778379], [-0.006038264288338313, 0.0018217993357005486]]","[[-0.5812330426626382, -0.2817906185519629], [-0.45243630499292664, -0.2818884894977356]]",1876809.6990684555,100.58415260065566,678.9291196148483,39.173727715129836,1778.5388241729447,67.35700382936241,6.6933440679579235,300,0,False,False,False,False,False,False,False,False,1.004949382318576,1.4430976013677985,3.825548198499259,1.0
pressure_negative_0296,random_pareto_sweep,blend_zero_new_300_last_0.60,"[[0.14780317943269636, -0.07007926109189418], [-0.07230075427232034, -0.1157128648593915], [0.13062853865193033, 0.11210044069163026], [-0.01059817999887868, -0.139609919630688]]","[[0.0, 0.0], [0.0, 0.0]]",1873792.8910136623,125.40163057132466,675.8433561162879,66.61177744357376,1761.4106040157717,101.03594180462045,22.420088138326037,240,0,False,False,False,False,True,False,False,False,1.0033340137531093,1.6751035022780267,11.928361416126144,0.8
pressure_negative_0297,random_pareto_sweep,blend_zero_old_2000_last_0.05,"[[0.010986758368929976, -0.041322896100422966], [-0.0064261982107576545, 0.032365917791147676], [-0.004350184132605709, 0.029792761815812478], [0.012980922579113674, -0.021685592016707153]]","[[-1.4287673521402597, -1.4548020342164119], [2.260152888177841, -1.4660409295394274]]",1920858.6746588098,303.2593077380674,673.3236140259003,371.3136840722718,1748.0305615050834,94.93209065142383,43.73364625757566,0,0,False,False,False,False,True,False,False,False,1.0285356792315044,3.352052547588016,22.54174500589825,0.0
pressure_negative_0298,random_pareto_sweep,blend_zero_old_2000_last_0.20,"[[0.05392180382043402, -0.021824223918250823], [-0.0012819664941586218, 0.02809222091192863], [-0.029927933645233936, 0.028395215674726665], [-0.10232148497741911, 0.021985369420731843]]","[[0.4271214926592457, 0.31114765302918795], [-0.6492052394809705, -0.5848321980467585]]",1846033.1423533417,78.59074695331225,730.2116995347471,28.2307338038923,2052.4226619775463,66.8102699765752,15.977171219960894,20,0,True,False,False,False,True,False,False,False,0.9884698843299958,1.2727948878117705,8.4635747576272,0.06666666666666667
pressure_negative_0299,random_pareto_sweep,blend_zero_old_2000_last_0.05,"[[0.018621586235813472, -0.20319331900437035], [-0.0013223575848558189, 0.03114293738000645], [-0.02830371808709837, 0.052532096805305184], [0.022372415832620403, -0.05416542593988954]]","[[0.0, 0.0], [0.0, 0.0]]",1874235.815677336,63.265058299971955,688.6744948280004,17.246463268510293,1830.7229272906618,66.22337280927508,10.506419361061035,240,0,False,False,False,False,True,False,False,False,1.003571180508691,1.0979327972980293,5.724026269297476,0.8
pressure_negative_0300,random_pareto_sweep,blend_zero_old_2000_last_0.05,"[[-0.0038060123442009, 0.05540648364458706], [-0.14444793411528908, 0.02455235809950345], [-0.0059905937677162445, 0.1229227580626182], [-0.05404584760287567, -0.02416376171623708]]","[[-1.663262071930903, 3.827449909935184], [-1.6178891450051, -0.09705012232428556]]",1843002.1219933294,100.16376422879654,736.634411627644,38.58761409416191,2090.8820881013125,65.9390662976827,31.836511298655154,207,0,True,False,False,False,True,False,False,False,0.9868469056976383,1.481090871538673,16.38705095442574,0.69
pressure_negative_0301,random_pareto_sweep,blend_zero_old_2000_last_0.05,"[[0.005352350180622291, -0.0037948740801279756], [-0.0036952074105261606, -0.0046986373257591075], [-0.022318677171827443, 0.04300438428845458], [-0.0043998183542675404, 0.011938619856461913]]","[[0.0, 0.0], [0.0, 0.0]]",1863941.0936974313,29.996383631534375,695.6678457228254,3.6399255791808787,1866.0949549918323,64.8730729961054,7.407014872044726,240,0,True,False,False,False,True,False,False,False,0.9980588078371402,0.7889983340652953,4.16472403727917,0.8
pressure_negative_0302,random_pareto_sweep,blend_zero_old_2000_last_0.60,"[[0.1171524509184777, -0.11967001175845154], [-0.057714717755485506, -0.08984404667540823], [0.1442530394011809, -0.08694084448546713], [0.056229984472613674, 0.097016147340598]]","[[0.0, 0.0], [0.0, 0.0]]",1901748.9543673634,218.00321462157186,657.7207561700216,194.05269403188484,1671.5327115216107,111.98618633203722,9.701614734059802,100,0,False,False,False,False,True,False,False,False,1.018303261095184,2.535982723985012,5.646975728761038,0.3333333333333333
pressure_negative_0303,random_pareto_sweep,blend_zero_old_2000_last_0.40,"[[0.03771324843110272, 0.04715848078458876], [-0.09336707844179018, -0.09755281790147413], [0.07149271341004025, -0.06293446105643966], [-0.27501484920051483, 0.0648755297883865]]","[[0.0, 0.0], [0.0, 0.0]]",1846086.852180143,83.80570142540618,715.6402064225053,29.849762342850468,1971.6101060621645,142.13544458879096,12.521356151983412,115,0,True,False,False,False,True,False,False,False,0.9884986435895495,1.3114224543758004,7.271193281203319,0.38333333333333336
pressure_negative_0304,random_pareto_sweep,blend_zero_new_300_last_0.80,"[[0.027856436986339387, 0.0003352491452389525], [0.01991531663327062, 0.003075953610724043], [0.03174858656282295, -0.02124214217514212], [-0.0001642996083297952, 0.01346323210082935]]","[[0.0, 0.0], [0.0, 0.0]]",1865918.3698596393,51.26890543691155,689.0876396463117,10.575568403304214,1831.204479550779,62.9171755372505,3.41964682575977,300,0,True,False,False,False,False,False,False,False,0.9991175526096499,0.9850027018354044,2.157134516266504,1.0
pressure_negative_0305,random_pareto_sweep,new_best_econ,"[[0.055260118035461686, 0.11916714356246377], [-0.11871973989673668, -0.13120000145777908], [0.12564189138576348, 0.027398847287299938], [-0.02265052459797896, 0.0011123302881161038]]","[[-1.1295701087898355, 1.3771074504226235], [1.4925461675760092, 0.8650203511948658]]",1842258.3246139016,99.95523950194783,724.8947600269757,38.430122194823774,2025.6880277264036,89.42618562825302,8.379691388844861,280,0,True,False,False,False,False,False,False,False,0.9864486347821603,1.4705859618568713,4.825623213414005,0.9333333333333333
pressure_negative_0306,random_pareto_sweep,new_300_last,"[[-0.029946934974405356, 0.011812861599937483], [0.012587958910467678, 0.024903853075374602], [0.04236419624860394, -0.03385121347143217], [-0.007769536512364267, -0.014845332743152894]]","[[-0.11704103654007281, 0.5138021807005868], [-0.5507071055903918, -0.5205607336963031]]",1844198.2626980224,82.70444061450651,728.4802718167266,28.87985171166617,2043.7520898969954,72.38387062760398,13.184499817986449,0,0,True,False,False,False,True,False,False,False,0.9874873866494067,1.3103646082941303,7.106864698378647,0.0
pressure_negative_0307,random_pareto_sweep,blend_zero_new_300_last_0.05,"[[-0.10242252710980422, -0.036032758742598696], [-0.12285902159118463, -0.004857148879927056], [-0.01654901946308669, -0.078651511399908], [0.08737662540561958, -0.005950052828673688]]","[[-0.03629233234703204, -0.8441736070225663], [-0.010569810803226798, 1.0683469591980697]]",1938516.696882952,340.8946735054134,627.5846924188947,580.9390705679929,1538.1968636071506,105.61466341006849,0.0,300,0,False,False,False,False,False,False,False,False,1.0379907766427803,3.6740293560777713,0.7508698732954697,1.0
pressure_negative_0308,random_pareto_sweep,new_300_last,"[[0.010368239250693285, -0.016254939220914824], [0.01518101131044419, -0.011598116546238546], [0.017033597464581007, 0.0012195308486733004], [0.030419074667821268, -0.02308135452508418]]","[[0.0, 0.0], [0.0, 0.0]]",1874094.9524759827,64.77638775318488,685.7821248164051,18.679445289795602,1815.930111045952,61.449774751717,0.4829845077130699,300,0,False,False,False,True,False,False,False,False,1.00349575443472,1.110094858430891,0.6783708376825967,1.0
pressure_negative_0309,random_pareto_sweep,blend_zero_old_2000_last_0.10,"[[-0.06923054740171566, -0.06913674472141389], [0.031077538022993796, -0.00020893967063291747], [-0.023984048835212945, -0.019348129865271606], [-0.02986188321631697, 0.08251845839095219]]","[[0.0, 0.0], [0.0, 0.0]]",1853248.927277775,26.884073379221768,708.2185674890586,3.6522790992189407,1931.7798006135004,66.46744032068398,8.25184583909521,100,0,True,False,False,False,True,False,False,False,0.9923336210777077,0.7687479873373497,4.598474711888103,0.3333333333333333
pressure_negative_0310,random_pareto_sweep,zero_residual_profile,"[[0.0422992089878396, 0.05410986652996526], [-0.026066791610100185, -0.037146038395451796], [0.03706832654654523, 0.028744595895696536], [-0.07053050503554634, -0.05642178181523604]]","[[-0.39274078970361825, -0.24322563146292303], [-2.5371661465527797, -1.6471535296339894]]",1862216.9322697907,61.45881151201904,706.2940433480371,22.226486408354436,1920.2590190896033,85.81196988819673,44.538973823603044,0,0,True,False,False,False,True,False,False,False,0.9971355949175857,1.0936961305374606,22.879569081045478,0.0
pressure_negative_0311,random_pareto_sweep,blend_zero_new_300_last_0.40,"[[-0.03361628000739105, 0.005891803775881561], [0.0291734063315907, 0.11348062846425987], [-0.0010008515015462718, 0.05577013315484728], [-0.04149863884898874, -0.0837473157487678]]","[[0.007336583584551602, -0.39022706225433257], [-0.9771356933772928, 0.8680125729300886]]",1874282.3964918738,99.90275327855194,677.5061798430318,39.07395692007678,1771.2452769939807,70.51335665140928,5.604757367065986,300,0,False,False,False,False,False,False,False,False,1.003596122494456,1.435631227290592,3.3036950108776906,1.0
pressure_negative_0312,random_pareto_sweep,zero_residual_profile,"[[-0.05375617131053802, -0.1637619302944198], [0.08981717905072897, -0.07286143625392853], [0.10901660336906621, -0.07333943346780494], [-0.054089769026279724, 0.03448317094770465]]","[[0.0, 0.0], [0.0, 0.0]]",1858234.3571336342,85.20175035702569,684.0402119308073,41.19756229511897,1802.1105199557135,102.90237557204748,3.4483170947704593,100,0,True,False,False,False,True,False,False,False,0.9950031003843871,1.3016212109135297,2.4557453480512077,0.3333333333333333
pressure_negative_0313,random_pareto_sweep,blend_zero_old_2000_last_0.60,"[[-0.008974113872932904, 0.05286167215545834], [0.07456286069234205, 0.020056913856684972], [-0.014265811326429617, -0.14452949482311303], [0.05991741567799889, 0.004217369914115087]]","[[0.0, 0.0], [0.0, 0.0]]",1887384.2279379691,108.95943353214628,677.5345915766841,56.97198111572329,1774.7450653748288,79.24630848676648,7.682730360049732,280,0,False,False,False,False,False,False,False,False,1.0106115793228871,1.5211370112462195,4.404768628858084,0.9333333333333333
pressure_negative_0314,random_pareto_sweep,blend_zero_new_best_econ_0.20,"[[-0.0333414582504666, -0.002792197969315594], [0.006694898137855851, 0.013524508928051881], [-0.003960663968778028, -0.043850796824088364], [-0.03083322689165251, 0.04104039247526588]]","[[-1.4011301061263932, -0.27368386459180133], [0.937812389399856, -1.2302916698713107]]",1868933.1216355197,47.59399673553713,713.2447617274873,9.11870792750819,1958.6216296111593,73.91222589724688,19.96391665318035,0,0,False,False,False,False,True,False,False,False,1.0007318201278317,0.9678818124559911,10.507438992839791,0.0
pressure_negative_0315,random_pareto_sweep,new_best_econ,"[[0.031844302715181086, 0.0015145671613682197], [0.009217016925993396, -0.005352140160382516], [0.013174405740341816, 0.031575854796997246], [-0.0026257187524642875, 0.03459425581498472]]","[[0.7336715043645748, -1.602873109023554], [0.3207145569559977, 0.011048906775559178]]",1947617.8022937486,497.15260980775986,599.7121120678644,1016.1509740311373,1398.0429520229377,83.58946919870678,8.90337429676967,40,0,False,False,False,False,True,False,False,False,1.0428640199266017,5.128664848992797,5.045968397972049,0.13333333333333333
pressure_negative_0316,random_pareto_sweep,blend_zero_new_300_last_0.40,"[[0.007160048683882529, 0.0029257909221703515], [-0.0014517389461443336, -0.0013715493811736971], [-0.0018002051784723875, -0.00735399242492655], [0.0027966819002996335, -0.012878284247275608]]","[[-2.1139998681979737, -0.8771041158516885], [-0.7586131568654111, 3.0607401214868064]]",1883907.6923810896,144.40823740298154,667.166653032685,81.8400111996508,1718.9546191497525,75.76205550679825,0.0,300,0,False,False,False,True,False,False,False,False,1.008750046817898,1.8481956195451832,0.5386320723110001,1.0
pressure_negative_0317,random_pareto_sweep,blend_zero_old_2000_last_0.05,"[[-0.06600673249887497, 0.021296114899305493], [0.012419703252326995, 0.016680115233727404], [0.061817158130547015, 0.06079146798735442], [-0.022547841326005874, 0.009700872474699546]]","[[-1.1909841417478786, -0.27957363894077475], [-2.5280577972250424, 0.6073084300786131]]",1869286.2729450495,82.79477562901403,680.6944998300052,28.61872151637025,1786.947083874914,95.97210941650152,0.0,300,0,False,False,False,False,False,False,False,False,1.00092091718469,1.276469125477941,0.682315914388433,1.0
pressure_negative_0318,random_pareto_sweep,blend_zero_old_2000_last_0.60,"[[0.014828460679158642, -0.12265055930225495], [-0.08496410351358846, 0.11547321025451628], [0.058791794591362204, 0.1149203137670543], [0.15597271325012904, -0.0772838707139765]]","[[0.0, 0.0], [0.0, 0.0]]",1928347.0047794133,254.94069863512854,653.0295733243713,351.50064274026244,1659.766761665394,99.5869544607333,23.094642050903246,220,0,False,False,False,False,True,False,False,False,1.0325453519932306,2.8812207780335024,12.255336763640152,0.7333333333333333
pressure_negative_0319,random_pareto_sweep,blend_zero_new_300_last_0.40,"[[0.014922006690898064, -0.00986675429199943], [-0.018606002852786328, 0.01228939734608885], [0.018899030503384262, 0.018305367732930896], [0.004297197777895841, 0.002639146026584781]]","[[0.0, 0.0], [0.0, 0.0]]",1868008.5490878327,53.166145021817535,689.0282734364641,11.002947135899147,1831.5074912981709,61.669084448956994,3.397158943927707,300,0,False,False,False,False,False,False,False,False,1.0002367520284032,1.002867392688623,2.137017243115445,1.0
pressure_negative_0320,random_pareto_sweep,blend_zero_new_best_econ_0.40,"[[-0.0026254695017277245, -0.027676929876911723], [0.0055340403520976935, 0.032838603517073954], [-0.00948169563893937, 0.002545040605944305], [0.015129734298432777, -0.04135445863533049]]","[[0.0, 0.0], [0.0, 0.0]]",1869813.4710203533,48.451923527335296,689.7225586208419,9.710110665369616,1835.8725563589703,56.38949121451569,6.567720703414807,300,0,False,False,False,False,False,False,False,False,1.001203208660698,0.9588751745371373,3.6847627335958157,1.0
pressure_negative_0321,random_pareto_sweep,blend_zero_new_300_last_0.10,"[[-0.057939894513145504, -0.019536169861499426], [0.022017159467625787, 0.020059938009014497], [0.0074863645474020045, 0.01764395279886355], [0.004302084688429274, 0.011107898148846291]]","[[-0.31618519320791116, 0.6317416720911567], [0.7607797047511009, 0.6899564003485367]]",1843095.3970081266,85.38242537807875,719.5839672014972,30.85735034463276,1995.2395173779141,73.0885717599241,0.0,300,0,True,False,False,True,False,False,False,False,0.9868968503822554,1.3291727636387376,0.5196248782580433,1.0
pressure_negative_0322,random_pareto_sweep,blend_zero_new_best_econ_0.05,"[[-0.04768870196825437, 0.06384868303750817], [0.027195360129570634, 0.016429217076182123], [-0.031681604247257286, 0.021283190631838245], [-0.054263902983096746, 0.031703117803951596]]","[[0.354262027054908, -0.6910107748105608], [0.09866506547301078, 1.0698408720288566]]",1896074.1162977377,194.03179841110017,656.7391914437383,151.50871079985984,1667.750859110626,77.73035656340417,1.4801402223070568,300,0,False,False,False,False,False,False,False,False,1.0152646338887823,2.3090050985459825,1.2926958649975808,1.0
pressure_negative_0323,random_pareto_sweep,reference_q_zero,"[[-0.08686115904422842, -0.005918157291021701], [0.14135243518009774, 0.061713392207358546], [0.24801563244851046, -0.07328693832285885], [-0.0989755785740822, 0.12241254358351739]]","[[-0.03282327242978826, 0.517994736692961], [0.30713398401262343, 0.22853245708843128]]",1872506.241885403,164.83148570779372,709.4622333745048,149.28794072175393,1937.0303712698615,63.70008823247517,46.71732971770757,0,0,False,False,False,False,True,False,False,False,1.0026450695051405,2.071724544052634,23.811542098014396,0.0
pressure_negative_0324,random_pareto_sweep,blend_zero_new_best_econ_0.60,"[[0.06075020095409716, 0.20129120213636323], [0.034564104946145785, 0.004983610377341825], [-0.06489314854960802, -0.031874072465857675], [-0.010685511697365204, -0.026730012013356633]]","[[0.0, 0.0], [0.0, 0.0]]",1856118.4839946083,22.316701194895998,705.2003851312123,2.311526264174382,1916.9405546552305,47.42617083578833,20.129120213636327,280,0,True,False,False,False,False,False,False,False,0.9938701430018757,0.7234422886642835,10.40173755677217,0.9333333333333333
pressure_negative_0325,random_pareto_sweep,blend_zero_old_2000_last_0.60,"[[-0.002452713673068222, -0.08632502128011776], [0.03562150592465181, 0.05128433421167327], [-0.12129542024673345, -0.041227732106645175], [-0.0055227005653856985, 0.036725545565430874]]","[[0.0, 0.0], [0.0, 0.0]]",1851351.6361427591,61.98662979479205,716.8315559040495,16.536160707432842,1980.3565304230726,88.32945166478112,13.929421398877764,80,0,True,False,False,False,True,False,False,False,0.9913177047836056,1.106340667461821,7.592690963147886,0.26666666666666666
pressure_negative_0326,random_pareto_sweep,blend_zero_old_2000_last_0.60,"[[0.07552691575703971, 0.02525199103172139], [0.09224557332362071, -0.053259300092144184], [-0.07951053024797451, 0.13607188875409107], [-0.15229587639944703, 0.12514607091806249]]","[[-0.34390375850522403, -0.40826191836267967], [-0.10502788649909976, -0.6475198384156997]]",1850038.406683628,77.44214157061684,729.9868660173152,26.652666146014212,2049.8575914033663,91.25558135235451,31.43278621255135,20,0,True,False,False,False,True,False,False,False,0.9906145279327765,1.2617898222441024,16.365176756151083,0.06666666666666667
pressure_negative_0327,random_pareto_sweep,blend_zero_old_2000_last_0.10,"[[-0.09616939987535968, 0.06447342915090461], [0.06493491142241571, -0.10495748265349564], [0.06761219353000746, 0.04543033057398061], [0.15098862545771036, 0.056913644186752155]]","[[0.48996455484859397, -0.6435585782838875], [-0.0608722285554567, -0.019491384113764897]]",1944729.7410991462,449.6763681851527,610.0369237701058,884.071650594853,1450.5624664703605,117.25287890362262,13.650102467029484,20,0,False,False,False,False,True,False,False,False,1.041317589665156,4.688049065377145,7.658663266950422,0.06666666666666667
pressure_negative_0328,random_pareto_sweep,blend_zero_old_2000_last_0.05,"[[0.04438866303167256, 0.0634379654495751], [0.03922570770711484, -0.017694388122133784], [-0.0735730079845125, 0.1097186074156234], [0.034973281661383505, -0.10186138583994085]]","[[0.05305592152116434, -0.297569913897894], [-0.8617004255330067, 2.376900284705294]]",1896989.4782020072,155.30980869989764,665.499333045288,109.83969239316218,1713.8266916032921,67.42250769146676,0.0,300,0,False,False,True,True,False,False,False,False,1.0157547700921226,1.9498820736522113,0.47934186573119575,1.0
pressure_negative_0329,random_pareto_sweep,new_300_last,"[[-0.023123082390842247, 0.014127859033646708], [0.04373416321863747, 0.02154535807433376], [-0.0006307756419553406, -0.02268137278846655], [-0.027241243531689108, -0.00823103389915044]]","[[-0.16315672773562204, -0.05112354644284344], [0.24260597382264815, -0.6188981097312146]]",1855560.6404460142,21.043630025517736,711.1251856630031,2.131227542578501,1947.8737607144274,65.35728090335417,10.180555418919738,0,0,True,False,False,False,True,False,False,False,0.9935714422173112,0.7157342019745524,5.554936797945489,0.0
pressure_negative_0330,random_pareto_sweep,blend_zero_new_best_econ_0.20,"[[-0.0031934416564496264, -0.003909703868465382], [0.03672847414826846, 0.00464493185447715], [-0.032271796239188494, 0.008363627231735294], [0.010913274454879576, -0.0025025605648947625]]","[[0.0, 0.0], [0.0, 0.0]]",1868397.7852879062,43.024771909866075,690.5561446047127,7.572234705894459,1839.8983230249787,63.81674935852624,1.6727254463470445,300,0,False,False,False,False,False,False,False,False,1.0004451709634896,0.9082549729857855,1.290069367287082,1.0
pressure_negative_0331,random_pareto_sweep,blend_zero_new_300_last_0.40,"[[-0.021397678271625146, 0.01321544412831867], [0.004001010581278705, 0.012016210980595401], [0.0341371584833466, 0.011232777442820703], [-0.011173284540870661, 0.02211984550255922]]","[[-1.9396254120236853, -1.5499218410051285], [0.07708000565427955, 0.5521300628713082]]",1899872.5475222268,247.8790171828406,644.150411306018,241.66517465307743,1603.984213509019,99.9389957773439,0.0,300,0,False,False,False,False,False,False,False,False,1.0172985274234996,2.8081096368812855,0.7105185840080692,1.0
pressure_negative_0332,random_pareto_sweep,blend_zero_new_best_econ_0.60,"[[-0.17023906226910304, 0.049728736800066425], [-0.08194289765982976, 0.12796880156711665], [-0.03519644288245082, -0.11236222695499859], [0.0075804557959252275, -0.09162350010787254]]","[[-0.22751493463993067, 0.8877015283965118], [-1.5074211588004396, -1.9337304829927713]]",1845751.4426416438,100.16373767100161,756.8423357321267,38.587593631635485,2204.804715104651,50.555685307935505,41.066072841146905,0,0,True,False,False,False,True,False,False,False,0.9883190464739199,1.4957851182536328,20.892463225487326,0.0
pressure_negative_0333,random_pareto_sweep,blend_zero_new_best_econ_0.60,"[[-0.05498353540044046, -0.05500050768747283], [0.041837801561044385, 0.026253205499196998], [-0.06269147712264557, -0.030956802147066823], [-0.045186577797316003, 0.08881596490202902]]","[[0.2880973446717463, -0.6780930929654146], [-0.33632307559474645, 0.052431632970943116]]",1890919.2454766205,146.54476598386893,672.4773719406011,89.8902479967052,1746.7397949904598,56.32149393477397,12.319203858993063,100,0,False,False,False,False,True,False,False,False,1.0125044263673777,1.8722238745000976,6.560020883164131,0.3333333333333333
pressure_negative_0334,random_pareto_sweep,blend_zero_old_2000_last_0.10,"[[0.045223074914591294, -0.009745912551344408], [0.024801351071422596, 0.007833645995312626], [-0.016357740202231737, -0.02961455921908937], [-0.04262648726777842, 0.023193750862858808]]","[[0.0, 0.0], [0.0, 0.0]]",1851048.5979198432,43.49155306286337,700.4967894166725,9.256827720995979,1889.8356006267204,57.823800220795704,3.8861042853484093,300,0,True,False,False,False,False,False,False,False,0.9911554410894817,0.9198893649796638,2.3541517773591387,1.0
pressure_negative_0335,random_pareto_sweep,blend_zero_new_300_last_0.40,"[[-0.023571941000021194, -0.019978557022863754], [0.007977636118961346, 0.029433466013417557], [0.003048309231175105, -0.008233368249539885], [0.004486809108855511, -0.022736428450268572]]","[[0.0, 0.0], [0.0, 0.0]]",1866157.2796366718,39.49021494271494,691.5092784176461,6.05595332756412,1844.760926095651,62.630659888984155,5.886693202683489,300,0,True,False,False,False,False,False,False,False,0.9992454783300774,0.8755857192490215,3.388620715151683,1.0
pressure_negative_0336,random_pareto_sweep,blend_zero_new_best_econ_0.40,"[[0.0031073149223118574, 0.011474529133025836], [-0.014815332075290842, 0.0038741893227031417], [0.005488711387884196, -0.031081576420412423], [0.005053929775552199, -0.0009152412988627834]]","[[0.0, 0.0], [0.0, 0.0]]",1866774.9393844383,42.70763085706546,690.4234385167639,7.078569923296228,1839.0181606229557,54.8819110882948,1.1474529133025726,300,0,True,False,False,False,False,False,False,False,0.9995762080691175,0.9051650102006952,0.963910663034437,1.0
pressure_negative_0337,random_pareto_sweep,old_2000_last,"[[0.03333093144814182, 0.024046293386395554], [0.02297027766710421, 0.13767886078366687], [0.0307067762058353, 0.056546889812751244], [-0.015353602942625423, -0.04964561869486411]]","[[0.0, 0.0], [0.0, 0.0]]",1859397.038210399,29.740877973870834,698.7062060800972,4.947583600953875,1881.695556493348,120.81110413941997,28.42251973991452,219,0,True,False,False,False,True,False,False,False,0.9956256651710611,0.7887960306656594,15.070169187365586,0.73
pressure_negative_0338,random_pareto_sweep,blend_zero_new_best_econ_0.60,"[[0.03622377250826064, 0.04203637140852091], [-0.050312082483561386, 0.03811712797157246], [-0.03253606153781149, 0.023446082592052667], [-0.009598287123124409, 0.07828942746194922]]","[[0.0, 0.0], [0.0, 0.0]]",1857576.97843338,14.777763116981788,710.3288478670494,0.9167279815763714,1944.13362094997,52.26589840478789,7.34336336863646,60,0,True,False,False,False,True,False,False,False,0.9946511028861336,0.6560122246683745,4.043267288492354,0.2
pressure_negative_0339,random_pareto_sweep,blend_zero_new_300_last_0.10,"[[-0.010276269668119465, -0.008794460029664792], [0.022240291962735886, -0.011971014695206665], [0.011328157653432116, 0.006291900040622886], [-0.027939602315503517, 0.010383388768528826]]","[[-0.7607874646962721, 0.012550879884678312], [-1.9414199244395083, 0.183573485407224]]",1855709.8503984185,29.000097732233247,697.0732749479084,4.337991313921347,1872.5100414952715,76.16088517433676,0.5691565620747383,300,0,True,False,False,True,False,False,False,False,0.99365133761085,0.7806164674741427,0.8260458420225921,1.0
pressure_negative_0340,random_pareto_sweep,blend_zero_new_300_last_0.20,"[[-0.01613930856045242, -0.012143341722880221], [0.00909242047134979, 0.009592366472938785], [-0.048683585968170136, 0.04030812727565546], [0.010571069670966627, 0.01393837324905923]]","[[0.0, 0.0], [0.0, 0.0]]",1865972.4050092758,22.431603704818,698.2946818822467,2.700239908838963,1881.014847173303,67.13594168082037,6.667788130225176,240,0,True,False,False,False,True,False,False,False,0.9991464860653314,0.7195052558030723,3.8111985832146065,0.8
pressure_negative_0341,random_pareto_sweep,blend_zero_old_2000_last_0.05,"[[0.02380393791163774, -0.07749963814092448], [0.08643889426789317, -0.1188379039457672], [0.224556942533919, 0.22379486349870123], [0.16326995854665105, 0.12754789857745102]]","[[0.0, 0.0], [0.0, 0.0]]",1946273.384388807,447.6531398192501,621.4175515269559,847.6576987086587,1499.6045749821328,99.58680032243424,32.004606889700455,40,0,False,False,False,False,True,False,False,False,1.0421441430292158,4.677227605094479,16.71031808718898,0.13333333333333333
pressure_negative_0342,random_pareto_sweep,blend_zero_new_300_last_0.10,"[[-0.061259212866557514, -0.02931003382894869], [-0.0910572792443755, 0.04725404263089886], [-0.08016544834320902, 0.014341543507333819], [-0.04218466738898441, -0.07133517224997384]]","[[0.0, 0.0], [0.0, 0.0]]",1843145.741817357,86.74282799488883,721.445756510821,31.067050907943873,2005.6315526369317,70.78608237166813,9.450808526179742,280,0,True,False,False,False,False,False,False,False,0.9869238078223007,1.3433672998383308,5.228659540201611,0.9333333333333333
pressure_negative_0343,random_pareto_sweep,blend_zero_old_2000_last_0.05,"[[0.08381891054253678, -0.1267605268728707], [-0.07573146454738222, -0.23876422084908913], [-0.21843466823279228, 0.1798192409978513], [0.20835982440996692, 0.009272620522395287]]","[[1.3103613037295458, -0.7715835297330691], [0.3564508005625338, -0.01913407572187446]]",1941691.0335610353,372.08325657408795,632.5393730251358,736.6895116873856,1563.711609944662,151.23291450391775,42.354707929027796,87,0,False,False,False,False,True,False,False,False,1.039690494885655,3.9720182287018644,22.252547840867585,0.29
pressure_negative_0344,random_pareto_sweep,zero_residual_profile,"[[-0.0568812670082858, -0.05261927459918712], [0.029332087168550826, -0.09768881363874415], [0.045172934562351615, -0.0471578959649182], [0.012736730464823024, 0.1383962566168559]]","[[0.0, 0.0], [0.0, 0.0]]",1878345.161462989,97.97919160032663,687.0543536940813,37.929191086755736,1819.853170884895,83.76350143136898,13.839625661685602,100,0,False,False,False,False,True,False,False,False,1.0057715551716497,1.4244180146285892,7.515331366582044,0.3333333333333333
pressure_negative_0345,random_pareto_sweep,blend_zero_old_2000_last_0.80,"[[-0.0048104930946388435, 0.07283444254581316], [-0.0392510202633436, -0.010641940521283514], [0.016586949252776977, 0.009225427686139013], [0.07828852377272072, 0.022423690503661595]]","[[0.0, 0.0], [0.0, 0.0]]",1893106.7684194036,118.74850341156449,677.6795457361684,78.58399375641524,1777.1106889188568,94.87820489297417,12.158914842404016,280,0,False,False,False,False,False,False,False,False,1.0136757490812622,1.6136404952236432,6.75399619627609,0.9333333333333333
pressure_negative_0346,random_pareto_sweep,blend_zero_new_best_econ_0.20,"[[-0.038587811275524575, -0.06717888999774754], [0.04986584096210017, -0.11437157779742886], [0.07705022138557945, -0.04783373884913608], [0.11590964440941841, -0.03927375782295672]]","[[0.0, 0.0], [0.0, 0.0]]",1918765.0783339867,254.0256715244488,644.8699539197654,297.3656252746893,1614.6589047030304,77.85582331588762,0.0,300,0,False,False,False,False,False,False,False,False,1.027414650107188,2.866650535587258,0.5535177626002066,1.0
pressure_negative_0347,random_pareto_sweep,blend_zero_new_300_last_0.60,"[[0.07895160773548131, 0.06902464768688565], [-0.07732964810113419, -0.0914795405175297], [0.0655355101449004, -0.03032490294105138], [0.0936429279466497, -0.017820094286302327]]","[[0.4319624905712227, -0.5610167981104116], [0.3486414210922749, 1.789279072429064]]",1941971.2771788472,405.96093251001173,612.6688534192372,746.788342144964,1465.6228573596682,91.49643647656879,0.0,300,0,False,False,False,False,False,False,False,False,1.0398405530672377,4.277337167832496,0.6504960149084629,1.0
pressure_negative_0348,random_pareto_sweep,zero_residual_profile,"[[-0.001084309173266395, 0.010623488873677107], [0.0009272015249941211, 0.0024920808549084373], [0.034468215138765974, 0.024034600620791022], [0.0015880763039143669, 0.004289081758720682]]","[[0.1546988937743075, 0.42530679478456396], [0.3746104484554595, -0.5546295279522552]]",1846652.1298487105,56.42540397064634,721.8860386384936,17.309648934299062,2006.0725014249647,75.38848321632435,11.158952114152015,0,0,True,False,False,False,True,False,False,False,0.9888013250197166,1.0575242413732617,6.1154522086146645,0.0
pressure_negative_0349,random_pareto_sweep,blend_zero_old_2000_last_0.60,"[[-0.0017754735875510578, -0.01973982711355076], [0.026727694748638432, 0.029265579934759058], [0.005274939646813206, 0.014175872038104697], [0.015348984174888641, 0.02791544305624502]]","[[0.0, 0.0], [0.0, 0.0]]",1870992.7205215504,56.30336455854399,690.2342619861583,12.652468089491363,1837.99477193744,65.17027216865105,5.810329326692681,300,0,False,False,False,False,False,False,False,False,1.0018346451128943,1.033356255524497,3.368494208940871,1.0
pressure_negative_0350,random_pareto_sweep,blend_zero_new_300_last_0.10,"[[0.02524067152020419, -0.013913001918378963], [0.01649976769994796, 0.03717034206391317], [-0.02832209439983977, -0.05580539963421687], [0.01929092339359891, -0.02666939276384868]]","[[-0.3782740867119564, 1.072427836559995], [0.9088987614701953, -1.182536956309903]]",1844618.941203751,94.12154871159765,737.872309262191,35.432223439556786,2096.5960617329283,65.17413540935206,21.97308607133442,0,0,True,False,False,False,True,False,False,False,0.9877126415618767,1.42495914299418,11.449900047060163,0.0
pressure_negative_0351,random_pareto_sweep,blend_zero_old_2000_last_0.10,"[[0.0007881844875896065, 0.028051639850970447], [0.02025875700962755, -0.025607992218065496], [0.01489122212433017, 0.07511777356379974], [0.01025723436545138, -0.08165739679093101]]","[[0.0, 0.0], [0.0, 0.0]]",1873417.2782380907,78.76317766735602,685.8935718380144,24.06669051378794,1815.2295752409966,63.22870956548519,18.157856390039058,240,0,False,False,False,False,True,False,False,False,1.0031328895650848,1.2421958482656625,9.528454156729367,0.8
pressure_negative_0352,random_pareto_sweep,blend_zero_new_best_econ_0.20,"[[-0.02574781626231191, 0.0005944932365804421], [-0.004526708660642688, 0.0019176591855012803], [0.003885043063075436, 0.02279943972125849], [0.0016956657280162123, 0.025545191144240944]]","[[-1.0037744745579087, -2.7256305436802295], [0.41367211788875974, 3.0810004327077642]]",1947345.8509145747,511.2225569048696,588.1572085798794,1048.7882352209442,1345.7137625502985,123.43325065655074,0.0,300,0,False,False,False,False,False,False,False,False,1.0427184018755775,5.25306738831527,0.8775515282482697,1.0
pressure_negative_0353,random_pareto_sweep,blend_zero_new_300_last_0.40,"[[0.009164709545717225, 0.013734947083233591], [-0.008260626500289102, -0.004886667825473414], [0.019692829766665244, 0.04017387280579641], [0.029758958715936396, 0.01610489259456044]]","[[0.0, 0.0], [0.0, 0.0]]",1878560.9229265624,87.78680785325311,683.6538364095682,32.56264026776161,1804.5523258312974,61.884209795118466,8.543608914054545,240,0,False,False,False,False,True,False,False,False,1.0058870859842057,1.3257403583624212,4.711771666764373,0.8
pressure_negative_0354,random_pareto_sweep,blend_zero_new_best_econ_0.10,"[[-0.07347208523598424, -0.001866168952486807], [-0.01592151622329725, -0.05864244276420402], [-0.018508950531003526, -0.01604765003581721], [-0.030831856996223334, 0.046333508238796985]]","[[0.004928676673637758, 0.14419078408845887], [0.60632270402846, -0.8084602624186411]]",1846459.8606098061,62.65443105359935,729.5617343719616,20.08319712264968,2048.6082586181938,73.57853145142735,19.390160342842876,20,0,True,False,False,False,True,False,False,False,0.9886983732644204,1.1219009202333097,10.218188429350452,0.06666666666666667
pressure_negative_0355,random_pareto_sweep,reference_q_zero,"[[-0.09179238050923318, -0.0007316132694947454], [-0.04415781353479962, 0.15510714046556945], [-0.032422724992519185, -0.005318515171707793], [0.24754181395979424, -0.01947602267306869]]","[[0.0, 0.0], [0.0, 0.0]]",1946090.9885046796,385.6014773575962,664.813090575238,767.4468332996738,1716.8011319487728,64.0984062489213,33.043877302809136,0,0,False,False,False,False,True,False,False,False,1.0420464780229117,4.123083721137643,16.977647741644216,0.0
pressure_negative_0356,random_pareto_sweep,blend_zero_new_300_last_0.80,"[[0.032551880283926846, 0.2028645837424592], [0.12106819089635575, 0.03039180222246367], [0.08558297981059902, -0.08691759087306522], [-0.026051215419971876, 0.09478498441840554]]","[[0.0, 0.0], [0.0, 0.0]]",1865841.0774817362,86.83106589129561,689.6936127145649,37.741723710280525,1832.0913441768275,75.80320143821115,31.256614624142372,80,0,True,False,False,False,True,False,False,False,0.9990761659269882,1.3211111175646346,16.167231912325835,0.26666666666666666
pressure_negative_0357,random_pareto_sweep,new_300_last,"[[-0.02417941547115786, 0.10906878969392682], [0.0048130624884486235, 0.09116809863501894], [0.010342865863789623, 0.012309014116271761], [-0.015274544382994873, 0.04712775707551144]]","[[0.0, 0.0], [0.0, 0.0]]",1855682.0670443398,15.003891717890628,708.7250887318053,1.180090502716741,1935.5595573060555,65.44531401610305,15.02242411375937,60,0,True,False,False,False,True,False,False,False,0.9936364608417594,0.6569804328449819,7.976497018800691,0.2
pressure_negative_0358,random_pareto_sweep,reference_q_zero,"[[0.020190843077388037, 0.022069064094250218], [-0.008992841813442773, 0.0042473305597589125], [-0.02416949591808466, -0.017909618209573982], [0.0024833046426675992, 0.0006281357515968707]]","[[-1.597566554933339, 0.682589785369816], [-2.95145879503785, -1.5173658443402942]]",1872092.4926322098,14.09486345216672,763.3899276470407,1.1052362209461664,2241.7272894548482,15.857621484220005,17.793940417335534,0,0,False,False,False,False,True,False,False,False,1.002423524903875,0.688150567172906,9.009710332530991,0.0
pressure_negative_0359,random_pareto_sweep,blend_zero_new_300_last_0.40,"[[0.008380412077159612, -0.03605467100109403], [0.0006345839707108054, 0.03279048031494847], [0.03346867962541804, -0.03611815138357642], [0.005968192032619114, -0.019779425927609093]]","[[0.0, 0.0], [0.0, 0.0]]",1870272.1760911376,69.06286586497966,684.7080562399099,18.64464929944971,1808.8806921792425,65.07007430926521,6.558096062989705,300,0,False,False,False,False,False,False,False,False,1.0014488251330445,1.1497734831686977,3.741665218108609,1.0
pressure_negative_0360,random_pareto_sweep,blend_zero_new_best_econ_0.40,"[[0.12282911569331255, 0.05996588742203582], [-0.07151409284828807, 0.07050339974100026], [-0.22437083318816795, -0.07529457984332405], [-0.08238915447012507, 0.007832069173893117]]","[[0.0, 0.0], [0.0, 0.0]]",1843525.4899990465,92.07946888065368,723.0369274893278,34.594729255355226,2014.5183878003386,77.04782185085793,8.887618315374084,260,0,True,False,False,False,True,False,False,False,0.9871271463391545,1.3948963780651875,4.99158241532856,0.8666666666666667
pressure_negative_0361,random_pareto_sweep,zero_residual_profile,"[[-0.005687036332091167, 0.008034965596095643], [0.01652247087305528, -0.011120517814452587], [-0.0011880546134535157, 0.023238131260931726], [-0.022055213545347133, 0.03609404392511888]]","[[0.0, 0.0], [0.0, 0.0]]",1859951.3945041185,30.314525635592425,696.6937181501178,5.377129951354931,1870.3554181196541,72.85107492960552,4.412900952121447,100,0,True,False,False,False,True,False,False,False,0.9959224986833956,0.7927472241329747,2.724386865153233,0.3333333333333333
pressure_negative_0362,random_pareto_sweep,blend_zero_new_best_econ_0.05,"[[-0.0950189996876012, 0.2187926996869377], [-0.05033500288471519, -0.050084115652853284], [-0.03707487399399192, 0.009560280789395026], [-0.032844177890451104, -0.013288680462239941]]","[[0.0, 0.0], [0.0, 0.0]]",1847269.4506567176,49.97579061145822,715.4100052504273,11.559020819523393,1972.271658780417,74.56496230315139,23.791326126572812,280,0,True,False,False,False,False,False,False,False,0.9891318732713625,0.9919378227126995,12.42578437399364,0.9333333333333333
pressure_negative_0363,random_pareto_sweep,blend_zero_new_300_last_0.40,"[[0.0017806621486644806, 0.10385687974123936], [0.13090609482794022, -0.018770806139179752], [0.08162290816739554, -0.11015687804448066], [0.07673423426961046, -0.05724757991345769]]","[[0.7002362235988896, 0.09050276836542336], [0.74824407383919, -0.37436635690790204]]",1928094.931218753,290.54482968115065,642.4308760795662,374.85429956921365,1601.6078112641005,71.4856878341248,22.85503224468772,99,0,False,False,False,False,True,False,False,False,1.0324103776432951,3.20957770475328,11.935745260546385,0.33
pressure_negative_0364,random_pareto_sweep,blend_zero_new_300_last_0.80,"[[-0.03260800186184727, 0.01126643357446016], [0.01083414143297075, 0.03307458669620863], [0.012537030995566373, -0.03695922689109087], [0.0440153476046282, 0.08658282971626972]]","[[0.0, 0.0], [0.0, 0.0]]",1880764.7880429598,78.20010888257912,689.8475343436502,30.985075077761902,1837.0693925112046,67.01243317149618,15.638214761478594,100,0,False,False,False,False,True,False,False,False,1.0070671592162102,1.2397562803657118,8.295533812259842,0.3333333333333333
pressure_negative_0365,random_pareto_sweep,blend_zero_new_best_econ_0.80,"[[0.009986391367075775, -0.006623607881042981], [-0.0026220571191059305, 0.01112355511462024], [-0.009127848596511971, -0.005377039426873428], [-0.0020023903387317273, 0.029395078759700325]]","[[0.0, 0.0], [0.0, 0.0]]",1860727.8970044502,10.513741303309974,699.6956646134854,0.5074948149464367,1887.5096241213282,44.49755627161204,5.164218898894092,300,0,True,False,False,False,False,False,False,False,0.9963382817585067,0.6080324576578433,2.898465846947415,1.0
pressure_negative_0366,random_pareto_sweep,zero_residual_profile,"[[0.012710719818680213, 0.013689968057372893], [-0.007362730677877065, 0.005873185823034179], [0.003762432883910012, 0.012048387719381711], [0.01209499807879599, -0.05211577175054452]]","[[-0.6156848865585217, 0.05430395888973999], [1.1260499725171162, 0.12138784987824346]]",1865881.2413958495,40.65729960509174,691.0794415341733,6.392253318086965,1842.146284030693,70.66084787726959,3.8279146792791607,300,0,True,False,False,False,False,False,False,False,0.9990976719436608,0.8862891554647594,2.416322259239351,1.0
pressure_negative_0367,random_pareto_sweep,new_best_econ,"[[0.022539725045622423, -0.00237128305942868], [-0.003960923414495573, -0.05700648210402729], [-0.006530043937810518, -0.02706537785421053], [0.004424590840012454, 0.003057414222400035]]","[[0.0, 0.0], [0.0, 0.0]]",1861834.3283291815,13.795223287457429,696.9981772818338,0.7483300991115203,1873.7346532495815,47.633630475126324,0.3057414222400041,300,0,True,False,False,True,False,False,False,False,0.9969307272669238,0.6370445282261323,0.49152310014093425,1.0
pressure_negative_0368,random_pareto_sweep,new_best_econ,"[[-0.0005253885934393673, 0.04560832623846392], [0.0046490289043980785, -0.026204327874332658], [-0.011241437502202396, -0.007454934006156441], [0.011842543023067573, -0.018944998004586013]]","[[-0.22406040382777181, 0.4057076908398592], [0.3206606942326779, 0.5832835675519794]]",1843089.401762111,86.32181039803804,720.1071283617082,30.894966633791057,1998.2081862530363,46.84713208618237,1.854657516225302,300,0,True,False,False,False,False,False,False,False,0.9868936401906291,1.3384199520079665,1.2603895187878063,1.0
pressure_negative_0369,random_pareto_sweep,blend_zero_new_best_econ_0.10,"[[-0.03310251811111996, 0.12025275676479019], [-0.1363997085977046, -0.13883843009898572], [-0.12138016860912133, 0.0009211692632089451], [0.12023781165777557, -0.06021420806396302]]","[[0.2864140616938274, -0.2388126516772869], [-0.26670847895825067, -0.6726976316788452]]",1921242.6260791505,190.88561131467137,676.3305429452903,231.67534262823355,1779.8576336454712,87.72926345528711,36.586337425626255,191,0,False,False,False,False,True,False,False,False,1.028741268398538,2.2935546918906367,18.91688192467284,0.6366666666666667
pressure_negative_0370,random_pareto_sweep,new_300_last,"[[0.05887308764676663, 0.004546300423923834], [-0.03699272551239576, 0.061807198636446715], [-0.029260675103009365, 0.07099777897412328], [0.07018034889500503, 0.0028005813187334328]]","[[0.5809140843968192, -0.4858305370808852], [1.4341918721625837, 1.053454180532021]]",1936624.9313636182,290.54036335765096,639.0071273915564,440.584506544972,1591.2285922710707,86.89606575591222,10.977397933474492,219,0,False,False,False,False,True,False,False,False,1.0369778190738324,3.2070459169626098,6.1064885404319575,0.73
pressure_negative_0371,random_pareto_sweep,blend_zero_new_best_econ_0.40,"[[0.06554691749432202, -0.033117389433994816], [0.015923670638719616, -0.05929351151224685], [0.03331671978706171, -0.0011472684813593709], [0.014050462774340605, -0.007317486192023511]]","[[1.1856453220263503, 2.2345560551121566], [-0.8350025383651278, 0.8303107574566423]]",1842230.2824230103,99.93166507920108,723.4572103125931,38.42209501852601,2017.6687635378685,65.6308375304962,0.0,300,0,True,False,True,True,False,False,True,False,0.9864336194172946,1.4693181091749148,0.46660394560421653,1.0
pressure_negative_0372,random_pareto_sweep,blend_zero_old_2000_last_0.40,"[[0.0001619562269771738, -0.030531914667294335], [-0.02603194702221185, -0.015619639023031411], [-0.042780094471438636, 0.0281606145981123], [0.007354064583594272, -0.0005992209679824351]]","[[-0.0011706940934791638, 0.9852449827419885], [-0.3493220979365409, 0.431899007206219]]",1842497.8822316437,97.44194143403355,722.633774297187,36.95458239367025,2012.8868627120667,75.056525603522,0.0,300,0,True,False,False,True,False,False,False,False,0.9865769073929098,1.4452190759313273,0.533616091272247,1.0
pressure_negative_0373,random_pareto_sweep,blend_zero_new_best_econ_0.20,"[[-0.009598048153499216, 0.0011047851857773313], [0.024293676977858635, -0.006919032603330884], [-0.013802098161042664, 0.028361411082495278], [0.0009111564222719068, 0.02182410181172326]]","[[0.0, 0.0], [0.0, 0.0]]",1866164.9462310052,39.752224934055974,693.5900536196862,6.119805475602295,1855.1286023923012,63.456998204970375,3.600350553904491,300,0,True,False,False,False,False,False,False,False,0.9992495834555164,0.8795718732030255,2.251324261983566,1.0
pressure_negative_0374,random_pareto_sweep,blend_zero_new_300_last_0.60,"[[-0.008851804759787325, 0.01919092125289571], [-0.004061143341373247, -0.029930144555877992], [-0.033588474699785674, -0.034534363046408494], [0.012359415151078829, -0.023030086227468886]]","[[0.0, 0.0], [0.0, 0.0]]",1864326.359248665,16.746825443237125,697.3544772505447,1.5888637762052689,1876.34616615934,61.3766272307798,3.0378354813315127,300,0,True,False,False,False,False,False,False,False,0.9982651006637028,0.6651635027669792,1.9552762805130315,1.0
pressure_negative_0375,random_pareto_sweep,zero_residual_profile,"[[-0.01618126204242451, 0.021255156703171553], [0.08201414053774993, 0.08432288082912488], [-0.06815752567926284, -0.017486264965638657], [-0.0783057406853999, 0.07599425375550416]]","[[0.08304743063010504, 0.6903155501747371], [0.6056625973800694, 0.5790223483280605]]",1843143.6678905543,89.72641385520114,720.6035401196126,33.51778030611236,2001.0052522622618,85.99907805525987,6.513197562725281,300,0,True,False,False,False,False,False,False,False,0.9869226973253439,1.3709166461721805,3.8680112004143328,1.0
pressure_negative_0376,epsilon_local_refinement,blend_zero_new_best_econ_0.80,"[[-0.16436062817487562, 0.12421386186275805], [-0.026231452558099517, -0.09044532262960452], [0.03471032508712023, -0.020276935566381823], [0.1538465314028524, 0.034062202849120995]]","[[1.6393074271390682, 1.1754076414459487], [2.12919520922243, 0.9130236193706827]]",1841851.3264864527,100.16378043059464,725.050798036018,38.58762657749374,2026.577010186541,46.89291186942779,7.8562680894224,282,0,True,False,False,False,False,False,False,False,0.9862307051130055,1.4726678247930538,4.261520277805952,0.94
pressure_negative_0377,epsilon_local_refinement,zero_residual_profile,"[[0.0, -0.005], [0.0, 0.0], [0.0, 0.0], [0.0, 0.0]]","[[0.0, 0.0], [0.0, 0.0]]",1867566.3989547025,52.97225901298851,687.6017452732317,10.830766100591546,1823.7886814120259,70.32820676806458,0.0,300,0,False,True,True,True,False,False,False,False,1.0,1.0,0.5,1.0
pressure_negative_0378,epsilon_local_refinement,blend_zero_old_2000_last_0.05,"[[-0.07210621147987926, -0.027361505470462424], [-0.021424454337091038, 0.014587197828259946], [-0.07012259926314353, 0.04388165233616967], [0.14520881320393145, -0.13136281090041632]]","[[-0.6551933401617445, 2.6976988121188965], [1.5025638300222581, 1.4164835281773962]]",1841892.6413331258,100.16378044837407,723.9211611780981,38.58762659119263,2020.274857368567,55.154642160125235,0.0,300,0,True,False,True,True,False,False,True,False,0.9862528274036486,1.4718463924487488,0.39212319419731373,1.0
pressure_negative_0379,epsilon_local_refinement,zero_residual_profile,"[[0.0, 0.0], [0.0, 0.0], [0.0, 0.03], [0.0, 0.0]]","[[0.0, 0.0], [0.0, 0.0]]",1867772.240160947,53.371096738559956,688.9463751894617,10.989636188229088,1830.8502048183461,70.32820676806458,6.0,300,0,False,False,False,False,False,False,False,False,1.0001102189493019,1.0047423584585404,3.5,1.0
pressure_negative_0380,epsilon_local_refinement,blend_zero_new_best_econ_0.80,"[[-0.16436062817487562, 0.12421386186275805], [-0.026231452558099517, -0.06044532262960452], [0.019710325087120232, -0.020276935566381823], [0.1538465314028524, 0.034062202849120995]]","[[1.6393074271390682, 1.1754076414459487], [2.12919520922243, 0.9130236193706827]]",1841851.3264864527,100.16378043059464,725.050798036018,38.58762657749374,2026.577010186541,46.89291186942779,7.8562680894224,282,0,True,False,False,False,False,False,False,False,0.9862307051130055,1.4726678247930538,4.261520277805952,0.94
pressure_negative_0381,epsilon_local_refinement,zero_residual_profile,"[[0.0, 0.0], [0.0, 0.0], [0.0, 0.0], [0.0, -0.015]]","[[0.0, 0.0], [0.0, 0.0]]",1867566.3989547025,52.97225901298851,687.6017452732317,10.830766100591546,1823.7886814120259,70.32820676806458,0.0,300,0,False,True,True,True,False,False,False,False,1.0,1.0,0.5,1.0
pressure_negative_0382,epsilon_local_refinement,blend_zero_old_2000_last_0.05,"[[-0.07210621147987926, -0.022361505470462423], [-0.021424454337091038, 0.014587197828259946], [-0.07012259926314353, 0.04388165233616967], [0.14520881320393145, -0.13136281090041632]]","[[-0.6551933401617445, 2.9976988121188963], [1.5025638300222581, 1.4164835281773962]]",1841864.694081306,100.16378044783019,723.9557165206779,38.587626590773574,2020.4674932207258,53.99970946901021,0.0,300,0,True,False,True,True,False,False,True,False,0.986237862874497,1.471871519883167,0.3839121737249457,1.0
pressure_negative_0383,epsilon_local_refinement,zero_residual_profile,"[[0.0, 0.0], [0.03, 0.0], [0.0, 0.0], [0.0, 0.0]]","[[0.0, 0.0], [0.0, 0.0]]",1868444.718775804,60.50487981134175,685.81025997443,14.179203255655226,1814.2349570303716,70.32820676806458,0.0,300,0,False,False,True,True,False,False,False,False,1.0004703017903904,1.069796969379835,0.5,1.0
pressure_negative_0384,epsilon_local_refinement,blend_zero_new_best_econ_0.80,"[[-0.16436062817487562, 0.10921386186275805], [-0.026231452558099517, -0.09044532262960452], [0.019710325087120232, -0.020276935566381823], [0.1538465314028524, 0.034062202849120995]]","[[1.6393074271390682, 1.1754076414459487], [2.12919520922243, 0.9130236193706827]]",1841835.219075466,100.1637804347375,724.7875766840108,38.58762658068578,2025.1076419336569,46.889020107156284,6.3562680894224,287,0,True,False,False,False,False,False,False,False,0.986222080299989,1.4724764194482878,3.5114926092327696,0.9566666666666667
pressure_negative_0385,epsilon_local_refinement,zero_residual_profile,"[[0.0, 0.0], [0.0, 0.0], [0.0, -0.015], [0.0, 0.0]]","[[0.0, 0.0], [0.0, 0.0]]",1867566.3989547025,52.97225901298851,687.6017452732317,10.830766100591546,1823.7886814120259,70.32820676806458,0.0,300,0,False,True,True,True,False,False,False,False,1.0,1.0,0.5,1.0
pressure_negative_0386,epsilon_local_refinement,blend_zero_old_2000_last_0.05,"[[-0.07210621147987926, -0.027361505470462424], [-0.016424454337091037, 0.014587197828259946], [-0.07012259926314353, 0.04388165233616967], [0.14520881320393145, -0.13136281090041632]]","[[-0.6551933401617445, 2.9976988121188963], [1.5025638300222581, 1.4164835281773962]]",1841865.3031735546,100.16378044784211,723.9549610128893,38.58762659078276,2020.4632813891708,54.00616223248872,0.0,300,0,True,False,True,True,False,False,True,False,0.9862381890167154,1.4718709705043738,0.38395804979498244,1.0
pressure_negative_0387,epsilon_local_refinement,zero_residual_profile,"[[0.0, 0.0], [0.0, 0.0], [0.015, 0.0], [0.0, 0.0]]","[[0.0, 0.0], [0.0, 0.0]]",1868962.1427651471,63.900901266529694,685.0998202682354,15.83905082784917,1810.6228709829263,73.31446086455239,0.0,300,0,False,False,False,True,False,False,False,False,1.0007473596715093,1.1013350785823506,0.5212308420313928,1.0
pressure_negative_0388,epsilon_local_refinement,blend_zero_new_best_econ_0.80,"[[-0.16936062817487563, 0.10921386186275805], [-0.026231452558099517, -0.09044532262960452], [0.019710325087120232, -0.020276935566381823], [0.1538465314028524, 0.034062202849120995]]","[[1.6393074271390682, 1.1754076414459487], [2.12919520922243, 0.9130236193706827]]",1841829.0290405985,100.16378043479723,724.7837842290583,38.5876265807318,2025.0864753862852,46.89659056937023,6.3562680894224,287,0,True,False,False,False,False,False,False,False,0.986218765807465,1.472473661707922,3.5115464316076164,0.9566666666666667
pressure_negative_0389,epsilon_local_refinement,zero_residual_profile,"[[0.0, 0.0], [0.0, 0.015], [0.0, 0.0], [0.0, 0.0]]","[[0.0, 0.0], [0.0, 0.0]]",1867603.052264992,53.06023640153343,687.8546844799644,10.866019877226648,1825.131120842194,70.32820676806458,3.0,300,0,False,False,False,False,False,False,False,False,1.000019626242103,1.0010143385791141,2.0,1.0
pressure_negative_0390,epsilon_local_refinement,blend_zero_old_2000_last_0.05,"[[-0.07210621147987926, -0.027361505470462424], [-0.021424454337091038, -0.015412802171740052], [-0.07012259926314353, 0.04388165233616967], [0.14520881320393145, -0.13136281090041632]]","[[-0.6551933401617445, 2.9976988121188963], [1.5025638300222581, 1.4164835281773962]]",1841864.694081306,100.16378044783019,723.9557165206779,38.587626590773574,2020.4674932207258,53.99970946901021,0.0,300,0,True,False,True,True,False,False,True,False,0.986237862874497,1.471871519883167,0.3839121737249457,1.0
pressure_negative_0391,epsilon_local_refinement,zero_residual_profile,"[[0.0, 0.0], [0.0, -0.03], [0.0, 0.0], [0.0, 0.0]]","[[0.0, 0.0], [0.0, 0.0]]",1867566.3989547025,52.97225901298851,687.6017452732317,10.830766100591546,1823.7886814120259,70.32820676806458,0.0,300,0,False,True,True,True,False,False,False,False,1.0,1.0,0.5,1.0
pressure_negative_0392,epsilon_local_refinement,blend_zero_new_best_econ_0.80,"[[-0.16936062817487563, 0.10421386186275805], [-0.026231452558099517, -0.09044532262960452], [0.019710325087120232, -0.020276935566381823], [0.1538465314028524, 0.034062202849120995]]","[[1.6393074271390682, 1.1754076414459487], [2.12919520922243, 0.9130236193706827]]",1841823.6652318249,100.16378043619054,724.6952561116132,38.58762658180533,2024.5924114244517,46.8952945631022,5.8562680894224,289,0,True,False,False,False,False,False,False,False,0.9862158937228223,1.4724092871626506,3.2615372176213113,0.9633333333333334
pressure_negative_0393,epsilon_local_refinement,zero_residual_profile,"[[0.0, 0.0], [0.0, 0.0], [0.0, 0.0], [0.0, 0.0]]","[[0.0, 0.0], [0.0, 0.7]]",1867566.3989547025,52.97225901298851,687.6017452732317,10.830766100591546,1823.7886814120259,70.32820676806458,0.0,300,0,False,True,True,True,False,False,False,False,1.0,1.0,0.5,1.0
pressure_negative_0394,epsilon_local_refinement,blend_zero_old_2000_last_0.05,"[[-0.07210621147987926, -0.032361505470462425], [-0.021424454337091038, 0.014587197828259946], [-0.07012259926314353, 0.04388165233616967], [0.14520881320393145, -0.13136281090041632]]","[[-0.6551933401617445, 2.9976988121188963], [1.5025638300222581, 1.4164835281773962]]",1841864.694081306,100.16378044783019,723.9557165206779,38.587626590773574,2020.4674932207258,53.99970946901021,0.0,300,0,True,False,True,True,False,False,True,False,0.986237862874497,1.471871519883167,0.3839121737249457,1.0
pressure_negative_0395,epsilon_local_refinement,zero_residual_profile,"[[0.0, 0.0], [-0.015, 0.0], [0.0, 0.0], [0.0, 0.0]]","[[0.0, 0.0], [0.0, 0.0]]",1867127.0787762448,49.20943229793203,688.4976967764992,9.337410164287213,1828.5761802276766,70.32820676806458,0.0,300,0,True,False,True,True,False,False,True,False,0.999764763288361,0.9651345493368659,0.5,1.0
pressure_negative_0396,epsilon_local_refinement,blend_zero_new_best_econ_0.80,"[[-0.16436062817487562, 0.10421386186275805], [-0.026231452558099517, -0.09044532262960452], [0.019710325087120232, -0.020276935566381823], [0.1538465314028524, 0.034062202849120995]]","[[1.6393074271390682, 1.1754076414459487], [2.12919520922243, 0.9130236193706827]]",1841829.8552828995,100.16378043613014,724.6990927962232,38.58762658175881,2024.613822214164,46.88771186237037,5.8562680894224,289,0,True,False,False,False,False,False,False,False,0.9862192082240245,1.472412077065274,3.261483308236441,0.9633333333333334
pressure_negative_0397,epsilon_local_refinement,zero_residual_profile,"[[0.0, 0.0], [0.0, 0.0], [0.0, -0.03], [0.0, 0.0]]","[[0.0, 0.0], [0.0, 0.0]]",1867566.3989547025,52.97225901298851,687.6017452732317,10.830766100591546,1823.7886814120259,70.32820676806458,0.0,300,0,False,True,True,True,False,False,False,False,1.0,1.0,0.5,1.0
pressure_negative_0398,epsilon_local_refinement,blend_zero_old_2000_last_0.05,"[[-0.07210621147987926, -0.027361505470462424], [-0.021424454337091038, 0.014587197828259946], [-0.10012259926314353, 0.04388165233616967], [0.14520881320393145, -0.13136281090041632]]","[[-0.6551933401617445, 2.9976988121188963], [1.5025638300222581, 1.4164835281773962]]",1841864.694081306,100.16378044783019,723.9557165206779,38.587626590773574,2020.4674932207258,53.99970946901021,0.0,300,0,True,False,True,True,False,False,True,False,0.986237862874497,1.471871519883167,0.3839121737249457,1.0
pressure_negative_0399,epsilon_local_refinement,zero_residual_profile,"[[0.0, 0.0], [0.0, 0.0], [0.005, 0.0], [0.0, 0.0]]","[[0.0, 0.0], [0.0, 0.0]]",1868031.7443054498,56.61294643929086,686.7676695540855,12.386003213115512,1819.3937759549567,71.31446086455239,0.0,300,0,False,False,False,True,False,False,False,False,1.0002491720513969,1.0337575837090416,0.5070117961328118,1.0
pressure_negative_0400,epsilon_local_refinement,blend_zero_new_best_econ_0.80,"[[-0.16936062817487563, 0.10421386186275805], [-0.026231452558099517, -0.09044532262960452], [0.019710325087120232, -0.020276935566381823], [0.1488465314028524, 0.034062202849120995]]","[[1.6393074271390682, 1.1754076414459487], [2.12919520922243, 0.9130236193706827]]",1841823.6652318249,100.16378043619054,724.6952561116132,38.58762658180533,2024.5924114244517,46.8952945631022,5.8562680894224,289,0,True,False,False,False,False,False,False,False,0.9862158937228223,1.4724092871626506,3.2615372176213113,0.9633333333333334
pressure_negative_0401,epsilon_local_refinement,zero_residual_profile,"[[0.0, 0.0], [0.0, 0.0], [0.0, 0.0], [-0.005, 0.0]]","[[0.0, 0.0], [0.0, 0.0]]",1865610.53543791,46.66439975103023,688.9500082433053,8.607577662523177,1830.6191333884153,70.81446086455239,0.0,300,0,True,False,False,True,False,False,False,False,0.9989527207611535,0.941441139810504,0.5034570346581666,1.0
pressure_negative_0402,epsilon_local_refinement,blend_zero_old_2000_last_0.05,"[[-0.07210621147987926, -0.027361505470462424], [-0.021424454337091038, 0.014587197828259946], [-0.07012259926314353, 0.04388165233616967], [0.13020881320393146, -0.13136281090041632]]","[[-0.6551933401617445, 2.9976988121188963], [1.5025638300222581, 1.4164835281773962]]",1841864.694081306,100.16378044783019,723.9557165206779,38.587626590773574,2020.4674932207258,53.99970946901021,0.0,300,0,True,False,True,True,False,False,True,False,0.986237862874497,1.471871519883167,0.3839121737249457,1.0
pressure_negative_0403,epsilon_local_refinement,zero_residual_profile,"[[0.0, 0.0], [0.0, -0.005], [0.0, 0.0], [0.0, 0.0]]","[[0.0, 0.0], [0.0, 0.0]]",1867566.3989547025,52.97225901298851,687.6017452732317,10.830766100591546,1823.7886814120259,70.32820676806458,0.0,300,0,False,True,True,True,False,False,False,False,1.0,1.0,0.5,1.0
pressure_negative_0404,epsilon_local_refinement,blend_zero_new_best_econ_0.80,"[[-0.19936062817487563, 0.10421386186275805], [-0.026231452558099517, -0.09044532262960452], [0.019710325087120232, -0.020276935566381823], [0.1538465314028524, 0.034062202849120995]]","[[1.6393074271390682, 1.1754076414459487], [2.12919520922243, 0.9130236193706827]]",1841793.5782504063,100.16378043666427,724.6651559976111,38.587626582170344,2024.4244403255716,57.51691953263614,5.8562680894224,293,0,True,False,False,False,False,False,False,False,0.9861997834621989,1.4723873994143575,3.33705190410097,0.9766666666666667
pressure_negative_0405,epsilon_local_refinement,zero_residual_profile,"[[0.0, 0.0], [0.0, 0.0], [0.0, 0.0], [0.0, -0.005]]","[[0.0, 0.0], [0.0, 0.0]]",1867566.3989547025,52.97225901298851,687.6017452732317,10.830766100591546,1823.7886814120259,70.32820676806458,0.0,300,0,False,True,True,True,False,False,False,False,1.0,1.0,0.5,1.0
pressure_negative_0406,epsilon_local_refinement,blend_zero_old_2000_last_0.05,"[[-0.07210621147987926, -0.027361505470462424], [-0.021424454337091038, 0.029587197828259946], [-0.07012259926314353, 0.04388165233616967], [0.14520881320393145, -0.13136281090041632]]","[[-0.6551933401617445, 2.9976988121188963], [1.5025638300222581, 1.4164835281773962]]",1841864.694081306,100.16378044783019,723.9557165206779,38.587626590773574,2020.4674932207258,53.99970946901021,0.0,300,0,True,False,True,True,False,False,True,False,0.986237862874497,1.471871519883167,0.3839121737249457,1.0
pressure_negative_0407,epsilon_local_refinement,zero_residual_profile,"[[0.0, 0.0], [0.0, 0.0], [0.0, 0.0], [0.0, 0.0]]","[[0.3, 0.0], [0.0, 0.0]]",1870048.1346935248,63.46241478925447,685.2889255906322,15.531344655933253,1811.8948354179365,69.8858074814944,0.0,300,0,False,False,True,True,False,False,False,False,1.0013288607785036,1.0973337581695932,0.4968547521193796,1.0
pressure_negative_0408,epsilon_local_refinement,blend_zero_new_best_econ_0.80,"[[-0.22936062817487562, 0.10421386186275805], [-0.026231452558099517, -0.09044532262960452], [0.019710325087120232, -0.020276935566381823], [0.1538465314028524, 0.034062202849120995]]","[[1.6393074271390682, 1.1754076414459487], [2.12919520922243, 0.9130236193706827]]",1841769.527521532,100.16378043707874,724.6388210729415,38.58762658248969,2024.2774862611454,61.13501824879643,5.870866468775347,294,0,True,False,False,False,False,False,False,False,0.9861869053504019,1.4723682495798271,3.370074049632783,0.98
pressure_negative_0409,epsilon_local_refinement,zero_residual_profile,"[[0.0, 0.015], [0.0, 0.0], [0.0, 0.0], [0.0, 0.0]]","[[0.0, 0.0], [0.0, 0.0]]",1867604.2082371423,53.07084747388733,687.852916780836,10.870403248254089,1825.1216544832148,70.32820676806458,1.5,300,0,False,False,False,False,False,False,False,False,1.0000202452145535,1.001113210049747,1.25,1.0
pressure_negative_0410,epsilon_local_refinement,blend_zero_old_2000_last_0.05,"[[-0.07210621147987926, -0.027361505470462424], [-0.021424454337091038, 0.014587197828259946], [-0.07012259926314353, 0.04388165233616967], [0.14520881320393145, -0.13136281090041632]]","[[-0.6551933401617445, 2.9976988121188963], [1.5025638300222581, 0.7164835281773962]]",1841864.694081306,100.16378044783019,723.9557165206779,38.587626590773574,2020.4674932207258,53.99970946901021,0.0,300,0,True,False,True,True,False,False,True,False,0.986237862874497,1.471871519883167,0.3839121737249457,1.0
pressure_negative_0411,epsilon_local_refinement,zero_residual_profile,"[[0.0, 0.0], [0.0, 0.0], [0.0, 0.0], [0.0, 0.0]]","[[0.0, 0.0], [-0.7, 0.0]]",1867566.3989547025,52.97225901298851,687.6017452732317,10.830766100591546,1823.7886814120259,70.32820676806458,0.0,300,0,False,True,True,True,False,False,False,False,1.0,1.0,0.5,1.0
pressure_negative_0412,epsilon_local_refinement,blend_zero_new_best_econ_0.80,"[[-0.22936062817487562, 0.10421386186275805], [-0.026231452558099517, -0.09044532262960452], [0.019710325087120232, -0.020276935566381823], [0.1538465314028524, 0.034062202849120995]]","[[1.6393074271390682, 1.1754076414459487], [1.8291952092224302, 0.9130236193706827]]",1841773.7596231329,100.16378043595986,724.7099104783608,38.58762658162759,2024.674191382187,61.1353282614368,5.871477941001018,294,0,True,False,False,False,False,False,False,False,0.9861891714554266,1.4724199433047083,3.3703819897876,0.98
pressure_negative_0413,epsilon_local_refinement,zero_residual_profile,"[[-0.015, 0.0], [0.0, 0.0], [0.0, 0.0], [0.0, 0.0]]","[[0.0, 0.0], [0.0, 0.0]]",1867138.5894674016,49.51172829379404,688.4565631255898,9.452907768053647,1828.3552845189101,71.82820676806458,0.0,300,0,True,False,False,True,False,False,False,False,0.9997709267592626,0.9679579808804026,0.5106642844239357,1.0
pressure_negative_0414,epsilon_local_refinement,blend_zero_old_2000_last_0.05,"[[-0.07210621147987926, -0.027361505470462424], [-0.021424454337091038, -0.00041280217174005304], [-0.07012259926314353, 0.04388165233616967], [0.14520881320393145, -0.13136281090041632]]","[[-0.6551933401617445, 2.9976988121188963], [1.5025638300222581, 1.4164835281773962]]",1841864.694081306,100.16378044783019,723.9557165206779,38.587626590773574,2020.4674932207258,53.99970946901021,0.0,300,0,True,False,True,True,False,False,True,False,0.986237862874497,1.471871519883167,0.3839121737249457,1.0
pressure_negative_0415,epsilon_local_refinement,zero_residual_profile,"[[0.0, 0.0], [0.0, 0.0], [0.0, 0.0], [0.005, 0.0]]","[[0.0, 0.0], [0.0, 0.0]]",1869521.8012293887,59.28987053957803,686.25366492689,13.559347476603158,1816.9825104067259,70.82820676806458,0.0,300,0,False,False,False,True,False,False,False,False,1.0010470322639027,1.0586510436643148,0.5035547614746453,1.0
pressure_negative_0416,epsilon_local_refinement,blend_zero_new_best_econ_0.80,"[[-0.22936062817487562, 0.10921386186275805], [-0.026231452558099517, -0.09044532262960452], [0.019710325087120232, -0.020276935566381823], [0.1538465314028524, 0.034062202849120995]]","[[1.6393074271390682, 1.1754076414459487], [2.12919520922243, 0.9130236193706827]]",1841774.8892337014,100.16378043567784,724.7278294129263,38.58762658141031,2024.7741917882636,61.13594611939507,6.370534548112772,294,0,True,False,False,False,False,False,False,False,0.9861897763124048,1.4724329733261035,3.6199146860188107,0.98
pressure_negative_0417,epsilon_local_refinement,zero_residual_profile,"[[0.0, 0.0], [0.0, 0.0], [0.03, 0.0], [0.0, 0.0]]","[[0.0, 0.0], [0.0, 0.0]]",1870357.0093023318,74.84929618862745,682.5988024911321,21.878327055475555,1797.5137519043676,76.31446086455239,0.0,300,0,False,False,False,True,False,False,False,False,1.001494249601616,1.2028572603862577,0.5425594108792642,1.0
pressure_negative_0418,epsilon_local_refinement,blend_zero_old_2000_last_0.05,"[[-0.07210621147987926, -0.027361505470462424], [-0.03642445433709104, 0.014587197828259946], [-0.07012259926314353, 0.04388165233616967], [0.14520881320393145, -0.13136281090041632]]","[[-0.6551933401617445, 2.9976988121188963], [1.5025638300222581, 1.4164835281773962]]",1841862.8664601871,100.16378044779458,723.9579835741271,38.58762659074613,2020.480131696881,56.165571386865366,0.0,300,0,True,False,True,True,False,False,True,False,0.9862368842634447,1.4718731684050055,0.3993104187349311,1.0
pressure_negative_0419,epsilon_local_refinement,zero_residual_profile,"[[0.0, 0.0], [0.0, 0.0], [0.0, 0.0], [0.0, 0.0]]","[[0.0, 0.0], [-0.1, 0.0]]",1867566.3989547025,52.97225901298851,687.6017452732317,10.830766100591546,1823.7886814120259,70.32820676806458,0.0,300,0,False,True,True,True,False,False,False,False,1.0,1.0,0.5,1.0
pressure_negative_0420,epsilon_local_refinement,blend_zero_new_best_econ_0.80,"[[-0.23436062817487563, 0.10421386186275805], [-0.026231452558099517, -0.09044532262960452], [0.019710325087120232, -0.020276935566381823], [0.1538465314028524, 0.034062202849120995]]","[[1.6393074271390682, 1.1754076414459487], [2.12919520922243, 0.9130236193706827]]",1841766.0963384348,100.16378043713787,724.6350667491665,38.587626582535236,2024.2565368300316,61.280151313343964,5.873680267820447,294,0,True,False,False,False,False,False,False,False,0.9861850681021525,1.4723655195671177,3.3725127760084344,0.98
pressure_negative_0421,epsilon_local_refinement,zero_residual_profile,"[[0.0, 0.0], [0.0, 0.0], [0.0, 0.0], [0.0, 0.0]]","[[0.0, 0.3], [0.0, 0.0]]",1846580.6614283298,47.046948855617686,708.4082360207161,11.600619199530943,1933.2830615352555,67.62899006891178,0.0,300,0,True,False,True,True,False,False,True,False,0.9887630568111963,0.9592013279745075,0.48080985693226513,1.0
pressure_negative_0422,epsilon_local_refinement,blend_zero_old_2000_last_0.05,"[[-0.057106211479879265, -0.027361505470462424], [-0.03642445433709104, 0.014587197828259946], [-0.07012259926314353, 0.04388165233616967], [0.14520881320393145, -0.13136281090041632]]","[[-0.6551933401617445, 2.9976988121188963], [1.5025638300222581, 1.4164835281773962]]",1841884.8043084561,100.16378044822106,723.9308836734297,38.58762659107474,2020.3290564859653,59.21246551413796,0.0,300,0,True,False,True,True,False,False,True,False,0.9862486310202301,1.4718534623067097,0.420972382456834,1.0
pressure_negative_0423,epsilon_local_refinement,zero_residual_profile,"[[0.0, 0.0], [0.0, 0.03], [0.0, 0.0], [0.0, 0.0]]","[[0.0, 0.0], [0.0, 0.0]]",1867639.4670823978,53.14709060026488,688.1043905732541,10.900892847386887,1826.4568854389447,70.32820676806458,6.0,300,0,False,False,False,False,False,False,False,False,1.0000391247817138,1.002015724471538,3.5,1.0
pressure_negative_0424,epsilon_local_refinement,blend_zero_new_best_econ_0.80,"[[-0.20436062817487563, 0.10421386186275805], [-0.026231452558099517, -0.09044532262960452], [0.019710325087120232, -0.020276935566381823], [0.1538465314028524, 0.034062202849120995]]","[[1.6393074271390682, 1.1754076414459487], [2.12919520922243, 0.9130236193706827]]",1841789.1400155323,100.1637804367408,724.6602936121733,38.5876265822293,2024.3973068557657,58.40519070692707,5.8562680894224,294,0,True,False,False,False,False,False,False,False,0.9861974069818358,1.4723838636580293,3.343367088399784,0.98
pressure_negative_0425,epsilon_local_refinement,zero_residual_profile,"[[0.0, 0.0], [0.005, 0.0], [0.0, 0.0], [0.0, 0.0]]","[[0.0, 0.0], [0.0, 0.0]]",1867712.815275199,54.227050590156466,687.3031257047182,11.355316311768238,1822.1944245574314,70.32820676806458,0.0,300,0,False,False,True,True,False,False,False,False,1.000078399526024,1.0116267099063563,0.5,1.0
pressure_negative_0426,epsilon_local_refinement,blend_zero_old_2000_last_0.05,"[[-0.07210621147987926, -0.027361505470462424], [-0.03642445433709104, 0.014587197828259946], [-0.07012259926314353, 0.01388165233616967], [0.14520881320393145, -0.13136281090041632]]","[[-0.6551933401617445, 2.9976988121188963], [1.5025638300222581, 1.4164835281773962]]",1841862.8664601871,100.16378044779458,723.9579835741271,38.58762659074613,2020.480131696881,56.165571386865366,0.0,300,0,True,False,True,True,False,False,True,False,0.9862368842634447,1.4718731684050055,0.3993104187349311,1.0
pressure_negative_0427,epsilon_local_refinement,zero_residual_profile,"[[0.0, 0.0], [0.0, 0.0], [0.0, 0.0], [0.0, 0.005]]","[[0.0, 0.0], [0.0, 0.0]]",1867653.245908612,53.03480578983934,687.9427727047536,10.85495208718941,1825.5119034852319,70.32820676806458,0.5,300,0,False,False,False,True,False,False,False,False,1.0000465027395855,1.0008383561929013,0.75,1.0
pressure_negative_0428,epsilon_local_refinement,blend_zero_new_best_econ_0.80,"[[-0.24936062817487564, 0.10421386186275805], [-0.026231452558099517, -0.09044532262960452], [0.019710325087120232, -0.020276935566381823], [0.1538465314028524, 0.034062202849120995]]","[[1.6393074271390682, 1.1754076414459487], [2.12919520922243, 0.9130236193706827]]",1841759.7128227567,100.16378043724745,724.6281031568797,38.587626582619684,2024.2176797075717,59.31015243769875,5.8771668135401285,295,0,True,False,False,False,False,False,False,False,0.9861816500091295,1.472360455886788,3.3602502966517993,0.9833333333333333
pressure_negative_0429,epsilon_local_refinement,zero_residual_profile,"[[0.0, 0.0], [0.015, 0.0], [0.0, 0.0], [0.0, 0.0]]","[[0.0, 0.0], [0.0, 0.0]]",1868005.6122997813,56.73740792531389,686.7059329823118,12.44461728481311,1819.00827445657,70.32820676806458,0.0,300,0,False,False,True,True,False,False,False,False,1.0002351795070443,1.0348874708876281,0.5,1.0
pressure_negative_0430,epsilon_local_refinement,blend_zero_old_2000_last_0.05,"[[-0.07210621147987926, -0.027361505470462424], [-0.03642445433709104, 0.014587197828259946], [-0.07012259926314353, 0.05888165233616967], [0.14520881320393145, -0.13136281090041632]]","[[-0.6551933401617445, 2.9976988121188963], [1.5025638300222581, 1.4164835281773962]]",1841862.8664601871,100.16378044779458,723.9579835741271,38.58762659074613,2020.480131696881,56.165571386865366,0.0,300,0,True,False,True,True,False,False,True,False,0.9862368842634447,1.4718731684050055,0.3993104187349311,1.0
pressure_negative_0431,epsilon_local_refinement,zero_residual_profile,"[[0.03, 0.0], [0.0, 0.0], [0.0, 0.0], [0.0, 0.0]]","[[0.0, 0.0], [0.0, 0.0]]",1868421.694482327,59.89922693893686,685.8925637233884,13.892764613760427,1814.675211365568,67.32820676806458,0.0,300,0,False,False,True,True,False,False,False,False,1.0004579732897867,1.0641401192462994,0.4786714311521286,1.0
pressure_negative_0432,epsilon_local_refinement,blend_zero_new_best_econ_0.80,"[[-0.24936062817487564, 0.10421386186275805], [-0.026231452558099517, -0.09044532262960452], [0.019710325087120232, -0.020276935566381823], [0.1488465314028524, 0.034062202849120995]]","[[1.6393074271390682, 1.1754076414459487], [2.12919520922243, 0.9130236193706827]]",1841759.7128227567,100.16378043724745,724.6281031568797,38.587626582619684,2024.2176797075717,59.31015243769875,5.8771668135401285,295,0,True,False,False,False,False,False,False,False,0.9861816500091295,1.472360455886788,3.3602502966517993,0.9833333333333333
pressure_negative_0433,epsilon_local_refinement,zero_residual_profile,"[[0.0, 0.0], [-0.005, 0.0], [0.0, 0.0], [0.0, 0.0]]","[[0.0, 0.0], [0.0, 0.0]]",1867419.9707638293,51.71772545774317,687.9003803097708,10.319604247740067,1825.3837262510292,70.32820676806458,0.0,300,0,True,False,True,True,False,False,True,False,0.9999215941179092,0.9883757367852811,0.5,1.0
pressure_negative_0434,epsilon_local_refinement,blend_zero_old_2000_last_0.05,"[[-0.07210621147987926, -0.027361505470462424], [-0.03642445433709104, 0.014587197828259946], [-0.07012259926314353, 0.04388165233616967], [0.14520881320393145, -0.10136281090041632]]","[[-0.6551933401617445, 2.9976988121188963], [1.5025638300222581, 1.4164835281773962]]",1841862.8664601871,100.16378044779458,723.9579835741271,38.58762659074613,2020.480131696881,56.165571386865366,0.0,300,0,True,False,True,True,False,False,True,False,0.9862368842634447,1.4718731684050055,0.3993104187349311,1.0
pressure_negative_0435,epsilon_local_refinement,zero_residual_profile,"[[0.0, 0.0], [0.0, 0.0], [-0.03, 0.0], [0.0, 0.0]]","[[0.0, 0.0], [0.0, 0.0]]",1864772.2834613563,31.17414069820036,692.608311420275,3.8836697863508567,1850.2905667495465,70.32820676806458,0.0,300,0,True,False,True,True,False,False,True,False,0.9985038735463916,0.797890281849134,0.5,1.0
pressure_negative_0436,epsilon_local_refinement,blend_zero_new_best_econ_0.80,"[[-0.2793606281748756, 0.10421386186275805], [-0.026231452558099517, -0.09044532262960452], [0.019710325087120232, -0.020276935566381823], [0.1538465314028524, 0.034062202849120995]]","[[1.6393074271390682, 1.1754076414459487], [2.12919520922243, 0.9130236193706827]]",1841748.4524716474,100.16378043744064,724.6158305591209,38.587626582768515,2024.1491990314576,56.25167536284732,5.8830213420150415,295,0,True,False,False,False,False,False,False,False,0.9861756205843574,1.4723515316836895,3.3414332479357207,0.9833333333333333
pressure_negative_0437,epsilon_local_refinement,zero_residual_profile,"[[0.0, 0.0], [0.0, 0.0], [0.0, 0.0], [0.0, 0.03]]","[[0.0, 0.0], [0.0, 0.0]]",1868085.7563506137,53.34354895166541,689.6260217485989,10.975327828268224,1834.0398892605099,70.32820676806458,3.0,300,0,False,False,False,False,False,False,False,False,1.0002780931356452,1.0049765528439099,2.0,1.0
pressure_negative_0438,epsilon_local_refinement,blend_zero_old_2000_last_0.05,"[[-0.07210621147987926, -0.027361505470462424], [-0.03642445433709104, 0.014587197828259946], [-0.07012259926314353, 0.04388165233616967], [0.14520881320393145, -0.1463628109004163]]","[[-0.6551933401617445, 2.9976988121188963], [1.5025638300222581, 1.4164835281773962]]",1841862.8664601871,100.16378044779458,723.9579835741271,38.58762659074613,2020.480131696881,56.165571386865366,0.0,300,0,True,False,True,True,False,False,True,False,0.9862368842634447,1.4718731684050055,0.3993104187349311,1.0
pressure_negative_0439,epsilon_local_refinement,zero_residual_profile,"[[0.0, 0.0], [0.0, 0.0], [0.0, 0.015], [0.0, 0.0]]","[[0.0, 0.0], [0.0, 0.0]]",1867669.6348794645,53.17295821498781,688.2783908742622,10.910499052886506,1827.3403121392257,70.32820676806458,3.0,300,0,False,False,False,False,False,False,False,False,1.0000552783155767,1.0023864133190035,2.0,1.0
pressure_negative_0440,epsilon_local_refinement,blend_zero_new_best_econ_0.80,"[[-0.2793606281748756, 0.10421386186275805], [-0.026231452558099517, -0.09044532262960452], [0.019710325087120232, -0.020276935566381823], [0.1538465314028524, 0.034062202849120995]]","[[1.6393074271390682, 1.1754076414459487], [2.02919520922243, 0.9130236193706827]]",1841749.983421986,100.16378043703457,724.6416303411781,38.58762658245565,2024.2931622766716,56.251346231185494,5.883110960283062,295,0,True,False,False,False,False,False,False,False,0.9861764403412022,1.4723702923812618,3.341475717100628,0.9833333333333333
pressure_negative_0441,epsilon_local_refinement,zero_residual_profile,"[[0.0, -0.03], [0.0, 0.0], [0.0, 0.0], [0.0, 0.0]]","[[0.0, 0.0], [0.0, 0.0]]",1867566.3989547025,52.97225901298851,687.6017452732317,10.830766100591546,1823.7886814120259,70.32820676806458,0.0,300,0,False,True,True,True,False,False,False,False,1.0,1.0,0.5,1.0
pressure_negative_0442,epsilon_local_refinement,blend_zero_old_2000_last_0.05,"[[-0.07210621147987926, -0.027361505470462424], [-0.03642445433709104, 0.014587197828259946], [-0.07012259926314353, 0.04388165233616967], [0.14520881320393145, -0.13136281090041632]]","[[-0.3551933401617445, 2.9976988121188963], [1.5025638300222581, 1.4164835281773962]]",1841860.0206050735,100.16378044773911,723.9615049843262,38.58762659070341,2020.4997630984594,55.713401475745,0.0,300,0,True,False,True,True,False,False,True,False,0.9862353604326908,1.4718757290511233,0.39609570637484226,1.0
pressure_negative_0443,epsilon_local_refinement,zero_residual_profile,"[[0.0, 0.0], [0.0, 0.0], [0.0, 0.0], [0.015, 0.0]]","[[0.0, 0.0], [0.0, 0.0]]",1873431.2193606969,71.9544068827796,683.5580530179898,20.5429418959445,1803.4429710942122,71.82820676806458,0.0,300,0,False,False,False,True,False,False,False,False,1.0031403544255653,1.1762302153424673,0.5106642844239357,1.0
pressure_negative_0444,epsilon_local_refinement,blend_zero_new_best_econ_0.80,"[[-0.2793606281748756, 0.10421386186275805], [-0.011231452558099517, -0.09044532262960452], [0.019710325087120232, -0.020276935566381823], [0.1538465314028524, 0.034062202849120995]]","[[1.6393074271390682, 1.1754076414459487], [2.12919520922243, 0.9130236193706827]]",1841748.4524716474,100.16378043744064,724.6158305591209,38.587626582768515,2024.1491990314576,56.25167536284732,5.8830213420150415,295,0,True,False,False,False,False,False,False,False,0.9861756205843574,1.4723515316836895,3.3414332479357207,0.9833333333333333
pressure_negative_0445,epsilon_local_refinement,zero_residual_profile,"[[0.0, 0.0], [0.0, 0.0], [0.0, 0.0], [0.0, 0.0]]","[[-0.3, 0.0], [0.0, 0.0]]",1865819.1982985565,44.84732039619418,689.4091897810395,7.855122873362084,1833.1539246319774,70.87164635406432,0.0,300,0,True,False,False,True,False,False,False,False,0.9990644505827884,0.9246238053290257,0.5038635962082181,1.0
pressure_negative_0446,epsilon_local_refinement,blend_zero_old_2000_last_0.05,"[[-0.07210621147987926, -0.027361505470462424], [-0.03642445433709104, 0.014587197828259946], [-0.07012259926314353, 0.04388165233616967], [0.14520881320393145, -0.13136281090041632]]","[[-0.055193340161744486, 2.9976988121188963], [1.5025638300222581, 1.4164835281773962]]",1841857.1373252291,100.16378044768297,723.9650728693841,38.58762659066014,2020.5196536886317,57.14476281386459,0.0,300,0,True,False,True,True,False,False,True,False,0.986233816562633,1.4718783234921307,0.4062720026569306,1.0
pressure_negative_0447,epsilon_local_refinement,zero_residual_profile,"[[0.0, 0.0], [0.0, 0.0], [0.0, 0.0], [0.0, 0.0]]","[[0.7, 0.0], [0.0, 0.0]]",1875153.457247997,82.6911171211175,681.0977422507735,26.90681922749153,1790.5773058665525,69.74370157072605,0.0,300,0,False,False,True,True,False,False,False,False,1.0040625373735257,1.2757839267251785,0.4958444468855422,1.0
pressure_negative_0448,epsilon_local_refinement,blend_zero_new_best_econ_0.80,"[[-0.2793606281748756, 0.10421386186275805], [-0.026231452558099517, -0.09044532262960452], [0.019710325087120232, -0.020276935566381823], [0.1538465314028524, 0.034062202849120995]]","[[0.9393074271390682, 1.1754076414459487], [2.12919520922243, 0.9130236193706827]]",1841759.3495799026,100.16287332372393,724.6161799244073,38.58692782829591,2024.1512314362687,56.504085340618786,5.88274514403011,295,0,True,False,False,False,False,False,False,False,0.9861814555084926,1.4723432235718037,3.3430896634728513,0.9833333333333333
pressure_negative_0449,epsilon_local_refinement,zero_residual_profile,"[[0.0, 0.0], [0.0, 0.0], [0.0, -0.005], [0.0, 0.0]]","[[0.0, 0.0], [0.0, 0.0]]",1867566.3989547025,52.97225901298851,687.6017452732317,10.830766100591546,1823.7886814120259,70.32820676806458,0.0,300,0,False,True,True,True,False,False,False,False,1.0,1.0,0.5,1.0
pressure_negative_0450,epsilon_local_refinement,blend_zero_old_2000_last_0.05,"[[-0.07210621147987926, -0.027361505470462424], [-0.03642445433709104, 0.014587197828259946], [-0.07012259926314353, 0.04388165233616967], [0.14520881320393145, -0.10136281090041632]]","[[-0.055193340161744486, 2.9976988121188963], [1.5025638300222581, 1.4164835281773962]]",1841857.1373252291,100.16378044768297,723.9650728693841,38.58762659066014,2020.5196536886317,57.14476281386459,0.0,300,0,True,False,True,True,False,False,True,False,0.986233816562633,1.4718783234921307,0.4062720026569306,1.0
pressure_negative_0451,epsilon_local_refinement,zero_residual_profile,"[[0.0, 0.0], [0.0, 0.0], [0.0, 0.0], [0.0, 0.0]]","[[-0.1, 0.0], [0.0, 0.0]]",1866916.1978096475,50.036003720695575,688.2531452491919,9.690975114538146,1827.1564783338943,70.50329168739754,0.0,300,0,True,False,False,True,False,False,False,False,0.999651845768151,0.9727586472537173,0.5012447702520724,1.0
pressure_negative_0452,epsilon_local_refinement,blend_zero_new_best_econ_0.80,"[[-0.2793606281748756, 0.10421386186275805], [-0.026231452558099517, -0.09044532262960452], [0.019710325087120232, -0.020276935566381823], [0.1488465314028524, 0.034062202849120995]]","[[1.6393074271390682, 1.1754076414459487], [2.12919520922243, 0.9130236193706827]]",1841748.4524716474,100.16378043744064,724.6158305591209,38.587626582768515,2024.1491990314576,56.25167536284732,5.8830213420150415,295,0,True,False,False,False,False,False,False,False,0.9861756205843574,1.4723515316836895,3.3414332479357207,0.9833333333333333
pressure_negative_0453,epsilon_local_refinement,zero_residual_profile,"[[0.0, 0.03], [0.0, 0.0], [0.0, 0.0], [0.0, 0.0]]","[[0.0, 0.0], [0.0, 0.0]]",1867641.7642389399,53.16817736654773,688.1008777806187,10.909616888437306,1826.438066962694,70.32820676806458,3.0,300,0,False,False,False,False,False,False,False,False,1.0000403548084178,1.0022122060270382,2.0,1.0
pressure_negative_0454,epsilon_local_refinement,blend_zero_old_2000_last_0.05,"[[-0.057106211479879265, -0.027361505470462424], [-0.03642445433709104, 0.014587197828259946], [-0.07012259926314353, 0.04388165233616967], [0.14520881320393145, -0.13136281090041632]]","[[-0.055193340161744486, 2.9976988121188963], [1.5025638300222581, 1.4164835281773962]]",1841878.9261510584,100.16378044810655,723.9381588826539,38.5876265909865,2020.3696134141912,60.521519223924145,0.0,300,0,True,False,True,True,False,False,True,False,0.9862454835244296,1.471858752583958,0.43027912984841266,1.0
pressure_negative_0455,epsilon_local_refinement,zero_residual_profile,"[[0.015, 0.0], [0.0, 0.0], [0.0, 0.0], [0.0, 0.0]]","[[0.0, 0.0], [0.0, 0.0]]",1867994.100637474,56.43475842741698,686.7470787813664,12.310656113732055,1819.2286578497549,68.82820676806458,0.0,300,0,False,False,True,True,False,False,False,False,1.0002290155161342,1.0320607115064782,0.4893357155760643,1.0
pressure_negative_0456,epsilon_local_refinement,blend_zero_new_best_econ_0.80,"[[-0.2793606281748756, 0.07421386186275805], [-0.026231452558099517, -0.09044532262960452], [0.019710325087120232, -0.020276935566381823], [0.1538465314028524, 0.034062202849120995]]","[[1.6393074271390682, 1.1754076414459487], [2.12919520922243, 0.9130236193706827]]",1841727.740677008,100.1637804428866,724.2698152350042,38.58762658696459,2022.218922402277,56.25792175046516,2.8562680894223718,300,0,True,False,False,False,False,False,False,False,0.9861645303255848,1.4720999214632353,1.828101030475505,1.0
pressure_negative_0457,epsilon_local_refinement,zero_residual_profile,"[[-0.005, 0.0], [0.0, 0.0], [0.0, 0.0], [0.0, 0.0]]","[[0.0, 0.0], [0.0, 0.0]]",1867423.807768901,51.81853004921649,687.8866677431556,10.360152355614048,1825.3101512654412,70.82820676806458,0.0,300,0,True,False,False,True,False,False,False,False,0.9999236486660494,0.9893172502184955,0.5035547614746453,1.0
pressure_negative_0458,epsilon_local_refinement,blend_zero_old_2000_last_0.05,"[[-0.07210621147987926, -0.027361505470462424], [-0.03642445433709104, 0.014587197828259946], [-0.07012259926314353, 0.04388165233616967], [0.16020881320393143, -0.13136281090041632]]","[[-0.055193340161744486, 2.9976988121188963], [1.5025638300222581, 1.4164835281773962]]",1841857.1373252291,100.16378044768297,723.9650728693841,38.58762659066014,2020.5196536886317,57.14476281386459,0.0,300,0,True,False,True,True,False,False,True,False,0.986233816562633,1.4718783234921307,0.4062720026569306,1.0
pressure_negative_0459,epsilon_local_refinement,zero_residual_profile,"[[0.0, -0.015], [0.0, 0.0], [0.0, 0.0], [0.0, 0.0]]","[[0.0, 0.0], [0.0, 0.0]]",1867566.3989547025,52.97225901298851,687.6017452732317,10.830766100591546,1823.7886814120259,70.32820676806458,0.0,300,0,False,True,True,True,False,False,False,False,1.0,1.0,0.5,1.0
pressure_negative_0460,epsilon_local_refinement,blend_zero_new_best_econ_0.80,"[[-0.2793606281748756, 0.07421386186275805], [-0.026231452558099517, -0.09044532262960452], [0.019710325087120232, -0.020276935566381823], [0.1538465314028524, 0.034062202849120995]]","[[1.9393074271390682, 1.1754076414459487], [2.12919520922243, 0.9130236193706827]]",1841727.5451257997,100.16378044288608,724.2698461527793,38.587626586964184,2022.219094838616,56.21115772713611,2.8562680894223718,300,0,True,False,False,False,False,False,False,False,0.9861644256164787,1.4720999439455578,1.8277685605784462,1.0
pressure_negative_0461,epsilon_local_refinement,zero_residual_profile,"[[0.0, 0.0], [0.0, 0.0], [-0.005, 0.0], [0.0, 0.0]]","[[0.0, 0.0], [0.0, 0.0]]",1867100.9562387555,49.333763778073234,688.435921641385,9.389429978246003,1828.1898912007723,70.32820676806458,0.0,300,0,True,False,True,True,False,False,True,False,0.9997507758138037,0.9662631813606641,0.5,1.0
pressure_negative_0462,epsilon_local_refinement,blend_zero_old_2000_last_0.05,"[[-0.07210621147987926, -0.027361505470462424], [-0.03642445433709104, 0.014587197828259946], [-0.07012259926314353, 0.03888165233616967], [0.14520881320393145, -0.13136281090041632]]","[[-0.055193340161744486, 2.9976988121188963], [1.5025638300222581, 1.4164835281773962]]",1841857.1373252291,100.16378044768297,723.9650728693841,38.58762659066014,2020.5196536886317,57.14476281386459,0.0,300,0,True,False,True,True,False,False,True,False,0.986233816562633,1.4718783234921307,0.4062720026569306,1.0
pressure_negative_0463,epsilon_local_refinement,zero_residual_profile,"[[0.0, 0.0], [0.0, 0.0], [0.0, 0.0], [0.0, 0.0]]","[[0.0, 0.0], [0.0, 0.1]]",1867566.3989547025,52.97225901298851,687.6017452732317,10.830766100591546,1823.7886814120259,70.32820676806458,0.0,300,0,False,True,True,True,False,False,False,False,1.0,1.0,0.5,1.0
pressure_negative_0464,epsilon_local_refinement,blend_zero_new_best_econ_0.80,"[[-0.2793606281748756, 0.07421386186275805], [-0.026231452558099517, -0.07544532262960452], [0.019710325087120232, -0.020276935566381823], [0.1538465314028524, 0.034062202849120995]]","[[1.9393074271390682, 1.1754076414459487], [2.12919520922243, 0.9130236193706827]]",1841727.5451257997,100.16378044288608,724.2698461527793,38.587626586964184,2022.219094838616,56.21115772713611,2.8562680894223718,300,0,True,False,False,False,False,False,False,False,0.9861644256164787,1.4720999439455578,1.8277685605784462,1.0
pressure_negative_0465,epsilon_local_refinement,zero_residual_profile,"[[0.0, 0.0], [0.0, 0.0], [-0.015, 0.0], [0.0, 0.0]]","[[0.0, 0.0], [0.0, 0.0]]",1866169.7788575464,42.0633464802372,690.1045761193552,6.847591941738013,1837.0112308200432,70.32820676806458,0.0,300,0,True,False,True,True,False,False,True,False,0.9992521711153414,0.8988518070290608,0.5,1.0
pressure_negative_0466,epsilon_local_refinement,blend_zero_old_2000_last_0.05,"[[-0.07210621147987926, -0.027361505470462424], [-0.03642445433709104, 0.014587197828259946], [-0.07012259926314353, 0.01388165233616967], [0.14520881320393145, -0.13136281090041632]]","[[-0.055193340161744486, 2.9976988121188963], [1.5025638300222581, 1.4164835281773962]]",1841857.1373252291,100.16378044768297,723.9650728693841,38.58762659066014,2020.5196536886317,57.14476281386459,0.0,300,0,True,False,True,True,False,False,True,False,0.986233816562633,1.4718783234921307,0.4062720026569306,1.0
pressure_negative_0467,epsilon_local_refinement,zero_residual_profile,"[[0.0, 0.0], [0.0, 0.0], [0.0, 0.0], [0.03, 0.0]]","[[0.0, 0.0], [0.0, 0.0]]",1879291.8704040241,91.02470678745917,679.5160105413839,34.87311682861949,1783.3155176407367,73.32820676806458,0.0,300,0,False,False,False,True,False,False,False,False,1.0062784763400565,1.353293688828812,0.5213285688478714,1.0
pressure_negative_0468,epsilon_local_refinement,blend_zero_new_best_econ_0.80,"[[-0.2843606281748756, 0.07421386186275805], [-0.026231452558099517, -0.09044532262960452], [0.019710325087120232, -0.020276935566381823], [0.1538465314028524, 0.034062202849120995]]","[[1.9393074271390682, 1.1754076414459487], [2.12919520922243, 0.9130236193706827]]",1841726.032352744,100.16378044288489,724.2699210901889,38.58762658696327,2022.219512783744,55.71115687506091,2.8562680894223718,300,0,True,False,False,False,False,False,False,False,0.9861636155927727,1.4720999984374163,1.8242137930459525,1.0
pressure_negative_0469,epsilon_local_refinement,zero_residual_profile,"[[0.0, 0.0], [0.0, 0.0], [0.0, 0.0], [0.0, 0.0]]","[[0.0, -0.1], [0.0, 0.0]]",1874273.2613640677,83.39725352248027,680.8607515561567,27.107228347436816,1789.1386161879082,71.1878702195948,0.0,300,0,False,False,False,True,False,False,False,False,1.0035912310336699,1.2822767481639732,0.5061117970373203,1.0
pressure_negative_0470,epsilon_local_refinement,blend_zero_old_2000_last_0.05,"[[-0.07210621147987926, -0.027361505470462424], [-0.03642445433709104, -0.015412802171740052], [-0.07012259926314353, 0.04388165233616967], [0.14520881320393145, -0.13136281090041632]]","[[-0.055193340161744486, 2.9976988121188963], [1.5025638300222581, 1.4164835281773962]]",1841857.1373252291,100.16378044768297,723.9650728693841,38.58762659066014,2020.5196536886317,57.14476281386459,0.0,300,0,True,False,True,True,False,False,True,False,0.986233816562633,1.4718783234921307,0.4062720026569306,1.0
pressure_negative_0471,epsilon_local_refinement,zero_residual_profile,"[[-0.03, 0.0], [0.0, 0.0], [0.0, 0.0], [0.0, 0.0]]","[[0.0, 0.0], [0.0, 0.0]]",1866710.672208987,46.053165867120974,689.3115322650478,8.176894508894954,1832.9284696355926,73.32820676806458,0.0,300,0,True,False,False,True,False,False,False,False,0.9995417958118145,0.9359346502931519,0.5213285688478714,1.0
pressure_negative_0472,epsilon_local_refinement,blend_zero_new_best_econ_0.80,"[[-0.2843606281748756, 0.07421386186275805], [-0.026231452558099517, -0.06044532262960452], [0.019710325087120232, -0.020276935566381823], [0.1538465314028524, 0.034062202849120995]]","[[1.9393074271390682, 1.1754076414459487], [2.12919520922243, 0.9130236193706827]]",1841726.032352744,100.16378044288489,724.2699210901889,38.58762658696327,2022.219512783744,55.71115687506091,2.8562680894223718,300,0,True,False,False,False,False,False,False,False,0.9861636155927727,1.4720999984374163,1.8242137930459525,1.0
pressure_negative_0473,epsilon_local_refinement,zero_residual_profile,"[[0.0, 0.0], [0.0, -0.015], [0.0, 0.0], [0.0, 0.0]]","[[0.0, 0.0], [0.0, 0.0]]",1867566.3989547025,52.97225901298851,687.6017452732317,10.830766100591546,1823.7886814120259,70.32820676806458,0.0,300,0,False,True,True,True,False,False,False,False,1.0,1.0,0.5,1.0
pressure_negative_0474,epsilon_local_refinement,blend_zero_old_2000_last_0.05,"[[-0.07210621147987926, -0.027361505470462424], [-0.03642445433709104, 0.014587197828259946], [-0.07012259926314353, 0.04388165233616967], [0.14520881320393145, -0.11636281090041632]]","[[-0.055193340161744486, 2.9976988121188963], [1.5025638300222581, 1.4164835281773962]]",1841857.1373252291,100.16378044768297,723.9650728693841,38.58762659066014,2020.5196536886317,57.14476281386459,0.0,300,0,True,False,True,True,False,False,True,False,0.986233816562633,1.4718783234921307,0.4062720026569306,1.0
pressure_negative_0475,epsilon_local_refinement,zero_residual_profile,"[[0.0, 0.005], [0.0, 0.0], [0.0, 0.0], [0.0, 0.0]]","[[0.0, 0.0], [0.0, 0.0]]",1867579.0304942275,53.00526317786161,687.6858296728415,10.844025945910143,1824.2348650683061,70.32820676806458,0.5,300,0,False,False,False,True,False,False,False,False,1.0000067636361052,1.0003726663436359,0.75,1.0
pressure_negative_0476,epsilon_local_refinement,blend_zero_new_best_econ_0.80,"[[-0.2843606281748756, 0.07421386186275805], [-0.026231452558099517, -0.08544532262960451], [0.019710325087120232, -0.020276935566381823], [0.1538465314028524, 0.034062202849120995]]","[[1.9393074271390682, 1.1754076414459487], [2.12919520922243, 0.9130236193706827]]",1841726.032352744,100.16378044288489,724.2699210901889,38.58762658696327,2022.219512783744,55.71115687506091,2.8562680894223718,300,0,True,False,False,False,False,False,False,False,0.9861636155927727,1.4720999984374163,1.8242137930459525,1.0
pressure_negative_0477,epsilon_local_refinement,zero_residual_profile,"[[0.0, 0.0], [0.0, 0.0], [0.0, 0.0], [0.0, 0.0]]","[[0.0, -0.3], [0.0, 0.0]]",1887273.9251649785,143.45019645493167,667.6607131308369,83.0335970299727,1722.445188807366,72.86291408450361,0.0,300,0,False,False,False,True,False,False,False,False,1.0105525170196392,1.8395120274955432,0.5180205598359579,1.0
pressure_negative_0478,epsilon_local_refinement,blend_zero_old_2000_last_0.05,"[[-0.07210621147987926, -0.027361505470462424], [-0.03642445433709104, 0.014587197828259946], [-0.07512259926314353, 0.04388165233616967], [0.14520881320393145, -0.13136281090041632]]","[[-0.055193340161744486, 2.9976988121188963], [1.5025638300222581, 1.4164835281773962]]",1841857.1373252291,100.16378044768297,723.9650728693841,38.58762659066014,2020.5196536886317,57.14476281386459,0.0,300,0,True,False,True,True,False,False,True,False,0.986233816562633,1.4718783234921307,0.4062720026569306,1.0
pressure_negative_0479,epsilon_local_refinement,zero_residual_profile,"[[0.0, 0.0], [0.0, 0.0], [0.0, 0.0], [0.0, 0.0]]","[[0.1, 0.0], [0.0, 0.0]]",1868297.2132944835,56.16924665624569,686.8946074920152,12.15753728151871,1820.1418161758947,70.16376228640212,0.0,300,0,False,False,True,True,False,False,False,False,1.0003913190664546,1.0296618494571623,0.49883087818373656,1.0
pressure_negative_0480,epsilon_local_refinement,blend_zero_new_best_econ_0.80,"[[-0.2843606281748756, 0.07421386186275805], [-0.026231452558099517, -0.09044532262960452], [0.019710325087120232, -0.020276935566381823], [0.1538465314028524, 0.03906220284912099]]","[[1.9393074271390682, 1.1754076414459487], [2.12919520922243, 0.9130236193706827]]",1841726.032352744,100.16378044288489,724.2699210901889,38.58762658696327,2022.219512783744,55.71115687506091,2.8562680894223718,300,0,True,False,False,False,False,False,False,False,0.9861636155927727,1.4720999984374163,1.8242137930459525,1.0
pressure_negative_0481,epsilon_local_refinement,zero_residual_profile,"[[0.0, 0.0], [0.0, 0.0], [0.0, 0.0], [-0.03, 0.0]]","[[0.0, 0.0], [0.0, 0.0]]",1855824.322731563,30.851369016116866,695.6940544799988,4.983579425346848,1865.1359584540673,73.31446086455239,0.0,300,0,True,False,False,True,False,False,False,False,0.9937126325309174,0.7970875160363611,0.5212308420313928,1.0
pressure_negative_0482,epsilon_local_refinement,blend_zero_old_2000_last_0.05,"[[-0.07210621147987926, -0.027361505470462424], [-0.03642445433709104, 0.014587197828259946], [-0.07012259926314353, 0.04388165233616967], [0.14520881320393145, -0.12636281090041632]]","[[-0.055193340161744486, 2.9976988121188963], [1.5025638300222581, 1.4164835281773962]]",1841857.1373252291,100.16378044768297,723.9650728693841,38.58762659066014,2020.5196536886317,57.14476281386459,0.0,300,0,True,False,True,True,False,False,True,False,0.986233816562633,1.4718783234921307,0.4062720026569306,1.0
pressure_negative_0483,epsilon_local_refinement,zero_residual_profile,"[[0.0, 0.0], [0.0, 0.0], [0.0, 0.0], [0.0, 0.015]]","[[0.0, 0.0], [0.0, 0.0]]",1867826.592721621,53.15909607396459,688.6204216668873,10.9032137874973,1828.9406381239216,70.32820676806458,1.5,300,0,False,False,False,False,False,False,False,False,1.0001393223646904,1.0025042827778816,1.25,1.0
pressure_negative_0484,epsilon_local_refinement,blend_zero_new_best_econ_0.80,"[[-0.2843606281748756, 0.07421386186275805], [-0.026231452558099517, -0.09044532262960452], [0.019710325087120232, -0.020276935566381823], [0.1538465314028524, 0.034062202849120995]]","[[1.9393074271390682, 1.8754076414459486], [2.12919520922243, 0.9130236193706827]]",1841715.4108111237,100.16378044286967,724.2708909937851,38.587626586951544,2022.2249221884467,52.21114449197637,2.8562680894223718,300,0,True,False,False,False,False,False,False,False,0.9861579282224996,1.4721007037173297,1.7993303746856122,1.0
pressure_negative_0485,epsilon_local_refinement,zero_residual_profile,"[[0.0, 0.0], [0.0, 0.0], [0.0, 0.0], [0.0, 0.0]]","[[0.0, 0.0], [0.0, 0.3]]",1867566.3989547025,52.97225901298851,687.6017452732317,10.830766100591546,1823.7886814120259,70.32820676806458,0.0,300,0,False,True,True,True,False,False,False,False,1.0,1.0,0.5,1.0
pressure_negative_0486,epsilon_local_refinement,blend_zero_old_2000_last_0.05,"[[-0.07210621147987926, -0.027361505470462424], [-0.03642445433709104, 0.014587197828259946], [-0.07012259926314353, 0.04388165233616967], [0.14520881320393145, -0.13136281090041632]]","[[-0.055193340161744486, 2.6976988121188965], [1.5025638300222581, 1.4164835281773962]]",1841883.1340651705,100.16378044818867,723.932939708227,38.5876265910498,2020.3405181708072,56.68908196578755,0.0,300,0,True,False,True,True,False,False,True,False,0.9862477366781137,1.4718549573831774,0.4030323292099747,1.0
pressure_negative_0487,epsilon_local_refinement,zero_residual_profile,"[[0.005, 0.0], [0.0, 0.0], [0.0, 0.0], [0.0, 0.0]]","[[0.0, 0.0], [0.0, 0.0]]",1867708.9781622235,54.126206720684735,687.3168396211496,11.312716697331755,1822.267942619181,69.82820676806458,0.0,300,0,False,False,True,True,False,False,False,False,1.000076344920106,1.010684826713475,0.49644523852535477,1.0
pressure_negative_0488,epsilon_local_refinement,blend_zero_new_best_econ_0.80,"[[-0.2843606281748756, 0.07421386186275805], [-0.026231452558099517, -0.09044532262960452], [0.019710325087120232, -0.020276935566381823], [0.1538465314028524, 0.029062202849120995]]","[[1.9393074271390682, 1.8754076414459486], [2.12919520922243, 0.9130236193706827]]",1841715.4108111237,100.16378044286967,724.2708909937851,38.587626586951544,2022.2249221884467,52.21114449197637,2.8562680894223718,300,0,True,False,False,False,False,False,False,False,0.9861579282224996,1.4721007037173297,1.7993303746856122,1.0
pressure_negative_0489,epsilon_local_refinement,zero_residual_profile,"[[0.0, 0.0], [0.0, 0.0], [0.0, 0.0], [0.0, 0.0]]","[[0.0, 0.0], [0.0, -0.3]]",1868647.5115722048,54.30113761607372,692.9259909899193,11.364053119066895,1851.3794828987436,70.32820676806458,3.8352346282040344,40,0,False,False,False,False,True,False,False,False,1.0005788884497533,1.0164147616011978,2.417617314102017,0.13333333333333333
pressure_negative_0490,epsilon_local_refinement,blend_zero_old_2000_last_0.05,"[[-0.07210621147987926, -0.027361505470462424], [-0.03642445433709104, 0.014587197828259946], [-0.07012259926314353, 0.04388165233616967], [0.17520881320393145, -0.13136281090041632]]","[[-0.055193340161744486, 2.9976988121188963], [1.5025638300222581, 1.4164835281773962]]",1841857.1373252291,100.16378044768297,723.9650728693841,38.58762659066014,2020.5196536886317,57.14476281386459,0.0,300,0,True,False,True,True,False,False,True,False,0.986233816562633,1.4718783234921307,0.4062720026569306,1.0
pressure_negative_0491,epsilon_local_refinement,zero_residual_profile,"[[0.0, 0.0], [0.0, 0.0], [0.0, 0.0], [0.0, 0.0]]","[[-0.7, 0.0], [0.0, 0.0]]",1864233.0327834098,36.65259173022693,691.249936657916,5.395069896575926,1842.7619031588265,71.62193427989641,0.0,300,0,True,False,False,True,False,False,False,False,0.9982151284296192,0.8486130854935937,0.5091977854354969,1.0
pressure_negative_0492,epsilon_local_refinement,blend_zero_new_best_econ_0.80,"[[-0.2843606281748756, 0.10421386186275805], [-0.026231452558099517, -0.09044532262960452], [0.019710325087120232, -0.020276935566381823], [0.1538465314028524, 0.034062202849120995]]","[[1.9393074271390682, 1.8754076414459486], [2.12919520922243, 0.9130236193706827]]",1841735.1763790464,100.16378043766842,724.6013572673288,38.58762658294403,2024.0684400474256,52.20637435238393,5.89007006476001,296,0,True,False,False,False,False,False,False,False,0.9861685118183139,1.472341007212995,3.316197448937528,0.9866666666666667
pressure_negative_0493,epsilon_local_refinement,zero_residual_profile,"[[0.0, 0.0], [0.0, 0.005], [0.0, 0.0], [0.0, 0.0]]","[[0.0, 0.0], [0.0, 0.0]]",1867578.6435093882,53.001710950053806,687.6864214446729,10.842560042656832,1824.2380333432977,70.32820676806458,1.0,300,0,False,False,False,True,False,False,False,False,1.0000065564226752,1.0003395675267275,1.0,1.0
pressure_negative_0494,epsilon_local_refinement,blend_zero_old_2000_last_0.05,"[[-0.07210621147987926, -0.027361505470462424], [-0.03642445433709104, 0.014587197828259946], [-0.10012259926314353, 0.04388165233616967], [0.14520881320393145, -0.13136281090041632]]","[[-0.055193340161744486, 2.9976988121188963], [1.5025638300222581, 1.4164835281773962]]",1841857.1373252291,100.16378044768297,723.9650728693841,38.58762659066014,2020.5196536886317,57.14476281386459,0.0,300,0,True,False,True,True,False,False,True,False,0.986233816562633,1.4718783234921307,0.4062720026569306,1.0
pressure_negative_0495,epsilon_local_refinement,zero_residual_profile,"[[0.0, 0.0], [-0.03, 0.0], [0.0, 0.0], [0.0, 0.0]]","[[0.0, 0.0], [0.0, 0.0]]",1866687.6518001072,45.4489270031765,689.3937874214084,7.96431024754342,1833.3707732329972,70.32820676806458,0.0,300,0,True,False,True,True,False,False,True,False,0.9995294693912424,0.9302911115130863,0.5,1.0
pressure_negative_0496,epsilon_local_refinement,blend_zero_new_best_econ_0.80,"[[-0.2843606281748756, 0.07421386186275805], [-0.026231452558099517, -0.09044532262960452], [0.019710325087120232, -0.020276935566381823], [0.1388465314028524, 0.034062202849120995]]","[[1.9393074271390682, 1.8754076414459486], [2.12919520922243, 0.9130236193706827]]",1841715.4108111237,100.16378044286967,724.2708909937851,38.587626586951544,2022.2249221884467,52.21114449197637,2.8562680894223718,300,0,True,False,False,False,False,False,False,False,0.9861579282224996,1.4721007037173297,1.7993303746856122,1.0
pressure_negative_0497,epsilon_local_refinement,zero_residual_profile,"[[0.0, 0.0], [0.0, 0.0], [0.0, 0.0], [0.0, 0.0]]","[[0.0, 0.0], [0.3, 0.0]]",1867675.289891286,53.10371722333128,688.1381067940086,10.882529396090831,1826.553163761483,70.32820676806458,0.5139122019064928,300,0,False,False,False,True,False,False,False,False,1.0000583063266957,1.0016308446451994,0.7569561009532464,1.0
pressure_negative_0498,epsilon_local_refinement,blend_zero_old_2000_last_0.05,"[[-0.08710621147987926, -0.027361505470462424], [-0.03642445433709104, 0.014587197828259946], [-0.07012259926314353, 0.04388165233616967], [0.14520881320393145, -0.13136281090041632]]","[[-0.055193340161744486, 2.9976988121188963], [1.5025638300222581, 1.4164835281773962]]",1841836.700971668,100.16378044728565,723.990314482127,38.58762659035401,2020.6603758672359,54.024997296195295,0.0,300,0,True,False,True,True,False,False,True,False,0.9862228737904923,1.4718966783085334,0.3840919581126557,1.0
pressure_negative_0499,epsilon_local_refinement,zero_residual_profile,"[[0.0, 0.0], [0.0, 0.0], [0.0, 0.0], [0.0, 0.0]]","[[0.0, 0.0], [0.0, -0.1]]",1867926.751890695,53.41889615166438,689.3905143927769,11.007663545064727,1833.0291808440363,70.32820676806458,1.290177188811299,300,0,False,False,False,False,False,False,False,False,1.00019295321237,1.005516495002642,1.1450885944056495,1.0
pressure_negative_0500,epsilon_local_refinement,blend_zero_new_best_econ_0.80,"[[-0.2843606281748756, 0.04421386186275805], [-0.026231452558099517, -0.09044532262960452], [0.019710325087120232, -0.020276935566381823], [0.1538465314028524, 0.034062202849120995]]","[[1.9393074271390682, 1.8754076414459486], [2.12919520922243, 0.9130236193706827]]",1841708.211105146,100.16378044479029,724.1488622535126,38.58762658843136,2021.5443930008373,52.21291562286544,0.0,300,0,True,False,True,True,False,False,True,False,0.9861540730953235,1.472011968692891,0.3712089218701284,1.0
