geometry,validation_seed,step,mode,X2,P2,delta_ell,g_t,raw_actor_rho,mapping_saturation,QP_modification,raw_actor_P100,scaled_actor_P100,mapped_residual_P100,applied_residual_P100,QP_input_P100,final_input_P100,local_zero_input_P100,paired_baseline_input_P100,paired_input_difference_P100,negative_authority_P100,positive_authority_P100,authority_utilization_P100,raw_actor_F200,scaled_actor_F200,mapped_residual_F200,applied_residual_F200,QP_input_F200,final_input_F200,local_zero_input_F200,paired_baseline_input_F200,paired_input_difference_F200,negative_authority_F200,positive_authority_F200,authority_utilization_F200,F1,X1,T1,T200,component_gain_flow_F2,component_gain_recirculation_F3,component_gain_steam_F100,component_gain_cooling_F200
A3,420002,0,Z_mode_existing_controller,25.39,50.125,-76.36862319909687,1.2456819714592973,0.8999048471450806,False,False,-0.8999048471450806,-0.08999048918485641,-3.2792794027050522,-3.2792794027050434,191.58216356558734,191.58216356558734,194.86144296829238,194.86144296829238,-3.2792794027050434,-3.644028866171436,3.495388065790206,0.8999048918485618,-8.514896035194397e-05,-8.514895853295457e-06,-0.15145770153546304,-0.15145770153545193,212.76870112062105,212.76870112062105,212.9201588221565,212.2551197596565,0.5135813609645368,-1.0062476117754313,0.6708317477954553,0.15051732770646656,9.033441555832765,5.0290599179633295,44.25607257922245,24.568448261056655,-1.2455399944802394,0.0,77.92231201015602,-0.30814881657872206
A3,420002,1,Z_mode_existing_controller,25.404127560684522,50.1243477472341,-76.37082478020875,1.1944377851357344,0.8643847703933716,False,False,-0.8643847703933716,-0.08643847703933716,-3.154328523993308,-3.1543285239933145,188.45309133085323,188.45309133085323,191.60741985484654,191.5635928048871,-3.1105014740338675,-3.6492180705102064,3.4901988614514345,0.8643847703933736,-0.004488769453018904,-0.00044887696276418865,-0.17324736872338098,-0.17324736872338445,212.02765575300202,212.02765575300202,212.20090312172542,211.53715435326325,0.4905013997387755,-1.0062476117754313,0.6708317477954553,0.17217170674095356,12.37946470946386,4.540240185524927,41.39619580378606,22.924860250974344,-1.2450250683099355,0.0,77.91015068836168,-0.2943008398432596
A3,420002,2,Z_mode_existing_controller,25.357610243708123,50.12295165671738,-72.08895520310489,1.1457313981384798,0.8763827681541443,False,False,-0.8763827681541443,-0.08763828128576279,-3.202396283383477,-3.202396283383486,197.14276483329016,197.14276483329016,200.34516111667364,200.23285078849332,-3.0900859552031648,-3.6541066716511685,3.4853102603104724,0.8763828128576306,-0.023314839228987694,-0.0023314838763326406,-0.2938802863779205,-0.2938802863779344,213.70516609922842,213.7051660992284,213.99904638560633,213.33238992778007,0.3727761714483222,-1.0062476117754313,0.6708317477954553,0.2920556361464647,9.359838691744894,5.590442088858247,46.49519126003197,24.777519325242647,-1.1742547798647909,0.0,73.48687568583864,-0.223665702868999
A3,420002,3,Z_mode_existing_controller,25.37643181213526,50.12354525660281,-76.55547723968266,1.207240952902442,0.9206879138946533,False,False,-0.9206879138946533,-0.09206879138946533,-3.3687737241261506,-3.3687737241261577,192.81187184773242,192.81187184773242,196.18064557185858,196.02620807994387,-3.2143362322114513,-3.6589746354719836,3.4804422964896573,0.9206879138946554,0.00455147260800004,0.0004551472666207701,-0.12572839546103887,-0.1257283954610465,213.02990342799677,213.02990342799677,213.1556318234578,212.49000380391243,0.5398996240843417,-1.0062476117754313,0.6708317477954553,0.1249477703000063,10.790246098693878,6.245056577828435,37.266405414736695,21.626641998471257,-1.2481383567425972,0.0,78.1275553708756,-0.32393977445060784
A3,420002,4,Z_mode_existing_controller,25.372563032343113,50.12127895455052,-73.37687991217535,1.1544825654392252,0.8991506099700928,False,False,-0.8991506099700928,-0.08991505950689316,-3.294497306970005,-3.294497306969995,193.2129468680121,193.21294686801212,196.5074441749821,196.29799312278945,-3.0850462547773247,-3.664010595152238,3.4754063368094035,0.8991505950689289,0.0028070807456970215,0.00028070807456970215,-0.13310761563099377,-0.1331076156309917,212.97487682676095,212.97487682676095,213.10798444239194,212.4417978014537,0.533079025307245,-1.0062476117754313,0.6708317477954553,0.13228117420933358,10.875925445642132,5.842949408918626,42.16884634871393,25.697533003128996,-1.1962084280287613,0.0,74.89293575538795,-0.31984741518435555
A3,420002,5,Z_mode_existing_controller,25.366196646722624,50.12195855519155,-71.76131815205099,1.1391807829569653,0.9050665497779846,False,False,-0.9050665497779846,-0.0905066579580307,-3.3205348142500335,-3.3205348142500215,193.99138164257525,193.99138164257528,197.3119164568253,197.05034675026894,-3.058965107693666,-3.668829331638578,3.470587600323063,0.9050665795803042,-0.005460055079311132,-0.0005460054962895811,-0.18618998048600782,-0.18618998048601126,213.14478602755125,213.14478602755125,213.33097600803725,212.6642978283503,0.48048819920094843,-1.0062476117754313,0.6708317477954553,0.18503396013779966,10.162963936901086,4.444557091477161,48.01520227845654,26.33284336965727,-1.1693241973844835,0.0,73.21893526895565,-0.2882929195205719
A3,420002,6,Z_mode_existing_controller,25.361475789296335,50.12338568378294,-71.9462972309675,1.1447491765972184,0.9242731928825378,False,False,-0.9242731928825378,-0.0924273207783699,-3.39540455081296,-3.3954045508129647,194.39276102500423,194.39276102500423,197.7881655758172,197.48007270305717,-3.0873116780529415,-3.6735940436429506,3.4658228883186912,0.9242732077837003,-0.0007905287784524262,-7.905287930043414e-05,-0.15998897316018834,-0.15998897316017516,213.36661068053553,213.36661068053553,213.5265996536957,212.86012857923674,0.5064821012987863,-1.0062476117754313,0.6708317477954553,0.1589956301887657,9.901773463497841,4.94019736104718,35.32993360229104,26.97703681124784,-1.1724223744909281,0.0,73.42260886623808,-0.303889260779286
A3,420002,7,Z_mode_existing_controller,25.360457672909888,50.124219357019804,-69.8929301446451,1.1395663681477108,0.932466447353363,False,False,-0.932466447353363,-0.09324664622545242,-3.4299691525042517,-3.429969152504258,194.10920976255312,194.1092097625531,197.53917891505736,197.1861979005394,-3.0769881379863193,-3.678383396450793,3.461033535510849,0.9324664622545259,-0.000671062502078712,-6.710625166306272e-05,-0.16061030458055237,-0.16061030458056,213.37276257510555,213.37276257510555,213.5333728796861,212.86738835791692,0.5053742171886313,-1.0062476117754313,0.6708317477954553,0.15961310387328811,8.52505854702096,4.067494984665945,44.50022207221519,21.930263020651914,-1.1390830043578628,0.0,71.33523767931547,-0.3032245303131731
A3,420002,8,Z_mode_existing_controller,25.377753917213614,50.122228057077294,-67.67653734060877,1.1159164504544394,0.9147390723228455,False,False,-0.9147390723228455,-0.09147390723228455,-3.369105613846257,-3.3691056138462683,190.3475317850979,190.34753178509789,193.71663739894416,193.32516831872482,-2.977636533626935,-3.683132945541408,3.456283986420234,0.9147390723228486,0.0016726128524169326,0.00016726128524169326,-0.14287006985621298,-0.14287006985621367,212.4714835894524,212.4714835894524,212.6143536593086,211.94960899946022,0.5218745899921657,-1.0062476117754313,0.6708317477954553,0.14198301509916886,8.741032362275808,4.856921638622451,41.48790322162406,25.37160755294232,-1.1030406566127535,0.0,69.09270275121617,-0.3131247539953108
A3,420002,9,Omega_safe_one_step_QP,25.39327027491836,50.121610198572206,-64.34737874989969,1.1093495388699883,0.8864694833755493,False,False,-0.8864694833755493,-0.08864694833755493,-3.3737428378289316,-3.373742837828923,186.8725551947006,186.8725551947006,190.24629803252952,189.81511749415134,-2.942562299450742,-3.8058194907987146,4.728848477951287,0.8864694833755468,-0.0022185109555721283,-0.00022185109264682978,0.38168725121957636,0.3816872512195695,212.230587377718,212.230587377718,211.84890012649842,211.1848826928875,1.045704684830497,-3.214939505877508,4.100490181622493,0.09308332280131017,6.942940533888049,3.6414765718540103,40.027074289591695,27.078407621454748,-1.0542551528198638,0.0,66.02905671361805,-0.6274228108982953
A3,420002,10,Omega_safe_one_step_QP,25.426903096605688,50.120918965290194,-34.368475332611524,0.5909436980701103,0.8013197779655457,False,False,-0.8013197779655457,-0.08013197779655457,-2.5254619554794617,-2.5254619554794675,181.178922495493,181.178922495493,183.70438445097247,182.74870505754413,-1.569782562051131,-3.151628132643009,5.383039836106993,0.801319777965547,-0.051666826009750366,-0.005166682880371809,0.21864106056566704,0.21864106056565594,210.62226140599802,210.62226140599802,210.40362034543236,209.65602059460755,0.9662408113904633,-3.070411527770901,4.2450181597291,0.051505329856965494,8.756087516142458,5.867653164871204,40.825215121824534,26.99002149178291,-0.5659912559984477,0.0,35.51421107544502,-0.5797444868342723
A3,420002,11,Omega_safe_one_step_QP,25.441917954230483,50.11983819929727,-15.022897946213561,0.2568873080450534,0.6950334906578064,False,False,-0.6950334906578064,-0.06950335204601288,-1.9911052300350507,-1.9911052300350591,178.84461231052703,178.84461231052703,180.8357175405621,179.5693720105155,-0.724759699988482,-2.8647614416019707,5.66990652714803,0.6950335204601316,-0.09694930911064148,-0.009694931097328663,-0.01714632283448536,-0.017146322834489525,209.70340724088365,209.70340724088365,209.72055356371814,208.92326762514594,0.7801396157377098,-3.0021048495994793,4.313324837900521,0.005711433708511904,9.856126014908316,4.093630765377611,40.86774935717891,27.71328443300691,-0.24961421932522043,0.0,15.740595934981684,-0.46808376944262875
A3,420002,12,Omega_safe_one_step_QP,25.423934516135454,50.119121352949975,-19.46755896693321,0.34539039033416113,0.7357889413833618,False,False,-0.7357889413833618,-0.07357889413833618,-2.374999102388858,-2.3749991023888475,182.0913698238059,182.09136982380593,184.46636892619478,183.02876719802197,-0.9373973742160331,-3.2278265801652406,5.306841388584759,0.7357889413833582,-0.2563942074775696,-0.025639420375227928,-0.8214555305372906,-0.8214555305372808,209.62517038718562,209.62517038718562,210.4466259177229,209.62153374954278,0.0036366376428418334,-3.074712084999955,4.2407176025000455,0.26716502483102994,6.850210280616459,4.393105443918858,36.469715102495876,22.792731179865335,-0.3148471354431823,0.0,19.784588084961797,-0.0021819825857107844
A3,420002,13,Omega_safe_one_step_QP,25.458775752498827,50.114993137857276,-7.789499308286395,0.14253648906957342,0.8219947218894958,False,False,-0.8219947218894958,-0.08219947665929794,-2.0988610494753592,-2.098861049475351,175.6229940498486,175.6229940498486,177.72185509932393,176.07496186011366,-0.4519678102650744,-2.553375197478156,5.981292771271844,0.821994766592976,-0.06873319298028946,-0.006873319391161203,0.2826042484512681,0.2826042484512542,209.04323893702863,209.04323893702863,208.76063468857737,207.89983128795714,1.1434076490714915,-2.906112962085403,4.409316725414597,0.06409252635955327,6.7262717011955875,5.748640488993865,37.72958461074629,26.185382789197718,-0.13623885564649685,0.0,8.611782753375337,-0.6860445894428864
A3,420002,14,Omega_safe_one_step_QP,25.49856771979297,50.111970169547405,40.787973928948304,-0.7418667357740683,0.49025025963783264,False,False,-0.46753251552581787,-0.046753253787755966,-0.19175575618396168,-0.19175575618396168,169.79506441127137,169.79506441127137,169.98682016745533,168.2070617610518,1.588002650219579,-1.7798717042912953,6.754796264458705,0.10773571809790329,0.49025025963783264,0.049025025218725204,2.2515779155966515,2.251577915596642,209.17826599042834,209.17826599042834,206.9266880748317,206.04413858137772,3.1341274090506204,-2.7227183007108353,4.592711386789166,0.4902502521872498,9.039114280564213,6.20715806072005,43.9164973429116,25.06991502089646,0.6339818069429874,0.0,-39.54147929046121,-1.880476445430375
A3,420002,15,Omega_safe_one_step_QP,25.503658450341312,50.10825693044644,71.20496686475508,-1.2276935465169827,0.6367023587226868,False,False,-0.24398277699947357,-0.024398278445005417,1.1360074468377945,1.136007446837789,170.23532169843082,170.23532169843082,169.09931425159303,167.52170159653681,2.7136201018940085,-1.6911211127050656,6.843546856044935,0.1659968830102111,0.6367023587226868,0.06367024034261703,2.9503620910964825,2.9503620910964923,209.4659992142709,209.4659992142709,206.51563712317443,205.66807241288234,3.79792680138857,-2.681613205545107,4.633816481954893,0.6367024034261726,12.470134576788908,4.34677656480019,41.46834177474321,19.529576020872984,1.1221669152962832,0.0,-70.04837769921778,-2.2787560808331335
A3,420002,16,Omega_safe_one_step_QP,25.437832581930447,50.10188714294743,-34.38404999327213,0.5750506116872973,0.8761104345321655,False,False,-0.8761104345321655,-0.08761104196310043,-2.6312932748718403,-2.6312932748718376,179.5906185558845,179.5906185558845,182.22191183075634,181.06500303292532,-1.4743844770408145,-3.0033808706213962,5.531287098128605,0.8761104196310027,-0.4409774839878082,-0.04409774765372276,-1.5082263891793568,-1.5082263891793541,207.4360169691124,207.4360169691124,208.94424335829174,208.16852026655351,-0.7325032974411272,-2.9244738290568395,4.390955858443161,0.515725726178157,10.838327863451742,5.450768208107072,45.125649890212465,27.859488294406663,-0.5493374661774837,0.0,34.49388548098432,0.4395019784646763
A3,420002,17,Omega_safe_one_step_QP,25.41831292054726,50.102047829266255,-29.008714482424693,0.4705038095569422,0.7978374361991882,False,False,-0.7978374361991882,-0.07978374511003494,-2.7086121609012066,-2.7086121609012177,183.42891458577856,183.42891458577853,186.13752674667975,184.69368041935132,-1.2647658335727954,-3.3949423622137367,5.139725606536264,0.7978374511003526,-0.1857374608516693,-0.01857374608516693,-0.38765816803142256,-0.38765816803141423,209.39425481850552,209.39425481850554,209.78191298653695,208.95804943908996,0.4362053794155827,-3.008240791881361,4.30718889561864,0.12886540501599006,11.789993687306872,5.668943778231762,32.586565219481066,24.77871939632891,-0.4731236584302039,0.0,29.743561368504743,-0.2617232276493553
A3,420002,18,Z_mode_existing_controller,25.384088049975922,50.10008698402333,-33.59972151796137,0.5563151993835228,0.8743077516555786,False,False,-0.8743077516555786,-0.08743077516555786,-3.2178652930125735,-3.21786529301256,189.7577645292566,189.75776452925663,192.97562982226918,191.28261465691025,-1.5248501276536217,-3.6804721071261945,3.458944824835447,0.8743077516555752,-0.02418660558760166,-0.002418660558760166,-0.29902517790725003,-0.2990251779072514,210.82282760378314,210.82282760378314,211.1218527816904,210.25802546897708,0.5648021348060581,-1.0062476117754313,0.6708317477954553,0.2971685839627972,8.953574132263476,4.225407053849473,38.5801812540321,25.5818908198641,-0.5494650392844171,0.0,34.48806783812961,-0.33888128088362635
A3,420002,19,Z_mode_existing_controller,25.39014722061977,50.09943244685593,-40.33567736655641,0.6492046838275041,0.8891611695289612,False,False,-0.8891611695289612,-0.08891611546278,-3.27642506001337,-3.2764250600133797,188.11039538768958,188.11039538768958,191.38682044770295,189.8704764275986,-1.7600810399090108,-3.6848495269509054,3.4545674050107356,0.8891611546278028,-0.004541218746453524,-0.00045412188046611845,-0.17773304071190266,-0.1777330407118992,210.57750141486005,210.57750141486005,210.75523445557195,209.92621616628279,0.6512852485772669,-1.0062476117754313,0.6708317477954553,0.17662952799292173,11.005348184403367,6.659420344286173,37.97399715676135,23.420897303812026,-0.6591864531019063,0.0,41.38563496880397,-0.39077114914636013
A3,420002,20,Z_mode_existing_controller,25.38336872600712,50.09768819489556,-43.23735973348721,0.716524583372415,0.8999508023262024,False,False,-0.8999508023262024,-0.08999507874250412,-3.320128742331242,-3.3201287423312325,189.02086084929707,189.02086084929707,192.3409895916283,190.96499923852426,-1.9441383892271915,-3.6892336655772766,3.450183266384365,0.8999507874250389,-0.00955694168806076,-0.0009556941804476082,-0.2111460026680098,-0.21114600266800843,210.65821349878394,210.65821349878394,210.86935950145195,210.06993733478313,0.5882761640008027,-1.0062476117754313,0.6708317477954553,0.2098350348334847,8.983361599073353,4.1933998811357025,43.477910688807555,26.476719514549824,-0.7060640079797498,0.0,44.2963894398672,-0.35296569840048164
A3,420002,21,Z_mode_existing_controller,25.389813546842056,50.09780331364435,-47.354064718190784,0.7579552622948107,0.8956310749053955,False,False,-0.8956310749053955,-0.08956310898065567,-3.3081033961978297,-3.3081033961978203,187.35996159771042,187.35996159771042,190.66806499390825,189.40241068984525,-2.042449092134831,-3.6936004498373682,3.445816482124273,0.895631089806554,-0.003301597200334072,-0.0003301597316749394,-0.171007397326349,-0.17100739732635248,210.35819534709617,210.35819534709617,210.52920274442252,209.75399295453155,0.6042023925646163,-1.0062476117754313,0.6708317477954553,0.1699456429264221,11.463694850696465,3.3446354278768773,45.96995610234839,22.93462571652538,-0.7723715138728835,0.0,48.488957667601426,-0.36252143553878113
A3,420002,22,Z_mode_existing_controller,25.347774872702765,50.096464773379374,-48.40200238130001,0.768900842281941,0.8969117403030396,False,False,-0.8969117403030396,-0.0896911770105362,-3.3166560173997537,-3.316656017399753,195.2631675398883,195.2631675398883,198.57982355728805,197.39888195930396,-2.1357144194156774,-3.697862072888329,3.4415548590733125,0.8969117701053616,-0.01734156906604767,-0.00173415697645396,-0.25968632058826424,-0.25968632058827185,211.8926381784015,211.8926381784015,212.15232449898977,211.3978089154395,0.4948292629620141,-1.0062476117754313,0.6708317477954553,0.25807397458571774,10.005331341664787,5.298781953799821,33.940237954215036,27.029548047265948,-0.7885651263416023,0.0,49.48746506541829,-0.29689755777719995
A3,420002,23,Z_mode_existing_controller,25.34841182322415,50.09745981504795,-52.915311949118404,0.8565137977735494,0.9420982003211975,False,False,-0.9420982003211975,-0.09420982003211975,-3.48769739513094,-3.487697395130947,194.56996809126207,194.56996809126207,198.057665486393,196.94185522907114,-2.3718871378090682,-3.7020529218099005,3.437364010151741,0.9420982003211998,0.006152220536023378,0.0006152220885269344,-0.11923295228100025,-0.11923295228100442,211.98866182969755,211.98866182969755,212.10789478197856,211.37037422540791,0.6182876042896339,-1.0062476117754313,0.6708317477954553,0.11849265616703313,8.987509436819446,4.067061379536123,35.95948989172448,26.598738701470193,-0.863232214073749,0.0,54.14951672576626,-0.3709725625737832
A3,420002,24,Z_mode_existing_controller,25.355761410076106,50.097982812436136,-54.322110288158,0.872813111350167,0.9364416003227234,False,False,-0.9364416003227234,-0.0936441645026207,-3.4708577487791215,-3.4708577487791334,192.7295318299662,192.72953182996616,196.2003895787453,195.1309427014984,-2.4014108715322493,-3.7064325013887935,3.4329844305728483,0.9364416450262103,-0.0017822813242673874,-0.00017822813242673874,-0.16827862756970263,-0.16827862756968945,211.58383581117806,211.58383581117806,211.75211443874775,211.02861137594243,0.5552244352356297,-1.0062476117754313,0.6708317477954553,0.16723381561400905,9.858819354732638,5.96395402483211,38.76344949562903,25.061339539900118,-0.8850895683100113,0.0,55.54033451760915,-0.33313466114138635
A3,420002,25,Z_mode_existing_controller,25.363874636684905,50.097720333331765,-55.08870286410911,0.8851874922509342,0.931983470916748,False,False,-0.931983470916748,-0.09319835156202316,-3.4583101094001436,-3.4583101094001325,190.75391697125397,190.75391697125397,194.21222708065412,193.1745600075979,-2.4206430363439324,-3.710698796103331,3.4287181358583108,0.9319835156202286,-0.0021359105594456196,-0.00021359106176532805,-0.16975913867688097,-0.16975913867688236,211.15299874111278,211.15299874111278,211.32275787978966,210.61105806596834,0.5419406751444455,-1.0062476117754313,0.6708317477954553,0.16870513449205407,10.31845141581462,5.87224279841284,41.27386254956964,22.760232943838375,-0.8971303878770414,0.0,56.31099765707313,-0.32516440508666733
A3,420002,26,Z_mode_existing_controller,25.363755033362843,50.0960861353347,-56.329658625863885,0.8774968797206164,0.9203646779060364,False,False,-0.9203646779060364,-0.09203647077083588,-3.4190269376877613,-3.419026937687772,190.45374430412951,190.45374430412951,193.87277124181728,192.85549120194554,-2.4017468978160252,-3.7148609774497876,3.4245559545118542,0.9203647077083615,-0.004994075279682875,-0.0004994075279682875,-0.1858195171317481,-0.18581951713176198,210.98050256688668,210.98050256688668,211.16632208401845,210.46464320503898,0.5158593618477028,-1.0062476117754313,0.6708317477954553,0.18466579692437782,12.29632056552507,5.103618300930523,38.172133220005506,21.665454681874248,-0.9162551224983488,0.0,57.555429365471355,-0.3095156171086302
A3,420002,27,Omega_safe_one_step_QP,25.324796221322146,50.094015234080395,-81.54228447612695,1.2709301478970467,0.9264127612113953,False,False,-0.9264127612113953,-0.09264127910137177,-4.541302834118351,-4.54130283411835,196.66709532703592,196.66709532703592,201.20839816115426,200.20335580614,-3.5362604791040724,-4.90202950366119,3.632638465088811,0.9264127910137173,-0.016437048092484474,-0.0016437048325315118,0.2582665440393886,0.25826654403939897,212.88180492047672,212.88180492047672,212.62353837643732,211.9310846212173,0.9507202992594159,-3.2924033308713976,4.023026356628604,0.0641970797963732,10.531945578220752,5.844325264792394,44.299508226633876,21.72494867078892,-1.3304446874697362,0.0,83.4431613431525,-0.5704321795556524
A3,420002,28,Z_mode_existing_controller,25.32747360518877,50.09297482087412,-40.58378911786258,0.6384620672245354,0.9472877979278564,False,False,-0.9472877979278564,-0.09472878277301788,-3.521446357439126,-3.521446357439112,197.30766527418473,197.30766527418473,200.82911163162385,199.1458444263392,-1.8381791521544812,-3.717398507987753,3.422018423973889,0.9472878277301751,0.007639166433364153,0.0007639166433364153,-0.11073423258234419,-0.11073423258233378,212.3617320592347,212.3617320592347,212.47246629181703,211.67212051976784,0.6896115394668527,-1.0062476117754313,0.6708317477954553,0.11004670350168923,10.205239974420957,6.188253825844772,40.32789447206682,25.714404447754344,-0.6624701774262363,0.0,41.660026218968596,-0.4137669236801145
A3,420002,29,Z_mode_existing_controller,25.336802660242384,50.094042060797456,-41.95214658041641,0.6715823873662345,0.9354298114776611,False,False,-0.9354298114776611,-0.09354298561811447,-3.481229675557406,-3.4812296755574046,195.11682709953587,195.11682709953587,198.59805677509328,197.03067748351734,-1.913850383981469,-3.721529361666292,3.41788757029535,0.9354298561811442,-0.002413521520793438,-0.0002413521579001099,-0.17208630991659563,-0.17208630991658383,211.89528914287067,211.8952891428707,212.06737545278727,211.2920105776533,0.6032785652174084,-1.0062476117754313,0.6708317477954553,0.17101785674099973,9.643133705746656,6.092840588713102,42.24534687159182,18.796148079784366,-0.6839499877425919,0.0,42.998063707289475,-0.3619671391304422
A3,420002,30,Z_mode_existing_controller,25.35242846089282,50.0905889249373,-46.64958661910714,0.7198434940981135,0.9386036992073059,False,False,-0.9386036992073059,-0.09386037290096283,-3.496782061456792,-3.496782061456792,191.69545036289094,191.69545036289094,195.19223242434774,193.71520851210073,-2.0197581492097925,-3.7255147762372895,3.4139021557243514,0.9386037290096286,0.00040858236025087535,4.085823820787482e-05,-0.15483686291341628,-0.1548368629134135,210.9960294032483,210.9960294032483,211.1508662661617,210.3961229608331,0.5999064424151754,-1.0062476117754313,0.6708317477954553,0.15387550847471637,12.68802289948093,5.72752999354253,38.20015181055593,30.866841883791587,-0.7589789572190497,0.0,47.76850944177568,-0.35994386544911094
A3,420002,31,Omega_safe_one_step_QP,25.315092995956935,50.09436329858099,-78.71885426831705,1.1782054911773499,0.9405501484870911,False,False,-0.9405501484870911,-0.09405501931905746,-4.69888350727419,-4.69888350727419,197.44810050733994,197.44810050733994,202.14698401461413,200.7473390936381,-3.299238586298145,-4.995888089007176,3.538779879742825,0.9405501931905746,-0.13741056621074677,-0.013741056434810162,-0.3490399328306353,-0.34903993283064705,212.51360174506442,212.51360174506442,212.86264167789506,212.12744551497073,0.3861562300936896,-3.316313661017172,3.9991160264828287,0.10524937280015616,12.908152138971746,5.061287399048813,39.660062834103854,22.391624984615838,-1.2775651991047283,0.0,80.22811320547771,-0.23169373805620808
A3,420002,32,Omega_safe_one_step_QP,25.273105582983806,50.09417229717241,-80.60442333279298,1.230897737274257,0.9564985632896423,False,False,-0.9564985632896423,-0.09564986079931259,-5.585360051771687,-5.585360051771697,204.9965557254685,204.9965557254685,210.5819157772402,208.5279125348873,-3.5313568094187815,-5.8393812652697825,2.6952867034802175,0.9564986079931279,-0.24448715150356293,-0.024448715150356293,-1.03602856073564,-1.036028560735628,213.60629097363122,213.60629097363125,214.64231953436686,213.80271760764313,-0.19642663401188543,-3.4942814466643526,3.821148240835648,0.29649259126640265,9.876003495454668,4.913761523798558,40.427470623432946,23.677515016231528,-1.3035104836915004,0.0,81.79007783607722,0.1178559804071142
A3,420002,33,Omega_safe_one_step_QP,25.28312611597827,50.09513339482171,-54.86006546454155,0.8834651353040767,0.9381176233291626,False,False,-0.9381176233291626,-0.0938117653131485,-5.305931577153351,-5.30593157715336,203.44151204633258,203.44151204633258,208.74744362348594,206.00799235929856,-2.566480312965979,-5.6559340498943556,2.878733918855645,0.9381176531314871,-0.20198528468608856,-0.020198529586195946,-0.7991669558985371,-0.7991669558985295,213.49579626411452,213.49579626411452,214.29496322001305,213.34379291835654,0.1520033457579757,-3.4595458152289695,3.8558838722710305,0.2310034318321744,7.2935199037096226,3.8276175016819964,41.83844225477986,29.279856380361608,-0.8896181279969362,0.0,55.84088559999327,-0.09120200745476836
A3,420002,34,Z_mode_existing_controller,25.32551168415628,50.0985069759378,-1.3163768098920627,0.020921139730602244,0.9384459257125854,False,False,-0.9384459257125854,-0.09384459257125854,-3.4952262749606153,-3.4952262749606153,197.00593021121844,197.00593021121844,200.50115648617907,197.23194998117927,-0.2260197699608284,-3.7244834030331617,3.41493352892848,0.9384459257125853,-0.010951846837997437,-0.001095184707082808,-0.22639106956358068,-0.2263910695635911,212.49057025693727,212.49057025693727,212.71696132650086,211.67809332650788,0.8124769304293977,-1.0062476117754313,0.6708317477954553,0.22498544783042504,10.037140494582442,6.493264160910313,40.718183207620775,24.607000430057557,-0.024974745967764278,0.0,1.8288377141170713,-0.48748615825763864
A3,420002,35,Z_mode_existing_controller,25.339717575640588,50.09883225714936,-10.487193876370839,0.16510892897030144,0.9394144415855408,False,False,-0.9394144415855408,-0.09394144266843796,-3.5025453489484897,-3.5025453489484826,193.83138648742369,193.8313864874237,197.3339318363722,194.43281540811836,-0.6014289206946444,-3.7284347029995746,3.4109822289620673,0.9394144266843775,-0.0065893991850316525,-0.0006589399417862296,-0.19906624767830894,-0.19906624767831518,211.8694119731457,211.8694119731457,212.068478220824,211.09429953786682,0.775112435278885,-1.0062476117754313,0.6708317477954553,0.19783028088591545,11.268220835880395,4.36522480261194,43.924245897310556,19.123348309776492,-0.17304696391507335,0.0,11.125308301452606,-0.46506746116733666
A3,420002,36,Omega_safe_one_step_QP,25.31520273983496,50.095991326618844,-44.00801928342935,0.7205670335013117,0.9457330107688904,False,False,-0.9457330107688904,-0.09457330405712128,-4.6960618346128475,-4.696061834612847,197.14729951984688,197.14729951984688,201.84336135445972,199.25281996401276,-2.105520444165876,-4.965525822991736,3.5691421457582653,0.9457330405712125,-0.0002331845462322235,-2.331845462322235e-05,0.32034150904711667,0.32034150904712533,213.1977404111491,213.1977404111491,212.877398902102,211.9593862613052,1.2383541498439001,-3.3177893834378636,3.997640304062137,0.08013264943362101,7.810881138886067,7.056556994192018,40.62760716656151,26.78225424659018,-0.7235614787383762,0.0,45.474593252074555,-0.7430124899063486
A3,420002,37,Z_mode_existing_controller,25.36484916719852,50.096979199557914,-0.8699252311316741,0.014431992019309246,0.8765302300453186,False,False,-0.8765302300453186,-0.0876530259847641,-3.2699636817304047,-3.269963681730417,188.9349961063481,188.9349961063481,192.20495978807853,189.14820488332077,-0.21320877697266383,-3.7305770622212076,3.4088398697404343,0.8765302598476444,-0.004740441218018532,-0.0004740441218018532,-0.176870015441586,-0.17687001544158532,210.68762847892796,210.68762847892796,210.86449849436954,209.87059444299848,0.8170340359294812,-1.0062476117754313,0.6708317477954553,0.17577186109243476,9.353987107274547,6.40947366410024,42.39663757442979,24.277497268485046,-0.017922706226876528,0.0,1.3780683589166074,-0.4902204215576802
A3,420002,38,Omega_safe_one_step_QP,25.382150285614212,50.09579416302116,-4.790058985178803,0.07933768510585114,0.8569735288619995,False,False,-0.8569735288619995,-0.08569735288619995,-3.1108993567735816,-3.1108993567735816,185.3782008464608,185.3782008464608,188.4891002032344,185.75679214673417,-0.37859130027337073,-3.6300997078692006,4.904568260880801,0.8569735288619993,-0.11775588244199753,-0.011775588616728783,-0.037287577915792736,-0.03728757791578441,209.97310050569052,209.97310050569055,210.01038808360633,209.07333191366473,0.899768592025822,-3.031088301588299,4.284341385911702,0.012301712852194247,10.264308848310586,5.533120494360135,43.0493397039081,23.908838407919088,-0.08200167684562132,0.0,5.41192181724,-0.5398611552155046
A3,420002,39,Omega_safe_one_step_QP,25.37620390257174,50.09414304418433,-3.3141002968777684,0.057098428363097496,0.8592093586921692,False,False,-0.8592093586921692,-0.08592093735933304,-3.235451565681634,-3.2354515656816436,186.60879993338946,186.60879993338946,189.8442514990711,186.93569745954088,-0.3268975261514129,-3.7656148374528735,4.769053131297127,0.8592093735933329,-0.103757344186306,-0.0103757344186306,0.016632970595633484,0.016632970595637647,210.21033753892672,210.21033753892675,210.1937045683311,209.22711101791018,0.9832265210165758,-3.0494199500607766,4.266009737439224,0.003898952796488925,7.640419125577052,5.4613739462562165,42.60645430338001,24.307587091132167,-0.05999998993863537,0.0,3.964036199427028,-0.5899359126099455
A3,420002,40,Omega_safe_one_step_QP,25.410343291976428,50.092162893916274,19.466814123714357,-0.33912101829446817,0.7890371084213257,False,False,-0.7890371084213257,-0.07890371233224869,-2.454652749380684,-2.4546527493806787,180.8429213598044,180.8429213598044,183.29757410918506,180.20266413422243,0.6402572255819621,-3.1109470984642695,5.423720870285731,0.789037123322485,0.006948754191398621,0.0006948754307813942,0.6340416792209911,0.6340416792209785,209.30455204560812,209.30455204560812,208.67051036638713,207.67171421379987,1.6328378318082457,-2.897100529866379,4.418329157633622,0.14350259036847313,8.593776490435502,6.370314869770374,43.249966234506864,23.58457797345592,0.3041632194085153,0.0,-18.791274644037003,-0.9797026990849389
A3,420002,41,Omega_safe_one_step_QP,25.43206431737203,50.08917328969427,27.79279239371772,-0.46361678067112144,0.811812162399292,False,False,-0.811812162399292,-0.08118122071027756,-2.193482113870329,-2.193482113870329,177.0141964085157,177.0141964085157,179.207678522386,176.09223166398036,0.9219647445353303,-2.7019575397843645,5.832710428965637,0.811812207102775,0.08180313557386398,0.008180313743650913,1.102184839785196,1.1021848397851974,208.71630818253246,208.71630818253246,207.61412334274726,206.61096985487336,2.105338327659098,-2.791461827502391,4.52396785999761,0.2436323320355728,12.24247075167602,3.774220638350558,38.276455600751426,25.302816970559576,0.43634757418968917,0.0,-26.965936971312658,-1.263202996595453
A3,420002,42,Z_mode_existing_controller,25.36883304228141,50.0871105166251,-3.025537222840285,0.05035626527376957,0.896155059337616,False,False,-0.896155059337616,-0.08961550891399384,-3.340112991281372,-3.3401129912813667,188.51090006679897,188.51090006679897,191.85101305808033,188.8058779261898,-0.2949778593908263,-3.727159541644694,3.412257390316948,0.8961550891399368,-0.04476071149110794,-0.004476071335375309,-0.43232407730380423,-0.4323240773038167,209.75278076294282,209.75278076294282,210.18510484024662,209.19449748658474,0.5582832763580825,-1.0062476117754313,0.6708317477954553,0.42963985429095397,9.215587416018135,4.764580628852589,35.013271051169454,21.756767430100936,-0.050575032677949494,0.0,3.4110822213324354,-0.3349699658148495
A3,420002,43,Z_mode_existing_controller,25.372580087911327,50.083830237430206,-12.656264305300283,0.20448290598017715,0.9143304228782654,False,False,-0.9143304228782654,-0.09143304079771042,-3.411197913960801,-3.4111979139608146,187.4040179966254,187.40401799662538,190.8152159105862,188.09700904220162,-0.6929910455762354,-3.7308153422435675,3.4086015897180735,0.914330407977108,-0.0013929558917880058,-0.00013929558917880058,-0.16211730596925322,-0.162117305969256,209.62105530237037,209.62105530237037,209.7831726083396,208.8501110094085,0.7709442929618717,-1.0062476117754313,0.6708317477954553,0.16111074855940768,11.195218597224262,4.874755262517835,38.71349394134063,28.733798665178984,-0.20821876738192913,0.0,13.327049648458342,-0.46256657577711735
A3,420002,44,Z_mode_existing_controller,25.346330054386062,50.08532179479695,-20.298820361104845,0.31865197244854404,0.9201903343200684,False,False,-0.9201903343200684,-0.09201903641223907,-3.436462313414437,-3.4364623134144345,192.19654970913948,192.19654970913948,195.6330120225539,193.19566748239075,-0.999117773251271,-3.73451238721879,3.404904544742852,0.9201903641223901,-0.009591013193130493,-0.0009591013076715171,-0.21475501912447958,-0.21475501912447403,210.69170945032351,210.69170945032351,210.906464469448,210.02446272182502,0.6672467284984975,-1.0062476117754313,0.6708317477954553,0.21342164355109233,11.742469470872852,3.431501962098937,44.8472648241651,27.38761682844261,-0.33107706234326884,0.0,21.03024546054712,-0.40034803709909283
A3,420002,45,Omega_safe_one_step_QP,25.304226549707774,50.087454569918556,-62.732708353815724,0.9508077826686864,0.9543440937995911,False,False,-0.9543440937995911,-0.09543441236019135,-4.903755394319309,-4.9037553943193215,198.66786100435957,198.66786100435957,203.57161639867888,201.3627147450444,-2.6948537406848345,-5.138351327413651,3.396316641336349,0.9543441236019158,-0.36974287033081055,-0.036974288523197174,-1.4650327549067879,-1.465032754906779,211.267972748426,211.267972748426,212.73300550333278,211.89381675995668,-0.6258440115306882,-3.3033500435609424,4.0120796439390585,0.44349909503611196,11.969516866296761,4.7741665701371865,39.397243585034325,23.506854491411065,-1.0075878664246432,0.0,63.364789813321295,0.37550640691841863
A3,420002,46,Omega_safe_one_step_QP,25.27480351938629,50.087893140910055,-59.63345051417855,0.889698228173555,0.9320166707038879,False,False,-0.9320166707038879,-0.0932016670703888,-5.345060662185748,-5.345060662185751,204.19245294177426,204.19245294177426,209.53751360396,206.76907102092264,-2.576618079148375,-5.734941047941764,2.7997269208082365,0.9320166707038882,-0.4320650100708008,-0.04320650175213814,-1.8969315032908889,-1.8969315032909013,212.12408279802833,212.1240827980283,214.0210143013192,213.09001165486274,-0.965928856834438,-3.4321509233595853,3.883278764140416,0.5526946645557406,11.687194659390203,4.490104681063338,37.99120811219533,20.984666917281142,-0.953880684825819,0.0,60.007773884904054,0.5795573141006543
A3,420002,47,Omega_safe_one_step_QP,25.251115967843205,50.087500874468134,-62.12699440883989,0.9279256137816536,0.9745742082595825,False,False,-0.9745742082595825,-0.09745742380619049,-6.060972205635548,-6.060972205635556,208.31810589982516,208.31810589982516,214.3790781054607,211.07434751993213,-2.7562416201069766,-6.219097498091833,2.3155704706581672,0.9745742380619064,-0.19312581419944763,-0.019312581047415733,-0.8195157407141326,-0.8195157407141443,214.20171996853628,214.20171996853628,215.02123570925042,214.00132752600805,0.2003924425282264,-3.532173064152708,3.7832566233472926,0.23201460569167454,10.64669779181663,4.6803176434856795,36.60837625435402,25.93974711309273,-1.006083369347614,0.0,63.253313243703815,-0.12023546551691311
A3,420002,48,Omega_safe_one_step_QP,25.248460766008378,50.09028927395416,-47.98070482083858,0.7156122331367584,0.9616476893424988,False,False,-0.9616476893424988,-0.096164770424366,-6.043521908225455,-6.043521908225466,208.99006903431896,208.99006903431894,215.0335909425444,211.16416423786728,-2.1740952035483474,-6.2845487818002015,2.250119186949798,0.9616477042436619,-0.17406898736953735,-0.017406899482011795,-0.7559842733348195,-0.7559842733348126,214.5541816657183,214.55418166571832,215.31016593905312,214.1984751352241,0.3557065304942171,-3.561066087132978,3.7543636003670224,0.21229155956031615,10.72849200877917,5.748923746709697,41.53870973087506,22.994889368297645,-0.7775977545741206,0.0,48.971726493709866,-0.21342391829654161
A3,420002,49,Omega_safe_one_step_QP,25.2566322405241,50.091822005080196,-30.877093730467095,0.47588915894900674,0.9510353207588196,False,False,-0.9510353207588196,-0.09510353207588196,-5.837182291123538,-5.837182291123527,207.72805545409858,207.72805545409858,213.5652377452221,209.22979316800595,-1.5017377139073744,-6.137713462067973,2.3969545066820275,0.9510353207588176,-0.19203291833400726,-0.019203292205929756,-0.8221214860091527,-0.8221214860091662,214.2514844474423,214.2514844474423,215.07360593345146,213.88593973771415,0.365544709728141,-3.537410086572811,3.77801960092719,0.23240774066024997,9.167642050937571,5.114882559222161,39.32612307389223,22.661557755169902,-0.5005293369817343,0.0,31.596949893286364,-0.21932682583687324
A3,420002,50,Omega_safe_one_step_QP,25.2809257344574,50.09229272763532,-11.12221220549418,0.16732462016880326,0.9408054351806641,False,False,-0.9408054351806641,-0.09408054500818253,-5.338110454839143,-5.33811045483913,203.5897836049584,203.58978360495843,208.92789405979755,204.23179305126482,-0.642009446306389,-5.673979093525519,2.860688875224483,0.940805450081823,-0.21433064341545105,-0.021433064714074135,-0.8404293864946628,-0.8404293864946497,213.2588224801239,213.2588224801239,214.09925186661857,212.85143180163055,0.407390678493357,-3.439974679889521,3.8754550076104795,0.2443126664297544,11.768173351238644,3.899234115588442,41.85721297246329,26.835471905819947,-0.1786388163459236,0.0,11.54528542893513,-0.2444344070960227
A3,420002,51,Omega_safe_one_step_QP,25.251365112814057,50.095650313118064,-23.3199660790724,0.3470428400386215,0.9635879397392273,False,False,-0.9635879397392273,-0.09635879844427109,-6.039960923761203,-6.039960923761212,208.8301289137475,208.8301289137475,214.87008983750871,209.97697855690996,-1.1468496431624544,-6.268198671296633,2.266469297453367,0.9635879844427127,-0.23083293437957764,-0.023083293810486794,-1.0558023957447222,-1.0558023957447136,214.4948247971102,214.49482479711023,215.55062719285493,214.2698661101435,0.2249586869667155,-3.585112212513159,3.7303174749868413,0.29449633181902485,11.134389577621027,6.174708634936071,40.755571008841294,26.82161797425369,-0.37529485592180123,0.0,23.83023614717331,-0.13497521218002362
A3,420002,52,Omega_safe_one_step_QP,25.257068804949274,50.09952609173418,-11.718094950280829,0.17519992030738996,0.9480478167533875,False,False,-0.9480478167533875,-0.0948047861456871,-5.845953262527662,-5.845953262527662,208.00521034868834,208.00521034868834,213.851163611216,208.6743419449709,-0.6691315962825684,-6.166306048667363,2.3683619200826387,0.9480478614568709,-0.24346725642681122,-0.02434672601521015,-1.1180254224788522,-1.1180254224788437,214.42709336203373,214.42709336203376,215.5451187845126,214.21716321226282,0.2099301497709405,-3.5845613716789257,3.730868315821075,0.31190020383308054,11.145669639212816,4.957315379989332,43.766786328057584,27.71400699399665,-0.1866267663944221,0.0,12.030679806538501,-0.1259580898625643
A3,420002,53,Omega_safe_one_step_QP,25.251895302218113,50.10406124404722,-10.680832269491475,0.16799211393375238,0.9592792391777039,False,False,-0.9592792391777039,-0.09592792391777039,-6.022128586353564,-6.022128586353559,208.94361362809286,208.9436136280929,214.96574221444644,209.5870111807093,-0.6433975526164204,-6.277763908990407,2.2569040597595933,0.9592792391777029,-0.31205061078071594,-0.031205061823129654,-1.4985134238913413,-1.49851342389133,214.53480307478975,214.53480307478978,216.0333164986811,214.67101454558153,-0.1362114707917499,-3.6333811430957756,3.682048544404225,0.41242946029453464,7.896071411992198,5.867481478071702,35.2121974262064,24.170082588571546,-0.16806864119259757,0.0,10.767174028208501,0.08172688247503856
A3,420002,54,Omega_safe_one_step_QP,25.300179207335688,50.1049700333058,20.801996781250637,-0.33164542437873,0.9232388138771057,False,False,-0.9232388138771057,-0.09232388436794281,-4.929489648595322,-4.9294896485953315,200.65205204650795,200.65205204650795,205.58154169510328,199.98139010953201,0.6706619369759323,-5.3393438570560905,3.1953241116939104,0.9232388436794298,-0.056828465312719345,-0.0056828465312719345,-0.07349098134603813,-0.07349098134603362,213.99724602086135,213.99724602086135,214.07073700220738,212.66881394053718,1.328432080324177,-3.437123193448404,3.8783064940515968,0.021381538341749523,9.22087936092471,6.427407829150408,40.31810134330564,23.113926826537355,0.32978245660560823,0.0,-20.334719989662517,-0.7970592481945005
A3,420002,55,Z_mode_existing_controller,25.328300409607746,50.10466338829279,55.92160664387484,-0.8866873653743533,0.9362083673477173,False,False,-0.9362083673477173,-0.09362083673477173,-3.483842698807281,-3.4838426988072877,196.69970412206482,196.69970412206482,200.1835468208721,194.58799682136592,2.111707300698896,-3.7212257658805417,3.4181911660810997,0.9362083673477192,-0.009641061536967754,-0.0009641061769798398,-0.21775671599175705,-0.21775671599174318,212.67201586153791,212.67201586153791,212.88977257752967,211.48709897663116,1.1849168849067553,-1.0062476117754313,0.6708317477954553,0.21640470341840762,10.82502366767401,7.750472554461336,46.36323617734829,28.623843883782456,0.902414846200017,0.0,-56.11307135913103,-0.710950130944056
A3,420002,56,Z_mode_existing_controller,25.34468432558053,50.10803343901563,35.34674070507208,-0.587024073452664,0.9418045282363892,False,False,-0.9418045282363892,-0.09418045729398727,-3.508442642270156,-3.508442642270167,193.03742919840056,193.03742919840056,196.5458718406707,191.72069051225316,1.3167386861474029,-3.725234239751502,3.4141826922101397,0.941804572939876,0.0012916096020489931,0.0001291609660256654,-0.14980982333945778,-0.14980982333944806,212.16629358620096,212.166293586201,212.31610340954043,211.0422815717557,1.1240120144452987,-1.0062476117754313,0.6708317477954553,0.14887968089198483,8.682585882621451,5.547722103186265,37.073864400449516,26.0479730982474,0.5675822212473864,0.0,-35.239915717652366,-0.6744072086671764
A3,420002,57,Z_mode_existing_controller,25.366892162494867,50.10796812628175,24.95553354900312,-0.42050434083320815,0.8948338031768799,False,False,-0.8948338031768799,-0.08948338031768799,-3.33701668655919,-3.337016686559192,188.46715098084184,188.46715098084184,191.80416766740103,187.5880314331064,0.8791195477354279,-3.7292027577768763,3.4102141741847656,0.8948338031768801,-0.03198572248220444,-0.003198572201654315,-0.3516088348539982,-0.3516088348540093,210.9574954584444,210.9574954584444,211.30910429329842,210.1376497157288,0.8198457427156143,-1.0062476117754313,0.6708317477954553,0.3494257583713693,8.77976726853344,3.4296702136562267,35.7107783650727,22.743557084147202,0.4017151210921117,0.0,-24.865341224465737,-0.49190744562937994
A3,420002,58,Z_mode_existing_controller,25.368007934301822,50.105167273219564,14.431059911637021,-0.23941001735490344,0.8786853551864624,False,False,-0.8786853551864624,-0.08786853402853012,-3.2799748790584546,-3.279974879058442,188.00494307153681,188.00494307153681,191.28491795059526,187.5788531132789,0.4260899582579043,-3.732820759241843,3.406596172719799,0.8786853402852978,-0.056009650230407715,-0.005600965116173029,-0.5002724381964376,-0.5002724381964252,210.54482364647757,210.5448236464776,211.04509608467401,209.9599828689749,0.5848407775027056,-1.0062476117754313,0.6708317477954553,0.4971663359416481,9.723140868859378,5.919350911446529,38.916501235247225,21.035376532719912,0.2334370822930616,0.0,-14.313592527428227,-0.35090446650161766
A3,420002,59,Omega_safe_one_step_QP,25.373962309630368,50.101731807374165,3.421657432621032,-0.05638795426420124,0.8814276456832886,False,False,-0.8814276456832886,-0.0881427675485611,-3.318228779476688,-3.3182287794767005,186.51594414482042,186.51594414482042,189.83417292429712,186.5608932396906,-0.04494909487019072,-3.7646069799754747,4.770060988774526,0.8814276754856141,-0.1437688171863556,-0.014376881532371044,-0.19593604411533988,-0.19593604411533502,210.34890595681375,210.34890595681375,210.5448420009291,209.53398648743013,0.814919469383625,-3.084533693320574,4.230895994179427,0.06352209558923806,10.375563840237263,5.828435712073362,40.59525683741322,24.974879265244105,0.05262995321392694,0.0,-2.985335704204772,-0.48895168163018354
A3,420002,60,Z_mode_existing_controller,25.368844896246596,50.100727156592114,8.068290255702777,-0.13864988121616018,0.8616786003112793,False,False,-0.8616786003112793,-0.08616786450147629,-3.2179104534494183,-3.2179104534494103,187.8034745574507,187.8034745574507,191.0213850109001,187.62708348892608,0.17639106852462305,-3.734466987277243,3.404949944684399,0.8616786450147607,-0.08199708163738251,-0.00819970853626728,-0.6611639135017777,-0.6611639135017764,210.0682219176835,210.0682219176835,210.72938583118528,209.69752615003682,0.37069576764668,-1.0062476117754313,0.6708317477954553,0.6570588648008948,7.621213080776903,3.97539829893757,36.13241286101533,27.175257222310762,0.13111243337241074,0.0,-7.976985228487138,-0.22241746058801937
A3,420002,61,Omega_safe_one_step_QP,25.392871061268412,50.100275333778335,6.921905004605833,-0.11317848685285516,0.8727395534515381,False,False,-0.8727395534515381,-0.08727395534515381,-2.94958049009698,-2.9495804900969937,183.03532350627347,183.03532350627347,185.98490399637046,182.94984950782657,0.08547399844690062,-3.379680087182809,5.154987881567191,0.8727395534515422,-0.05625130236148834,-0.005625130143016577,0.30538686180958813,0.305386861809577,209.9394879605097,209.9394879605097,209.6341010987001,208.66349281438966,1.2759951461200387,-2.9934596030976772,4.321970084402324,0.07065917992160474,11.750504942077708,4.991172542414474,41.466529992689615,24.236621218835538,0.10560801979619328,0.0,-6.261915936729565,-0.7655970876720204
A3,420002,62,Z_mode_existing_controller,25.35645082437175,50.09870190317798,-3.5768459631735823,0.05850002398528917,0.9258593916893005,False,False,-0.9258593916893005,-0.09258594363927841,-3.458968042741939,-3.458968042741943,189.89347214081118,189.89347214081118,193.3524401835531,190.22883945760563,-0.3353673167944464,-3.7359537601283512,3.40346317183329,0.9258594363927855,-0.011096655391156673,-0.0011096656089648604,-0.22519263932133937,-0.22519263932134978,210.88068167716628,210.88068167716625,211.10587431648761,210.12087048568395,0.7598111914822994,-1.0062476117754313,0.6708317477954553,0.22379445842760123,9.956451301342227,5.256931714839682,44.88957377532885,23.546235912513847,-0.06077508938186682,0.0,4.093507767443953,-0.45588671488937393
A3,420002,63,Z_mode_existing_controller,25.357305689928317,50.09758520841535,-11.60376904437635,0.18704192633215522,0.9250519275665283,False,False,-0.9250519275665283,-0.09250519424676895,-3.4593555968711573,-3.459355596871171,189.3997300517125,189.39973005171248,192.85908564858366,190.06532966469206,-0.6655996129795767,-3.7396338930362134,3.399783038925428,0.9250519424676933,-0.0036545568145811558,-0.00036545569309964776,-0.1781654628878762,-0.1781654628878769,210.7665575620444,210.7665575620444,210.94472302493227,210.01796168937125,0.7485958726731496,-1.0062476117754313,0.6708317477954553,0.17705926533680943,10.870398359971269,4.275995119631519,41.30928349363104,27.702529780777386,-0.19061243707806597,0.0,12.243539005057755,-0.44915752360388694
A3,420002,64,Z_mode_existing_controller,25.333509103120456,50.09887403207979,-19.68804851178902,0.30894829714441946,0.9373394250869751,False,False,-0.9373394250869751,-0.09373394399881363,-3.508688506104801,-3.508688506104808,193.69506781415748,193.69506781415745,197.20375632026227,194.687817379184,-0.9927495650265428,-3.7432421558504037,3.396174776111238,0.9373394399881381,-0.005884821526706219,-0.0005884821875952184,-0.19427879934435996,-0.19427879934436135,211.76077535085005,211.76077535085003,211.9550541501944,211.0785524207995,0.6822229300505285,-1.0062476117754313,0.6708317477954553,0.19307255696396067,11.412579449945222,6.19596740190457,38.950804997853616,25.990920432061255,-0.3209951774201514,0.0,20.418377447240346,-0.40933375803031424
A3,420002,65,Z_mode_existing_controller,25.32180819340989,50.09975717182543,-25.098001872100212,0.4051413977240528,0.9459254741668701,False,False,-0.9459254741668701,-0.09459254890680313,-3.544247910959026,-3.544247910959038,195.62379845037907,195.62379845037907,199.1680463613381,196.879902522828,-1.2561040724489203,-3.746857391961157,3.3925595400004847,0.9459254890680345,-0.0021097760181874037,-0.0002109776105498895,-0.17193264785854076,-0.17193264785854076,212.26174226231703,212.26174226231703,212.43367491017557,211.5997393289237,0.6620029333933246,-1.0062476117754313,0.6708317477954553,0.17086514874324166,9.17236412008467,3.3421626456334095,39.771474265603715,23.48454019876206,-0.4097129464708562,0.0,25.9049165786073,-0.3972017600359834
A3,420002,66,Z_mode_existing_controller,25.32282917664353,50.09888352359004,-30.210824236125518,0.46842271080500253,0.9440885186195374,False,False,-0.9440885186195374,-0.09440885484218597,-3.540764188224292,-3.5407641882242857,195.10564518029625,195.10564518029628,198.64640936852055,196.52678345005512,-1.421138269758842,-3.7504577236351824,3.3889592083264595,0.9440885484218582,-0.0048160552978515625,-0.00048160552978515625,-0.1886765113427155,-0.18867651134271204,212.09166399533535,212.09166399533535,212.28034050667807,211.47842150782026,0.6132424875150946,-1.0062476117754313,0.6708317477954553,0.18750505256833325,11.726514185376141,7.223637791498595,41.184564345608294,27.314670977790566,-0.4909665742872278,0.0,31.069736302922138,-0.36794549250905106
A3,420002,67,Z_mode_existing_controller,25.318799728854717,50.101069352936776,-33.43906254355261,0.5303335608505068,0.9481082558631897,False,False,-0.9481082558631897,-0.09481082856655121,-3.5591809307879725,-3.5591809307879583,195.53226313906706,195.53226313906706,199.09144406985502,197.122755333241,-1.5904921941739474,-3.7539814645640948,3.385435467397547,0.9481082856655084,-0.0027324266266077757,-0.00027324268012307584,-0.17622196576664723,-0.17622196576663404,212.3328831678188,212.3328831678188,212.50910513358545,211.7375006076693,0.5953825601495168,-1.0062476117754313,0.6708317477954553,0.1751278350422185,10.19694575529333,4.288554177730774,45.28880910855704,31.22646352963603,-0.543913586433515,0.0,34.340205666076145,-0.35722953608971864
A3,420002,68,Z_mode_existing_controller,25.312631567139427,50.10554735242784,-32.70109891626362,0.5196082885382385,0.9124874472618103,False,False,-0.9124874472618103,-0.09124874323606491,-3.42863951481869,-3.428639514818696,196.5061911780944,196.5061911780944,199.9348306929131,198.07668723174177,-1.5704960536473607,-3.757464917570025,3.381952014391617,0.9124874323606507,-0.0002766810357570648,-2.7668103939504363e-05,-0.15477471351529118,-0.15477471351529118,212.79987124054892,212.79987124054892,212.9546459540642,212.20598316244426,0.5938880781046691,-1.0062476117754313,0.6708317477954553,0.15381374495111141,9.85152866832297,6.359034441987614,37.742089122470645,20.25995260603349,-0.5320014287470407,0.0,33.58943319187347,-0.35633284686279865
A3,420002,69,Z_mode_existing_controller,25.326873526207876,50.10289039386781,-38.689030424316115,0.6162131176869723,0.9518334269523621,False,False,-0.9518334269523621,-0.0951833426952362,-3.579534083215885,-3.5795340832158766,193.2843521484886,193.2843521484886,196.8638862317045,195.09395472738188,-1.8096025788932764,-3.7606728045652433,3.3787441273963985,0.9518334269523595,-0.0061543830670416355,-0.0006154383299872279,-0.19840802936846244,-0.19840802936847562,211.9545552724705,211.9545552724705,212.15296330183895,211.42332428019674,0.5312309922737484,-1.0062476117754313,0.6708317477954553,0.19717614933604952,10.393589494177352,4.659358447510496,36.00082358973982,24.946096290092175,-0.6282931967478547,0.0,39.6360622164284,-0.31873859536425186
A3,420002,70,Z_mode_existing_controller,25.31523725659522,50.10256865806962,-38.99806965575408,0.6234777386524135,0.9412876963615417,False,False,-0.9412876963615417,-0.09412877261638641,-3.5430601910556594,-3.543060191055654,195.30782167051828,195.3078216705183,198.85088186157395,197.1521927424863,-1.8443710719679984,-3.7640565074561123,3.3753604245055295,0.9412877261638626,-0.008085072971880436,-0.000808507320471108,-0.20880447180024325,-0.20880447180024742,212.35764109758958,212.35764109758958,212.56644556938983,211.85371107899817,0.5039300185914044,-1.0062476117754313,0.6708317477954553,0.20750804211284649,9.700185886362636,5.086488293394846,40.87607613731983,29.02624206344362,-0.6333134865975172,0.0,39.93374115350707,-0.30235801115483696
A3,420002,71,Z_mode_existing_controller,25.321587645870412,50.105201827405104,-41.78571926895256,0.6478141862003158,0.9421237707138062,False,False,-0.9421237707138062,-0.0942123755812645,-3.5492775628185917,-3.5492775628185966,193.71943419684692,193.71943419684692,197.2687117596655,195.61964235619675,-1.9002081593498303,-3.7673156428977865,3.372101289063855,0.9421237558126463,-0.01105040218681097,-0.0011050401953980327,-0.22762885306521763,-0.22762885306521902,212.1594325964365,212.1594325964365,212.38706144950172,211.6870634232844,0.4723691731520887,-1.0062476117754313,0.6708317477954553,0.2262155461552737,11.950139021834715,5.214570042740514,42.73292944899203,27.504309536762776,-0.67697303366932,0.0,42.74611380651368,-0.28342150389124754
A3,420002,72,Omega_safe_one_step_QP,25.294098980574287,50.10747416229815,-71.32611178198295,1.1173158045551335,0.956283450126648,False,False,-0.956283450126648,-0.09562834352254868,-4.79850008206462,-4.7985000820646135,197.56824156436284,197.56824156436284,202.36674164642744,200.7671365378226,-3.1988949734597725,-5.017863852188507,3.5168041165614934,0.9562834352254856,-0.08588510006666183,-0.008588510565459728,-0.16418630294312425,-0.1641863029431194,213.44933070854842,213.44933070854844,213.61351701149155,212.92743443977383,0.5218962687746114,-3.391401194376822,3.9240284931231795,0.04841252731034938,10.09921681835427,6.756857670579846,38.627049239821524,22.422917093473277,-1.1582020914202502,0.0,72.7974516346676,-0.3131377612647839
A3,420002,73,Z_mode_existing_controller,25.309364013919758,50.10640657308208,-24.268294465309737,0.4027644279811823,0.9476093053817749,False,False,-0.9476093053817749,-0.09476093202829361,-3.570626853829456,-3.570626853829458,196.02783105659603,196.02783105659603,199.59845791042548,197.305573848989,-1.277742792392985,-3.7680368664623742,3.371380065499267,0.947609320282937,-0.009517095051705837,-0.0009517095168121159,-0.21888764789070037,-0.21888764789070314,212.7285412500945,212.7285412500945,212.94742889798522,212.14859405149042,0.5799471986040885,-1.0062476117754313,0.6708317477954553,0.21752861356311298,7.457050830532073,6.315267400987324,37.29075189040175,23.309201767144685,-0.3956800410987089,0.0,25.011942825571168,-0.3479683191624474
A3,420002,74,Omega_safe_one_step_QP,25.357435870031097,50.104849123572244,-23.059181692193306,0.37392620291139894,0.8892855048179626,False,False,-0.8892855048179626,-0.08892855048179626,-3.3486705779510175,-3.3486705779510206,186.49517482293143,186.49517482293143,189.84384540088246,187.67466712228014,-1.1794922993487091,-3.765574227634008,4.769093741115993,0.8892855048179632,-0.026301639154553413,-0.0026301639154553413,0.3604058124300022,0.3604058124299918,211.14188739536436,211.14188739536436,210.78148158293436,210.0058732440065,1.1360141513578697,-3.1081976515211025,4.207232035978898,0.08566340276645475,11.077154934071705,5.016411159616923,35.308900369683535,23.611286488572894,-0.3793341798382741,0.0,24.120124362845672,-0.6816084908147246
A3,420002,75,Z_mode_existing_controller,25.332167010384598,50.10274322295348,-17.237365605275045,0.2910501960622835,0.9271944761276245,False,False,-0.9271944761276245,-0.09271945059299469,-3.49437798808888,-3.4943779880888743,191.58542207176708,191.58542207176708,195.07980005985596,192.5583005029557,-0.9728784311886045,-3.7687647691399206,3.3706521628217203,0.9271945059299457,-0.01147747877985239,-0.0011477478547021747,-0.22781605663125953,-0.22781605663126647,211.537420036055,211.537420036055,211.76523609268628,210.93229973405025,0.6051203020047637,-1.0062476117754313,0.6708317477954553,0.22640158740780114,7.521688309623663,5.9952737009064965,38.31899772704381,20.71417966802303,-0.28158292000598717,0.0,17.882020706483672,-0.3630721812028668
A3,420002,76,Omega_safe_one_step_QP,25.3741272831371,50.099053913785504,-12.93867704728109,0.21415385336427037,0.9120283126831055,False,False,-0.9120283126831055,-0.09120283275842667,-3.135493404102413,-3.135493404102427,183.43195199819075,183.43195199819075,186.56744540229317,184.2072760984529,-0.7753241002621394,-3.43793422777508,5.096733740974921,0.9120283275842705,0.002672189148142934,0.0002672189148142934,0.609052646946976,0.609052646946983,210.35059657603404,210.35059657603406,209.74154392908707,208.93775680443815,1.4128397715959125,-3.004203886136373,4.311225801363627,0.1412713402193737,10.687670565493036,4.820578164814758,42.72500070482286,22.742233188339686,-0.2177497457012798,0.0,14.004130655940571,-0.8477038629575446
A3,420002,77,Omega_safe_one_step_QP,25.35375041057482,50.09646885399687,-15.824325568543827,0.2638447033156108,0.9210536479949951,False,False,-0.9210536479949951,-0.09210536628961563,-3.5605665926926338,-3.5605665926926253,187.28507339562822,187.28507339562822,190.84563998832084,188.19569268625983,-0.9106192906316153,-3.8657536863778463,4.668914282372154,0.921053662896154,-0.013606863096356392,-0.0013606863794848323,0.4663313938577419,0.46633139385773914,210.95948441238323,210.95948441238323,210.4931530185255,209.64213012208663,1.3173542902966062,-3.0793647950802145,4.236064892419786,0.11008598916702492,9.277785776069887,5.880109745602857,39.7570811334796,27.115504915787504,-0.2644836594263076,0.0,16.879221802148095,-0.7904125741779637
A3,420002,78,Omega_safe_one_step_QP,25.36583315970212,50.096518744982795,-0.7688110038698142,0.012571037211268472,0.8838441371917725,False,False,-0.8838441371917725,-0.08838441222906113,-3.226128017716386,-3.2261280177163982,185.46307226132654,185.46307226132652,188.68920027904292,185.7182870088544,-0.255214747527873,-3.650109715450054,4.8845582532999465,0.8838441222906147,-0.13941366970539093,-0.013941367156803608,-0.12710793516962082,-0.12710793516960694,209.89498108170076,209.89498108170076,210.02208901687038,209.1177532945002,0.7772277872005589,-3.032258394914702,4.2831712925852985,0.04191856979694586,11.050856277445236,4.5770074310686,39.02747242195514,25.040004071114947,-0.013586453115649988,0.0,1.2487341293044665,-0.46633667232033815
A3,420002,79,Z_mode_existing_controller,25.3376550332716,50.09545147543336,-1.825942287539874,0.02975692426615506,0.9193085432052612,False,False,-0.9193085432052612,-0.09193085879087448,-3.460719759216777,-3.460719759216777,191.01758918627786,191.01758918627786,194.47830894549463,191.31677451452614,-0.29918532824828503,-3.764481051013857,3.3749358809477847,0.9193085879087449,-0.010186580941081047,-0.0010186581639572978,-0.21835974266903174,-0.2183597426690366,210.9656434418304,210.9656434418304,211.18400318449943,210.2472347992637,0.7184086425666862,-1.0062476117754313,0.6708317477954553,0.2170039860107205,9.897080905409629,5.344290247760323,36.00150659162027,23.94207703955322,-0.03086463921221494,0.0,2.2878521122920574,-0.4310451855400146
A3,420002,80,Z_mode_existing_controller,25.337741790770977,50.09407495896709,-9.551212596946243,0.15118403330657548,0.9230314493179321,False,False,-0.9230314493179321,-0.09230314940214157,-3.477618479814034,-3.4776184798140264,190.71287856611758,190.71287856611758,194.1904970459316,191.32503872067275,-0.6121601545551698,-3.76760544178501,3.3718114901766314,0.9230314940214137,-0.0029178811237215996,-0.00029178810655139387,-0.1731849134542135,-0.1731849134542142,210.87685343292745,210.87685343292745,211.05003834638165,210.1652744839116,0.711578949015859,-1.0062476117754313,0.6708317477954553,0.1721096392453994,11.697160586809513,5.169274424296916,44.46237853136591,27.18391689000494,-0.15523358129735243,0.0,10.133393547653213,-0.42694736940950406
A3,420002,81,Z_mode_existing_controller,25.311900129580724,50.0957802389033,-17.309178424045967,0.27730805081132964,0.9438130855560303,False,False,-0.9438130855560303,-0.09438131004571915,-3.558831473463267,-3.5588314734632793,195.42224333103368,195.42224333103368,198.98107480449696,196.37423022280797,-0.9519868917742826,-3.7706951426498923,3.3687217893117496,0.9438131004571948,-0.007758163847029209,-0.0007758163847029209,-0.20716818136513673,-0.20716818136512563,211.97073831709685,211.97073831709687,212.177906498462,211.3400488115943,0.6306895055025734,-1.0062476117754313,0.6708317477954553,0.20588191111290832,9.749301658353373,6.340830387099517,37.57766276091161,26.250683564553118,-0.2815888929821888,0.0,17.969181020330325,-0.3784137033015469
A3,420002,82,Z_mode_existing_controller,25.32656449413593,50.096549672832204,-22.32318417134684,0.35626601482750075,0.944948673248291,False,False,-0.944948673248291,-0.09449487179517746,-3.5660971574087554,-3.5660971574087625,192.2250817375796,192.2250817375796,195.79117889498835,193.37465635947274,-1.1495746218931515,-3.7738525802103378,3.3655643517513036,0.9449487179517765,-0.0073225530795753,-0.0007322553428821266,-0.2046139056517876,-0.20461390565178275,211.34306150357935,211.34306150357935,211.54767540923115,210.74480174573287,0.5982597578464777,-1.0062476117754313,0.6708317477954553,0.20334349444145297,10.68748517305451,4.42142388156514,41.78230085802239,25.19659079005664,-0.3621216784998822,0.0,23.04426170455372,-0.3589558547078866
A3,420002,83,Z_mode_existing_controller,25.309645419385298,50.09677169008217,-24.705038506252095,0.4105132404616103,0.9426392316818237,False,False,-0.9426392316818237,-0.09426392614841461,-3.560310119918829,-3.5603101199188245,195.27835739161,195.27835739161,198.83866751152883,196.58509006130865,-1.306732669698647,-3.7769592943893175,3.362457637572324,0.9426392614841452,-0.00908411294221878,-0.0009084112825803459,-0.21532596101638268,-0.21532596101638476,212.0026990045801,212.0026990045801,212.2180249655965,211.44632821621283,0.5563707883672748,-1.0062476117754313,0.6708317477954553,0.21398904056672682,7.539473493594636,5.0670201851687,36.317493883164325,25.464781843536947,-0.40223838725401606,0.0,25.44109936652694,-0.33382247302037626
A3,420002,84,Omega_safe_one_step_QP,25.347847107742858,50.096393663004235,-27.685329665620884,0.44786139850770595,0.910514235496521,False,False,-0.910514235496521,-0.09105142205953598,-3.5369117186620973,-3.536911718662085,187.49640259159256,187.49640259159258,191.03331431025467,188.88433047860835,-1.3879278870157634,-3.8845211185712296,4.650146850178771,0.9105142205953564,-0.007517673075199127,-0.0007517673075199127,0.48606577305928544,0.48606577305928755,211.02168744778243,211.02168744778243,210.53562167472313,209.78376186760445,1.237925580177972,-3.0836116606999786,4.231818026800021,0.11485980020431938,10.941369139059157,5.038492719894328,41.466377900865226,24.270963387457783,-0.4551719082130461,0.0,28.88325692194121,-0.7427553481067832
A3,420002,85,Z_mode_existing_controller,25.328394576629535,50.095340887259496,-18.44434994358471,0.2909014040792916,0.9354414343833923,False,False,-0.9354414343833923,-0.09354414790868759,-3.533470708880816,-3.533470708880826,191.59229957819693,191.59229957819693,195.12577028707776,192.5756477629756,-0.9833481847786629,-3.7773295153962883,3.3620874165653536,0.9354414790868785,-0.007712231948971748,-0.0007712232181802392,-0.20547478427313526,-0.20547478427313803,211.1296835408742,211.12968354087417,211.33515832514732,210.51804557260138,0.6116379682727882,-1.0062476117754313,0.6708317477954553,0.2041990280211415,11.604175369134724,4.212535324983462,41.7315244242095,22.072713162494157,-0.2984843069591818,0.0,19.10981703150719,-0.3669827809636814
A3,420002,86,Z_mode_existing_controller,25.294301873114556,50.093847833876794,-23.639981860120315,0.37619928728654445,0.9493680000305176,False,False,-0.9493680000305176,-0.094936802983284,-3.5889119524652653,-3.5889119524652626,198.00106496371058,198.00106496371058,201.58997691617583,199.23004194252078,-1.2289769788102092,-3.780316842033518,3.3591000899281234,0.9493680298328395,-0.025045154616236687,-0.0025045154616236687,-0.3170229939793566,-0.3170229939793705,212.31922628020547,212.31922628020544,212.63624927418482,211.85510756394788,0.46411871625755907,-1.0062476117754313,0.6708317477954553,0.31505465480808703,9.495206480371433,4.454848955501647,42.07507051061842,22.767904037398356,-0.38269706078611243,0.0,24.30115015066076,-0.27847122975454397
A3,420002,87,Z_mode_existing_controller,25.301502716244205,50.09318703920456,-28.061706657850664,0.424296033621187,0.9469161629676819,False,False,-0.9469161629676819,-0.09469161927700043,-3.582499189046425,-3.5824991890464175,196.3187485213752,196.3187485213752,199.90124771042161,197.67223675705802,-1.3534882356828177,-3.783332903587356,3.3560840283742857,0.9469161927700023,-0.006375377532094717,-0.0006375377415679395,-0.19897582698978206,-0.1989758269897779,212.0448211131149,212.04482111311492,212.2437969401047,211.48773968431504,0.5570814287998758,-1.0062476117754313,0.6708317477954553,0.19774042160329042,13.008671886489157,5.611673123846238,36.534208010394465,26.964818400851907,-0.45318365515066716,0.0,28.849139170280978,-0.33424885727993114
A3,420002,88,Omega_safe_one_step_QP,25.26148741261296,50.09529736770034,-69.52259057792253,1.0807996447681674,0.9478017687797546,False,False,-0.9478017687797546,-0.09478017687797546,-5.241935938356551,-5.241935938356544,202.25241487451066,202.2524148745107,207.49435081286722,205.4032684788062,-3.15085360429552,-5.530624768832486,3.0040431999175143,0.9478017687797532,-0.33240756392478943,-0.03324075788259506,-1.4047003539130125,-1.4047003539130132,212.5883973114163,212.5883973114163,213.9930976653293,213.26542606746446,-0.6770287560481734,-3.429359259760595,3.8860704277394054,0.40961014799338225,9.497463707501055,5.187160733122288,36.89954822058008,23.59961783240381,-1.116778717240953,0.0,70.2331520415346,0.4062172536289097
A3,420002,89,Omega_safe_one_step_QP,25.276048206334178,50.09543925598022,-47.68679838989101,0.7281746944670597,0.9462438225746155,False,False,-0.9462438225746155,-0.09462438523769379,-4.9858194352884135,-4.9858194352884135,199.8929238742779,199.8929238742779,204.87874330956632,202.07835894671092,-2.185435072433023,-5.269064018502393,3.2656039502476073,0.946243852376938,-0.23435558378696442,-0.0234355591237545,-0.8734069096038511,-0.8734069096038546,212.55478081413776,212.55478081413776,213.42818772374162,212.5822454616032,-0.027464647465450298,-3.3728682656018263,3.9425614218981746,0.25895079227116247,11.362648947225175,5.741640096003032,43.99733643069495,24.29067975758315,-0.767023381084023,0.0,48.437342982495466,0.016478788479275863
A3,420002,90,Omega_safe_one_step_QP,25.26835278330856,50.09673302214058,-38.34205799323627,0.5904821730831802,0.9477053284645081,False,False,-0.9477053284645081,-0.09477053582668304,-5.159676205439643,-5.159676205439634,201.47231246255575,201.47231246255575,206.6319886679954,203.2954371150835,-1.8231246525277527,-5.444388554345301,3.0902794144046997,0.9477053582668286,-0.2677265703678131,-0.02677265740931034,-1.076928901916855,-1.076928901916859,212.78588312550363,212.78588312550363,213.8628120274205,212.92819626479957,-0.14231313929593625,-3.4163306959697137,3.8990989915302867,0.31522970044654197,10.555965889748451,5.629233262343533,42.078167582385305,25.124030924576978,-0.6145163839814636,0.0,38.87118649364038,0.08538788357756744
A3,420002,91,Omega_safe_one_step_QP,25.272000510364574,50.09836274134747,-26.56481010447169,0.4135919598383858,0.955919086933136,False,False,-0.955919086933136,-0.09559191018342972,-5.157373485506197,-5.157373485506187,200.98271653426403,200.98271653426403,206.1400900197702,202.32676789773467,-1.3440513634706406,-5.395198689522784,3.1394692792272165,0.9559191018342953,-0.2803904116153717,-0.02803904190659523,-1.1342784318216887,-1.1342784318216776,212.7031257874042,212.7031257874042,213.83740421922587,212.82280123953586,-0.11967545213167341,-3.413789915150252,3.9016397723497493,0.3322636893347769,10.113056471548798,4.107176397478492,43.42827181371807,26.312071372414437,-0.42362982724163345,0.0,26.916634660433374,0.07180527127900405
A3,420002,92,Omega_safe_one_step_QP,25.269492135890477,50.10059523456661,-19.44181254238174,0.29757061277424424,0.9589499831199646,False,False,-0.9589499831199646,-0.09589499980211258,-5.241780367273247,-5.241780367273234,201.60798789194877,201.60798789194877,206.849768259222,202.6392252069404,-1.0312373149916425,-5.466166513467963,3.0685014552820378,0.9589499980211235,-0.3113916516304016,-0.03113916516304016,-1.3102450123235874,-1.3102450123235945,212.7932245247653,212.79322452476526,214.10346953708887,213.02119677060475,-0.2279722458394815,-3.4403964469365516,3.8750332405634498,0.38084128748891194,11.088424290591853,6.617361693321248,41.574844662863235,22.168199066770356,-0.3061528387479733,0.0,19.611182033625482,0.13678334750369459
A3,420002,93,Omega_safe_one_step_QP,25.274274414227467,50.100587293702496,-9.141538873212085,0.139016236774714,0.9546954035758972,False,False,-0.9546954035758972,-0.09546954184770584,-5.151117338588669,-5.151117338588676,200.9925954903115,200.9925954903115,206.14371282890016,201.60229342705216,-0.6096979367406732,-5.3955609704357785,3.139106998314222,0.9546954184770597,-0.2701824903488159,-0.027018249034881592,-1.0944459410018939,-1.0944459410018932,212.84406499744205,212.84406499744208,213.93851093844395,212.79956595533696,0.044499042105115905,-3.423900587072062,3.8915291004279386,0.31964886630595934,11.715005363726732,5.346794332961491,37.03648959088717,24.774191760813107,-0.14103152739444624,0.0,9.309269825869706,-0.026699425263075227
A3,420002,94,Omega_safe_one_step_QP,25.255370863328828,50.101837658424664,-11.834907681322875,0.1833311129584853,0.9535227417945862,False,False,-0.9535227417945862,-0.09535227715969086,-5.520837767345434,-5.520837767345442,204.56664575793383,204.5666457579338,210.08748352527925,205.2983731822269,-0.7317274242930978,-5.789938040073687,2.744729928676314,0.9535227715969098,-0.2999327480792999,-0.029993275180459023,-1.3256938361566801,-1.3256938361566912,213.51350962456465,213.51350962456465,214.83920346072134,213.65773709803256,-0.14422747346790743,-3.5139698392997984,3.801459848200202,0.3772638630332843,9.742864257747035,5.153433584877804,38.597125638081415,26.193345234488813,-0.18425952097413933,0.0,11.932630718216387,0.08653648408073877
A3,420002,95,Omega_safe_one_step_QP,25.268381327406985,50.10407048348964,-0.3827795686365789,0.005954304323892664,0.960204541683197,False,False,-0.960204541683197,-0.09602045267820358,-5.332543531699392,-5.3325435316993826,202.39105628093415,202.39105628093418,207.72359981263355,202.6465930158343,-0.25553673490011874,-5.5535496688091195,2.9811182999408823,0.960204526782034,-0.2608209252357483,-0.02608209289610386,-1.096551166094268,-1.096551166094259,213.3527804137087,213.3527804137087,214.44933157980296,213.21730882642183,0.13547158728687236,-3.4749826512079607,3.8404470362920398,0.31555586780068673,10.07780149958351,3.5067969012241713,35.47955215909555,24.82222492591666,-0.0007093428955009529,0.0,0.46477186390438874,-0.08128295237213479
A3,420002,96,Omega_safe_one_step_QP,25.25947365910749,50.10499192386137,1.0099279279684197,-0.01530926960846584,0.9520018696784973,False,False,-0.9520018696784973,-0.09520018845796585,-5.474332614016139,-5.474332614016131,204.21715052151484,204.21715052151484,209.69148313553097,204.41384070408148,-0.19669018256664117,-5.750338001098859,2.7843299676511415,0.9520018845796568,-0.26444724202156067,-0.026444723829627037,-1.1595361239669149,-1.1595361239669155,213.74988625127637,213.74988625127637,214.90942237524328,213.64142011198734,0.10846613928902116,-3.5209917307519936,3.794437956748007,0.3293208881576295,11.276649541847805,5.566753781693633,43.39713253473866,25.991942873554027,0.022976263601542257,0.0,-0.9678245079967382,-0.06507968357342975
A3,420002,97,Omega_safe_one_step_QP,25.254730050136963,50.10789775623289,2.4055450689875215,-0.03663265924381682,0.9531024098396301,False,False,-0.9531024098396301,-0.09531024098396301,-5.587330553295568,-5.587330553295576,205.22333501168484,205.22333501168484,210.8106655649804,205.35860784104324,-0.13527282935839935,-5.862256244043804,2.672411724706197,0.9531024098396315,-0.28533393144607544,-0.028533393517136574,-1.298713429679119,-1.298713429679121,214.00378665651087,214.00378665651087,215.30250008618998,214.00334749823978,0.0004391582710923103,-3.5602995018466634,3.7551301856533366,0.3647764546228489,10.784476606819236,6.303717854136955,45.618302491144654,20.29308642272489,0.04635213191800247,0.0,-2.4516337059430953,-0.00026349496263833316
A3,420002,98,Omega_safe_one_step_QP,25.265592857149045,50.10754216170257,11.38709217752239,-0.1768176377974002,0.9505811333656311,False,False,-0.9505811333656311,-0.09505811333656311,-5.38971278916402,-5.389712789164032,203.49752521175847,203.49752521175844,208.88723800092248,203.2676700300839,0.22985518167453733,-5.66991348763801,2.8647544811119907,0.9505811333656337,-0.18581581115722656,-0.018581582233309746,-0.7713945089442537,-0.7713945089442595,214.0869629484684,214.08696294846837,214.85835745741264,213.52864258818093,0.5583203602874391,-3.5158852389689277,3.7995444485310728,0.21940264158635608,10.061152644704425,5.607962949661113,38.88153417877637,26.54776273257062,0.1863078717837361,0.0,-11.23840783313426,-0.3349922161724521
A3,420002,99,Omega_safe_one_step_QP,25.2767497668199,50.10990765723535,17.985621188950972,-0.28310886404431784,0.9540905952453613,False,False,-0.9540905952453613,-0.09540905803442001,-5.2171035096841205,-5.217103509684132,201.652427323766,201.65242732376598,206.8695308334501,201.1386459337994,0.5137813899665673,-5.468142770890775,3.0665251978592276,0.954090580344202,-0.20553936064243317,-0.020553937181830406,-0.8377329813151486,-0.8377329813151622,213.71295336966526,213.71295336966526,214.5506863509804,213.19984004268866,0.513113326976594,-3.4851181283257073,3.830311559174293,0.2403743432701431,9.725225406228097,5.618992517470756,38.50696909030456,29.449542127670014,0.2936740029877747,0.0,-17.971427195753677,-0.30786799618596206
A3,420002,100,Omega_safe_one_step_QP,25.291333616157004,50.11360552907448,29.03351861434294,-0.4375262445610382,0.9429303407669067,False,False,-0.9429303407669067,-0.0942930355668068,-4.90024548392161,-4.900245483921618,199.2561228944186,199.2561228944186,204.15636837834023,198.36007375348925,0.8960491409293638,-5.196826525379786,3.3378414433702153,0.9429303556680694,-0.018795333802700043,-0.0018795334035530686,0.10686234042365829,0.10686234042365517,214.2780973246471,214.2780973246471,214.17123498422345,212.8062474632133,1.4718498614337818,-3.447172991650009,3.868256695849992,0.027625452193568493,13.054823070908107,3.7011221431705525,37.586574622366285,21.385660309852277,0.46591508578598706,0.0,-28.616323783268854,-0.8831099168602776
A3,420002,101,Omega_safe_one_step_QP,25.23290484502634,50.112887640927035,-5.069544178058095,0.07739681491772643,0.968553900718689,False,False,-0.968553900718689,-0.09685539454221725,-6.16934710209606,-6.169347102096068,209.7152298353424,209.7152298353424,215.88457693743845,210.14022188810404,-0.4249920527616382,-6.36964738128961,2.1650205874603916,0.9685539454221735,-0.41922733187675476,-0.041922733187675476,-2.0780488814215414,-2.0780488814215325,214.544448397379,214.54444839737903,216.62249727880055,215.2660260145159,-0.7215776171368589,-3.6922992211077212,3.623130466392279,0.5628061966218708,9.552175019285503,4.4981079610324,42.118987829110715,25.428241120019536,-0.06905292485448733,0.0,4.7056505326299884,0.43294657028209826
A3,420002,102,Omega_safe_one_step_QP,25.24904228772117,50.11564215857957,10.596166229943265,-0.1652211730242584,0.9473505616188049,False,False,-0.9473505616188049,-0.0947350561618805,-5.748521967786225,-5.748521967786235,207.11956806638884,207.1195680663888,212.86809003417505,206.90788582193687,0.21168224445193573,-6.067998690963266,2.466669277786734,0.9473505616188069,-0.18596644699573517,-0.018596645444631577,-0.8925177458885664,-0.8925177458885541,215.2317957929774,215.23179579297744,216.12431353886598,214.72793102581954,0.5038647671578929,-3.642480847114264,3.672948840385736,0.24503018227141718,9.00107633198683,4.636683786420057,40.19429454918367,25.74481935159257,0.17312533139394137,0.0,-10.466972701042323,-0.30231886029471866
A3,420002,103,Omega_safe_one_step_QP,25.27204536774689,50.117836149131,21.61079332877034,-0.34011659411533346,0.9580756425857544,False,False,-0.9580756425857544,-0.09580756723880768,-5.39517939677073,-5.395179396770736,203.10558829342995,203.10558829342995,208.5007676902007,202.4245493554025,0.6810389380274557,-5.631266456565831,2.90340151218417,0.9580756723880777,-0.23467127978801727,-0.023467129096388817,-1.0514394721808076,-1.0514394721808082,214.25408600720093,214.25408600720093,215.30552547938174,213.88666863621899,0.36741737098193994,-3.560602041165838,3.754827646334162,0.2952982276661669,9.431703533301377,3.9573359189269395,33.94325658433134,26.486108498455014,0.35362687961257144,0.0,-21.743969785794434,-0.2204504225891526
A3,420002,104,Omega_safe_one_step_QP,25.277474963784005,50.119550442111226,25.61223556974346,-0.3940812676090277,0.952947199344635,False,False,-0.952947199344635,-0.09529472142457962,-5.280423835713386,-5.280423835713398,202.3191832711618,202.31918327116176,207.59960710687517,201.49519705211804,0.8239862190437179,-5.541150398233279,2.9935175705167225,0.9529472142457981,-0.226970374584198,-0.02269703708589077,-1.0042878166082525,-1.0042878166082607,214.19532761871807,214.19532761871804,215.1996154353263,213.7723887962367,0.42293882248134196,-3.550011036760295,3.7654186507397056,0.2828970969974121,11.02297825173814,4.8819335683144525,36.44743205565582,26.688729655776513,0.41903889286646034,0.0,-25.77751116912168,-0.2537632934887881
A3,420002,105,Omega_safe_one_step_QP,25.265587837377765,50.121872792845,17.98189013948013,-0.27914840908621086,0.9576605558395386,False,False,-0.9576605558395386,-0.09576606005430222,-5.5461157696865895,-5.546115769686594,204.55515373699345,204.55515373699345,210.10126950668004,204.01825392429654,0.5368998126969018,-5.791316638213766,2.7433513305362345,0.9576606005430225,-0.31435954570770264,-0.03143595531582832,-1.4927936946814218,-1.4927936946814202,214.36280134322473,214.36280134322473,215.85559503790614,214.4289896828517,-0.06618833962696158,-3.6156089970182803,3.6998206904817197,0.412874759387007,9.906448315740507,5.064280094134504,37.0982658251152,23.39715592698593,0.2990706864300652,0.0,-18.32067382968671,0.03971300377617126
A3,420002,106,Omega_safe_one_step_QP,25.274700211377642,50.12230876177587,22.559618988028888,-0.35324320469457915,0.958691418170929,False,False,-0.958691418170929,-0.09586914628744125,-5.396810539927888,-5.396810539927886,203.08480044319927,203.08480044319927,208.48161098312715,202.35902537684927,0.7257750663499962,-5.6293507858584775,2.9053171828915225,0.9586914628744122,-0.2579081654548645,-0.02579081617295742,-1.185553498240581,-1.18555349824058,214.33744234059614,214.33744234059614,215.52299583883672,214.0859171478756,0.25152519272054974,-3.5823490771113375,3.733080610388664,0.33094304120595713,9.773903141028327,5.010783117888765,42.471982367075036,25.63540410366012,0.37019688466436307,0.0,-22.77890075706091,-0.15091511563232984
A3,420002,107,Omega_safe_one_step_QP,25.286214423537015,50.12421666104253,30.715555955258424,-0.4774097073479299,0.9420613050460815,False,False,-0.9420613050460815,-0.09420613199472427,-5.104030541994437,-5.104030541994435,201.26346020755173,201.26346020755173,206.36749074954616,200.23644841639157,1.027011791160163,-5.417938762500379,3.1167292062496217,0.9420613199472422,-0.051610689610242844,-0.005161068867892027,-0.1474069690607694,-0.14740696906075673,215.02214301575552,215.02214301575552,215.16954998481629,213.72735374081816,1.294789274937358,-3.5470044917092927,3.7684251957907082,0.041558156863151216,10.69564698257697,3.8693518882702564,37.708871548197145,26.39557510139689,0.4930179713427094,0.0,-30.431700361638832,-0.7768735649624148
A3,420002,108,Omega_safe_one_step_QP,25.27003093231763,50.126175473938765,18.00767300948064,-0.28728735959234025,0.9575960636138916,False,False,-0.9575960636138916,-0.09575960785150528,-5.508221816295878,-5.508221816295878,204.20123023479488,204.20123023479488,209.70945205109075,203.6366692647843,0.5645609700105751,-5.752134892654838,2.782533076095163,0.9575960785150529,-0.3103618919849396,-0.031036188825964928,-1.4856435681725955,-1.485643568172582,214.4988532199975,214.49885321999753,215.9844967881701,214.5500741966309,-0.051220976633373994,-3.628499172044676,3.6869305154553245,0.4094374830283935,8.375181669472259,4.770967521439141,41.503027695116394,26.141768958708887,0.2982020071257683,0.0,-18.33660760258681,0.030732585980018712
A3,420002,109,Omega_safe_one_step_QP,25.301793155251637,50.12804581379122,36.913622805528576,-0.5780888772107633,0.941571056842804,False,False,-0.941571056842804,-0.09415710717439651,-4.840517141664421,-4.8405171416644075,198.756526708923,198.75652670892302,203.59704385058743,197.4765396614015,1.27998704752153,-5.140894072604505,3.393773896145496,0.9415710717439624,-0.020787227898836136,-0.0020787229295819998,0.03999673349107426,0.039996733491064716,214.81516956871508,214.81516956871505,214.775172835224,213.32821666501582,1.4869529036992333,-3.5075667767500636,3.8078629107499373,0.010503722016396747,10.892336422434004,4.882830399883535,42.35370953230471,22.07685499310675,0.5917963594002913,0.0,-36.61324742270972,-0.8921717422195314
A3,420002,110,Omega_safe_one_step_QP,25.2913765958927,50.1274281446546,28.61600408375307,-0.43954274424547113,0.9474508762359619,False,False,-0.9474508762359619,-0.09474509209394455,-5.081879663028967,-5.081879663028971,200.74361565476843,200.7436156547684,205.8254953177974,199.81305020719452,0.9305654475738834,-5.3637392193255,3.170928749424501,0.9474509209394463,-0.03256870433688164,-0.0032568704336881638,-0.05724540980455092,-0.057245409804558035,215.14715588326544,215.14715588326544,215.20440129307,213.77377790516292,1.3733779781025248,-3.5504896225346654,3.764940064965336,0.016123243803115528,11.528195874907421,4.817372366357976,37.97740773114898,26.210205387900686,0.4583840189767159,0.0,-28.25036131586785,-0.8240267868615092
A3,420002,111,Omega_safe_one_step_QP,25.27027934850317,50.12943662410666,14.86786942991057,-0.23603706051307305,0.9519903063774109,False,False,-0.9519903063774109,-0.09519903361797333,-5.515559795714273,-5.5155597957142675,204.60968392888722,204.60968392888722,210.1252437246015,204.17483984040163,0.4348440884855904,-5.793714060005911,2.7409539087440895,0.951990336179732,-0.29974403977394104,-0.029974404722452164,-1.4571244389421243,-1.4571244389421132,214.7700198570957,214.7700198570957,216.2271442960378,214.80570331192658,-0.035683454830888195,-3.6527639228314452,3.662665764668555,0.39891010471123495,8.538880866802108,5.710020192610132,35.248068094048236,26.031472014870147,0.24694482372470716,0.0,-15.13622432653392,0.021410072898532917
A3,420002,112,Omega_safe_one_step_QP,25.304448242932654,50.13093989097957,35.55421539204144,-0.543765873906979,0.9364566206932068,False,False,-0.9364566206932068,-0.09364566206932068,-4.8081892999449645,-4.808189299944953,198.72440959404085,198.72440959404085,203.5325988939858,197.52577123991458,1.198638354126274,-5.134449576944342,3.400218391805658,0.9364566206932047,-0.018951036036014557,-0.0018951036036014557,0.03700862111820462,0.0370086211182041,214.93151657174855,214.93151657174852,214.89450795063033,213.4595697852635,1.471946786485006,-3.5195002882906965,3.7959293992093044,0.009749554648174707,12.349184510718247,6.586576728699408,38.163568391408845,21.641936155867832,0.5704525544824719,0.0,-35.24149987463352,-0.8831680718909922
A3,420002,113,Omega_safe_one_step_QP,25.287018755987408,50.13010178374416,20.841895492948424,-0.33148423940307287,0.9481449127197266,False,False,-0.9481449127197266,-0.0948144942522049,-5.20988038978462,-5.209880389784625,201.9263657468001,201.9263657468001,207.1362461365847,201.25354848364955,0.6728172631505345,-5.494814301204235,3.0398536675457675,0.9481449425220496,-0.17809242010116577,-0.017809242010116577,-0.8048791922840158,-0.8048791922840159,214.80026102829513,214.80026102829513,215.60514022057913,214.19012230378817,0.6101387245069532,-3.5905635152855795,3.7248661722144214,0.2241651453476653,9.079668981529267,4.625318596427431,37.63487946664273,21.66641522480983,0.33787949232121584,0.0,-20.81369175056534,-0.3660832347041776
A3,420002,114,Omega_safe_one_step_QP,25.303566697630764,50.12885619184728,27.36343556895099,-0.4395066325896516,0.9566650986671448,False,False,-0.9566650986671448,-0.09566651284694672,-4.96080450788183,-4.960804507881839,199.08248137866252,199.0824813786625,204.04328588654434,198.15465226884334,0.9278291098191573,-5.185518276200195,3.3491496925498048,0.956665128469469,-0.006331379525363445,-0.0006331379408948123,0.104441447354163,0.104441447354159,214.96660534779087,214.96660534779087,214.8621639004367,213.44318283031987,1.5234225174710048,-3.516265883271337,3.799163804228664,0.027490640766241855,9.193833034247596,1.6233003910350834,42.31937827848371,22.236402257801238,0.43492934321008647,0.0,-26.884311401679042,-0.9140535104826029
A3,420002,115,Omega_safe_one_step_QP,25.294684998522346,50.12785875651058,21.1743226906774,-0.3297118646860584,0.9678553938865662,False,False,-0.9678553938865662,-0.0967855378985405,-5.20409362748404,-5.2040936274840455,200.7533405404984,200.7533405404984,205.95743416798246,200.10763191121717,0.6457086292812448,-5.376933104344009,3.157734864405992,0.9678553789854057,0.0055587501265108585,0.0005558750126510859,0.1310228658419874,0.13102286584198292,215.3340335077035,215.33403350770348,215.2030106418615,213.78880279949948,1.5452307082040022,-3.550350557413815,3.7650791300861854,0.03479949858025526,10.618267471105845,4.289454820096082,38.50418658002669,25.007467648394915,0.33491171662477015,0.0,-20.58209598238045,-0.92713842492239
A3,420002,116,Omega_safe_one_step_QP,25.28334701414066,50.12892461517731,17.757986502686435,-0.26941865915305696,0.9479203224182129,False,False,-0.9479203224182129,-0.09479203075170517,-5.3216607015548725,-5.321660701554872,203.00682320556868,203.00682320556868,208.32848390712354,202.49302576277586,0.5137974427928214,-5.614038078258117,2.9206298904918833,0.9479203075170516,-0.15012578666210175,-0.015012579038739204,-0.6831996001032028,-0.6831996001032128,215.076988100121,215.07698810012099,215.7601877002242,214.34769639493842,0.7292917051825611,-3.6060682632500853,3.709361424249915,0.18945831033366436,11.669392057933479,5.634650392238401,37.607328489602935,28.934946061129118,0.287886657974596,0.0,-17.608298137552083,-0.437575023109531
A3,420002,117,Omega_safe_one_step_QP,25.269713120454657,50.132956080210306,10.451968618423962,-0.16170264522629976,0.9477947354316711,False,False,-0.9477947354316711,-0.09477947652339935,-5.584990587292876,-5.5849905872928876,205.52927242075594,205.52927242075594,211.11426300804882,205.28620971258707,0.24306270816887832,-5.892615988350646,2.642051980399355,0.9477947652339953,-0.24862654507160187,-0.024862654507160187,-1.2409655339705035,-1.2409655339705097,215.3356002420131,215.3356002420131,216.5765657759836,215.1638798573134,0.17172038469971085,-3.6877060708260267,3.6277236166739746,0.3365142205307431,9.840230530380975,5.448461546157765,40.079458796930346,27.04261156263315,0.1735746195742589,0.0,-10.522511007177854,-0.10303223081982082
A3,420002,118,Omega_safe_one_step_QP,25.284844680054118,50.1359076310275,18.61843248968853,-0.2777684760760805,0.951332688331604,False,False,-0.951332688331604,-0.09513326734304428,-5.332311323797836,-5.332311323797828,202.90675559840193,202.90675559840193,208.23906692219975,202.35368182168057,0.5530737767213623,-5.6050963797657385,2.9295715889842624,0.9513326734304414,-0.25977572798728943,-0.025977572426199913,-1.2521879566300285,-1.2521879566300362,214.86967139487666,214.86967139487666,216.12185935150669,214.69691797306197,0.17275342181469,-3.642235428378335,3.6731942591216655,0.3437965450760439,12.741950396294289,4.395925064502782,35.20242320279837,23.76464467038132,0.30776324302118496,0.0,-18.82254367962105,-0.10365205308880832
A3,420002,119,Omega_safe_one_step_QP,25.24082388623671,50.136878639011535,-6.212439740164882,0.09434022554305248,0.9708894491195679,False,False,-0.9708894491195679,-0.09708894789218903,-6.296932152872101,-6.296932152872115,210.74852383807928,210.74852383807928,217.04545599095138,211.19220443918843,-0.44368060110915053,-6.485735286640902,2.0489326821090987,0.9708894789218923,-0.33256518840789795,-0.033256519585847855,-1.793921032001819,-1.793921032001829,216.254470292284,216.25447029228397,218.0483913242858,216.62703096109965,-0.3725606688156802,-3.834888625656245,3.480541061843755,0.4677896041100397,9.642294805938805,3.730084692400157,38.69844712831918,23.092405689454914,-0.09201939062627496,0.0,6.080922729502163,0.2235364012894081
A3,420002,120,Omega_safe_one_step_QP,25.24886832009872,50.138095454993866,5.354073428889933,-0.08089898976754425,0.946586012840271,False,False,-0.946586012840271,-0.09465860575437546,-6.000789728582784,-6.000789728582784,209.58133532095934,209.58133532095934,215.58212504954213,209.56241542505958,0.01891989589975651,-6.339402192499975,2.1952657762500256,0.9465860575437544,-0.1482572853565216,-0.014825728721916676,-0.8668348074625631,-0.8668348074625581,216.92886671361833,216.92886671361833,217.7957015210809,216.34398901335504,0.5848777002632914,-3.8096196453357543,3.5058100421642457,0.22753841279768,10.308234771026724,4.3555615337525255,38.440617117964955,26.33637800941618,0.08690828037121179,0.0,-5.0900550891028615,-0.3509266201579919
A3,420002,121,Omega_safe_one_step_QP,25.25031830679264,50.14124754791137,7.611017517956498,-0.11475742204299783,0.9466829895973206,False,False,-0.9466829895973206,-0.09466829895973206,-5.98352654595013,-5.983526545950121,209.40975309174868,209.40975309174868,215.3932796376988,209.2912256085973,0.11852748315138228,-6.320517651315642,2.214150317434358,0.9466829895973197,-0.19277729094028473,-0.019277729094028473,-1.0963629392291496,-1.0963629392291447,216.83023177614876,216.83023177614876,217.92659471537792,216.45970923928272,0.37052253686604786,-3.822708964765456,3.4927207227345445,0.2868026180738592,10.495382193554729,4.453008502705723,36.62862248779156,25.528466209680506,0.12573984364027524,0.0,-7.514443839477281,-0.2223135221196344
A3,420002,122,Omega_safe_one_step_QP,25.248774098935897,50.143796974848485,8.009102842256652,-0.11827422472071962,0.9482505917549133,False,False,-0.9482505917549133,-0.09482505917549133,-6.031915612576805,-6.031915612576802,209.76717457619327,209.76717457619327,215.79909018877007,209.63582932056315,0.1313452556301229,-6.36109870642277,2.173569262327231,0.9482505917549128,-0.2032441943883896,-0.02032442018389702,-1.1688473084859459,-1.1688473084859465,216.98109649292908,216.98109649292908,218.14994380141502,216.67104872463204,0.3100477682970393,-3.8450438733691685,3.4703858141308324,0.30398802900050126,11.7021320393664,5.188550441654883,36.999578877411324,27.51590607929368,0.13341587959939005,0.0,-7.956490060878423,-0.18602866097822357
A3,420002,123,Omega_safe_one_step_QP,25.23574404068921,50.14798483088136,0.7589869689036277,-0.010817900826728287,0.9610581398010254,False,False,-0.9610581398010254,-0.09610581398010254,-6.367890852250902,-6.367890852250915,212.07937588094987,212.07937588094984,218.44726673320076,212.23996135230107,-0.1605854713512258,-6.625916360865839,1.9087516078841626,0.9610581398010273,-0.22383570671081543,-0.022383570671081543,-1.3482267897989122,-1.3482267897988987,217.59830203141877,217.59830203141877,218.94652882121767,217.4588971363171,0.13940489510167708,-3.9247023753494314,3.390727312150569,0.34352331995081814,13.333958239495168,3.3171516197750774,39.6418633132248,28.467816322068707,0.018149466261192515,0.0,-0.6934934981036349,-0.08364293706100057
A3,420002,124,Omega_safe_one_step_QP,25.18056382145874,50.15387674797302,-26.931894117262345,0.37137663540750643,0.9732038974761963,False,False,-0.9732038974761963,-0.09732039272785187,-7.512557711145123,-7.512557711145118,221.86962057658883,221.86962057658883,229.38217828773395,223.09919476494687,-1.2295741883580433,-7.719407516319158,0.8152604524308432,0.9732039272785185,-0.5165232419967651,-0.051652323454618454,-3.0382107365088835,-3.0382107365088737,218.57289651578805,218.57289651578805,221.61110725229693,220.11035953769468,-1.5374630219066319,-4.191160218457357,3.1242694690426434,0.724909232324015,12.98319564890717,4.201554764064233,39.14422331469801,25.795387759121184,-0.41550492705219,0.0,26.42492123117063,0.9224778131439564
A3,420002,125,Omega_safe_one_step_QP,25.149010518072345,50.159617235307046,-33.51000366534481,0.4675539944899243,0.9675258994102478,False,False,-0.9675258994102478,-0.0967525914311409,-8.075984214048027,-8.07598421404802,227.58258822392588,227.58258822392588,235.6585724379739,229.1153322214451,-1.5327439975192192,-8.347046931343153,0.1876210374068482,0.9675259143114084,-0.5416569113731384,-0.05416569113731384,-3.318461237187768,-3.318461237187764,219.9536211302216,219.9536211302216,223.27208236740935,221.72637241034545,-1.772751280123856,-4.357257729968601,2.9581719575313996,0.7615939755786899,10.960384884939765,4.758937090920919,41.63284528688302,20.592226715035263,-0.5210996998293513,0.0,32.96745259710042,1.063650768074325
A3,420002,126,Omega_safe_one_step_QP,25.16011472257332,50.16260714189019,-20.555234139343156,0.2845516847292713,0.9789225459098816,False,False,-0.9789225459098816,-0.09789225459098816,-7.965231610869155,-7.9652316108691394,225.59020383377717,225.5902038337772,233.55543544464632,226.68885788324948,-1.0986540494722874,-8.136733232010396,0.3979347367396047,0.9789225459098795,0.3864368498325348,0.03864368423819542,1.227914040849494,1.2279140408494926,224.21317108129847,224.21317108129847,222.98525704044897,221.38292723886082,2.8302438424376533,-4.3285751972725635,2.986854490227438,0.41110607994699855,11.963715235801429,4.227164790758449,41.78106612131397,22.262866279103445,-0.35487698360311626,0.0,22.60825742840916,-1.6981463054625863
A3,420002,127,Omega_safe_one_step_QP,25.1491715533533,50.166546932578825,-20.009125354031312,0.285384148329068,0.9867531061172485,False,False,-0.9867531061172485,-0.09867531061172485,-8.248954022204208,-8.248954022204218,227.53608911768632,227.5360891176863,235.78504313989052,228.67580595074938,-1.1397168330630905,-8.359694001534814,0.17497396721518735,0.9867531061172498,0.6173816323280334,0.061738163232803345,2.280557394099071,2.280557394099071,225.95910183306069,225.95910183306069,223.6785444389616,222.0404596376276,3.9186421954330797,-4.397903937123827,2.9175257503761736,0.7816751553281152,9.710893248510144,2.9854449212413594,39.26329389477629,24.252756985594043,-0.357802510502915,0.0,22.71811318179425,-2.351185317259848
A3,420002,128,Omega_safe_one_step_QP,25.16384564053883,50.17092775124364,2.0142897331552376,-0.028532624920392134,0.9770229458808899,False,False,-0.9770229458808899,-0.09770229458808899,-7.599705373952942,-7.599705373952942,225.3572348312784,225.3572348312784,232.95694020523132,225.5838278616012,-0.2265930303228174,-8.076883708068896,0.45778426068110506,0.9409204897132234,0.7805331349372864,0.078053317964077,2.8858107738627887,2.8858107738627945,226.20283688108185,226.20283688108185,223.31702610721905,221.64014701059583,4.562689870486025,-4.361752103949571,2.95367758355043,0.9770229458808916,10.789975330631604,5.351472149521833,41.723993970641835,27.06915805710128,-0.005660639129112965,0.0,0.7289848282653111,-2.737613922291615
A3,420002,129,Omega_safe_one_step_QP,25.180979989215125,50.17724196519512,6.196821611531959,-0.08625838061381191,0.9697286486625671,False,False,-0.9697286486625671,-0.09697286784648895,-7.508669924403232,-7.508669924403232,222.11005983984714,222.11005983984714,229.61872976425036,222.14152454739127,-0.03146470754413144,-7.743062663970799,0.7916053047792011,0.9697286784648899,0.5056144595146179,0.05056144669651985,1.8179675335547387,1.8179675335547318,224.77577356674115,224.77577356674115,222.95780603318642,221.26845865159288,3.507314915148271,-4.325830096546307,2.989599590953693,0.6080973315141489,12.621401272651951,6.036400992008713,38.861431602437634,28.79270791018412,0.07359456032701672,0.0,-4.166027222770026,-2.104388949088957
A3,420002,130,Omega_safe_one_step_QP,25.17434577023916,50.18449823349898,1.3240137765433246,-0.01916490856217992,0.9711384773254395,False,False,-0.9711384773254395,-0.09711384773254395,-7.649143830474802,-7.649143830474814,223.30366699611332,223.30366699611332,230.95281082658812,223.4271947253062,-0.12352772919288668,-7.876470770204576,0.6581971985454249,0.9711384773254408,-0.335592120885849,-0.03355921432375908,-2.352795540407118,-2.3527955404071266,221.2979699523399,221.2979699523399,223.65076549274704,221.95716491471904,-0.6591949623791322,-4.395126042502369,2.920303644997632,0.5353192417361392,9.945284319598974,5.758289916236187,46.29324712745091,25.29179345520664,0.03352620515202265,0.0,-1.7530569591226595,0.3955169774274907
A3,420002,131,Omega_safe_one_step_QP,25.207221096411427,50.18954587533992,21.322037579854623,-0.31386400592665,0.9584937691688538,False,False,-0.9584937691688538,-0.09584937989711761,-6.93314036107692,-6.933140361076928,217.5886634980846,217.58866349808457,224.5218038591615,216.90625535895714,0.6824081391274319,-7.233370073461913,1.3012978952880883,0.9584937989711767,-0.10949581116437912,-0.010949580930173397,-1.1360990494904883,-1.136099049490482,221.42221345851684,221.42221345851686,222.55831250800733,220.84633292969434,0.5758805288225233,-4.2858807440284,3.029548943471601,0.26507948245490276,10.316700708230133,5.280730541389568,42.90722240667468,25.71319917586716,0.3465308776447191,0.0,-21.323040140206103,-0.34552831729351396
A3,420002,132,Omega_safe_one_step_QP,25.224680372353248,50.19379866304987,27.1050518638649,-0.4051213843476339,0.9621491432189941,False,False,-0.9621491432189941,-0.0962149128317833,-6.63391399648276,-6.633913996482763,214.503105686152,214.503105686152,221.13701968263476,213.57044366229457,0.9326620238574321,-6.894891655809239,1.6397763129407623,0.9621491283178334,-0.1356009691953659,-0.013560096733272076,-1.218809146736237,-1.2188091467362259,220.85205618014706,220.8520561801471,222.0708653268833,220.36459061518363,0.4874655649634576,-4.237136025915997,3.0782936615840044,0.2876492846303512,10.1095499952484,4.451025133288394,38.67051970721014,25.908600093499498,0.44115416377460903,0.0,-27.253726688661118,-0.2924793389780689
A3,420002,133,Omega_safe_one_step_QP,25.234037030664684,50.1972841565248,27.958134213470657,-0.4381739601300118,0.9606011509895325,False,False,-0.9606011509895325,-0.0960601195693016,-6.452197063778997,-6.452197063778986,212.90422828135067,212.9042282813507,219.35642534512968,211.88045533222692,1.0237729491237815,-6.7168322220587315,1.8178357466912698,0.9606011956930146,-0.16738899052143097,-0.016738899052143097,-1.3547995326360738,-1.3547995326360793,220.52721106183728,220.52721106183725,221.88201059447334,220.18787231426205,0.3393387475751979,-4.2182505526749985,3.0971791348250024,0.3211756901867612,7.671441462598766,4.804562959646358,44.69659042458867,28.154697189405898,0.45506536569167366,0.0,-28.209596330617387,-0.20360324854513578
A3,420002,134,Omega_safe_one_step_QP,25.284434077956014,50.2014528161187,54.75160734981091,-0.8306175247101439,0.937984824180603,False,False,-0.937984824180603,-0.09379848092794418,-5.373429863175855,-5.373429863175843,204.1016336685794,204.10163366857944,209.47506353175527,202.0741427008466,2.027490967732831,-5.728696040721291,2.80597192802871,0.93798480927944,-0.0936245322227478,-0.00936245359480381,-0.806063563354233,-0.806063563354242,219.1962482545472,219.1962482545472,220.00231181790144,218.31633443935982,0.8799138151873933,-4.030280675017811,3.28514901248219,0.20000184313482827,11.79204310993054,3.9060703778427026,35.19109793317319,25.369840358133924,0.887143179477917,0.0,-55.11080224017587,-0.5279482891124303
A3,420002,135,Omega_safe_one_step_QP,25.25160494301484,50.20315129592853,27.280637707988717,-0.4155976703872548,0.9577091336250305,False,False,-0.9577091336250305,-0.09577091783285141,-6.1139760167291,-6.113976016729097,209.91371594207504,209.91371594207504,216.02769195880416,208.92815628040088,0.9855596616741593,-6.383958883426176,2.1507090853238244,0.9577091783285135,-0.39696216583251953,-0.03969621658325195,-2.435321105687141,-2.4353211056871453,219.05539155050926,219.05539155050926,221.4907126561964,219.8517931347391,-0.7964015842298409,-4.179120758847305,3.1363089286526953,0.5827352800302572,9.981091270376474,4.6398899870511485,36.62690712502942,27.855910005427166,0.45614286692570083,0.0,-28.214621525452458,0.4778409505378818
A3,420002,136,Omega_safe_one_step_QP,25.25996293962855,50.20691777404685,29.388304937043358,-0.45953505333487416,0.9476332664489746,False,False,-0.9476332664489746,-0.09476333111524582,-5.898667793527573,-5.898667793527568,208.5357464738127,208.5357464738127,214.4344142673403,207.43865074377698,1.0970957300357327,-6.22463111427979,2.310036854470211,0.9476333111524574,-0.3503738045692444,-0.03503737971186638,-2.190305512605587,-2.1903055126055913,219.16794360731782,219.16794360731782,221.3582491199234,219.7317425163956,-0.5637989090777751,-4.1658744052200065,3.1495552822799944,0.5257732950040576,8.758282779482125,6.087329157509644,39.14387898869513,22.271359527365828,0.4874114931999016,0.0,-30.21399577568991,0.33827934544666505
A3,420002,137,Omega_safe_one_step_QP,25.29779793193025,50.20688669267002,47.281626700084416,-0.7551062229418188,0.9247351288795471,False,False,-0.9247351288795471,-0.09247351437807083,-5.075380066170522,-5.075380066170525,201.99741193718125,201.99741193718123,207.07279200335176,200.18483998430196,1.8125719528792672,-5.488468887880938,3.046199080869063,0.9247351437807086,-0.029873065650463104,-0.0029873065650463104,-0.4692382771146253,-0.46923827711462773,219.30624122616118,219.30624122616115,219.7754795032758,218.16170206708642,1.144539159074725,-4.007597443555243,3.3078322439447576,0.11708717847128737,9.116209300109636,6.013051865313473,38.634067341045935,20.05772066037395,0.7615302027333879,0.0,-47.356433407372606,-0.6867234954448236
A3,420002,138,Omega_safe_one_step_QP,25.32444003361066,50.204546564263794,56.09708588526428,-0.8595935539720597,0.9261435270309448,False,False,-0.9261435270309448,-0.09261435270309448,-4.608009717092599,-4.608009717092592,197.33490551378796,197.33490551378796,201.94291523088054,195.28455934693093,2.0503461668570253,-4.975481210633817,3.559186758116183,0.9261435270309435,-0.004242718685418367,-0.000424271886004135,-0.23000292920655543,-0.2300029292065433,218.3066824403499,218.30668244034993,218.53668536955647,216.95802365831736,1.3486587820325724,-3.8837180301833127,3.4317116573166877,0.059222355335535805,12.800925021293956,3.6407151895750767,40.278866827929605,23.537563011477616,0.9043879223442914,0.0,-56.19227853838947,-0.8091952692195434
A3,420002,139,Omega_safe_one_step_QP,25.268775913468925,50.20477729099112,17.7506175156077,-0.270604386694981,0.9467896819114685,False,False,-0.9467896819114685,-0.09467896819114685,-5.758224823064878,-5.758224823064874,207.24829376455725,207.24829376455725,213.0065185876221,206.67170215264238,0.5765916119148642,-6.081841546307975,2.4528264224420266,0.9467896819114674,-0.24364586174488068,-0.024364586919546127,-1.6264054023968453,-1.6264054023968337,219.27805433690068,219.27805433690068,220.90445973929752,219.3777572039459,-0.09970286704520959,-4.120495467157418,3.1949342203425837,0.3947111252421381,10.455059459757925,5.7938650673050125,40.98081937166202,23.065841629209256,0.29432642838959566,0.0,-18.104765664224033,0.05982172022712007
A3,420002,140,Omega_safe_one_step_QP,25.279254502710234,50.20568515884472,22.740116512322857,-0.3453047318676189,0.9392845630645752,False,False,-0.9392845630645752,-0.09392845630645752,-5.5260883342457765,-5.526088334245783,205.49496650213965,205.49496650213965,211.02105483638542,204.73283572873865,0.7621307734009974,-5.883295171184305,2.6513727975656955,0.9392845630645764,-0.13327442109584808,-0.013327442109584808,-1.0489341954888174,-1.0489341954888127,219.47521902101667,219.47521902101667,220.52415321650548,219.00228758987586,0.4729314311408075,-4.082464814878214,3.2329648726217872,0.2569364937735793,11.134580369952905,4.688863491118909,40.798336980908324,24.863805748985435,0.370054581698394,0.0,-22.826412235336647,-0.2837588586844788
A3,420002,141,Omega_safe_one_step_QP,25.268013524680555,50.20758921220754,14.651205646180642,-0.22443637016790516,0.9420813322067261,False,False,-0.9420813322067261,-0.09420813620090485,-5.7575927056286,-5.757592705628611,207.54617343712874,207.54617343712874,213.30376614275735,207.10133442347413,0.4448390136546152,-6.111566301821498,2.4231016669285026,0.9420813620090502,-0.15217532217502594,-0.015217532403767109,-1.1977571436710828,-1.197757143671073,219.91505213249405,219.91505213249405,221.11280927616514,219.60321407668354,0.3118380558105116,-4.141330420844177,3.1740992666558228,0.28922037653467886,10.070423893199017,5.274136496086799,43.410698364046446,26.060764808311088,0.23966653829727136,0.0,-14.703769350991024,-0.18710283348630696
A3,420002,142,Omega_safe_one_step_QP,25.280923118631396,50.21040023577692,19.112834208144704,-0.30136176915009455,0.944244921207428,False,False,-0.944244921207428,-0.09442449361085892,-5.535627102410971,-5.535627102410978,205.27738244974043,205.27738244974043,210.8130095521514,204.63380768376544,0.6435747659749893,-5.8624906427609025,2.6721773259890975,0.9442449361085905,-0.10994219034910202,-0.010994219221174717,-0.957078725828453,-0.9570787258284461,219.77706024589483,219.77706024589486,220.7341389717233,219.22621954145225,0.5508407044426065,-4.1034633903999955,3.2119662971000045,0.23323681358228285,8.88385942573348,5.5467173643208385,39.585438690641595,25.303210947428095,0.309225916050063,0.0,-19.091555701529614,-0.33050442266556956
A3,420002,143,Omega_safe_one_step_QP,25.310459444394585,50.21173519566334,32.37291720400026,-0.4887240123878984,0.9494022130966187,False,False,-0.9494022130966187,-0.09494022279977798,-5.019678316038453,-5.019678316038442,200.04041276059235,200.04041276059237,205.0600910766308,198.92673885512173,1.1136739054706482,-5.287198795208845,3.2474691735411563,0.9494022279977776,-0.01480606384575367,-0.001480606384575367,-0.38525131887039776,-0.38525131887038355,219.18866471952697,219.18866471952697,219.57391603839736,218.07117870468437,1.1174860148425978,-3.9874410970674004,3.3279885904326005,0.09661617801795747,12.87009744343258,6.323314359800413,38.17539673253806,24.03059855654368,0.5208407471765781,0.0,-32.22326634227193,-0.6704916089055644
A3,420002,144,Omega_safe_one_step_QP,25.283644385976125,50.212499215239255,14.176242490135337,-0.2268241414711134,0.9445895552635193,False,False,-0.9445895552635193,-0.09445895999670029,-5.500630898027281,-5.500630898027288,204.92049636969253,204.92049636969253,210.4211272677198,204.45673251400342,0.46376385568910905,-5.823302414317744,2.711365554432257,0.9445895999670044,-0.24774962663650513,-0.024774963036179543,-1.6312551239126414,-1.6312551239126272,219.12344673074062,219.12344673074062,220.75470185465326,219.27930459395503,-0.15585786321440764,-4.105519678692991,3.20991000880701,0.397332189729497,8.066236097170467,6.311313023773172,42.746348316966376,23.622522315726286,0.23542914777396984,0.0,-14.505186355837395,0.09351471792865595
A3,420002,145,Z_mode_existing_controller,25.331207986976885,50.21272170221628,64.54249800165144,-1.0334869649154599,0.9290195107460022,False,False,-0.9290195107460022,-0.09290195256471634,-3.429156514893788,-3.429156514893797,197.69484271530544,197.6948427153054,201.12399923019922,195.17160987175743,2.523232843547987,-3.6911565583134625,3.4482603736481794,0.9290195256471655,-0.005284910090267658,-0.0005284910439513624,-0.1891035153927252,-0.18910351539271203,218.58454813435242,218.58454813435245,218.77365164974515,217.2967125932765,1.2878355410759355,-1.0062476117754313,0.6708317477954553,0.18792940542642012,10.111234979864095,4.40551626594932,38.49311079468401,25.017695084656904,1.0403666407900474,0.0,-64.81016331779574,-0.772701324645567
A3,420002,146,Omega_safe_one_step_QP,25.326113343515857,50.21297546581392,14.937831289444148,-0.2361263467674157,0.9363895058631897,False,False,-0.9363895058631897,-0.09363894909620285,-4.63683114577037,-4.636831145770364,197.06946062275796,197.06946062275796,201.70629176852833,196.6216296215615,0.44783100119644814,-4.951818864398595,3.5828491043514066,0.9363894909620272,-0.009563437663018703,-0.0009563437779434025,-0.2945446545984328,-0.2945446545984449,218.62955651238354,218.62955651238354,218.92410116698198,217.59199683902366,1.0375596733598798,-3.9224596099258644,3.392970077574136,0.07509182601985082,10.549126146146472,4.085393554909088,37.0535475185377,22.723433701291206,0.23704808133280508,0.0,-14.55234356676101,-0.6225358040159108
A3,420002,147,Omega_safe_one_step_QP,25.310121272383466,50.21174723103778,5.034859306640101,-0.08140216322521171,0.950104832649231,False,False,-0.950104832649231,-0.09501048177480698,-5.0140785102978676,-5.014078510297853,199.9479756208523,199.94797562085233,204.96205413115018,199.9042957318915,0.0436798889608383,-5.277395100660781,3.257272868089219,0.950104817748067,-0.003196083242073655,-0.0003196083416696638,-0.32568818698179186,-0.3256881869817912,219.21482665419364,219.21482665419364,219.54051484117542,218.212260697163,1.0025659570306402,-3.984100977345209,3.331328710154792,0.08174697098134603,8.448517179941131,5.711555352397286,33.882816873738136,28.260516011806207,0.07560021711388654,0.0,-4.508919949535084,-0.6015395742183784
A3,420002,148,Z_mode_existing_controller,25.34121019236601,50.213550921192294,44.483803011004056,-0.7212773257851456,0.9221303462982178,False,False,-0.9221303462982178,-0.09221303462982178,-3.4061785031758456,-3.4061785031758363,195.49272891682938,195.4927289168294,198.89890742000523,193.78650347377317,1.7062254430562405,-3.693814564122678,3.445602367838964,0.9221303462982153,-0.009645667858421803,-0.0009645667742006481,-0.215424741860544,-0.21542474186055127,218.1255180085374,218.1255180085374,218.34094275039794,217.00266920169759,1.1228488068398121,-1.0062476117754313,0.6708317477954553,0.2140872080982673,9.67400505994513,4.341184891197816,36.151724112888765,22.336479113605886,0.7157372498183356,0.0,-44.52583097671777,-0.673709284103893
A3,420002,149,Z_mode_existing_controller,25.339938844921207,50.21155164409308,27.400313478759017,-0.434448866411344,0.9260122776031494,False,False,-0.9260122776031494,-0.0926012322306633,-3.424661615301533,-3.4246616153015426,195.3373979146998,195.3373979146998,198.76205953000135,194.37054155108638,0.9668563636134309,-3.69828946419518,3.441127467766462,0.9260123223066359,-0.003628895618021488,-0.0003628895792644471,-0.17816483852168344,-0.17816483852168205,218.0297487797991,218.0297487797991,218.2079136183208,216.99100783507697,1.0387409447221216,-1.0062476117754313,0.6708317477954553,0.17705864484719283,10.912388633504806,4.4120166812691854,44.835407310840736,22.912353515044465,0.43943679554503134,0.0,-27.216505707469878,-0.6232445668332502
A3,420002,150,Omega_safe_one_step_QP,25.32275153670242,50.21090819513214,-16.722254417624754,0.2748506710893169,0.9435238838195801,False,False,-0.9435238838195801,-0.09435238689184189,-4.6765011841964155,-4.6765011841964075,197.07580840347643,197.07580840347643,201.75230958767284,197.96753852037926,-0.8917301169028349,-4.956420646313046,3.5782473224369546,0.9435238689184172,-0.004279838874936104,-0.00042798390495590866,-0.26090208791532987,-0.26090208791533753,218.55972005864442,218.55972005864442,218.82062214655974,217.70723813547258,0.8524819231718368,-3.9121117078836405,3.4033179796163595,0.06669085838974659,7.927857759594525,7.081589530995455,40.62005209314181,22.554991944082314,-0.2767503051013545,0.0,17.51049387662897,-0.511489153903085
A3,420002,151,Z_mode_existing_controller,25.370539374284135,50.20910757876936,18.872122203209983,-0.3112882539627096,0.9126014709472656,False,False,-0.9126014709472656,-0.0912601500749588,-3.378091659454762,-3.3780916594547667,189.0758600886919,189.0758600886919,192.45395174814666,188.44895485562478,0.6269052330671343,-3.701606513555019,3.437810418406622,0.9126015007495897,0.005683692637830973,0.0005683692870661616,-0.11723825930456538,-0.11723825930455632,216.60507770725184,216.60507770725187,216.7223159665564,215.57236171007506,1.0327159971768083,-1.0062476117754313,0.6708317477954553,0.11651034788316188,9.921323629957255,6.656295682010507,39.61906900991207,23.990908263845643,0.3005388770122295,0.0,-18.55303148191615,-0.6196295983060907
A3,420002,152,Omega_safe_one_step_QP,25.380412991877524,50.20744254988148,6.395176426480248,-0.10711102492724962,0.8863210082054138,False,False,-0.8863210082054138,-0.08863209933042526,-3.363244200390324,-3.363244200390328,186.7709780592971,186.77097805929708,190.13422225968742,186.6609429410731,0.11003511822397627,-3.7946119135145033,4.740056055235497,0.8863209933042533,-0.048503533005714417,-0.004850353579968214,-0.22459507964708667,-0.22459507964709852,215.91718188609414,215.91718188609414,216.14177696574123,215.08298063515016,0.8342012509439769,-3.6442271898017893,3.6712024976982107,0.06163037262759524,9.430830443066878,5.100099647180395,43.55262191935877,21.93760487517032,0.09955282487683448,0.0,-5.994208500790592,-0.5005207505664089
A3,420002,153,Omega_safe_one_step_QP,25.38462734944616,50.20434780080634,8.920580825049,-0.1490224449803195,0.8911191821098328,False,False,-0.8911191821098328,-0.08911191672086716,-3.3201914057854984,-3.3201914057854984,186.1265806820294,186.1265806820294,189.4467720878149,185.91784300572297,0.20873767630644124,-3.725866896327253,4.808801072422747,0.8911191672086712,0.002814237028360367,0.0002814237086568028,0.05548554663070042,0.05548554663071387,215.86350762955303,215.86350762955303,215.80802208292232,214.73907893344708,1.1244286961059515,-3.6108517015198967,3.704577985980104,0.014977562043692353,9.74283513632977,4.347734072109847,33.6516904735215,26.224386168879438,0.13785387906344937,0.0,-8.383777486449617,-0.6746572176635652
A3,420002,154,Z_mode_existing_controller,25.37369330557827,50.20309985728049,9.465087808940552,-0.15882820586589752,0.8936944007873535,False,False,-0.8936944007873535,-0.08936943858861923,-3.309873497581682,-3.3098734975816835,188.4118742531126,188.4118742531126,191.72174775069428,188.15875198659714,0.25312226651544734,-3.703585420086971,3.43583151187467,0.893694385886193,-0.06464220583438873,-0.006464220583438873,-0.5571822415604271,-0.5571822415604218,215.6560785417478,215.65607854174783,216.21326078330824,215.13815884583934,0.5179196959084891,-1.0062476117754313,0.6708317477954553,0.5537227964967043,8.954222003880625,4.5936713314376485,41.81529492981921,22.47691532808332,0.152273945128913,0.0,-9.306609936523273,-0.3107518175450821
A3,420002,155,Omega_safe_one_step_QP,25.382239698255542,50.20034974497683,-1.0323251346171674,0.017345441552052695,0.8857851028442383,False,False,-0.8857851028442383,-0.08857851475477219,-3.3218602249914757,-3.321860224991485,186.36811605906345,186.36811605906342,189.68997628405492,186.57618073693573,-0.20806467787230076,-3.750187315951253,4.784480652798748,0.8857851475477243,-0.007019920274615288,-0.0007019920158199966,0.02299025471434509,0.022990254714359316,215.65359458621248,215.65359458621248,215.63060433149812,214.63296852928474,1.020626056927739,-3.5931099263774766,3.722319761122524,0.006176324493795301,9.253387554925464,5.752470319865861,38.73317632609096,29.011101269949002,-0.023051256160645295,0.0,1.6677520249340887,-0.6123756341566207
A3,420002,156,Omega_safe_one_step_QP,25.39219447338149,50.20108390268637,8.910891371601792,-0.15333487936938098,0.837951123714447,False,False,-0.837951123714447,-0.08379511535167694,-2.9865350623988136,-2.9865350623988123,184.8424887752988,184.8424887752988,187.8290238376976,184.6041929256791,0.2382958496197034,-3.564092071315522,4.970575897434479,0.8379511535167691,-0.15100593864917755,-0.01510059367865324,-0.6517819154395161,-0.6517819154395029,214.614467110838,214.61446711083804,215.26624902627753,214.24978210807143,0.3646850027666062,-3.5566743958554183,3.7587552916445817,0.18325599784985164,8.30075552577305,4.327887697281758,36.81308520357998,23.442630505803425,0.14448657558761901,0.0,-8.83656694552883,-0.21881100165998646
A3,420002,157,Omega_safe_one_step_QP,25.404865950416177,50.19789590941997,15.966154027635639,-0.26601167819061494,0.8261803984642029,False,False,-0.8261803984642029,-0.08261804282665253,-2.750216127676461,-2.7502161276764525,182.72621038945593,182.72621038945593,185.47642651713238,182.20748394771869,0.5187264417372432,-3.3288323392590002,5.205835629491,0.826180428266523,-0.18145668506622314,-0.018145669251680374,-0.7440756371953693,-0.7440756371953631,213.82737956501063,213.82737956501066,214.571455202206,213.54544737734074,0.28193218766992345,-3.487195013448267,3.8282346740517337,0.21337368123258285,10.825332270875947,4.829867891358076,38.80908248433793,26.284367688880803,0.2608575434479121,0.0,-16.057852258481034,-0.1691593126019484
A3,420002,158,Omega_safe_one_step_QP,25.379743968092836,50.1968361292488,4.642626043446398,-0.07409529823064342,0.8366718292236328,False,False,-0.8366718292236328,-0.08366718143224716,-3.2093905959545856,-3.2093905959545967,187.33772667266433,187.3377266726643,190.5471172686189,187.30204460998672,0.035682062677580006,-3.8359014144076524,4.698766554342349,0.8366718143224745,-0.07402494549751282,-0.007402494549751282,-0.3031147207406347,-0.3031147207406474,215.28149361766538,215.28149361766538,215.584608338406,214.5605733807453,0.7209202369200796,-3.588510327068267,3.726919360431733,0.08446811994777938,12.200706342955026,5.161231520202022,33.572222270273755,22.79816269585828,0.07312224834792147,0.0,-4.283196149641299,-0.43255214215204774
A3,420002,159,Z_mode_existing_controller,25.337674968255104,50.19424807383676,0.6872650673285534,-0.011473459748765909,0.922827422618866,False,False,-0.922827422618866,-0.0922827422618866,-3.417300086298763,-3.41730008629876,195.5572432280074,195.5572432280074,198.97454331430615,195.6847640647779,-0.12752083677051473,-3.7030760059133296,3.4363409260483113,0.9228274226188653,-0.002313749399036169,-0.00023137494281399995,-0.16934412977006388,-0.16934412977006968,217.05757190223747,217.05757190223744,217.22691603200752,216.19537641579896,0.8621954864384804,-1.0062476117754313,0.6708317477954553,0.16829270230145196,7.520695352109749,3.429844343706878,44.53337071701898,23.584923792181623,0.005674203422722179,0.0,-0.17562197888855735,-0.5173172918630939
A3,420002,160,Z_mode_existing_controller,25.36817454704009,50.19300039897394,-8.397050983323425,0.138142729364428,0.919023871421814,False,False,-0.919023871421814,-0.09190239012241364,-3.40718023849406,-3.407180238494055,189.17318580453858,189.17318580453858,192.58036604303263,189.6834872128933,-0.510301408354735,-3.7073902364842835,3.432026695477358,0.9190239012241351,0.001822294550947845,0.00018222945800516754,-0.14264554345745917,-0.14264554345745856,215.65756136583965,215.65756136583965,215.80020690929712,214.83685490603736,0.8207064598022953,-1.0062476117754313,0.6708317477954553,0.14175988274473877,9.777158186269174,4.941593913547876,43.194567362546366,23.799267293984318,-0.14061453032022442,0.0,9.030089389524619,-0.4924238758813999
A3,420002,161,Z_mode_existing_controller,25.367636886238422,50.19150800852123,-16.929472626262395,0.271956254481223,0.9189638495445251,False,False,-0.9189638495445251,-0.09189638495445251,-3.410829255055499,-3.410829255055503,188.90613974844914,188.90613974844914,192.31696900350462,189.75869754743425,-0.8525577989851172,-3.7116032983735328,3.427813633588108,0.9189638495445264,0.0013049498666077852,0.00013049498375039548,-0.14589519803431122,-0.14589519803430898,215.52268245724062,215.52268245724062,215.66857765527493,214.76552664861768,0.7571558086229402,-1.0062476117754313,0.6708317477954553,0.1449893607964846,11.208209283066072,5.3032569356754395,41.85648142556677,22.52900771487004,-0.2780133094835264,0.0,17.66177942091963,-0.4542934851737641
A3,420002,162,Z_mode_existing_controller,25.347442475206666,50.189508988907434,-23.870633897538937,0.38331097932325736,0.9226486682891846,False,False,-0.9226486682891846,-0.09226486831903458,-3.4283216449788574,-3.4283216449788614,192.51340921773436,192.51340921773436,195.94173086271323,193.66709550173343,-1.1536862839990647,-3.715738945320298,3.4236779866413434,0.9226486831903469,-0.002301338827237487,-0.00023013388272374868,-0.1692359560772294,-0.16923595607723924,216.16878044907466,216.16878044907463,216.33801640515188,215.48696832357834,0.6818121254962932,-1.0062476117754313,0.6708317477954553,0.168185200239768,10.2933711673053,4.643039902127742,42.53753165352582,27.11659624651606,-0.3903452347291747,0.0,24.670066407565173,-0.40908727529776456
A3,420002,163,Z_mode_existing_controller,25.33886274822495,50.19064756144435,-30.26290469831565,0.4769794145283943,0.9288427233695984,False,False,-0.9288427233695984,-0.09288427233695984,-3.4551283019968784,-3.4551283019968912,193.78971907709848,193.78971907709845,197.24484737909535,195.1951622836853,-1.4054432065868525,-3.719820605863796,3.419596326097845,0.928842723369602,-0.006594379898160696,-0.0006594380247406662,-0.19732467277334895,-0.19732467277336277,216.49446210490362,216.49446210490362,216.69178677767698,215.8828499069151,0.6116121979885065,-1.0062476117754313,0.6708317477954553,0.1960995191086233,11.067187040413938,5.071494589492251,39.97043591536124,26.96819835079289,-0.4931188083053186,0.0,31.12299082541449,-0.3669673187931153
A3,420002,164,Z_mode_existing_controller,25.322032082860805,50.19190700247797,-35.685624379113506,0.5689968423029569,0.9490026235580444,False,False,-0.9490026235580444,-0.09490026533603668,-3.5339569160250868,-3.533956916025094,196.64266301055318,196.64266301055318,200.17661992657827,198.31097396760697,-1.6683109570537908,-3.7238641046065966,3.415552827355045,0.9490026533603687,0.0006058439030312002,6.05843924859073e-05,-0.15533792424356485,-0.15533792424357057,217.2448728230279,217.24487282302786,217.40021074727144,216.6271300511416,0.6177427718862702,-1.0062476117754313,0.6708317477954553,0.15437345880452932,9.635480344376822,4.988474638167753,41.46764102486236,21.83307356623633,-0.5817709821527313,0.0,36.63804102439826,-0.37064566313176783
A3,420002,165,Z_mode_existing_controller,25.329588542478913,50.19021568920857,-37.59018150413067,0.6077026125224884,0.935513973236084,False,False,-0.935513973236084,-0.0935513973236084,-3.4875519563193382,-3.487551956319345,194.843778148312,194.843778148312,198.33133010463135,196.60644282496628,-1.762664676654282,-3.7279528217578304,3.4114641102038115,0.9355139732360856,-0.005162498913705349,-0.0005162499146535993,-0.1894213872359482,-0.1894213872359542,216.72951180580245,216.72951180580242,216.91893319303838,216.17440180549116,0.5551100003112595,-1.0062476117754313,0.6708317477954553,0.18824530366013748,9.19162949187182,4.382410319708371,36.61513847513128,28.673096767841102,-0.6121962784112558,0.0,38.53544378272909,-0.33306600018676136
A3,420002,166,Z_mode_existing_controller,25.336200672447482,50.19191822604549,-40.389691251944896,0.6572892827540179,0.9373063445091248,False,False,-0.9373063445091248,-0.0937306359410286,-3.49792158169313,-3.4979215816931433,193.1485382831166,193.1485382831166,196.64645986480974,195.03368685585724,-1.8851485727406327,-3.731887174961531,3.407529757000111,0.9373063594102896,-0.00645408034324646,-0.0006454080576077104,-0.19786008066327992,-0.19786008066326857,216.46860819187555,216.46860819187555,216.66646827253882,215.9454588040659,0.5231493878096387,-1.0062476117754313,0.6708317477954553,0.19663160274652744,9.177212598679453,6.9661985440521725,41.92008020183017,23.60818557426876,-0.6572747214034109,0.0,41.36085560603533,-0.31388963268577186
A3,420002,167,Omega_safe_one_step_QP,25.36327390210074,50.19066082432245,-44.10839718930947,0.7022115334171413,0.9016775488853455,False,False,-0.9016775488853455,-0.09016775339841843,-3.496731482917518,-3.4967314829175136,187.47166006099732,187.47166006099732,190.96839154391483,189.4430196890054,-1.9713596280080878,-3.878028841937246,4.656639126812754,0.9016775339841832,-0.0064985379576683044,-0.0006498537841252983,0.048189244465812395,0.04818924446580806,215.43891284805713,215.43891284805713,215.3907236035913,214.68926362793212,0.7496492201250078,-3.5691218535867972,3.746307833913203,0.012863129940785463,11.841393641657167,6.292847139845938,38.580859508440234,24.12185272893542,-0.7186009852148345,0.0,45.27678770659895,-0.4497895320749876
A3,420002,168,Z_mode_existing_controller,25.340486110332364,50.18927154918375,-31.213031682188557,0.5116598719199634,0.9273537397384644,False,False,-0.9273537397384644,-0.09273537248373032,-3.4627511362827614,-3.4627511362827637,192.17510463716266,192.17510463716263,195.6378557734454,193.68008507232972,-1.5049804351670844,-3.734013293460673,3.4054036385009687,0.9273537248373038,-0.009512245655059814,-0.0009512245887890458,-0.2154600691477923,-0.2154600691477924,216.0818353368341,216.0818353368341,216.29729540598188,215.52637672701897,0.5554586098151333,-1.0062476117754313,0.6708317477954553,0.21412231604468898,9.05016756874977,5.195414377276885,42.51366333451987,21.991689938019004,-0.5083811860632306,0.0,32.05468803414078,-0.33327516588909134
A3,420002,169,Z_mode_existing_controller,25.355411447370376,50.18690432888618,-33.975750910796705,0.5680580159014607,0.9245262145996094,False,False,-0.9245262145996094,-0.09245262295007706,-3.4556842828234005,-3.4556842828234124,188.92088847928673,188.9208884792867,192.37657276211013,190.55938211102327,-1.6384936317365657,-3.7377893374527784,3.401627594508863,0.9245262295007738,0.0031902086921036243,0.0003190208808518946,-0.1349492679087863,-0.13494926790878994,215.33861516646272,215.33861516646272,215.4735644343715,214.7304564742776,0.6081586921851283,-1.0062476117754313,0.6708317477954553,0.13411139199693042,8.605121315057033,5.381049716945723,42.51485273589734,25.012889990301925,-0.553904394601533,0.0,34.894550520709345,-0.3648952153110656
A3,420002,170,Omega_safe_one_step_QP,25.375880222330142,50.18574208132565,-28.39911338793172,0.46667598294945745,0.8527404069900513,False,False,-0.8527404069900513,-0.08527404069900513,-3.055201848094888,-3.0552018480948906,184.96094253086565,184.96094253086565,188.01614437896055,186.31019791821615,-1.349255387350496,-3.5828041254418164,4.9518638433081845,0.8527404069900517,-0.13661357760429382,-0.013661357574164867,-0.513408564724821,-0.5134085647248231,213.97079510285855,213.97079510285855,214.48420366758336,213.76391514785854,0.2068799550000051,-3.478469859986002,3.8369598275139984,0.1475960940845666,10.660334730714125,5.316816754673152,43.58219513344628,22.025785746846413,-0.4583608883111552,0.0,28.981602249242314,-0.12412797300001444
A3,420002,171,Omega_safe_one_step_QP,25.36164763437573,50.182840254153085,-29.513875672359063,0.5024774900525096,0.905605673789978,False,False,-0.905605673789978,-0.09056057035923004,-3.517287169047777,-3.5172871690477745,187.50987312017034,187.50987312017037,191.02716028921813,188.98022468036942,-1.470351560199049,-3.8839057164675768,4.650762252282424,0.9056057035922996,-0.038003019988536835,-0.003800302045419812,-0.0651264833441443,-0.06512648334413579,214.8841009075941,214.8841009075941,214.94922739093823,214.17227653369014,0.7118243739039656,-3.524972232321489,3.7904574551785113,0.0184757436518144,7.8965714237419,4.241040167191931,38.70143205443001,25.05062697384255,-0.48263715029282306,0.0,30.42360744699363,-0.4270946243424021
A3,420002,172,Omega_safe_one_step_QP,25.38315011470813,50.18107201513744,-9.369625236517095,0.16205189683380156,0.8621627688407898,False,False,-0.8621627688407898,-0.0862162783741951,-2.999341344158039,-2.999341344158028,183.9773353620498,183.9773353620498,186.97667670620785,184.55960717602636,-0.582271813976547,-3.4788573581665467,5.055810610583455,0.8621627837419478,-0.15732483565807343,-0.015732483938336372,-0.5685088796608128,-0.5685088796608166,213.40281445870747,213.40281445870747,213.97132333836828,213.13275554719277,0.2700589115146954,-3.4271818270644934,3.888247860435507,0.16588232207911924,8.020727215641084,4.861589849092934,44.44630041123304,25.330259959962795,-0.15097859838551742,0.0,9.682639181811282,-0.16203534690880872
A3,420002,173,Omega_safe_one_step_QP,25.405730257870168,50.17934319396099,10.039318801843365,-0.17517902920196454,0.7879370450973511,False,False,-0.7879370450973511,-0.07879370450973511,-2.404926498632323,-2.404926498632326,180.30498688468765,180.30498688468765,182.70991338331999,180.06672882642437,0.23825805826328406,-3.05218102587776,5.4824869428722405,0.7879370450973519,-0.026443742215633392,-0.002644374268129468,0.13318495412380574,0.13318495412379672,213.08279793928057,213.08279793928057,212.94961298515676,212.07145173863063,1.011346200649939,-3.3250107917433422,3.990418895756659,0.03337618370477927,8.563465779423677,4.912620334443921,37.73268618691321,24.979853768502235,0.15736197698989507,0.0,-9.589873058443118,-0.6068077203899662
A3,420002,174,Omega_safe_one_step_QP,25.415003666807344,50.17655328790653,17.643424782341754,-0.3089049095131934,0.7544453740119934,False,False,-0.7544453740119934,-0.0754445418715477,-2.1794032849738216,-2.1794032849738327,178.8961876671769,178.8961876671769,181.07559095215072,178.34535678949092,0.5508308776859678,-2.8887487827608345,5.6459191859891655,0.7544454187154807,0.07128004729747772,0.007128004916012287,0.6378941437110729,0.6378941437110666,213.06715620074107,213.06715620074107,212.42926205703,211.53501957896307,1.532136621777994,-3.2729756989306655,4.042453988569336,0.1577987394574709,8.780046677543247,4.023347531859774,39.29880453298545,20.494496463957415,0.27588999268149905,0.0,-17.000032801956877,-0.919281973066802
A3,420002,175,Omega_safe_one_step_QP,25.41372277306393,50.170996557002255,8.100968464846119,-0.139304174139872,0.8938285708427429,False,False,-0.8938285708427429,-0.08938285708427429,-2.6245607546784093,-2.6245607546783982,178.92667575240793,178.92667575240793,181.55123650708634,178.78867248370227,0.13800326870565982,-2.936313338254395,5.5983546304956056,0.8938285708427391,0.05192379280924797,0.005192379467189312,0.6175591169743935,0.6175591169743853,212.81816027645613,212.8181602764561,212.20060115948172,211.3001278041391,1.5180324723170031,-3.2501096091758366,4.065320078324164,0.15190910065535604,9.751612735682746,4.691705856732788,41.503590378757615,25.68476432953467,0.12143740857472096,0.0,-7.311586390030243,-0.910819483390199
A3,420002,176,Omega_safe_one_step_QP,25.402567454388123,50.168967354715,5.729886591106151,-0.09912682677148771,0.8751618266105652,False,False,-0.8751618266105652,-0.0875161811709404,-2.7778269150247974,-2.7778269150247894,181.1509997860985,181.15099978609854,183.9288267011233,181.07972390618474,0.07127587991379869,-3.174072357658095,5.360595611091905,0.8751618117094014,-0.17696072161197662,-0.017696073278784752,-0.5396087502596146,-0.5396087502596097,212.04149446717582,212.04149446717582,212.58110321743544,211.66611898926874,0.3753754779070846,-3.288159814971208,4.027269872528792,0.16410660692425458,8.813026705376368,4.951654827378789,34.745666398146334,20.54726222840906,0.09359290321984837,0.0,-5.598254207581704,-0.2252252867442479
A3,420002,177,Omega_safe_one_step_QP,25.407854790339876,50.16354158948993,7.41075083987198,-0.123909494318108,0.9222099781036377,False,False,-0.9222099781036377,-0.09222099930047989,-2.850892559769008,-2.8508925597689974,180.25091331570604,180.25091331570607,183.10180587547507,180.1504716123732,0.10044170333287639,-3.0913702750932694,5.443297693656731,0.9222099930047957,0.07219452410936356,0.007219452410936356,0.7389272889551262,0.7389272889551255,212.8208964822935,212.8208964822935,212.08196919333838,211.14782343712614,1.6730730451673708,-3.2382464125615034,4.0771832749384975,0.1812347493665886,11.108870966455592,4.7975445419342435,38.96279996306364,27.086809019105882,0.10931004104114095,0.0,-6.516217053812397,-1.0038438271004253
A3,420002,178,Omega_safe_one_step_QP,25.376045549079045,50.16270267047923,-2.6325913171513093,0.04421742669256867,0.8874116539955139,False,False,-0.8874116539955139,-0.08874116837978363,-3.3138434583643552,-3.3138434583643592,186.21705691426214,186.21705691426214,189.5309003726265,186.5046434922055,-0.2875865779433582,-3.7342797248084127,4.800388243941589,0.8874116837978376,-0.15101967751979828,-0.015101968310773373,-0.48092515306484945,-0.48092515306483763,212.91554582728938,212.91554582728938,213.39647098035422,212.45055517532026,0.46499065196911715,-3.3696965912630867,3.945733096236914,0.14272061001330957,9.275187797476805,4.473433470099954,42.11625850670343,23.874300493132875,-0.04294059949347151,0.0,2.9545263078261996,-0.2789943911814703
A3,420002,179,Omega_safe_one_step_QP,25.37702518425575,50.16067633023052,1.5212222595009735,-0.02516019180006713,0.8838420510292053,False,False,-0.8838420510292053,-0.08838420361280441,-3.2984061639033198,-3.2984061639033295,186.20865248750056,186.20865248750053,189.50705865140387,186.32818025175155,-0.11952776425101774,-3.7318955526861477,4.802772416063853,0.8838420361280473,-0.09389646351337433,-0.009389646351337433,-0.19170699572842315,-0.19170699572842106,213.0728510835312,213.0728510835312,213.26455807925961,212.29186204657486,0.7809890369563277,-3.3565053011536263,3.958924386346374,0.05711505823111068,10.248920608336675,7.583945575129617,37.582448046827196,27.346022945078516,0.02191337315064601,0.0,-1.0745422104782847,-0.4685934221737966
A3,420002,180,Omega_safe_one_step_QP,25.387127937872012,50.16064372916712,11.854431019875847,-0.19076888712692255,0.8437726497650146,False,False,-0.8437726497650146,-0.08437726646661758,-2.992880098903866,-2.9928800989038775,184.66544177333813,184.66544177333813,187.658321872242,184.3652820591641,0.3001597141740433,-3.5470218747699636,4.987646093980038,0.8437726646661788,-0.12492215633392334,-0.012492216192185879,-0.3207503869251824,-0.3207503869251921,212.53686439943286,212.53686439943283,212.85761478635803,211.86516817826,0.671696221172823,-3.315810971863467,3.9996187156365335,0.09673361649591629,12.412476639158324,4.55497053208525,38.270172354725275,23.126199154101958,0.19182093570255887,0.0,-11.643234222875435,-0.40301773270370234
A3,420002,181,Z_mode_existing_controller,25.335539292138613,50.15841125232609,3.6634179291158944,-0.06035705625870981,0.8972873091697693,False,False,-0.8972873091697693,-0.08972873538732529,-3.3405722117707217,-3.34057221177073,194.6537213541947,194.6537213541947,197.99429356596542,194.67858939178245,-0.024868037587765457,-3.7229681186865324,3.4164488132751094,0.8972873538732553,-0.006460614036768675,-0.000646061438601464,-0.19118974473877337,-0.19118974473875933,214.73556862117394,214.73556862117397,214.92675836591272,213.92987652920507,0.8056920919688935,-1.0062476117754313,0.6708317477954553,0.1900026817469138,8.499449953324149,4.698838468241982,38.20941420269932,24.854396522110903,0.05561135207381618,0.0,-3.2356140260080792,-0.48341525518134176
A3,420002,182,Z_mode_existing_controller,25.35604144029185,50.15778959909099,-7.565490526512804,0.12104205838869352,0.9212672114372253,False,False,-0.9212672114372253,-0.09212671965360641,-3.433356582840197,-3.433356582840187,190.176781651096,190.176781651096,193.6101382339362,190.66972199341248,-0.4929403423164729,-3.7267761141930493,3.4126408177685925,0.9212671965360614,0.0010276880348101258,0.0001027688049362041,-0.14802848008871883,-0.1480284800887296,213.8156255001955,213.8156255001955,213.96365398028422,213.0316148228998,0.7840106772956972,-1.0062476117754313,0.6708317477954553,0.14710939768348563,11.221000802919498,3.7905169740935944,44.41229228947833,24.839457629946484,-0.125327027717681,0.0,8.161223960607458,-0.47040640637740694
A3,420002,183,Z_mode_existing_controller,25.323843975659265,50.15769960252999,-17.079472330310637,0.26546828481942325,0.9360528588294983,False,False,-0.9360528588294983,-0.09360528737306595,-3.49209138485223,-3.4920913848522197,196.11008791081275,196.11008791081275,199.60217929566497,196.98961898743843,-0.8795310766256819,-3.7306561230183743,3.4087608089432675,0.9360528737306567,-0.00970481801778078,-0.0009704818367026746,-0.21813236097195515,-0.21813236097195446,215.0295481761559,215.0295481761559,215.24768053712788,214.37426470432192,0.6552834718339966,-1.0062476117754313,0.6708317477954553,0.21677801608600092,11.484634073460603,5.352179058304953,39.875182538204335,24.023977590363344,-0.2784728919571009,0.0,17.75111530536833,-0.3931700831003866
A3,420002,184,Omega_safe_one_step_QP,25.30529520120156,50.15774689068918,-50.68504036035392,0.8387887050502895,0.9366599321365356,False,False,-0.9366599321365356,-0.09366599470376968,-4.750021296003288,-4.750021296003298,198.15041676957952,198.15041676957952,202.90043806558282,200.55427975584132,-2.4038629862617995,-5.071233494104044,3.4634344746459567,0.9366599470376987,-0.22942997515201569,-0.02294299751520157,-1.089655439931957,-1.0896554399319591,214.87457097318728,214.87457097318728,215.96422641311923,215.1397610440242,-0.2651900708369226,-3.6264721345395885,3.688957552960412,0.3004725803774307,6.939729052838961,6.121556975393884,41.856887823437525,25.73868478603335,-0.8175130373573367,0.0,51.34343935520883,0.15911404250215355
A3,420002,185,Z_mode_existing_controller,25.36245662817269,50.15797135736943,-6.774066398561445,0.11108784425997134,0.8916897177696228,False,False,-0.8916897177696228,-0.0891689732670784,-3.328532912666813,-3.32853291266681,188.45843723917523,188.45843723917523,191.78697015184204,188.929453239291,-0.4710160001157817,-3.7328375450698634,3.4065793868917775,0.8916897326707834,-0.005009806714951992,-0.0005009807064197958,-0.1811096204115195,-0.18110962041152817,213.4116111324817,213.4116111324817,213.59272075289323,212.68247196007567,0.7291391724060361,-1.0062476117754313,0.6708317477954553,0.17998514311201882,10.136840163790845,5.419853305228761,42.125171351237256,27.226439806353277,-0.11224649297566103,0.0,7.323796394980491,-0.4374835034436302
A3,420002,186,Z_mode_existing_controller,25.35949295511717,50.158549724178414,-16.27857471616153,0.2619421902403308,0.9135932922363281,False,False,-0.9135932922363281,-0.09135933220386505,-3.413579658045826,-3.4135796580458138,188.62069856733694,188.62069856733694,192.03427822538276,189.47726161434605,-0.8565630470091037,-3.7364323662398786,3.402984565721763,0.9135933220386472,-0.008962439373135567,-0.000896243960596621,-0.20968807855620067,-0.20968807855620863,213.4774554081362,213.4774554081362,213.6871434866924,212.8302654079087,0.6471900002274822,-1.0062476117754313,0.6708317477954553,0.2083861627122109,11.172923091853809,6.360794820411819,46.98247443186102,18.417564875595346,-0.26531822735078237,0.0,16.932206943648453,-0.3883140001364893
A3,420002,187,Z_mode_existing_controller,25.351769386674686,50.154546339786116,-23.38181673913641,0.3656894819052791,0.9187992811203003,False,False,-0.9187992811203003,-0.09187992662191391,-3.4363928578427365,-3.4363928578427294,189.83159276168047,189.8315927616805,193.26798561952322,190.96086096536106,-1.1292682036805672,-3.7400909906943003,3.3993259412673416,0.9187992662191373,-0.0008885001298040152,-8.885001443559304e-05,-0.15968825519965812,-0.15968825519964946,213.56933708705532,213.56933708705532,213.72902534225497,212.91817189061643,0.6511651964388818,-1.0062476117754313,0.6708317477954553,0.15869677933236953,12.560516711709704,4.123563057240801,41.93680910189651,27.749613197279743,-0.3800157021712067,0.0,24.15253155917162,-0.3906991178633348
A3,420002,188,Omega_safe_one_step_QP,25.29962568004134,50.156329687130466,-59.957973791366385,0.9476339894853762,0.9413995146751404,False,False,-0.9413995146751404,-0.0941399559378624,-4.801672368847293,-4.801672368847306,198.39210970477663,198.39210970477663,203.19378207362394,201.09761801325885,-2.705508308482223,-5.100567894908156,3.4341000738418446,0.9413995593786264,-0.24382317066192627,-0.024382317438721657,-1.159314287253003,-1.1593142872530044,214.80079025929203,214.80079025929203,215.96010454654504,215.18952950939655,-0.38873925010452126,-3.626059947882168,3.6893697396178324,0.31971735269575785,9.51386065044146,5.495012068173704,40.706070053212265,22.914926904778625,-0.9654706858976265,0.0,60.69020092720075,0.23324355006272413
A3,420002,189,Z_mode_existing_controller,25.314370144003473,50.155590493857424,-16.3417260774213,0.26343725206234664,0.9505138397216797,False,False,-0.9505138397216797,-0.09505138546228409,-3.5566505235678156,-3.5566505235678045,196.91352598898382,196.91352598898382,200.47017651255163,197.80582068685555,-0.8922946978717334,-3.741818708133481,3.39759822382816,0.9505138546228383,-0.009064390324056149,-0.0009064390324056149,-0.21652232368431987,-0.2165223236843183,215.10803493655646,215.10803493655646,215.3245572602408,214.45992090526858,0.6481140312878892,-1.0062476117754313,0.6708317477954553,0.21517797523244264,9.083555704098998,3.3823575218259174,46.23496705923469,21.51700844825873,-0.2671471906135565,0.0,16.997741686807785,-0.3888684187727165
A3,420002,190,Z_mode_existing_controller,25.32031763947428,50.15401869200488,-22.837570803252675,0.3471961052797069,0.9431101679801941,False,False,-0.9431101679801941,-0.09431102126836777,-3.532512200556083,-3.5325122005560936,195.43654348937469,195.43654348937469,198.96905568993077,196.54594583313434,-1.1094023437596547,-3.745598502749857,3.393818429211785,0.9431102126836807,-0.004368780180811882,-0.0004368780355434865,-0.185694212169131,-0.18569421216912668,214.73691263689756,214.73691263689756,214.92260684906668,214.101636348082,0.635276288815561,-1.0062476117754313,0.6708317477954553,0.18454126995788475,12.975389409044787,5.36612616921506,38.43319242594308,28.246416891967385,-0.3704934166362861,0.0,23.589229993179288,-0.3811657732893252
A3,420002,191,Omega_safe_one_step_QP,25.278035751551887,50.156790341701885,-63.87423095426038,1.0168333451690708,0.9356243014335632,False,False,-0.9356243014335632,-0.09356243163347244,-5.122254421777828,-5.122254421777833,201.81276295403242,201.81276295403242,206.93501737581025,204.73560746210225,-2.9228445080698293,-5.474691425126787,3.059976543623213,0.9356243163347253,-0.34785914421081543,-0.0347859151661396,-1.744717843861229,-1.744717843861239,215.04736761694934,215.04736761694932,216.79208546081057,216.01367228301726,-0.9663046660679413,-3.709258039308721,3.60617164819128,0.47036842014539243,8.269365653058996,3.822538995920147,40.649753429851835,21.661232624775057,-1.023886532044707,0.0,64.31833468666446,0.5797827996407818
A3,420002,192,Omega_safe_one_step_QP,25.302662477721103,50.15545735019113,-40.5474260660385,0.6518357322461784,0.9495967626571655,False,False,-0.9495967626571655,-0.09495967626571655,-4.756732726311356,-4.756732726311368,197.52350332632827,197.52350332632827,202.28023605263962,199.46702170425593,-1.94351837792766,-5.009213292809726,3.525454675940275,0.949596762657168,-0.046564530581235886,-0.004656453151255846,-0.17324353193981268,-0.17324353193980516,215.53633237095644,215.53633237095644,215.70957590289626,214.82807112689935,0.7082612440570983,-3.60100708351729,3.714422603982711,0.048109744835766674,8.86935693142879,5.586816621584482,39.71850886582145,25.4968124495851,-0.6608141218570109,0.0,41.633196934330954,-0.42495674643424763
A3,420002,193,Z_mode_existing_controller,25.32673229236141,50.15586146990056,-0.2744533488803427,0.004445489356736335,0.9308132529258728,False,False,-0.9308132529258728,-0.09308132529258728,-3.4861730586372137,-3.4861730586372084,194.2249318687495,194.2249318687495,197.7111049273867,194.44597242107167,-0.22104055232216524,-3.7452980473569193,3.394118884604722,0.9308132529258714,-0.006276322063058615,-0.0006276321946643293,-0.19565109989801086,-0.195651099898014,214.54972047204367,214.54972047204367,214.7453715719417,213.78943527932054,0.7602851927231313,-1.0062476117754313,0.6708317477954553,0.19443633714847344,9.572943653645142,5.276212165082752,40.76739227890378,26.789733354961946,-0.006644787976853195,0.0,0.7372692524913873,-0.4561711156338788
A3,420002,194,Z_mode_existing_controller,25.335444219490288,50.15681799883249,-8.216258992560142,0.1413406745453233,0.9338736534118652,False,False,-0.9338736534118652,-0.09338736534118652,-3.5009979485241454,-3.5009979485241427,192.15070365451146,192.15070365451146,195.6517016030356,192.7275101242424,-0.5768064697309399,-3.748898939094605,3.390517992867037,0.9338736534118648,-0.0051656984724104404,-0.0005165698821656406,-0.1891664533506067,-0.1891664533506074,214.17979799260206,214.17979799260206,214.36896444595266,213.47245826948668,0.707339723115382,-1.0062476117754313,0.6708317477954553,0.18799195261377127,6.445406517138313,6.24026581484875,38.45248748286711,27.69940537741715,-0.13684430112176393,0.0,8.777507127550962,-0.42440383386923486
A3,420002,195,Omega_safe_one_step_QP,25.394979389364646,50.15701873270362,3.9973901962111995,-0.06634541530519027,0.8677523732185364,False,False,-0.8677523732185364,-0.08677523583173752,-2.7245933942772305,-2.7245933942772362,180.86179252560532,180.86179252560532,183.58638591988256,180.9160858627905,-0.05429333718518592,-3.139828279534018,5.394839689215983,0.8677523583173768,-0.021704135462641716,-0.002170413499698043,0.28158380998454385,0.28158380998455423,212.09343978086585,212.09343978086588,211.8118559708813,210.95931736655535,1.134122414310525,-3.211235090315798,4.104194597184203,0.06860878628360913,11.372211634578136,3.8301892035055634,42.27836544062206,26.974988607196025,0.060106436615392056,0.0,-3.377023184239988,-0.6804734485863122
A3,420002,196,Z_mode_existing_controller,25.3518601108859,50.156591633637056,-8.960382145110088,0.14865725832200097,0.9026246666908264,False,False,-0.9026246666908264,-0.09026246517896652,-3.385191743622763,-3.3851917436227654,188.8966848200252,188.8966848200252,192.28187656364796,189.48145842876343,-0.5847736087382316,-3.7503869819097293,3.3890299500519125,0.9026246517896659,-0.0340387225151062,-0.00340387225151062,-0.3658511261033982,-0.3658511261034052,213.26680294095982,213.26680294095982,213.6326540670632,212.75830706559967,0.5084958753601541,-1.0062476117754313,0.6708317477954553,0.3635796217770838,9.304630016874214,6.23536427571506,39.86666673128561,25.29989523639585,-0.1454247116769487,0.0,9.410904382003537,-0.3050975252160981
A3,420002,197,Omega_safe_one_step_QP,25.367440597459158,50.15569691085215,-11.60745469844187,0.19495700217935416,0.8846839666366577,False,False,-0.8846839666366577,-0.08846839517354965,-3.249092160547136,-3.249092160547143,185.6650322077778,185.6650322077778,188.91412436832496,186.3723406693948,-0.7073084616169751,-3.6726021243782583,4.862065844371743,0.8846839517354981,-0.05438488349318504,-0.005438488442450762,0.036221300593363565,0.03622130059336079,212.90539994376158,212.90539994376158,212.86917864316823,212.04079389447523,0.8646060492863512,-3.316967357544487,3.9984623299555135,0.009058807512577913,9.30356665983814,5.101835829398525,39.326833508150486,24.560458992757585,-0.1918753357604217,0.0,12.318093663773652,-0.5187636295718079
A3,420002,198,Omega_safe_one_step_QP,25.371440324540036,50.15381667932161,-5.685319032361804,0.09547603394240546,0.9003391861915588,False,False,-0.9003391861915588,-0.09003391861915588,-3.254899170580722,-3.2548991705807313,185.08512559083906,185.08512559083906,188.34002476141978,185.53957330840254,-0.45444771756348246,-3.6151921636877407,4.91947580506226,0.9003391861915616,-0.07575725764036179,-0.007575725670903921,-0.040827472139120385,-0.04082747213911206,212.585678147157,212.585678147157,212.62650561929613,211.75453699758634,0.8311411495706693,-3.292700055157277,4.022729632342723,0.012399390000666768,9.496220140576467,4.669559868504248,32.56966585227926,24.56234243259162,-0.09521774559769369,0.0,6.279221467701063,-0.4986846897423902
A3,420002,199,Omega_safe_one_step_QP,25.366082938620057,50.15141877556631,-0.6593762289567167,0.011591161602327326,0.8705081343650818,False,False,-0.8705081343650818,-0.08705081790685654,-3.2578503869039848,-3.257850386903999,186.35494862492865,186.35494862492862,189.61279901183264,186.60136547064226,-0.24641684571363953,-3.742469588729025,4.792198380020976,0.8705081790685688,-0.06387177109718323,-0.006387177389115095,-0.004385885030280812,-0.004385885030290526,212.74428511948793,212.7442851194879,212.7486710045182,211.84081410274152,0.90347101674638,-3.304916593679484,4.010513093820517,0.0013270788856452078,6.5832813905684935,4.904191724529994,36.35344654882249,25.10224706248482,-0.015874642663813887,0.0,1.217333481668902,-0.542082610047828
A3,420002,200,Omega_safe_one_step_QP,25.411307317663724,50.149151519184834,23.79055891489861,-0.41343666148918107,0.8444828987121582,False,False,-0.8444828987121582,-0.08444829285144806,-2.425404436639883,-2.4254044366398775,178.48328444215073,178.48328444215076,180.90868887879063,177.69437990900815,0.7889045331426132,-2.8720585754248265,5.662609393325174,0.844482928514478,-0.04962696507573128,-0.004962696693837643,0.22489304269791913,0.22489304269792537,210.972465752722,210.972465752722,210.7475727100241,209.80364672849853,1.1688190242234668,-3.1048067642300725,4.210622923269928,0.05341087216693241,9.383790276290211,5.140568969350838,41.85708387510228,23.931462344105913,0.3802528598902768,0.0,-23.469520360255046,-0.701291414534083
A3,420002,201,Omega_safe_one_step_QP,25.409388526543605,50.1460070768963,26.81501476313315,-0.47658113754587006,0.7774113416671753,False,False,-0.7774113416671753,-0.07774113863706589,-2.2791201365570917,-2.2791201365570917,179.22576656633177,179.22576656633177,181.50488670288885,178.28638247422035,0.9393840921114247,-2.9316783578346484,5.602989610915352,0.7774113863706592,0.022484028711915016,0.0022484029177576303,0.5445434177452086,0.5445434177452149,211.22712062039062,211.22712062039062,210.6825772026454,209.73598884720303,1.4911317731875897,-3.098307213492206,4.217122474007795,0.12912677331557346,7.90740435964229,3.712779606372679,42.87479611190898,25.155534009925564,0.42538615008350966,0.0,-26.345721849303118,-0.8946790639125481
A3,420002,202,Omega_safe_one_step_QP,25.422038131829307,50.1434030158836,28.97635056667059,-0.4976679986746118,0.8237777352333069,False,False,-0.8237777352333069,-0.08237777650356293,-2.226754807569459,-2.226754807569459,176.9923620452101,176.9923620452101,179.21911685277954,176.00448759063343,0.9878744545766551,-2.703101372823717,5.831566595926283,0.8237777650356278,-0.0302908793091774,-0.0030290880240499973,0.3665914866595822,0.3665914866595704,210.39982945510593,210.3998294551059,210.03323796844634,209.08501816082492,1.314811294280986,-3.0333732900722983,4.282056397427702,0.08561108323556589,10.526370712812142,6.92691240127338,42.215789628131525,26.237273712146525,0.46354705909628535,0.0,-28.65101084919843,-0.7888867765685887
A3,420002,203,Omega_safe_one_step_QP,25.416821585233198,50.14173273835849,26.304211549212596,-0.44923415782696285,0.8067647218704224,False,False,-0.8067647218704224,-0.08067647367715836,-2.279335357044504,-2.2793353570445096,178.16155638299537,178.16155638299537,180.4408917400399,177.27456575464717,0.886990628348201,-2.8252788615497506,5.70938910720025,0.8067647367715857,-0.08679760247468948,-0.008679760619997978,0.0679940006737885,0.06799400067378503,210.2548689734425,210.2548689734425,210.18687497276872,209.24514782821703,1.009721145225484,-3.0487369905045383,4.266692696995462,0.01593599668466054,10.523864580147034,4.108848069341949,37.70563908401137,27.093998793703307,0.4230262127698552,0.0,-26.121405074846734,-0.6058326871352904
A3,420002,204,Omega_safe_one_step_QP,25.38614063674159,50.1404173054343,4.861397639634561,-0.08206509867771272,0.9033604860305786,False,False,-0.9033604860305786,-0.09033604711294174,-3.11540943585122,-3.1154094358512143,183.55958497314384,183.55958497314387,186.67499440899508,183.54321036770804,0.01637460543582847,-3.448689128445271,5.085978840304731,0.9033604711294158,-0.22675658762454987,-0.022675659507513046,-0.6681980676438444,-0.6681980676438409,210.7633993242102,210.76339932421024,211.43159739185407,210.4937249681884,0.2696743560218522,-3.173209232413073,4.142220455086927,0.21057485299691645,9.682234643427536,5.083839702689827,43.15811438578887,20.99658514217621,0.08141023815604242,0.0,-4.781003264177343,-0.16180461361311416
A3,420002,205,Omega_safe_one_step_QP,25.383799275597195,50.13650858956859,9.40778761731326,-0.16039675156418812,0.866159975528717,False,False,-0.866159975528717,-0.08661600202322006,-3.0455302368088506,-3.045530236808838,184.30386139874568,184.30386139874568,187.34939163555453,184.10162643143002,0.20223496731566115,-3.516128851101215,5.018539117648786,0.8661600202321965,-0.13471604883670807,-0.013471605256199837,-0.22939927877322144,-0.22939927877321173,211.11046905086502,211.11046905086505,211.33986832963825,210.38052325170204,0.729945799163005,-3.164036326191491,4.151393361308509,0.07250210020481548,8.952102348708637,7.148992046956574,39.08006449782083,22.058315228097335,0.1503807578829015,0.0,-9.120200895697963,-0.4379674794978001
A3,420002,206,Omega_safe_one_step_QP,25.407384179091224,50.132869820239925,21.534748429960928,-0.37472154209892417,0.8532838821411133,False,False,-0.8532838821411133,-0.08532839268445969,-2.6211275153146056,-2.6211275153146167,180.28509220386948,180.28509220386948,182.9062197191841,179.56847028642053,0.716621917448947,-3.071811659464172,5.462856309285828,0.8532839268446003,-0.09578277170658112,-0.009578277356922626,0.05387919087490728,0.05387919087491699,210.22462502148434,210.22462502148434,210.17074583060943,209.19454340522054,1.0300816162638,-3.0471240762886076,4.268305611211392,0.012623086485043296,8.831148963724615,5.297362506429059,38.4636869687557,24.872983449509544,0.34436100270071,0.0,-21.261060462903515,-0.6180489697582772
A3,420002,207,Omega_safe_one_step_QP,25.415588770955935,50.13024685694249,27.86962963822043,-0.46728411885361054,0.8247745633125305,False,False,-0.8247745633125305,-0.08247745782136917,-2.415908728101801,-2.4159087281017926,179.06394018877828,179.0639401887783,181.4798489168801,178.13712039430357,0.9268197944747385,-2.9291745792337722,5.605493389516228,0.8247745782136884,0.020882438868284225,0.002088243840262294,0.6438979721313534,0.6438979721313471,210.3483884497302,210.3483884497302,209.70449047759885,208.72532619684787,1.6230622528823346,-3.0004985409875515,4.314931146512449,0.1492255496711179,11.425627547225275,3.6739013606953677,38.23633918918782,25.044965310629756,0.4427425524698805,0.0,-27.338534838961095,-0.9738373517294008
A3,420002,208,Z_mode_existing_controller,25.36682343382884,50.12809979737459,2.5929529857958187,-0.04312439140285921,0.9002156257629395,False,False,-0.9002156257629395,-0.09002156555652618,-3.3604303589195887,-3.3604303589195847,187.91514385687978,187.91514385687978,191.27557421579937,187.9946555389928,-0.07951168211300796,-3.7329170384284343,3.4064998935332067,0.9002156555652608,-0.04594014585018158,-0.0045940144918859005,-0.44043652002077815,-0.44043652002078715,211.2221475055177,211.22214750551768,211.66258402553848,210.69329070064703,0.5288568048706566,-1.0062476117754313,0.6708317477954553,0.43770192829941473,9.489312170639794,4.785383055273415,39.044536423661334,24.190121805140905,0.0417620385663966,0.0,-2.31740094144061,-0.31731408292239394
A3,420002,209,Omega_safe_one_step_QP,25.367216062404182,50.12645513305441,-9.682674846309965,0.16223857774537714,0.9146047830581665,False,False,-0.9146047830581665,-0.09146048128604889,-3.5389602442808976,-3.5389602442808865,187.34301584614448,187.3430158461445,190.88197609042538,187.9673665722246,-0.6243507260800811,-3.8693872965883025,4.665280672161699,0.9146048128604861,0.0007927341503091156,7.927341357572004e-05,0.44146099591229127,0.44146099591228294,211.9335904910005,211.9335904910005,211.49212949508822,210.58654539857608,1.3470450924244233,-3.179262442736487,4.136167244763514,0.10673190173129074,9.057784810818363,4.664441527586506,43.620681721585775,21.235150145054437,-0.16584193303231487,0.0,10.656743834796544,-0.8082270554546511
A3,420002,210,Omega_safe_one_step_QP,25.37468065961756,50.12312812485854,-0.904518839011871,0.015146497676073548,0.9047473669052124,False,False,-0.9047473669052124,-0.09047473967075348,-3.385737749133941,-3.385737749133942,186.22427740803735,186.22427740803735,189.6100151571713,186.47422144895063,-0.24994404091327738,-3.7421912032628923,4.792476765487109,0.9047473967075357,-0.011048384942114353,-0.0011048385640606284,0.421859405354038,0.42185940535405114,211.44022904083133,211.44022904083133,211.01836963547728,210.076456888827,1.3637721520043158,-3.1318864567753923,4.1835432307246085,0.10083782623682443,9.45387197763672,6.396718387691115,41.99178952506798,25.03420668029065,-0.02318707344272397,0.0,1.745969203657296,-0.818263291202598
A3,420002,211,Omega_safe_one_step_QP,25.38801203984377,50.12191838465672,10.273578198055475,-0.1686295875148155,0.876129150390625,False,False,-0.876129150390625,-0.08761291950941086,-3.0634077793029206,-3.063407779302918,184.08994700511442,184.08994700511442,187.15335478441733,183.86344828903006,0.22649871608436456,-3.4965251659874963,5.038142802762505,0.8761291950941081,-0.13765579462051392,-0.013765580020844936,-0.15764662682800773,-0.15764662682801675,210.25578189914114,210.25578189914114,210.41342852596915,209.44588611792358,0.8098957812175627,-3.071392345824581,4.24403734167542,0.05132741410986787,11.304404515423613,4.585253365901995,42.8131711216024,28.407379673394313,0.1647172732869393,0.0,-9.952358002612527,-0.48593746873054044
A3,420002,212,Z_mode_existing_controller,25.35616051991896,50.12299277283842,2.1011549377362826,-0.03380786422166485,0.9254184365272522,False,False,-0.9254184365272522,-0.09254184365272522,-3.453148510305197,-3.45314851030521,190.12075932429704,190.12075932429704,193.57390783460224,190.2281598595837,-0.10740053528667204,-3.7314455537146705,3.4079713782469705,0.9254184365272556,-0.009349322877824306,-0.0009349323227070272,-0.21410895026008278,-0.2141089502600932,211.62186114901337,211.62186114901337,211.83597009927345,210.85818607495972,0.7636750740536513,-1.0062476117754313,0.6708317477954553,0.2127795860129473,10.957692044998417,4.201266254164053,40.1871267343243,27.62547638542806,0.03220699857387288,0.0,-1.6751568918771227,-0.4582050444321908
A3,420002,213,Z_mode_existing_controller,25.3303178366601,50.12423566056841,-8.54014983766865,0.13969700752403105,0.9414387941360474,False,False,-0.9414387941360474,-0.09414388239383698,-3.516535804051766,-3.5165358040517547,194.78532950842805,194.78532950842805,198.3018653124798,195.3459893791612,-0.5606598707331614,-3.7352780814167605,3.4041388505448813,0.941438823938367,-0.005501140374690294,-0.0005501140258274972,-0.19254876777218613,-0.19254876777219654,212.73389373029386,212.73389373029386,212.92644249806605,212.01694221050147,0.7169515197923886,-1.0062476117754313,0.6708317477954553,0.1913532668489637,8.767600765790867,4.739100910443597,43.768914902594105,25.977165909695398,-0.14130338307112655,0.0,9.111624132615361,-0.4301709118754218
A3,420002,214,Z_mode_existing_controller,25.348951431365645,50.124841260109626,-15.738932119012134,0.26410318330222704,0.9452743530273438,False,False,-0.9452743530273438,-0.09452743828296661,-3.5345089854301253,-3.534508985430134,190.7325758282928,190.7325758282928,194.26708481372293,191.6103080057263,-0.8777321774335007,-3.739135482387262,3.400281449574379,0.9452743828296686,-0.0019852083642035723,-0.00019852083642035723,-0.17103856613031598,-0.17103856613030488,211.93780281840185,211.93780281840185,212.10884138453216,211.2521572749034,0.6856455434984525,-1.0062476117754313,0.6708317477954553,0.16997661820883536,8.115177727886504,5.059363804113246,38.66680050967309,25.620936405969314,-0.25824780122521496,0.0,16.408567246336133,-0.41138732609907436
A3,420002,215,Omega_safe_one_step_QP,25.375127950170384,50.1241079397005,-13.721208754814143,0.22737040727895835,0.8737391829490662,False,False,-0.8737391829490662,-0.08737391978502274,-3.195904935539283,-3.195904935539294,185.56953091486199,185.56953091486199,188.76543585040127,186.3509763627695,-0.7814454479075152,-3.6577332725858906,4.876934696164111,0.8737391978502304,-0.037960201501846313,-0.0037960202898830175,0.2845750963605953,0.28457509636060574,211.18542278138776,211.18542278138779,210.90084768502717,210.0877029576022,1.0977198237855816,-3.120134261730383,4.195295425769618,0.06783195638919781,10.110440323541935,5.486266216550307,40.340682355787045,28.146999302057345,-0.22843192667871648,0.0,14.608272575765113,-0.6586318942713518
A3,420002,216,Omega_safe_one_step_QP,25.37015014198839,50.12472359039915,-9.935232205691136,0.1613329944085986,0.8698772192001343,False,False,-0.8698772192001343,-0.08698772639036179,-3.281457474902516,-3.2814574749025245,186.62986950051757,186.62986950051754,189.91132697542008,187.2483508437255,-0.6184813432079466,-3.7723223850877696,4.762345583662231,0.8698772639036193,-0.02171787992119789,-0.0021717881318181753,0.3383164507234644,0.338316450723454,211.50811685930384,211.50811685930384,211.1698004085804,210.31570086523166,1.192415994072178,-3.147029534085704,4.168400153414297,0.08116218171768902,11.127066526478266,5.338686377011454,40.77431083659559,25.74685362556823,-0.1673000611694775,0.0,10.81798186330434,-0.7154495964433067
A3,420002,217,Z_mode_existing_controller,25.349390009713247,50.124359410061,-9.696236115046304,0.16048646558947566,0.932449460029602,False,False,-0.932449460029602,-0.09324494749307632,-3.486660387421715,-3.486660387421713,190.68992572426419,190.68992572426419,194.1765861116859,191.30252151602093,-0.6125957917567462,-3.7392485932608923,3.4001683387007495,0.9324494749307629,-0.0036242539063096046,-0.00036242540227249265,-0.1792151528536845,-0.17921515285369144,211.86957476185336,211.86957476185336,212.04878991470704,211.1603890658109,0.7091856960424536,-1.0062476117754313,0.6708317477954553,0.17810243796502812,9.004557148489292,5.546045397638026,42.46291962000518,24.878745224551746,-0.15977841574868812,0.0,10.281525948420494,-0.4255114176254722
A3,420002,218,Omega_safe_one_step_QP,25.366616888053535,50.12366315481079,-14.602281305041288,0.23275281562079733,0.8871943950653076,False,False,-0.8871943950653076,-0.088719442486763,-3.394207124108701,-3.394207124108712,187.05165584394393,187.05165584394393,190.44586296805264,187.85549006141656,-0.8038342174726267,-3.825775984351027,4.708891984398974,0.887194424867633,-0.010142961516976357,-0.0010142961982637644,0.3990784891364438,0.39907848913643895,211.61996037652816,211.61996037652813,211.2208818873917,210.38286217750903,1.2370981990191012,-3.1521376819668343,4.163292005533167,0.09585647334033959,12.113206405075712,3.4804937276591774,37.49820025822307,28.598787007022597,-0.24298193388639788,0.0,15.587522158339198,-0.7422589194114693
A3,420002,219,Omega_safe_one_step_QP,25.310895138394226,50.12504510329642,-38.35633974861685,0.6203076266092616,0.948943018913269,False,False,-0.948943018913269,-0.09489430487155914,-4.687599547684423,-4.687599547684419,196.89861607717248,196.89861607717248,201.5862156248569,198.75903520810112,-1.8604191309286477,-4.939811250031452,3.594856718718549,0.9489430487155907,-0.006866412237286568,-0.0006866412586532533,0.21400538332594296,0.2140053833259492,213.88257238660003,213.88257238660003,213.6685670032741,212.7926349131641,1.0899374734359242,-3.3969061935550737,3.9185234939449276,0.05461378084287095,8.663203306959314,5.7532599340571915,39.354683499572616,26.96970468792086,-0.6291743181011142,0.0,39.639476550779364,-0.6539624840615659
A3,420002,220,Z_mode_existing_controller,25.338715987716594,50.126228492017646,0.4870088194284108,-0.007760938402936425,0.9198232293128967,False,False,-0.9198232293128967,-0.09198232740163803,-3.4394825686766053,-3.439482568676596,192.81658548151594,192.81658548151594,196.25606805019254,193.00039186164472,-0.1838063801287717,-3.7392863018764557,3.400130630085186,0.919823274016378,-0.004033720586448908,-0.00040337207610718906,-0.179677638466616,-0.17967763846662294,212.40743263692752,212.40743263692752,212.58711027539414,211.64116712182312,0.7662655151044078,-1.0062476117754313,0.6708317477954553,0.1785620520873568,10.89651109277619,6.012188871340549,43.39792723215893,23.845895964991698,0.006228195690898275,0.0,-0.03347770605614642,-0.4597593090626475
A3,420002,221,Z_mode_existing_controller,25.333893083214708,50.12586084245603,-9.863337712717112,0.16165823654943728,0.9399091005325317,False,False,-0.9399091005325317,-0.09399091452360153,-3.5180284587936774,-3.5180284587936774,193.35710504186235,193.35710504186235,196.87513350065603,193.981878351846,-0.6247733099836523,-3.7429452374466305,3.396471694515011,0.9399091452360154,-0.006700631696730852,-0.0006700631929561496,-0.19985007830618934,-0.19985007830620044,212.50702794217196,212.50702794217193,212.70687802047814,211.82456603879905,0.6824619033728823,-1.0062476117754313,0.6708317477954553,0.19860924484936998,8.960142173796488,3.9104805730493917,41.6850477474625,26.672258812195256,-0.16211693463540833,0.0,10.434931789375696,-0.4094771420237322
A3,420002,222,Z_mode_existing_controller,25.341478556271134,50.12658354418708,-16.47351610710939,0.2689083207262179,0.9380312561988831,False,False,-0.9380312561988831,-0.09380313009023666,-3.5144809847517897,-3.5144809847517986,191.51593077608229,191.51593077608229,195.03041176083408,192.4170201015079,-0.9010893254256018,-3.7466564083425915,3.3927605236190503,0.938031300902369,-0.00010108575224876404,-1.0108575224876404e-05,-0.15795221853307714,-0.15795221853308686,212.20534525994927,212.20534525994924,212.36329747848234,211.530594958645,0.6747503013042433,-1.0062476117754313,0.6708317477954553,0.1569715214075338,9.5673944520507,5.460278060373806,41.350138923591366,19.157474785655737,-0.2690701412748169,0.0,17.1474364291671,-0.404850180782546
A3,420002,223,Z_mode_existing_controller,25.34983356109614,50.12264895528377,-21.249404515745482,0.3494632281709292,0.9289069771766663,False,False,-0.9289069771766663,-0.09289070218801498,-3.4836696090628347,-3.4836696090628365,189.6123478358953,189.6123478358953,193.09601744495814,190.7165670919254,-1.1042192560301203,-3.750288809327471,3.3891281226341703,0.9289070218801504,-0.0022540241479873657,-0.00022540241479873657,-0.1699874051304083,-0.16998740513040414,211.56260724506953,211.56260724506953,211.73259465019993,210.94257073289194,0.6200365121775917,-1.0062476117754313,0.6708317477954553,0.16893198367991852,9.523388315230148,7.21848019667826,37.8339692336601,28.540214363934,-0.34610082326139135,0.0,21.967527246313693,-0.3720219073065607
A3,420002,224,Omega_safe_one_step_QP,25.36995206621106,50.12380658804852,-19.580606062133484,0.3252302761831931,0.881579577922821,False,False,-0.881579577922821,-0.08815795928239822,-3.227080021259436,-3.2270800212594417,185.56668012537963,185.56668012537963,188.79376014663907,186.6059236741112,-1.0392435487315765,-3.66056570220967,4.874102266540331,0.8815795928239839,-0.05029110237956047,-0.005029110237956047,0.22974052496515796,0.2297405249651517,211.11824895807712,211.11824895807712,210.88850843311195,210.1341083222074,0.9841406358697213,-3.1189003365388617,4.196529350961139,0.05474536354965176,9.89557772031231,6.550819342496551,33.96185565419134,23.431287354951337,-0.32228708826469443,0.0,20.493377531919577,-0.5904843815218328
A3,420002,225,Omega_safe_one_step_QP,25.374614632502087,50.12105790458212,-10.743149092983003,0.17699055748479445,0.8791804909706116,False,False,-0.8791804909706116,-0.08791805058717728,-3.1571443635740173,-3.1571443635740186,184.94104027993328,184.94104027993328,188.0981846435073,185.60370876179667,-0.6626684818633919,-3.5910081518964923,4.943659816853509,0.879180505871773,-0.06437882035970688,-0.00643788231536746,0.1877421393677199,0.18774213936772963,210.75777864409957,210.7577786440996,210.57003650473186,209.76513504190697,0.9926436021926293,-3.0870531437008526,4.228376543799148,0.04440052521884569,10.645534960470144,6.1406917631954085,39.505924475248094,26.606970308647075,-0.1783565395607063,0.0,11.517091793859436,-0.5955861613155804
A3,420002,226,Omega_safe_one_step_QP,25.366429882436147,50.12073152548601,-8.704072420332523,0.13892143304902027,0.87508225440979,False,False,-0.87508225440979,-0.08750822395086288,-3.300360389354294,-3.300360389354298,186.60260244034555,186.60260244034555,189.90296282969985,187.17237364986588,-0.5697712095203258,-3.771485970515748,4.763181998234253,0.8750822395086296,-0.056509941816329956,-0.0056509943678975105,0.19271601790928974,0.19271601790929738,211.11773120636133,211.11773120636136,210.92501518845205,210.08103827727598,1.0366929290853761,-3.122551012072871,4.19287867542713,0.04596269838159945,12.2124285870395,5.617233540131249,39.35861213547262,22.253860419650092,-0.14477866110505744,0.0,9.470866838888469,-0.6220157574512228
A3,420002,227,Z_mode_existing_controller,25.331221473721712,50.11843533649616,-7.629210200282614,0.12097578366537207,0.9230190515518188,False,False,-0.9230190515518188,-0.09230190515518188,-3.4591886307773976,-3.4591886307774073,193.59534896316728,193.59534896316725,197.05453759394467,194.11957072507252,-0.5242217619052667,-3.7476893082127196,3.3917276237489213,0.9230190515518217,-0.012055273167788982,-0.0012055273400619626,-0.2307564142618443,-0.2307564142618554,212.0781095009686,212.07810950096857,212.30886591523043,211.43186654252784,0.6462429584407232,-1.0062476117754313,0.6708317477954553,0.22932368888280583,10.904591466985652,4.203460366116604,34.9958302843025,24.47149693745054,-0.12421679254441642,0.0,8.141172767890566,-0.3877457750644453
A3,420002,228,Z_mode_existing_controller,25.307065994178444,50.117902119335625,-17.054553932779527,0.2699266803756825,0.949049174785614,False,False,-0.949049174785614,-0.09490492194890976,-3.560088287423467,-3.5600882874234747,197.9388265587151,197.9388265587151,201.49891484613858,198.86206800611566,-0.9232414474005566,-3.7512156527982516,3.38820127916339,0.9490492194890998,-0.02842305414378643,-0.0028423054609447718,-0.3382532601832602,-0.3382532601832477,212.89739640351422,212.89739640351422,213.23564966369747,212.41192613544305,0.4854702680711682,-1.0062476117754313,0.6708317477954553,0.3361531060793585,9.928579490056984,3.8068864845309784,45.79430967328578,23.453683972858336,-0.27627657499646574,0.0,17.622112668617774,-0.2912821608426981
A3,420002,229,Omega_safe_one_step_QP,25.303305208873105,50.11801197253464,-50.09498061130762,0.7874510356451665,0.9480132460594177,False,False,-0.9480132460594177,-0.09480132907629013,-4.713407290144449,-4.713407290144463,197.1934849702696,197.1934849702696,201.90689226041405,199.50039610903832,-2.3069111387687258,-4.971878913587168,3.562789055162833,0.9480132907629041,-0.12190760672092438,-0.012190761044621468,-0.31589986368865985,-0.3158998636886578,213.02157714735222,213.02157714735222,213.33747701104087,212.55572127994762,0.46585586740459917,-3.3637971943317524,3.951632493168248,0.09391168534802648,10.190490004281207,5.173323309833806,40.72092743803205,21.98938740807755,-0.8125983301380266,0.0,51.187092461888824,-0.27951352044276234
A3,420002,230,Omega_safe_one_step_QP,25.304312449602847,50.116812504592055,-36.60615818195947,0.5936393951820408,0.9515343904495239,False,False,-0.9515343904495239,-0.09515344351530075,-4.731719834950927,-4.731719834950927,197.1836412861984,197.1836412861984,201.91536112114932,198.99375043758727,-1.8101091513888719,-4.972725799660695,3.5619421690893063,0.9515344351530076,0.0018359737005084753,0.00018359736714046448,0.29615098193094613,0.2961509819309604,213.55455297899326,213.55455297899329,213.25840199706232,212.39241860573446,1.162134373258823,-3.3558896929338977,3.9595399945661027,0.07479428982593556,8.442280899057483,6.416744671793589,37.15335221404015,24.9814749420133,-0.6011510671041034,0.0,37.90458987301827,-0.6972806239552796
A3,420002,231,Z_mode_existing_controller,25.339638271467326,50.116658586760884,2.561394532203849,-0.042167455717006114,0.9260761737823486,False,False,-0.9260761737823486,-0.09260761737823486,-3.4734160086301356,-3.4734160086301396,191.66876126062868,191.66876126062866,195.1421772692588,191.78170417922593,-0.11294291859726968,-3.7506806750504698,3.388736256911172,0.9260761737823497,0.0006858332781121135,6.858332926640287e-05,-0.15098896857770674,-0.15098896857770883,211.640134653357,211.640134653357,211.7911236219347,210.85315772482446,0.786976928532539,-1.0062476117754313,0.6708317477954553,0.15005150502797485,9.206047558186187,5.43069259740712,41.17229048354918,21.858940004563706,0.03927607796688193,0.0,-2.128484453050987,-0.4721861571195234
A3,420002,232,Z_mode_existing_controller,25.353329870377355,50.1142863826513,-6.758294573524836,0.1102191100002201,0.9363968372344971,False,False,-0.9363968372344971,-0.09363968670368195,-3.5153950814915405,-3.515395081491536,188.63490675158417,188.63490675158417,192.1503018330757,189.13785831437437,-0.5029515627902015,-3.75417219476164,3.3852447372000016,0.9363968670368183,0.005243290681391954,0.0005243290797807276,-0.12400385037820011,-0.1240038503782119,210.8999274867272,210.89992748672717,211.02393133710538,210.14628916220659,0.7536383245205798,-1.0062476117754313,0.6708317477954553,0.12323393260970679,10.404748774352486,6.7363203201063575,41.219942906171596,22.731300870711603,-0.11110371712771894,0.0,7.321581285365028,-0.452182994712345
A3,420002,233,Omega_safe_one_step_QP,25.35765071066654,50.112308860012384,-14.725686641168977,0.25433526781768445,0.9282572865486145,False,False,-0.9282572865486145,-0.09282573312520981,-3.602865232226435,-3.6028652322264376,187.3984539147161,187.3984539147161,191.00131914694254,188.2864688480274,-0.8880149333112968,-3.8813216022400163,4.653346366509985,0.9282573312520987,0.00045600158045999706,4.5600158045999706e-05,0.5223769687221248,0.5223769687221186,211.19548657639632,211.19548657639632,210.6731096076742,209.84845826675996,1.3470283096363573,-3.097360453995085,4.218069233504916,0.12384267298715257,7.202316355694167,6.050808408177948,40.95510226019368,22.895857399637116,-0.24815631611147815,0.0,15.78205994306245,-0.8082169857818116
A3,420002,234,Omega_safe_one_step_QP,25.402111776432815,50.109348738822696,11.205226260677591,-0.18911806672281062,0.929502546787262,False,False,-0.929502546787262,-0.0929502546787262,-2.8146281332379175,-2.814628133237909,179.6544908203241,179.65449082032413,182.46911895356203,179.44520501532185,0.20928580500228122,-3.028101582901966,5.506566385848036,0.9295025467872594,0.11186067759990692,0.011186067946255207,1.252721571043558,1.2527215710435524,209.92119494574064,209.92119494574064,208.66847337469707,207.79192561469875,2.1292693310418827,-2.8968968306973735,4.418532856802627,0.28351527795360937,10.699112029613577,4.27684815503449,44.2180141863683,28.969111771333203,0.16751694148364393,0.0,-10.095181603534911,-1.2775615986251267
A3,420002,235,Omega_safe_one_step_QP,25.374078169218034,50.11000994272456,1.9576679745705405,-0.03293255319836614,0.902757465839386,False,False,-0.902757465839386,-0.09027574956417084,-3.249355240450709,-3.249355240450708,184.93241457905458,184.93241457905458,188.1817698195053,185.06355341651724,-0.13113883746265742,-3.5993666694962916,4.93530129925371,0.902757495641708,-0.20663626492023468,-0.020663626492023468,-0.4334233823734962,-0.4334233823734948,209.48125585688913,209.48125585688913,209.91467923926263,209.02311619088286,0.4581396660062751,-3.0215174171539285,4.293912270346072,0.1434456011780171,9.499832894146554,4.938386547305779,36.69402937116283,28.383521547293658,0.03285847772644601,0.0,-1.7156426526944415,-0.27488379960377074
A3,420002,236,Omega_safe_one_step_QP,25.372291917031355,50.11030961892583,4.829409911648327,-0.08127623809576452,0.9030028581619263,False,False,-0.9030028581619263,-0.09030028432607651,-3.29888087141934,-3.2988808714193345,185.42156427219135,185.42156427219135,188.72044514361068,185.4433049909255,-0.021740718734150732,-3.6532342019068307,4.881433766843171,0.9030028432607635,-0.10515591502189636,-0.010515592060983181,0.050768562637735354,0.05076856263773882,210.0859239100823,210.0859239100823,210.03515534744457,209.11515275065966,0.9707711594226396,-3.033565027972121,4.281864659527879,0.011856648136874226,9.398629132963196,6.100062702399197,42.86345717906188,25.940853759394685,0.07444399188180739,0.0,-4.3213912078763315,-0.5824626956535752
A3,420002,237,Omega_safe_one_step_QP,25.3838186995034,50.10961758768743,12.286394648390342,-0.20632204084405245,0.9072690010070801,False,False,-0.9072690010070801,-0.09072690457105637,-3.125938737180034,-3.1259387371800202,183.51653877563248,183.5165387756325,186.64247751281252,183.22515604584407,0.29138272978843816,-3.4454374388270157,5.089230529922986,0.9072690457105593,-0.12839584052562714,-0.012839584611356258,-0.014973289956957125,-0.014973289956958513,209.52489980957196,209.52489980957196,209.53987309952893,208.59521307738413,0.9296867321878324,-2.9840368031805573,4.331392884319444,0.005017796677641215,10.062051211121764,4.434334458219977,43.65376493624009,22.15414048105259,0.19634104186705414,0.0,-11.924923650945857,-0.557812039312708
A3,420002,238,Omega_safe_one_step_QP,25.37040994201624,50.1066079901482,10.700935454267892,-0.17724982767966932,0.8782342672348022,False,False,-0.8782342672348022,-0.08782342821359634,-3.2771901948612023,-3.2771901948612063,186.22658440279554,186.2265844027955,189.50377459765673,186.00798547359977,0.21859892919573554,-3.7315671473114342,4.803100821438567,0.8782342821359646,-0.06686796993017197,-0.006686796899884939,0.22807399264083636,0.2280739926408315,210.19449850447603,210.19449850447603,209.96642451183519,209.00730555432403,1.1871929501519958,-3.0266919444111853,4.288737743088816,0.05317974805252817,10.196443545684799,5.2195458618025565,35.12852815599378,22.40989626872355,0.16811714898665286,0.0,-10.15673683316345,-0.7123157700911946
A3,420002,239,Z_mode_existing_controller,25.360433106380636,50.10355066625411,9.59971768917785,-0.15714115419361913,0.9073469638824463,False,False,-0.9073469638824463,-0.09073469787836075,-3.398363968776963,-3.398363968776963,188.28704663531536,188.28704663531536,191.68541060409234,188.10445451201437,0.18259212330099217,-3.7453852255427362,3.3940317064189056,0.9073469787836077,-0.007805870845913887,-0.0007805870845913887,-0.20135311945560647,-0.2013531194556141,210.043845128539,210.043845128539,210.2451982479946,209.27118191819662,0.7726632103423867,-1.0062476117754313,0.6708317477954553,0.20010295388462593,10.422139594420477,4.135361703029575,44.80274825595253,26.053805025471938,0.1543635289180756,0.0,-9.290483291890268,-0.4635979262054235
A3,420002,240,Z_mode_existing_controller,25.343114169293436,50.10383697880128,-1.7030527731321854,0.028754840196753326,0.9242600798606873,False,False,-0.9242600798606873,-0.09242600947618484,-3.4649276602598214,-3.4649276602598187,191.31162257860527,191.31162257860527,194.7765502388651,191.60265385174725,-0.2910312731419822,-3.7488664499278417,3.3905504820338,0.9242600947618478,-0.008737434633076191,-0.0008737434982322156,-0.2100592544358619,-0.2100592544358522,210.7198941458885,210.7198941458885,210.92995340032437,210.02618829370022,0.6937058521882875,-1.0062476117754313,0.6708317477954553,0.208755034027084,7.752276318555493,5.3848964249335936,39.448296386942374,28.801485719995956,-0.030012204065097397,0.0,2.1492884885101375,-0.416223511312964
A3,420002,241,Omega_safe_one_step_QP,25.377810300240448,50.10511123921145,-1.8338800722349333,0.030455961805198824,0.8955143690109253,False,False,-0.8955143690109253,-0.08955144137144089,-3.1710572223222226,-3.171057222322235,184.42750020378003,184.42750020378,187.59855742610225,184.7324690016197,-0.304968797839706,-3.541045430155986,4.993622538594015,0.8955144137144119,-0.054748907685279846,-0.005474891047924757,0.34179182759546817,0.3417918275954668,209.8201215054847,209.8201215054847,209.47832967788923,208.62765601757303,1.1924654879116758,-2.977882461016589,4.337547226483411,0.07879841065674538,10.356420810285593,3.8030591880262827,40.46651021795265,27.72875963028562,-0.035514415596200166,0.0,2.584873780578164,-0.7154792927470055
A3,420002,242,Z_mode_existing_controller,25.353754765492504,50.10542338351739,-5.562992887212204,0.09093637422935844,0.9313624501228333,False,False,-0.9313624501228333,-0.0931362435221672,-3.492927431848754,-3.4929274318487455,189.0321624979158,189.0321624979158,192.52508992976456,189.4803113752639,-0.44814887734810327,-3.7503417571457103,3.3890751748159316,0.93136243522167,-0.011857382021844387,-0.0011857382487505674,-0.23090877953006253,-0.2309087795300667,210.30587817572734,210.30587817572734,210.5367869552574,209.65622486554884,0.6496533101785076,-1.0062476117754313,0.6708317477954553,0.22947510814226868,10.163693034782696,4.4863780375905895,38.77458722602447,24.29312027816999,-0.09090836885213349,0.0,6.043693242171685,-0.38979198610709886
A3,420002,243,Z_mode_existing_controller,25.341853398176973,50.10422340219155,-13.436316143151089,0.220835573701168,0.9389021992683411,False,False,-0.9389021992683411,-0.0938902199268341,-3.5245221659488957,-3.524522165948886,191.0363417791773,191.0363417791773,194.5608639451262,191.82357005312025,-0.7872282739429579,-3.7538757164435785,3.3855412155180633,0.9389021992683385,-0.0047222007997334,-0.0004722200974356383,-0.18721535487967178,-0.18721535487966554,210.72364619178836,210.72364619178836,210.91086154666803,210.08475655243808,0.6388896393502819,-1.0062476117754313,0.6708317477954553,0.18605296816490452,9.292474504909361,5.889820538095178,41.20553717982192,25.97653719689414,-0.2191837003449173,0.0,14.038833627105305,-0.3833337836101691
A3,420002,244,Z_mode_existing_controller,25.35731912097785,50.10429001430482,-17.495137684148176,0.2898460534350121,0.9185161590576172,False,False,-0.9185161590576172,-0.0918516144156456,-3.451223491243531,-3.451223491243523,187.73722102521,187.73722102521,191.18844451645353,188.69373527177748,-0.9565142465674796,-3.7573901266733363,3.382026805288305,0.918516144156454,-0.007387892808765173,-0.0007387892692349851,-0.20059264804264398,-0.2005926480426523,210.00208855015268,210.00208855015268,210.20268119819534,209.42013823537752,0.5819503147751561,-1.0062476117754313,0.6708317477954553,0.19934720410289972,9.543282743943042,4.166871275482203,38.73742974884676,26.008201241191877,-0.2843853636776892,0.0,18.128693236691106,-0.349170188865088
A3,420002,245,Z_mode_existing_controller,25.351794087089257,50.10376295380208,-23.629261094728463,0.3928322343343223,0.9350948929786682,False,False,-0.9350948929786682,-0.0935094878077507,-3.5166290526744803,-3.516629052674472,188.4615021901558,188.46150219015584,191.9781312428303,189.68582635937645,-1.2243241692206084,-3.7607189763507574,3.378697955610884,0.9350948780775052,-0.008690505288541317,-0.0008690505637787282,-0.21158063749985162,-0.21158063749985717,210.13707748988736,210.13707748988736,210.3486581273872,209.60322540644026,0.5338520834471012,-1.0062476117754313,0.6708317477954553,0.21026697109525816,9.111799317940486,5.574166780102559,41.12166282346571,27.886323314835256,-0.3837690348071021,0.0,24.333341379604462,-0.3203112500682721
A3,420002,246,Omega_safe_one_step_QP,25.365429980438623,50.10452976625132,-20.095838547249514,0.3402014112694913,0.8784791231155396,False,False,-0.8784791231155396,-0.08784791082143784,-3.231367831360263,-3.231367831360263,185.74039697784568,185.74039697784568,188.97176480920595,186.83902598959034,-1.0986290117446629,-3.6783661684663564,4.856301800283645,0.8784791082143779,-0.019719744101166725,-0.00197197450324893,0.4764429397148162,0.4764429397148079,210.23483998874158,210.23483998874158,209.75839704902677,209.04302562835596,1.1918143603856208,-3.0058891981303426,4.309540489369658,0.11055539236492835,8.705377747425292,4.826911718904882,41.60755078362884,25.73836927939506,-0.3329668672825328,0.0,21.143894030764386,-0.7150886162313697
A3,420002,247,Omega_safe_one_step_QP,25.377763267944285,50.10349676692382,-7.7706825265386215,0.13210241253219623,0.8775676488876343,False,False,-0.8775676488876343,-0.08775676786899567,-3.0340640930465206,-3.0340640930465126,183.72760146688327,183.72760146688327,186.76166555992978,184.2883734809742,-0.5607720140909294,-3.457356243538741,5.07731172521126,0.8775676786899541,-0.10039250552654266,-0.010039250366389751,0.13014291362730135,0.13014291362730274,209.34463513890591,209.34463513890591,209.2144922252786,208.44254368842007,0.902091450485841,-2.9514987157555264,4.363930971744474,0.029822404265775617,9.062125037197365,5.091833110607455,39.3917512248758,27.85016986289655,-0.12967464474762203,0.0,8.441612041577173,-0.5412548702915103
A3,420002,248,Omega_safe_one_step_QP,25.384064539885873,50.103380706043644,-0.7989327297709679,0.013740334920443305,0.8896788954734802,False,False,-0.8896788954734802,-0.08896788954734802,-2.9837715393472783,-2.9837715393472686,182.7419545919692,182.74195459196923,185.7257261313165,183.0061888073482,-0.26423421537896274,-3.3537623006774124,5.1809056680725885,0.8896788954734773,-0.11191385984420776,-0.011191385798156261,0.1038815240450977,0.10388152404509632,209.0781232629049,209.0781232629049,208.9742417388598,208.1603321616684,0.917791101236503,-2.9274736671136465,4.387956020386354,0.023674240024846395,8.682377706774403,5.363062357157732,39.072213351000215,26.719083621796276,-0.01678506046074979,0.0,1.3663924509737626,-0.5506746607419046
A3,420002,249,Omega_safe_one_step_QP,25.397367393397484,50.102323525658775,6.647195059523256,-0.11992683191457774,0.9144289493560791,False,False,-0.9144289493560791,-0.09144289791584015,-2.8464688990270606,-2.8464688990270575,180.47001011805122,180.47001011805122,183.31647901707828,180.39888149534787,0.0711286227033554,-3.1128375892535898,5.421830379496411,0.9144289791584008,-0.174435093998909,-0.01744350977241993,-0.12923245720556642,-0.12923245720557752,208.25747711367129,208.25747711367129,208.38670957087686,207.5383626393929,0.719114474278399,-2.8687204503153514,4.446709237184649,0.04504881512291353,6.526357470739411,5.284585759867333,43.20013767256704,25.264021263503285,0.10483958419477535,0.0,-6.320565959151281,-0.4314686845670508
A3,420002,250,Omega_safe_one_step_QP,25.442901218859262,50.09975976573146,28.09310700763581,-0.48076833830874116,0.9521485567092896,False,False,-0.9521485567092896,-0.0952148586511612,-2.1308032345338512,-2.1308032345338623,172.43619394834533,172.43619394834533,174.5669971828792,171.48562121514075,0.9505727332045808,-2.237889405833682,6.2967785629163195,0.9521485865116169,-0.4534531235694885,-0.04534531384706497,-1.2671160414821123,-1.2671160414821026,205.09140417444854,205.09140417444857,206.35852021593067,205.47973086671587,-0.38832669226729877,-2.665901514820732,4.649528172679268,0.47530489571266454,11.8846463702337,6.193880427231829,36.600728409025244,25.548839177762108,0.46710966071406546,0.0,-28.793212683710408,0.23299601536037073
A3,420002,251,Omega_safe_one_step_QP,25.404920793393504,50.09695336258194,13.319156802265752,-0.2269193844727899,0.8849256634712219,False,False,-0.8849256634712219,-0.08849256485700607,-2.662929045500298,-2.6629290455002925,179.6172959403904,179.61729594039042,182.2802249858907,179.24847502824676,0.3688209121436614,-3.009212186134833,5.525455782615167,0.8849256485700591,-0.4290584325790405,-0.04290584474802017,-1.3452714470035794,-1.3452714470035847,206.48743549106953,206.4874354910695,207.8327069380731,206.958365578281,-0.4709300872114852,-2.813320187034974,4.502109500465027,0.47817928908454554,10.14774371167675,4.373715722685997,34.13642386263707,26.452290800939345,0.22683133943713685,0.0,-13.828546194029514,0.28255805232689113
A3,420002,252,Omega_safe_one_step_QP,25.38270930292136,50.09528630225251,6.843170663298224,-0.11013107466941806,0.8754180073738098,False,False,-0.8754180073738098,-0.08754180371761322,-3.0358996878905837,-3.0358996878905837,183.83163153803747,183.83163153803747,186.86753122592805,183.76820316475283,0.06342837328463702,-3.467942810138568,5.066725158611432,0.8754180371761318,-0.2118777185678482,-0.02118777297437191,-0.3704720821826893,-0.3704720821826879,208.3344197519308,208.3344197519308,208.70489183411348,207.81542140653886,0.5189983453919353,-2.9005386766390138,4.414891010860987,0.12772526881522944,12.537947918685006,6.029234017644934,37.30127380542015,27.549395820757454,0.11330735323979013,0.0,-6.645079009302208,-0.3113990072351527
A3,420002,253,Z_mode_existing_controller,25.343532067560368,50.095695584826714,-1.5407975510879623,0.024953618825622654,0.9262616038322449,False,False,-0.9262616038322449,-0.0926261618733406,-3.472649334165392,-3.4726493341653795,191.29855501004343,191.29855501004346,194.77120434420883,191.580331126217,-0.28177611617354614,-3.7491020505783035,3.3903148813833384,0.9262616187334028,-0.007558322977274656,-0.0007558322977274656,-0.2029654858715882,-0.20296548587159652,210.2019565737721,210.2019565737721,210.4049220596437,209.4994411165804,0.7025154571916801,-1.0062476117754313,0.6708317477954553,0.2017053094053884,10.224735504943705,4.45599659028511,40.3910088926162,23.463780728312397,-0.026018836067592588,0.0,1.9883256614712082,-0.4215092743149995
A3,420002,254,Z_mode_existing_controller,25.332932670279916,50.09451715253328,-11.628280753192485,0.18351170593559904,0.9464263916015625,False,False,-0.9464263916015625,-0.09464263916015625,-3.551591380516561,-3.551591380516573,192.9986944250009,192.99869442500088,196.55028580551746,193.69319136723246,-0.6944969422315808,-3.752633498001343,3.3867834339602982,0.9464263916015658,-0.004415073432028294,-0.00044150734902359545,-0.186542049037558,-0.1865420490375684,210.53890987138533,210.53890987138533,210.7254519204229,209.87858897433532,0.6603208970500134,-1.0062476117754313,0.6708317477954553,0.18538384275857522,11.3151848874376,7.760759503900493,38.98571964563901,26.61867684906369,-0.1888426261441012,0.0,12.213315917566433,-0.3961925382300109
A3,420002,255,Z_mode_existing_controller,25.33682801613345,50.095677774557466,-16.73038200080009,0.2844363206221268,0.9406959414482117,False,False,-0.9406959414482117,-0.09406959265470505,-3.5334612485026278,-3.533461248502636,191.9058250240171,191.90582502401708,195.43928627251972,192.8628136589604,-0.9569886349433148,-3.756220420208119,3.383196511753523,0.9406959265470528,-0.004611107520759106,-0.00046111075789667666,-0.18681619132426136,-0.1868161913242697,210.37663424639626,210.37663424639624,210.56345043772052,209.76732289371182,0.6093113526844149,-1.0062476117754313,0.6708317477954553,0.1856562829447612,7.061902703438976,3.9131172127788165,39.624396344217104,30.29379540608394,-0.27365048199179665,0.0,17.369619294403492,-0.36558681161065465
A3,420002,256,Omega_safe_one_step_QP,25.3739665434757,50.09778437612054,-11.682892141341654,0.19465495162904745,0.8731445074081421,False,False,-0.8731445074081421,-0.08731444925069809,-3.1070600699406397,-3.1070600699406508,184.6657612381823,184.6657612381823,187.77282130812296,185.39245790509526,-0.7266966669129431,-3.558471818358059,4.976196150391942,0.8731444925069837,-0.018096530809998512,-0.00180965312756598,0.5422676315645025,0.5422676315645081,209.59762418385597,209.59762418385597,209.05535655229147,208.2941132024647,1.3035109813912698,-2.9355851484568114,4.379844539043189,0.12380978976093308,9.982497800963998,2.5089789373613276,37.7854938082678,23.608806564333257,-0.19668940513789934,0.0,12.661688135313852,-0.7821065888347647
A3,420002,257,Z_mode_existing_controller,25.344601647027115,50.095380655288615,-15.688233580564884,0.257645520730224,0.938383936882019,False,False,-0.938383936882019,-0.0938383936882019,-3.5260024018335487,-3.526002401833554,190.26472505979325,190.26472505979325,193.7907274616268,191.14847900311415,-0.8837539433208974,-3.7575263847220617,3.38189054723958,0.9383839368820206,-0.00993757788091898,-0.000993757857941091,-0.21998989227982949,-0.21998989227982532,209.97034118169725,209.97034118169728,210.1903310739771,209.38606743299084,0.5842737487064369,-1.0062476117754313,0.6708317477954553,0.21862401431360756,9.486340794294836,5.586987730945588,38.357619786199855,23.135303687876636,-0.2550040821338264,0.0,16.293801911922856,-0.350564249223865
A3,420002,258,Z_mode_existing_controller,25.353176621776463,50.093499042217665,-19.940559546343138,0.3324934794089092,0.9280335903167725,False,False,-0.9280335903167725,-0.09280335903167725,-3.490312828997023,-3.49031282899702,188.31522235708272,188.31522235708272,191.80553518607974,189.3878802125156,-1.0726578554328796,-3.7609768282262803,3.378440103735361,0.9280335903167718,-0.004877692554146051,-0.00048776925541460514,-0.18637233630679761,-0.18637233630679345,209.4798125750416,209.4798125750416,209.66618491134838,208.90271560054262,0.5770969744989713,-1.0062476117754313,0.6708317477954553,0.1852151837438467,8.990581222535658,5.406146324416772,37.53770818302466,21.38276650954165,-0.3242646758378047,0.0,20.611082406880087,-0.34625818469937997
A3,420002,259,Omega_safe_one_step_QP,25.366067959892398,50.090092008306605,-16.420976684655216,0.2696851570107631,0.8574379086494446,False,False,-0.8574379086494446,-0.08574379235506058,-3.1562902382078777,-3.1562902382078706,185.84252712600616,185.84252712600616,188.99881736421403,186.76145292294757,-0.9189257969414086,-3.681071423967166,4.853596544782835,0.8574379235506037,-0.050647977739572525,-0.005064798053354025,0.3873384443470809,0.3873384443470823,209.26583222439436,209.26583222439436,208.87849378004728,208.14839809816291,1.1174341262314442,-2.917898871232393,4.397530816267608,0.08808089369475636,10.533731400184278,4.761755169974029,39.53789186913206,25.85656955344746,-0.27139585626644447,0.0,17.36283301666026,-0.6704604757388637
A3,420002,260,Z_mode_existing_controller,25.348335874326377,50.08951276157647,-17.01245995491263,0.28181053994787675,0.9253944754600525,False,False,-0.9253944754600525,-0.09253945201635361,-3.481363198602236,-3.481363198602247,189.2288919323448,189.22889193234477,192.71025513094702,190.17665970568544,-0.9477677733406722,-3.762031352840741,3.377385579120901,0.9253945201635391,-0.008318232372403145,-0.000831823272164911,-0.20760816458564035,-0.20760816458564452,209.41784589577878,209.41784589577878,209.62545406036443,208.84666081164326,0.5711850841355215,-1.0062476117754313,0.6708317477954553,0.2063191625561615,9.192871450564292,3.9016315488358084,38.47656156259693,25.077892983380583,-0.2764409685719418,0.0,17.631611973966756,-0.3427110504813129
A3,420002,261,Z_mode_existing_controller,25.347690256102567,50.0885903419054,-20.583623800440364,0.3587692190889043,0.9249929785728455,False,False,-0.9249929785728455,-0.09249930083751678,-3.482897387091638,-3.4828973870916475,189.0632027995411,189.0632027995411,192.54610018663274,190.21143035118016,-1.148227551639053,-3.7653229327750872,3.3740939991865546,0.9249930083751704,-0.005890551023185253,-0.0005890551256015897,-0.19224430495160538,-0.19224430495161787,209.3526386975359,209.35263869753587,209.5448830024875,208.80237868851484,0.5502600090210308,-1.0062476117754313,0.6708317477954553,0.19105069438368205,6.234552741361238,6.665088151463354,38.23690832634368,25.68224329085583,-0.33599406805191734,0.0,21.249773873904815,-0.33015600541261847
A3,420002,262,Omega_safe_one_step_QP,25.410313841109016,50.087245230544866,2.8988636182093614,-0.04951930549533901,0.8363255262374878,False,False,-0.8363255262374878,-0.08363255113363266,-2.319282380609755,-2.3192823806097524,177.60063508143713,177.60063508143713,179.9199174620469,177.72406338729093,-0.12342830585379261,-2.773181433750451,5.761486534999549,0.8363255113363264,-0.03528398647904396,-0.003528398694470525,0.6223072825960005,0.622307282595988,207.40043871452846,207.40043871452843,206.77813143193245,206.06062409014447,1.339814624383962,-2.7078626364209097,4.607567051079091,0.13506201335697196,10.378806974745947,4.081729590935215,41.875737667307234,22.71626804249617,0.04031808511324897,0.0,-2.1352929286922517,-0.80388877463038
A3,420002,263,Omega_safe_one_step_QP,25.383220097703447,50.0836501518894,-10.7287430850065,0.18117067470484272,0.9106530547142029,False,False,-0.9106530547142029,-0.09106530994176865,-3.035380112123502,-3.0353801121235118,182.4846263910431,182.4846263910431,185.5200065031666,183.1529225563079,-0.6682961652648203,-3.333190337862423,5.201477630887577,0.9106530994176897,-0.2778102457523346,-0.02778102457523346,-0.5788233397263948,-0.5788233397264003,207.17598790801483,207.17598790801483,207.75481124774123,207.00871191994742,0.1672759880674164,-2.805530618001788,4.509899069498212,0.20631510346469203,9.73237523168463,5.083849749505255,42.34705763937281,22.377341632560963,-0.17002332966885092,0.0,10.999132007515072,-0.100365592840447
A3,420002,264,Omega_safe_one_step_QP,25.37911917482093,50.080520771150134,-5.348859701822221,0.08964452766695485,0.8974323868751526,False,False,-0.8974323868751526,-0.0897432416677475,-3.08621861135102,-3.08621861135103,183.49131099253552,183.49131099253552,186.57752960388655,183.94713682463447,-0.45582583209895233,-3.4389426479344167,5.095725320815584,0.8974324166774783,-0.16133728623390198,-0.016133729368448257,-0.025053053234153078,-0.025053053234150302,207.76314660050323,207.76314660050323,207.7881996537374,206.99653501375894,0.7666115867442898,-2.8088694586014036,4.506560228898597,0.008919265776995117,9.988818667369046,5.629201978733635,39.215358034806265,25.18906103748684,-0.0882968469758687,0.0,5.8971235008448275,-0.459966952046571
A3,420002,265,Omega_safe_one_step_QP,25.375197260155915,50.07905237342531,-1.3418220763978752,0.023270413657118967,0.8877673745155334,False,False,-0.8877673745155334,-0.08877673745155334,-3.1416193277429283,-3.1416193277429256,184.43435023486668,184.43435023486668,187.5759695626096,184.72341517044018,-0.2890649355734922,-3.538786643806723,4.995881324943277,0.887767374515532,-0.17783264815807343,-0.017783265560865402,-0.12403995672290447,-0.12403995672289198,207.78058287796173,207.78058287796173,207.90462283468463,207.07511935186787,0.7054635260938653,-2.8205117766961276,4.494917910803873,0.04397781911344794,7.77739839432937,4.777324992689587,41.837068167445125,25.898711346772817,-0.023942048193950072,0.0,1.7890422402488184,-0.42327811565631634
A3,420002,266,Omega_safe_one_step_QP,25.400944069273912,50.07777267028533,18.330811566324883,-0.3082377851869582,0.8367414474487305,False,False,-0.8367414474487305,-0.08367414772510529,-2.554663634663762,-2.5546636346637674,180.16453785321778,180.16453785321778,182.71920148788155,179.6526466194079,0.5118912338098767,-3.053109836333917,5.481558132416084,0.8367414772510547,-0.03631915897130966,-0.003631915897130966,0.6173752836442781,0.6173752836442656,207.39883653310713,207.39883653310713,206.78146124946286,205.91406178062715,1.4847747524799786,-2.7081956181739515,4.607234069326049,0.13400128457866173,10.847929528539291,5.421241437591659,37.97033385550468,26.253329585621692,0.28988227123493004,0.0,-17.72982898607188,-0.89086485148799
A3,420002,267,Omega_safe_one_step_QP,25.37875028772121,50.076516701519466,3.7435936289302845,-0.058918237225542035,0.9093350172042847,False,False,-0.9093350172042847,-0.09093350172042847,-3.1936627807356692,-3.1936627807356537,184.11530031634422,184.11530031634425,187.3089630970799,184.1971102072501,-0.0818098909058449,-3.512085997253752,5.0225819714962485,0.9093350172042807,-0.16338105499744415,-0.016338106244802475,-0.014845802334975677,-0.014845802334963187,207.66260096453104,207.66260096453104,207.677446766866,206.80192146740185,0.8606794971291833,-2.7977941699142654,4.5176355175857354,0.005306252509425351,13.840657143816816,4.766172305607159,41.914378866636355,24.467210662817763,0.06074377986091406,0.0,-3.2879297105137084,-0.5164076982775043
A3,420002,268,Z_mode_existing_controller,25.30841827682074,50.075952959709426,-0.89238033023139,0.01412998927029235,0.9276996850967407,False,False,-0.9276996850967407,-0.09276997298002243,-3.4836192406149276,-3.483619240614918,197.89281281208955,197.89281281208955,201.37643205270447,198.1539748483475,-0.2611620362579572,-3.7551150751818243,3.384301856779817,0.9276997298002218,-0.025142235681414604,-0.0025142235681414604,-0.31400074406634365,-0.31400074406635825,210.323671098838,210.32367109883796,210.63767184290433,209.74434205247846,0.5793290463595042,-1.0062476117754313,0.6708317477954553,0.3120511695052203,10.049039424433692,5.59515285801804,41.35418216806954,28.326245181138415,-0.01411177883165493,0.0,1.2540895368783822,-0.3475974278156997
A3,420002,269,Z_mode_existing_controller,25.316032971050987,50.07879763268763,-10.138060794549347,0.15832355846166896,0.9416255950927734,False,False,-0.9416255950927734,-0.09416256099939346,-3.5391477647520437,-3.5391477647520544,195.98714432264052,195.98714432264052,199.52629208739256,196.63028638493049,-0.643142062289968,-3.7585508796588916,3.38086605230275,0.9416256099939375,-0.0025736261159181595,-0.00025736261159181595,-0.1741341860102892,-0.17413418601029476,210.23977371424363,210.23977371424363,210.41390790025392,209.5775166494774,0.6622570647662371,-1.0062476117754313,0.6708317477954553,0.17305301793765354,11.243544701946524,5.072407468365299,40.34682598578561,22.359194877739586,-0.1643911820810331,0.0,10.699806215489843,-0.39735423885973375
A3,420002,270,Omega_safe_one_step_QP,25.298923909659166,50.078018393223864,-46.957689558893435,0.7344606953862562,0.9505738615989685,False,False,-0.9505738615989685,-0.09505739063024521,-4.791155361811023,-4.791155361811027,197.79971318733348,197.79971318733348,202.59086854914452,199.97294637998044,-2.1732331926469612,-5.040276542460214,3.4943914262897877,0.950573906302453,-0.26470881700515747,-0.026470882818102837,-0.7924123026024209,-0.7924123026024237,210.2394070986696,210.2394070986696,211.03181940127203,210.24553682475562,-0.006129726086015808,-3.1332314333548683,4.182198254145133,0.25290576820045435,10.369587384862864,3.9631282923647673,42.37394753015122,28.621884700586733,-0.7564695693688925,0.0,47.71048129261089,0.003677835651615169
A3,420002,271,Omega_safe_one_step_QP,25.28803903556789,50.08120760912509,-41.952871537022475,0.6436474688546484,0.9581262469291687,False,False,-0.9581262469291687,-0.09581262618303299,-5.050799254541407,-5.0507992545414195,199.85268654715205,199.85268654715202,204.90348580169345,201.78514775347162,-1.9324612063196014,-5.271538267715107,3.2631297010348947,0.9581262618303321,-0.38386407494544983,-0.03838640823960304,-1.4332860064154025,-1.4332860064154025,210.2635835258384,210.2635835258384,211.69686953225383,210.82771817464405,-0.5641346488056342,-3.1997364464530462,4.115693241046954,0.4479387694584098,11.122284726886377,5.830065022098702,36.76948691618069,19.864884172689557,-0.6691473339637746,0.0,42.28353808170232,0.33848078928338055
A3,420002,272,Omega_safe_one_step_QP,25.281571656487582,50.07922914335192,-30.33102261298791,0.48811937546250533,0.9421623349189758,False,False,-0.9421623349189758,-0.0942162349820137,-5.1078251810889,-5.107825181088891,201.29413166053317,201.2941316605332,206.40195684162208,202.8325232080953,-1.5383915475620995,-5.421385371707971,3.11328259704203,0.9421623498201355,-0.26842501759529114,-0.026842502877116203,-0.8959013951779414,-0.8959013951779282,210.99515033138516,210.99515033138516,211.8910517265631,210.9462939385411,0.048856392844072616,-3.2191546658839743,4.096275021616027,0.2783033088383516,8.020471604696242,6.222636889715052,34.249085141967264,25.85269535722012,-0.4881795412990286,0.0,30.848515989993757,-0.02931383570644641
A3,420002,273,Z_mode_existing_controller,25.324152812873816,50.08006221222768,16.932228899222537,-0.26556236479483347,0.9366633296012878,False,False,-0.9366633296012878,-0.09366633743047714,-3.5176181281217254,-3.517618128121737,194.67640660469687,194.67640660469684,198.19402473281858,194.2210963612845,0.4553102434123275,-3.7554773941413475,3.3839395378202943,0.9366633743047748,-0.009177918545901775,-0.0009177918545901775,-0.2149148156636166,-0.21491481566363047,209.95897707612275,209.95897707612272,210.17389189178635,209.1603847265705,0.7985923495522229,-1.0062476117754313,0.6708317477954553,0.2135804479420657,11.53993152440546,3.7039321511709096,35.014051802507815,29.35911006509306,0.27453418903827753,0.0,-16.72760767853015,-0.47915540973133375
A3,420002,274,Omega_safe_one_step_QP,25.285865855583367,50.08289633022615,-32.41332169500765,0.514287895926628,0.9576530456542969,False,False,-0.9576530456542969,-0.09576530754566193,-5.0947450393265825,-5.094745039326579,200.2936784297973,200.2936784297973,205.38842346912386,201.8864745104745,-1.5927960806772035,-5.3200320344581495,3.2146359342918505,0.9576530754566187,-0.36025986075401306,-0.036025986075401306,-1.3360813831195453,-1.3360813831195577,210.545566442243,210.54556644224297,211.88164782536253,210.94906521533696,-0.4034987730939861,-3.2182142757639185,4.097215411736083,0.41516234427939314,9.081553654724551,5.487872648648306,43.20794489671765,27.217394898997693,-0.5169062468072516,0.0,32.68812867795896,0.2420992638563888
A3,420002,275,Z_mode_existing_controller,25.309686636807484,50.0852860064731,14.23983140828932,-0.22753659058572412,0.9447034597396851,False,False,-0.9447034597396851,-0.09447034448385239,-3.5490654316198924,-3.549065431619897,197.3138723558513,197.31387235585126,200.86293778747117,196.95311700159084,0.3607553542604194,-3.7568037366758267,3.3826131952858147,0.9447034448385251,-0.011056212708353996,-0.0011056213406845927,-0.22809810462808694,-0.22809810462807584,210.81232306029713,210.81232306029713,211.04042116492522,210.038176882937,0.7741461773601372,-1.0062476117754313,0.6708317477954553,0.22668188421895255,9.79424224858951,5.698035618057995,47.23867785346074,28.053053008675835,0.22997530658454934,0.0,-14.005319008458173,-0.4644877064160795
A3,420002,276,Z_mode_existing_controller,25.323646034599655,50.08821153312534,5.655424858371589,-0.0892258784592547,0.9258342981338501,False,False,-0.9258342981338501,-0.09258343279361725,-3.4814269181056816,-3.4814269181056923,194.27287453227683,194.27287453227683,197.7543014503825,194.27747379236496,-0.004599260088127721,-3.7603130636410067,3.3791038683206347,0.9258343279361754,-0.0022595820482820272,-0.00022595821064896882,-0.16950710999772134,-0.1695071099977255,210.3834338882826,210.38343388828258,210.55294099828032,209.62447449999846,0.7589593882841257,-1.0062476117754313,0.6708317477954553,0.16845467061397126,11.170039949335044,4.3456294669342626,37.41475829507706,22.490299399034107,0.09149790346391029,0.0,-5.291547128865204,-0.45537563297047257
A3,420002,277,Omega_safe_one_step_QP,25.298191488166715,50.0869484232704,-32.64456580215756,0.5224743366983299,0.9436560273170471,False,False,-0.9436560273170471,-0.09436560422182083,-4.745930579749179,-4.745930579749174,197.73518575533907,197.73518575533907,202.48111633508825,199.3804415950262,-1.6452558396871382,-5.029301321054587,3.5053666476954133,0.9436560422182076,-0.00984103698283434,-0.000984103768132627,0.40298018381268663,0.40298018381267964,211.90062054113324,211.90062054113324,211.49764035732056,210.63473647431957,1.265884066813669,-3.1798135289597207,4.13561615854028,0.09744138923059938,9.120617891700467,2.638061434632346,43.87794315240419,21.646405698929428,-0.5368894842976015,0.0,33.94098572654366,-0.7595304400881986
A3,420002,278,Omega_safe_one_step_QP,25.29795849316394,50.08560201170353,-22.828663622715794,0.37864161747549363,0.9472705125808716,False,False,-0.9472705125808716,-0.0947270542383194,-4.78957175517472,-4.789571755174723,197.96034598174714,197.9603459817471,202.74991773692184,199.225337096335,-1.2649911145879003,-5.056181461237945,3.478486507512055,0.9472705423831949,-0.029812077060341835,-0.002981207799166441,0.3103739572205208,0.3103739572205236,211.77566635964772,211.77566635964772,211.4652924024272,210.5330247866666,1.242641572981114,-3.1765787334703846,4.138850954029616,0.0749903682611091,7.0673387646373556,4.879975458058114,38.751987495067446,24.06683376580361,-0.3784483011121704,0.0,23.952696867616396,-0.7455849437886712
A3,420002,279,Z_mode_existing_controller,25.34519624118292,50.084821794535856,16.129608958018252,-0.2823575859004791,0.909785270690918,False,False,-0.909785270690918,-0.09097852557897568,-3.4200561524556403,-3.4200561524556305,190.2295855441049,190.2295855441049,193.64964169656054,189.75090874727414,0.4786767968307686,-3.7591905679838638,3.3802263639777776,0.9097852557897541,-0.0003793611831497401,-3.793611904256977e-05,-0.15496851209859386,-0.1549685120985883,209.30958623372535,209.30958623372538,209.46455474582396,208.46950087788446,0.8400853558409267,-1.0062476117754313,0.6708317477954553,0.15400634027360385,6.08846027161748,4.943086104754111,39.45908327480397,24.043374199601587,0.2577586374168561,0.0,-15.883316381929944,-0.5040512135045532
A3,420002,280,Omega_safe_one_step_QP,25.402361320656812,50.0826939721955,30.154693417885028,-0.5152392142221968,0.8417515754699707,False,False,-0.8417515754699707,-0.08417516201734543,-2.5183405444686056,-2.5183405444686198,179.58762058134104,179.587620581341,182.10596112580964,178.59476891474384,0.9928516665971756,-2.9917858001267255,5.542882168623276,0.8417516201734591,0.05669669806957245,0.005669669713824987,1.0671222649127954,1.0671222649127912,207.95127670414905,207.95127670414905,206.88415443923626,205.9535142061495,1.9977624979995596,-2.7184649371512917,4.596964750348709,0.23213627314236923,10.135073707688917,4.3920034096116005,36.68366902059095,24.822247472694976,0.4768393624533367,0.0,-29.432875281539054,-1.198657498799733
A3,420002,281,Omega_safe_one_step_QP,25.381537377771533,50.08020897977636,15.421050196194301,-0.25434622778215893,0.90227210521698,False,False,-0.90227210521698,-0.09022720903158188,-3.090913658137304,-3.0909136581372993,183.35419122133473,183.35419122133473,186.44510487947204,182.95674992237872,0.39744129895601077,-3.425700175492965,5.108967793257035,0.9022720903158172,-0.1935402899980545,-0.01935402862727642,-0.1660505924661021,-0.1660505924661118,207.48974098170734,207.4897409817073,207.65579157417343,206.72826779321545,0.7614731884918626,-2.795628650645008,4.519801036854992,0.059396512633321526,11.21685184898697,5.554885085419323,42.01636335728086,24.89302818139976,0.250147001550836,0.0,-15.214313284649506,-0.4568839130951119
A3,420002,282,Z_mode_existing_controller,25.359341477237656,50.07908585217398,11.456287503898238,-0.19470586776393622,0.8729509711265564,False,False,-0.8729509711265564,-0.08729510009288788,-3.2805883549081343,-3.2805883549081454,187.75399978647548,187.75399978647548,191.0345881413836,187.48639801908735,0.267601767388129,-3.758044095736607,3.381372836225035,0.8729510009288818,-0.0641273632645607,-0.006412736605852842,-0.5504594691345316,-0.5504594691345177,208.00888831961532,208.00888831961532,208.55934778874985,207.62034042723684,0.3885478923784831,-1.0062476117754313,0.6708317477954553,0.5470417645645713,8.30987119441932,6.475786472655405,37.06529387430665,27.27791845371624,0.18751905588001705,0.0,-11.410677824350387,-0.233128735427087
A3,420002,283,Omega_safe_one_step_QP,25.389538129992804,50.078985503620245,13.674649745114039,-0.2326047226421189,0.8764647841453552,False,False,-0.8764647841453552,-0.0876464769244194,-2.8584726332960524,-2.8584726332960497,181.9432931688804,181.9432931688804,184.80176580217645,181.61830321594098,0.32498995293940425,-3.2613662677634063,5.273301700986595,0.8764647692441933,-0.04660505801439285,-0.004660505801439285,0.5657507569247864,0.5657507569247794,207.79422037527323,207.79422037527323,207.22846961834844,206.35122309275175,1.4429972825214747,-2.7528964550625106,4.562533232437491,0.12399926271277423,9.657427694621004,4.460467537157457,36.826255520827246,27.05952615129739,0.21408386733363116,0.0,-13.022935242935091,-0.8657983695128735
A3,420002,284,Omega_safe_one_step_QP,25.3791011671022,50.07813521196997,6.497015145765545,-0.10919979907927492,0.9275909066200256,False,False,-0.9275909066200256,-0.09275909513235092,-3.235745902097162,-3.2357459020971646,183.83568480860075,183.83568480860075,187.0714307106979,183.79641902599,0.039265782610755195,-3.4883327586155533,5.046335210134448,0.9275909513235099,-0.19217324256896973,-0.019217325374484062,-0.13722198027602828,-0.1372219802760144,207.5149622049865,207.5149622049865,207.6521841852625,206.75869866165496,0.7562635433315279,-2.7952679117539154,4.520161775746085,0.049090815123303606,9.85221876715898,6.103538959303348,38.759174880214935,22.967001377188303,0.10426509673948914,0.0,-6.14752211650557,-0.45375812599891674
A3,420002,285,Omega_safe_one_step_QP,25.381258845476342,50.07533259975401,13.016495894763466,-0.21552786879710695,0.8972693681716919,False,False,-0.8972693681716919,-0.08972693979740143,-3.1125409912578132,-3.1125409912578075,183.76459753653984,183.76459753653984,186.87713852779765,183.46941384314334,0.29518369339649553,-3.468903540325527,5.065764428424474,0.8972693979740128,-0.1015472561120987,-0.0101547259837389,0.29786646001860456,0.2978664600186101,207.7353944137795,207.7353944137795,207.43752795376088,206.52041355162336,1.2149808621561249,-2.7738022886037528,4.541627398896248,0.06558584266313891,10.834962443992668,4.8642929637742895,38.24987085410262,25.635143780752696,0.20627436069396055,0.0,-12.493781738164216,-0.7289885172936863
A3,420002,286,Z_mode_existing_controller,25.357415014834775,50.07430891674071,6.558887474270705,-0.10889693262214578,0.9148377776145935,False,False,-0.9148377776145935,-0.09148377925157547,-3.434891556942596,-3.4348915569425915,188.34892945063328,188.34892945063328,191.78382100757588,188.299814394146,0.049115056487266884,-3.754645451951464,3.3847714800101776,0.9148377925157537,-0.025202112272381783,-0.002520211273804307,-0.3122209731470191,-0.31222097314703295,208.1025672985587,208.1025672985587,208.41478827170573,207.48426575607445,0.6183015424842608,-1.0062476117754313,0.6708317477954553,0.3102824488657894,9.490649514293368,3.679117194586353,39.46131776376979,16.87341659813943,0.10633233172603695,0.0,-6.294238880505873,-0.3709809254905565
A3,420002,287,Z_mode_existing_controller,25.349756164625727,50.06852794301945,-5.379882525950052,0.08750360319172294,0.9496806859970093,False,False,-0.9496806859970093,-0.09496807307004929,-3.568920503717928,-3.5689205037179135,189.482738455882,189.482738455882,193.0516589595999,189.9379640929398,-0.45522563705782204,-3.7580213942905436,3.3813955376710982,0.9496807307004889,-0.0016202875413000584,-0.0001620287512196228,-0.1694782241241033,-0.16947822412411023,208.19135634144027,208.19135634144027,208.36083456556437,207.49427967259263,0.6970766688476431,-1.0062476117754313,0.6708317477954553,0.16842596408758825,10.34501372380563,5.0218671862234086,38.65447773178316,26.1639689714182,-0.087867947321012,0.0,5.88599647457886,-0.4182460013085887
A3,420002,288,Z_mode_existing_controller,25.339997631914915,50.06865772914437,-9.683985502588257,0.16149956003552998,0.9176830053329468,False,False,-0.9176830053329468,-0.0917683020234108,-3.4519046208727118,-3.451904620872702,191.1985253165361,191.1985253165361,194.6504299374088,191.84724143639787,-0.6487161198617741,-3.7615435229390037,3.377873409022638,0.9176830202341054,-0.0005577168776653707,-5.577168849413283e-05,-0.15741682717927002,-0.15741682717925892,208.56078996026815,208.56078996026818,208.71820678744743,207.9066236873097,0.6541662729584914,-1.0062476117754313,0.6708317477954553,0.15643945420303798,8.407979559779157,5.972662344002314,40.5890164358789,26.29832790813566,-0.15854005866644982,0.0,10.23502532502971,-0.392499763775092
A3,420002,289,Omega_safe_one_step_QP,25.36917523849265,50.06875330983325,-8.471476931793404,0.13983337388132153,0.8685553669929504,False,False,-0.8685553669929504,-0.08685553818941116,-3.162336534674,-3.1623365346739902,185.43491908141934,185.43491908141937,188.59725561609335,186.03130547232044,-0.596386390901074,-3.640915249155098,4.893752719594903,0.8685553818941087,-0.08285674452781677,-0.008285674266517162,0.36356374903992045,0.36356374903992184,207.8019529925868,207.8019529925868,207.43838924354688,206.66861446366318,1.1333385289236162,-2.773888417582352,4.541541269917648,0.08005294401882962,10.400124827598592,4.900986176679577,41.40797025104507,26.315525613812817,-0.14226892026045945,0.0,9.293748969407716,-0.6800031173541754
A3,420002,290,Z_mode_existing_controller,25.35523599089676,50.068559133315496,-10.712082691938122,0.17265095105521852,0.9247447848320007,False,False,-0.9247447848320007,-0.09247448295354843,-3.4793918186971347,-3.479391818697122,188.07675801610827,188.0767580161083,191.5561498348054,188.74741893580946,-0.670660919701163,-3.7625426037200924,3.376874328241549,0.9247448295354811,-0.011547346599400043,-0.00115473463665694,-0.22784545502394782,-0.22784545502393394,207.81896938329973,207.81896938329976,208.04681483832368,207.23670515616007,0.5822642271396887,-1.0062476117754313,0.6708317477954553,0.22643080327109708,11.20031604674957,5.540178524206934,40.69333529996417,31.469869827089525,-0.17278451667412043,0.0,11.234225744896321,-0.34935853628380187
A3,420002,291,Z_mode_existing_controller,25.336632878285013,50.072038572035645,-16.746188846173936,0.28345536689571516,0.9328821301460266,False,False,-0.9328821301460266,-0.09328821301460266,-3.513079431476228,-3.5130794314762195,191.3672192656276,191.3672192656276,194.88029869710383,192.33431764240243,-0.9670983767748282,-3.765834201290055,3.373582730671586,0.9328821301460245,-0.0035775876604020596,-0.00035775877768173814,-0.17899367427781643,-0.17899367427781782,208.7854043820918,208.7854043820918,208.96439805636962,208.20168712717356,0.5837172549182412,-1.0062476117754313,0.6708317477954553,0.17788233451009136,7.422743153130506,4.0672076889654925,38.24235251885634,26.924372473668104,-0.27313220485613154,0.0,17.36955140398004,-0.35023035295094473
A3,420002,292,Omega_safe_one_step_QP,25.368030975397563,50.072126246929486,-14.36020353335698,0.23099817184493066,0.8842813968658447,False,False,-0.8842813968658447,-0.08842813968658447,-3.201114297119828,-3.201114297119831,185.18716569946267,185.18716569946267,188.3882799965825,186.02320014616802,-0.8360344467053551,-3.6200176872040126,4.914650281545988,0.8842813968658453,-0.01813923940062523,-0.0018139239400625229,0.6796410527747238,0.6796410527747349,208.27008589436318,208.2700858943632,207.59044484158846,206.86005242565213,1.4100334687110774,-2.789093977386512,4.5263357101134885,0.15015259501326167,11.983792985716166,3.5380541890308868,40.66429247873738,25.905283917098593,-0.2395455878575632,0.0,15.445769202440715,-0.846020081226655
A3,420002,293,Z_mode_existing_controller,25.315140808757956,50.071984899830454,-15.649590855766291,0.2540159067941752,0.9403409957885742,False,False,-0.9403409957885742,-0.0940340980887413,-3.542040788640978,-3.5420407886409904,195.49093585840936,195.49093585840933,199.03297664705033,196.39330452371777,-0.902368665308444,-3.7667621220743817,3.37265480988726,0.9403409808874165,-0.009463009424507618,-0.0009463009773753583,-0.21732790429062898,-0.21732790429064286,209.62588069880528,209.62588069880528,209.84320860309592,209.0687564087683,0.5571242900369668,-1.0062476117754313,0.6708317477954553,0.2159785541326034,8.964341194271155,4.882711954589636,42.33724591803874,22.934904636274755,-0.25403374015385616,0.0,16.237899169943375,-0.33427457402218863
A3,420002,294,Z_mode_existing_controller,25.33204756152011,50.07098231992272,-21.924355807172105,0.3468798511541859,0.9470304250717163,False,False,-0.9470304250717163,-0.09470304101705551,-3.570371455807788,-3.5703714558077775,191.83760962059552,191.83760962059552,195.4079810764033,192.9731732671867,-1.13556364659118,-3.7700705462718793,3.369346385689762,0.9470304101705527,-0.004805393982678652,-0.0004805393982678652,-0.18910270925453776,-0.18910270925452666,208.82986982945863,208.82986982945866,209.01897253871317,208.28146986863095,0.5483999608277088,-1.0062476117754313,0.6708317477954553,0.18792860429340283,11.306045619598118,5.0225417127069285,38.3994546137077,22.125881498756634,-0.3543607946190974,0.0,22.60775657828708,-0.32903997649663097
A3,420002,295,Z_mode_existing_controller,25.309197789302505,50.06928400062666,-25.937009705934543,0.4142430911766186,0.9481528401374817,False,False,-0.9481528401374817,-0.09481528401374817,-3.5777207391607933,-3.5777207391608004,196.05281878721064,196.0528187872106,199.63053952637142,197.38309156697014,-1.3302727797595253,-3.7733586693069707,3.366058262654671,0.9481528401374837,-0.009032683447003365,-0.0009032683447003365,-0.215926581687223,-0.21592658168722578,209.6149241785967,209.6149241785967,209.83085076028394,209.12894884535183,0.4859753332448804,-1.0062476117754313,0.6708317477954553,0.2145859320910518,9.695882903588293,3.289264314689503,40.11909213770835,30.76271037612958,-0.4199032838167156,0.0,26.64849818969833,-0.29158519994692256
A3,420002,296,Z_mode_existing_controller,25.301554678059926,50.073131500400464,-28.967725603480176,0.4625753985093695,0.9467097520828247,False,False,-0.9467097520828247,-0.09467097371816635,-3.575337840478219,-3.5753378404782294,197.2196031574847,197.2196031574847,200.79494099796293,198.68418977417826,-1.4645866166935662,-3.7765935006878983,3.3628234312737435,0.9467097371816663,-0.018624529242515564,-0.0018624529475346208,-0.27612160632121546,-0.2761216063212175,210.0320870705428,210.0320870705428,210.308208676864,209.63260514120535,0.39948192933744053,-1.0062476117754313,0.6708317477954553,0.2744072165637505,9.405053423377872,3.2980487357138544,39.93335342064141,23.840714589533583,-0.46841583255808494,0.0,29.675830593640967,-0.2396891576024558
A3,420002,297,Z_mode_existing_controller,25.299775876964308,50.07290000403019,-30.85569041294184,0.48974865705204645,0.9373862147331238,False,False,-0.9373862147331238,-0.0937386229634285,-3.543095534044913,-3.543095534044908,197.31439248296027,197.31439248296027,200.85748801700518,198.85367161311504,-1.5392791301547675,-3.779760596042922,3.3596563359187197,0.9373862296342838,-0.018482405692338943,-0.001848240615800023,-0.27366247857428316,-0.2736624785742964,210.0417159448407,210.0417159448407,210.31537842341498,209.66113742080512,0.38057852403557035,-1.0062476117754313,0.6708317477954553,0.2719633571019802,9.749329193796264,4.738808340630097,47.20895816821771,25.05655309894417,-0.49860499849195605,0.0,31.58264252585559,-0.22834711442133937
A3,420002,298,Z_mode_existing_controller,25.306670781592192,50.07404726057398,-34.720995523075544,0.5359040159436386,0.9450125098228455,False,False,-0.9450125098228455,-0.09450124949216843,-3.5748066203365307,-3.57480662033652,195.6295279806525,195.6295279806525,199.20433460098903,197.28671125358682,-1.6571832729343043,-3.7828141316086876,3.356602800352954,0.9450124949216815,-0.007073657121509314,-0.0007073657470755279,-0.2030563386751838,-0.20305633867518935,209.8319330319057,209.8319330319057,210.0349893705809,209.39873437300182,0.4331986589038763,-1.0062476117754313,0.6708317477954553,0.20179559812014375,11.810092727570387,3.8683666902317153,40.43777536165861,26.623698379157357,-0.5604667774614782,0.0,35.54138149587925,-0.2599191953423201
A3,420002,299,Omega_safe_one_step_QP,25.268821491635503,50.0759617503248,-78.09407510544042,1.1656213436502147,0.962681770324707,False,False,-0.962681770324707,-0.0962681770324707,-5.21539644302626,-5.215396443026251,201.1484125460526,201.1484125460526,206.36380898907888,204.5301848188563,-3.381772272803687,-5.417570586453649,3.117097382296352,0.9626817703247055,-0.3848609924316406,-0.03848610073328018,-1.4345398260184827,-1.4345398260184765,210.2465216567793,210.24652165677932,211.6810614827978,211.06375908453856,-0.8172374277592382,-3.198155641507445,4.117274045992556,0.44855222410073475,12.187237172655006,4.237568609823574,38.1380671394964,25.46204650543851,-1.2524546892736481,0.0,78.85618733805859,0.4903424566555543
A3,420002,300,Omega_safe_one_step_QP,25.232259139497195,50.07798676023029,-75.82887347209999,1.1588514312681746,0.9758111238479614,False,False,-0.9758111238479614,-0.09758111089468002,-6.011617464201979,-6.011617464201969,207.78284993600806,207.78284993600806,213.79446740021004,211.23352243177033,-3.4506724957622623,-6.160636427566766,2.3740315411832356,0.9758111089467985,-0.35747024416923523,-0.03574702516198158,-1.4598139549252016,-1.4598139549252043,211.91103428525423,211.91103428525423,213.37084824017944,212.63410757305965,-0.7230732878054198,-3.367134317245609,3.948295370254392,0.43354788297229696,9.24853703791764,5.537943503773913,42.069602146784106,24.56957461548637,-1.2183993090696932,0.0,76.61342880848588,0.43384397268324904
A3,420002,301,Omega_safe_one_step_QP,25.259689333808883,50.07992210328118,-45.23885135355249,0.6813266375419847,0.9579237103462219,False,False,-0.9579237103462219,-0.09579237550497055,-5.40439580472137,-5.4043958047213705,203.20151485650686,203.20151485650686,208.60591066122822,205.30106635097587,-2.0995514944690115,-5.641780753668586,2.892887215081415,0.9579237550497057,-0.2776475250720978,-0.027764752507209778,-0.9789251072839255,-0.9789251072839323,211.3814578619249,211.38145786192487,212.3603829692088,211.49982462856056,-0.11836676663568824,-3.2660877901485454,4.049341897351455,0.29972406444084276,11.477478167109059,5.831289828933789,45.42964020506676,29.400858546713625,-0.725621891895738,0.0,45.89345318546657,0.07102005998140726
A3,420002,302,Omega_safe_one_step_QP,25.25464465867584,50.085045068780936,-36.16918839793561,0.5410825168049334,0.9613650441169739,False,False,-0.9613650441169739,-0.09613650292158127,-5.536398209846635,-5.536398209846645,204.24063359002616,204.24063359002614,209.7770317998728,205.96584131160992,-1.7252077215837858,-5.758892867533041,2.7757751012169605,0.961365029215814,-0.2809455692768097,-0.02809455804526806,-1.0447408717075037,-1.0447408717075044,211.84695952052837,211.84695952052837,212.8917003922359,211.94721617555635,-0.10025665502797665,-3.319219532451253,3.9962101550487477,0.3147549782391044,11.728257456526638,5.759487113668294,40.317627591964786,22.314199937630445,-0.5781724937907775,0.0,36.68720689871043,0.06015399301678315
A3,420002,303,Omega_safe_one_step_QP,25.243865852659482,50.08569493172732,-30.98814991501149,0.4767819062057934,0.967192530632019,False,False,-0.967192530632019,-0.09671925753355026,-5.797192996973507,-5.79719299697352,206.32926309685794,206.32926309685791,212.12645609383145,207.87967510270613,-1.5504120058482158,-5.993835296928906,2.540832671821095,0.967192575335505,-0.3777921795845032,-0.03777921944856644,-1.5659556688110947,-1.5659556688111025,211.8517102703585,211.85171027035847,213.41766593916958,212.40069732546323,-0.5489870551047602,-3.3718160871446217,3.943613600355379,0.46442499482147365,9.585965112335145,6.0069521104565196,42.62583614365309,22.251580619631465,-0.49110081664567495,0.0,31.149858498593858,0.3293922330628618
A3,420002,304,Omega_safe_one_step_QP,25.26905031707081,50.086148189463756,-8.307084078024673,0.13209695280379968,0.9570150375366211,False,False,-0.9570150375366211,-0.09570150822401047,-5.282314827558499,-5.282314827558501,202.10152058569636,202.10152058569636,207.38383541325487,202.7160274566777,-0.6145068709813302,-5.5195732288712485,3.015094739878752,0.9570150822401052,-0.2715470790863037,-0.0271547082811594,-0.9550185983356406,-0.9550185983356496,211.46272189056867,211.46272189056867,212.41774048890431,211.32836390985,0.13435798071867566,-3.271823542118098,4.043606145381903,0.29189184136666313,8.762420003780916,4.936329488579448,41.42527066728193,25.033991229411285,-0.12985873968181405,0.0,8.517557606138325,-0.0806147884312054
A3,420002,305,Omega_safe_one_step_QP,25.294459554037648,50.08726535661372,11.715884344652295,-0.18252382715172946,0.9423729777336121,False,False,-0.9423729777336121,-0.0942372977733612,-4.749223937527508,-4.749223937527514,197.8353150965981,197.8353150965981,202.5845390341256,197.64349874646146,0.19181635013663367,-5.039643590958323,3.495024377791677,0.9423729777336132,-0.01763015240430832,-0.0017630152869969606,0.369430437834678,0.3694304378346773,211.81347649644638,211.81347649644638,211.44404605861172,210.30628164432275,1.5071948521236322,-3.1744540990888357,4.140975588411164,0.08921338219634922,11.15345082502019,5.354333165531036,37.153047404577805,22.281241657682727,0.1837693553286357,0.0,-10.995336788706481,-0.9043169112741793
A3,420002,306,Omega_safe_one_step_QP,25.281574424719306,50.08639489493151,6.655295871370072,-0.10293475008459887,0.9509645700454712,False,False,-0.9509645700454712,-0.09509646147489548,-5.055834019843723,-5.05583401984373,200.29759136201957,200.29759136201957,205.3534253818633,200.3062242900526,-0.00863292803302329,-5.316532225732093,3.218135743017908,0.9509646147489561,-0.06592265516519547,-0.006592265795916319,0.08779107871567382,0.08779107871566133,212.0604695978038,212.0604695978038,211.97267851908813,210.81706372872594,1.2434058690778613,-3.2273173451364787,4.088112342363521,0.021474722650333372,10.987720591090394,5.2612363538937394,42.72260843945441,24.393141543022605,0.10397689627689388,0.0,-6.013229246200353,-0.7460435214467225
A3,420002,307,Omega_safe_one_step_QP,25.274774328380975,50.087610490808984,5.597000023329201,-0.0874219356529335,0.9529669284820557,False,False,-0.9529669284820557,-0.0952966958284378,-5.2132725774735,-5.213272577473512,201.68053185342822,201.68053185342822,206.89380443090172,201.70662451898258,-0.02609266555435852,-5.470570130635935,3.064097838114065,0.9529669582843802,-0.24586747586727142,-0.024586748331785202,-0.8257465941497579,-0.825746594149767,211.53327268768726,211.53327268768726,212.35901928183702,211.17951442152898,0.3537582661582803,-3.265951421411368,4.049478266088633,0.25283492851002787,10.055553816547299,6.336212174340597,35.730873088255535,23.153759038713265,0.09475674865938899,0.0,-5.479501812293165,-0.21225495969497388
A3,420002,308,Omega_safe_one_step_QP,25.289466413927894,50.087491251369464,15.55625197921654,-0.2531010401206704,0.9526318907737732,False,False,-0.9526318907737732,-0.09526319056749344,-4.9556465130104295,-4.955646513010441,199.25303752519955,199.25303752519955,204.20868403820998,198.87205351228812,0.38098401291142636,-5.202058091366761,3.33260987738324,0.9526319056749365,-0.013415414839982986,-0.0013415415305644274,0.36424789860254114,0.3642478986025398,212.13051026910787,212.13051026910787,211.76626237050533,210.55939689093537,1.5711133781724982,-3.206675730278199,4.108753957221802,0.08865166967769267,8.276546007761993,7.223599724899346,40.13511585239171,25.402638932623166,0.24337547069599563,0.0,-14.856959423009357,-0.9426680269034904
A3,420002,309,Z_mode_existing_controller,25.335427617850044,50.08812657859705,52.51849106627287,-0.8970448291704282,0.9071348309516907,False,False,-0.9071348309516907,-0.0907134860754013,-3.4120359399095532,-3.4120359399095483,191.9341279996841,191.9341279996841,195.34616393959365,189.90512823199725,2.028999767686855,-3.7613326171518295,3.3780843148098123,0.907134860754012,-0.005466708447784185,-0.0005466708680614829,-0.18657877190304123,-0.18657877190303013,209.71106379759652,209.71106379759655,209.89764256949957,208.67139055230325,1.0396732452933009,-1.0062476117754313,0.6708317477954553,0.18542033761832144,7.464706600620158,5.055107092198146,39.502916597841335,26.462288095232193,0.8483755624771683,0.0,-52.743062681573974,-0.623803947175972
A3,420002,310,Omega_safe_one_step_QP,25.37303167851598,50.088063751286185,47.214508603295144,-0.7713277850502719,0.8907922506332397,False,False,-0.8907922506332397,-0.08907922357320786,-3.1578741522412273,-3.15787415224123,184.4804049568953,184.4804049568953,187.63827910913653,182.8420123724286,1.6383925844667147,-3.545017598459417,4.989650370290584,0.890792235732079,-0.008015606552362442,-0.000801560643594712,0.6754627172263148,0.6754627172263175,208.9305549041066,208.9305549041066,208.2550921868803,207.13459014614318,1.795964757963418,-2.8555587119156933,4.459870975584307,0.15145342116939203,11.837366501305036,3.884516510287941,42.812978242607564,25.14978323287192,0.7577588026055224,0.0,-46.89468855112227,-1.0775788547780536
A3,420002,311,Z_mode_existing_controller,25.326321698083444,50.08747020223778,32.57843702531045,-0.5307409712300365,0.9366282224655151,False,False,-0.9366282224655151,-0.0936628207564354,-3.523872509499755,-3.5238725094997534,193.53703223291836,193.53703223291836,197.06090474241813,192.42123549100728,1.1157967419110832,-3.7622959473571442,3.377120984604497,0.9366282075643535,-0.01288476400077343,-0.001288476400077343,-0.2382652961262388,-0.2382652961262388,209.98292294014297,209.98292294014297,210.2211882362692,209.12535943400238,0.8575635061405933,-1.0062476117754313,0.6708317477954553,0.23678594944025916,9.664527376980965,4.773566134846061,36.90670785738644,24.82323314744414,0.5275284889989145,0.0,-32.59142741062533,-0.5145381036843588
A3,420002,312,Z_mode_existing_controller,25.327829617741788,50.08707480218836,19.610956251839525,-0.3204218240855715,0.9339039325714111,False,False,-0.9339039325714111,-0.09339039772748947,-3.516776046459972,-3.5167760464599858,192.9414661998218,192.94146619982178,196.45824224628177,192.3678413535714,0.5736248462503681,-3.76567198773671,3.3737449442249314,0.9339039772748984,-0.006402516737580299,-0.0006402516737580299,-0.1969645767744943,-0.19696457677448598,209.88062573722962,209.88062573722962,210.0775903140041,209.07397836910837,0.8066473681212472,-1.0062476117754313,0.6708317477954553,0.19574165888151537,9.509909285766252,5.9515032496334355,40.33594695624285,19.95374888169362,0.3171899047248381,0.0,-19.444157735691988,-0.4839884208727483
A3,420002,313,Z_mode_existing_controller,25.341879755628128,50.083871343070875,9.065811807322461,-0.15131496140944575,0.9303186535835266,False,False,-0.9303186535835266,-0.0930318683385849,-3.506343457704485,-3.506343457704481,189.91687421078674,189.91687421078674,193.42321766849122,189.7844247184676,0.1324494923191537,-3.7689702682776627,3.370446663683979,0.9303186833858479,0.004128548316657543,0.0004128548316657543,-0.13000834630935154,-0.13000834630934044,209.1228239291445,209.1228239291445,209.25283227545384,208.32580825450978,0.7970156746347072,-1.0062476117754313,0.6708317477954553,0.12920114769758576,8.849930720555195,5.802642006858342,41.788050525348204,27.5775918694813,0.14549196326539615,0.0,-8.73309436580712,-0.4782094047808272
A3,420002,314,Omega_safe_one_step_QP,25.362622660975685,50.08470447173783,7.854046773644768,-0.13198921114350393,0.8700380921363831,False,False,-0.8700380921363831,-0.08700381219387054,-3.205279521042159,-3.2052795210421663,185.8235026521359,185.8235026521359,189.02878217317806,185.75594722414846,0.06755542798742908,-3.6840679048635674,4.850600063886434,0.8700381219387073,-0.0663786232471466,-0.006637862417846918,0.36421367675188027,0.3642136767518886,208.73386749971613,208.73386749971613,208.36965382296424,207.5049720826885,1.2288954170276156,-2.867014875524089,4.448414811975912,0.08187493571223654,9.385553137108488,5.035441626003138,37.60452255035284,22.982241564937425,0.12193500582745642,0.0,-7.238644529254998,-0.7373372502165694
A3,420002,315,Omega_safe_one_step_QP,25.364569382618065,50.081993197196226,9.374879786311794,-0.1556331360274976,0.8958788514137268,False,False,-0.8958788514137268,-0.08958788961172104,-3.288765564763787,-3.288765564763787,185.60927211697694,185.60927211697694,188.89803768174073,185.47299965001588,0.13627246696106,-3.670993455719835,4.863674513030166,0.8958788961172098,-0.14487193524837494,-0.014487193897366524,0.019451250974390766,0.01945125097438105,208.19249935123423,208.19249935123423,208.17304810025985,207.2817972284977,0.9107021227365237,-2.8473543032536504,4.468075384246351,0.0043533846906349755,10.18944725291629,4.7590708829543376,39.2153371405888,21.38498554006014,0.15025385651471623,0.0,-8.978712369183995,-0.5464212736419256
A3,420002,316,Z_mode_existing_controller,25.3519973133297,50.078625037610635,7.16452521067913,-0.11809532238764957,0.9297254681587219,False,False,-0.9297254681587219,-0.09297254681587219,-3.502673457483574,-3.502673457483575,188.13012182321364,188.13012182321364,191.63279528069722,188.08038631153647,0.04973551167717005,-3.7674276734835033,3.3719892584781386,0.929725468158722,-0.0018282363889738917,-0.00018282364180777222,-0.16744182884158854,-0.1674418288415913,208.3834184018411,208.3834184018411,208.5508602306827,207.6369895218331,0.7464288800080112,-1.0062476117754313,0.6708317477954553,0.16640221241981942,9.982006453859432,4.3031890291955435,36.56183156269144,24.46482362491091,0.11578053321059656,0.0,-6.832448415884755,-0.44785732800480105
A3,420002,317,Z_mode_existing_controller,25.340011185259165,50.07725486908355,-1.5589710823396672,0.025833111672558348,0.9280414581298828,False,False,-0.9280414581298828,-0.09280414879322052,-3.4993386730329465,-3.4993386730329354,190.21468091770836,190.2146809177084,193.71401959074132,190.53135086793608,-0.3166699502276913,-3.770670512618912,3.3687464193427297,0.9280414879322023,0.00018006190657615662,1.800619065761566e-05,-0.15450537077089377,-0.15450537077088128,208.7696228250231,208.7696228250231,208.924128195794,208.07409124832577,0.6955315766973342,-1.0062476117754313,0.6708317477954553,0.15354607450771562,9.09632634061697,4.94328020423381,41.898556881908156,24.22962903435567,-0.0260388798843465,0.0,2.0023289082428164,-0.4173189460183977
A3,420002,318,Z_mode_existing_controller,25.35089161559547,50.07622199659459,-8.873888862604872,0.14188769794216213,0.9276486039161682,False,False,-0.9276486039161682,-0.09276486188173294,-3.5008012819518477,-3.5008012819518384,187.78897626698134,187.78897626698134,191.2897775489332,188.39943660132894,-0.6104603343476072,-3.773844116121319,3.365572815840322,0.9276486188173271,0.0006741284159943461,6.741284596500918e-05,-0.15132643079876912,-0.15132643079877883,208.20295809747114,208.20295809747114,208.35428452826991,207.55503823761342,0.6479198598577227,-1.0062476117754313,0.6708317477954553,0.1503868720063616,11.782753874306719,2.8852240039106145,46.19007587583813,25.81211372900292,-0.14260992963117758,0.0,9.405250708150561,-0.3887519159146393
A3,420002,319,Z_mode_existing_controller,25.299718071140745,50.076898063982334,-15.029588258498734,0.22977101001059638,0.921265721321106,False,False,-0.921265721321106,-0.09212657064199448,-3.479581359573497,-3.4795813595734955,197.6045578403686,197.6045578403686,201.08413919994211,198.46069098324708,-0.8561331428784626,-3.7769574351087187,3.362459496852923,0.9212657064199445,-0.010046162642538548,-0.0010046162642538548,-0.21780320410301895,-0.21780320410301757,210.2744157534467,210.2744157534467,210.4922189575497,209.74117980351042,0.5332359499362838,-1.0062476117754313,0.6708317477954553,0.21645090289329866,12.127073736902508,4.726379571430736,38.72663824935802,26.005205428368463,-0.24123686258916166,0.0,15.590766691049794,-0.31994156996177026
A3,420002,320,Omega_safe_one_step_QP,25.26620892138779,50.07868670660888,-57.756307144240964,0.9539343685060937,0.9468767642974854,False,False,-0.9468767642974854,-0.09468767791986465,-5.227114454187627,-5.227114454187618,202.1647339624444,202.1647339624444,207.391848416632,204.98659428367088,-2.821860321226495,-5.520374529208963,3.0142934395410377,0.9468767791986449,-0.3239597976207733,-0.03239598125219345,-1.170161001445235,-1.1701610014452315,210.77883522449807,210.77883522449807,211.9489962259433,211.2383220284074,-0.4594868039093285,-3.2249491158219947,4.090480571678006,0.36284634560721546,6.0713885278941575,5.12007972389977,39.86014200598081,25.19434157391788,-0.9296867544234857,0.0,58.41030181631868,0.27569208234559994
A3,420002,321,Z_mode_existing_controller,25.333687723106834,50.07902992295596,-4.3683330282274255,0.07309728570538142,0.9264993071556091,False,False,-0.9264993071556091,-0.0926499292254448,-3.4997765983723554,-3.499776598372356,190.82053026647358,190.82053026647358,194.32030686484595,191.26553435298842,-0.44500408651484236,-3.7774196134099136,3.361997318551728,0.926499292254448,-0.003626651130616665,-0.00036266513052396476,-0.17823236500494055,-0.17823236500494472,208.98533543834623,208.98533543834623,209.16356780335116,208.34259437614423,0.642741062201992,-1.0062476117754313,0.6708317477954553,0.17712575207057646,8.341912236799645,3.4332918271911534,40.39828720653747,26.44502557793207,-0.07149533304836098,0.0,4.825472998596524,-0.38564463732119236
A3,420002,322,Z_mode_existing_controller,25.345829964602785,50.079107803263874,-8.829153461564601,0.14631966375543312,0.9071586728096008,False,False,-0.9071586728096008,-0.09071587026119232,-3.4294785490715887,-3.4294785490715913,188.21687156485478,188.21687156485476,191.64635011392636,188.84491010064409,-0.6280385357893294,-3.7804614994017167,3.358955432559925,0.9071587026119243,-0.012918487191200256,-0.0012918487191200256,-0.23353551207732914,-0.23353551207731527,208.37025545592806,208.3702554559281,208.6037909680054,207.82668119372644,0.5435742622016448,-1.0062476117754313,0.6708317477954553,0.23208553177608376,9.488288561386266,5.179608688876596,39.81355411219313,27.985810290010342,-0.14219515037929398,0.0,9.297493169264271,-0.3261445573209869
A3,420002,323,Omega_safe_one_step_QP,25.350089689758722,50.07997937601112,-14.05040279633431,0.23064010925416778,0.8969316482543945,False,False,-0.8969316482543945,-0.08969316631555557,-3.4392541200498847,-3.4392541200498803,187.0935107142822,187.09351071428222,190.53276483433208,187.95341130211295,-0.8599005878307366,-3.8344661709789722,4.700201797771029,0.8969316631555545,-0.0405876524746418,-0.00405876524746418,0.5065441401070501,0.5065441401070514,208.92877297042082,208.92877297042082,208.42222883031377,207.68449209505835,1.2442808753624774,-2.8722723762590427,4.443157311240959,0.11400544806854371,10.274709250440692,5.20550299979973,39.938411155793624,23.634033948329733,-0.23327602096495426,0.0,15.030247342516304,-0.7465685252174836
A3,420002,324,Z_mode_existing_controller,25.34152918224785,50.078257923512666,-8.606447128340733,0.14310981625223873,0.9295074939727783,False,False,-0.9295074939727783,-0.09295075386762619,-3.514198925560779,-3.514198925560774,188.96753202640937,188.96753202640937,192.48173095197015,189.59072267596122,-0.6231906495518444,-3.7807105153396052,3.358706416622036,0.9295075386762608,-0.012353274039924145,-0.0012353274505585432,-0.23372225340262953,-0.23372225340264063,208.49230990354332,208.4923099035433,208.72603215694593,207.93681666435734,0.5554932391859495,-1.0062476117754313,0.6708317477954553,0.23227111365785924,9.104878094266287,5.001689006343709,38.11884089648391,24.04018889783951,-0.1389102275229046,0.0,9.078653299376128,-0.33329594351157255
A3,420002,325,Omega_safe_one_step_QP,25.350399101344724,50.076664465962345,-11.38806899451356,0.18682663993063328,0.8908970952033997,False,False,-0.8908970952033997,-0.08908971399068832,-3.411088207037865,-3.411088207037855,187.06525330374956,187.06525330374956,190.47634151078742,187.81656567085855,-0.7513123671089943,-3.828823838624504,4.705844130125497,0.8908971399068808,-0.031835563480854034,-0.0031835564877837896,0.5631509844287591,0.5631509844287521,208.77589329423665,208.77589329423665,208.2127423098079,207.4643841129403,1.3115091812963442,-2.8513237242084553,4.464105963291545,0.12615089987996628,10.343292627748701,3.9306079519324326,43.171755754105035,22.44546695695246,-0.19058344520791337,0.0,12.365557948499372,-0.7869055087778065
A3,420002,326,Z_mode_existing_controller,25.33108012039346,50.074506236952786,-6.40652215461796,0.10288687474480775,0.9197210669517517,False,False,-0.9197210669517517,-0.09197210520505905,-3.4775416609726566,-3.4775416609726633,191.07441869591855,191.07441869591855,194.55196035689121,191.59804463571595,-0.5236259397973981,-3.781083028619604,3.3583339033420376,0.9197210520505926,-0.009380471892654896,-0.0009380471892654896,-0.2133497176101687,-0.2133497176101687,208.7322845432208,208.7322845432208,208.94563426083096,208.14871560537424,0.5835689378465645,-1.0062476117754313,0.6708317477954553,0.21202506730299986,10.71934000740021,6.1853448033087775,33.79781630788639,23.97615577837913,-0.1022843590167497,0.0,6.858947876342427,-0.3501413627079444
A3,420002,327,Z_mode_existing_controller,25.325214548283743,50.07326637649698,-12.790447661004691,0.20983567072166712,0.9243287444114685,False,False,-0.9243287444114685,-0.09243287891149521,-3.4976776485239323,-3.497677648523926,191.95558783995264,191.95558783995264,195.45326548847657,192.75847529764044,-0.8028874576878025,-3.7840189440306955,3.3553979879309463,0.9243287891149504,-0.007671831641346216,-0.0007671831990592182,-0.20335654137331877,-0.20335654137333126,208.86994712468865,208.86994712468865,209.07330366606197,208.3225759013355,0.5473712233531387,-1.0062476117754313,0.6708317477954553,0.20209393691332828,9.175928400070724,5.562154985302107,43.550188402919,23.983806677446132,-0.20669771479676768,0.0,13.325568109813503,-0.3284227340118804
A3,420002,328,Z_mode_existing_controller,25.3416048131642,50.07250205595708,-18.505065541900876,0.28883283751106703,0.9244281053543091,False,False,-0.9244281053543091,-0.09244281053543091,-3.500743518004723,-3.5007435180047093,188.4631524279316,188.46315242793162,191.96389594593632,189.4620977971438,-0.9989453692121799,-3.7869289106728092,3.3524880212888326,0.9244281053543055,0.0024277260527014732,0.00024277261400129646,-0.1397371214122728,-0.1397371214122617,208.15074165878087,208.1507416587809,208.29047878019315,207.57428974111448,0.576451917666418,-1.0062476117754313,0.6708317477954553,0.13886951857277793,13.023566021668477,4.615230153876258,40.79903851080141,21.10344884676888,-0.2970821063103699,0.0,19.14801879881179,-0.34587115059984797
A3,420002,329,Omega_safe_one_step_QP,25.285892743291225,50.07032677810139,-52.63172644799124,0.8432985718285008,0.9574771523475647,False,False,-0.9574771523475647,-0.09574771672487259,-4.837357705690096,-4.83735770569009,197.8726572842815,197.8726572842815,202.7100149899716,200.40467919925243,-2.532021914970926,-5.052191186542922,3.4824767822070792,0.9574771672487247,-0.031186643987894058,-0.0031186644919216633,0.40417016140949436,0.4041701614094818,210.87111889419484,210.87111889419484,210.46694873278534,209.78836074315342,1.0827581510414177,-3.0767443665062006,4.2386853209938,0.095352716892586,8.830755360393502,6.019490112890213,43.44273239243605,23.612167439534957,-0.8592851552408014,0.0,54.14066649385768,-0.6496548906248449
A3,420002,330,Z_mode_existing_controller,25.31556033910752,50.07010902302585,-9.72607068360685,0.15357104538677882,0.9449509978294373,False,False,-0.9449509978294373,-0.09449510276317596,-3.5785668746747183,-3.5785668746747157,193.53807333174444,193.53807333174444,197.11664020641916,194.20476564395548,-0.6666923122110404,-3.7870395079026875,3.352377424058954,0.9449510276317591,-0.002286419039592147,-0.0002286419039592147,-0.17288222839144662,-0.17288222839143969,209.0729960962697,209.0729960962697,209.24587832466113,208.46779359164907,0.6052025046206211,-1.0062476117754313,0.6708317477954553,0.1718088335001411,11.139687137952205,5.950297171046422,37.517550082294775,21.712647708075053,-0.1558865564207359,0.0,10.245078742799706,-0.36312150277237265
A3,420002,331,Z_mode_existing_controller,25.30499363964763,50.06831917758108,-16.383659199111207,0.2680850059255796,0.9605466723442078,False,False,-0.9605466723442078,-0.09605466574430466,-3.6404900852600135,-3.640490085260003,195.30668403414316,195.30668403414316,198.94717411940317,196.28000941069274,-0.9733253765495817,-3.790019003294348,3.3493979286672935,0.9605466574430439,0.003247141605243087,0.00032471417216584086,-0.14063145209107925,-0.14063145209108063,209.40003879993534,209.40003879993534,209.54067025202642,208.80677054357488,0.5932682563604601,-1.0062476117754313,0.6708317477954553,0.13975829651207755,8.505421112893545,5.17987838333336,36.62684081175819,24.012105377830164,-0.2657944089106392,0.0,17.005414561838734,-0.3559609538162789
A3,420002,332,Z_mode_existing_controller,25.329149375467654,50.06744256189242,-20.165506259661015,0.32828283289688504,0.9521033763885498,False,False,-0.9521033763885498,-0.09521033614873886,-3.6113641889826096,-3.611364188982609,190.3068709838874,190.3068709838874,193.91823517287,191.42183551240035,-1.1149645285129566,-3.7930379568672956,3.3463789750943462,0.9521033614873887,-0.0020467834547162056,-0.0002046783483820036,-0.17257181728909804,-0.17257181728908416,208.25053935623882,208.25053935623885,208.42311117352793,207.71992911810784,0.530610238131004,-1.0062476117754313,0.6708317477954553,0.1715003496849022,9.945614973560787,4.836249817793449,42.36147655545461,23.07518939397483,-0.3255343770850523,0.0,20.809406779624624,-0.31836614287860243
A3,420002,333,Z_mode_existing_controller,25.32625188520595,50.06603600820656,-24.590656786045656,0.3873305702380277,0.9515278935432434,False,False,-0.9515278935432434,-0.09515278786420822,-3.611953310050177,-3.611953310050189,190.6265109464125,190.6265109464125,194.2384642564627,191.89632448702235,-1.2698135406098459,-3.795951113071711,3.3434658188899307,0.9515278786420855,-0.0022769083734601736,-0.00022769083443563432,-0.17392529275012947,-0.1739252927501156,208.2432443413351,208.24324434133513,208.41716963408524,207.7429270036917,0.5003173376434233,-1.0062476117754313,0.6708317477954553,0.17284542165843297,11.84347221717888,4.517645868111291,38.27252924288383,26.650444314682844,-0.3956863790028109,0.0,25.28653356763516,-0.300190402586054
A3,420002,334,Z_mode_existing_controller,25.289039895261183,50.067005056212665,-27.571697350993418,0.42848065797913876,0.9496151208877563,False,False,-0.9496151208877563,-0.09496151655912399,-3.6074054479105286,-3.6074054479105206,197.69320885074032,197.69320885074035,201.30061429865086,199.10195878457398,-1.408749933833633,-3.7988077472041226,3.340609184757519,0.949615165591238,-0.0035058134235441685,-0.00035058133653365076,-0.18134769529166012,-0.18134769529165595,209.8062573096921,209.8062573096921,209.98760500498378,209.34174026595062,0.4645170437414947,-1.0062476117754313,0.6708317477954553,0.18022173982771958,10.97652523611187,4.992643669537397,46.21419949785033,28.963421443754463,-0.44433553437376005,0.0,28.294743111610842,-0.27871022624489683
A3,420002,335,Omega_safe_one_step_QP,25.279316055473295,50.070911271633044,-58.43771137850854,0.9316843961836091,0.9554930329322815,False,False,-0.9554930329322815,-0.09554930776357651,-4.846929336305212,-4.846929336305202,198.06816961638347,198.06816961638347,202.91509895268868,200.81827385660372,-2.750104240220253,-5.0726995828146295,3.4619683859353714,0.9554930776357631,-0.29736456274986267,-0.029736457392573357,-0.9043125941491161,-0.9043125941491259,209.6588458926374,209.65884589263737,210.5631584867865,209.93804775381432,-0.27920186117694357,-3.0863653419063155,4.229064345593685,0.2930024459095859,9.031429123396135,5.372684279026211,42.5756971474099,26.555950423508467,-0.9398557792549944,0.0,59.21004604105747,0.16752111670615477
A3,420002,336,Z_mode_existing_controller,25.301084950299984,50.07253418670194,-13.242943428970648,0.21805034482130367,0.9491744041442871,False,False,-0.9491744041442871,-0.09491743892431259,-3.6055543519397797,-3.605554351939783,195.27297959115137,195.27297959115137,198.87853394309116,196.12372158032463,-0.8507419891732582,-3.798621615586212,3.34079531637543,0.9491743892431269,-0.013541148044168949,-0.0013541148509830236,-0.2445051885317545,-0.24450518853175868,209.5351766354571,209.5351766354571,209.77968182398885,209.0443737019514,0.49080293350570514,-1.0062476117754313,0.6708317477954553,0.24298709946784547,8.191407154673856,5.759007269282441,43.51046979455769,27.27542077729248,-0.2137121163481659,0.0,13.751137305422162,-0.2944817601034231
A3,420002,337,Z_mode_existing_controller,25.336177379042454,50.07394930504601,-15.879841896961807,0.2555595044743763,0.9259828329086304,False,False,-0.9259828329086304,-0.09259828180074692,-3.5200460056911944,-3.520046005691201,188.16718507809563,188.16718507809563,191.68723108378683,189.09957400614528,-0.9323889280496473,-3.8014161140329072,3.3380008179287346,0.925982818007471,-0.0037453242111951113,-0.00037453242111951113,-0.17889349159063983,-0.1788934915906426,208.1522322029342,208.1522322029342,208.33112569452481,207.62520406687813,0.5270281360560602,-1.0062476117754313,0.6708317477954553,0.17778277383933513,11.193948130528828,3.577657284228583,37.95933412884364,24.626530567184282,-0.25459113412068746,0.0,16.45064991271647,-0.31621688163363615
A3,420002,338,Z_mode_existing_controller,25.29838528134484,50.073105366644334,-22.233310837993486,0.3500470090734794,0.9496811628341675,False,False,-0.9496811628341675,-0.09496811777353287,-3.6126063384940927,-3.6126063384941003,195.29567997432787,195.29567997432787,198.90828631282196,196.49543976817728,-1.1997597938494096,-3.8040201524357347,3.335396779525907,0.9496811777353306,-0.012023352086544037,-0.001202335231937468,-0.23502673349185682,-0.2350267334918596,209.59534910176308,209.59534910176308,209.83037583525493,209.15712671505332,0.43822238670975366,-1.0062476117754313,0.6708317477954553,0.233567494463094,10.780968351226434,3.51707619172015,42.71290658392871,30.925522120546297,-0.3572090018155123,0.0,22.85345327183495,-0.2629334320258465
A3,420002,339,Omega_safe_one_step_QP,25.274943545011133,50.07744936266325,-53.87222855526397,0.8714275312774622,0.9605388641357422,False,False,-0.9605388641357422,-0.09605389088392258,-4.902826078224922,-4.902826078224911,198.3277286649593,198.32772866495932,203.23055474318423,200.9485581466685,-2.6208294817091655,-5.104245161864187,3.4304228068858147,0.9605389088392234,-0.12470011413097382,-0.012470011599361897,-0.10218349522375034,-0.10218349522375866,210.9068736585864,210.9068736585864,211.00905715381015,210.36100101228422,0.5458726463021719,-3.1309552086086803,4.18447447889132,0.03263652413257183,8.142299010195272,4.124825536020829,40.790800386609085,23.315005884661986,-0.8741867179071343,0.0,55.073938860953604,-0.3275235877813003
A3,420002,340,Z_mode_existing_controller,25.301259756355986,50.07674185332097,-9.043206647230363,0.14818478172673563,0.9482024312019348,False,False,-0.9482024312019348,-0.09482024610042572,-3.6066210042643294,-3.6066210042643405,194.72753206969762,194.72753206969762,198.33415307396194,195.40165274938957,-0.6741206796919528,-3.8036402061691508,3.3357767257924906,0.9482024610042602,-0.01877976581454277,-0.001877976581454277,-0.27735007306489007,-0.27735007306489007,209.63026900876525,209.63026900876525,209.90761908183015,209.15114901095873,0.4791199978065208,-1.0062476117754313,0.6708317477954553,0.2756280559767306,8.637028783789862,5.410087596086017,42.60582734361352,23.80159908309497,-0.1448161783240618,0.0,9.475494824238012,-0.2874719986839125
A3,420002,341,Z_mode_existing_controller,25.326536851886488,50.076059294908795,-12.962840855549075,0.21435530650788784,0.9400410056114197,False,False,-0.9400410056114197,-0.09400410205125809,-3.578114110351044,-3.578114110351052,189.53325169134914,189.53325169134914,193.11136580170017,190.3722828961176,-0.8390312047684745,-3.8063382685151192,3.3330786634465226,0.9400410205125833,-0.004795717541128397,-0.0004795717541128397,-0.1878695630986818,-0.18786956309868874,208.57066645882352,208.5706664588235,208.7585360219222,208.03581338799577,0.5348530708277224,-1.0062476117754313,0.6708317477954553,0.18670311452189206,9.252183097776202,3.620699440510984,39.93213902743317,26.427247892245784,-0.2085300744051679,0.0,13.49228277245129,-0.32091184249662774
A3,420002,342,Z_mode_existing_controller,25.32360952936239,50.076156365149366,-17.946736482716915,0.290569402429601,0.9467425346374512,False,False,-0.9467425346374512,-0.094674251973629,-3.606083740078285,-3.606083740078271,189.84248425166103,189.84248425166103,193.4485679917393,190.87842860148822,-1.03594434982719,-3.8089381905892847,3.330478741372357,0.9467425197362864,-0.009049835614860058,-0.0009049835498444736,-0.21579813274005127,-0.21579813274004156,208.625819479722,208.625819479722,208.84161761246204,208.14918370839828,0.47663577132371415,-1.0062476117754313,0.6708317477954553,0.21445828066044859,10.404359103809318,4.032183707433359,40.075403756551424,24.82490730543404,-0.28798675027054443,0.0,18.520704695782115,-0.28598146279422565
A3,420002,343,Z_mode_existing_controller,25.30529717635263,50.075658869002154,-21.667567900148242,0.34845017677275675,0.9493893980979919,False,False,-0.9493893980979919,-0.09493894129991531,-3.6186273102982986,-3.618627310298298,193.20774863689292,193.20774863689292,196.82637594719122,194.40616140578013,-1.1984127688872093,-3.8115311385945763,3.3278857933670656,0.949389412999153,-0.00935326050966978,-0.0009353260393254459,-0.21815388075281522,-0.2181538807528291,209.32173727368252,209.32173727368252,209.53989115443534,208.87554651564653,0.44619075803598207,-1.0062476117754313,0.6708317477954553,0.21679940225439806,9.991341674559473,6.077585892209051,42.39443245942381,24.999072762047486,-0.3484170745381725,0.0,22.28369942950758,-0.2677144548216006
A3,420002,344,Z_mode_existing_controller,25.314412586755324,50.075850301690764,-23.733699679232814,0.39254415351962363,0.9476708769798279,False,False,-0.9476708769798279,-0.09476708620786667,-3.6145046731332675,-3.6145046731332564,191.17739848460076,191.17739848460076,194.79190315773403,192.4858845141454,-1.308486029544639,-3.814092864694646,3.3253240672669957,0.947670862078664,-0.005927966441959143,-0.0005927966558374465,-0.19628331012570555,-0.19628331012570416,208.92541468515628,208.92541468515628,209.12169799528198,208.47928449592726,0.4461301892290237,-1.0062476117754313,0.6708317477954553,0.19506462209572883,8.756373082892507,6.840101830145031,40.07741079095371,21.925445145322858,-0.382914329558357,0.0,24.38429212232768,-0.2676781135374142
A3,420002,345,Omega_safe_one_step_QP,25.344629497930477,50.07337234652739,-16.428195307177702,0.2718835739688281,0.8843193054199219,False,False,-0.8843193054199219,-0.0884319320321083,-3.222996170277259,-3.2229961702772467,185.41117452527595,185.41117452527598,188.63417069555322,186.40820119853026,-0.9970266732542825,-3.6446067571010854,4.8900612116489155,0.8843193203210798,-0.0536031536757946,-0.005360315553843975,0.499753153883066,0.49975315388306046,208.16895894983608,208.16895894983608,207.66920579595302,207.0424471326091,1.1265118172269695,-2.7969700728229676,4.518459614677033,0.11060254965204142,10.15021732901873,5.459813183171966,38.199250270289596,24.104602731889972,-0.269702279085255,0.0,17.37380467659932,-0.6759070903361817
A3,420002,346,Omega_safe_one_step_QP,25.338141862502802,50.07152916237994,-11.364265070707916,0.18494942973641504,0.8905362486839294,False,False,-0.8905362486839294,-0.08905362337827682,-3.388285978133121,-3.388285978133128,186.84752199655955,186.84752199655955,190.23580797469268,187.62824105820317,-0.780719061643623,-3.80477048501503,4.729897483734971,0.89053623378277,-0.05470874905586243,-0.005470875184983015,0.48007408641511373,0.48007408641511096,208.3698020923647,208.3698020923647,207.8897280059496,207.1992856273155,1.1705164650491895,-2.8190222938226235,4.496407393677377,0.10676836958549776,10.878276218364142,4.762082637397508,41.50458687502402,24.809789524665717,-0.1872506435236332,0.0,12.253825593261354,-0.7023098790295137
A3,420002,347,Z_mode_existing_controller,25.316774039513074,50.0707880753775,-7.378380802528227,0.11856339746802366,0.9293777942657471,False,False,-0.9293777942657471,-0.09293778240680695,-3.54103824091576,-3.5410382409157553,191.21087498079794,191.21087498079794,194.7519132217137,191.81149299867147,-0.6006180178735292,-3.8101169935559023,3.3292999384057387,0.9293778240680685,-0.014170043170452118,-0.0014170043868944049,-0.24514773998797756,-0.24514773998797063,208.55117089802542,208.55117089802542,208.7963186380134,208.0504773241888,0.500693573836628,-1.0062476117754313,0.6708317477954553,0.24362566143678094,10.660960263694525,5.903855606882412,47.63016306302361,21.514812337069923,-0.11613044023843955,0.0,7.794927387068128,-0.30041614430197683
A3,420002,348,Z_mode_existing_controller,25.315104976297565,50.06921187415964,-12.02671573517273,0.19407440198316672,0.9248372316360474,False,False,-0.9248372316360474,-0.09248372167348862,-3.5260208252214738,-3.5260208252214804,191.34682606362614,191.34682606362614,194.87284688884762,192.1443248365978,-0.7974987729716645,-3.8125853516903208,3.3268315802713206,0.9248372167348881,-0.008071435615420341,-0.0008071435731835663,-0.20595966284110978,-0.20595966284112227,208.53050362841924,208.53050362841924,208.73646329126035,208.0284436687207,0.5020599596985278,-1.0062476117754313,0.6708317477954553,0.20468089606466286,10.30644045583636,4.658534137198506,41.864051138190774,21.864113769556244,-0.19192621340080862,0.0,12.519877924391949,-0.301235975819111
A3,420002,349,Z_mode_existing_controller,25.305747047900066,50.0673054136235,-17.222344178770072,0.28071751784176036,0.9401206374168396,False,False,-0.9401206374168396,-0.0940120667219162,-3.5865428424786976,-3.586542842478688,192.9335309275408,192.93353092754083,196.5200737700195,193.96192907390974,-1.0283981463689145,-3.8149813822171814,3.3244355497444604,0.9401206672191594,-0.00437772274017334,-0.0004377722798381001,-0.18524918691702474,-0.18524918691703307,208.79818263059275,208.79818263059275,208.98343181750977,208.30634595379485,0.49183667679790233,-1.0062476117754313,0.6708317477954553,0.18409900778813074,9.280112942093412,5.37341740849577,41.95849039243374,26.61263403082189,-0.2770317597744967,0.0,17.794477944622486,-0.2951020060787357
A3,420002,350,Z_mode_existing_controller,25.31940837291351,50.06820559674848,-19.622344258405974,0.3157753496514706,0.9285372495651245,False,False,-0.9285372495651245,-0.09285372495651245,-3.5446224217895956,-3.5446224217895947,190.047209109221,190.047209109221,193.5918315310106,191.15847719363285,-1.1112680844118472,-3.817426197440868,3.3219907345207735,0.9285372495651243,-0.004558442160487175,-0.0004558442160487175,-0.18444524641461346,-0.18444524641460097,208.23030895144274,208.23030895144274,208.41475419785735,207.76056368210936,0.469745269333373,-1.0062476117754313,0.6708317477954553,0.18330005880875017,10.7113646325027,4.171001009631704,42.57843690141332,27.355843512528065,-0.3145974172630801,0.0,20.21878883726913,-0.28184716160002665
A3,420002,351,Z_mode_existing_controller,25.29854333734992,50.06956375604797,-23.90419129897782,0.3791347695822084,0.9437031745910645,False,False,-0.9437031745910645,-0.09437032043933868,-3.6047163607719543,-3.60471636077195,193.870460271741,193.870460271741,197.47517663251296,195.1610825084177,-1.290622236676711,-3.819756406453095,3.3196605255085463,0.9437032043933857,-0.01005090493708849,-0.0010050905402749777,-0.2215960340371026,-0.22159603403710953,209.10526729432956,209.10526729432956,209.32686332836667,208.69563177876807,0.40963551556149014,-1.0062476117754313,0.6708317477954553,0.2202201838234664,10.629691318147263,4.423889266512143,35.506084303150224,23.24838718835391,-0.38358753109634947,0.0,24.533560139411748,-0.24578130933689124
A3,420002,352,Z_mode_existing_controller,25.28155685232143,50.068463026492125,-26.140336569010287,0.4170596491243887,0.9478660225868225,False,False,-0.9478660225868225,-0.09478660672903061,-3.6228729086378015,-3.6228729086378,196.99544555142776,196.99544555142776,200.61831846006555,198.39819198998757,-1.4027464385598023,-3.8221358836007497,3.317281048360892,0.9478660672903056,-0.027254093438386917,-0.0027254093438386917,-0.33068935532335614,-0.3306893553233617,209.60894708884024,209.60894708884024,209.9396364441636,209.3274095117328,0.28153757710742866,-1.0062476117754313,0.6708317477954553,0.32863616415435837,9.530561859196688,6.5468388650312335,36.253186533291675,25.27886089549033,-0.41951462534928297,0.0,26.728773740625,-0.16892254626445435
A3,420002,353,Z_mode_existing_controller,25.301975297139684,50.068849292942666,-26.1431969858495,0.4330635161057665,0.9390305280685425,False,False,-0.9390305280685425,-0.0939030572772026,-3.5913196206235067,-3.5913196206234996,192.78042112385145,192.78042112385145,196.37174074447495,194.21216060240693,-1.4317394785554711,-3.8244970129373974,3.3149199190242444,0.9390305727720242,-0.01254299096763134,-0.0012542990734800696,-0.23651472043013239,-0.23651472043012128,208.8228354985172,208.82283549851724,209.05935021894734,208.45981869393702,0.36301680458021224,-1.0062476117754313,0.6708317477954553,0.23504624275610733,8.256771717725803,4.85787721448215,37.82378530436119,22.88049900725824,-0.4213573738946179,0.0,26.782364442492508,-0.21781008274813018
A3,420002,354,Omega_safe_one_step_QP,25.326169352696514,50.066932355173755,-29.683740236663652,0.47114941194318727,0.9323305487632751,False,False,-0.9323305487632751,-0.09323305636644363,-3.657410018005576,-3.6574100180055775,187.75937615678964,187.75937615678964,191.41678617479522,189.29253468371752,-1.5331585269278776,-3.9228683050252844,4.6117996637247165,0.9323305636644369,-0.0013058290351182222,-0.00013058290642220527,0.7750638814106827,0.7750638814106883,208.6702228931487,208.6702228931487,207.895159011738,207.30333099982235,1.3668918933263399,-2.8195653944014656,4.495864293098535,0.17239485689113557,12.01281700949501,5.672749646304085,37.83165709847794,28.221854879364027,-0.48543972934891144,0.0,30.98931510200873,-0.8201351359957982
A3,420002,355,Z_mode_existing_controller,25.295184712242136,50.06835858434352,-16.809226389975265,0.26953020218546087,0.9415730834007263,False,False,-0.9415730834007263,-0.09415730834007263,-3.5999074755075515,-3.5999074755075555,194.2275497793588,194.2275497793588,197.82745725486637,195.2395641557562,-1.0120143763973886,-3.823290553831028,3.316126378130614,0.9415730834007274,-0.015216677449643612,-0.0015216678148135543,-0.25378769583184607,-0.2537876958318405,209.0763760715864,209.0763760715864,209.33016376741824,208.66313202802107,0.41324404356532796,-1.0062476117754313,0.6708317477954553,0.25221197333731354,9.955048091814431,4.416120165014247,38.18622304194361,23.55254392560818,-0.26867922518110987,0.0,17.325852041294638,-0.24794642613919393
A3,420002,356,Z_mode_existing_controller,25.29034550600296,50.06753750573549,-18.973687804948895,0.32409337743288313,0.9468998908996582,False,False,-0.9468998908996582,-0.0946899875998497,-3.6224542236502537,-3.622454223650252,194.95718311047716,194.9571831104772,198.57963733412743,196.11759340792017,-1.1604102974429793,-3.8255937248174305,3.3138232071442113,0.9468998759984967,-0.015024885535240173,-0.0015024886233732104,-0.25347258389194216,-0.2534725838919283,209.1945710768205,209.19457107682052,209.44804366071244,208.80439202490976,0.3901790519107635,-1.0062476117754313,0.6708317477954553,0.25189881787117907,6.073802245149112,5.966307069819349,41.40447470568126,25.025144118594643,-0.3068740424952239,0.0,19.51466927859019,-0.23410743114645527
A3,420002,357,Omega_safe_one_step_QP,25.35701353159942,50.06682449610097,-4.834337704278369,0.08370821148722403,0.8925650715827942,False,False,-0.8925650715827942,-0.08925651013851166,-2.949620684936577,-2.949620684936577,182.28504319309306,182.28504319309306,185.23466387802964,182.8260561567267,-0.5410129636336478,-3.304656075348726,5.230011893401274,0.8925651013851166,-0.036741580814123154,-0.003674158127978444,0.6879820290730754,0.6879820290730809,207.24916494994068,207.24916494994068,206.5611829208676,205.92631078459638,1.322854165344296,-2.6861677853144252,4.629261902185576,0.14861592271292096,8.314702083137952,6.4764620867922,37.16011558379548,23.063735618877235,-0.08432680150819927,0.0,5.712377004992959,-0.7937124992065776
A3,420002,358,Omega_safe_one_step_QP,25.382918074763538,50.06339374725817,14.792730482135084,-0.25401203900604286,0.8742884397506714,False,False,-0.8742884397506714,-0.08742884546518326,-2.4743522644842835,-2.474352264484275,178.01507694207348,178.01507694207348,180.48942920655776,177.73491549201916,0.28016145005432236,-2.830132608201538,5.704535360548463,0.8742884546518298,0.020526979118585587,0.002052698051556945,1.056801421145552,1.0568014211455505,206.39093024492024,206.3909302449202,205.33412882377468,204.63990010514547,1.7510301397747412,-2.5634623756051313,4.7519673118948695,0.22239240124826237,10.060504849233464,6.02018641520907,38.91057510144803,28.15116426083345,0.23181655323113404,0.0,-13.973928951500966,-1.0506180838648476
A3,420002,359,Omega_safe_one_step_QP,25.37666086910368,50.062872880717435,13.714692266523343,-0.2429034479177544,0.8882381916046143,False,False,-0.8882381916046143,-0.0888238176703453,-2.6519003819046483,-2.6519003819046425,179.39193796611949,179.39193796611949,182.04383834802414,179.10936472175618,0.2825732443633058,-2.985573522348175,5.549094446401826,0.8882381767034508,-0.19096258282661438,-0.019096259027719498,0.015238237939452226,0.015238237939460553,205.63535992347803,205.63535992347803,205.62012168553858,204.89475970186282,0.7406002216152103,-2.592061661781522,4.723368025718478,0.0032261381828579076,7.882755030466605,4.53504241816903,40.57194409680918,27.941792266318863,0.22226983118076227,0.0,-13.492601964735513,-0.44436013296912336
A3,420002,360,Omega_safe_one_step_QP,25.394870249898844,50.062069977512586,21.030656244523925,-0.3621831142236476,0.9579773545265198,False,False,-0.9579773545265198,-0.09579773992300034,-2.546677198878913,-2.546677198878919,176.22532238215462,176.22532238215462,178.77199958103353,175.6279822237679,0.5973401583867144,-2.658389645649116,5.876278323100886,0.9579773992300066,-0.4865742623806,-0.04865742847323418,-1.2792442281312724,-1.2792442281312864,203.58006528528296,203.58006528528293,204.85930951341422,204.0948136658161,-0.5147483805331774,-2.5159804445690868,4.799449242930915,0.5084476037532888,10.426774589277695,6.719909335494329,43.02188504104572,27.02150524877436,0.35544121131739814,0.0,-21.694946484162756,0.3088490283198979
A3,420002,361,Omega_safe_one_step_QP,25.389339692868386,50.06107320137272,18.938004751593326,-0.3332299430145531,0.9666443467140198,False,False,-0.9666443467140198,-0.0966644361615181,-2.705465086525,-2.7054650865249914,177.47085370406018,177.4708537040602,180.17631879058519,176.92201896786432,0.5488347361958859,-2.7988215666042815,5.73584640214572,0.9666443616151792,-0.6021654009819031,-0.06021654233336449,-1.855025946345952,-1.8550259463459604,203.23130110892455,203.23130110892455,205.08632705527052,204.29836861372004,-1.0670675047954887,-2.538682198754717,4.776747488745284,0.7307042792736697,8.79203143933714,4.527620638340246,39.17607048152738,21.44302879373604,0.32539782138123563,0.0,-19.903643075852415,0.6402405028772904
A3,420002,362,Omega_safe_one_step_QP,25.390806335385847,50.0562900503186,27.62887937074902,-0.5037464269155774,0.8826772570610046,False,False,-0.8826772570610046,-0.0882677286863327,-2.4760543725314332,-2.4760543725314332,177.76368675586525,177.76368675586525,180.23974112839667,176.845966158162,0.9177205977032372,-2.805163800385431,5.72950416836457,0.8826772868633276,-0.21239186823368073,-0.021239187568426132,-0.02364213370074919,-0.023642133700739476,204.78581828514442,204.78581828514442,204.80946041884516,203.99115396997453,0.7946643151698822,-2.5109955351121807,4.80443415238782,0.009415442349515466,6.7449333423511355,4.365294903379713,42.05745095510112,22.47118544322566,0.44669413469448216,0.0,-27.598774916341426,-0.4767985891019322
A3,420002,363,Omega_safe_one_step_QP,25.42557465903043,50.05179867153347,50.08722319015578,-0.8791923704975582,0.8173158764839172,False,False,-0.8173158764839172,-0.08173158764839172,-1.760555453148932,-1.760555453148935,171.9682457515876,171.9682457515876,173.72880120473653,170.22273874895384,1.745507002633758,-2.154069808019416,6.380598160730584,0.8173158764839185,0.04066627100110054,0.0040666270069777966,1.2715659165190198,1.271565916519013,204.41696314127978,204.41696314127978,203.14539722476076,202.30300416328015,2.11395897799963,-2.344589215703742,4.970840471796259,0.2558050140079271,10.637847438970915,3.6202034661574993,42.701474308656636,25.23846453766444,0.8017661098074882,0.0,-49.62061391316365,-1.2683753867997751
A3,420002,364,Omega_safe_one_step_QP,25.385900658954824,50.049056605795215,24.857859723280853,-0.4295394166249367,0.8953738808631897,False,False,-0.8953738808631897,-0.08953738957643509,-2.6573585980109726,-2.65735859801097,179.20950342917368,179.20950342917368,181.86686202718465,178.4587081888736,0.7507952403000786,-2.9678758902642275,5.566792078485775,0.89537389576435,-0.20716002583503723,-0.020716002210974693,0.025255296137960404,0.02525529613796179,204.73618169852756,204.73618169852756,204.7109264023896,203.88301479917152,0.8531668993560402,-2.501142133466625,4.814287554033375,0.00524590520497744,9.493202221923381,6.052188520379537,40.18646977018348,21.88174694919865,0.4031691600842393,0.0,-24.74912874375059,-0.5119001396136298
A3,420002,365,Omega_safe_one_step_QP,25.3898513604278,50.045002889440646,28.07452953990196,-0.4887265147637501,0.8958398103713989,False,False,-0.8958398103713989,-0.08958398550748825,-2.6182263335563367,-2.6182263335563367,178.79637658025342,178.79637658025342,181.41460291380977,177.92346387582725,0.8729127044261702,-2.922649978926738,5.612017989823262,0.8958398550748822,-0.03216470405459404,-0.0032164703588932753,0.9100949794066906,0.9100949794066782,205.27657586789323,205.2765758678932,204.36648088848654,203.5215010667637,1.7550748011294957,-2.4666975820763173,4.848732105423684,0.18769751754044448,9.17404988669882,5.061998020871197,38.339562060473455,22.112243775086384,0.4463102422961569,0.0,-27.467794901520392,-1.053044880677703
A3,420002,366,Omega_safe_one_step_QP,25.39001354227037,50.04080308364625,26.221511758523775,-0.4693670709341615,0.9262377619743347,False,False,-0.9262377619743347,-0.09262377768754959,-2.733999058455283,-2.7339990584552805,178.97135251688943,178.97135251688943,181.7053515753447,178.15067037722235,0.8206821396670705,-2.9517248450802325,5.582943123669768,0.9262377768754954,0.007663915865123272,0.000766391574870795,1.1585061717464762,1.158506171746472,205.33103650388983,205.33103650388983,204.17253033214337,203.31511159093372,2.015924912956109,-2.447302526442001,4.868127161057999,0.23797779585829298,7.491738766425789,6.541379472827857,41.79088067919697,23.95942916370722,0.41227519406287483,0.0,-25.42423200481244,-1.2095549477736682
A3,420002,367,Omega_safe_one_step_QP,25.427117781642355,50.03755174623648,51.164306524648964,-0.9235035629787262,0.7882064580917358,False,False,-0.7882064580917358,-0.07882064580917358,-1.7741509541110507,-1.774150954111045,172.92266084564704,172.92266084564707,174.6968117997581,171.04686028373965,1.8758005619074254,-2.2508708675215745,6.283797101228426,0.7882064580917323,-0.02323923073709011,-0.0023239231668412685,0.9745744204662177,0.9745744204662149,203.44886621188255,203.44886621188255,202.47429179141633,201.5986510710277,1.850215140854857,-2.2774786723692984,5.037951015130702,0.19344658523658376,8.75075318522002,6.050018313901571,41.50517052917036,26.884548510861144,0.8199973906776599,0.0,-50.8741748308139,-1.11012908451292
A3,420002,368,Omega_safe_one_step_QP,25.437466902016954,50.03544881443128,55.325670723833355,-0.9590093196938246,0.7800421118736267,False,False,-0.7800421118736267,-0.07800421118736267,-1.6190355162198715,-1.6190355162198578,171.3248126068973,171.3248126068973,172.94384812311716,169.39491956496624,1.9298930419310523,-2.0755744998574777,6.459093468892522,0.7800421118736192,0.15312938392162323,0.015312938950955868,1.8631907764271052,1.8631907764270983,203.82797695121093,203.82797695121093,201.96478617478382,201.10253725893764,2.7254396922732838,-2.2265281107060484,5.088901576793952,0.3661282790226262,11.623438398735132,6.29321039625171,38.79223015421617,25.240091504232527,0.8811224900012249,0.0,-54.571529398471284,-1.6352638153639703
A3,420002,369,Omega_safe_one_step_QP,25.40466225815881,50.03251999905988,32.52883027700773,-0.5754254921323673,0.8306663632392883,False,False,-0.8306663632392883,-0.08306663483381271,-2.2855354483237194,-2.2855354483237225,177.41704990962413,177.41704990962413,179.70258535794784,176.32201220277832,1.095037706845801,-2.751448223340547,5.783219745409454,0.8306663483381281,-0.06623739004135132,-0.006623738911002874,0.7610411180326321,0.7610411180326251,203.9869942787255,203.9869942787255,203.22595316069285,202.3915307863989,1.5954634923265871,-2.3526448092969514,4.962784878203049,0.1533496084779292,8.60784674313593,4.975816074538123,36.59392017041316,22.07541915711378,0.5194001225327369,0.0,-32.0909523041455,-0.9572780953959494
A3,420002,370,Omega_safe_one_step_QP,25.41147425833154,50.0278908433787,35.37751962671064,-0.6028486293397886,0.8521560430526733,False,False,-0.8521560430526733,-0.08521560579538345,-2.256351866871087,-2.256351866871073,176.40990447633123,176.40990447633123,178.66625634320232,175.2664927976577,1.1434116786735444,-2.647815321865993,5.886852646884008,0.8521560579538289,0.05666330084204674,0.005666329991072416,1.4311879862650727,1.4311879862650811,204.1558199114785,204.15581991147852,202.72463192521343,201.88449966494926,2.271320246529257,-2.302512685749009,5.012917001750992,0.2855000363591045,11.12565838322955,5.1108012462093955,36.91751983600234,26.49528153876093,0.5608743001931629,0.0,-34.57560177898631,-1.3627921479175598
A3,420002,371,Omega_safe_one_step_QP,25.378677749267133,50.02628467131199,13.889818540922533,-0.22704581288367193,0.924001157283783,False,False,-0.924001157283783,-0.09240011870861053,-3.068565721243799,-3.06856572124381,182.3290804659077,182.3290804659077,185.3976461871515,182.03138927439113,0.2976911915165772,-3.320954306260914,5.213713662489087,0.924001187086109,-0.31548064947128296,-0.031548064202070236,-0.40942871443550993,-0.40942871443552104,203.64694191317355,203.64694191317355,204.05637062760906,203.22158661046646,0.4253553027070893,-2.435686555988572,4.879743131511429,0.16809581406477248,11.974679417016256,5.659697125138764,38.223106443494714,25.80476960897083,0.23033455559931326,0.0,-13.86493991489715,-0.25521318162425644
A3,420002,372,Z_mode_existing_controller,25.34364572498596,50.025565081702304,5.6752982174321005,-0.09609001136876462,0.9215571284294128,False,False,-0.9215571284294128,-0.09215571731328964,-3.485541466668314,-3.485541466668321,189.06882736614756,189.06882736614756,192.55436883281587,189.09435585965983,-0.025528493512268824,-3.78223030354045,3.3571866284211915,0.9215571731328983,-0.01707674376666546,-0.0017076743533834815,-0.2621509125902449,-0.2621509125902449,205.26795585905188,205.26795585905188,205.53010677164212,204.6779201305282,0.5900357285236737,-1.0062476117754313,0.6708317477954553,0.2605232643759559,8.144051834329918,6.0425916224344665,42.910380875521355,23.456071652185173,0.09243790996569468,0.0,-5.413714690283996,-0.35402143711419853
A3,420002,373,Omega_safe_one_step_QP,25.3763731002915,50.023839104463974,11.916620868051723,-0.19865009831864935,0.8733211755752563,False,False,-0.8733211755752563,-0.08733212202787399,-2.9399843774560606,-2.939984377456069,182.9125289227339,182.9125289227339,185.85251330018997,182.70390558141986,0.2086233413140519,-3.3664410175647608,5.16822695118524,0.8733212202787427,-0.11987510323524475,-0.01198751013725996,0.4870037214165124,0.48700372141651654,204.49292628844884,204.49292628844887,204.00592256703234,203.20655241697958,1.2863738714692943,-2.430641749930901,4.8847879375691,0.09969802735364444,10.600731096044223,5.714241606990761,40.482384843912506,25.07664014427933,0.18881407876952494,0.0,-11.333610623939421,-0.7718243228815851
A3,420002,374,Omega_safe_one_step_QP,25.364135274261674,50.02261531906821,8.605781594152177,-0.14061645080995921,0.884954035282135,False,False,-0.884954035282135,-0.0884954035282135,-3.215388753472988,-3.2153887534729892,185.3066777779697,185.3066777779697,188.52206653144268,185.2439581244053,0.06271965356438614,-3.6333963406900307,4.90127162805997,0.884954035282136,-0.06772638857364655,-0.006772638764232397,0.7125659778655397,0.7125659778655508,205.20482894815842,205.20482894815842,204.49226297029287,203.67042233759503,1.5344066105633942,-2.4792757902569527,4.836153897243048,0.1473414603848244,11.204444019200375,6.84564939920533,41.97354387301728,22.620619907683874,0.1330144307271084,0.0,-7.818152058541273,-0.9206439663380479
A3,420002,375,Omega_safe_one_step_QP,25.356013694007384,50.02057391958236,6.9417159888516835,-0.11671522441782238,0.8962212800979614,False,False,-0.8962212800979614,-0.0896221324801445,-3.4232802791444734,-3.423280279144479,186.96164080108412,186.96164080108412,190.3849210802286,186.96378756035233,-0.002146759268214282,-3.8196817955686218,4.714986173181379,0.8962213248014468,-0.02297496236860752,-0.0022974961902946234,0.9201468784183195,0.9201468784183084,205.67961526314332,205.67961526314332,204.759468384725,203.91397921300123,1.765636050142092,-2.505996331700166,4.809433355799834,0.19132126600916027,9.058095963274983,5.673992366740046,44.8248862998079,26.94740202019538,0.10214710704395102,0.0,-5.984481465810859,-1.0593816300852552
A3,420002,376,Omega_safe_one_step_QP,25.37155236558126,50.02098592618707,16.059934601335044,-0.27626705278832675,0.904465913772583,False,False,-0.904465913772583,-0.0904465913772583,-3.1983475267270993,-3.1983475267270896,184.35148098762673,184.35148098762676,187.54982851435383,183.95130829172348,0.4001726959032794,-3.5361725389811474,4.9984954297688535,0.9044659137725806,-0.08090592175722122,-0.008090591989457607,0.7009288749720746,0.7009288749720816,204.86542605510502,204.86542605510502,204.16449718013294,203.28876367252343,1.5766623825815884,-2.446499211240959,4.868930476259042,0.14395951603536308,8.409679550038387,4.978645405366482,40.44573993523595,21.967422189520107,0.2516233011721578,0.0,-15.36556047295926,-0.945997429548953
A3,420002,377,Omega_safe_one_step_QP,25.388381417890084,50.017566066272266,27.25419812371092,-0.4486554545302392,0.892753005027771,False,False,-0.892753005027771,-0.0892753005027771,-2.884723679408738,-2.8847236794087405,181.61605342284824,181.61605342284824,184.500777102257,180.7869041052696,0.82914931757864,-3.2312673977714605,5.303400570978541,0.892753005027772,-0.14996802806854248,-0.014996803365647793,0.42677954697876164,0.42677954697877274,203.7304538424172,203.7304538424172,203.30367429543844,202.407173180189,1.3232806622281998,-2.3604169227715084,4.955012764728492,0.08613086731415473,11.8455893153635,5.5612202917993185,37.61887931927381,25.91186186563932,0.43834268496894424,0.0,-26.898572411342684,-0.7939683973369256
A3,420002,378,Z_mode_existing_controller,25.353450997568988,50.01671114501825,11.493535761848761,-0.19812394898948868,0.9179383516311646,False,False,-0.9179383516311646,-0.09179383516311646,-3.4629255890293087,-3.4629255890293016,188.1577911289033,188.1577911289033,191.62071671793262,187.91520064953323,0.2425904793700795,-3.7725034397742885,3.3669134921873534,0.9179383516311627,-0.030769450590014458,-0.003076945198699832,-0.3478200827331662,-0.3478200827331815,204.4146137556585,204.41461375565848,204.76243383839167,203.86635438539608,0.5482593702624001,-1.0062476117754313,0.6708317477954553,0.3456605299360512,7.359627478731359,5.917058284943388,36.77814017734884,26.379238937328292,0.18661791680930406,0.0,-11.351198056499925,-0.32895562215743723
A3,420002,379,Omega_safe_one_step_QP,25.394466754135944,50.01605722105778,21.641439279317638,-0.37247333181338166,0.8755061030387878,False,False,-0.8755061030387878,-0.08755061030387878,-2.720156459819177,-2.720156459819177,180.53747833763566,180.53747833763566,183.25763479745484,179.9102120437765,0.6272662938591509,-3.106953167291246,5.427714801458754,0.8755061030387876,-0.04434981942176819,-0.004434981849044561,0.9508626989228788,0.9508626989228817,203.89631633298634,203.89631633298634,202.94545363406345,202.10944288098847,1.7868734519978773,-2.3245948566340116,4.99083483086599,0.19052177263856512,9.360022219345103,5.134966767931852,42.45235087679956,26.422075405966005,0.3407796276065014,0.0,-20.91009483572634,-1.0721240711987292
A3,420002,380,Omega_safe_one_step_QP,25.39520586644586,50.01510807862682,21.772019408430424,-0.36547444273110474,0.8918865323066711,False,False,-0.8918865323066711,-0.08918865770101547,-2.7791113430991485,-2.7791113430991348,180.56891070763095,180.56891070763095,183.3480220507301,179.93765396272164,0.631256744909308,-3.1159918926187706,5.418676076131231,0.8918865770101502,-0.19837616384029388,-0.01983761601150036,0.2258107022709538,0.225810702270951,203.1231627690813,203.1231627690813,202.89735206681033,202.0496995938902,1.0734631751910797,-2.3197846999086993,4.995644987591302,0.04520151108252146,10.860052737290815,6.298485686423593,37.69227076223766,29.083029949128345,0.35083998744188705,0.0,-21.478781490757683,-0.6440779051146421
A3,420002,381,Omega_safe_one_step_QP,25.381187310471926,50.01577430795374,15.070499018744158,-0.25466596369811556,0.9002658724784851,False,False,-0.9002658724784851,-0.09002658724784851,-3.0731557321142717,-3.0731557321142673,183.25103791925983,183.25103791925983,186.3241936513741,182.87704492875406,0.3739929905057693,-3.4136090526831717,5.121058916066828,0.9002658724784841,-0.24984110891819,-0.02498411200940609,-0.07350504051626128,-0.07350504051625295,203.48514564040997,203.48514564040997,203.55865068092623,202.70319742120728,0.7819482192026896,-2.3859145613202872,4.929515126179713,0.030807909766717573,9.740632348488633,5.561525363053537,46.28086752343313,23.08139751399281,0.24397919229274123,0.0,-14.845309279515277,-0.4691689315216223
A3,420002,382,Omega_safe_one_step_QP,25.383137041117106,50.013661427239,15.86326686544362,-0.2697116202588066,0.9216046929359436,False,False,-0.9216046929359436,-0.09216047078371048,-3.132773944785251,-3.1327739447852414,183.04792837271802,183.04792837271802,186.18070231750326,182.6407804471261,0.4071479255919144,-3.399259919296088,5.135408049453913,0.9216047078371018,-0.21928668022155762,-0.02192866802215576,0.11782012830872379,0.11782012830872657,203.51182472136986,203.51182472136986,203.39400459306114,202.52083460640054,0.9909901149693212,-2.369449952533779,4.945979734966222,0.023821393257190775,9.424757002095212,6.107566273450474,42.84288742306529,24.227920632962146,0.25455870089586696,0.0,-15.52323149735912,-0.5945940689815927
A3,420002,383,Omega_safe_one_step_QP,25.392697918192805,50.01186114626039,22.5308786067244,-0.389210179857568,0.9059131145477295,False,False,-0.9059131145477295,-0.09059131145477295,-2.9297830362655737,-2.9297830362655763,181.59898266636793,181.59898266636793,184.5287657026335,180.90198032680914,0.697002339558793,-3.234066257809113,5.300601710940888,0.9059131145477303,-0.1994248926639557,-0.01994249038398266,0.23693015984735388,0.23693015984735943,203.16223629622658,203.16223629622658,202.92530613637922,202.03563488901074,1.1266014072158441,-2.3225801068655874,4.992849580634413,0.047453895019455815,8.883627953535171,3.0144676505486863,40.27226520474777,23.824592707353613,0.36113422009998075,0.0,-22.21605198249472,-0.6759608443295093
A3,420002,384,Omega_safe_one_step_QP,25.385289102704462,50.009287555442114,17.877001227708206,-0.3100464378500688,0.9290529489517212,False,False,-0.9290529489517212,-0.09290529787540436,-3.1623988530982055,-3.1623988530982086,183.0646549601262,183.0646549601262,186.22705381322442,182.5574753624704,0.5071795976558064,-3.4038950688682035,5.130772899881797,0.9290529787540447,-0.20115040242671967,-0.020115040242671967,0.24059203433505205,0.24059203433506315,203.3684462139986,203.3684462139986,203.12785417966353,202.2286845889915,1.1397616250070826,-2.3428349111940183,4.972594776305982,0.04838359954071967,8.25006917178159,3.683106179206429,38.926528620454505,23.40999175098091,0.28492536989196804,0.0,-17.478069622596195,-0.6838569750042467
A3,420002,385,Omega_safe_one_step_QP,25.39423593577986,50.006450100806354,26.361397215404395,-0.42886286106804744,0.9075297117233276,False,False,-0.9075297117233276,-0.090752974152565,-2.9505494130694117,-2.9505494130694228,181.74942938961038,181.74942938961038,184.6999788026798,180.9525373187519,0.7968920708584903,-3.2511875678137425,5.2834804009362575,0.9075297415256531,-0.1726337969303131,-0.0172633808106184,0.3968658277353543,0.3968658277353626,203.02335712916226,203.02335712916226,202.6264913014269,201.71203616568368,1.311320963478579,-2.2926986233703555,5.022731064129646,0.0790139513082078,12.53257142998342,5.01315916136393,37.55709947394058,26.374242607155818,0.4238962258614407,0.0,-25.99850086317838,-0.7867925780871445
A3,420002,386,Z_mode_existing_controller,25.343157896555546,50.00607516938125,11.936255634328518,-0.1902362841010566,0.9241183400154114,False,False,-0.9241183400154114,-0.0924118384718895,-3.4742102942002613,-3.474210294200259,191.49880743543667,191.49880743543667,194.97301772963692,191.2552364868243,0.24357094861238693,-3.7594861780150293,3.3799307539466126,0.9241183847188945,-0.020580774173140526,-0.002058077370747924,-0.2846589121007756,-0.2846589121007895,204.50252888924382,204.50252888924382,204.7871878013446,203.877164642852,0.6253642463918254,-1.0062476117754313,0.6708317477954553,0.2828915157359082,11.243561530140557,3.8172902564287923,40.934615562910885,23.90089682408555,0.19531457290636212,0.0,-11.756351659400025,-0.3752185478351038
A3,420002,387,Z_mode_existing_controller,25.310984641347417,50.005780126442495,0.06602000609836978,-0.0010394972878617146,0.9395711421966553,False,False,-0.9395711421966553,-0.09395711869001389,-3.535484210557459,-3.535484210557447,197.4728033575229,197.4728033575229,201.00828756808036,197.71545711381864,-0.24265375629573782,-3.7628699771241747,3.376546954837467,0.9395711869001356,-0.021080611273646355,-0.002108061220496893,-0.2903998906166369,-0.2903998906166369,205.77674816466413,205.77674816466413,206.06714805528077,205.2304433741004,0.5463047905637382,-1.0062476117754313,0.6708317477954553,0.2885968495410916,10.449197051416132,4.13732041637192,37.174978402270185,26.707743185511717,0.0026992993899490614,0.0,0.2590635688502516,-0.32778287433825426
A3,420002,388,Omega_safe_one_step_QP,25.29816782511689,50.00757524341488,-40.22121043653078,0.6190651679635413,0.9507158398628235,False,False,-0.9507158398628235,-0.09507158398628235,-4.84980976783788,-4.849809767837883,198.35048400809458,198.35048400809458,203.20029377593247,200.24461897968888,-1.8941349715942977,-5.101219065139009,3.4334489036109916,0.9507158398628239,-0.30918487906455994,-0.030918488278985023,-0.5923311697109856,-0.5923311697109856,206.0542207612519,206.0542207612519,206.6465519309629,205.86866204373672,0.18555871751519248,-2.694704686323955,4.620725001176046,0.2198130179967988,11.242856143395443,2.7041763663387597,37.11259998520214,24.866828130221013,-0.6476727010131782,0.0,40.9802183680531,-0.11133523050911265
A3,420002,389,Omega_safe_one_step_QP,25.25979055781106,50.00861610622472,-46.2089809159861,0.7256365858854278,0.9565175175666809,False,False,-0.9565175175666809,-0.09565175324678421,-5.621750585850221,-5.621750585850233,205.33945804932458,205.33945804932455,210.96120863517478,207.5577577358586,-2.2182996865340385,-5.877310551063241,2.65735741768676,0.9565175324678435,-0.44121691584587097,-0.044121693819761276,-1.3937690347318425,-1.3937690347318301,206.9580397595095,206.9580397595095,208.35180879424132,207.50014597655874,-0.5421062170492519,-2.865230372651797,4.450199314848204,0.4864422239953725,8.408362864382504,6.0687611832717305,38.517274295693866,29.27522275403922,-0.7396725111542697,0.0,46.623389696910635,0.32526373022955113
A3,420002,390,Omega_safe_one_step_QP,25.30043120453076,50.01268761263309,-13.953712018419537,0.22194106344450937,0.9370054602622986,False,False,-0.9370054602622986,-0.09370055049657822,-4.770932555311058,-4.770932555311064,198.33397447301718,198.33397447301718,203.10490702832823,199.18763864836632,-0.8536641753491381,-5.0916803903785866,3.442987578371414,0.9370055049657833,-0.19183824956417084,-0.019183825701475143,-0.05660128309582929,-0.056601283095820965,206.83926524394522,206.83926524394522,206.89586652704105,205.95715188853916,0.8821133554060623,-2.7196361459317693,4.595793541568232,0.02081207928512397,9.506493349778953,5.128307740266228,37.72753694736856,24.649591129617228,-0.2287331346589685,0.0,14.711713166321715,-0.5292680132436374
A3,420002,391,Z_mode_existing_controller,25.311699980669683,50.0131392545824,21.043251607521597,-0.3458106685890866,0.9431233406066895,False,False,-0.9431233406066895,-0.09431233257055283,-3.5458139379150695,-3.545813937915057,197.5316082271153,197.5316082271153,201.07742216503036,196.87811133839568,0.6534968887196158,-3.759650346111978,3.379766585849664,0.943123325705525,-0.008881195448338985,-0.0008881195681169629,-0.21412858640520172,-0.2141285864052031,206.2627579844098,206.2627579844098,206.476886570815,205.49077782439036,0.7719801600194387,-1.0062476117754313,0.6708317477954553,0.2127991002407379,8.110235753301199,5.259384244798011,45.04594187259976,24.941686280061646,0.3399094471908066,0.0,-20.919972958700782,-0.4631880960116632
A3,420002,392,Z_mode_existing_controller,25.34702423026637,50.01372250869154,11.479873036085337,-0.19061947839538385,0.9313611388206482,False,False,-0.9313611388206482,-0.09313611686229706,-3.5048487059723685,-3.504848705972358,190.28086271127094,190.28086271127094,193.7857114172433,190.04733828311475,0.23352442815618701,-3.7631466975956624,3.3762702343659794,0.9313611686229677,-0.003063633805140853,-0.0003063633921556175,-0.17550023681086602,-0.17550023681087018,204.7859382999006,204.7859382999006,204.96143853671148,204.05258984913138,0.7333484507692276,-1.0062476117754313,0.6708317477954553,0.1744105871726902,9.045908929125153,4.421161349116168,35.02931658273958,23.03947227217929,0.18552545565299638,0.0,-11.225389421276304,-0.44000907046154225
A3,420002,393,Z_mode_existing_controller,25.352607564437655,50.01168484911164,3.484814379373347,-0.056322911014972575,0.9154280424118042,False,False,-0.9154280424118042,-0.0915428027510643,-3.4479680866735944,-3.447968086673599,188.95221935997344,188.95221935997344,192.40018744664704,189.06040199911808,-0.1081826391446441,-3.76650919903532,3.3729077329263215,0.9154280275106441,-0.010021846741437912,-0.0010021846974268556,-0.21667096900444272,-0.2166709690044552,204.33969912915686,204.33969912915683,204.5563700981613,203.71552739126065,0.6241717378961766,-1.0062476117754313,0.6708317477954553,0.21532569764032455,10.923751455346013,6.061413832431023,38.41009532915391,26.010727556618747,0.05795795980598584,0.0,-3.168269296442304,-0.3745030427377003
A3,420002,394,Z_mode_existing_controller,25.34288628547892,50.01193187260229,-6.450765901236082,0.10157802552157227,0.9290847182273865,False,False,-0.9290847182273865,-0.09290847182273865,-3.502384676970125,-3.5023846769701197,190.51690833668926,190.51690833668928,194.0192930136594,191.02973035808452,-0.5128220213952375,-3.7697150843815113,3.36970184758013,0.9290847182273851,-0.007487135007977486,-0.0007487135007977486,-0.20299039539315306,-0.20299039539314473,204.720804928882,204.72080492888202,204.92379532427515,204.1440149918261,0.5767899370559064,-1.0062476117754313,0.6708317477954553,0.20173006426816442,12.060892948804664,5.46335805655966,41.35685215454958,28.92344397954833,-0.10221969188602742,0.0,6.8990595553559615,-0.3460739622335467
A3,420002,395,Z_mode_existing_controller,25.313097268559833,50.0147267390625,-15.286178867311719,0.23454882573308927,0.9444354772567749,False,False,-0.9444354772567749,-0.09444355219602585,-3.56330233923119,-3.563302339231176,195.99910521819953,195.99910521819956,199.56240755743073,196.86845194187578,-0.869346723676216,-3.772944003456419,3.366472928505223,0.9444355219602546,-0.005159131251275539,-0.0005159131251275539,-0.1908963810279926,-0.19089638102800371,206.08505842960315,206.08505842960312,206.27595481063113,205.54910678401427,0.5359516455888524,-1.0062476117754313,0.6708317477954553,0.18971113947906382,12.268905267478797,5.699123225719646,44.25900149143342,22.319053136677454,-0.24518931019920842,0.0,15.852939164864438,-0.32157098735331147
A3,420002,396,Omega_safe_one_step_QP,25.288673490786866,50.0147754492414,-53.99062711870283,0.8461399909347778,0.9572157263755798,False,False,-0.9572157263755798,-0.09572157263755798,-4.966898204301705,-4.966898204301712,199.1102208175083,199.1102208175083,204.07711902181,201.6210945656882,-2.510873748179904,-5.188901589726762,3.345766379023238,0.9572157263755815,-0.3558153808116913,-0.03558154031634331,-0.8713197633431369,-0.871319763343148,206.3794135106145,206.3794135106145,207.25073327395765,206.56776767004322,-0.18835415942871236,-2.7551228206234315,4.560306866876569,0.31625441770540924,9.840147476009419,3.4690102779680565,40.794036980994804,21.49812530673174,-0.8684646163909129,0.0,54.74607923943677,0.11301249565723026
A3,420002,397,Omega_safe_one_step_QP,25.283024511124104,50.013803383336594,-40.88740986821267,0.648552129924675,0.9448694586753845,False,False,-0.9448694586753845,-0.09448694437742233,-5.030431408192281,-5.0304314081922925,200.39710538983763,200.3971053898376,205.4275367980299,202.39893155601743,-2.001826166179825,-5.323943367348752,3.2107246014012483,0.9448694437742254,-0.2632973790168762,-0.02632973901927471,-0.4520174733995061,-0.4520174733995061,207.01842939673892,207.01842939673892,207.47044687013843,206.69224232351553,0.32618707322339446,-2.777094180241509,4.538335507258492,0.16276634642624782,8.960021231348035,5.611329870241796,44.08173456170903,25.781216532247903,-0.6611163978531192,0.0,41.74423850999938,-0.1957122439340253
A3,420002,398,Z_mode_existing_controller,25.310178401976632,50.01553610228801,4.970492876186654,-0.07994696378708345,0.9471229910850525,False,False,-0.9471229910850525,-0.09471230208873749,-3.5719372666236198,-3.5719372666236078,196.70300497767,196.70300497767,200.2749422442936,196.75447867217576,-0.05147369450577344,-3.771355133229698,3.3680617987319437,0.9471230208873717,-0.008900653570890427,-0.0008900653920136392,-0.21492197098801208,-0.2149219709880218,206.2419720211576,206.24197202115758,206.4568939921456,205.5965175872937,0.6454544338638755,-1.0062476117754313,0.6708317477954553,0.21358755884032535,9.384478793612697,3.368614368577811,35.1297986249604,22.955088824798505,0.0810854571394728,0.0,-4.66430567300813,-0.38727266031833096
A3,420002,399,Z_mode_existing_controller,25.307315457061343,50.014513516336415,-3.0360885897353,0.04740166940277388,0.941929280757904,False,False,-0.941929280757904,-0.09419292956590652,-3.5554659966221496,-3.5554659966221536,196.99207646980406,196.99207646980406,200.54754246642622,197.3783062649758,-0.3862297951717437,-3.7746633563768714,3.3647535755847704,0.9419292956590662,-0.0047855013981461525,-0.00047855015145614743,-0.18812187188912283,-0.18812187188911034,206.27602587011688,206.27602587011688,206.464147742006,205.66415904615613,0.611866823960753,-1.0062476117754313,0.6708317477954553,0.1869538567720788,11.059571092485864,5.863010742820248,38.57880738145872,26.710837821067418,-0.04748459885596645,0.0,3.450693282968132,-0.3671200943764461
A3,420002,400,Omega_safe_one_step_QP,25.30062718439967,50.01648835928658,-35.90799315066215,0.5715329597735923,0.9461230039596558,False,False,-0.9461230039596558,-0.09461230039596558,-4.669994871501369,-4.669994871501371,196.87738661279755,196.87738661279755,201.5473814842989,198.68448205547938,-1.8070954426818275,-4.935927835975654,3.5987401327743465,0.9461230039596561,-0.014140253886580467,-0.0014140254352241755,0.8277593932130414,0.8277593932130317,207.62656755368099,207.62656755368099,206.79880816046796,206.05280410589612,1.57376344778487,-2.7099303092744607,4.60549937822554,0.17973282053334255,9.592216790917416,4.978814750067593,42.96219153550398,26.15896628386078,-0.5918563570550379,0.0,37.44410757638798,-0.9442580686709334
A3,420002,401,Z_mode_existing_controller,25.310120809258745,50.01798899389306,0.5987741971239302,-0.009249434877546571,0.9439828395843506,False,False,-0.9439828395843506,-0.09439828246831894,-3.5639116160811066,-3.5639116160811133,196.3225201981933,196.3225201981933,199.8864318142744,196.56141104838298,-0.23889085018967648,-3.775398792109584,3.3640181398520577,0.9439828246831912,-0.010579030960798264,-0.0010579031659290195,-0.2249705872937588,-0.22497058729376435,206.29244386115133,206.29244386115133,206.5174144484451,205.69635128341412,0.5960925777372097,-1.0062476117754313,0.6708317477954553,0.22357378508141196,11.906461563501988,4.030709826557878,39.18816733821351,25.236344998673328,0.012419720337909723,0.0,-0.2535383708200243,-0.35765554664233434
A3,420002,402,Omega_safe_one_step_QP,25.272476796240728,50.01925888519866,-47.460156390763586,0.7268975510355556,0.9495051503181458,False,False,-0.9495051503181458,-0.09495051950216293,-5.204147715295148,-5.204147715295138,201.7930048234171,201.7930048234171,206.99715253871224,204.0134120234112,-2.2204071999940993,-5.480904941416986,3.053763027333014,0.9495051950216276,-0.3339458107948303,-0.03339458256959915,-0.8538444810919782,-0.8538444810919699,207.26283621746188,207.26283621746188,208.11668069855386,207.35569399913373,-0.09285778167185299,-2.8417175630830505,4.47371212441695,0.30046774956959926,10.692096721660704,4.473369897639517,38.72959136569853,24.174599091003135,-0.7623954331516032,0.0,48.16683715491126,0.05571466900312316
A3,420002,403,Omega_safe_one_step_QP,25.262961834377766,50.02038148317635,-37.87543633421865,0.594056669774849,0.9454212784767151,False,False,-0.9454212784767151,-0.09454213082790375,-5.379553088359712,-5.3795530883597245,203.70966958205142,203.7096695820514,209.08922267041112,205.58278217066146,-1.87311258861007,-5.6901119545868735,2.8445560141631265,0.9454213082790395,-0.34236037731170654,-0.03423603996634483,-0.9453357597426576,-0.9453357597426617,207.66976141150332,207.6697614115033,208.61509717124596,207.76732763649963,-0.09756622499634204,-2.8915592103522605,4.42387047714774,0.3269294145380815,8.91968150084718,4.516916196071917,42.976675645602896,27.791885823060326,-0.6078310737575903,0.0,38.424727672978406,0.05853973499780807
A3,420002,404,Omega_safe_one_step_QP,25.284855078627402,50.02373253976518,-18.49229585852663,0.28356720962907306,0.9481213688850403,False,False,-0.9481213688850403,-0.09481213986873627,-5.0032972956183634,-5.003297295618365,199.95544577593117,199.95544577593117,204.95874307154952,200.9776416600715,-1.0221958841403307,-5.2770639947007165,3.2576039740492857,0.9481213986873628,-0.3089008033275604,-0.030890081077814102,-0.7134966433444287,-0.7134966433444329,207.1992687332813,207.1992687332813,207.9127653766257,206.9846352261179,0.21463350716339846,-2.8213260308902375,4.494103656609763,0.25289407729999114,11.342061219285078,8.0120717445795,40.59848907480632,26.162881045895443,-0.2941421484715647,0.0,18.91521811129587,-0.12878010429803055
A3,420002,405,Omega_safe_one_step_QP,25.297646214939803,50.02608235776401,-3.9315651938859446,0.06385537396109245,0.944362461566925,False,False,-0.944362461566925,-0.09443625062704086,-4.7635352045764625,-4.763535204576476,197.86637573155718,197.86637573155718,202.62991093613365,198.33934067691627,-0.47296494535908096,-5.044180781159129,3.4904871875908725,0.9443625062704112,-0.009431222453713417,-0.0009431222570128739,0.7792659525114376,0.7792659525114389,208.3170974755214,208.3170974755214,207.53783152300994,206.5575346610179,1.7595628145034823,-2.7838326455286606,4.53159704197134,0.17196276396465338,8.471878907515627,4.879863608341813,42.16423962493682,26.538652678085565,-0.07474996023902358,0.0,5.062052842826233,-1.055737688702095
A3,420002,406,Z_mode_existing_controller,25.324159656240912,50.02753885701201,29.6468059837116,-0.47293768150062093,0.9505612850189209,False,False,-0.9505612850189209,-0.09505613148212433,-3.582599236694348,-3.5825992366943358,194.0193964657139,194.0193964657139,197.60199570240823,193.0657366581126,0.9536598076012979,-3.768930189809029,3.3704867421526132,0.9505613148212398,-0.0074094668962061405,-0.0007409466779790819,-0.20610281302189393,-0.20610281302189531,206.32910678081146,206.32910678081146,206.53520959383334,205.51362652844952,0.8154802523619367,-1.0062476117754313,0.6708317477954553,0.2048231574515202,10.772414815909327,6.191548659231523,39.69516504816932,24.582294010410248,0.4815929456840671,0.0,-29.639110777978203,-0.4892881514171705
A3,420002,407,Z_mode_existing_controller,25.322583452062847,50.02775118897793,16.483278372805216,-0.260202186309405,0.9511712789535522,False,False,-0.9511712789535522,-0.09511712938547134,-3.5881099587377534,-3.588109958737766,194.0120039207183,194.0120039207183,197.60011387945607,193.60599192302828,0.4060119976900296,-3.7723068199383847,3.3671101120232567,0.9511712938547169,-0.003896373091265559,-0.0003896373091265559,-0.1840695392373623,-0.18406953923734842,206.37102839702032,206.37102839702032,206.55509793625768,205.62516999544448,0.7458584015758447,-1.0062476117754313,0.6708317477954553,0.18292668433028592,11.290065304075544,4.917204909518083,43.831806644821285,21.51294564601173,0.2687286860867708,0.0,-16.30449201794727,-0.447515040945504
A3,420002,408,Z_mode_existing_controller,25.30331626355994,50.02662364702861,5.581963387552605,-0.08796453330156315,0.947651743888855,False,False,-0.947651743888855,-0.09476517885923386,-3.5779783448377205,-3.5779783448377276,197.5288909163341,197.5288909163341,201.10686926117182,197.56471902734185,-0.035828111007759844,-3.775625591497614,3.3637913404640276,0.9476517885923406,-0.007772024720907211,-0.0007772024837322533,-0.2078992962122675,-0.20789929621226194,207.03929179617074,207.03929179617074,207.24719109238302,206.39482105238073,0.6444707437900092,-1.0062476117754313,0.6708317477954553,0.2066084865984852,10.450387984746131,5.64314659557997,37.17215708379131,28.19700441423786,0.09197545487789682,0.0,-5.287256396156408,-0.3866824462739942
A3,420002,409,Z_mode_existing_controller,25.30357445556289,50.029262740129354,-3.248635616012507,0.051030266300268176,0.9481891989707947,False,False,-0.9481891989707947,-0.09481891989707947,-3.5830768395143515,-3.5830768395143515,197.14454537790763,197.14454537790763,200.72762221742198,197.54631749693618,-0.4017721190285499,-3.778862745329284,3.3605541866323576,0.9481891989707947,-0.007953319698572159,-0.0007953319582156837,-0.20913174012913427,-0.20913174012912317,207.1164209462302,207.1164209462302,207.32555268635932,206.53545757869526,0.5809633675349346,-1.0062476117754313,0.6708317477954553,0.2078332784910957,10.6432185786764,4.488053019336518,36.49126537059674,24.266918048271933,-0.05073144333974611,0.0,3.647945079872443,-0.34857802052096076
A3,420002,410,Omega_safe_one_step_QP,25.29011560181129,50.0294806123208,-37.89247084537965,0.6190055590617984,0.9475212693214417,False,False,-0.9475212693214417,-0.09475212544202805,-4.822696749515473,-4.8226967495154645,198.26343876234398,198.26343876234398,203.08613551185945,200.20324082613286,-1.9398020637888749,-5.089803238731708,3.444864730018294,0.9475212544202786,-0.08420596271753311,-0.008420596830546856,0.38784431842007194,0.38784431842008443,208.23711031158564,208.23711031158567,207.84926599316557,207.11165084026726,1.1254594713184076,-2.8149760925442235,4.500453594955777,0.08617893957506643,7.705605524168633,3.1852229304862734,36.283658834150664,25.338732035680934,-0.6209257787530236,0.0,39.188672306922854,-0.6752756827910531
A3,420002,411,Z_mode_existing_controller,25.316192204844587,50.02970560918482,2.128796259316914,-0.03402809623512784,0.9434946179389954,False,False,-0.9434946179389954,-0.0943494662642479,-3.565923065069812,-3.5659230650698035,194.6123599730414,194.61235997304144,198.17828303811123,194.79409522234164,-0.18173524930020335,-3.7794840885295575,3.359932843432084,0.9434946626424767,-0.009289075620472431,-0.0009289075969718397,-0.21676086618669654,-0.2167608661867021,206.58403468041146,206.58403468041146,206.80079554659815,205.97993837700386,0.6040963034076015,-1.0062476117754313,0.6708317477954553,0.21541503666701628,10.236396982332504,5.480820109377099,37.82545682126179,27.946082006423403,0.036208265243288906,0.0,-1.802546742515915,-0.36245778204455803
A3,420002,412,Z_mode_existing_controller,25.316119097175758,50.031726800211196,-6.428508585908276,0.10595770716696827,0.9528817534446716,False,False,-0.9528817534446716,-0.09528817981481552,-3.60439614584996,-3.6043961458499667,194.27590818396996,194.27590818396996,197.88030432981992,194.82414680957004,-0.548238625600078,-3.78262671493442,3.3567902170272217,0.9528817981481571,-0.005624417681246996,-0.0005624417681246996,-0.19524460122283538,-0.19524460122284648,206.66541646591568,206.66541646591568,206.86066106713852,206.09666428997713,0.5687521759385561,-1.0062476117754313,0.6708317477954553,0.19403236235100757,8.401651526490934,4.590700559280487,41.50060401191143,24.718992867002417,-0.10380579627214281,0.0,6.873565687743394,-0.34125130556313366
A3,420002,413,Z_mode_existing_controller,25.33860621509341,50.03151090582412,-10.744436225744721,0.17508448496731865,0.932091474533081,False,False,-0.932091474533081,-0.0932091474533081,-3.5286824202308233,-3.528682420230815,189.63258187191428,189.6325818719143,193.16126429214512,190.35310772006122,-0.7205258481469059,-3.785768367850881,3.353648564110761,0.9320914745330788,-0.004714550916105509,-0.00047145510325208306,-0.18602494097447603,-0.18602494097448574,205.6616611754972,205.6616611754972,205.84768611647166,205.1267294835987,0.5349316918984925,-1.0062476117754313,0.6708317477954553,0.18486994532713658,10.128069006285937,4.948258013448063,42.41617461172622,24.609794873491094,-0.17230339565949038,0.0,11.237698636543428,-0.3209590151390955
A3,420002,414,Z_mode_existing_controller,25.33335765998883,50.03108238162259,-16.27207177326818,0.26938312517393814,0.9369497299194336,False,False,-0.9369497299194336,-0.09369497746229172,-3.549847890525922,-3.5498478905259243,190.379344436895,190.379344436895,193.9291923274209,191.34505807218758,-0.9657136352925875,-3.788728047834353,3.350688884127289,0.9369497746229178,-0.008667602203786373,-0.0008667602087371051,-0.21174740590372554,-0.2117474059037172,205.78204709521356,205.78204709521358,205.9937945011173,205.31295877565677,0.4690883195568176,-1.0062476117754313,0.6708317477954553,0.2104327040638719,8.953115214488449,5.775633335138816,44.716423321356665,23.334731661140953,-0.2622967656995332,0.0,16.815821530702124,-0.2814529917340991
A3,420002,415,Omega_safe_one_step_QP,25.353928086523307,50.02982653257214,-15.213044590889695,0.25132863257362015,0.8943724632263184,False,False,-0.8943724632263184,-0.08943724632263184,-3.3477388071719267,-3.347738807171921,186.27151235490555,186.27151235490558,189.6192511620775,187.20513036157902,-0.9336180066734414,-3.7431148037535125,4.791553164996489,0.8943724632263169,-0.04974775388836861,-0.004974775481969118,0.7652494294392784,0.7652494294392811,205.77291893516457,205.77291893516457,205.0076695057253,204.35756812166238,1.4153508135021866,-2.530816443800194,4.784613243699806,0.15993966292822767,10.035196581534729,4.976687347183561,34.79336195046845,22.183894148774506,-0.2534755339970367,0.0,16.315730612988773,-0.8492104881013063
A3,420002,416,Z_mode_existing_controller,25.344661742321332,50.02679828514278,-10.432039428855205,0.16920702159817888,0.9105937480926514,False,False,-0.9105937480926514,-0.0910593792796135,-3.4501614081851337,-3.450161408185142,188.28430439600305,188.28430439600302,191.73446580418818,188.98781670157175,-0.7035123055687222,-3.788913822474914,3.350503109486728,0.9105937927961373,-0.020164191722869873,-0.0020164193119853735,-0.27976590761013415,-0.27976590761012443,204.99179211512032,204.99179211512035,205.27155802273046,204.566837418792,0.42495469632834215,-1.0062476117754313,0.6708317477954553,0.27802889103657424,10.730195328534315,4.914240712495348,37.94580973186096,32.040224278478895,-0.16561041670991727,0.0,10.852622663361217,-0.254972817797011
A3,420002,417,Z_mode_existing_controller,25.326805093563998,50.03042387729537,-17.84547752065282,0.3015263064926778,0.9450405240058899,False,False,-0.9450405240058899,-0.09450405091047287,-3.5832983454666283,-3.583298345466621,191.3740201175119,191.3740201175119,194.95731846297852,192.42946324854583,-1.0554431310339396,-3.7916875635957843,3.347729368365857,0.9450405091047268,-0.010646359995007515,-0.0010646360460668802,-0.22557219987381638,-0.22557219987382193,205.9487244070517,205.9487244070517,206.17429660692554,205.50892906022779,0.43979534682392796,-1.0062476117754313,0.6708317477954553,0.2241716623563663,7.4966457272528775,6.496550494537432,37.78862367721929,23.852180854192863,-0.2885761042145143,0.0,18.39793083296172,-0.2638772080943568
A3,420002,418,Omega_safe_one_step_QP,25.37217062566814,50.02878999287372,-9.478420665812337,0.15475253883683884,0.9147369861602783,False,False,-0.9147369861602783,-0.09147369861602783,-3.0713295141943404,-3.07132951419435,182.69286772988974,182.6928677298897,185.76419724408407,183.37912915034875,-0.6862614204590329,-3.357609411954169,5.177058556795832,0.9147369861602811,-0.04977162182331085,-0.004977162461727858,0.8689646179495845,0.8689646179495927,204.9924143609676,204.9924143609676,204.123449743018,203.48357719833913,1.5088371626284527,-2.4423944675294647,4.873035219970536,0.17832102144232947,11.722020809092017,3.7609779876084817,46.39654799421846,25.193290707232542,-0.15986550059784577,0.0,10.543588463986453,-0.9053022975770659
A3,420002,419,Z_mode_existing_controller,25.32647910618135,50.02839235039876,-15.829021311826182,0.24904992503303616,0.9451277256011963,False,False,-0.9451277256011963,-0.09451277554035187,-3.583746107590377,-3.5837461075903727,191.45076626189604,191.45076626189604,195.0345123694864,192.3698214614202,-0.9190551995241663,-3.7918113049809965,3.3476056269806453,0.9451277554035178,-0.018287206068634987,-0.0018287206767126918,-0.27373086644989636,-0.27373086644990885,205.79289669009523,205.79289669009523,206.06662755654514,205.38144035557332,0.4114563345219153,-1.0062476117754313,0.6708317477954553,0.27203132036948235,11.769197102359648,5.476166004542127,32.59048618503965,19.91151287265501,-0.2522748070957519,0.0,16.328169919634092,-0.24687380071314635
A3,420002,420,Z_mode_existing_controller,25.29808898648507,50.025049100452776,-20.002752100400357,0.31857264113664463,0.9422693252563477,False,False,-0.9422693252563477,-0.09422693401575089,-3.5756675928928483,-3.5756675928928336,196.82594903195906,196.82594903195906,200.4016166248519,197.9462130319634,-1.1202640000043402,-3.7947404637989632,3.3446764681626786,0.942269340157505,-0.0065398141741752625,-0.0006539814057759941,-0.19923260804538823,-0.19923260804538268,206.82802989355224,206.82802989355224,207.02726250159762,206.3809892036481,0.44704068990412793,-1.0062476117754313,0.6708317477954553,0.19799560835116425,9.717644698056272,3.5863691661878305,39.92458808733451,23.77786906128821,-0.32193536123026156,0.0,20.59291187557301,-0.26822441394247676
A3,420002,421,Z_mode_existing_controller,25.29320906337503,50.02495062231454,-23.796741869312427,0.3893774037317015,0.9541212320327759,False,False,-0.9541212320327759,-0.09541212767362595,-3.6233702280057996,-3.623370228005787,197.4788913895506,197.4788913895506,201.1022616175564,198.79230520363055,-1.3134138140799507,-3.797599232248732,3.3418176997129097,0.9541212767362564,-0.004918487276881933,-0.0004918487393297255,-0.19100449152062715,-0.19100449152063825,206.98665988306277,206.98665988306277,207.1776643745834,206.55844565111644,0.4282142319463276,-1.0062476117754313,0.6708317477954553,0.18981857873295063,7.931197919504992,5.837569615786334,37.83799823149515,24.81733421867462,-0.3846995896358819,0.0,24.438369998116286,-0.25692853916780223
A3,420002,422,Z_mode_existing_controller,25.33281213909907,50.024933007971526,-24.742445540150584,0.3995771402726048,0.9262481331825256,False,False,-0.9262481331825256,-0.09262481331825256,-3.5201849556331397,-3.5201849556331313,189.51072772806387,189.51072772806387,193.030912683697,190.82106338896332,-1.3103356608994545,-3.8004772474283146,3.3389396845333272,0.9262481331825233,0.0031304219737648964,0.00031304219737648964,-0.13561475432141978,-0.1356147543214281,205.32364265157653,205.3236426515765,205.45925740589794,204.8587452241518,0.4648974274247166,-1.0062476117754313,0.6708317477954553,0.13477274652324228,10.549890187087243,4.594942667748311,39.125626365766884,21.78163676284236,-0.39835181751076476,0.0,25.419735814116393,-0.2789384564548243
A3,420002,423,Z_mode_existing_controller,25.316532525499447,50.02267150579843,-28.813876281580633,0.45945120166466147,0.9416232109069824,False,False,-0.9416232109069824,-0.09416232258081436,-3.581120324277878,-3.5811203242778853,192.44165391132026,192.44165391132026,196.02277423559815,193.92182614801536,-1.480172236695097,-3.8031350821921355,3.336281849769506,0.9416232258081455,-0.00013142451643943787,-1.3142452189640608e-05,-0.15874577369442144,-0.158745773694427,205.8153312832241,205.8153312832241,205.97407705691853,205.39528533593028,0.42004594729382916,-1.0062476117754313,0.6708317477954553,0.1577601495265511,10.589584095402511,2.4781631583727988,45.02289012811485,23.83341595945368,-0.46395859247425264,0.0,29.529862442431295,-0.2520275683762918
A3,420002,424,Omega_safe_one_step_QP,25.285825431909608,50.02258704835305,-58.100023255104134,0.9165238449214786,0.961597740650177,False,False,-0.961597740650177,-0.09615977853536606,-4.773473585713021,-4.773473585713014,197.05569213713196,197.05569213713196,201.82916572284498,199.81173884131994,-2.7560467041879804,-4.96410625983026,3.5705617089197417,0.9615977853536593,-0.014383490197360516,-0.0014383490197360516,0.8011847355744284,0.8011847355744215,208.01654092592938,208.01654092592938,207.21535619035495,206.65416157309662,1.362379352832761,-2.751585112263161,4.56384457523684,0.1755503988723902,9.871911072392724,5.64527195036817,39.23337325374454,26.834305823827,-0.9493493791143948,0.0,59.86680024591806,-0.8174276116996566
A3,420002,425,Z_mode_existing_controller,25.295258759109363,50.024315631542,-14.759399195899277,0.23877050529864113,0.9451319575309753,False,False,-0.9451319575309753,-0.09451320022344589,-3.5941575336502303,-3.594157533650229,196.63338253091462,196.63338253091462,200.22754006456483,197.5546766692764,-0.9212941383617874,-3.8028101102840743,3.336606821677567,0.9451320022344585,-0.00944836251437664,-0.0009448362397961318,-0.2180391052559294,-0.21803910525592524,206.73995240728598,206.73995240728598,206.95799151254192,206.2902947560908,0.44965765119519574,-1.0062476117754313,0.6708317477954553,0.2166853393780635,8.888005927036144,5.603543997556788,43.35335488340013,25.46634856736475,-0.23706964918264273,0.0,15.266263435799374,-0.26979459071711176
A3,420002,426,Z_mode_existing_controller,25.320126103876095,50.02519255227425,-17.297484655829066,0.28385076118203445,0.9303531646728516,False,False,-0.9303531646728516,-0.09303531795740128,-3.5404960721316914,-3.5404960721316847,191.52376678791256,191.5237667879126,195.06426286004427,192.55078575959243,-1.027018971679837,-3.80553982064403,3.3338771113176118,0.930353179574011,-0.008823206648230553,-0.0008823206881061196,-0.2116215512947911,-0.2116215512947897,205.69997516582305,205.69997516582305,205.91159671711785,205.2723210683895,0.4276540974335603,-1.0062476117754313,0.6708317477954553,0.21030763086374232,9.181470100289946,3.4159386084518957,42.8516500450838,22.0021256283933,-0.277817517516354,0.0,17.83189463180497,-0.25659245846014755
A3,420002,427,Z_mode_existing_controller,25.31961042864146,50.023275677954615,-19.86311386788111,0.3266776445819936,0.9236050844192505,False,False,-0.9236050844192505,-0.09236051142215729,-3.517208966185556,-3.5172089661855646,191.43335564293827,191.43335564293827,194.95056460912383,192.57299032725797,-1.1396346843197023,-3.8081306740596697,3.331286257901972,0.923605114221575,-0.006291530095040798,-0.0006291530444286764,-0.19453806473925667,-0.19453806473927054,205.58806824220986,205.58806824220983,205.7826063069491,205.16819480256513,0.4198734396447037,-1.0062476117754313,0.6708317477954553,0.19333021262631972,9.050224139990043,6.290836083340389,41.240410192071714,21.645033777631582,-0.31948542302060545,0.0,20.43452335468828,-0.25192406378683074
A3,420002,428,Omega_safe_one_step_QP,25.34232394690615,50.02098408391549,-22.724749931199767,0.385075200591085,0.939684271812439,False,False,-0.939684271812439,-0.09396842867136002,-3.578496647093955,-3.5784966470939708,186.6915101305274,186.69151013052738,190.27000677762135,188.0016253520729,-1.3101152215455159,-3.8081903653078975,4.726477603442103,0.939684286713604,0.011903434991836548,0.0011903435224667192,1.1499907523425694,1.1499907523425765,205.80637698094392,205.80637698094392,204.65638622860135,204.06238762225544,1.7439893586884807,-2.4956881160877997,4.819741571412201,0.2386000857729858,8.345953241262665,5.17033770219854,40.11264500913354,27.808835949040763,-0.3793995662123937,0.0,24.1505431126252,-1.0463936152130913
A3,420002,429,Omega_safe_one_step_QP,25.36328291260563,50.02136182847937,-1.4295263619269463,0.02356544023653989,0.8995669484138489,False,False,-0.8995669484138489,-0.08995669335126877,-3.0794554704304575,-3.079455470430455,183.34129178216583,183.34129178216583,186.42074725259627,183.7129109290846,-0.37161914691876063,-3.42326441280539,5.1114035559446105,0.8995669335126874,-0.12485741078853607,-0.012485741637647152,0.5097472854551297,0.5097472854551421,204.35073857637798,204.350738576378,203.84099129092286,203.17401949274995,1.1767190836280577,-2.414148622319952,4.901281065180049,0.10400286755161153,11.035095236855824,5.082841306609721,41.206539384386055,25.21705678594609,-0.025714066325228657,0.0,2.1612718784290337,-0.7060314501768232
A3,420002,430,Z_mode_existing_controller,25.339430159887517,50.02047412965945,-5.470838154400553,0.08914831336604007,0.9133937954902649,False,False,-0.9133937954902649,-0.09133937954902649,-3.4749653260642237,-3.474965326064225,187.9397553496079,187.9397553496079,191.41472067567213,188.4575446498386,-0.517789300230703,-3.8044547086057583,3.3349622233558835,0.9133937954902653,-0.04584861919283867,-0.004584861919283867,-0.4420699062500047,-0.4420699062500061,204.3997531192341,204.3997531192341,204.8418230254841,204.13302506526483,0.266728053969274,-1.0062476117754313,0.6708317477954553,0.439325173125146,10.56156015230721,4.20990487891534,34.794157565319,26.256632619649597,-0.08288378392495588,0.0,5.71375877070659,-0.1600368323815644
A3,420002,431,Z_mode_existing_controller,25.316533844180977,50.02032171350159,-12.188477517028332,0.19949556879467872,0.9296663999557495,False,False,-0.9296663999557495,-0.09296663850545883,-3.5392066997199363,-3.5392066997199407,192.16061292191648,192.16061292191648,195.6998196216364,192.9745069630965,-0.8138940411800206,-3.8069642579495016,3.3324526740121403,0.9296663850545894,-0.012932389974594116,-0.0012932390673086047,-0.23739783308641682,-0.23739783308642654,205.51572721568695,205.51572721568695,205.75312504877337,205.08539363797343,0.430333577713526,-1.0062476117754313,0.6708317477954553,0.2359238723235923,9.233146975219249,4.792073310296762,37.87893220062582,26.874330178716015,-0.1946730477184797,0.0,12.641350711374798,-0.25820014662811275
A3,420002,432,Z_mode_existing_controller,25.324495951778236,50.02109550734735,-16.559937317340882,0.2778503005969752,0.9372684955596924,False,False,-0.9372684955596924,-0.09372685104608536,-3.5705494214296056,-3.570549421429592,190.31523618879012,190.31523618879012,193.88578561021973,191.33038496293622,-1.0151487741460983,-3.809526706145255,3.3298902258163863,0.9372685104608501,-0.0050217085517942905,-0.0005021708784624934,-0.18882853425682272,-0.18882853425682133,205.2267166317759,205.2267166317759,205.41554516603273,204.77803359637048,0.4486830354054234,-1.0062476117754313,0.6708317477954553,0.1876561315993096,8.14905998427305,4.2764227897691445,38.65111017522869,27.181018156445305,-0.2667232500964598,0.0,17.09587038868085,-0.2692098212432654
A3,420002,433,Omega_safe_one_step_QP,25.34486333293539,50.021541074363284,-15.473273841038463,0.2539732682097082,0.9074738621711731,False,False,-0.9074738621711731,-0.09074738621711731,-3.397765819962163,-3.397765819962158,186.23236138484245,186.23236138484245,189.6301272048046,187.2012946582523,-0.9689332734098457,-3.7442024080262226,4.790465560723778,0.9074738621711718,-0.04280228912830353,-0.004280229099094868,0.8565349017863572,0.8565349017863668,205.39423136373912,205.39423136373915,204.53769646195278,203.92279252081997,1.4714388429191843,-2.483819139422944,4.831610548077057,0.1772773060376857,10.443450186575502,6.048955506005406,40.05357431220615,23.3452845602716,-0.2571174025345364,0.0,16.613254549323756,-0.8828633057515134
A3,420002,434,Omega_safe_one_step_QP,25.34057396977943,50.01972720560535,-9.640851549005674,0.15612423185664795,0.9106654524803162,False,False,-0.9106654524803162,-0.09106654673814774,-3.5150245850709005,-3.5150245850708908,187.27149597126436,187.27149597126436,190.78652055633526,187.9946056153068,-0.723109644042438,-3.8598417431792873,4.674826225570714,0.9106654673814745,-0.04368685930967331,-0.004368686117231846,0.8443433394176608,0.8443433394176594,205.50968455261034,205.50968455261034,204.66534121319268,203.99070698960418,1.5189775630061604,-2.496583614546933,4.818846072953067,0.1752169143058417,11.071628780942143,5.015420503442157,40.70710670088365,26.486348773061334,-0.16228702741133105,0.0,10.714525114221033,-0.9113865378036934
A3,420002,435,Z_mode_existing_controller,25.31865935355695,50.02017814650481,-4.537474110245967,0.07437934210455097,0.9446819424629211,False,False,-0.9446819424629211,-0.09446819871664047,-3.595323881044617,-3.595323881044607,191.78976319795373,191.78976319795373,195.38508707899834,192.283165781785,-0.493402583831255,-3.805856288028602,3.3335606439330396,0.9446819871664022,-0.01190849207341671,-0.0011908492306247354,-0.23346461073601998,-0.23346461073600888,205.4251437880625,205.4251437880625,205.65860839879852,204.93304980678028,0.49209398128223825,-1.0062476117754313,0.6708317477954553,0.23201507064854748,9.304949186258542,5.713111971864674,38.17064977682683,19.893902611664,-0.07081905699594593,0.0,4.903549556011058,-0.2952563887693458
A3,420002,436,Z_mode_existing_controller,25.332427557017123,50.01676081955199,-8.406090476560166,0.13572112471943903,0.923763632774353,False,False,-0.923763632774353,-0.09237636625766754,-3.5181827772684358,-3.5181827772684304,188.94724149309147,188.94724149309147,192.4654242703599,189.59692137906265,-0.6496798859711816,-3.8085312507910167,3.3308856811706247,0.9237636625766739,0.0007740108412690461,7.740108412690461e-05,-0.1500455461955416,-0.15004554619553329,204.694274615785,204.694274615785,204.84432016198053,204.15940600128792,0.5348686144970713,-1.0062476117754313,0.6708317477954553,0.1491139401869404,10.858137524299856,4.612792035716231,38.631074565803196,26.85040375120657,-0.1327915506370836,0.0,8.859803195895438,-0.3209211686982343
A3,420002,437,Z_mode_existing_controller,25.310753079962588,50.01750399031591,-13.142638859575527,0.22021873399210254,0.9262864589691162,False,False,-0.9262864589691162,-0.09262865036725998,-3.53010696231017,-3.530106962310181,192.96984514153314,192.9698451415331,196.4999521038433,193.84440664480317,-0.8745615032700584,-3.8110314123262907,3.328385519635351,0.9262865036726027,-0.014512689784169197,-0.0014512690249830484,-0.24678827382420415,-0.2467882738242,205.50728793881296,205.50728793881296,205.75407621263716,205.1073602105024,0.39992772831055845,-1.0062476117754313,0.6708317477954553,0.2452560094913068,7.649580057209925,6.0026446307753325,34.58362840137916,22.164008573691643,-0.21105809853193425,0.0,13.593653595093201,-0.23995663698633507
A3,420002,438,Omega_safe_one_step_QP,25.351133209751296,50.01499032907504,-10.457886944913298,0.178985728028591,0.9136543273925781,False,False,-0.9136543273925781,-0.09136543422937393,-3.3032459786427673,-3.3032459786427673,185.03907680789925,185.03907680789925,188.342322786542,185.82121201653717,-0.782135208637925,-3.6154219661999636,4.919246002550038,0.9136543422937398,-0.0506506972014904,-0.005065069999545813,0.8863111893117934,0.8863111893118059,204.7585768809465,204.75857688094652,203.8722656916347,203.24890915180083,1.50966772914569,-2.417276062391137,4.898153625108864,0.18094801779356343,8.266212905977238,4.170176023182083,40.798116553265565,23.90582446080648,-0.17771974456850614,0.0,11.54140732696851,-0.9058006374874168
A3,420002,439,Omega_safe_one_step_QP,25.365366855626405,50.01283697960741,2.330330979122664,-0.03954182735246849,0.923403263092041,False,False,-0.923403263092041,-0.09234032779932022,-3.1086763499072467,-3.1086763499072494,182.74485144870837,182.74485144870837,185.85352779861563,182.97264114634933,-0.2277896976409579,-3.3665424674073248,5.168125501342676,0.923403277993203,-0.09667343646287918,-0.009667343460023403,0.7358685369475232,0.7358685369475343,203.93762427324066,203.93762427324066,203.20175573629314,202.5176276292954,1.419996643945268,-2.3502250668569773,4.965204620643023,0.14820507777023598,9.43935364668414,4.091967637690751,32.44597993966551,25.161256643459964,0.03188778731374242,0.0,-1.5102207800682663,-0.8519979863671665
A3,420002,440,Omega_safe_one_step_QP,25.354937566355858,50.01080340726477,2.2107076622987734,-0.03573852920361736,0.932266116142273,False,False,-0.932266116142273,-0.0932266116142273,-3.3590839472028495,-3.359083947202858,184.86040430482623,184.86040430482623,188.2194882520291,185.09120051655788,-0.23079621173164355,-3.6031385127486715,4.931529456001329,0.9322661161422753,-0.13089586794376373,-0.013089586980640888,0.5457364098012785,0.545736409801284,204.1209797639929,204.12097976399292,203.57524335419163,202.8489474505205,1.2720323134724083,-2.3875738286468287,4.927855858853173,0.11074520550775396,11.89489636839882,4.548795281258062,42.66369853003185,26.078750124181052,0.033411250346972565,0.0,-1.4808995245630285,-0.7632193880834421
A3,420002,441,Z_mode_existing_controller,25.31444397918953,50.01105571359928,3.5277071649406935,-0.060016986655992685,0.9167742729187012,False,False,-0.9167742729187012,-0.09167742729187012,-3.4875642965886087,-3.4875642965885976,192.99208120477647,192.99208120477647,196.47964550136507,193.1385635825801,-0.14648237780363615,-3.8041690300551037,3.3352479019065373,0.9167742729186984,-0.01930311881005764,-0.0019303119042888284,-0.27537690108620505,-0.27537690108621893,205.06390061309563,205.06390061309563,205.33927751418184,204.57765441458787,0.4862461985077573,-1.0062476117754313,0.6708317477954553,0.27366713507060325,6.935885008853475,5.594813513959119,40.323601916296624,24.564774008133394,0.05833859876161718,0.0,-3.2942980445986905,-0.2917477191046629
A3,420002,442,Omega_safe_one_step_QP,25.36467513627956,50.01013295579053,9.67879332262055,-0.1609720231656765,0.8837536573410034,False,False,-0.8837536573410034,-0.08837536722421646,-3.019496959232494,-3.0194969592324967,183.33533218944908,183.33533218944908,186.35482914868157,183.2571908156846,0.07814137376448116,-3.4166726024139193,5.117995366336081,0.8837536722421653,-0.09158030897378922,-0.009158031083643436,0.7153010966142612,0.7153010966142764,203.84424142981146,203.84424142981146,203.1289403331972,202.40752592056504,1.4367155092464259,-2.3429435265473835,4.9724861609526165,0.1438518023903843,10.59805060133558,4.6979260122868745,40.686090680228126,24.5381585981383,0.1520158489186869,0.0,-8.968779865991564,-0.862029305547864
A3,420002,443,Omega_safe_one_step_QP,25.344043098444676,50.00871035253351,3.247301936164149,-0.05540538702166663,0.8992645740509033,False,False,-0.8992645740509033,-0.08992645889520645,-3.4648782805662983,-3.4648782805663094,187.25335627730658,187.25335627730658,190.71823455787288,187.44278475939973,-0.1894284820931489,-3.8530131433330514,4.68165482541695,0.8992645889520673,-0.05014755576848984,-0.005014755763113499,0.8626279594530482,0.8626279594530426,204.82705143854392,204.82705143854392,203.96442347909087,203.2126731013649,1.614378337179005,-2.4264918411367526,4.888937846363247,0.17644486114601127,8.065469046654515,6.332666341392631,36.78753402524531,24.54120558380026,0.04369417935802211,0.0,-2.322369113214336,-0.9686270023074002
A3,420002,444,Omega_safe_one_step_QP,25.376600675408426,50.0069848750546,21.63450331577951,-0.3805290347616752,0.8986886739730835,False,False,-0.8986886739730835,-0.08986886590719223,-2.9122768726696155,-2.912276872669602,181.68167496567682,181.68167496567685,184.59395183834644,181.06668020963045,0.6149947560464,-3.240584871380407,5.294083097369593,0.898688659071918,-0.09025110304355621,-0.009025110863149166,0.7941061457691939,0.7941061457692022,203.3367867162625,203.3367867162625,202.5426805704933,201.74746931472205,1.5893174015404554,-2.2843175502769957,5.031112137223004,0.15783908688775933,7.796909224800617,5.379998743566037,40.79819979586942,26.607293104717705,0.342401280153243,0.0,-21.023314155008848,-0.9535904409242733
A3,420002,445,Omega_safe_one_step_QP,25.40370475905529,50.00584742342413,35.97667315212584,-0.6295858315638451,0.8920987844467163,False,False,-0.8920987844467163,-0.08920987695455551,-2.439378791746019,-2.4393787917460106,177.0929924230737,177.0929924230737,179.5323712148197,175.88284048361555,1.210151939458143,-2.7344268090277333,5.800241159722268,0.8920987695455519,-0.16711294651031494,-0.016711294651031494,0.5137553229197567,0.5137553229197511,201.8956754758252,201.8956754758252,201.38192015290542,200.56350843015932,1.3321670456658694,-2.1682415085182085,5.147188178981792,0.0998128113943138,9.354384613284923,4.966668254323332,40.28432118185583,20.749257749152726,0.5791040546104433,0.0,-35.756476979336185,-0.7993002273995273
A3,420002,446,Omega_safe_one_step_QP,25.399688757175454,50.00088800470785,34.50937273985346,-0.6077531380181251,0.8799684047698975,False,False,-0.8799684047698975,-0.08799684047698975,-2.504146813033234,-2.5041468130332314,178.1411918151866,178.1411918151866,180.64533862821983,177.0006807071831,1.1405111080034942,-2.8457235503677456,5.688944418382255,0.8799684047698966,0.046202193945646286,0.0046202195808291435,1.5414298476948667,1.5414298476948585,202.86182018106143,202.86182018106143,201.32039033336656,200.49994614683132,2.3618740342301123,-2.1620885265643226,5.153341160935679,0.29911271145397733,8.695732124957276,5.941138610337892,35.6482617825047,26.456358010340985,0.544615553299451,0.0,-33.63686387261532,-1.4171244205380589
A3,420002,447,Omega_safe_one_step_QP,25.41244922674312,49.99900688266378,40.292732328850434,-0.7250701562136458,0.8543188571929932,False,False,-0.8543188571929932,-0.08543188869953156,-2.240148659726551,-2.240148659726551,176.16941221117645,176.16941221117645,178.409560870903,174.75197794375805,1.4174342674184004,-2.622145774636062,5.912522194113938,0.854318886995316,0.0030514986719936132,0.0003051498788408935,1.3438479701410766,1.3438479701410821,202.06464787293436,202.06464787293436,200.7207999027933,199.89673701788504,2.167910855049314,-2.1021294835069924,5.213300203993008,0.25777298784976793,7.996850547291434,6.0845042785368255,45.67939151793452,22.67049064297991,0.6398223946361368,0.0,-39.631808210456256,-1.3007465130295799
A3,420002,448,Omega_safe_one_step_QP,25.4382939470133,49.99505255411089,50.43467783291908,-0.9346924191339808,0.819786787033081,False,False,-0.819786787033081,-0.0819786787033081,-1.7564363157274554,-1.7564363157274665,171.85719285424236,171.85719285424236,173.6136291699698,169.97853492198212,1.8786579322602392,-2.1425526045427445,6.392115364207256,0.8197867870330859,0.026529675349593163,0.002652967581525445,1.5083696938848368,1.5083696938848452,200.9637505179135,200.9637505179135,199.45538082402865,198.63277037447287,2.3309801434406268,-1.9755875756305303,5.339842111869471,0.2824745867545449,7.444031415994099,4.697084516445769,37.90820495806336,25.239856671347905,0.8024700125996391,0.0,-49.838559759454256,-1.398588086064379
A3,420002,449,Omega_safe_one_step_QP,25.458060767834883,49.99141278983852,60.16104006002297,-1.1040590116563993,0.7386155128479004,False,False,-0.7386155128479004,-0.07386155426502228,-1.3161411652822197,-1.3161411652822252,168.69099079474583,168.69099079474583,170.00713196002806,166.46481483727374,2.226175957472094,-1.7819028835485677,6.752765085201433,0.7386155426502246,0.20393046736717224,0.020393047481775284,2.310357108583061,2.310357108583055,200.7726313304152,200.7726313304152,198.46227422183216,197.65224336963382,3.120387960781386,-1.8762769154108807,5.439152772089121,0.42476415085058766,8.912083242490187,3.508120322680419,44.99625311764348,22.040757297435572,0.9538008143459606,0.0,-59.2426080979003,-1.8722327764688345
A3,420002,450,Omega_safe_one_step_QP,25.445022545157478,49.98615414371555,50.91635384694564,-0.9049626094804717,0.7224990129470825,False,False,-0.7224990129470825,-0.07224990427494049,-1.4951207214670053,-1.4951207214670026,171.38672222835544,171.38672222835544,172.88184294982244,169.5179860679031,1.868736160452329,-2.0693739825280066,6.465293986221994,0.722499042749402,-0.3637022376060486,-0.03637022525072098,-0.5082221886930999,-0.508222188693111,198.2523299328441,198.2523299328441,198.76055212153722,197.97946091783214,0.27286901501196326,-1.9061047053813867,5.409324982118613,0.26662868375398213,10.029515412085635,5.183655838620347,38.533552923166674,24.040760093577532,0.8320694622851228,0.0,-51.58470190022217,-0.1637214090071808
A3,420002,451,Omega_safe_one_step_QP,25.42672965474506,49.982394163164784,35.613821304187695,-0.6317790703401288,0.8161240816116333,False,False,-0.8161240816116333,-0.08161240816116333,-2.006184927596841,-2.0061849275968493,174.76377986233285,174.76377986233285,176.7699647899297,173.55145284688066,1.212327015452189,-2.4581861665387326,6.076481802211267,0.8161240816116352,-0.058835066854953766,-0.005883506964892149,1.0935406080003207,1.0935406080003234,200.4551622462784,200.4551622462784,199.36162163827808,198.5994972725812,1.855664973697202,-1.9662116570554735,5.349218030444527,0.2044299936507633,9.118496964949772,5.15810436683624,40.942794182980144,25.336426922970016,0.567258235351197,0.0,-35.067680555320294,-1.1133989842183212
A3,420002,452,Omega_safe_one_step_QP,25.42626161927488,49.979850340699706,34.93408434177945,-0.5922150150103034,0.8350726962089539,False,False,-0.8350726962089539,-0.08350726962089539,-2.082418499257152,-2.0824184992571633,175.04265728300558,175.04265728300558,177.12507578226274,173.93143713111266,1.1112201518929226,-2.4936972657720364,6.040970702977964,0.835072696208959,0.049556370824575424,0.004955637268722057,1.6611794474356762,1.6611794474356734,200.9393686603972,200.9393686603972,199.27818921296154,198.51835022854908,2.4210184318481254,-1.9578684145238185,5.357561272976182,0.31006261296809595,11.769677091768584,3.7952410922171826,39.38037645581071,26.764701933713397,0.5525481737283897,0.0,-34.03402145639939,-1.4526110591088752
A3,420002,453,Omega_safe_one_step_QP,25.370460969318277,49.97867514292534,1.9911566035734722,-0.03372526798199055,0.9234028458595276,False,False,-0.9234028458595276,-0.09234028309583664,-3.340821698687095,-3.340821698687084,185.02674272574944,185.02674272574947,188.36756442443655,185.22587651577138,-0.19913379002190368,-3.6179461299894182,4.916721838760583,0.9234028309583634,-0.19138672947883606,-0.019138673320412636,0.4219550600204014,0.4219550600203903,202.02094957217838,202.02094957217838,201.598994512158,200.84833423511398,1.1726153370644,-2.189948944443464,5.125480743056537,0.08232497226567688,9.009999593497138,5.477254463483495,41.30502974952624,23.854612800602347,0.02749059929872999,0.0,-1.315078000633548,-0.70356920223864
A3,420002,454,Omega_safe_one_step_QP,25.382575715571075,49.97683076018272,14.798477117232324,-0.24707015047385192,0.8855817914009094,False,False,-0.8855817914009094,-0.08855818212032318,-3.0142175655746812,-3.014217565574688,183.21046460119882,183.21046460119882,186.2246821667735,182.88391252940824,0.3265520717905872,-3.403657904223113,5.131010064526888,0.8855818212032343,-0.12864963710308075,-0.012864964082837105,0.7234552018467705,0.723455201846776,201.7460301186072,201.7460301186072,201.02257491676042,200.23763201412646,1.508398104480733,-2.132306984903707,5.183122702596293,0.1395790227934191,10.43949958423587,5.540426027985576,39.904924248229555,23.576382383383272,0.23328804796438973,0.0,-14.12672630250836,-0.9050388626884427
A3,420002,455,Omega_safe_one_step_QP,25.371398074614408,49.974803315685826,12.231324565291288,-0.20443966670117694,0.8800389170646667,False,False,-0.8800389170646667,-0.08800389617681503,-3.210662035658097,-3.2106620356580913,185.46062166542742,185.46062166542742,188.6712837010855,185.2385438268611,0.2220778385663209,-3.6483180576543144,4.886349911095687,0.8800389617681486,-0.09314938634634018,-0.009314938448369503,0.8535071806156952,0.8535071806157035,202.26954179076537,202.26954179076537,201.41603461014967,200.615289204162,1.654252586603377,-2.1716529542426324,5.1437767332573685,0.16593005973554537,9.797949606844277,4.737132173746142,43.473159770353384,20.98218880970505,0.1896612327631999,0.0,-11.428434246093275,-0.9925515519620234
A3,420002,456,Omega_safe_one_step_QP,25.366660935946637,49.97168186096838,9.135149177116546,-0.1551651909482019,0.9179298281669617,False,False,-0.9179298281669617,-0.0917929857969284,-3.4577134597060626,-3.45771345970606,186.39899178826528,186.39899178826528,189.85670524797135,186.30910060470595,0.08989118355933101,-3.7668602123428956,4.767807756407105,0.9179298579692837,-0.031251370906829834,-0.003125137183815241,1.2060579791185078,1.2060579791185133,202.6834385020855,202.68343850208552,201.477380522967,200.65723251750404,2.0262059845814804,-2.177787545524366,5.137642141975634,0.23474931608505034,8.570571006945805,4.080695987167089,37.27810303272304,24.855345390789502,0.1348308159537872,0.0,-8.054256402320789,-1.215723590748894
A3,420002,457,Omega_safe_one_step_QP,25.375296936514445,49.97025821423265,15.935529718522048,-0.26360137289369173,0.918846070766449,False,False,-0.918846070766449,-0.09188460558652878,-3.3256162188933347,-3.3256162188933276,185.05588619886973,185.05588619886976,188.38150241776307,184.68782484589104,0.3680613529787138,-3.6193399293220705,4.91532803942793,0.918846055865286,-0.08452831208705902,-0.008452831767499447,0.9851793212205556,0.9851793212205556,202.05340965983797,202.05340965983797,201.0682303386174,200.2236318024741,1.8297778573638652,-2.1368725270894062,5.178557160410594,0.1902420482585623,10.567455756931299,6.590509542918731,41.461443075878925,30.444204655365912,0.24861626479419385,0.0,-15.08627926889676,-1.0978667144183163
A3,420002,458,Omega_safe_one_step_QP,25.373579479890335,49.97277358095565,17.55432961720362,-0.2931065223688292,0.9034335613250732,False,False,-0.9034335613250732,-0.09034335613250732,-3.31638644666562,-3.316386446665609,185.58040881237582,185.58040881237585,188.89679525904145,185.12992786345217,0.4504809489236834,-3.6708692134499086,4.863798755300093,0.9034335613250699,-0.1231025829911232,-0.012310258112847805,0.7516951966000884,0.7516951966000912,202.06254742754814,202.06254742754814,201.31085223094806,200.4538279552528,1.6087194722953484,-2.16113471632247,5.154294971177531,0.1458386065996455,9.882904360551219,4.975920787227086,40.025205351741384,27.414482327231212,0.27653311601259745,0.0,-16.865631049839067,-0.9652316833772119
A3,420002,459,Omega_safe_one_step_QP,25.36825012211537,49.97327791393623,16.797708626056192,-0.26996404991461775,0.9055230021476746,False,False,-0.9055230021476746,-0.09055230021476746,-3.436962995755635,-3.4369629957556325,186.70669716713934,186.70669716713934,190.14366016289497,186.31208111894614,0.39461604819319973,-3.79555570383526,4.739112264914741,0.905523002147674,-0.08793965727090836,-0.00879396591335535,0.9006480939686562,0.9006480939686479,202.49489500942929,202.49489500942926,201.59424691546062,200.7255917373203,1.7693032721089708,-2.1894741847737262,5.125955502726274,0.17570345538302704,11.926116151018954,5.4141129290805825,37.916456976459784,23.25739644678003,0.26406436834431446,0.0,-16.00019103113482,-1.0615819632653825
A3,420002,460,Z_mode_existing_controller,25.33526543335391,49.97181239691852,14.092963473957752,-0.23662035642579266,0.9368297457695007,False,False,-0.9368297457695007,-0.09368297457695007,-3.5228688369119396,-3.522868836911931,193.33868976867308,193.33868976867308,196.861558605585,192.98472258208614,0.35396718658694226,-3.760415222531493,3.379001709430149,0.9368297457694986,-0.01221983041614294,-0.0012219831114634871,-0.23410943518534788,-0.23410943518535343,202.69894720155108,202.69894720155108,202.93305663673644,202.05759604437304,0.6413511571780361,-1.0062476117754313,0.6708317477954553,0.232655891498007,7.714199591037815,3.71049116435662,43.51339379860224,24.481098170502708,0.22811981571850204,0.0,-13.9362725953697,-0.3848106943068217
A3,420002,461,Z_mode_existing_controller,25.362983518642707,49.97140081577242,7.119293772822857,-0.11859700577574842,0.9098016619682312,False,False,-0.9098016619682312,-0.090980164706707,-3.424391365034064,-3.4243913650340607,187.65879987534615,187.65879987534615,191.08319124038022,187.6163533553607,0.042446519985446685,-3.7638878497013963,3.375529082260245,0.9098016470670695,-0.004675149451941252,-0.0004675149393733591,-0.1820384952162052,-0.18203849521621351,201.50156992023273,201.50156992023273,201.68360841544893,200.8771127843373,0.6244571358954261,-1.0062476117754313,0.6708317477954553,0.18090825069887453,9.416675161252286,4.062073836011393,38.86110022718168,24.651160190610334,0.11615882015595247,0.0,-6.860778311442118,-0.3746742815372528
A3,420002,462,Z_mode_existing_controller,25.35909035755922,49.97040843537221,-2.9675960336098797,0.046879145704696264,0.9236708283424377,False,False,-0.9236708283424377,-0.09236708283424377,-3.479593600669262,-3.4795936006692605,188.084456913088,188.084456913088,191.56405051375725,188.46000508365947,-0.37554817057147716,-3.7671359686800154,3.3722809632816264,0.9236708283424375,-0.010741574689745903,-0.0010741575388237834,-0.22258827247707003,-0.22258827247706447,201.5143462173948,201.51434621739483,201.73693448987189,200.99266912649395,0.5216770909008801,-1.0062476117754313,0.6708317477954553,0.22120626163209267,12.452571393364805,3.701590207257685,36.266443013023945,22.23237985056312,-0.04460151060855111,0.0,3.3252037987585936,-0.31300625454053943
A3,420002,463,Omega_safe_one_step_QP,25.30073960060934,49.96857601756045,-38.096401350770975,0.6041209885952458,0.9233517646789551,False,False,-0.9233517646789551,-0.09233517944812775,-4.67217772400507,-4.672177724005072,198.11611648620922,198.11611648620922,202.7882942102143,200.01294754692412,-1.8968310607149022,-5.060019108567192,3.4746488601828087,0.9233517944812778,-0.07595217972993851,-0.007595218252390623,0.7597694699070262,0.7597694699070414,204.79640015205806,204.79640015205808,204.03663068215104,203.3509411722674,1.4454589797906863,-2.4337125614427695,4.881717126057231,0.15563570159598267,9.489583135319569,5.95359177605472,39.87723784166743,26.218211374933784,-0.6262974479315737,0.0,39.58997418657691,-0.8672753878744146
A3,420002,464,Z_mode_existing_controller,25.319528068521755,49.97018282384235,-1.8686626439894098,0.02943069019797227,0.9490373730659485,False,False,-0.9490373730659485,-0.09490373730659485,-3.5760674478622327,-3.5760674478622354,195.70169236942158,195.70169236942158,199.27775981728382,196.03976176898172,-0.3380693995601405,-3.7680997075061784,3.3713172244554634,0.9490373730659493,-0.006496386602520943,-0.0006496386486105621,-0.20009402904974938,-0.20009402904973828,203.16685970882327,203.16685970882327,203.36695373787302,202.60617514517088,0.5606845636523872,-1.0062476117754313,0.6708317477954553,0.1988516809462939,10.821145016454663,4.492973266010224,41.200800895869286,26.586541706508388,-0.028159151644665315,0.0,2.2332325338247756,-0.3364107381914323
A3,420002,465,Omega_safe_one_step_QP,25.3041592269195,49.97215685500814,-36.49774084826913,0.5717096567125236,0.9473288059234619,False,False,-0.9473288059234619,-0.09473288059234619,-4.716123515038713,-4.716123515038705,197.25536511989577,197.25536511989577,201.97148863493447,199.0610831185589,-1.805717998663141,-4.978338551039211,3.5563294177107907,0.9473288059234602,-0.09901565313339233,-0.009901565499603748,0.6740395973130073,0.6740395973130114,204.7380980865739,204.7380980865739,204.0640584892609,203.3606701536525,1.3774279329213925,-2.436455342153754,4.878974345346246,0.13815190439686087,10.440771951955544,4.79315975063842,37.85396072794836,24.314984641901418,-0.5988913886702676,0.0,37.92308899669297,-0.8264567597528298
A3,420002,466,Omega_safe_one_step_QP,25.297404387905967,49.97260305065407,-30.501945942672137,0.4701676279228015,0.9506871700286865,False,False,-0.9506871700286865,-0.09506871551275253,-4.879305028901013,-4.879305028901001,198.63277993955828,198.63277993955828,203.51208496845928,200.1594762013999,-1.5266962618416358,-5.13239818439169,3.4022697843583103,0.9506871551275233,-0.24082732200622559,-0.024082733318209648,-0.04601665030501273,-0.04601665030502522,204.36041268331425,204.36041268331422,204.40642933361926,203.631698003899,0.7287146794152193,-2.47069242658959,4.84473726091041,0.018625001562231732,11.173510207536182,3.909502107224263,41.14090668359149,26.398199655880365,-0.49454885849021935,0.0,31.433723608811306,-0.4372288076491344
A3,420002,467,Omega_safe_one_step_QP,25.273502009465368,49.975010051639515,-32.01291255297201,0.4896246717365832,0.9478499293327332,False,False,-0.9478499293327332,-0.09478499740362167,-5.3285893487136695,-5.328589348713665,203.07715891668374,203.07715891668374,208.40574826539742,204.66595522690767,-1.5887963102239269,-5.621764514085504,2.912903454664497,0.947849974036216,-0.35583779215812683,-0.03558377921581268,-0.7213189846428283,-0.7213189846428283,204.85653961005704,204.85653961005704,205.57785859469988,204.73966781099742,0.11687179905962353,-2.5878353526976516,4.727594334802348,0.27873449672557404,10.608744901761543,5.792045084356336,35.22498618956002,24.029001767977856,-0.513460841058496,0.0,32.59649647346578,-0.07012307943577412
A3,420002,468,Omega_safe_one_step_QP,25.27670694079521,49.976061402818516,-20.36331430973587,0.31873161925041704,0.9444291591644287,False,False,-0.9444291591644287,-0.09444291889667511,-5.2679491642307505,-5.267949164230765,202.69934022195324,202.6993402219532,207.96728938618398,203.83071215573162,-1.1313719337784107,-5.577918626164161,2.9567493425858413,0.9444291889667532,-0.3065257966518402,-0.03065258078277111,-0.48021528688406423,-0.48021528688405174,205.0524171593908,205.0524171593908,205.53263244627487,204.62816233693943,0.42425482245138824,-2.5833127378551515,4.732116949644849,0.185891270478835,9.408877044587149,3.913227371917695,41.24137118428519,27.26505045326487,-0.3280236667425047,0.0,20.945890869948926,-0.2545528934708301
A3,420002,469,Omega_safe_one_step_QP,25.284896421716507,49.979087995540006,-11.331352167109799,0.17307955564012034,0.9566164612770081,False,False,-0.9566164612770081,-0.09566164761781693,-5.197366753541835,-5.197366753541837,201.32146224670487,201.32146224670487,206.5188290002467,202.05332837739402,-0.7318661306891556,-5.433072587570434,3.101595381179568,0.9566164761781693,-0.33988115191459656,-0.033988114446401596,-0.6157094807954469,-0.6157094807954497,204.76969392815772,204.76969392815772,205.38540340895318,204.42510633633412,0.344587591823597,-2.5685898341229825,4.746839853377018,0.23970720144412513,11.305077255549449,5.571960490297059,40.35428679588448,29.84997060274148,-0.17908766490638683,0.0,11.717192387110117,-0.20675255509415535
A3,420002,470,Omega_safe_one_step_QP,25.276385128637383,49.983950815708866,-10.452176811579193,0.16014735557344378,0.9640696048736572,False,False,-0.9640696048736572,-0.0964069589972496,-5.413151832567903,-5.413151832567914,202.9239252755054,202.9239252755054,208.33707710807332,203.63021319628484,-0.706287920779431,-5.6148973983530945,2.919770570396906,0.9640695899724981,-0.28897443413734436,-0.028897443786263466,-0.42258596679315,-0.4225859667931514,205.61903024185602,205.61903024185602,206.04161620864917,205.04034323450915,0.578687007346872,-2.634211114092583,4.681218573407418,0.1604222093409249,10.75216619418736,4.8388372891087625,42.64497579461462,24.164588344301535,-0.16747292807533043,0.0,10.966861944062657,-0.34721220440812317
A3,420002,471,Omega_safe_one_step_QP,25.27181678483053,49.985668519741225,-7.474827817089135,0.11412553341451466,0.9644004702568054,False,False,-0.9644004702568054,-0.09644004702568054,-5.5185855300916105,-5.518585530091599,203.89248357477732,203.89248357477732,209.41106910486891,204.46447706299938,-0.5719934882220628,-5.722296598032654,2.812371370717347,0.9644004702568036,-0.3826790452003479,-0.03826790675520897,-0.9097693269092364,-0.9097693269092475,205.4484055279843,205.4484055279843,206.35817485489355,205.3163408708308,0.13206465715350646,-2.66586697871702,4.64956270878298,0.34126583740764316,10.769549772714328,3.587998325672224,40.583533281521724,26.34138536411138,-0.11472364855816508,0.0,7.668790259939669,-0.07923879429209535
A3,420002,472,Omega_safe_one_step_QP,25.25572764055184,49.98868897595553,-10.12930749856514,0.15124579359141066,0.9654261469841003,False,False,-0.9654261469841003,-0.09654261916875839,-5.845552696004333,-5.8455526960043445,206.89148463329786,206.89148463329784,212.73703732930218,207.577110767166,-0.6856261338681691,-6.05489342047598,2.4797745482740203,0.9654261916875856,-0.3102046847343445,-0.03102046810090542,-0.6395399277187269,-0.6395399277187366,206.59122515809645,206.59122515809642,207.23076508581516,206.1517976759001,0.4394274821963222,-2.7531260018091808,4.56230368569082,0.23229591645949776,11.431621376267941,2.698333668249772,43.094917943185834,25.419352138113624,-0.16033375376337844,0.0,10.55329774164602,-0.26365648931779617
A3,420002,473,Omega_safe_one_step_QP,25.223900432156913,49.99204074663638,-23.06757633221514,0.33832379380636896,0.9862644076347351,False,False,-0.9862644076347351,-0.09862644225358963,-6.604989813866732,-6.604989813866727,212.5528798656112,212.5528798656112,219.15786967947793,213.77449952387627,-1.2216196582650696,-6.696976655493556,1.837691313256445,0.9862644225358959,-0.29781585931777954,-0.029781585559248924,-0.7134165773090437,-0.7134165773090506,208.07014102573098,208.07014102573095,208.78355760304,207.66678679136578,0.4033542343651675,-2.908405253531665,4.407024433968335,0.2452947629780106,11.147278922720773,4.523315089348026,41.92089568294585,23.796148527077932,-0.3703355334519465,0.0,23.679924406286773,-0.2420125406191005
A3,420002,474,Omega_safe_one_step_QP,25.218098995336348,49.99510583435848,-17.471659601716965,0.265268800837414,0.9807772636413574,False,False,-0.9807772636413574,-0.09807772934436798,-6.69474531914534,-6.694745319145329,213.7529450113663,213.7529450113663,220.44769033051165,214.751848911999,-0.9989039006326834,-6.825958720596925,1.7087092481530748,0.9807772934436788,-0.47632744908332825,-0.047632746398448944,-1.6313277169378275,-1.6313277169378373,207.59276654075262,207.5927665407526,209.22409425769044,208.05531204042782,-0.4625454996752296,-2.9524589189967076,4.362970768503293,0.5525318934809051,8.844943103469173,6.806508333065726,36.91910081372849,19.426192180245256,-0.2726713009174422,0.0,17.466803602829714,0.27752729980514346
A3,420002,475,Omega_safe_one_step_QP,25.264088052698295,49.99462586558502,17.11413178919156,-0.26513212496434707,0.93590247631073,False,False,-0.93590247631073,-0.09359025210142136,-5.557165652976987,-5.557165652976978,206.00854922278526,206.00854922278526,211.56571487576224,205.57773490766724,0.4308143151180275,-5.937761175121986,2.5969067936280146,0.9359025210142121,-0.17288218438625336,-0.017288219183683395,-0.0019245736125675372,-0.0019245736125675372,207.28646623079737,207.28646623079737,207.28839080440994,206.06787784401342,1.2185883867839493,-2.7588885736686595,4.556541113831342,0.0006975901929987395,9.639485727966802,4.481145276875521,39.28025139327396,21.563611648871944,0.2733934762013366,0.0,-16.656372233323054,-0.7311530320703667
A3,420002,476,Omega_safe_one_step_QP,25.275005314664146,49.994612983823195,19.64852127143058,-0.31273588791885004,0.9538891315460205,False,False,-0.9538891315460205,-0.09538891166448593,-5.47537409672837,-5.475374096728366,204.11325914379916,204.11325914379916,209.5886332405275,203.55124740704454,0.5620117367546129,-5.740053011598515,2.7946149571514862,0.9538891166448584,-0.23985758423805237,-0.023985758423805237,-0.2710007362393657,-0.2710007362393685,206.58345218945922,206.58345218945922,206.85445292569858,205.6241178025971,0.9593343868621105,-2.7154947857975245,4.599934901702476,0.09979792178454772,8.490150707161758,5.934073391901364,39.915957973349926,26.14825190501347,0.3161905235537523,0.0,-19.389111162867266,-0.5756006321172578
A3,420002,477,Omega_safe_one_step_QP,25.3130150119078,49.99675511137027,38.978323063514836,-0.6307029015701181,0.9452336430549622,False,False,-0.9452336430549622,-0.0945233628153801,-4.731238955019307,-4.731238955019301,197.51051031688039,197.51051031688039,202.2417492718997,196.16474356799418,1.3457667488862057,-5.005364614735732,3.5293033540142695,0.9452336281537996,-0.003886922262609005,-0.0003886922204401344,1.0093646832828262,1.0093646832828234,206.40700383643858,206.40700383643858,205.39763915315575,204.15781499130517,2.2491888451334034,-2.56981340854324,4.74561627895676,0.21269412104779664,9.181137524616217,6.219632643144527,41.996253021458095,23.727844166664326,0.618081669934968,0.0,-38.246891426369984,-1.3495133070800307
A3,420002,478,Z_mode_existing_controller,25.338502958184552,49.99675543805968,65.82114213684872,-1.0705872001947063,0.9319044351577759,False,False,-0.9319044351577759,-0.09319044649600983,-3.4896285757891845,-3.4896285757891756,193.89550506663642,193.89550506663645,197.38513364242561,191.40791129613686,2.4875937704995863,-3.7446205131537824,3.394796418807859,0.9319044649600959,0.0028531921561807394,0.0002853192272596061,-0.13831015634420962,-0.13831015634420962,204.2113756680841,204.2113756680841,204.3496858244283,203.12528944720273,1.0860862208813558,-1.0062476117754313,0.6708317477954553,0.13745141327607632,9.976579211832913,6.012172797765391,41.27061970612879,22.770582033804864,1.0659253276156946,0.0,-66.23541573193597,-0.6516517325288049
A3,420002,479,Z_mode_existing_controller,25.34755503893634,49.99585520749922,47.19031034438285,-0.7602463815972443,0.9292117357254028,False,False,-0.9292117357254028,-0.0929211750626564,-3.483021907311238,-3.483021907311226,191.7845632581532,191.7845632581532,195.26758516546445,190.09977311492833,1.6847901432248875,-3.7483618830289744,3.3910550489326665,0.929211750626561,0.002023954875767231,0.0002023954875767231,-0.14308348984222452,-0.14308348984222452,203.71199302473664,203.71199302473664,203.85507651457885,202.76487264937828,0.9471203753583666,-1.0062476117754313,0.6708317477954553,0.1421951099985886,10.86101768991626,5.088303651288064,38.516802022393165,23.434540088760674,0.7650829525261535,0.0,-47.38712107169431,-0.5682722252150114
A3,420002,480,Z_mode_existing_controller,25.3324122656154,49.99505364891456,30.19220822695297,-0.4893001291129999,0.9252604842185974,False,False,-0.9252604842185974,-0.09252604842185974,-3.4715948027675596,-3.471594802767572,194.45474993919717,194.45474993919714,197.92634474196473,193.44390719326827,1.0108427459288691,-3.7520188768240716,3.38739805513757,0.925260484218601,0.00038607788155786693,3.860778815578669e-05,-0.1527408930188795,-0.15274089301887256,204.2332607287881,204.2332607287881,204.386001621807,203.41066749773785,0.8225932310502628,-1.0062476117754313,0.6708317477954553,0.1517925520830557,9.713768358552686,5.6317303342098475,40.673265482832676,26.237538473865644,0.48924830489797344,0.0,-30.187900593220547,-0.4935559386301662
A3,420002,481,Z_mode_existing_controller,25.342485307118856,49.9961961326879,17.63040687575358,-0.2842506073572699,0.9208585023880005,False,False,-0.9208585023880005,-0.09208585321903229,-3.4583629663775,-3.458362966377489,192.14118618752954,192.14118618752957,195.59954915390705,191.66498584468366,0.47620034284591384,-3.7555855166499406,3.3838314153117013,0.92085853219032,0.0015616366872563958,0.00015616367454640567,-0.1445955986433184,-0.14459559864332255,203.81895202163344,203.81895202163344,203.96354762027676,203.08028163788808,0.7386703837453581,-1.0062476117754313,0.6708317477954553,0.14369783038609843,10.440158159991823,5.478602893282605,38.02665923434664,26.06201431566826,0.2864298614782683,0.0,-17.473634506985036,-0.4432022302472092
A3,420002,482,Z_mode_existing_controller,25.337378652103304,49.996868520323666,6.29738062110755,-0.10031056089065622,0.9218966364860535,False,False,-0.9218966364860535,-0.09218966215848923,-3.4654654317742324,-3.4654654317742457,192.8137041780422,192.81370417804217,196.27916960981642,192.80747826249612,0.006225915546053784,-3.759060778221017,3.3803561537406246,0.921896621584896,-0.007151474244892597,-0.0007151474128477275,-0.19966993657020704,-0.19966993657020982,203.9562276178002,203.9562276178002,204.15589755437043,203.3515219964301,0.6047056213701012,-1.0062476117754313,0.6708317477954553,0.1984302215812573,10.897127451000816,3.839232765276389,36.94251708561366,27.78731408323783,0.10390144961400694,0.0,-6.038458697898932,-0.36282337282206356
A3,420002,483,Omega_safe_one_step_QP,25.310578707721223,49.99870837727644,-28.470914733359677,0.47213671813179026,0.9435426592826843,False,False,-0.9435426592826843,-0.09435426443815231,-4.6270199471300835,-4.627019947130069,196.59988364586403,196.59988364586405,201.22690359299412,198.1405286937887,-1.5406450479246416,-4.903880046845175,3.630787921904826,0.9435426443815201,-0.0028934080619364977,-0.00028934082365594804,1.0190632049999773,1.0190632049999926,206.34576942916118,206.34576942916118,205.3267062241612,204.58899641082166,1.7567730183395156,-2.562720115643784,4.752709571856217,0.21441731071355735,7.287773269106644,4.065903709279257,39.76738060993142,25.58929360786219,-0.4746085408628735,0.0,29.999587085226267,-1.054063811003715
A3,420002,484,Z_mode_existing_controller,25.348906978882525,49.9989894976073,5.793973603080303,-0.09614918747450046,0.9314393401145935,False,False,-0.9314393401145935,-0.09314393252134323,-3.50252544044798,-3.5025254404479824,190.36217669224976,190.36217669224976,193.86470213269774,190.37282809138947,-0.010651399139703699,-3.7603366592294165,3.3790802727322253,0.931439325213433,-0.0015239778440445662,-0.00015239778440445662,-0.16581216033605406,-0.16581216033605684,203.5929068673051,203.5929068673051,203.75871902764115,202.95453600541666,0.6383708618884327,-1.0062476117754313,0.6708317477954553,0.16478266223508997,9.010050530666586,5.102421586033059,36.990596887541834,26.122646010630874,0.09415864038303745,0.0,-5.505109726329465,-0.3830225171330568
A3,420002,485,Z_mode_existing_controller,25.36096123765283,49.9989803610334,0.6545744297636702,-0.010726650788052227,0.8893386721611023,False,False,-0.8893386721611023,-0.08893387019634247,-3.3472829923331506,-3.3472829923331364,187.82412702459678,187.8241270245968,191.17141001692994,188.0466199453744,-0.2224929207775972,-3.7637887398167145,3.375628192144927,0.8893387019634209,-0.03979729488492012,-0.003979729488492012,-0.39990702458348737,-0.39990702458347627,202.79149445037717,202.79149445037717,203.19140147496066,202.4501262322277,0.3413682181494835,-1.0062476117754313,0.6708317477954553,0.39742407326351525,10.333501675489288,5.035879422127761,44.91419751647619,24.956296719152324,0.014464503128753137,0.0,-0.46421800200278085,-0.20482093088969577
A3,420002,486,Z_mode_existing_controller,25.352813629377412,49.998834847419424,-10.096999346592384,0.16131326979440472,0.9221043586730957,False,False,-0.9221043586730957,-0.09221043437719345,-3.4734988751516283,-3.473498875151642,189.01771821911214,189.0177182191121,192.49121709426376,189.68376198526363,-0.6660437661515175,-3.7669260519292536,3.3724908800323883,0.9221043437719381,-0.016318408772349358,-0.0016318409470841289,-0.2574645075994947,-0.25746450759948913,203.21441295349484,203.21441295349487,203.47187746109435,202.7857722719039,0.4286406815909629,-1.0062476117754313,0.6708317477954553,0.25586595643712057,11.483625762039942,5.049994119762017,41.64625212749235,22.911281460545663,-0.1602463185101115,0.0,10.5144300740576,-0.2571844089545863
A3,420002,487,Z_mode_existing_controller,25.32669100943363,49.997715228434465,-16.52025681530631,0.26933438298676804,0.9278230667114258,False,False,-0.9278230667114258,-0.09278231114149094,-3.4980804468328888,-3.4980804468328754,193.85521126088165,193.85521126088165,197.35329170771453,194.81408523807207,-0.9588739771904216,-3.770201888481086,3.3692150434805557,0.9278231114149059,-0.010987143032252789,-0.0010987143032252789,-0.22483193486623892,-0.2248319348662542,204.22885107333872,204.22885107333872,204.45368300820496,203.81584019132447,0.4130108820142482,-1.0062476117754313,0.6708317477954553,0.2234359935220705,9.030827578289687,4.077401677150891,39.35532042795358,23.28023266319194,-0.26611507679256796,0.0,17.034178421306933,-0.24780652920854607
A3,420002,488,Z_mode_existing_controller,25.334381260476835,49.99671457197897,-20.346748981692144,0.33836116420960294,0.9219678044319153,False,False,-0.9219678044319153,-0.09219678491353989,-3.4790015357866593,-3.4790015357866544,192.07152585303683,192.07152585303683,195.5505273888235,193.2074127041541,-1.1358868511172773,-3.773452120970585,3.3659648109910565,0.9219678491353976,-0.006335080601274967,-0.0006335080834105611,-0.19453788805806893,-0.19453788805806338,203.82426786147641,203.82426786147644,204.0188057495345,203.41630464943586,0.4079632120405847,-1.0062476117754313,0.6708317477954553,0.19333003704209462,8.238491782375297,4.3871927885349535,43.58380756811544,26.094249004118257,-0.32874201189391483,0.0,20.920268920809576,-0.244777927224348
A3,420002,489,Omega_safe_one_step_QP,25.35704829928615,49.997174735140405,-23.748691992717795,0.39281413102636603,0.9025614261627197,False,False,-0.9025614261627197,-0.09025614708662033,-3.48376524558357,-3.48376524558356,187.302985816369,187.30298581636902,190.78675106195257,188.59703139769655,-1.2940455813275378,-3.8598647937410204,4.6748031750089805,0.9025614708662008,-0.01324627734720707,-0.0013246277812868357,1.1305188730130935,1.1305188730131004,204.1657435386007,204.1657435386007,203.0352246655876,202.46065945430405,1.705084084296658,-2.333571959786426,4.9818577277135745,0.22692716950227973,9.621462877408403,4.9509364047475595,36.42446007729444,25.186823518913624,-0.3956209337952572,0.0,25.167363377090624,-1.0230504505779976
A3,420002,490,Z_mode_existing_controller,25.355655256271977,49.996212759527715,-14.654958804467242,0.24584272466744864,0.9128585457801819,False,False,-0.9128585457801819,-0.09128585457801819,-3.445299790924465,-3.445299790924465,187.84999596578908,187.84999596578908,191.29529575671353,188.7350931435584,-0.8850971777693246,-3.7741880238190815,3.3652289081425604,0.9128585457801818,-0.026178430765867233,-0.0026178432162851095,-0.31804070662472816,-0.31804070662471984,202.75789489899643,202.75789489899643,203.07593560562114,202.44138433840223,0.316510560594196,-1.0062476117754313,0.6708317477954553,0.31606604865731436,8.758087655943157,4.829693259322561,42.159114342849485,23.3588089730849,-0.23492589495957006,0.0,15.079791035783273,-0.18990633635651477
A3,420002,491,Omega_safe_one_step_QP,25.36939705008627,49.99446982194084,-12.265299801216315,0.20363866238986128,0.8764887452125549,False,False,-0.8764887452125549,-0.08764887601137161,-3.167196893253214,-3.1671968932532266,185.1559605227133,185.1559605227133,188.3231574159665,185.95669684999874,-0.8007363272854491,-3.6135054291424136,4.921162539607588,0.8764887601137191,-0.07655225694179535,-0.007655225694179535,0.8474968892968671,0.8474968892968809,203.19540751073737,203.19540751073737,202.3479106214405,201.7479913908042,1.447416119933166,-2.264840555371714,5.050589132128287,0.16780159049282056,10.041400726229064,5.139703623927087,42.99604698322327,24.200794414316704,-0.20617957235216622,0.0,13.339929045528152,-0.868449671959894
A3,420002,492,Omega_safe_one_step_QP,25.36370131611877,49.993202670364134,-8.173693096360694,0.13567693057303554,0.8770251870155334,False,False,-0.8770251870155334,-0.08770252019166946,-3.288542412020727,-3.288542412020741,186.39611616878202,186.396116168782,189.68465858080273,187.03027355351279,-0.6341573847307984,-3.7496555456260348,4.785012423123966,0.8770252019166984,-0.059996530413627625,-0.00599965313449502,0.9109798123923762,0.910979812392379,203.46419548716426,203.46419548716426,202.55321567477188,201.90607710514945,1.5581183820148112,-2.2853710607048536,5.030058626795147,0.1811071957570405,9.795125400959481,5.93349545956753,41.19915675597693,25.80799707641474,-0.14094062603305701,0.0,9.249504751603126,-0.9348710292088924
A3,420002,493,Omega_safe_one_step_QP,25.368621203861334,49.992883479382115,-1.845423601526818,0.031294665677862925,0.8935484290122986,False,False,-0.8935484290122986,-0.08935484290122986,-3.2837626631721974,-3.283762663172207,185.6540291917501,185.6540291917501,188.93779185492232,186.02470313372896,-0.3706739419788505,-3.6749688730379946,4.859699095712006,0.8935484290123012,-0.07082293182611465,-0.007082293275743723,0.8978637628672403,0.8978637628672487,203.260734357918,203.260734357918,202.36287059505077,201.67315992674472,1.5875744311732944,-2.2663365527327413,5.0490931347672605,0.17782673816901892,8.749490210222636,3.3981379187713774,41.37808377183884,23.73120652688482,-0.03916093536570742,0.0,2.8371291955963898,-0.9525446587039852
A3,420002,494,Omega_safe_one_step_QP,25.370047414460252,49.9909495382852,4.48665229467224,-0.07307311267398844,0.8830456733703613,False,False,-0.8830456733703613,-0.08830457180738449,-3.241322496318581,-3.24132249631857,185.65294917619838,185.6529491761984,188.89427167251696,185.7590909869097,-0.10614181071130702,-3.6706168547974602,4.864051113952541,0.8830457180738418,-0.06554637849330902,-0.006554638035595417,0.9207114531359334,0.9207114531359473,203.15077538482132,203.15077538482132,202.23006393168538,201.50319153346717,1.6475838513541419,-2.253055886396202,5.062373801103799,0.18187346278838507,11.253660857294594,5.574165991715022,37.769791624106496,29.24696346242309,0.0649097000865666,0.0,-3.5630116839456605,-0.9885503108124851
A3,420002,495,Z_mode_existing_controller,25.347880567045625,49.992669226763184,0.19798156414071855,-0.0032701470018031502,0.9387238621711731,False,False,-0.9387238621711731,-0.09387239068746567,-3.5369567846784564,-3.536956784678469,189.9175853562795,189.9175853562795,193.45454214095795,190.17169539157663,-0.2541100352971455,-3.7678349925637193,3.3715819393979225,0.9387239068746597,-0.01544107310473919,-0.0015441073337569833,-0.2547237528733898,-0.25472375287339255,203.03606017504106,203.03606017504106,203.29078392791445,202.5398335174481,0.49622665759295614,-1.0062476117754313,0.6708317477954553,0.2531422185678095,9.338798032328757,5.777706228379989,39.37608835705128,24.270970177238457,0.005077939761680028,0.0,0.09467649065300066,-0.29773599455576516
A3,420002,496,Omega_safe_one_step_QP,25.360571270152246,49.99175756801258,-4.118845535486798,0.06641902564961487,0.8891891837120056,False,False,-0.8891891837120056,-0.08891891688108444,-3.420406360657406,-3.420406360657409,187.23427373795766,187.23427373795766,190.65468009861507,187.69693576403327,-0.4626620260756056,-3.84665769740727,4.688010271342731,0.8891891688108449,-0.027506042271852493,-0.0027506041806191206,1.0776629263914566,1.0776629263914455,203.72607347229996,203.72607347229993,202.6484105459085,201.9537076081804,1.7723658641195357,-2.2948905478185138,5.020539139681487,0.21465083657525563,11.405668425890976,6.503654363117989,44.68081914128017,20.371704539150027,-0.07600467203513972,0.0,5.258269725994069,-1.0634195184717186
A3,420002,497,Z_mode_existing_controller,25.349279553856483,49.98905600822905,-0.5612707566806421,0.009103688778915821,0.9164156317710876,False,False,-0.9164156317710876,-0.09164156764745712,-3.4538674495231696,-3.453867449523164,189.6710874901118,189.6710874901118,193.12495493963496,189.95758523002684,-0.2864977399150348,-3.768887349035879,3.370529582925762,0.9164156764745699,-0.006922089960426092,-0.0006922089960426092,-0.19730541711392158,-0.19730541711392435,202.81116154132428,202.81116154132425,203.0084669584382,202.28058372627603,0.5305778150482183,-1.0062476117754313,0.6708317477954553,0.19608038300413663,10.48232875655358,4.5484784744017634,40.832164434576086,24.282739047462517,-0.006771425598348202,0.0,0.8863888713085544,-0.31834668902892815
A3,420002,498,Z_mode_existing_controller,25.33453459781727,49.988540359170116,-7.56773761093973,0.1267874809162608,0.9124314188957214,False,False,-0.9124314188957214,-0.09124314039945602,-3.44178045440004,-3.4417804544000328,192.30118408373153,192.30118408373153,195.74296453813156,192.89320686418793,-0.5920227804564036,-3.772097759165421,3.367319172796221,0.9124314039945585,-0.009851664304733276,-0.0009851664071902633,-0.215096109893384,-0.2150961098933729,203.33049210993462,203.33049210993462,203.545588219828,202.87315110045688,0.45734100947774436,-1.0062476117754313,0.6708317477954553,0.21376061654830228,7.869599024895869,5.23234027305789,40.51540666304477,24.19477706718753,-0.1217459567691252,0.0,7.9638881733953895,-0.27440460568664093
A3,420002,499,Omega_safe_one_step_QP,25.367898217760217,49.98763051732447,-6.29031096183553,0.10481676888264835,0.8645807504653931,False,False,-0.8645807504653931,-0.08645807951688766,-3.173105514778221,-3.173105514778228,185.71608480148723,185.71608480148723,188.88919031626546,186.27369871840028,-0.5576139169130556,-3.6701087191723083,4.864559249577693,0.8645807951688784,-0.048764556646347046,-0.004876455757766962,0.9933356722192588,0.9933356722192699,203.03004606782915,203.03004606782918,202.0367103956099,201.40482046421968,1.6252256036094934,-2.233720532788656,5.081709154711344,0.195472751780438,9.722275877990645,4.259462803119255,34.302181276093435,24.885928598708382,-0.11102841248208506,0.0,7.376474736483942,-0.9751353621656875
A3,420002,500,Z_mode_existing_controller,25.357243248902666,49.986146092318876,-6.93763331795526,0.11067952873169963,0.9023650288581848,False,False,-0.9023650288581848,-0.09023650735616684,-3.404476453290306,-3.404476453290316,187.8223810536207,187.82238105362066,191.226857506911,188.36555234548982,-0.5431712918691574,-3.77283712882715,3.3665798031344916,0.9023650735616713,-0.020857933908700943,-0.0020857935305684805,-0.2827570704819732,-0.2827570704819815,202.15541505731085,202.15541505731085,202.43817212779282,201.76594646837623,0.3894685889346192,-1.0062476117754313,0.6708317477954553,0.2810014823121743,11.893956851591422,4.814241586730743,43.438438794433075,22.474876675586906,-0.1079267441169307,0.0,7.279241215432194,-0.23368115336077722
A3,420002,501,Z_mode_existing_controller,25.322281369100217,49.98489083286047,-15.749448607279191,0.25156351340296096,0.9292529225349426,False,False,-0.9292529225349426,-0.0929252952337265,-3.5087586213965767,-3.508758621396585,194.34464325006414,194.3446432500641,197.8534018714607,195.26779853900297,-0.9231552889388581,-3.7758918199520557,3.363525112009586,0.9292529523372673,-0.0036648367531597614,-0.00036648366949521005,-0.1789347770962374,-0.17893477709624017,203.60932201121187,203.60932201121187,203.7882567883081,203.16537274440142,0.4439492668104492,-1.0062476117754313,0.6708317477954553,0.17782380301059916,10.166234773704042,6.550809927939351,43.609586113140864,23.433346913307894,-0.25282910433949013,0.0,16.26864727170505,-0.2663695600862752
A3,420002,502,Z_mode_existing_controller,25.334481784538752,49.9847280479575,-21.211008853209023,0.33227798386983465,0.9282392859458923,False,False,-0.9282392859458923,-0.09282393008470535,-3.5078643929465287,-3.5078643929465176,191.65208043919003,191.65208043919003,195.15994483213655,192.77872759295107,-1.1266471537610414,-3.7790517916505673,3.3603651403110746,0.9282393008470509,-0.003188107628375292,-0.00031881078029982746,-0.17576096947028996,-0.17576096947028996,203.03536117739583,203.03536117739583,203.21112214686613,202.62529593723858,0.41006524015725176,-1.0062476117754313,0.6708317477954553,0.17466970098957643,11.947148946634416,5.312026871451957,42.86865347058697,21.87659746359907,-0.3398857583679131,0.0,21.79693375567149,-0.2460391440943539
A3,420002,503,Z_mode_existing_controller,25.306684610762208,49.98369037820696,-25.84324608705265,0.42430681785838453,0.9496219754219055,False,False,-0.9496219754219055,-0.09496220201253891,-3.591611014856718,-3.591611014856723,196.77605887106623,196.77605887106623,200.36766988592294,198.168297854667,-1.3922389836007767,-3.782147990189274,3.357268941772368,0.9496220201253902,0.00010637566447257996,1.0637566447257996e-05,-0.1585888851629233,-0.15858888516293024,204.11246597680227,204.11246597680224,204.27105486196518,203.71970453319037,0.3927614436118745,-1.0062476117754313,0.6708317477954553,0.157604235087937,7.850392743060712,4.519667152399582,37.171796927602855,22.71953770036193,-0.4179085035220662,0.0,26.496811456741852,-0.235656866167119
A3,420002,504,Z_mode_existing_controller,25.3382298152335,49.98237386021117,-29.09473349480777,0.46944684154899663,0.9429326057434082,False,False,-0.9429326057434082,-0.0942932590842247,-3.5692976970881465,-3.5692976970881385,190.30417365249403,190.30417365249406,193.8734713495822,191.78658628727067,-1.4824126347766082,-3.7853158664289834,3.354101065532658,0.9429325908422449,-0.002206437522545457,-0.00022064374934416264,-0.17203976662689136,-0.17203976662689968,202.64387589507893,202.6438758950789,202.81591566170582,202.28571676212115,0.35815913295775204,-1.0062476117754313,0.6708317477954553,0.17097160243029183,10.349888877572686,3.4091644635844722,36.94976927653027,28.63603130806579,-0.4684837622631193,0.0,29.778112736845287,-0.21489547977465406
A3,420002,505,Z_mode_existing_controller,25.31482097338722,49.98423204073571,-31.040834684608853,0.4810224963915073,0.9266039729118347,False,False,-0.9266039729118347,-0.09266039729118347,-3.5103333475246385,-3.5103333475246523,194.67409542653704,194.674095426537,198.18442877406167,196.2091604626683,-1.5350650361313,-3.7883858154562904,3.3510311165053515,0.9266039729118382,-0.003350463230162859,-0.0003350463230162859,-0.17650969362193736,-0.17650969362194568,203.6742657437887,203.6742657437887,203.85077543741065,203.34297018070563,0.3312955630830743,-1.0062476117754313,0.6708317477954553,0.17541377644664474,11.787018975421825,4.6167040722596,41.23381642671706,21.862266923616186,-0.4986876266510407,0.0,31.73829964910965,-0.1987773378498474
A3,420002,506,Omega_safe_one_step_QP,25.284507995513124,49.98347697630537,-67.13561811186992,1.023157568868982,0.9498555064201355,False,False,-0.9498555064201355,-0.09498555213212967,-4.912011800009389,-4.9120118000094015,198.98934339024223,198.98934339024223,203.90135519025162,202.02387213428125,-3.0345287440390223,-5.171325206570925,3.3633427621790757,0.9498555213212992,-0.1902831494808197,-0.019028315320611,0.1397802845448992,0.13978028454489783,205.174910429216,205.17491042921597,205.0351301446711,204.54804807763153,0.6268623515844354,-2.5335625076947723,4.781867179805229,0.029231318915593815,11.459807160057567,5.54581828621241,43.96572226293874,25.095548219633447,-1.0880322489789336,0.0,68.59976777179872,-0.37611741095065554
A3,420002,507,Omega_safe_one_step_QP,25.273093636872545,49.98546169789536,-56.04237071083662,0.8540593406937269,0.9493341445922852,False,False,-0.9493341445922852,-0.0949334129691124,-5.144336149870727,-5.144336149870721,201.23265568074285,201.23265568074285,206.37699183061358,203.82901064854107,-2.59635496779822,-5.41888887060712,3.1157790981428812,0.9493341296911227,-0.24167633056640625,-0.024167632684111595,-0.17119625304476832,-0.1711962530447586,205.49330466150624,205.49330466150624,205.664500914551,205.06876335075603,0.4245413107502145,-2.5964995846827654,4.718930102817235,0.06593347984905416,11.020829316905692,5.400052308352892,32.574651834330496,25.791972756549384,-0.906016155064723,0.0,57.203111652350344,-0.25472478645012586
A3,420002,508,Omega_safe_one_step_QP,25.263919263774568,49.98712783886622,-46.781701459610304,0.7134374923516823,0.9546321034431458,False,False,-0.9546321034431458,-0.09546320885419846,-5.367105401588329,-5.36710540158834,203.04271356518538,203.04271356518538,208.4098189667737,205.27040575959217,-2.227692194406785,-5.622171584223135,2.912496384526866,0.9546320885419866,-0.2689649760723114,-0.02689649723470211,-0.3479808812594104,-0.3479808812594118,205.83317413076043,205.83317413076043,206.18115501201984,205.4887651433028,0.3444089874576264,-2.648164994429649,4.667264693070352,0.13140453181406037,10.659462975346678,4.243074870141678,39.77097623351861,24.7948715535406,-0.754939696484545,0.0,47.7432865485689,-0.20664539247457014
A3,420002,509,Omega_safe_one_step_QP,25.254455025760233,49.98897547690397,-40.8495985650934,0.5956378245447375,0.9581159949302673,False,False,-0.9581159949302673,-0.09581159800291061,-5.586264266941947,-5.586264266941934,204.90651577961822,204.90651577961825,210.49278004656017,206.82405880253785,-1.9175430229196024,-5.830467692201781,2.70420027654822,0.9581159800291035,-0.2846638560295105,-0.02846638672053814,-0.4725704601916625,-0.47257046019166665,206.2465566532645,206.2465566532645,206.71912711345615,205.93945186253333,0.3071047907311595,-2.7019622045732805,4.61346748292672,0.1748989898496006,13.103773665371884,5.988448532725316,40.59090446725766,25.586216570629436,-0.656140631070059,0.0,41.69000207060253,-0.18426287443870137
A3,420002,510,Omega_safe_one_step_QP,25.22702885140848,49.99241526307591,-43.56585568619448,0.6744806277177906,0.9826483130455017,False,False,-0.9826483130455017,-0.09826483577489853,-6.279624251222823,-6.279624251222832,209.81357983545777,209.81357983545777,216.0932040866806,211.9689732842893,-2.155393448831518,-6.3905100962138235,2.144157872536178,0.9826483577489866,-0.42888832092285156,-0.0428888313472271,-1.2881996131367022,-1.2881996131366993,206.81189122659333,206.81189122659333,208.10009083973003,207.24629242815033,-0.43440120155699447,-2.840058577200668,4.475371110299332,0.45358205759489156,8.279569386156012,4.658070508003801,33.56629966752004,25.46147525033269,-0.6968196419225303,0.0,44.002034607183305,0.260640720934191
A3,420002,511,Omega_safe_one_step_QP,25.261855331117324,49.99458050527875,-11.294670366483842,0.17696823649073545,0.9491693377494812,False,False,-0.9491693377494812,-0.094916932284832,-5.43337736971358,-5.433377369713588,203.99822529618353,203.99822529618353,209.43160266589712,204.78317715676326,-0.7849518605797243,-5.724349954135475,2.8103180146145257,0.9491693228483213,-0.22202946245670319,-0.02220294624567032,-0.18228424221955614,-0.18228424221956724,206.60667284390405,206.60667284390405,206.78895708612362,205.84586654166898,0.7608063022350677,-2.708945201840027,4.606484485659974,0.06728974882760726,9.151933964361184,5.339784570179125,42.21443589818803,25.125137690133347,-0.1834409017984635,0.0,11.934595049623567,-0.45648378134103496
A3,420002,512,Omega_safe_one_step_QP,25.286433020701946,49.99645824801567,6.7493516361801085,-0.10368047286548399,0.9489770531654358,False,False,-0.9489770531654358,-0.09489770978689194,-4.9917251610178255,-4.99172516101783,199.79749101701705,199.79749101701705,204.78921617803488,199.84649812750516,-0.049007110488105354,-5.260111305349251,3.2745566634007504,0.9489770978689203,-0.0555373877286911,-0.005553738679736853,0.7145572051083349,0.7145572051083349,206.6072884911655,206.60728849116546,205.89273128605714,204.89918402879354,1.7081044623719208,-2.6193226218333776,4.696107065666623,0.15215947914230568,11.475524264674489,5.365779373480337,39.80155009784476,24.938643662182145,0.10234644858869402,0.0,-5.826835407346152,-1.024862677423144
A3,420002,513,Omega_safe_one_step_QP,25.271859296645683,49.99806798436298,0.48918924059125857,-0.00786294612182758,0.9622570872306824,False,False,-0.9622570872306824,-0.09622570872306824,-5.357423786811549,-5.357423786811551,202.506276409506,202.506276409506,207.86370019631755,202.7805976482557,-0.2743212387497067,-5.567559707177518,2.9671082615724833,0.9622570872306827,-0.3051268458366394,-0.03051268495619297,-0.5597816919748435,-0.5597816919748575,206.06968227485572,206.06968227485572,206.62946396683057,205.61307141519902,0.4566108596567062,-2.692995889910723,4.622433797589277,0.20786578029029784,8.089454749114529,6.728037403813437,40.474244485114916,23.194000249278304,0.01008263460682568,0.0,-0.2253053594040466,-0.2739665157940294
A3,420002,514,Z_mode_existing_controller,25.31997631772744,49.99811909275182,49.59982607908478,-0.8025579128552452,0.9311111569404602,False,False,-0.9311111569404602,-0.09311112016439438,-3.5113305290082817,-3.5113305290082772,195.08207954650345,195.08207954650345,198.59341007551174,193.29444436649726,1.7876351800061911,-3.771118339902661,3.3682985920589803,0.9311112016439428,-0.007754375226795673,-0.0007754375110380352,-0.20501409981825564,-0.20501409981825702,204.43506756072344,204.4350675607234,204.64008166054168,203.58456143618002,0.8505061245433865,-1.0062476117754313,0.6708317477954553,0.20374120387379455,9.844584360730545,5.677128118794706,38.84640922861624,26.987042875319073,0.8054105216436831,0.0,-49.894932926002184,-0.5103036747260319
A3,420002,515,Z_mode_existing_controller,25.328310475546967,49.999705538453405,33.1196656257016,-0.539147491657739,0.9382151365280151,False,False,-0.9382151365280151,-0.09382151812314987,-3.5411827378012295,-3.541182737801233,193.0908236282944,193.0908236282944,196.63200636609562,191.99054588746566,1.1002777408287443,-3.774382261810219,3.3650346701514224,0.9382151812314999,-0.0022822765167802572,-0.00022822765458840877,-0.17172647217708198,-0.17172647217709586,204.14846791903682,204.14846791903682,204.3201943912139,203.37367224010382,0.7747956789330033,-1.0062476117754313,0.6708317477954553,0.17066025316979416,9.793642402422261,5.454880634321165,41.96565338793762,27.76312417317353,0.5382706878728065,0.0,-33.1930589062149,-0.46487740735979344
A3,420002,516,Z_mode_existing_controller,25.33513093280865,50.00166045273142,20.18571054424865,-0.32063174234936026,0.9426805973052979,False,False,-0.9426805973052979,-0.0942680612206459,-3.561097765520888,-3.5610977655208798,191.40513768452112,191.40513768452112,194.966235450042,190.8681125666693,0.5370251178518117,-3.7776291560571127,3.3617877759045287,0.9426806122064568,-0.006556878797709942,-0.0006556878797709942,-0.19940910446196863,-0.19940910446196863,203.8852446680878,203.8852446680878,204.08465377254979,203.22893575040848,0.6563089176793255,-1.0062476117754313,0.6708317477954553,0.19817100893300965,11.542248733103351,2.947799852757066,39.2403136116218,24.444369975604552,0.33060064555782276,0.0,-20.122525839198715,-0.393785350607601
A3,420002,517,Omega_safe_one_step_QP,25.2889171639226,50.00163833500773,-23.520135192520684,0.3615670349170223,0.9509296417236328,False,False,-0.9509296417236328,-0.09509296715259552,-4.906194161309573,-4.906194161309582,198.8755683916594,198.8755683916594,203.78176255296898,200.15791835260842,-1.2823499609490057,-5.159365942842662,3.375302025907339,0.950929671525957,-0.013373281806707382,-0.001337328227236867,0.914493909614808,0.9144939096148108,206.8884424964776,206.8884424964776,205.9739485868628,205.19923259738152,1.6892098990960847,-2.6274443519139448,4.687985335586056,0.19507183665293779,11.361587604638817,3.9456637470176172,42.563153911296695,27.95983990613733,-0.3896102601666591,0.0,24.92327139214467,-1.0135259394576508
A3,420002,518,Omega_safe_one_step_QP,25.26305472584847,50.005097901909124,-30.381631449629822,0.4551297464809161,0.9660571813583374,False,False,-0.9660571813583374,-0.09660571813583374,-5.4950023394697105,-5.495002339469708,203.5738159798336,203.5738159798336,209.06881831930332,205.08649542497574,-1.5126794451421404,-5.688071519476093,2.8465964492739078,0.9660571813583371,-0.3739340603351593,-0.03739340603351593,-0.955429423490109,-0.9554294234900979,206.33387346357833,206.33387346357833,207.28930288706843,206.45698042074878,-0.1231069571704495,-2.758979781934508,4.5564499055654935,0.346298088063618,11.809669222008203,4.592060836013233,38.976121656787846,24.459876646279866,-0.48298684187136587,0.0,30.790754117199867,0.07386417430227254
A3,420002,519,Omega_safe_one_step_QP,25.23868324586408,50.0070763065276,-31.91997178228121,0.48707045984841796,0.9693193435668945,False,False,-0.9693193435668945,-0.09693193435668945,-5.998796393258635,-5.998796393258621,208.07599488076713,208.07599488076713,214.07479127402576,209.70446705339046,-1.6284721726233329,-6.188668814948337,2.3459991538016634,0.9693193435668925,-0.33970266580581665,-0.033970266580581665,-0.8989942175815807,-0.8989942175815682,207.56063010092734,207.56063010092737,208.45962431850893,207.56238985582524,-0.0017597548978756095,-2.8760119250785587,4.439417762421441,0.3125836196096482,9.640498082017313,4.386955805284107,36.92151115184791,27.096500174813468,-0.5108140821441349,0.0,32.429730011486754,0.0010558529387196813
A3,420002,520,Omega_safe_one_step_QP,25.249641074577784,50.0105220088713,-17.69833418260714,0.266618328422691,0.9687970280647278,False,False,-0.9687970280647278,-0.09687970578670502,-5.803691828707075,-5.803691828707082,206.29057824358344,206.29057824358344,212.09427007229053,207.30253841052115,-1.0119601669377118,-5.990616694774814,2.5440512739751866,0.9687970578670518,-0.3661413788795471,-0.03661413863301277,-1.005347360532588,-1.0053473605325811,207.21691527525604,207.21691527525604,208.22226263578864,207.25369687080465,-0.03678159554860372,-2.8522757568065273,4.4631539306934735,0.3524720070047473,10.957634632219882,3.987582853583673,39.113851852307,25.505490967394234,-0.2783221626273651,0.0,17.95458738790512,0.022068957329167915
A3,420002,521,Omega_safe_one_step_QP,25.235447497030883,50.01329818114879,-17.652615056861578,0.2566036343024145,0.9690127968788147,False,False,-0.9690127968788147,-0.09690128266811371,-6.0938702424022715,-6.093870242402274,208.98163823541847,208.98163823541844,215.07550847782073,209.97973760595073,-0.9980993705322874,-6.288740535327834,2.2459274334221666,0.9690128266811374,-0.3127627968788147,-0.03127628192305565,-0.820824946702986,-0.8208249467029791,208.18549484848876,208.1854948484888,209.00631979519176,207.98574387930262,0.1997509691861694,-2.930681472746842,4.384748214753159,0.2800798907476096,12.566661110617328,4.585328497887356,39.19176320564248,24.077722086573022,-0.278545330787324,0.0,18.051010969160416,-0.1198505815116988
A3,420002,522,Omega_safe_one_step_QP,25.20388258706076,50.01613837397221,-28.1000077663266,0.4199232738365111,0.9848358631134033,False,False,-0.9848358631134033,-0.09848358482122421,-6.82374193359557,-6.823741933595581,214.65247601721566,214.65247601721563,221.47621795081122,216.09823835535147,-1.445762338135836,-6.928811482626884,1.6058564861231166,0.9848358482122438,-0.5642140507698059,-0.05642140656709671,-2.1851587723446197,-2.185158772344625,208.33940133145867,208.33940133145865,210.52456010380328,209.45690419673508,-1.1175028652764354,-3.0825055036079925,4.232924183892008,0.7088904690638682,9.521920853602783,6.976265650540725,39.565715918712876,25.94110396997983,-0.4378464667666364,0.0,27.86735251392838,0.6705017191658555
A3,420002,523,Omega_safe_one_step_QP,25.243518698320813,50.02006567084039,2.8482285413856516,-0.04331065946564928,0.9640116095542908,False,False,-0.9640116095542908,-0.0964011624455452,-5.941724415072574,-5.941724415072564,207.8817808596142,207.8817808596142,213.82350527468677,208.0632329318562,-0.18145207224199567,-6.1635402150144385,2.3711277537355624,0.9640116244554502,-0.2420835793018341,-0.02420835755765438,-0.48916454241836327,-0.48916454241836466,208.61469466801182,208.61469466801182,209.1038592104302,207.9691240895136,0.6455705784982229,-2.9404354142706834,4.374994273229317,0.16635785980685863,10.228966914876459,6.063264442685772,39.26506276411526,24.229588921912473,0.048331795721658466,0.0,-2.5092179900084375,-0.38734234709893656
A3,420002,524,Omega_safe_one_step_QP,25.26009932864071,50.022068808344784,15.260500620777748,-0.22705269562827815,0.9567790031433105,False,False,-0.9567790031433105,-0.09567790478467941,-5.601585598421741,-5.601585598421743,205.13279956509254,205.13279956509254,210.73438516351428,204.810036730307,0.32276283478555,-5.8546282038971915,2.6800397648528094,0.9567790478467945,-0.2897077202796936,-0.02897077240049839,-0.6733710882638994,-0.6733710882638938,207.8740171981703,207.8740171981703,208.5473882864342,207.38352058284448,0.4904966153258101,-2.8847883218710835,4.430641365628917,0.23342131662095159,12.301531393249348,4.546214485244285,35.9165473310264,25.136687698397676,0.25312291422120126,0.0,-15.219325565803047,-0.29429796919548323
A3,420002,525,Omega_safe_one_step_QP,25.227367327520888,50.024509984301986,-2.216211202757222,0.035548135401064634,0.9734765887260437,False,False,-0.9734765887260437,-0.09734766185283661,-6.344080473315383,-6.344080473315375,211.01333799550224,211.01333799550224,217.35741846881763,211.3852267568325,-0.3718887613302684,-6.516931534427524,2.017736434322477,0.973476618528365,-0.44086146354675293,-0.04408614709973335,-1.5478646478660067,-1.5478646478659985,208.5427534729955,208.54275347299554,210.09061812086154,208.91714717362035,-0.3743937006248075,-3.0391113053138192,4.276318382186181,0.5093148925344034,6.382708801815896,2.9190553942754978,44.317577874387396,25.96805004577129,-0.027174276933539687,0.0,2.0187492593158822,0.22463622037489017
A3,420002,526,Omega_safe_one_step_QP,25.28633461713461,50.02708099960665,36.41151015655578,-0.5820299101845388,0.9272587895393372,False,False,-0.9272587895393372,-0.09272588044404984,-4.980256653622017,-4.980256653622026,200.91730309481375,200.91730309481372,205.89755974843575,199.69073735105567,1.2265657437580444,-5.370945662389337,3.163722306360664,0.9272588044404999,-0.045512985438108444,-0.004551298450678587,0.565966896202455,0.565966896202448,208.34519137246843,208.3451913724684,207.77922447626597,206.56128651748904,1.7839048549793688,-2.807971940854261,4.5074577466457395,0.12556232981298976,9.11373203663262,5.7036368853259365,38.54959268102681,27.2219324275061,0.5814817653408308,0.0,-35.92264900890859,-1.0703429129876127
A3,420002,527,Omega_safe_one_step_QP,25.310355896939303,50.02937463280639,42.50989646591188,-0.6843691492958217,0.9523472785949707,False,False,-0.9523472785949707,-0.09523472934961319,-4.679656239797264,-4.67965623979727,196.64657403390652,196.6465740339065,201.32623027370377,195.1802325641255,1.4663414697809856,-4.913812714916138,3.620855253833862,0.9523472934961331,-0.013684459961950779,-0.0013684460427612066,0.8240248478223036,0.8240248478222911,207.74733293008936,207.74733293008936,206.92330808226706,205.71304257109264,2.0342903589967136,-2.7223803014543715,4.593049386045629,0.17940692088480517,9.712586357291906,3.333335767358735,38.79118710598152,23.019355551864606,0.6784894309182725,0.0,-41.96781168143207,-1.220574215398031
A3,420002,528,Omega_safe_one_step_QP,25.302899172208505,50.028672010262376,36.216426685339684,-0.5866391700302727,0.9463212490081787,False,False,-0.9463212490081787,-0.09463212639093399,-4.807664038099428,-4.807664038099442,198.1841589377599,198.1841589377599,202.99182297585932,196.95964629578236,1.224512641977526,-5.080371985131696,3.454295983618305,0.9463212639093425,-0.011943323537707329,-0.0011943323770537972,0.7981062919261261,0.7981062919261178,208.0254722584328,208.0254722584328,207.22736596650668,206.03436695846293,1.9911052999698882,-2.752786089878335,4.5626435976216655,0.17492190105362176,8.939759052450968,4.428184264190993,38.543734706462416,22.166872136888387,0.5759693126817869,0.0,-35.59773281803973,-1.19466317998193
A3,420002,529,Z_mode_existing_controller,25.31780808304882,50.027461863872496,66.93739032925077,-1.052946081924121,0.9346202611923218,False,False,-0.9346202611923218,-0.0934620276093483,-3.5085777046739235,-3.50857770467392,196.7419480588109,196.7419480588109,200.2505257634848,194.28326870155414,2.458679357256756,-3.754014110777741,3.3854028211839005,0.9346202760934821,-0.006036543752998114,-0.0006036543636582792,-0.19477875418106305,-0.19477875418106444,206.36635394758008,206.36635394758008,206.56113270176115,205.37723039260558,0.9891235549744977,-1.0062476117754313,0.6708317477954553,0.19356940767033995,11.345385070490071,5.153609592089403,41.41962876689197,20.233884095114167,1.0865110583187167,0.0,-67.43042725458417,-0.5934741329846958
A3,420002,530,Omega_safe_one_step_QP,25.301146649757097,50.02582622272088,12.761171620009009,-0.20397692681989943,0.9640889763832092,False,False,-0.9640889763832092,-0.0964088961482048,-4.920240259804604,-4.920240259804612,198.30298987460367,198.30298987460367,203.22323013440828,198.07588432930038,0.22710554530328864,-5.10351270098659,3.4311552677634105,0.9640889614820498,-0.0035294985864311457,-0.00035294986446388066,0.8664385517111406,0.8664385517111393,207.97742595701982,207.97742595701982,207.1109874053087,206.06340201943834,1.9140239375814758,-2.7411482337585333,4.5742814537414676,0.18941522520492227,9.488287195204922,5.686258346833241,41.718696837217706,26.816414238818062,0.19587502638060528,0.0,-11.808632283841689,-1.1484143625488912
A3,420002,531,Z_mode_existing_controller,25.318481239974336,50.02780475742178,48.76002518100722,-0.7654202912432713,0.9369899034500122,False,False,-0.9369899034500122,-0.09369899332523346,-3.518952883874573,-3.518952883874561,196.45013269084566,196.45013269084566,199.96908557472022,194.72951102046764,1.7206216703780228,-3.7555930528091452,3.383823879152496,0.9369899332523316,-0.005924110766500235,-0.0005924110882915556,-0.19446773950271834,-0.19446773950272944,206.32399033564542,206.32399033564542,206.51845807514815,205.45512688484104,0.8688634508043833,-1.0062476117754313,0.6708317477954553,0.19326032402661708,11.362771403077657,4.544415905254499,40.065990658483045,24.092784660768455,0.7921829035092216,0.0,-49.0308900140335,-0.5213180704826357
A3,420002,532,Omega_safe_one_step_QP,25.294961652945865,50.02832074636519,-2.44474799825457,0.03822693523002774,0.9504196643829346,False,False,-0.9504196643829346,-0.09504196792840958,-4.949943996041333,-4.949943996041341,199.3198247750908,199.31982477509078,204.26976877113214,199.72488501770445,-0.405060242613672,-5.208166564658975,3.3265014040910263,0.9504196792840972,-0.011281231418251991,-0.0011281231418251991,0.7814490622780335,0.7814490622780292,208.25707374487436,208.25707374487436,207.47562468259633,206.52856983644764,1.7285039084267169,-2.777611961487299,4.537817726012702,0.17220812061234428,10.441962539118164,7.076247906650968,41.18444528995566,25.798143537522513,-0.04877535233083918,0.0,3.5306256956409925,-1.0371023450560415
A3,420002,533,Omega_safe_one_step_QP,25.310879922891846,50.03008902857112,9.023181288919659,-0.14478624644008695,0.9482012391090393,False,False,-0.9482012391090393,-0.09482012689113617,-4.656804665259273,-4.656804665259274,196.64328362468783,196.64328362468783,201.3000882899471,196.56699056158288,0.07629306310494144,-4.911198516540472,3.623469452209529,0.9482012689113618,-0.01099521666765213,-0.0010995216434821486,0.8324695853563047,0.8324695853562949,207.76413727838505,207.76413727838505,206.93166769302874,205.95401771599646,1.8101195623885928,-2.7232162625305407,4.59221342496946,0.18127850522579558,9.607683578788015,7.193337456841918,38.820294873764645,30.659513385395385,0.13609743312113665,0.0,-8.073206984607168,-1.0860717374331585
A3,420002,534,Z_mode_existing_controller,25.336050877175758,50.0339290587279,36.67966476287984,-0.6026846033371179,0.9499406814575195,False,False,-0.9499406814575195,-0.09499406814575195,-3.567133880592878,-3.5671338805928903,192.91105520935517,192.91105520935517,196.47818908994805,191.63099897328976,1.2800562360654055,-3.7551122403977137,3.384304691563928,0.9499406814575231,0.0010402087355032563,0.00010402087355032563,-0.15275835964135287,-0.15275835964136536,205.95860175265437,205.95860175265437,206.11136011229573,205.11429182025014,0.8443099324042294,-1.0062476117754313,0.6708317477954553,0.15180991025840776,9.338651632611498,4.79582672559269,44.53621294356269,27.66428363338906,0.5945378301506068,0.0,-36.76761663358866,-0.5065859594425319
A3,420002,535,Z_mode_existing_controller,25.34525794331315,50.035758886430166,24.83437460866935,-0.40754260242575635,0.924492359161377,False,False,-0.924492359161377,-0.09244924038648605,-3.474973477924176,-3.47497347792419,190.82876490085425,190.82876490085425,194.30373837877843,190.0557030052455,0.7730618956087483,-3.7587907303477808,3.3806262016138606,0.9244924038648646,0.008611074648797512,0.0008611074881628156,-0.10078738335419224,-0.10078738335418391,205.66067698483008,205.6606769848301,205.76146436818428,204.86445416302215,0.7962228218079588,-1.0062476117754313,0.6708317477954553,0.10016161248457907,9.791593654615697,6.611424576431169,44.232507043762425,24.944418953917747,0.4028249982407388,0.0,-24.759465913824897,-0.47773369308478664
A3,420002,536,Z_mode_existing_controller,25.360393224480084,50.03575064673126,14.496715032713837,-0.22880035736114912,0.9105467796325684,False,False,-0.9105467796325684,-0.09105467796325684,-3.425705181906387,-3.425705181906373,187.5766198489538,187.5766198489538,191.0023250308602,187.25834032429432,0.31827952465948783,-3.762250615271799,3.3771663166898427,0.9105467796325649,-0.02907652221620083,-0.002907652175053954,-0.3359135118627024,-0.3359135118627038,204.7285850999841,204.7285850999841,205.0644986118468,204.25247185804494,0.47611324193914584,-1.0062476117754313,0.6708317477954553,0.33382788483841996,12.868533288044958,4.279318678895258,42.790481128326334,23.761032450751305,0.2401604262350716,0.0,-14.451207513784539,-0.2856679451634818
A3,420002,537,Omega_safe_one_step_QP,25.303787256823167,50.035308514131444,-27.391170817040802,0.42892257171045184,0.9503031969070435,False,False,-0.9503031969070435,-0.09503032267093658,-4.720568318483967,-4.720568318483967,197.1418722786352,197.1418722786352,201.86244059711916,198.57289783662662,-1.4310255579914326,-4.967433747257679,3.5672342214923227,0.9503032267093656,-0.003966900985687971,-0.0003966900985687971,0.8273995509004997,0.8273995509005025,208.19378192096985,208.19378192096985,207.36638237006935,206.63295543315277,1.5608264878170814,-2.7666877302346005,4.5487419572654,0.1818963481933621,10.612707016878227,4.403366199270426,41.3446066169025,24.6515102138283,-0.4524953232572386,0.0,28.7801620329883,-0.936495892690246
A3,420002,538,Omega_safe_one_step_QP,25.292016338800195,50.0360993304332,-24.785703528191334,0.38861090026305173,0.9500047564506531,False,False,-0.9500047564506531,-0.09500047564506531,-4.957713026154812,-4.9577130261548055,199.41658171996957,199.41658171996957,204.37429474612438,200.71776167684794,-1.3011799568783715,-5.2186191621582,3.3160488065918003,0.9500047564506519,-0.27953675389289856,-0.027953675016760826,-0.5709782706773094,-0.5709782706773109,207.3656185008816,207.3656185008816,207.9365967715589,207.1441702830064,0.2214482178752064,-2.823709170383556,4.491720517116445,0.2022085973534422,10.047904087299004,5.329516366491459,43.55609820652119,20.747083332542672,-0.3974607430145305,0.0,25.316033201931532,-0.13286893072512385
A3,420002,539,Omega_safe_one_step_QP,25.299691503541663,50.03494277109068,-12.33747265677539,0.19458506608934892,0.9463603496551514,False,False,-0.9463603496551514,-0.09463603794574738,-4.815402053253235,-4.815402053253248,198.25608712358556,198.25608712358553,203.07148917683878,199.0687390267712,-0.8126519031856674,-5.08833860522964,3.446329363520361,0.9463603794574763,-0.03152365982532501,-0.00315236602909863,0.6692552930193649,0.6692552930193676,208.24948907852948,208.24948907852948,207.5802337855101,206.7294547453086,1.5200343332208774,-2.7880728717786765,4.527356815721324,0.14782472870160512,10.059565982611025,5.574842105262552,38.165256367911944,22.488273195096838,-0.20783824631698167,0.0,13.45733150302567,-0.9120205999325321
A3,420002,540,Omega_safe_one_step_QP,25.306209576080068,50.03420693920356,-3.1600028513003053,0.051040089849587744,0.943890392780304,False,False,-0.943890392780304,-0.09438904374837875,-4.7005553458286355,-4.700555345828633,197.2873461362363,197.2873461362363,201.98790148206493,197.72350918252894,-0.43616304629264846,-4.979979835752255,3.5546881329977458,0.9438904374837868,-0.007118868641555309,-0.0007118868525139987,0.8130489981067177,0.8130489981067288,208.1080733593075,208.1080733593075,207.29502436120077,206.4016733924276,1.7063999668799,-2.759551929347742,4.555877758152259,0.17846154819493654,8.94036825176574,4.1013810197075005,39.14487283968295,27.16617770187536,-0.06136851583137748,0.0,4.24521134726001,-1.0238399801279456
A3,420002,541,Z_mode_existing_controller,25.31814138317501,50.03588441236658,28.152161782067196,-0.46067894363853346,0.9415393471717834,False,False,-0.9415393471717834,-0.09415393322706223,-3.5374547682199706,-3.537454768219979,196.26735370463592,196.2673537046359,199.80480847285588,195.33272652935594,0.9346271752799566,-3.7570971779681495,3.3823197539934924,0.9415393322706245,-0.008906700648367405,-0.0008906700531952083,-0.21402364107606375,-0.21402364107607208,206.699849821907,206.699849821907,206.91387346298308,205.9859485024967,0.7139013194102972,-1.0062476117754313,0.6708317477954553,0.21269480649841946,8.72352335402655,5.295360449669163,42.47781791813759,26.659123178374195,0.4567917094893694,0.0,-28.180612699909943,-0.42834079164617833
A3,420002,542,Z_mode_existing_controller,25.342541629146243,50.037292353669294,17.037217736130515,-0.2725902276746021,0.9342230558395386,False,False,-0.9342230558395386,-0.0934223085641861,-3.513325195048797,-3.5133251950488087,191.13455153287313,191.1345515328731,194.64787672792193,190.70206487324654,0.4324866596265622,-3.760691904369881,3.3787250275917606,0.9342230856418642,-0.0015634993324056268,-0.00015634993906132877,-0.1665280394544083,-0.1665280394544194,205.7357981874623,205.7357981874623,205.90232622691673,205.06235382455407,0.6734443629082421,-1.0062476117754313,0.6708317477954553,0.16549409658781303,11.153610948340965,4.455077501009846,36.47434534989778,23.461955147703982,0.2783222144021664,0.0,-16.911473332787864,-0.40406661774494523
A3,420002,543,Z_mode_existing_controller,25.31546403640054,50.03620475485025,5.582038259512046,-0.0853166287838674,0.9343153238296509,False,False,-0.9343153238296509,-0.09343153238296509,-3.5169287331138652,-3.5169287331138666,196.1616189451832,196.1616189451832,199.67854767829706,196.2018182656467,-0.0401993204635005,-3.7641775141805223,3.3752394177811196,0.9343153238296513,-0.010651029646396637,-0.001065102987922728,-0.22380292266429846,-0.22380292266430402,206.69911533057615,206.69911533057615,206.92291825324045,206.1632304433329,0.5358848872432418,-1.0062476117754313,0.6708317477954553,0.22241337027317198,12.671909981428293,4.06278846547653,38.39852086903264,26.832679790216734,0.09462158326325465,0.0,-5.355128910429812,-0.32153093234595076
A3,420002,544,Omega_safe_one_step_QP,25.265091887920047,50.038509358006216,-49.32417797767266,0.7545691865496326,0.942376971244812,False,False,-0.942376971244812,-0.09423770010471344,-5.379017535656624,-5.379017535656636,203.8883386869522,203.8883386869522,209.26735622260884,206.18921682364712,-2.300878136694905,-5.707925309806647,2.826742658943354,0.9423770010471365,-0.41104739904403687,-0.041104741394519806,-1.3294600711564297,-1.3294600711564395,207.78234435501983,207.78234435501983,209.11180442617626,208.42169250552934,-0.6393481505095053,-2.9412299358452922,4.374199751654709,0.4520082075032874,10.288884858798498,6.607411218720596,37.04828482616799,23.39006647348222,-0.7875527162594054,0.0,49.72812180362689,0.3836088903057089
A3,420002,545,Omega_safe_one_step_QP,25.281233663628498,50.03921529400544,-30.246092485062036,0.47097685336129597,0.9476311802864075,False,False,-0.9476311802864075,-0.0947631224989891,-5.1260139155566,-5.126013915556602,201.1550082726361,201.1550082726361,206.2810221881927,202.68830044302644,-1.5332921703903253,-5.409291906365034,3.125376062384967,0.9476312249898913,-0.27149367332458496,-0.027149368077516556,-0.5873774412124,-0.5873774412123944,207.9153182813339,207.9153182813339,208.5026957225463,207.72624393809977,0.1890743432341253,-2.8803190654822943,4.435110622017707,0.20392790793614426,9.99432696228086,4.352675484876727,33.292980121608984,26.286982416086662,-0.4858187780149663,0.0,30.845355869017112,-0.11344460594047234
A3,420002,546,Omega_safe_one_step_QP,25.279089579885554,50.04084632141555,-22.990760338052496,0.3576126860844447,0.9519284963607788,False,False,-0.9519284963607788,-0.09519284963607788,-5.206710434414258,-5.206710434414254,201.6778373739411,201.6778373739411,206.88454780835534,202.9063427316765,-1.2285053577354006,-5.469644468381296,3.0650235003687043,0.951928496360778,-0.294768363237381,-0.029476836323738098,-0.7176288961673577,-0.7176288961673494,207.99603435478102,207.99603435478102,208.71366325094837,207.87259419060427,0.12344016417674197,-2.901415818322502,4.4140138691774995,0.247337486628255,10.018102331016184,2.7675505141407455,40.679381648505434,23.131244644949174,-0.36723307547373096,0.0,23.43205751203277,-0.07406409850604234
A3,420002,547,Omega_safe_one_step_QP,25.266603875486695,50.04123482894706,-20.41639020052571,0.3206799242313714,0.9508235454559326,False,False,-0.9508235454559326,-0.0950823575258255,-5.452907261055618,-5.452907261055631,204.08450232735458,204.08450232735458,209.5374095884102,205.22613168995312,-1.141629362598536,-5.734930646386785,2.799737322363217,0.9508235752582572,-0.2674155533313751,-0.026741554960608482,-0.6399645661693141,-0.6399645661693071,208.65107613517225,208.65107613517225,209.29104070134156,208.39348459444867,0.25759154072358115,-2.9591535633618204,4.35627612413818,0.2162660884155871,8.928673669207374,5.599026798574249,40.80344541163784,28.767870211702892,-0.3274843703257293,0.0,20.8984294952852,-0.15455492443415153
A3,420002,548,Omega_safe_one_step_QP,25.29588084873241,50.045036010162676,2.6579888377509633,-0.041981640719501036,0.9328992366790771,False,False,-0.9328992366790771,-0.09328992664813995,-4.825430349901876,-4.8254303499018825,199.08776811212397,199.08776811212394,203.91319846202583,199.27716595997663,-0.18939784785268898,-5.172509533748344,3.362158435001656,0.9328992664814008,-0.029686352238059044,-0.0029686351772397757,0.5996498219926344,0.5996498219926303,208.89656966479572,208.89656966479572,208.29691984280308,207.34376157278328,1.552808092012441,-2.8597414775079746,4.455688209992026,0.1345807412304784,9.938306329119758,5.731363933617716,41.62683422976949,23.686828802327035,0.035519985261345255,0.0,-1.7618239678049576,-0.9316848552074646
A3,420002,549,Omega_safe_one_step_QP,25.30748195306149,50.04534956781576,10.002920163964518,-0.15629281325345212,0.943960428237915,False,False,-0.943960428237915,-0.09439604729413986,-4.6841819401405465,-4.68418194014055,197.1265703780121,197.1265703780121,201.81075231815265,197.01760651836153,0.1089638596505722,-4.962264919361028,3.5724030493889725,0.9439604729413991,-0.011334395967423916,-0.0011334395967423916,0.7397307414472226,0.7397307414472156,208.59433605641874,208.5943360564187,207.8546053149715,206.87523901947952,1.7190970369391891,-2.8155100247248144,4.499919662775186,0.16438754397473168,11.111517546093815,4.543465395544997,38.60166205946713,22.983223721150026,0.1540766069887347,0.0,-9.125538548790246,-1.031458222163522
A3,420002,550,Omega_safe_one_step_QP,25.28785650988016,50.045032395740044,1.8664129820026574,-0.030798740594998573,0.9475628733634949,False,False,-0.9475628733634949,-0.09475629031658173,-5.0864967247875255,-5.0864967247875255,200.78138541804998,200.78138541804998,205.86788214283752,200.9845111980639,-0.20312578001392012,-5.367977901829512,3.166690066920488,0.9475629031658174,-0.16068385541439056,-0.016068385913968086,-0.06493065736299652,-0.06493065736298265,208.6268227931612,208.6268227931612,208.6917534505242,207.6978572928747,0.9289655002865231,-2.8992248382800847,4.416204849219916,0.02239586820092975,6.9741236799717825,4.460071805333236,40.46861517199664,25.476151377673727,0.026491166293107327,0.0,-1.3355248481248054,-0.5573793001719167
A3,420002,551,Z_mode_existing_controller,25.33686281428666,50.04572439541313,44.993895240640086,-0.7210138838218659,0.9285691380500793,False,False,-0.9285691380500793,-0.09285691380500793,-3.4848931357388895,-3.484893135738883,192.89464995128404,192.89464995128407,196.37954308702294,191.31174336486635,1.582906586417721,-3.7529710959992544,3.3864458359623875,0.9285691380500777,-0.0017579682171344757,-0.00017579682753421366,-0.1668051521682548,-0.16680515216825897,206.5271464620041,206.5271464620041,206.69395161417236,205.66679796381874,0.860348498185374,-1.0062476117754313,0.6708317477954553,0.16576948875828548,10.916580252344097,4.448836311238402,37.85829052050368,19.647103336452915,0.7306426341168653,0.0,-45.208328775846894,-0.5162090989112329
A3,420002,552,Z_mode_existing_controller,25.315575352136374,50.04266469477268,25.477553208736026,-0.41680629473558867,0.9530925750732422,False,False,-0.9530925750732422,-0.09530925750732422,-3.5803576708308458,-3.580357670830856,196.7013231109993,196.70132311099928,200.28168078183015,195.8798804551335,0.8214426558657806,-3.756568631914592,3.38284830004705,0.9530925750732452,1.7229467630386353e-05,1.7229467630386353e-06,-0.15973262399988641,-0.1597326239998767,207.20074405197812,207.20074405197815,207.36047667597802,206.44499898140577,0.7557450705723738,-1.0062476117754313,0.6708317477954553,0.15874087265463735,8.613090151620785,5.6399346589051165,38.95767194526295,28.691083007513235,0.41283505341781357,0.0,-25.43694121981116,-0.45344704234342714
A3,420002,553,Z_mode_existing_controller,25.343283449136454,50.04507344489515,16.15769904812987,-0.26459291551997405,0.9244136810302734,False,False,-0.9244136810302734,-0.0924413725733757,-3.4760234274401127,-3.4760234274401265,190.97720720186416,190.97720720186413,194.45323062930427,190.56617343346738,0.41103376839674866,-3.760246446666514,3.379170485295128,0.9244137257337606,0.002063882304355502,0.00020638822752516717,-0.142027245366666,-0.14202724536666322,206.12142083505879,206.12142083505879,206.26344808042546,205.43413990629912,0.6872809287596624,-1.0062476117754313,0.6708317477954553,0.141145423556404,9.791240204289311,5.3814475135185225,40.110542621260606,27.085599238583665,0.26289931976165803,0.0,-16.008229810635385,-0.4123685572558031
A3,420002,554,Z_mode_existing_controller,25.346952232827093,50.04604366330717,5.694709087640149,-0.09624879751285823,0.9199243783950806,False,False,-0.9199243783950806,-0.09199243783950806,-3.4623067712655775,-3.4623067712655775,189.94031959185446,189.94031959185446,193.40262636312005,189.9594922185567,-0.01917262670224318,-3.763686290503563,3.375730641458078,0.9199243783950808,-0.0073553710244596004,-0.0007355370908044279,-0.20062390432362964,-0.20062390432362687,205.90274890812506,205.90274890812506,206.1033728124487,205.3494191842337,0.5533297238913519,-1.0062476117754313,0.6708317477954553,0.1993782663192059,8.058860303643199,4.428169080499166,43.065416931491285,23.39911126005614,0.09295080001916656,0.0,-5.455662053324886,-0.3319978343347998
A3,420002,555,Omega_safe_one_step_QP,25.370757323376136,50.04436526085953,4.182172794891812,-0.06622081974398789,0.8868808150291443,False,False,-0.8868808150291443,-0.08868808299303055,-3.2134987952417773,-3.2134987952417746,185.20832014311864,185.20832014311864,188.42181893836042,185.3258724056059,-0.11755226248726558,-3.6233715813818033,4.911296387368197,0.8868808299303048,-0.06161113083362579,-0.006161113269627094,0.7039597059323845,0.7039597059323721,205.65514221017375,205.65514221017372,204.95118250424136,204.25619949537816,1.3989427147955666,-2.5251677436518003,4.790261943848201,0.14695641160843376,13.152244065768658,4.721443182289019,38.233974766587735,29.558821366121876,0.06378479216921562,0.0,-3.406591958183526,-0.8393656288773457
A3,420002,556,Z_mode_existing_controller,25.31001787077517,50.04657609679441,-2.1242264291440733,0.032752633179516606,0.9474968314170837,False,False,-0.9474968314170837,-0.09474968165159225,-3.5671673256110794,-3.56716732561108,197.0053549704909,197.0053549704909,200.572522296102,197.3539676586796,-0.3486126881886946,-3.764833045801725,3.374583886159917,0.9474968165159228,-0.014330106787383556,-0.0014330106787383556,-0.24919497554286435,-0.24919497554287684,207.41251437174645,207.41251437174645,207.66170934728933,206.9472647920184,0.46524957972806646,-1.0062476117754313,0.6708317477954553,0.24764776842868252,11.850263301597817,4.2228353315296445,37.567530538339035,25.282344687845434,-0.030515415618083352,0.0,2.4338915925991387,-0.2791497478368399
A3,420002,557,Omega_safe_one_step_QP,25.27492133378643,50.04776312965967,-52.72863761112967,0.7960927028180419,0.9597059488296509,False,False,-0.9597059488296509,-0.09597059339284897,-5.275348238224617,-5.27534823822461,201.8811368846487,201.8811368846487,207.1564851228733,204.28187435694554,-2.4007374722968393,-5.496838199833093,3.037829768916908,0.9597059339284886,-0.38391631841659546,-0.038391631096601486,-1.187892807698701,-1.1878928076987052,207.95689852383015,207.95689852383012,209.14479133152884,208.4909025538555,-0.5340040300253861,-2.944528626380548,4.370901061119453,0.4034237592584991,11.532610673296249,5.211310824904745,37.478428974978854,26.117565495021115,-0.8430009001424921,0.0,53.25123609325692,0.3204024180152345
A3,420002,558,Omega_safe_one_step_QP,25.25858585852292,50.05014870693206,-45.04725429289556,0.7190382950548233,0.9623432159423828,False,False,-0.9623432159423828,-0.09623432159423828,-5.616775556532547,-5.616775556532551,204.9369445691363,204.9369445691363,210.55372012566886,207.1533380582598,-2.2163934891235044,-5.836561700112648,2.698106268637353,0.9623432159423835,-0.3905538320541382,-0.03905538469552994,-1.3002674497375522,-1.3002674497375508,208.6954111949735,208.6954111949735,209.99567864471106,209.25464619734427,-0.5592350023707695,-3.0296173576987706,4.28581232980123,0.4291853710282426,7.5544124947015625,5.132439869935515,32.73145250688956,26.071006961442787,-0.7207844189893589,0.0,45.432497710461575,0.33554100142247023
A3,420002,559,Omega_safe_one_step_QP,25.303618725661504,50.05156775456942,-10.23497473081352,0.16048180263280104,0.9328611493110657,False,False,-0.9328611493110657,-0.09328611940145493,-4.633718673424743,-4.6337186734247355,197.2264975495694,197.2264975495694,201.86021622299413,197.94909962104705,-0.7226020714776666,-4.967211309845174,3.5674566589048267,0.9328611940145479,-0.014199270866811275,-0.001419927109964192,0.6833749788601753,0.6833749788601864,208.8921169528578,208.89211695285783,208.20874197399763,207.38068305044715,1.5114339024106869,-2.85092369062743,4.46450599687257,0.153068442362693,10.691367021975724,5.011512106206718,41.799586228422626,26.610817929731297,-0.17303094506498695,0.0,11.314866017324675,-0.9068603414464178
A3,420002,560,Omega_safe_one_step_QP,25.296207453420234,50.05356996182948,-9.667995113447432,0.1491200825285704,0.9454904794692993,False,False,-0.9454904794692993,-0.09454905241727829,-4.850975110081112,-4.850975110081111,198.64356616544399,198.64356616544399,203.4945412755251,199.3386065187686,-0.6950403533246003,-5.1306438150982725,3.404024153651729,0.9454905241727827,-0.014650039374828339,-0.0014650039374828339,0.6485724172643024,0.6485724172642898,209.3099198547225,209.3099198547225,208.6613474374582,207.79340110996867,1.5165187447538244,-2.896184236973486,4.419245450526515,0.14676089493671776,11.370868639468206,5.179999904484276,39.697651986025186,23.826924967371184,-0.16333798563159263,0.0,10.741244345931591,-0.9099112468523032
A3,420002,561,Omega_safe_one_step_QP,25.280232886688513,50.054145365689216,-13.780499571945256,0.22041174627095272,0.9584510922431946,False,False,-0.9584510922431946,-0.09584511071443558,-5.237145167611668,-5.23714516761168,201.59271410467423,201.5927141046742,206.8298592722859,202.44400426191635,-0.851290157242147,-5.4641756147743505,3.0704923539756503,0.9584511071443581,-0.3556845784187317,-0.03556845709681511,-1.0751190247908937,-1.0751190247908964,208.3202449687372,208.3202449687372,209.3953639935281,208.4904727005296,-0.17022773179240858,-2.969585892580475,4.345843794919526,0.36204341739266965,8.481021236834216,5.174702304865517,43.946943754989256,26.188292288666844,-0.21584542501913573,0.0,13.894208357888601,0.10213663907543946
A3,420002,562,Z_mode_existing_controller,25.31214735357101,50.056068597592834,31.9166640961339,-0.5175905466614559,0.9531934261322021,False,False,-0.9531934261322021,-0.09531934559345245,-3.5817429797819447,-3.5817429797819504,197.1229830374662,197.1229830374662,200.70472601724816,196.03984847960743,1.0831345578587843,-3.7576243914414547,3.381792540520187,0.9531934559345261,-0.011821678839623928,-0.0011821679072454572,-0.23434505203132477,-0.234345052031322,207.95206104238056,207.95206104238056,208.1864060944119,207.2322107417315,0.7198503006490569,-1.0062476117754313,0.6708317477954553,0.2328900454410438,9.096190605241567,5.366684638158854,37.00193102181515,24.53255120979646,0.5182789401860504,0.0,-32.00303285593054,-0.43191018038943696
A3,420002,563,Z_mode_existing_controller,25.330168479406392,50.05601947777063,19.900264651492762,-0.31863996950786483,0.9435643553733826,False,False,-0.9435643553733826,-0.09435644000768661,-3.5490167693476398,-3.5490167693476486,193.26722174546282,193.26722174546282,196.81623851481046,192.7141588489378,0.553062896525006,-3.7612872730875857,3.3781296588740557,0.9435644000768686,-0.005623307544738054,-0.0005623307661153376,-0.19367500556041473,-0.19367500556042444,207.1685739213896,207.16857392138957,207.36224892695,206.50217212884792,0.6664017925416488,-1.0062476117754313,0.6708317477954553,0.1924725120278325,10.656193195850886,5.566345542419911,42.5674029846741,30.949643093674734,0.3246702446792078,0.0,-19.825093820646543,-0.39984107552498926
A3,420002,564,Z_mode_existing_controller,25.32517627504223,50.06006837106411,9.767719267215398,-0.15787200662069004,0.9232873320579529,False,False,-0.9232873320579529,-0.09232873469591141,-3.4760162486663067,-3.4760162486663067,193.95171282464395,193.95171282464395,197.42772907331025,193.8122322486736,0.1394805759703388,-3.764826042634195,3.3745908893274468,0.9232873469591141,0.0027311265002936125,0.00027311264420859516,-0.13763411911928009,-0.13763411911929535,207.5968499490631,207.59684994906308,207.73448406818238,206.95698822270947,0.6398617263536153,-1.0062476117754313,0.6708317477954553,0.13677957344559816,9.810991881818918,3.828030757767507,38.27869278397214,23.749771682057723,0.15965686237143828,0.0,-9.5434590937748,-0.38391703581217484
A3,420002,565,Z_mode_existing_controller,25.31758797677504,50.05933424951884,-1.787068503313094,0.02800608407728154,0.9459129571914673,False,False,-0.9459129571914673,-0.09459129720926285,-3.564369736771196,-3.5643697367712,195.05995161445404,195.05995161445404,198.62432135122523,195.4010362719229,-0.34108465746885486,-3.7681793589169157,3.371237573044726,0.9459129720926298,-0.009410450235009193,-0.0009410450584255159,-0.2179312024112201,-0.21793120241121594,207.73819029904183,207.73819029904183,207.95612150145305,207.24563577052717,0.49255452851465975,-1.0062476117754313,0.6708317477954553,0.21657810648285306,11.316658875548168,4.296485787925553,38.094846916986,24.766587684196182,-0.02553257731899805,0.0,2.1081337977402654,-0.2955327171087987
A3,420002,566,Omega_safe_one_step_QP,25.29036727049611,50.05977215019383,-42.57626964140309,0.6396289509158425,0.9457470774650574,False,False,-0.9457470774650574,-0.0945747122168541,-4.868946819250772,-4.868946819250764,198.8017006886842,198.8017006886842,203.67064750793497,200.78345482616544,-1.9817541374812322,-5.14825443833926,3.3864135304107417,0.9457471221685393,-0.1765328049659729,-0.01765328086912632,-0.17914399760380062,-0.17914399760378952,208.88841291692881,208.88841291692881,209.06755691453262,208.4160513296498,0.47236158727901056,-2.9368051846809253,4.378624502819076,0.06099961908888177,12.672163084688723,3.914352581514291,40.79587891312656,25.605331951898336,-0.6868951173085307,0.0,43.54658171107894,-0.2834169523674035
A3,420002,567,Omega_safe_one_step_QP,25.241868619844368,50.061933121243534,-55.98385857541689,0.8464798648883534,0.9690715670585632,False,False,-0.9690715670585632,-0.09690716117620468,-5.933494172184147,-5.933494172184139,207.48325397886327,207.48325397886327,213.41674815104741,210.07565118439143,-2.592397205528158,-6.122864502650504,2.411803466099497,0.9690716117620455,-0.38227492570877075,-0.038227494806051254,-1.3783194565585875,-1.3783194565585861,209.8830437430224,209.8830437430224,211.26136319958098,210.53627280351256,-0.6532290604901618,-3.1561858131857634,4.159243874314237,0.4367041543626197,10.143808697234975,4.5839072251352695,41.76666931024061,22.92093649484955,-0.8954877336123062,0.0,56.487408872735614,0.39193743629409994
A3,420002,568,Omega_safe_one_step_QP,25.24771158097456,50.063177712195916,-38.44101458134992,0.5722253850649511,0.9526357054710388,False,False,-0.9526357054710388,-0.09526357054710388,-5.7413960827285395,-5.7413960827285475,206.71524463446747,206.71524463446744,212.456640717196,208.55061819406546,-1.8353735595980254,-6.026853759265361,2.5078142094846396,0.9526357054710402,-0.33679133653640747,-0.033679135143756866,-1.1508883756647297,-1.1508883756647215,209.9650593594699,209.9650593594699,211.11594773513463,210.2963882223225,-0.3313288628525868,-3.1416442667411273,4.173785420758873,0.36633312938977475,11.424951559913264,3.06198029430681,36.18356457765938,26.24245332582028,-0.612543253688699,0.0,38.85476051732621,0.19879731771155207
A3,420002,569,Omega_safe_one_step_QP,25.21608641770213,50.06622533791322,-47.4177448154569,0.6919991446184999,0.9777176976203918,False,False,-0.9777176976203918,-0.0977717712521553,-6.5183912800782755,-6.518391280078281,212.33917273893044,212.33917273893044,218.85756401900872,214.52419574164193,-2.185023002711489,-6.666946089446634,1.8677218793033659,0.9777177125215537,-0.5345451235771179,-0.05345451459288597,-2.252030376866354,-2.2520303768663568,210.3945237808712,210.3945237808712,212.64655415773754,211.75563980284886,-1.361116021977665,-3.29470490900142,4.02072477849858,0.6835302216940928,11.328321084700471,5.664217025958341,40.492424843647186,25.53908836459944,-0.7482949621915864,0.0,47.349370164462016,0.8166696131865905
A3,420002,570,Omega_safe_one_step_QP,25.217224499744972,50.07010121435101,-33.07502346743058,0.4982588242184698,0.9734548926353455,False,False,-0.9734548926353455,-0.0973454937338829,-6.482988139539647,-6.4829881395396525,212.3028370866794,212.3028370866794,218.78582522621906,213.96905319816148,-1.666216111482072,-6.6597722101676675,1.8748957585823327,0.9734549373388306,-0.3288247585296631,-0.03288247808814049,-1.2693602819151149,-1.2693602819151126,211.57310487047303,211.57310487047303,212.84246515238814,211.8695595524227,-0.29645468194965474,-3.3142960084664796,4.001133679033521,0.3829954471997943,9.514073873766431,4.929383342264816,38.006684946506915,26.978848322068277,-0.5269870314411467,0.0,33.42413768970255,0.17787280916979853
A3,420002,571,Omega_safe_one_step_QP,25.23811451844497,50.074018985586406,-12.946227850043215,0.19147311018958937,0.9630125761032104,False,False,-0.9630125761032104,-0.09630125761032104,-6.031123556752288,-6.0311235567522745,208.78465138031174,208.78465138031174,214.81577493706402,209.59288969034887,-0.808238310037126,-6.262767181252165,2.2719007874978367,0.9630125761032081,-0.25632333755493164,-0.025632334873080254,-0.8582900860776961,-0.858290086077701,211.3500170626442,211.3500170626442,212.2083071487219,211.16632634939026,0.18369071325395225,-3.2508802080998564,4.064549479400144,0.26401775246568454,11.620410637338722,6.759358673643593,40.97315500383486,26.231612707039716,-0.20296363052569077,0.0,13.25940590852133,-0.11021442795237135
A3,420002,572,Omega_safe_one_step_QP,25.242728715606848,50.07782229268397,-5.9150148441576675,0.09212814210455102,0.9681175351142883,False,False,-0.9681175351142883,-0.09681175649166107,-5.989129036242294,-5.989129036242296,208.0626283931176,208.0626283931176,214.0517574293599,208.58566313957576,-0.5230347464581655,-6.186365430481751,2.3483025382682494,0.9681175649166113,-0.34810519218444824,-0.034810520708560944,-1.3081042690649116,-1.3081042690649052,210.94436330483944,210.94436330483944,212.25246757390434,211.1691529324306,-0.22478962759115007,-3.2552962506180996,4.060133436881901,0.4018387785187074,8.69197150873992,5.730427725498765,32.782641386201476,22.051763715820982,-0.08704730207050648,0.0,5.867188369674295,0.13487377655468435
A3,420002,573,Omega_safe_one_step_QP,25.27688001399156,50.07751897417541,15.670770346021527,-0.25110414354469024,0.9576695561408997,False,False,-0.9576695561408997,-0.09576695412397385,-5.2979493250239535,-5.29794932502395,202.21142169914864,202.21142169914864,207.5093710241726,201.82238817240665,0.3890335267419971,-5.532126789963021,3.002541178786979,0.9576695412397378,-0.24099385738372803,-0.024099385365843773,-0.6533686936542459,-0.6533686936542465,210.17310589729158,210.17310589729158,210.82647459094582,209.7029936447941,0.4701122524974721,-3.112696952322248,4.202732735177753,0.20990437028146816,8.517321061050955,5.5357746560189804,40.01094650698503,26.656898918190507,0.2566972975427655,0.0,-15.64540029206637,-0.2820673514984833
A3,420002,574,Z_mode_existing_controller,25.30994518530743,50.07950308942972,61.51631389291015,-0.9541953350224102,0.9454597234725952,False,False,-0.9454597234725952,-0.09454597532749176,-3.549751313108617,-3.5497513131086302,197.60069867198956,197.60069867198956,201.1504499850982,195.38916878731888,2.211529884670682,-3.7545239771580543,3.3848929548035875,0.9454597532749213,-0.014268219470977783,-0.001426821923814714,-0.2484633980282036,-0.24846339802819806,209.32285827332618,209.32285827332618,209.57132167135438,208.43187028062889,0.8909879926972906,-1.0062476117754313,0.6708317477954553,0.24692073314818333,11.975965096539957,5.031819674032445,39.56039202366797,27.612405575173998,0.9999265120366445,0.0,-61.98164760932832,-0.5345927956183658
A3,420002,575,Omega_safe_one_step_QP,25.28216666404478,50.0823098930586,3.307003516089935,-0.05093639793153991,0.9480423927307129,False,False,-0.9480423927307129,-0.09480424225330353,-5.125842914820171,-5.125842914820177,201.12991365000437,201.12991365000437,206.25575656482454,201.29100339319257,-0.16108974318819946,-5.4067653440282175,3.127902624721784,0.9480424225330364,-0.056877776980400085,-0.0056877778843045235,0.2387542542629538,0.2387542542629656,211.07108898991544,211.07108898991547,210.8323347356525,209.82565326593786,1.2454357239776073,-3.1132829667929154,4.202146720707085,0.05681721037641232,11.037895500100799,6.566691642355124,47.14383575756855,24.6518396623853,0.05003975547608874,0.0,-2.609781837179071,-0.7472614343865587
A3,420002,576,Omega_safe_one_step_QP,25.289152821285324,50.08423211710395,10.099235015896738,-0.1554077784859185,0.9440093040466309,False,False,-0.9440093040466309,-0.09440093487501144,-4.9894317508986115,-4.989431750898617,200.05229784995683,200.05229784995683,205.04172960085543,199.93823305021004,0.11406479974678518,-5.285362647631307,3.2493053211186935,0.9440093487501156,-0.029720982536673546,-0.0029720983002334833,0.3840998255654544,0.3840998255654655,211.0564903306688,211.05649033066882,210.67239050510335,209.64236398090142,1.4141263497674004,-3.0972885437380007,4.218141143762,0.09105902635180706,11.386722072855394,4.515681066061214,38.70553253286534,27.542282032798603,0.15897428584237616,0.0,-9.409733491878796,-0.8484758098604459
A3,420002,577,Omega_safe_one_step_QP,25.26730371941626,50.087110245525416,-1.7023194331986815,0.025880543646121485,0.9631395936012268,False,False,-0.9631395936012268,-0.0963139608502388,-5.51967057220297,-5.519670572202973,203.97757572822496,203.97757572822496,209.49724630042795,204.31013180021841,-0.3325560719934515,-5.730914317588557,2.8037536511614447,0.963139608502388,-0.3270595669746399,-0.03270595893263817,-1.161816442170245,-1.1618164421702466,210.6166538273961,210.6166538273961,211.77847026956636,210.73431739638002,-0.1176635689839145,-3.2078965201843,4.1075331673157,0.36217391516840386,11.130258567765287,6.538931257498776,40.3206292598841,27.47745462079805,-0.018031379328629527,0.0,1.6497526711373212,0.0705981413903487
A3,420002,578,Omega_safe_one_step_QP,25.272235051414974,50.09066474592231,4.96063022045746,-0.07899142306615675,0.9566763639450073,False,False,-0.9566763639450073,-0.09566763788461685,-5.402698010494059,-5.4026980104940465,203.2590270196102,203.2590270196102,208.66172503010424,203.316231436958,-0.05720441734780479,-5.647362190556185,2.887305778193815,0.9566763788461666,-0.2621254324913025,-0.02621254324913025,-0.8494792935978484,-0.8494792935978588,210.94400557679552,210.94400557679552,211.79348487039337,210.72081024159561,0.22319533519990387,-3.2093979802670027,4.106031707232998,0.2646849343150603,8.55945078144796,4.8921580931962225,40.115662107058505,27.349612219188426,0.08492392679128091,0.0,-4.911636946128965,-0.13391720111994232
A3,420002,579,Omega_safe_one_step_QP,25.300912208903757,50.09321574475881,25.762658053786254,-0.3984636809440437,0.9284862875938416,False,False,-0.9284862875938416,-0.09284862875938416,-4.732042945470165,-4.732042945470153,198.4211956764761,198.42119567647612,203.15323862194626,197.66942634236577,0.7517693341103495,-5.096513549740389,3.4381544190096114,0.9284862875938391,0.00044216957758180797,4.421695848577656e-05,0.5150335376267954,0.5150335376267877,211.2678887472689,211.26788874726887,210.7528552096421,209.65392864559917,1.6139601016697043,-3.1053350141918736,4.210094673308127,0.12233300616541588,11.603621316264599,3.7339515757192787,37.12828994645234,26.60310345519172,0.41155333689527396,0.0,-25.205835329679758,-0.9683760610018197
A3,420002,580,Omega_safe_one_step_QP,25.265954628719495,50.0951681730268,3.1789142907327914,-0.04837595885317059,0.9626976847648621,False,False,-0.9626976847648621,-0.09626977145671844,-5.584126678066707,-5.584126678066709,204.6089617452852,204.6089617452852,210.1930884233519,204.74473915053017,-0.13577740524496562,-5.8004985298809535,2.7341694388690474,0.9626977145671848,-0.2556222379207611,-0.0255622249096632,-0.8694166150065081,-0.869416615006504,211.48865366480177,211.48865366480177,212.3580702798083,211.26444052727817,0.2242131375236056,-3.2658565212084927,4.049573166291507,0.26621396542086495,10.986126279173813,7.675207988047812,43.82721373468479,25.08709984401656,0.05770970468645942,0.0,-3.1020961129042917,-0.13452788251416337
A3,420002,581,Omega_safe_one_step_QP,25.285263146332017,50.09760185131287,14.905265927957771,-0.24404828647698862,0.9572935700416565,False,False,-0.9572935700416565,-0.09572935849428177,-5.2017273148865435,-5.201727314886536,201.32422364133498,201.32422364133498,206.52595095622152,200.95816271909294,0.3660609222420419,-5.433784783167915,3.100883185582086,0.9572935849428162,-0.10697846114635468,-0.010697846300899982,-0.08401368025933234,-0.08401368025933095,211.62021527198578,211.6202152719858,211.70422895224513,210.58879774962242,1.0314175223633981,-3.2004723884521793,4.114957299047821,0.026250399960476418,7.44970167727182,4.635906766587569,36.95232909035656,27.901145420820647,0.23767135566378084,0.0,-14.524086770203212,-0.6188505134180389
A3,420002,582,Z_mode_existing_controller,25.32707746007055,50.099644194109516,61.791820065151114,-0.9481456436676486,0.9242315888404846,False,False,-0.9242315888404846,-0.09242316335439682,-3.4611433028622516,-3.461143302862247,194.96216745961033,194.96216745961033,198.42331076247257,192.78110317551315,2.1810642840971752,-3.744887295829174,3.394529636132468,0.9242316335439672,0.004104300867766142,0.00041043010423891246,-0.12914027886731516,-0.12914027886732626,209.95151170932687,209.95151170932684,210.08065198819418,208.94992672667888,1.0015849826479553,-1.0062476117754313,0.6708317477954553,0.12833846993134237,13.304598046425099,5.363870702411166,38.35113625335069,26.36332721973242,1.0038393441185463,0.0,-62.194708419680865,-0.6009509895887675
A3,420002,583,Omega_safe_one_step_QP,25.27946119044202,50.1014689604307,-5.061622131973309,0.07852412030780044,0.9607502818107605,False,False,-0.9607502818107605,-0.09607502818107605,-5.308896506066008,-5.3088965060660005,202.13702549790608,202.1370254979061,207.4459220039721,202.61852111253364,-0.48149561462753354,-5.525781887942974,3.0088860808070272,0.9607502818107592,-0.15777572989463806,-0.015777572989463806,-0.37032627358427467,-0.37032627358426634,211.7518807232054,211.75188072320543,212.12220699678969,211.1279740271237,0.6239066960817183,-3.242270192906635,4.073159494593366,0.11421820254044765,10.277778866224667,5.567654928904996,37.3542046576438,25.488817106232982,-0.08081152825036497,0.0,5.5167776778725965,-0.3743440176490367
A3,420002,584,Omega_safe_one_step_QP,25.285320611904996,50.10299203447012,2.485602455829394,-0.03802991623092457,0.9548497796058655,False,False,-0.9548497796058655,-0.09548497945070267,-5.18032976441569,-5.180329764415678,201.2605971468272,201.2605971468272,206.44092691124288,201.43019563068515,-0.1695984838579534,-5.42528237867005,3.109385590079951,0.9548497945070243,-0.14604812860488892,-0.014604813419282436,-0.3024435029215941,-0.30244350292159894,211.682159002363,211.682159002363,211.98460250528458,210.95889946747903,0.7232595348839652,-3.228509743756124,4.086919943743876,0.0936789809931715,11.409931368711693,6.164909665562258,40.158013370511604,24.839950472214905,0.04164517902519549,0.0,-2.0932919139240767,-0.4339557209303706
A3,420002,585,Omega_safe_one_step_QP,25.28033913497314,50.10453805524838,2.1742433495810474,-0.03456449671783223,0.9556366205215454,False,False,-0.9556366205215454,-0.09556366503238678,-5.292443534597452,-5.292443534597452,202.27699655314981,202.27699655314981,207.56944008774727,202.4407372572279,-0.16374070407809427,-5.538133696320489,2.996534272429512,0.9556366503238678,-0.2660617530345917,-0.026606176048517227,-0.9179412253100858,-0.9179412253100885,211.38618246115405,211.38618246115402,212.30412368646412,211.25806205056307,0.12812041059095236,-3.2604618618740764,4.0549678256259245,0.2815371760804668,8.857746197654793,3.356521060296791,44.44752395044239,21.259074165043803,0.04052053664644628,0.0,-2.1378916398734873,-0.07687224635456857
A3,420002,586,Omega_safe_one_step_QP,25.293718894812095,50.10362967334635,13.642420942389435,-0.21973194882457175,0.9393406510353088,False,False,-0.9393406510353088,-0.093934066593647,-4.97059010997833,-4.9705901099783185,200.13324731872012,200.13324731872015,205.10383742869845,199.83414560212307,0.29910171659707885,-5.2915734304156095,3.2430945383343914,0.9393406659364679,-0.03464086353778839,-0.0034640864469110966,0.25955331286027716,0.2595533128602716,211.9745477669616,211.9745477669616,211.71499445410132,210.64256726831425,1.33198049864734,-3.201548938637797,4.113880748862203,0.06309208475040448,8.671517758003898,4.808366751652184,44.181758615886544,21.826230819095652,0.2149382394199444,0.0,-13.058170882621198,-0.7991882991884012
A3,420002,587,Z_mode_existing_controller,25.318861870910045,50.10262420690213,50.30305334465265,-0.8033048877602185,0.9363885521888733,False,False,-0.9363885521888733,-0.09363885968923569,-3.503528469513748,-3.503528469513749,196.81363821200082,196.81363821200082,200.31716668151458,194.9813422909378,1.8322959210630358,-3.7415326085143454,3.3978843234472964,0.9363885968923572,-0.009588431566953659,-0.0009588431566953659,-0.2174553254680904,-0.2174553254680918,210.4071993776193,210.4071993776193,210.62465470308737,209.53975543368253,0.8674439439367632,-1.0062476117754313,0.6708317477954553,0.2161051841747101,10.3012770906755,6.133098742671267,41.02921051002645,26.967841322642975,0.8161088936292558,0.0,-50.59869587192043,-0.5204663663620579
A3,420002,588,Z_mode_existing_controller,25.326202259313014,50.10449842303997,32.2320749977207,-0.518227356026464,0.9431825280189514,False,False,-0.9431825280189514,-0.09431825578212738,-3.532597160635398,-3.532597160635411,194.96011742495426,194.96011742495423,198.49271458558965,193.8734113956573,1.08670602929692,-3.7454012813761115,3.39401565058553,0.9431825578212775,-0.007269770372658968,-0.0007269770721904933,-0.2039851292314203,-0.20398512923142514,210.14863185344169,210.14863185344169,210.3526169826731,209.38711956258788,0.7615122908538012,-1.0062476117754313,0.6708317477954553,0.20271862198163348,10.142540233203608,4.27351189073216,40.75218350571614,25.086180625816777,0.5233461367339451,0.0,-32.29851375994258,-0.4569073745122836
A3,420002,589,Z_mode_existing_controller,25.318515747516198,50.104884646783795,18.10963944356172,-0.2880511224774375,0.9422845244407654,False,False,-0.9422845244407654,-0.09422845393419266,-3.532850545897149,-3.532850545897149,196.11806988242787,196.11806988242787,199.65092042832504,195.62155014329286,0.49651973913501024,-3.7492396387660394,3.3901772931956025,0.9422845393419267,-0.0075196996331214905,-0.0007519699865952134,-0.2054092972677432,-0.20540929726774043,210.42660768594473,210.42660768594473,210.63201698321248,209.76577902739643,0.6608286585482972,-1.0062476117754313,0.6708317477954553,0.204133947612869,10.393741291084053,6.721197936603318,40.398560987322384,25.916326455216794,0.29500718462137243,0.0,-18.008149433053404,-0.39649719512898685
A3,420002,590,Z_mode_existing_controller,25.328779148930096,50.1059897605375,5.846860219992777,-0.09651242677293888,0.9447919726371765,False,False,-0.9447919726371765,-0.09447919577360153,-3.5458066459139403,-3.5458066459139426,193.7231890307172,193.72318903071718,197.26899567663114,193.728680072265,-0.005491041547827535,-3.753002570439614,3.3864143615220277,0.9447919577360158,-0.006576625630259514,-0.0006576625746674836,-0.19988761695597934,-0.1998876169559849,209.99649788679613,209.99649788679613,210.1963855037521,209.41334733356004,0.583150553236095,-1.0062476117754313,0.6708317477954553,0.19864655042837973,8.60627741949083,6.459821543852868,37.463641260134466,26.781295996775494,0.0952789978945141,0.0,-5.592248885945992,-0.3498903319416513
A3,420002,591,Omega_safe_one_step_QP,25.359395548934483,50.10654685776936,-1.0809246874041492,0.01735906573274753,0.8967608213424683,False,False,-0.8967608213424683,-0.08967608213424683,-3.4702863693249832,-3.4702863693249872,187.41583173015684,187.41583173015684,190.88611809948182,187.7312677296165,-0.31543599945965184,-3.869801497493945,4.6648664712560555,0.8967608213424691,-0.034128692001104355,-0.003412869293242693,0.4973481031894933,0.4973481031894919,209.37189256171354,209.37189256171354,208.87454445852404,208.15734646511,1.2145460966035273,-2.9175039390800697,4.397925748419931,0.11308697136784929,11.698818320473396,5.205144809716704,40.962772841209606,20.257435646642357,-0.0212868398817605,0.0,1.8309391852480985,-0.7287276579621249
A3,420002,592,Z_mode_existing_controller,25.32943220626348,50.10327000522216,2.785813323685943,-0.043310994813007035,0.9194385409355164,False,False,-0.9194385409355164,-0.09194385260343552,-3.452241644638978,-3.452241644638988,193.56183445052412,193.56183445052412,197.0140760951631,193.70230517987193,-0.14047072934781113,-3.7547280724997414,3.3846888594619005,0.9194385260343578,-0.01242674421519041,-0.001242674421519041,-0.23249652373725088,-0.23249652373724394,209.75145041458032,209.75145041458032,209.98394693831756,209.24127343347484,0.5101769811054737,-1.0062476117754313,0.6708317477954553,0.23105299432912463,12.22865005884182,2.769874222324119,34.85086800400428,25.705810242896142,0.0487436621438988,0.0,-2.5284507971664425,-0.30610618866327854
A3,420002,593,Omega_safe_one_step_QP,25.26901071450065,50.10386248047095,-49.36267778139336,0.7950301658417623,0.9448233246803284,False,False,-0.9448233246803284,-0.09448233246803284,-5.329406803374442,-5.329406803374447,203.26508113578492,203.26508113578492,208.59448793915936,205.66544221111394,-2.400361075329016,-5.6406384814617,2.894029487288301,0.9448233246803291,-0.30615586042404175,-0.030615586787462234,-1.136292609361917,-1.1362926093619108,211.3638325451559,211.36383254515593,212.50012515451783,211.82441264541555,-0.4605801002596195,-3.280062008679449,4.035367678820552,0.34642412440836184,7.38510898918299,5.7176809103216835,38.04185950343822,22.959311136670166,-0.7922761664046121,0.0,49.87860588764124,0.27634806015576885
A3,420002,594,Z_mode_existing_controller,25.32031309766135,50.10327997789478,4.373083468503864,-0.07072485024139613,0.9397179484367371,False,False,-0.9397179484367371,-0.09397179633378983,-3.5298079769210124,-3.5298079769210142,195.14314878675864,195.14314878675864,198.67295676367965,195.21788036034008,-0.07473157358143112,-3.7562418881331787,3.383175043828464,0.9397179633378988,-0.002509387442842126,-0.00025093875592574477,-0.17340949927426158,-0.173409499274272,210.16301233557502,210.16301233557502,210.3364218348493,209.57171917162827,0.5912931639467445,-1.0062476117754313,0.6708317477954553,0.17233283065219593,9.474433046651091,4.588164889366424,39.81688330648707,26.644195852771283,0.07194495190250727,0.0,-4.090252522038099,-0.3547758983680467
A3,420002,595,Z_mode_existing_controller,25.325678622668637,50.10437464508509,-3.8118085573223652,0.060178756242681083,0.9293251633644104,False,False,-0.9293251633644104,-0.09293251484632492,-3.4941352652825968,-3.4941352652826025,193.7756011091645,193.7756011091645,197.26973637444712,194.18949617522017,-0.41389506605565884,-3.759863026477406,3.379553905484236,0.9293251484632508,-0.009263948537409306,-0.0009263948886655271,-0.21422620360030953,-0.2142262036003137,209.89459391091748,209.89459391091748,210.10882011451778,209.40850733776603,0.48608657315145365,-1.0062476117754313,0.6708317477954553,0.2128961113481117,11.17981383488492,4.497224823233032,39.845642564200354,25.253643379798337,-0.0588049158319528,0.0,4.162265417044182,-0.29165194389086935
A3,420002,596,Omega_safe_one_step_QP,25.302042009020063,50.104896310226046,-41.14302676736588,0.6198852366967724,0.9461106657981873,False,False,-0.9461106657981873,-0.09461107105016708,-4.675144326141602,-4.675144326141612,196.9273061284572,196.9273061284572,201.6024504545988,198.84682335415337,-1.9195172256961825,-4.941434733005642,3.593233235744358,0.9461107105016728,-0.013590117916464806,-0.0013590118614956737,0.42605660803874124,0.4260566080387537,211.49893243669382,211.49893243669382,211.07287582865507,210.42968737559715,1.069245061096666,-3.137337076093172,4.178092611406829,0.10197395023641993,12.986903342696012,5.268201948212625,42.11837158560752,22.481099117711636,-0.6695903859799941,0.0,42.45416419000321,-0.6415470366580109
A3,420002,597,Omega_safe_one_step_QP,25.261893521259903,50.10496125369372,-48.845250270456745,0.7495372123719548,0.9525463581085205,False,False,-0.9525463581085205,-0.09525463730096817,-5.479313619550279,-5.4793136195502665,204.23159127933243,204.23159127933246,209.71090489888272,206.52446287469232,-2.2928715953598555,-5.752280177434035,2.7823877913159656,0.9525463730096796,-0.2833593189716339,-0.02833593264222145,-1.050477757888709,-1.0504777578887181,211.7465299894411,211.74652998944106,212.7970077473298,212.08529250131002,-0.3387625118689641,-3.3097502679606428,4.005679419539358,0.31738882780905014,10.061205938018583,5.424238937094351,39.537701953986,25.187940821144334,-0.7829627939607633,0.0,49.42495555729511,0.20325750712137847
A3,420002,598,Omega_safe_one_step_QP,25.272377275887585,50.1067469055453,-30.085639272017943,0.4826294261682319,0.9443743824958801,False,False,-0.9443743824958801,-0.09443744271993637,-5.253139224432949,-5.253139224432954,202.56056189529926,202.56056189529926,207.8137011197322,204.12454976481115,-1.563987869511891,-5.562559799518984,2.972108169231017,0.9443744271993648,-0.23125655949115753,-0.023125655949115753,-0.7695793645744214,-0.7695793645744325,211.71357840850436,211.71357840850433,212.48315777307877,211.68763093924883,0.025947469255498845,-3.2783652705355415,4.0370644169644585,0.234744850273721,7.95248751063825,4.759012302300032,40.318157444340706,21.851653288169256,-0.4832065725038648,0.0,30.584414326075603,-0.01556848155330215
A3,420002,599,Z_mode_existing_controller,25.309030482899587,50.10567664696452,17.980003541356382,-0.299735070095207,0.948821485042572,False,False,-0.948821485042572,-0.09488215297460556,-3.564856738119637,-3.564856738119625,197.22244291468746,197.22244291468746,200.7872996528071,196.7046510337128,0.51779188097467,-3.7571414922190294,3.3822754397426125,0.9488215297460522,-0.0034822681918740273,-0.000348226836649701,-0.18106624211772157,-0.18106624211772643,210.72865364720244,210.7286536472024,210.90971988932014,210.04706152351832,0.6815921236840836,-1.0062476117754313,0.6708317477954553,0.17994203414629895,7.355489194996624,2.821075092150424,42.873914202919714,26.835513197935118,0.29082875901075944,0.0,-17.861877026157345,-0.40895527421044164
A3,420002,600,Z_mode_existing_controller,25.3396696185545,50.106768719337246,10.821527785431499,-0.16894541076611713,0.9219093918800354,False,False,-0.9219093918800354,-0.0921909436583519,-3.4671191226562663,-3.4671191226562605,190.93096647230436,190.93096647230436,194.39808559496063,190.76441008187686,0.1665563904275018,-3.7608022925819875,3.378614639379654,0.9219094365835173,0.003040449693799019,0.00030404498102143407,-0.135454024045914,-0.13545402404590567,209.4817276810332,209.4817276810332,209.6171817050791,208.82953859085356,0.6521890901796326,-1.0062476117754313,0.6708317477954553,0.13461301419330526,12.724862443564408,5.853955079749983,42.92050223347899,20.049713839090412,0.17867466764212736,0.0,-10.608888998965995,-0.39131345410778806
A3,420002,601,Z_mode_existing_controller,25.30480066715916,50.10441870234207,-3.032909915456912,0.04787554615934295,0.9540095329284668,False,False,-0.9540095329284668,-0.09540095180273056,-3.591116952292878,-3.591116952292872,197.39322840520768,197.39322840520768,200.98434535750056,197.78606837404362,-0.3928399688359434,-3.7642359792369415,3.3751809527247003,0.9540095180273042,-0.00033961981534957886,-3.396198371774517e-05,-0.1621348662735847,-0.16213486627359094,210.73523769198417,210.73523769198417,210.89737255825776,210.18533798338183,0.5498997086023394,-1.0062476117754313,0.6708317477954553,0.16112819983494808,10.343315627986438,6.422366692320116,37.51435404031383,25.864301422559674,-0.047138100959845275,0.0,3.4099878415772764,-0.32993982516140363
A3,420002,602,Z_mode_existing_controller,25.3131457485198,50.10545375121414,-9.822922332952658,0.15440477600939093,0.9396364092826843,False,False,-0.9396364092826843,-0.09396364539861679,-3.5403606586015366,-3.5403606586015464,195.4594818937339,195.4594818937339,198.99984255233545,196.12966872313228,-0.670186829398375,-3.7677983262382586,3.3716186057233832,0.9396364539861707,-0.005483788438141346,-0.0005483788554556668,-0.19213716507957626,-0.1921371650795818,210.34992611715646,210.34992611715646,210.54206328223603,209.88733529153393,0.4625908256225273,-1.0062476117754313,0.6708317477954553,0.1909442197239837,10.997541297796529,5.533407575807941,42.25973834571181,26.43640421537307,-0.15610739574859878,0.0,10.256584224074686,-0.27755449537350785
A3,420002,603,Z_mode_existing_controller,25.304334023720536,50.10709749750207,-17.0193645526424,0.2709379562831992,0.9482417702674866,False,False,-0.9482417702674866,-0.0948241800069809,-3.576018759965417,-3.57601875996541,196.82827880850255,196.82827880850255,200.40429756846797,197.80895203621483,-0.9806732277122876,-3.7712097902688457,3.3682071416927957,0.9482418000698071,-0.010830742307007313,-0.0010830742539837956,-0.22727085060961355,-0.22727085060961424,210.71774006053357,210.71774006053357,210.94501091114319,210.33922011152708,0.37851994900648833,-1.0062476117754313,0.6708317477954553,0.22585976647300135,9.826780233615722,5.294936470832263,40.2164512231834,21.594107165262553,-0.27301593769289667,0.0,17.519492459738103,-0.227111969403893
A3,420002,604,Z_mode_existing_controller,25.31144386059783,50.105540092332824,-22.805690134913675,0.34440827045986516,0.9410675168037415,False,False,-0.9410675168037415,-0.0941067561507225,-3.5521633327366797,-3.5521633327366895,195.1565209556788,195.1565209556788,198.70868428841547,196.32695675996268,-1.1704358042838976,-3.7746103234580657,3.364806608503576,0.9410675615072276,-0.005641294177621603,-0.0005641294410452247,-0.19336959822688488,-0.19336959822689667,210.30833535573876,210.30833535573876,210.50170495396566,209.93454096187088,0.3737943938678825,-1.0062476117754313,0.6708317477954553,0.19216900091391403,13.438672408159611,5.6977172588643885,35.26484771240094,24.68957579727219,-0.3642795773638525,0.0,23.394246348599154,-0.22427663632073802
A3,420002,605,Omega_safe_one_step_QP,25.26417398529771,50.10610388962939,-67.48766191045252,1.0511329915053955,0.9534292221069336,False,False,-0.9534292221069336,-0.09534292668104172,-5.294386097631898,-5.294386097631892,202.4236475832026,202.4236475832026,207.7180336808345,205.53953178950118,-3.115884206298574,-5.552993055629212,2.9816749131207883,0.9534292668104162,-0.25792261958122253,-0.025792261585593224,-0.8946032999776268,-0.8946032999776352,211.57187550141663,211.57187550141663,212.46647880139426,211.9381482926438,-0.3662727912271748,-3.2766973733670914,4.0387323141329095,0.2730198117314546,9.379260784187764,3.890440379824632,37.585553225126816,26.748996559598417,-1.0858106862551011,0.0,68.35370892197079,0.2197636747362992
A3,420002,606,Omega_safe_one_step_QP,25.270763741260733,50.108203425645,-47.885055743336125,0.7546975691324137,0.9452968239784241,False,False,-0.9452968239784241,-0.09452968090772629,-5.144948791941778,-5.144948791941784,201.4699623207069,201.4699623207069,206.61491111264868,203.77213237841235,-2.302170057705439,-5.442680798810632,3.091987169939369,0.9452968090772638,-0.2563363313674927,-0.025633633136749268,-0.8779359333480723,-0.8779359333480723,211.46128400189446,211.46128400189446,212.33921993524254,211.70080070570768,-0.23951670381322288,-3.2639714867519176,4.051458200748083,0.268977819478973,9.075476201423927,5.188954755936908,39.65417331451662,24.78089518470163,-0.7686902381305405,0.0,48.51003595917973,0.14371002228793373
A3,420002,607,Omega_safe_one_step_QP,25.292078321121675,50.109023767551136,-26.26913423798851,0.4218215139846165,0.9499014616012573,False,False,-0.9499014616012573,-0.09499014914035797,-4.7904962684177725,-4.790496268417773,197.82911277300983,197.82911277300983,202.6196090414276,199.24649683436616,-1.41738406135633,-5.043150591688522,3.491517377061478,0.9499014914035799,-0.02881971374154091,-0.0028819714207202196,0.31120267132096896,0.31120267132098145,211.8320465407696,211.83204654076962,211.52084386944864,210.7934364672514,1.038610073518214,-3.1821338801725294,4.133295807327471,0.07529165243128354,8.981335829241562,5.726629991224585,37.62072624596435,26.34629169318879,-0.4299756205673617,0.0,27.32227590266666,-0.6231660441109312
A3,420002,608,Z_mode_existing_controller,25.315204352486315,50.11002852422528,12.099800151506315,-0.1906032618286502,0.9390247464179993,False,False,-0.9390247464179993,-0.09390247613191605,-3.5409234212760294,-3.5409234212760174,194.71978233061972,194.71978233061975,198.26070575189576,194.5036979295095,0.21608440111023697,-3.7708520234351117,3.36856490852653,0.9390247613191574,-0.008770271204411983,-0.0008770271087996662,-0.2127423024020053,-0.21274230240200948,210.42282421304455,210.42282421304455,210.63556651544656,209.84437299782428,0.5784512152202694,-1.0062476117754313,0.6708317477954553,0.21142142342742584,11.256421830937171,6.170453059541981,41.10538831921315,27.522035057473346,0.19957734742847677,0.0,-11.952306769801908,-0.347070729132156
A3,420002,609,Z_mode_existing_controller,25.307354327672545,50.112174464222335,0.49760923750272923,-0.008036914561127732,0.9515966176986694,False,False,-0.9515966176986694,-0.09515966475009918,-3.5915217937582775,-3.591521793758269,195.88342493233873,195.88342493233876,199.47494672609702,196.14212075454225,-0.2586958222034923,-3.7742060180540244,3.3652109139076174,0.9515966475009896,-0.009392869658768177,-0.0009392869542352855,-0.21877362387306698,-0.21877362387306906,210.80777547301332,210.80777547301332,211.02654909688638,210.30811415802484,0.49966131498848654,-1.0062476117754313,0.6708317477954553,0.2174152975002476,9.347026485641342,5.322414071251524,38.934264791035396,25.522597340585907,0.010380229462374047,0.0,-0.20819267797196517,-0.2997967889930919
A3,420002,610,Z_mode_existing_controller,25.3207366906641,50.11259086114125,-6.994107547077874,0.11279961375481513,0.9474862813949585,False,False,-0.9474862813949585,-0.09474863111972809,-3.579199629228824,-3.5791996292288117,192.94335154867267,192.94335154867267,196.52255117790148,193.51591242063003,-0.5725608719573643,-3.777573973291505,3.361842958670137,0.9474863111972777,-0.006407113745808601,-0.0006407113978639245,-0.1992714085598271,-0.19927140855981254,210.22895455590455,210.22895455590458,210.4282259644644,209.76595135585882,0.4630032000457618,-1.0062476117754313,0.6708317477954553,0.1980341679601271,10.046824449309135,5.738031810882679,39.23341371508707,23.541423427970408,-0.11042813250742256,0.0,7.382337599613493,-0.27780192002745707
A3,420002,611,Z_mode_existing_controller,25.324609814753018,50.11157457481103,-13.067776499918182,0.21046040456062598,0.9403589963912964,False,False,-0.9403589963912964,-0.09403590112924576,-3.555361956850728,-3.5553619568507324,191.9141783671363,191.9141783671363,195.46954032398702,192.73911735870078,-0.824938991564494,-3.780855943480704,3.3585609884809373,0.940359011292459,-0.005072183441370726,-0.0005072183557786047,-0.18966487111012412,-0.18966487111011024,209.96328754292242,209.96328754292244,210.15295241403254,209.5392631811994,0.4240243617230419,-1.0062476117754313,0.6708317477954553,0.18848727578638824,10.302501688869032,4.956180782939363,34.79791945097167,24.246602735069683,-0.20850016311118225,0.0,13.530691280062456,-0.2544146170338166
A3,420002,612,Z_mode_existing_controller,25.315365817712987,50.11054846210982,-17.620133622916,0.2863509373866122,0.9321298599243164,False,False,-0.9321298599243164,-0.09321298450231552,-3.5272122894374744,-3.5272122894374722,193.4847341122353,193.4847341122353,197.01194640167276,194.5113925771972,-1.026658464961912,-3.784035355449707,3.355381576511935,0.9321298450231544,-0.011311054229736328,-0.0011311054695397615,-0.22759513588333224,-0.2275951358833274,210.20352782813538,210.20352782813538,210.4311229640187,209.85870808969807,0.34481973843730884,-1.0062476117754313,0.6708317477954553,0.22618203831734487,9.342514397962244,4.6089604970237685,35.13303119952795,23.152142121323593,-0.2823885247573781,0.0,18.109413990736357,-0.20689184306237962
A3,420002,613,Z_mode_existing_controller,25.319978744262862,50.10891071416283,-21.088569982204717,0.3498698770713914,0.9277573227882385,False,False,-0.9277573227882385,-0.09277573227882385,-3.513516524737828,-3.5135165247378293,192.3261908072163,192.3261908072163,195.83970733195414,193.5174536816957,-1.1912628744794063,-3.7871072945869817,3.3523096373746597,0.9277573227882391,-0.005601574666798115,-0.0005601574666798115,-0.19088709638777762,-0.19088709638778317,209.90300352438805,209.90300352438803,210.09389062077582,209.5537932133226,0.3492103110654341,-1.0062476117754313,0.6708317477954553,0.18970191248551682,8.352934676808733,6.209842285192389,36.118973893326405,19.78020205999541,-0.33950244903943894,0.0,21.63759861788367,-0.20952618663925193
A3,420002,614,Omega_safe_one_step_QP,25.35099950901855,50.104901943891605,-24.224580249729115,0.4052771274689745,0.9443078637123108,False,False,-0.9443078637123108,-0.09443078935146332,-3.5231030948231523,-3.5231030948231594,185.9738387995665,185.97383879956647,189.49694189438964,187.3112899339092,-1.3374511343427287,-3.7308838769847243,4.803784091765276,0.944307893514635,0.021444132551550865,0.0021444133017212152,0.8374484220319014,0.8374484220319139,209.35321805099085,209.35321805099085,208.51576962895894,208.00070320120267,1.3525148497881787,-2.8816264561235583,4.433803231376443,0.18887812073066085,9.306454276746633,6.084444553966124,36.47350826556495,22.7423540731086,-0.3994284671419166,0.0,25.435517626743604,-0.8115089098729129
A3,420002,615,Omega_safe_one_step_QP,25.362002873775506,50.101936710962676,-10.47176254426995,0.17902212803282042,0.9444184303283691,False,False,-0.9444184303283691,-0.09444184601306915,-3.344860744020306,-3.3448607440203144,184.2603893892478,184.2603893892478,187.6052501332681,185.02648875886234,-0.766099369614551,-3.5417147008725722,4.992953267877429,0.9444184601306935,0.041842538863420486,0.004184253979474306,0.9925161341534137,0.9925161341534094,208.9206243469182,208.9206243469182,207.92810821276478,207.34836821190322,1.5722561350149817,-2.822860314504144,4.492569372995856,0.22092394168007096,8.562200787002032,4.183632700879139,37.29915868944776,25.463798198341813,-0.17869543072809257,0.0,11.593811656007347,-0.9433536810089862
A3,420002,616,Omega_safe_one_step_QP,25.369439894610135,50.10023430193903,0.18956249658367597,-0.0031906513515482567,0.9323853254318237,False,False,-0.9323853254318237,-0.09323853254318237,-3.189579169096074,-3.1895791690960866,183.20733314727752,183.20733314727752,186.3969123163736,183.51497645830585,-0.307643311028329,-3.4208809191831238,5.113787049566877,0.9323853254318277,0.03465160354971886,0.003465160494670272,0.9817984108859243,0.9817984108859243,208.54098140595946,208.54098140595946,207.55918299507354,206.9288317624838,1.6121496434756466,-2.7859677927350184,4.5294618947649825,0.21675828910729059,9.862634806328806,6.548579035378168,37.808908423839426,24.96457974473983,-0.004851668293447631,0.0,0.782578957795522,-0.967289786085388
A3,420002,617,Omega_safe_one_step_QP,25.374191054186557,50.09841069482318,7.361752961902312,-0.12560422624460438,0.9212896227836609,False,False,-0.9212896227836609,-0.09212896227836609,-3.0887735692664937,-3.0887735692664995,182.62595888964108,182.62595888964108,185.71473245890758,182.6218890035999,0.004069886041179416,-3.3526629334365206,5.1820050353134794,0.9212896227836626,-0.0274529829621315,-0.002745298435911536,0.6935062120865378,0.693506212086531,207.9893451125893,207.9893451125893,207.29583890050276,206.63038370370177,1.3589614088875237,-2.759633383277941,4.55579630422206,0.1522250262690252,9.269169825067701,5.6999349735957034,40.87516681901958,27.432462592733103,0.11365071017699435,0.0,-6.660026826746616,-0.8153768453325085
A3,420002,618,Omega_safe_one_step_QP,25.38161591141041,50.098069434561445,16.015506357821323,-0.27269000501287677,0.8906903862953186,False,False,-0.8906903862953186,-0.08906903862953186,-2.8765081259739227,-2.876508125973934,181.60685910193763,181.6068591019376,184.48336722791154,181.22722395358988,0.3796351483477167,-3.229526410336916,5.3051415584130845,0.8906903862953225,-0.1218297928571701,-0.012182979844510555,0.23205145052076076,0.23205145052076215,207.23264585060184,207.23264585060184,207.00059440008107,206.306679951657,0.9259658989448383,-2.730108933235773,4.585320754264227,0.050607463023161554,9.722583116305016,2.82575974389997,42.165977305283214,23.468731365816733,0.25877436463227355,0.0,-15.718701183085614,-0.555579539366903
A3,420002,619,Omega_safe_one_step_QP,25.358588987725554,50.09542676124757,6.932676299350533,-0.11995111229159856,0.8991623520851135,False,False,-0.8991623520851135,-0.08991623669862747,-3.334957452990258,-3.334957452990254,185.94274789954625,185.94274789954625,189.27770535253651,185.92874034298117,0.014007556565076129,-3.708960222799412,4.825707745950589,0.899162366986273,-0.16770648956298828,-0.016770649701356888,-0.06111985792118663,-0.0611198579211783,207.7990685620425,207.79906856204252,207.8601884199637,207.14865336153946,0.6504152005030619,-2.816068335224035,4.499361352275965,0.021703968315213432,7.64511347615265,6.467299892076409,34.497049142364276,21.569543545330127,0.11225751793880745,0.0,-6.654684696987715,-0.39024912030184566
A3,420002,620,Omega_safe_one_step_QP,25.396189238222828,50.09131355752226,26.270147848160377,-0.4416810194124802,0.9213761687278748,False,False,-0.9213761687278748,-0.09213761985301971,-2.759049176554762,-2.7590491765547704,179.37392533663504,179.373925336635,182.1329745131898,178.61135301410192,0.7625723225330887,-2.9944871388647405,5.5401808298852595,0.9213761985302003,0.07287757098674774,0.007287757005542517,1.294419481289373,1.294419481289387,207.3798070327896,207.37980703278964,206.08538755150025,205.34203988438117,2.037767148408477,-2.638588248377691,4.67684143912231,0.2767721544847386,11.155290501875404,2.8090459702891484,48.43690207628384,23.301027479626367,0.41555536594924547,0.0,-25.463042925064656,-1.2226602890450948
A3,420002,621,Z_mode_existing_controller,25.348822251980852,50.08910747809848,8.195700093988307,-0.13470887587391606,0.916557252407074,False,False,-0.916557252407074,-0.09165572375059128,-3.4579003745490944,-3.457900374549097,188.25375543449252,188.25375543449252,191.71165580904162,188.1857331414873,0.0680222930052139,-3.7727053293022386,3.366711602659403,0.9165572375059133,-0.04976854845881462,-0.0049768551252782345,-0.4672994513149939,-0.4672994513149939,207.52496588773838,207.52496588773838,207.99226533905338,207.24820209878195,0.27676378895642983,-1.0062476117754313,0.6708317477954553,0.46439807244907344,10.170596802613353,5.592533019645972,44.68985396836726,26.313372934026724,0.13828291684978566,0.0,-8.16792473746409,-0.16605827337386359
A3,420002,622,Z_mode_existing_controller,25.347910391529165,50.08954997434251,-0.4509333924288512,0.007770949828365597,0.9146338105201721,False,False,-0.9146338105201721,-0.09146337956190109,-3.4535614549150973,-3.4535614549150986,188.13969846218293,188.13969846218293,191.59325991709804,188.44150501394503,-0.30180655176209825,-3.775895305265619,3.3635216266960226,0.9146337956190114,-0.0014615607215091586,-0.0001461560750612989,-0.1626004572776285,-0.16260045727763128,207.83709049754273,207.83709049754273,207.99969095482035,207.31968874771314,0.5174017498295882,-1.0062476117754313,0.6708317477954553,0.1615909000675666,7.2989125818519724,4.770400608099419,41.81503734326961,19.26860044131972,-0.006748713040981347,0.0,0.7681231553679027,-0.31044104989774723
A3,420002,623,Omega_safe_one_step_QP,25.38406256885649,50.084732322356395,5.077596536944839,-0.0876810996479789,0.9277111887931824,False,False,-0.9277111887931824,-0.09277112036943436,-2.9731526836423687,-2.9731526836423745,181.26320718074146,181.26320718074146,184.23635986438384,181.3622904046505,-0.099083223909048,-3.2048256739841454,5.329842294765855,0.9277112036943458,0.06533615291118622,0.006533615291118622,1.2572759464311203,1.25727594643113,207.41618389056188,207.41618389056188,206.15890794413076,205.526068730739,1.8901151598228694,-2.64594028764074,4.669489399859261,0.26925341054827634,8.849266427751996,4.16677562269741,42.525422036103876,25.918123493383888,0.07087325920989329,0.0,-4.014400700260921,-1.1340690958937216
A3,420002,624,Omega_safe_one_step_QP,25.386032846842568,50.08330261230357,10.541146737037707,-0.17869225598286428,0.911884605884552,False,False,-0.911884605884552,-0.0911884605884552,-2.908794835931809,-2.9087948359318174,181.17802460820675,181.17802460820675,184.08681944413857,181.03269897704703,0.14532563115972152,-3.18987163195962,5.344796336790381,0.9118846058845541,-0.0808253213763237,-0.008082532323896885,0.5399787744781683,0.5399787744781657,206.57235267239932,206.57235267239932,206.03237389792116,205.36930368909785,1.2030489833014713,-2.6332868830197804,4.68214280448022,0.11532727578523963,10.03351974618334,4.25404648294975,42.22278595777547,22.196641554300072,0.16721182994895045,0.0,-9.98652917700474,-0.7218293899808828
A3,420002,625,Omega_safe_one_step_QP,25.369207457955703,50.07994667993511,4.664858145551989,-0.07813182317967393,0.9255777597427368,False,False,-0.9255777597427368,-0.09255778044462204,-3.2832772599142386,-3.283277259914234,184.37755699692497,184.37755699692497,187.6608342568392,184.48401153504523,-0.10645453812026062,-3.547273113229682,4.987394855520319,0.9255778044462193,-0.027957577258348465,-0.0027957577258348465,0.7601771635757759,0.7601771635757717,207.3507194305364,207.3507194305364,206.59054226696063,205.9059993246351,1.4447201059012968,-2.689103719923728,4.626325967576273,0.16431552141018452,9.90371781086645,4.456242896138797,37.02405839274241,26.305599313937964,0.06927215398514264,0.0,-3.8672982359967136,-0.8668320635407838
A3,420002,626,Omega_safe_one_step_QP,25.356837615167407,50.07912132763763,4.259921780032528,-0.06824249019227432,0.9071049690246582,False,False,-0.9071049690246582,-0.09071049839258194,-3.4591780071378015,-3.4591780071377976,186.86318816782878,186.86318816782878,190.3223661749666,186.98419892456195,-0.12101075673317041,-3.81342630504242,4.7212416637075805,0.9071049839258184,-0.07527556270360947,-0.007527556270360947,0.46535107124224123,0.4653510712422329,207.56482578506544,207.5648257850654,207.09947471382318,206.38762715414538,1.1771986309200315,-2.7399969646099827,4.575432722890018,0.10170646131767389,12.022881637121458,4.713307865041001,38.58702521844309,28.467771055458318,0.06689368170048482,0.0,-3.6204962831816374,-0.7063191785520218
A3,420002,627,Z_mode_existing_controller,25.315510239150335,50.08062870384518,5.990434023856324,-0.09326768537507352,0.9305835962295532,False,False,-0.9305835962295532,-0.09305836260318756,-3.5079707386660495,-3.5079707386660366,195.15283301695325,195.15283301695325,198.6608037556193,195.18494675327173,-0.032113736318478914,-3.7696458873067358,3.369771044654906,0.9305836260318723,-0.014244542457163334,-0.0014244542689993978,-0.24581937046858626,-0.2458193704685821,208.70936658201043,208.70936658201043,208.955185952479,208.22044244645681,0.48892413555361713,-1.0062476117754313,0.6708317477954553,0.24429312188364496,11.789153734849029,2.838819801939675,42.62296132994193,23.495259188217815,0.10150682114181109,0.0,-5.7985863636658905,-0.2933544813321589
A3,420002,628,Omega_safe_one_step_QP,25.268441339344793,50.080803182555115,-43.571302944113086,0.6951716310945637,0.9443727135658264,False,False,-0.9443727135658264,-0.09443727135658264,-5.235940913986921,-5.2359409139869335,202.3957475532185,202.3957475532185,207.63168846720544,204.540705157787,-2.144957604568475,-5.5443585342663075,2.9903094344836934,0.9443727135658287,-0.32393333315849304,-0.032393332570791245,-1.0710501364164933,-1.0710501364165044,209.81834999545015,209.81834999545012,210.88940013186664,210.22142299435745,-0.4030729989073336,-3.118989506414328,4.196440181085673,0.3433965180754365,8.167161602119513,4.825815682239673,36.36932489977015,28.95142204127597,-0.6976591227191775,0.0,44.02711826748782,0.2418437993444087
A3,420002,629,Z_mode_existing_controller,25.30092039253103,50.08387376772658,8.81312792587778,-0.13806918271538304,0.9305500984191895,False,False,-0.9305500984191895,-0.09305500984191895,-3.5088127855290523,-3.5088127855290563,197.89476239269388,197.89476239269388,201.40357517822292,197.80822502612818,0.08653736656569322,-3.770686598700911,3.3687303332607303,0.9305500984191907,-0.02236795239150524,-0.0022367953788489103,-0.2969983638225815,-0.2969983638225815,209.42673440154903,209.42673440154903,209.7237327653716,208.97019671336594,0.45653768818309004,-1.0062476117754313,0.6708317477954553,0.29515435400493045,10.807127490494523,6.02210251794968,46.0630371851836,23.788687772580914,0.14702339566342815,0.0,-8.68622870863237,-0.27392261290984266
A3,420002,630,Z_mode_existing_controller,25.30303168564839,50.08462766998325,-1.413692166038345,0.022177572984162633,0.9385466575622559,False,False,-0.9385466575622559,-0.09385466575622559,-3.5420759401309074,-3.5420759401308968,197.13202116502754,197.13202116502754,200.67409710515844,197.46961851852464,-0.3375973534971024,-3.7740009104405696,3.3654160215210718,0.9385466575622531,-0.007664318196475506,-0.0007664318545721471,-0.20569364939405088,-0.2056936493940481,209.41357676405408,209.41357676405408,209.61927041344813,208.93277415360902,0.48080261044506756,-1.0062476117754313,0.6708317477954553,0.20441653424759001,10.785173117862934,6.001146061835623,37.44197149314335,24.738210345537944,-0.01938525017002135,0.0,1.721558982476381,-0.2884815662670377
A3,420002,631,Z_mode_existing_controller,25.30107884041188,50.085116137130385,-9.541307010362289,0.15067143706053,0.9423586130142212,False,False,-0.9423586130142212,-0.094235859811306,-3.559573714022234,-3.559573714022223,197.19050114988298,197.19050114988298,200.7500748639052,197.86754576019996,-0.6770446103169832,-3.777302739264839,3.362114192696803,0.9423585981130569,-0.007481241598725319,-0.0007481241482309997,-0.20517939595644796,-0.20517939595646184,209.46652954760575,209.46652954760572,209.67170894356218,209.0413892498929,0.42514029771282935,-1.0062476117754313,0.6708317477954553,0.2039054737177877,10.288224235379854,5.513694329496703,38.06737603119802,20.94445944880104,-0.1512500285635454,0.0,9.94764121755361,-0.2550841786276976
A3,420002,632,Z_mode_existing_controller,25.30257168005409,50.08325317942405,-15.96930337545109,0.2495651596569547,0.9422632455825806,False,False,-0.9422632455825806,-0.09422632306814194,-3.5622893795556485,-3.562289379555654,196.61559669340966,196.61559669340963,200.1778860729653,197.55345074646146,-0.9378540530518364,-3.780567110720744,3.3588498212408973,0.942263230681421,-0.006510241888463497,-0.0006510242237709463,-0.19904525502952575,-0.19904525502953407,209.25135452926494,209.25135452926492,209.45039978429446,208.86581669392794,0.38553783533697583,-1.0062476117754313,0.6708317477954553,0.1978094185767428,11.002101004217975,5.393554723753842,39.80235124323037,25.24666102444465,-0.2547113771297056,0.0,16.455337453782704,-0.23132270120218834
A3,420002,633,Omega_safe_one_step_QP,25.29244310778044,50.084224603494896,-47.25575192863562,0.75292482757264,0.9476637244224548,False,False,-0.9476637244224548,-0.09476637095212936,-4.708067917275523,-4.708067917275531,197.16082249470847,197.16082249470844,201.86889041198398,199.4611124558405,-2.3002899611320515,-4.96807872874416,3.5665892400058405,0.9476637095212951,-0.05489436537027359,-0.0054894364438951015,0.3389196728876033,0.3389196728876005,210.2141787911773,210.2141787911773,209.87525911828968,209.33008125344818,0.8840975377291045,-3.0175754050566344,4.2978542824433665,0.07885787898209565,9.386006234073882,4.30389429640649,39.29590210361908,28.517557750828008,-0.7689966019083023,0.0,48.55520705318031,-0.5304585226374599
A3,420002,634,Z_mode_existing_controller,25.298552858980564,50.086726992118635,-7.752877133747461,0.12432273941306264,0.9417569041252136,False,False,-0.9417569041252136,-0.09417568892240524,-3.561033932798019,-3.5610339327980176,197.30432655342554,197.30432655342554,200.86536048622355,197.9177276994694,-0.6134011460438558,-3.7812666661053926,3.3581502658562488,0.9417568892240522,-0.00981921423226595,-0.0009819214465096593,-0.21980976538645558,-0.21980976538644587,209.57231718382354,209.57231718382354,209.79212694921,209.15826533935717,0.4140518444663712,-1.0062476117754313,0.6708317477954553,0.21844500579595091,9.347615525231607,5.698571154234592,34.35650642847316,21.17584520771089,-0.12264706326630659,0.0,8.123955303693037,-0.24843110667981705
A3,420002,635,Z_mode_existing_controller,25.3144573405287,50.084498350038075,-13.42251368856796,0.21479402998925926,0.9352196455001831,False,False,-0.9352196455001831,-0.09352196753025055,-3.5392974607011976,-3.539297460701202,193.9240207472089,193.9240207472089,197.4633182079101,194.77026940372374,-0.846248656514831,-3.784455731811223,3.3549612001504183,0.9352196753025066,-0.005600965581834316,-0.000560096581466496,-0.19213475579317046,-0.19213475579316908,208.752978520715,208.752978520715,208.94511327650818,208.35579652228765,0.3971819984273566,-1.0062476117754313,0.6708317477954553,0.19094182539640017,10.213967991041885,4.616883170665772,41.989195731782196,25.922470788214365,-0.21388458343463768,0.0,13.874707471059992,-0.2383091990564168
A3,420002,636,Z_mode_existing_controller,25.308288514428817,50.085400163706566,-19.11157941145757,0.3061201485478039,0.9412071704864502,False,False,-0.9412071704864502,-0.09412071853876114,-3.564866880679793,-3.564866880679799,194.81999829735554,194.81999829735554,198.38486517803534,195.90848985420104,-1.0884915568454971,-3.7875474561020224,3.3518694758596195,0.9412071853876133,-0.010982459411025047,-0.001098245964385569,-0.22704704077838728,-0.22704704077840254,208.97421230000637,208.97421230000634,209.20125934078476,208.65075912492887,0.32345317507747495,-1.0062476117754313,0.6708317477954553,0.2256373462370747,9.877199104566069,4.506179083388588,35.22602610857054,24.773376334527175,-0.30581537555191574,0.0,19.61146669205573,-0.19407190504648497
A3,420002,637,Z_mode_existing_controller,25.30469795933413,50.085146382596065,-23.354605801721846,0.37192019119772357,0.9410419464111328,False,False,-0.9410419464111328,-0.09410419315099716,-3.5671310441628425,-3.5671310441628465,195.24649697396265,195.24649697396265,198.81362801812548,196.5111567491355,-1.264659775172845,-3.790618594900566,3.3487983370610763,0.9410419315099725,-0.010496094822883606,-0.001049609505571425,-0.2239548028226318,-0.2239548028226443,209.0616492073442,209.06164920734417,209.28560401016682,208.7669621637969,0.2946870435472704,-1.0062476117754313,0.6708317477954553,0.22256430743472438,10.090765333843345,3.9051014310311025,38.765196990370995,23.091116345318063,-0.37424459661657394,0.0,23.90566262446646,-0.17681222612836223
A3,420002,638,Z_mode_existing_controller,25.29435301775321,50.08427390167981,-27.159716376118922,0.42988388994531423,0.9459934234619141,False,False,-0.9459934234619141,-0.09459934383630753,-3.588751653981441,-3.5887516539814284,196.99770124942037,196.99770124942037,200.5864529034018,198.42562069186133,-1.4279194424409525,-3.793632712919587,3.345784219042055,0.9459934383630718,-0.005219188518822193,-0.0005219188751652837,-0.19153607090407476,-0.19153607090406366,209.42973204456308,209.4297320445631,209.62126811546716,209.12936282998953,0.30036921457357835,-1.0062476117754313,0.6708317477954553,0.1903468576348876,10.021109771714709,6.544243751638952,34.96148755051983,28.900290683159845,-0.43611008624216296,0.0,27.77604799110395,-0.18022152874415553
A3,420002,639,Z_mode_existing_controller,25.307142568948343,50.08684798971253,-29.223041778051083,0.47233688859236195,0.9421222805976868,False,False,-0.9421222805976868,-0.09421222656965256,-3.576881828009436,-3.576881828009438,194.18347260576948,194.18347260576948,197.76035443377893,195.71247963224383,-1.5290070264743463,-3.796621689399297,3.342795242562345,0.9421222656965261,-0.009102879092097282,-0.0009102878975681961,-0.21535749992887404,-0.21535749992887543,208.957466477604,208.957466477604,209.17282397753286,208.7029677776143,0.2544986999896821,-1.0062476117754313,0.6708317477954553,0.2140203836597405,9.390117115804205,5.620312301641143,39.50252734085285,19.31628867536645,-0.4696246270251656,0.0,29.84536562507037,-0.15269921999380642
A3,420002,640,Z_mode_existing_controller,25.321125831246952,50.083403970823824,-29.92307803350286,0.4912467177808215,0.9291256666183472,False,False,-0.9291256666183472,-0.09291256964206696,-3.530243559047621,-3.5302435590476215,191.24665187522743,191.24665187522743,194.77689543427505,192.81431348725414,-1.5676616120267113,-3.799532800187752,3.3398841317738897,0.9291256964206694,-0.001360151101835072,-0.00013601510727312416,-0.16439189405916266,-0.16439189405915294,208.18005652172423,208.18005652172423,208.34444841578338,207.89183146199406,0.2882250597301663,-1.0062476117754313,0.6708317477954553,0.16337121413793826,9.136027600404358,5.333823757353008,40.708881769322886,27.884931620122504,-0.48146445447267716,0.0,30.577477523813286,-0.1729350358380941
A3,420002,641,Z_mode_existing_controller,25.33479355634056,50.0846712943166,-31.40699298216623,0.5168342325573375,0.9249148368835449,False,False,-0.9249148368835449,-0.09249148517847061,-3.5168154551151507,-3.5168154551151574,188.2954493124173,188.2954493124173,191.81226476753247,189.9163243641655,-1.620875051748186,-3.80231266513792,3.337104266823722,0.924914851784708,-0.004208582919090986,-0.0004208582977298647,-0.18163332180519548,-0.18163332180519548,207.60897541893635,207.60897541893635,207.79060874074156,207.35189103977933,0.2570843791570212,-1.0062476117754313,0.6708317477954553,0.18050559293722962,9.662150911288126,2.0385353173259713,41.2771228176269,23.83767730525862,-0.5047639902035677,0.0,32.06600759986304,-0.15425062749420704
A3,420002,642,Z_mode_existing_controller,25.311742051695933,50.0832480314476,-30.411933144378054,0.5160074770326263,0.9151402711868286,False,False,-0.9151402711868286,-0.09151402860879898,-3.4821237559566702,-3.4821237559566773,192.64290930496745,192.64290930496745,196.12503306092412,194.28639658139818,-1.643487276430733,-3.8050163552977576,3.334400576663884,0.9151402860879917,-0.012241064570844173,-0.0012241065269336104,-0.23060573455850747,-0.23060573455849498,208.40552133934474,208.40552133934474,208.63612707390325,208.21013362841995,0.19538771092479124,-1.0062476117754313,0.6708317477954553,0.22917394472282263,6.8745594369379885,4.982141847331279,42.43377660559626,24.5629685878013,-0.49024529210893597,0.0,31.019411063041844,-0.11723262655486621
A3,420002,643,Omega_safe_one_step_QP,25.3594661256001,50.0821983991861,-20.99366498893687,0.3554232548972519,0.8815367817878723,False,False,-0.8815367817878723,-0.08815368264913559,-3.023913151086716,-3.0239131510867225,183.46693332136923,183.4669333213692,186.49084647245593,184.67174364769946,-1.2048103263302608,-3.430274334791355,5.104393633958646,0.8815368264913572,-0.11119649559259415,-0.01111964974552393,0.3174484564091362,0.31744845640914593,206.84126423181868,206.8412642318187,206.52381577540956,206.10246957572085,0.7387946560978662,-2.682431070768622,4.6329986167313795,0.06851900522109557,9.224875053495909,4.415651332994172,41.4440821706228,25.305596497984375,-0.3405164847595721,0.0,21.77745826735554,-0.4432767936587254
A3,420002,644,Omega_safe_one_step_QP,25.35867394232196,50.08080013644649,-14.764901017992088,0.24608446531780304,0.9062613844871521,False,False,-0.9062613844871521,-0.09062614291906357,-3.1491590318959677,-3.149159031895958,183.78784689775,183.78784689775003,186.93700592964598,184.71954940646944,-0.9317025087194111,-3.4748902805103614,5.05977768823964,0.9062614291906325,-0.12425648421049118,-0.012425648979842663,0.2778053288676585,0.27780532886764603,206.80232356026687,206.80232356026687,206.5245182313992,206.0359106630498,0.7664128972170658,-2.6825013163675875,4.632928371132413,0.05996322554836799,10.147641390155362,5.4600560592464005,36.65398382147301,24.492639751263706,-0.23878234367302653,0.0,15.463531099995635,-0.4598477383302395
A3,420002,645,Omega_safe_one_step_QP,25.35023315652899,50.07884076387571,-9.791626362150964,0.160084465863444,0.8926392197608948,False,False,-0.8926392197608948,-0.0892639234662056,-3.2763457010394776,-3.2763457010394736,185.61578715708131,185.61578715708131,188.8921328581208,186.33635108074455,-0.7205639236632351,-3.670402973357841,4.86426499539216,0.8926392346620547,-0.11089152097702026,-0.011089152656495571,0.30373166869098606,0.3037316686909819,207.11917830653186,207.11917830653186,206.8154466378409,206.26985314705408,0.849325159477786,-2.711594157011753,4.603835530488247,0.06597361410492665,10.91823387872061,4.489843232160563,36.83582069888179,22.81681402981216,-0.1581245611253479,0.0,10.459346018962606,-0.5095950956866631
A3,420002,646,Z_mode_existing_controller,25.3227279678602,50.076359545615716,-7.607338317669928,0.12376237580975771,0.9137879014015198,False,False,-0.9137879014015198,-0.09137879312038422,-3.4713573405614486,-3.4713573405614624,191.13499975978092,191.1349997597809,194.60635710034236,191.75972179257414,-0.6247220327932439,-3.79886538443139,3.340551547530252,0.9137879312038458,-0.007959879003465176,-0.0007959879003465176,-0.20340370476261416,-0.20340370476262665,207.67604467944315,207.67604467944315,207.87944838420577,207.2850888552622,0.3909558241809634,-1.0062476117754313,0.6708317477954553,0.20214080747355964,9.919696560775566,4.79244021831699,39.94136532218432,26.3517162497663,-0.11900184389076429,0.0,7.960913656070261,-0.2345734945085809
A3,420002,647,Z_mode_existing_controller,25.319613083204917,50.07687061753711,-14.279489276050299,0.22330207560658047,0.9226617813110352,False,False,-0.9226617813110352,-0.09226617962121964,-3.507560878949293,-3.5075608789492883,191.45871747243052,191.45871747243055,194.96627835137983,192.34109385616964,-0.8823763837390857,-3.8015672626187436,3.3378496693428983,0.9226617962121952,-0.008589801378548145,-0.0008589801727794111,-0.20886098807627734,-0.20886098807628567,207.78299288483683,207.78299288483683,207.9918538729131,207.43637643549155,0.3466164493452766,-1.0062476117754313,0.6708317477954553,0.20756420748941673,12.210446524606065,5.863652379551858,39.13008004373209,21.979163690554554,-0.2250019530859646,0.0,14.712461098743915,-0.2079698696071688
A3,420002,648,Z_mode_existing_controller,25.29128987070779,50.07535546643888,-20.590807042015513,0.33177576420208,0.9475461840629578,False,False,-0.9475461840629578,-0.09475462138652802,-3.6047246812029496,-3.604724681202953,196.7144492694835,196.7144492694835,200.31917395068646,197.8985569943578,-1.1841077248742806,-3.8042732148106717,3.33514371715097,0.9475462138652812,-0.004821872338652611,-0.000482187228044495,-0.18929304135704428,-0.18929304135704428,208.86491636991343,208.86491636991343,209.05420941127048,208.53647077880598,0.3284455911074531,-1.0062476117754313,0.6708317477954553,0.18811775465787603,9.070023518391542,5.385034443015981,38.1995171818683,25.20001498761624,-0.3299823365846919,0.0,21.11785673326449,-0.197067354664469
A3,420002,649,Z_mode_existing_controller,25.30993438786195,50.07567924683618,-22.281776724217707,0.3718168782916743,0.93702232837677,False,False,-0.93702232837677,-0.09370223432779312,-3.567318871715111,-3.567318871715097,192.81475352605247,192.8147535260525,196.3820723977676,194.09210197831038,-1.2773484522578826,-3.8070798389244,3.332337093037242,0.9370223432779278,-0.005788429174572229,-0.0005788429407402873,-0.19361826259848836,-0.19361826259848974,208.04489824860272,208.04489824860272,208.2385165112012,207.74473134566819,0.3001669029345351,-1.0062476117754313,0.6708317477954553,0.1924161213728181,7.876091059404848,5.274746551224898,40.22662747170601,25.181536314429614,-0.3581524422669252,0.0,22.820029308245466,-0.1801001417607182
A3,420002,650,Omega_safe_one_step_QP,25.34356856628512,50.075206369862656,-18.82137059764409,0.3072863478515841,0.8853901624679565,False,False,-0.8853901624679565,-0.0885390192270279,-3.304431500388199,-3.3044315003882017,186.20542568509674,186.20542568509674,189.50985718548495,187.31542098099513,-1.1099952958983863,-3.7321754060942562,4.802492562655744,0.8853901922702794,-0.033317212015390396,-0.003331721294671297,0.6810189403095315,0.6810189403095218,207.43073806710464,207.4307380671046,206.7497191267951,206.27341565358608,1.1573224135185285,-2.7050214059071744,4.610408281592826,0.14771336912362132,10.773153825887693,5.473306383050099,39.30136327145467,25.003664035509455,-0.30775156355162636,0.0,19.823515609306924,-0.6943934481111143
A3,420002,651,Z_mode_existing_controller,25.32875825850703,50.07429170264676,-15.218968265338845,0.2464814616364128,0.9213230609893799,False,False,-0.9213230609893799,-0.09213230758905411,-3.5072530430858007,-3.5072530430857958,189.21028099220433,189.21028099220433,192.71753403529013,190.15327807973074,-0.9429970875264075,-3.8067569725155606,3.3326599594460813,0.92132307589054,-0.008477991446852684,-0.000847799179609865,-0.20793197340443215,-0.20793197340443076,207.1599901404278,207.1599901404278,207.36792211383224,206.83053506555717,0.32945507487062287,-1.0062476117754313,0.6708317477954553,0.2066409609038017,10.594674070797392,8.532896092949578,42.09716722856127,23.787398800536238,-0.24127818766339004,0.0,15.657919497924013,-0.19767304492238225
A3,420002,652,Omega_safe_one_step_QP,25.347279171626983,50.07332178483503,-11.612567868708538,0.1918920369048877,0.8755959272384644,False,False,-0.8755959272384644,-0.08755959570407867,-3.2091077964047505,-3.2091077964047616,185.62955053684865,185.62955053684863,188.8386583332534,186.44493139107786,-0.8153808542292325,-3.6650555208711015,4.869612447878899,0.8755959570407895,-0.059607528150081635,-0.005960752721875906,0.5662531937272106,0.5662531937271981,207.05578624711023,207.0557862471102,206.489533053383,205.9832804171515,1.0725058299587147,-2.679002798565966,4.636426888934034,0.1221313755812045,10.246464766732625,5.341565348628705,37.40552379580359,26.940049536056158,-0.1902077549259289,0.0,12.446279121609223,-0.6435034979752174
A3,420002,653,Omega_safe_one_step_QP,25.338161254253404,50.07320649342496,-11.58795503024885,0.18497471011384942,0.9097489714622498,False,False,-0.9097489714622498,-0.09097489714622498,-3.523078043502438,-3.5230780435024505,187.39085114973835,187.39085114973835,190.9139291932408,188.19515189587972,-0.8043007461413652,-3.872582606869843,4.662085361880158,0.9097489714622531,-0.04197314381599426,-0.004197314381599426,0.6472596684218193,0.6472596684218277,207.55912409395054,207.55912409395057,206.91186442552873,206.35105384923355,1.208070244717021,-2.7212359357805394,4.594193751719461,0.14088645438159395,11.936820761240467,4.251108068288075,38.47503936663784,20.923850710144954,-0.18963722079973167,0.0,12.50243439787846,-0.7248421468302126
A3,420002,654,Z_mode_existing_controller,25.294129944854003,50.07026446380983,-5.227930823653878,0.0854640296713301,0.9356961846351624,False,False,-0.9356961846351624,-0.09356962144374847,-3.558835423098698,-3.5588354230986954,196.3408470237635,196.3408470237635,199.8996824468622,196.8811841860769,-0.5403371623133921,-3.803409021204787,3.3360079107568543,0.935696214437484,-0.004533181432634592,-0.0004533181490842253,-0.18548669722980443,-0.18548669722979888,208.4623522663519,208.4623522663519,208.6478389635817,208.03812342340655,0.4242288429453538,-1.0062476117754313,0.6708317477954553,0.18433504344176746,8.444886913550336,4.692661288522228,40.821037332911416,23.646548130468005,-0.08170134751234226,0.0,5.564169476933785,-0.2545373057672151
A3,420002,655,Z_mode_existing_controller,25.317985181593375,50.069613168034834,-10.216756833357977,0.16549924950236478,0.9299811720848083,False,False,-0.9299811720848083,-0.09299811720848083,-3.539659229322265,-3.539659229322265,191.41207254517678,191.41207254517678,194.95173177449905,192.15527113461974,-0.7431985894429545,-3.806162248841174,3.333254683120468,0.9299811720848083,-0.0014588487101718783,-0.00014588487101718783,-0.16515724581225855,-0.16515724581226549,207.39483404385095,207.39483404385095,207.5599912896632,206.98822454207775,0.4066095017732039,-1.0062476117754313,0.6708317477954553,0.1641318139586545,10.085281133627968,4.653358376825063,41.44422298661979,24.015921214856817,-0.16113030371678505,0.0,10.621852838139603,-0.2439657010639138
A3,420002,656,Z_mode_existing_controller,25.311944375969095,50.068945625022344,-15.30971313900136,0.24702116826045908,0.9319934248924255,False,False,-0.9319934248924255,-0.09319934248924255,-3.5498052703575484,-3.5498052703575462,192.35557969806456,192.35557969806456,195.9053849684221,193.3121881601593,-0.9566084620947493,-3.80883080883031,3.3305861231313316,0.931993424892425,-0.00653417594730854,-0.0006534176063723862,-0.19747373123860656,-0.197473731238601,207.53397492002094,207.53397492002094,207.73144865125954,207.195733422958,0.3382414970629384,-1.0062476117754313,0.6708317477954553,0.19624765209646242,10.03984094169336,4.249728616786124,36.86110420649235,24.342040932091287,-0.2432142751973494,0.0,15.755872312436622,-0.2029448982377744
A3,420002,657,Z_mode_existing_controller,25.302273596516493,50.06826210697634,-20.616914069613813,0.329116225655285,0.945777952671051,False,False,-0.945777952671051,-0.09457779675722122,-3.6047974713859925,-3.604797471385997,193.97340215601824,193.9734021560182,197.57819962740422,195.1507325861673,-1.177330430149084,-3.811462726964781,3.327954204996861,0.9457779675722134,-0.0033869054168462753,-0.0003386905591469258,-0.1799549434597869,-0.17995494345977442,207.87546976332388,207.8754697633239,208.05542470678367,207.54973399803407,0.32573576528983494,-1.0062476117754313,0.6708317477954553,0.17883763534331323,10.262362910771934,4.273419980959572,40.662604526286785,24.78353350596611,-0.329073584682849,0.0,21.141429113470622,-0.19544145917389244
A3,420002,658,Z_mode_existing_controller,25.292026502473707,50.06844671771287,-23.96017613818549,0.38129019055267077,0.9480080604553223,False,False,-0.9480080604553223,-0.09480080753564835,-3.615825977294254,-3.6158259772942416,195.73534163407504,195.73534163407507,199.3511676113693,197.05793560737848,-1.3225939733034124,-3.8141299333706407,3.325286998591001,0.9480080753564804,-0.0038529797457158566,-0.00038529798621311784,-0.18326562699423898,-0.18326562699422788,208.26761974980417,208.26761974980417,208.4508853767984,207.9703259783165,0.29729377148765934,-1.0062476117754313,0.6708317477954553,0.1821277634347599,10.008203570233158,4.801473807977546,40.38158634069295,24.121363792309925,-0.3832811497326638,0.0,24.521833550810697,-0.17837626289259845
A3,420002,659,Z_mode_existing_controller,25.291609710426123,50.068413036062076,-25.635714520883084,0.4213570183558166,0.9481531381607056,False,False,-0.9481531381607056,-0.09481531381607056,-3.618874859161689,-3.6188748591616866,195.57313650417885,195.57313650417885,199.19201136334053,197.0033778492653,-1.4302413450864435,-3.8167619907706443,3.322654941190997,0.9481531381607051,-0.004930567927658558,-0.0004930567811243236,-0.19007970457292356,-0.19007970457293327,208.23093049253356,208.23093049253356,208.42101019710648,207.96060677955083,0.27032371298273006,-1.0062476117754313,0.6708317477954553,0.1888995336223011,8.09902246905493,5.163472097809122,39.18820917172931,25.969442589950702,-0.41188046621150387,0.0,26.20978921488495,-0.16219422778962667
A3,420002,660,Z_mode_existing_controller,25.322972650146404,50.06884379270582,-25.15292089454306,0.42345144516547084,0.9255764484405518,False,False,-0.9255764484405518,-0.0925576463341713,-3.5350976329539154,-3.535097632953906,189.23164183884182,189.23164183884182,192.76673947179574,190.64304888232323,-1.411407043481404,-3.8193469399499995,3.320069992011642,0.9255764633417108,0.0004451870627235621,4.4518706999951974e-05,-0.15242144548332226,-0.15242144548331393,206.9269080227537,206.9269080227537,207.07932946823703,206.63139020366089,0.29551781909282226,-1.0062476117754313,0.6708317477954553,0.15147508794021416,8.14209487057615,4.782493240874117,38.36969717571966,26.1215684817379,-0.4041910368690296,0.0,25.734422622868806,-0.17731069145568767
A3,420002,661,Omega_safe_one_step_QP,25.345805634558236,50.06837500825192,-18.439577208583614,0.3087524118882878,0.8895763158798218,False,False,-0.8895763158798218,-0.08895763009786606,-3.190234166303944,-3.190234166303954,184.86026955045557,184.86026955045557,188.05050371675952,185.9818571021475,-1.1215875516919311,-3.5862400592217147,4.948427909528286,0.8895763009786629,-0.06238990277051926,-0.006238990463316441,0.6054339055718851,0.6054339055718755,206.65579715395899,206.65579715395899,206.0503632483871,205.61322659894628,1.042570555012702,-2.635085818066376,4.680343869433624,0.12935671447686597,9.574886325317864,6.1104756361372035,42.86805572003646,26.256029793667985,-0.3010716173445047,0.0,19.36619115893609,-0.6255423330076155
A3,420002,662,Omega_safe_one_step_QP,25.354602500596066,50.067981492331555,-9.368920269317641,0.16131427491567313,0.9333939552307129,False,False,-0.9333939552307129,-0.09333939850330353,-3.2138229684734525,-3.2138229684734663,183.4058601748721,183.4058601748721,186.61968314334555,184.1493433327143,-0.7434831578422063,-3.4431580018803176,5.091509966869683,0.9333939850330392,-0.12619629502296448,-0.012619629502296448,0.3711054027914218,0.3711054027914232,206.07817270983315,206.07817270983315,205.70706730704174,205.20239632098682,0.875776388846333,-2.600756223931838,4.714673463568162,0.07871285374460758,8.343189532969571,4.181922190445507,38.94146768894501,29.834595601934296,-0.15317528814800951,0.0,10.047561390773808,-0.5254658333077913
A3,420002,663,Omega_safe_one_step_QP,25.365606073167367,50.0689329181516,3.5226669262565338,-0.058996845846094305,0.9209206104278564,False,False,-0.9209206104278564,-0.09209205955266953,-2.9970393055654174,-2.9970393055654116,181.73501299465312,181.73501299465312,184.73205230021853,181.91398193413298,-0.1789689394798586,-3.254394917567615,5.280273051182386,0.9209205955266933,-0.23945556581020355,-0.023945556953549385,-0.16097968705283822,-0.1609796870528507,205.182767050936,205.182767050936,205.34374673798885,204.7789553291161,0.4038117218199204,-2.564424167026551,4.751005520473449,0.0627742044872033,10.558843673335312,6.116984695489304,44.9494530420822,19.72638303885686,0.06285638730128795,0.0,-3.3432362804660443,-0.2422870330919551
A3,420002,664,Omega_safe_one_step_QP,25.35828929584205,50.064607896772266,4.017545473291648,-0.07066132314178934,0.9329655170440674,False,False,-0.9329655170440674,-0.09329655021429062,-3.2023282213704456,-3.20232822137045,183.30996174625557,183.30996174625557,186.512289967626,183.47104052200802,-0.16107877575245766,-3.432418684308364,5.102249284441637,0.9329655021429073,-0.15556791424751282,-0.015556791797280312,0.25039772511707414,0.2503977251170797,205.71105464197234,205.71105464197234,205.46065691685527,204.85637224627283,0.8546823956995127,-2.576115184913191,4.73931450258681,0.052834165147809406,7.266034312871327,5.012968000588683,41.74030129335705,21.096102021298098,0.06351366334310882,0.0,-3.568249699213993,-0.5128094374197048
A3,420002,665,Omega_safe_one_step_QP,25.392730671800116,50.0602245909792,29.415143179317965,-0.5005935259914428,0.8773456811904907,False,False,-0.8773456811904907,-0.08773457258939743,-2.4449239855847877,-2.4449239855847766,177.61046011412307,177.61046011412307,180.05538409970785,176.75450336370307,0.8559567504200061,-2.786728097516547,5.747939871233454,0.8773457258939699,0.05153021216392517,0.0051530213095247746,1.3446202403162355,1.344620240316248,205.15971185196085,205.15971185196088,203.81509161164462,203.16415308317468,1.9955587687861964,-2.411558654392128,4.9038710331078725,0.27419567750420276,10.856723557068763,4.982721131823747,36.896787960600946,29.27674348101643,0.4681684679908358,0.0,-28.6859763860366,-1.1973352612717179
A3,420002,666,Omega_safe_one_step_QP,25.363991427444365,50.0603632614762,11.509490701612776,-0.19015207255848132,0.9423471689224243,False,False,-0.9423471689224243,-0.09423471987247467,-3.1857774377638632,-3.1857774377638632,182.80915868925456,182.80915868925456,185.99493612701843,182.65957494243446,0.1495837468200989,-3.380683300247605,5.153984668502396,0.942347198724747,-0.23697207868099213,-0.023697208613157272,-0.10034535663406702,-0.10034535663406147,204.97707711366644,204.97707711366647,205.07742247030052,204.41978186290876,0.5572952507577043,-2.537791740257718,4.777637947242283,0.039540422108817794,11.184770508323414,4.0837980895142705,40.207420705245525,24.306107659500878,0.19152807004483918,0.0,-11.366641621203598,-0.33437715045462824
A3,420002,667,Z_mode_existing_controller,25.327525677283468,50.058744129086854,5.970901143127776,-0.09974342605092129,0.9319962859153748,False,False,-0.9319962859153748,-0.09319963306188583,-3.5445716262754696,-3.544571626275454,189.9282811114408,189.9282811114408,193.47285273771627,189.99270355205985,-0.06442244061904034,-3.8032034138179758,3.3362135181436656,0.9319963306188545,-0.01840904913842678,-0.0018409049371257424,-0.27229633764788985,-0.272296337647894,206.29515700444702,206.29515700444702,206.56745334209492,205.88363045508532,0.41152654936169597,-1.0062476117754313,0.6708317477954553,0.2706056983006918,8.745176948632347,5.7524005322006815,36.96733851068623,24.696299171290203,0.10077333397111055,0.0,-5.824758547481906,-0.24691592961701758
A3,420002,668,Omega_safe_one_step_QP,25.34796883065498,50.05761684010141,6.076461523624857,-0.105359457485591,0.8789977431297302,False,False,-0.8789977431297302,-0.08789977431297302,-3.253729176002028,-3.253729176002021,185.95072810227126,185.95072810227126,189.20445727827328,186.02940156209138,-0.07867345982012353,-3.7016354153730906,4.833032553376911,0.8789977431297282,-0.04596222564578056,-0.004596222657710314,0.7145659116552558,0.7145659116552503,206.31176610167398,206.31176610167398,205.59720019001873,204.96489551467843,1.34687058699555,-2.5897695122295383,4.725660175270463,0.1512097538021455,7.496188886123456,5.013576492429304,42.567424870842544,27.91683596676313,0.09225066630374879,0.0,-5.360589837730913,-0.80812235219733
A3,420002,669,Omega_safe_one_step_QP,25.38113449454259,50.05781506522555,24.189190766470347,-0.4233277314410664,0.8810329437255859,False,False,-0.8810329437255859,-0.0881032943725586,-2.7087788998218634,-2.708778899821877,180.22481358596244,180.2248135859624,182.9335924857843,179.52384454859785,0.7009690373645583,-3.0745489361241907,5.46011903262581,0.8810329437255902,-0.08991049230098724,-0.008991049602627754,0.6206395255948003,0.6206395255947974,204.8758492505009,204.8758492505009,204.25520972490608,203.58112860804633,1.294720642454564,-2.455570465718275,4.859859221781726,0.1277073053501451,8.501609868704273,5.373491699621235,44.62354086497826,23.251078173572864,0.3878646983917875,0.0,-23.80022307938998,-0.7768323854727441
A3,420002,670,Omega_safe_one_step_QP,25.39728110441139,50.05477484711007,31.295067494779687,-0.5510649722096458,0.8918453454971313,False,False,-0.8918453454971313,-0.08918453752994537,-2.4848986797875257,-2.4848986797875257,177.56564280693368,177.56564280693368,180.05054148672122,176.55050167314272,1.0151411337909622,-2.786243836217883,5.748424132532118,0.891845375299453,-0.21420808136463165,-0.021420808508992195,0.09918527211478512,0.09918527211479344,203.54998248234673,203.54998248234673,203.45079721023194,202.75869750980644,0.7912849725402964,-2.3751292142508595,4.940300473249141,0.020076769146302794,8.853776788670881,5.222873443507363,37.995144919633496,26.917529218761185,0.5084491484639635,0.0,-31.32874565971906,-0.4747709835241807
A3,420002,671,Omega_safe_one_step_QP,25.402532422458112,50.053199626885224,32.968151484087684,-0.5629325623819001,0.9121901988983154,False,False,-0.9121901988983154,-0.09121902287006378,-2.472468301413089,-2.4724683014131,176.82037924617552,176.82037924617552,179.29284754758862,175.76555173658625,1.0548275095892734,-2.7104744423046245,5.8241935264453755,0.9121902287006418,-0.3197038173675537,-0.03197038173675537,-0.36494993314905855,-0.364949933149053,202.81980058450148,202.81980058450148,203.18475051765054,202.48402869384574,0.3357718906557352,-2.3485245449927183,4.966905142507282,0.15539540939742852,10.90728886701107,4.5191873093458526,40.91763119197428,26.20379638461789,0.5417508169766734,0.0,-33.30843916667163,-0.20146313439344965
A3,420002,672,Omega_safe_one_step_QP,25.369798336497453,50.051791942890695,15.88034983281068,-0.2593789760957246,0.9372078776359558,False,False,-0.9372078776359558,-0.09372078627347946,-3.170410903921525,-3.170410903921532,182.84594985676776,182.84594985676776,186.01636076068928,182.50526814469367,0.3406817120740868,-3.3828257636146914,5.151842205135309,0.9372078627347967,-0.31022706627845764,-0.031022707000374794,-0.41171935568570933,-0.41171935568571905,204.11467503823218,204.11467503823218,204.52639439391788,203.8245721891479,0.29010284908429185,-2.482688932619455,4.832740754880546,0.16583606197145243,11.922208519354362,3.355313995660076,39.2457330655372,26.297715066849683,0.26538296063972666,0.0,-15.971671083999354,-0.17406170945058363
A3,420002,673,Z_mode_existing_controller,25.313592094617377,50.05150029087149,7.632495168294554,-0.12134262021668153,0.9466334581375122,False,False,-0.9466334581375122,-0.0946633443236351,-3.5894970777461137,-3.5894970777461026,193.75941989012384,193.75941989012384,197.34891696786994,193.75172208187047,0.007697808253368521,-3.791855341043454,3.3475615909181875,0.9466334432363483,-0.01779542863368988,-0.0017795428866520524,-0.27088475005550977,-0.2708847500555056,206.6459252387175,206.6459252387175,206.916809988773,206.19834048420648,0.44758475451101276,-1.0062476117754313,0.6708317477954553,0.2692028750036528,10.83812251986478,5.292223708455795,40.20946969346583,24.795654292878822,0.1288866764882357,0.0,-7.492830992076051,-0.2685508527066105
A3,420002,674,Z_mode_existing_controller,25.30292203356666,50.05183142414566,-1.2910312767198775,0.02027633634457027,0.9469736218452454,False,False,-0.9469736218452454,-0.09469736367464066,-3.593663844348355,-3.593663844348352,195.57582637855913,195.57582637855913,199.16949022290748,195.9377506184304,-0.36192423987128564,-3.7948932313421038,3.344523700619538,0.9469736367464059,-0.003663721028715372,-0.0003663721145130694,-0.1818996474894502,-0.18189964748944187,207.1500369390965,207.1500369390965,207.33193658658595,206.6762786392329,0.4737582998636185,-1.0062476117754313,0.6708317477954553,0.18077026505284985,11.067211349407167,4.8796040339862925,40.31121177995571,29.280042292957944,-0.016157651691617758,0.0,1.591443908329893,-0.28425497991817394
A3,420002,675,Omega_safe_one_step_QP,25.286536160199507,50.055203619335934,-37.761414697718465,0.5721198019660243,0.9566202163696289,False,False,-0.9566202163696289,-0.09566202014684677,-4.773329761960687,-4.773329761960679,197.31262994802015,197.31262994802017,202.08595970998084,199.15569699402394,-1.8430670460037675,-4.989785658543848,3.544882310206153,0.9566202014684662,-0.09855353087186813,-0.009855353273451328,0.2962013117180168,0.2962013117180279,208.45215790948643,208.45215790948643,208.1559565977684,207.55289597283885,0.8992619366475765,-2.8456451530045053,4.469784534495496,0.06626746981473014,12.52488956775097,5.430803949201508,34.5733073324174,28.75733949394651,-0.6114697748901108,0.0,38.91244163459851,-0.5395571619885544
A3,420002,676,Omega_safe_one_step_QP,25.252025897646426,50.05838879677557,-43.39806301275166,0.6657101105957874,0.9705027341842651,False,False,-0.9705027341842651,-0.0970502719283104,-5.523942755536222,-5.523942755536215,203.58252490091263,203.58252490091263,209.10646765644884,205.7178504681771,-2.1353255672644593,-5.691836453190646,2.8428315155593538,0.970502719283103,-0.13052643835544586,-0.013052644208073616,-0.010444677805634961,-0.010444677805636349,209.8146384262791,209.8146384262791,209.8250831040847,209.1478766420516,0.6667617842274751,-3.012557803636138,4.302871883863863,0.003467046439085647,10.241441923140037,5.474000021241831,36.2036596212037,26.289468542114715,-0.702633132829849,0.0,44.50075321611894,-0.40005707053649076
A3,420002,677,Omega_safe_one_step_QP,25.2585803637033,50.060631643442726,-27.848013393380825,0.4283977464003746,0.9625211358070374,False,False,-0.9625211358070374,-0.09625211358070374,-5.375629490208153,-5.3756294902081585,202.66194322235415,202.66194322235415,208.0375727125623,204.1277622331734,-1.4658190108192457,-5.584946958801993,2.949721009948007,0.9625211358070382,-0.2955963611602783,-0.029559636488556862,-0.8097898718100918,-0.8097898718100807,208.90264680582675,208.90264680582678,209.71243667763684,208.94930510421227,-0.046658298385494845,-3.001293160991351,4.3141365265086495,0.26981365310631655,10.426677183030368,3.392374506929376,39.8052971172462,22.491828133703066,-0.44281694353346523,0.0,28.262835357883887,0.027994979031291223
A3,420002,678,Omega_safe_one_step_QP,25.24494698210088,50.06080990900237,-25.711540293683356,0.39182887714829023,0.9668694138526917,False,False,-0.9668694138526917,-0.0966869443655014,-5.683225992350102,-5.683225992350089,205.2845399878727,205.2845399878727,210.9677659802228,206.6527275912926,-1.3681876034198979,-5.877966285568042,2.656701683181959,0.9668694436550119,-0.3824683725833893,-0.03824683651328087,-1.2908392692020063,-1.2908392692019939,209.0445672236579,209.0445672236579,210.3354064928599,209.5035524745065,-0.458985250848599,-3.0635901425136556,4.251839544986345,0.4213485515862343,10.438827441170353,7.0697096121753145,37.874244425193176,24.558020545088038,-0.40401792735825737,0.0,25.840167070532516,0.2753911505091651
A3,420002,679,Omega_safe_one_step_QP,25.264447354151844,50.06249460514587,-6.78279121730975,0.103499469400401,0.9582212567329407,False,False,-0.9582212567329407,-0.09582212567329407,-5.285101422074044,-5.285101422074044,202.05833649532838,202.05833649532838,207.3434379174024,202.64395895368435,-0.5856224583559708,-5.515533479286005,3.019134489463996,0.9582212567329406,-0.325129896402359,-0.03251298889517784,-0.9502051679407832,-0.950205167940775,208.69501477693737,208.6950147769374,209.64521994487816,208.74726938302922,-0.05225460609182164,-2.9945714877154823,4.320858199784518,0.3173092283282486,11.287815503713292,5.643579301660691,45.88927655294704,22.49288556799822,-0.09970149215919832,0.0,6.851139945813884,0.031352763655092986
A3,420002,680,Omega_safe_one_step_QP,25.259679536121116,50.06335256361891,-3.095385068284486,0.04718202382308923,0.9548414945602417,False,False,-0.9548414945602417,-0.09548415243625641,-5.377678491833859,-5.377678491833854,203.13054011390219,203.13054011390219,208.50821860573603,203.5660763473632,-0.435536233461022,-5.632011548119367,2.9026564206306347,0.9548415243625629,-0.31676724553108215,-0.031676724553108215,-0.9389068157628535,-0.9389068157628397,208.99164446446431,208.99164446446434,209.93055128022718,208.99008517096286,0.0015592935014865361,-3.023104621250383,4.292325066249617,0.31057701713760055,11.138313542803399,5.684024882826374,43.820032467616215,25.50400819029853,-0.04045618091183201,0.0,3.136776825297602,-0.0009355761009004482
A3,420002,681,Omega_safe_one_step_QP,25.257480871333,50.0659562382095,0.11261163470317115,-0.0016901828431089242,0.9583913087844849,False,False,-0.9583913087844849,-0.09583913534879684,-5.458343857169584,-5.458343857169598,203.68294271695729,203.68294271695726,209.14128657412687,203.98410996935615,-0.30116725239889774,-5.695318344958448,2.839349623791553,0.958391353487971,-0.3334660828113556,-0.03334660828113556,-1.0441911786146534,-1.0441911786146494,209.15866717064057,209.15866717064057,210.20285834925522,209.22430014341788,-0.0656329727773084,-3.0503353281531873,4.265094359346813,0.34232012755359936,11.9949963877636,5.533454524282778,41.98365682314386,24.48817831461534,0.01305468257233855,0.0,-0.16504610094125383,0.03937978366639072
A3,420002,682,Omega_safe_one_step_QP,25.240882571512653,50.06815305429291,-4.273696290324551,0.06371042158202456,0.9611406326293945,False,False,-0.9611406326293945,-0.09611406177282333,-5.8077061008409565,-5.807706100840951,206.8055418330857,206.8055418330857,212.61324793392666,207.27850486703176,-0.47296303394605843,-6.042514480938427,2.4921534878115734,0.9611406177282328,-0.3838900327682495,-0.03838900476694107,-1.3706548770419922,-1.370654877041999,209.6876270252703,209.6876270252703,211.0582819023123,210.04808105109853,-0.3604540258282327,-3.135877683458895,4.179552004041105,0.43708811866990843,11.652224015814635,7.351545382911103,37.54393965391514,22.04646112632037,-0.05564197024450124,0.0,4.113065845072015,0.2162724154969311
A3,420002,683,Omega_safe_one_step_QP,25.247647819920406,50.06888038751129,4.9557592226283305,-0.07580170889496406,0.9525331854820251,False,False,-0.9525331854820251,-0.09525331854820251,-5.6489075694390625,-5.64890756943906,205.84324559279787,205.84324559279787,211.49215316223695,205.95116453269654,-0.10791893989866708,-5.930405003769456,2.604262964980545,0.9525331854820248,-0.25326913595199585,-0.025326913222670555,-0.7181195910568525,-0.7181195910568421,210.1302496013154,210.1302496013154,210.84836919237225,209.80133454193196,0.3289150593834336,-3.114886412464889,4.200543275035112,0.23054439101956714,10.376553868392275,4.538566888305094,42.078014551938104,26.733904918540343,0.08643675478860047,0.0,-4.8448469417862725,-0.19734903563005446
A3,420002,684,Omega_safe_one_step_QP,25.24823034831106,50.07223539456557,8.128643618070782,-0.12215272074462748,0.9557662606239319,False,False,-0.9557662606239319,-0.09557662904262543,-5.674046393036927,-5.6740463930369165,205.88051953598884,205.88051953598884,211.55456592902576,205.85468307159613,0.025836464392710923,-5.936646280448338,2.598021688301663,0.9557662904262523,-0.3060283064842224,-0.0306028313934803,-0.992220835208292,-0.9922208352082962,210.05025657711877,210.05025657711877,211.04247741232706,209.96639105561638,0.08386552150238913,-3.1342972344603726,4.181132453039629,0.31656883855788026,11.475972418895793,2.95649836450096,41.24345303730005,26.30819243528647,0.14130037708811827,0.0,-8.219624682256836,-0.05031931290143632
A3,420002,685,Omega_safe_one_step_QP,25.21622502192836,50.075628708663025,-8.012625233584004,0.11641539548081889,0.9780732989311218,False,False,-0.9780732989311218,-0.09780733287334442,-6.440454590085479,-6.440454590085479,211.59603025472674,211.59603025472674,218.0364848448122,212.2182259877029,-0.6221957329761665,-6.584838172026984,1.9498297967230163,0.978073328733444,-0.3667612075805664,-0.03667612001299858,-1.4300567554711152,-1.4300567554711165,211.17999614736217,211.17999614736217,212.6100529028333,211.51170391278472,-0.33170776542255,-3.2910547835109947,4.024374903989006,0.4345283957702733,12.119206188545398,3.7695665502095212,38.11933650135602,29.039705040751734,-0.11631855491017973,0.0,7.929919129240261,0.19902465925353852
A3,420002,686,Omega_safe_one_step_QP,25.184974991846214,50.08150126744978,-18.316405707384547,0.2675940255305582,0.9804092645645142,False,False,-0.9804092645645142,-0.09804093092679977,-7.0734555461819895,-7.073455546181992,217.26263188772236,217.26263188772234,224.33608743390434,218.30185194325776,-1.0392200555354236,-7.214798430936196,1.3198695378138054,0.9804093092679981,-0.5258140563964844,-0.05258140712976456,-2.3687530518460673,-2.3687530518460727,211.91263659277595,211.91263659277593,214.281389644622,213.14524073615948,-1.2326041433835542,-3.4581884576898645,3.8572412298101355,0.6849693360634385,10.438039486128707,4.18964543209613,39.02050958625349,27.11820045490987,-0.27637434493218116,0.0,17.85321756628673,0.7395624860301382
A3,420002,687,Omega_safe_one_step_QP,25.189762909915736,50.08666104760602,-6.121946922426105,0.09026326912880621,0.9622625112533569,False,False,-0.9622625112533569,-0.09622625261545181,-6.865490443742795,-6.8654904437428055,216.66998678232775,216.66998678232775,223.53547722607055,217.19997072718695,-0.5299839448591968,-7.134737410152818,1.3999305585971824,0.9622625261545197,-0.5517707467079163,-0.055177073925733566,-2.5099335980754556,-2.509933598075443,211.8854616422895,211.88546164228953,214.39539524036496,213.20540945629634,-1.3199478140068095,-3.469589017264162,3.8458406702358388,0.7234094832518735,10.136173367901758,6.459244323168898,42.35595252412999,27.02083261772794,-0.07766849290267963,0.0,5.4076467269251225,0.7919686884040829
A3,420002,688,Omega_safe_one_step_QP,25.21924894333805,50.091813506521746,11.772619576813668,-0.1756518067416589,0.9728994369506836,False,False,-0.9728994369506836,-0.09728994220495224,-6.389404182410829,-6.389404182410821,211.47253980998642,211.47253980998642,217.86194399239724,211.3080468460174,0.16449296396902469,-6.567384086785487,1.9672838819645149,0.972899422049521,-0.15428395569324493,-0.015428395941853523,-0.4792153440795224,-0.4792153440795196,212.98912840422662,212.98912840422665,213.46834374830615,212.23720911409734,0.7519192901293081,-3.376883868058282,3.938545819441719,0.14191051952138045,10.700509786832251,5.487228250129291,41.54490678929532,21.897667259062395,0.19331496714310603,0.0,-11.51478296987898,-0.4511515740775849
A3,420002,689,Omega_safe_one_step_QP,25.227619028339276,50.09313428471019,17.387148117804827,-0.2691115703138159,0.9675715565681458,False,False,-0.9675715565681458,-0.09675715863704681,-6.212209856501271,-6.212209856501261,210.18003014027366,210.18003014027366,216.39223999677492,209.74578516540052,0.4342449748731383,-6.420413687223254,2.1142542815267467,0.9675715863704666,-0.2643391788005829,-0.02643391862511635,-0.9933199863205875,-0.9933199863205813,212.22568033546477,212.22568033546477,213.21900032178536,211.9704931526163,0.2551871828484593,-3.3519495254062006,3.9634801620938,0.2963409737502558,8.832011627712138,4.752619062453282,38.69373007838457,25.377227883744514,0.28769184185366425,0.0,-17.521727649948843,-0.15311230970907275
A3,420002,690,Omega_safe_one_step_QP,25.256135752623326,50.09554649260308,32.938789310253924,-0.5096794710473879,0.9607284665107727,False,False,-0.9607284665107727,-0.09607284516096115,-5.643896278628835,-5.643896278628846,205.29021638870378,205.29021638870378,210.9341126673326,204.21760831602307,1.0726080726807083,-5.874600954279026,2.6600670144709753,0.9607284516096135,-0.27054131031036377,-0.027054131031036377,-0.9259059060968091,-0.9259059060968182,211.2547787329644,211.25477873296438,212.1806846390612,210.91632366147815,0.3384550714862371,-3.2481179571337853,4.067311730366216,0.285059199917068,10.06560856341522,3.917785916306774,36.102391513549954,26.625960692879733,0.5405184075983058,0.0,-33.276234674960506,-0.2030730428917451
A3,420002,691,Omega_safe_one_step_QP,25.253516785732085,50.09813259272521,29.20630902513767,-0.44954710940903286,0.9652860760688782,False,False,-0.9652860760688782,-0.09652861207723618,-5.735730891175088,-5.735730891175087,205.87238012269356,205.87238012269356,211.60811101386864,204.9485563472311,0.9238237754624663,-5.942000788932627,2.592667179817374,0.9652861207723614,-0.329240620136261,-0.03292406350374222,-1.2374905632996898,-1.2374905632996944,211.22474385208488,211.22474385208488,212.4622344153846,211.20313238434582,0.021611467739063528,-3.2762729347661232,4.039156752733877,0.3777129036375697,10.226509697659566,4.053264414110321,39.8604872081436,22.1803396618569,0.4830165131523465,0.0,-29.676358657646233,-0.012966880643432432
A3,420002,692,Omega_safe_one_step_QP,25.251361284563245,50.09847531117056,28.300246445463927,-0.4422650252104053,0.9532396793365479,False,False,-0.9532396793365479,-0.09532397240400314,-5.721846917807468,-5.7218469178074525,206.49152344546337,206.49152344546337,212.21337036327083,205.59098918020007,0.9005342652633033,-6.002526723872846,2.532141244877156,0.9532397240400293,-0.2523537874221802,-0.025235379114747047,-0.8802682590619004,-0.8802682590618962,211.71998210808118,211.71998210808118,212.60025036714308,211.34289881615248,0.3770832919286988,-3.2900745299419736,4.025355157558027,0.2675526803574937,9.178650062963204,4.990805954171977,41.44782184229853,26.32950411250155,0.46386387765819403,0.0,-28.537860347964852,-0.22624997515721645
A3,420002,693,Omega_safe_one_step_QP,25.274288398309647,50.101180195497655,40.30117712832907,-0.6283496954230279,0.940920889377594,False,False,-0.940920889377594,-0.09409209340810776,-5.23663094348256,-5.23663094348257,202.60578652147524,202.60578652147524,207.8424174649578,201.23994427629313,1.3658422451821082,-5.565431434041543,2.969236534708457,0.9409209340810794,-0.1202910915017128,-0.01202910952270031,-0.16650640333653183,-0.1665064033365346,211.64486618164884,211.64486618164884,211.81137258498538,210.5529995909555,1.0918665906933427,-3.211186751726202,4.104242935773798,0.05185198377111752,10.29565111162246,4.805648342785513,38.80436512676808,26.979973745431852,0.6526972072010402,0.0,-40.29875438111412,-0.6551199544159942
A3,420002,694,Omega_safe_one_step_QP,25.274320700467083,50.10379914736654,36.03814408434755,-0.5851073791808836,0.9376389980316162,False,False,-0.9376389980316162,-0.09376390278339386,-5.231480171296981,-5.231480171296984,202.75080403999414,202.75080403999414,207.98228421129113,201.4969315929286,1.2538724470655325,-5.579418108674875,2.9552498600751265,0.9376390278339389,-0.114601731300354,-0.011460172943770885,-0.1561419111717144,-0.1561419111717123,211.82498485738878,211.82498485738878,211.9811267685605,210.73905152274574,1.0859333346430446,-3.228162170083715,4.087267517416286,0.0483686701426351,7.838045588915628,4.50080272373923,42.76316008794406,30.515118792932295,0.581372770685745,0.0,-35.96795685424786,-0.6515600007858353
A3,420002,695,Z_mode_existing_controller,25.311951534272477,50.108076187899755,78.92229728288112,-1.2273245834752569,0.9399327039718628,False,False,-0.9399327039718628,-0.09399326890707016,-3.5264903187387384,-3.5264903187387455,197.1605196093581,197.1605196093581,200.68700992809684,194.26427376098172,2.896245848376367,-3.7518541058778694,3.3875628260837725,0.9399326890707035,-0.003360650036484003,-0.0003360650152899325,-0.17880921159476176,-0.17880921159474927,210.47950064005494,210.47950064005497,210.6583098516497,209.42233706712466,1.0571635729303068,-1.0062476117754313,0.6708317477954553,0.17769901712288974,12.101310435333533,3.3179185267752547,41.541237701514916,22.920534898068638,1.281616675800933,0.0,-79.56961581492396,-0.6342981437581869
A3,420002,696,Omega_safe_one_step_QP,25.265448503041828,50.10815184693245,5.784475028129236,-0.0894939655552295,0.9645751714706421,False,False,-0.9645751714706421,-0.09645751863718033,-5.52912769232997,-5.529127692329984,203.98086977958286,203.98086977958286,209.50999747191284,204.00842303089806,-0.027553251315197258,-5.732189434737048,2.802478534012954,0.9645751863718058,-0.36701637506484985,-0.036701638251543045,-1.4311132887560447,-1.4311132887560447,211.12568084263853,211.12568084263853,212.55679413139458,211.47362506431355,-0.3479442216750215,-3.2857289063671224,4.0297007811328776,0.4355542802033416,10.124458207829054,4.129865862866379,35.36829340710032,23.956002362496676,0.10546852470605117,0.0,-6.098710085840139,0.20876653300501857
A3,420002,697,Omega_safe_one_step_QP,25.262244723146445,50.10887288523051,8.370928478109818,-0.12697332989698676,0.9544540047645569,False,False,-0.9544540047645569,-0.09544540196657181,-5.547459614444245,-5.547459614444255,204.76245451558952,204.76245451558952,210.30991413003377,204.69409329164745,0.06836122394207678,-5.812181100549141,2.72248686820086,0.9544540196657199,-0.30551043152809143,-0.030551044270396233,-1.154160247934475,-1.154160247934466,211.60425295014076,211.60425295014076,212.75841319807523,211.65274319053788,-0.0484902403971148,-3.305890813035188,4.009538874464813,0.3491223132305492,11.193723158600383,5.565952071931157,40.71051002314768,26.386684325464206,0.1453872659745734,0.0,-8.545409888321956,0.029094144238271724
A3,420002,698,Omega_safe_one_step_QP,25.257989792461856,50.111906823042844,6.775815508560299,-0.1067338262922912,0.9613985419273376,False,False,-0.9613985419273376,-0.09613985568284988,-5.681691715545886,-5.681691715545885,205.60460409080045,205.60460409080045,211.28629580634635,205.5859129145114,0.018691176289053146,-5.909819268180397,2.624848700569605,0.9613985568284982,-0.32948723435401917,-0.032948724925518036,-1.3044552754575,-1.304455275457486,211.8263791280303,211.82637912803034,213.13083440348782,212.00845295061495,-0.1820738225846128,-3.3431329335764475,3.972296753923553,0.3901894723827191,8.713689402892062,7.094036846566871,37.16879517571659,27.007896765813065,0.11877915135330852,0.0,-7.003838953463855,0.10924429355075915
A3,420002,699,Omega_safe_one_step_QP,25.301089417428347,50.114428963511216,31.271138647072803,-0.4980318819036347,0.9491105675697327,False,False,-0.9491105675697327,-0.09491106122732162,-4.815954243575477,-4.815954243575472,198.11390839033302,198.11390839033302,202.9298626339085,197.11178883749008,1.0021195528429416,-5.074175950936612,3.460492017813389,0.9491106122732154,-0.01970553770661354,-0.001970553770661354,0.35909500110186465,0.359095001101855,211.83970072313068,211.83970072313065,211.4806057220288,210.33473196288466,1.504968760245987,-3.1781100654305443,4.137319622069456,0.0867941164579976,9.962509330636843,4.373322369349023,37.89718402457134,23.68680589171311,0.5012036948495293,0.0,-30.86936108577447,-0.9029812561475978
A3,420002,700,Omega_safe_one_step_QP,25.29863408957185,50.11415935149089,28.074451787052567,-0.46041373450750156,0.9435349702835083,False,False,-0.9435349702835083,-0.09435349702835083,-4.849332287310934,-4.8493322873109275,198.7341344436681,198.73413444366813,203.58346673097904,197.82642633893053,0.9077081047375941,-5.1395363606436675,3.3951316081063334,0.9435349702835072,-0.01671099290251732,-0.0016710993368178606,0.3602892193394137,0.3602892193394165,211.95467906097582,211.95467906097582,211.5943898416364,210.4569125565267,1.4977665044491175,-3.189488477391306,4.125941210108695,0.08732291639461458,8.065757707067995,3.5946084318269182,42.3473722348906,26.334100058233112,0.44779157108838186,0.0,-27.623583455471817,-0.8986599026694648
A3,420002,701,Z_mode_existing_controller,25.323269542148235,50.11533002635281,61.285602850681244,-0.9526539349327062,0.9471715092658997,False,False,-0.9471715092658997,-0.09471715241670609,-3.548449316692505,-3.5484493166924924,195.3277272929711,195.32772729297113,198.87617660966362,193.14064010034477,2.1870871926263646,-3.746364017660896,3.393052914300745,0.9471715241670576,-0.008933150209486485,-0.0008933150093071163,-0.21513485976957028,-0.21513485976956195,210.43096528468607,210.43096528468607,210.64610014445563,209.509595371332,0.9213699133540558,-1.0062476117754313,0.6708317477954553,0.2137991258334281,12.392781696455614,3.097755472845984,36.79935421877713,25.058291616560187,0.9961251265267848,0.0,-61.72890602919597,-0.5528219480124221
A3,420002,702,Omega_safe_one_step_QP,25.2657433731248,50.11601846272851,-7.711930234917418,0.11836453969714554,0.9530991911888123,False,False,-0.9530991911888123,-0.09530992060899734,-5.495903853457492,-5.4959038534574995,204.35570185655106,204.35570185655106,209.85160571000856,204.9325305532815,-0.5768286967304448,-5.766350258546619,2.768317710203382,0.9530992060899741,-0.35138410329818726,-0.035138409584760666,-1.4051972415399363,-1.4051972415399323,211.63478876036135,211.63478876036135,213.03998600190127,212.0399936410254,-0.40520488066405846,-3.3340480934177927,3.9813815940822077,0.42146879773993884,10.423810922222057,4.346924248716027,44.28203454126031,27.882235377566268,-0.11339823038766994,0.0,7.582205536907168,0.24312292839843508
A3,420002,703,Omega_safe_one_step_QP,25.263385731530413,50.11992051526078,-5.527391649398851,0.0832451050989662,0.9598478078842163,False,False,-0.9598478078842163,-0.09598477929830551,-5.591038179564513,-5.591038179564521,204.84628133571883,204.84628133571883,210.43731951528335,205.32201410330592,-0.4757327675870897,-5.8249216390740965,2.7097463296759035,0.9598477929830567,-0.40365660190582275,-0.040365662425756454,-1.6904949060445527,-1.6904949060445436,211.6886207698634,211.68862076986343,213.37911567590797,212.34393022602433,-0.655309456160893,-3.3679610608184634,3.9474686266815375,0.5019342194038695,11.499393760142695,5.343105775265386,42.984860249423626,27.035181724719266,-0.07464926630416002,0.0,5.208855242005484,0.3931856736965358
A3,420002,704,Omega_safe_one_step_QP,25.253497038797672,50.123638326325455,-6.25621107641382,0.0962867495811777,0.9617889523506165,False,False,-0.9617889523506165,-0.09617889672517776,-5.801357724366249,-5.801357724366242,206.70515122409705,206.70515122409705,212.5065089484633,207.2250614468715,-0.5199102227744561,-6.031840582392093,2.5028273863579087,0.961788967251776,-0.34138229489326477,-0.03413822874426842,-1.4483073415203767,-1.4483073415203633,212.57631292753706,212.57631292753706,214.02462026905744,212.95920985841505,-0.38289693087799037,-3.432511520133407,3.882918167366593,0.42193808615799605,9.738364695181334,4.146079182849474,41.36081726099381,26.573507935185365,-0.09047896464751304,0.0,6.116951882535432,0.2297381585267999
A3,420002,705,Omega_safe_one_step_QP,25.261093315287265,50.12665057114784,1.9241638046032676,-0.028804963505201075,0.9576813578605652,False,False,-0.9576813578605652,-0.09576813876628876,-5.6451173670189645,-5.645117367018977,205.48865850151637,205.48865850151637,211.13377586853534,205.66534720622852,-0.1766887047121486,-5.894567274399297,2.6401006943507035,0.9576813876628898,-0.3552021384239197,-0.03552021458745003,-1.5041729102720085,-1.5041729102720065,212.39035948456754,212.39035948456754,213.89453239483956,212.79514926847477,-0.4047897839072334,-3.41950273271162,3.895926954788381,0.43988059897797405,11.787375065480925,4.4467725354691865,41.2037359136901,24.484338873883356,0.04417697283236066,0.0,-2.2112146477802526,0.24287387034434005
A3,420002,706,Omega_safe_one_step_QP,25.23784743395023,50.128851674736985,-6.678809821984942,0.10189723531748704,0.9618881940841675,False,False,-0.9618881940841675,-0.09618882089853287,-6.123324387807466,-6.123324387807477,209.72419706214308,209.72419706214305,215.84752144995053,210.27189953398448,-0.5477024718414327,-6.365941832540815,2.1687261362091856,0.9618882089853305,-0.25567755103111267,-0.025567755103111267,-1.1258495831678126,-1.12584958316781,213.89205215449368,213.89205215449368,215.0179017376615,213.89820924054598,-0.0061570860522977,-3.531839666993815,3.7835900205061863,0.31877143056329504,9.593011366165793,5.1475287901954205,40.38661347679068,25.090547562225513,-0.1011349418026164,0.0,6.776250512157276,0.0036942516314013574
A3,420002,707,Omega_safe_one_step_QP,25.257843718362498,50.13129357528768,6.782660799467521,-0.10295646024952572,0.9590604901313782,False,False,-0.9590604901313782,-0.09590604901313782,-5.73925998930527,-5.739259989305277,206.29136660859038,206.29136660859038,212.03062659789566,206.2673718253486,0.02399478324178972,-5.984252347335328,2.5504156214146723,0.9590604901313794,-0.33523088693618774,-0.033523090183734894,-1.4485177797240487,-1.4485177797240405,212.88469611448323,212.88469611448326,214.3332138942073,213.18005351321614,-0.29535739873287525,-3.4633708826483955,3.8520588048516045,0.4182392902190069,10.780920187583114,6.094296333124267,31.631842058888378,21.985724863753624,0.1212592156667327,0.0,-7.081134454374478,0.17721443923971947
A3,420002,708,Omega_safe_one_step_QP,25.26190306111517,50.13099980112641,11.997244789158685,-0.1868711621762068,0.9462152719497681,False,False,-0.9462152719497681,-0.09462153166532516,-5.601263364244846,-5.601263364244838,205.78333833375567,205.7833383337557,211.38460169800052,205.5444076681964,0.23893066555928044,-5.919649857345815,2.615018111404185,0.9462153166532502,-0.22706761956214905,-0.022706761956214905,-0.9079303358466285,-0.9079303358466267,213.26066385715993,213.26066385715993,214.16859419300656,212.9996991400808,0.2609647170791334,-3.44690891252832,3.8685207749716803,0.2634042148739743,9.399304221239955,5.699482533777916,40.493874661487695,23.679978294230782,0.199471685101134,0.0,-12.040137644012248,-0.15657883024748287
A3,420002,709,Omega_safe_one_step_QP,25.28597384393272,50.13192243614199,23.45656239734035,-0.36927156112834664,0.950940728187561,False,False,-0.950940728187561,-0.09509407728910446,-5.19100763203211,-5.19100763203212,201.58522316580837,201.58522316580834,206.77623079784047,200.87961207390362,0.7056110919047285,-5.458812767329809,3.075855201420192,0.9509407728910464,-0.1286126673221588,-0.012861266732215881,-0.3373030135918876,-0.3373030135918744,212.89042310850917,212.89042310850917,213.22772612210105,212.04648610202008,0.8439370064890852,-3.3528221054377694,3.962607582062231,0.10060271704986079,9.816829334050292,6.41934999328404,40.75811376126606,25.731926110666592,0.3802130793538563,0.0,-23.330413272799888,-0.5063622038934597
A3,420002,710,Omega_safe_one_step_QP,25.306425308407867,50.13356310154055,33.91231958687422,-0.531782361549343,0.9395391941070557,False,False,-0.9395391941070557,-0.0939539223909378,-4.761758195570248,-4.761758195570256,198.10819060814237,198.10819060814237,202.86994880371262,197.00081210381686,1.10737850432551,-5.068184567917025,3.466483400832976,0.9395392239093797,-0.013427590020000935,-0.0013427590020000935,0.2913934100906769,0.2913934100906887,212.7695983980187,212.7695983980187,212.47820498792802,211.2990988789156,1.4704995191031003,-3.2778699920204666,4.037559695479534,0.0721706753752604,10.959704742691759,5.578582815681938,42.8955937797881,29.151601965748142,0.5447264734686037,0.0,-33.57474634888149,-0.8822997114618545
A3,420002,711,Omega_safe_one_step_QP,25.300962902175126,50.1372177003354,26.706848080441887,-0.4303608439509123,0.9468094706535339,False,False,-0.9468094706535339,-0.09468095004558563,-4.909922925340757,-4.909922925340744,199.13573890532777,199.1357389053278,204.04566183066854,198.28696659752305,0.8487723078047509,-5.185755870612616,3.348912098137384,0.9468095004558542,-0.01336957048624754,-0.0013369570951908827,0.2516595981745265,0.25165959817453587,213.18168034511027,213.1816803451103,212.93002074693575,211.76765434147785,1.4140260036324435,-3.323051567921241,3.9923781195787598,0.06303501087243929,9.006948517931455,5.448128957689885,38.798076065502265,25.660973255379265,0.42670613994066287,0.0,-26.285138618202836,-0.8484156021794576
A3,420002,712,Z_mode_existing_controller,25.322953465693192,50.13803500639383,59.30046388858409,-0.9304910735437143,0.9535123705863953,False,False,-0.9535123705863953,-0.09535124152898788,-3.5601030928082236,-3.560103092808213,196.27979197381694,196.27979197381694,199.83989506662516,194.12704072214015,2.15275125167679,-3.7336725098916625,3.4057444220699793,0.9535124152898761,-0.009758788160979748,-0.0009758788510225713,-0.22140052382792416,-0.22140052382792208,211.8480005431363,211.8480005431363,212.06940106696422,210.91273999587622,0.9352605472600715,-1.0062476117754313,0.6708317477954553,0.2200258875022632,11.60271794391036,5.3295226553747685,42.19169065644856,24.225460034536912,0.9626121035916313,0.0,-59.70191966381935,-0.5611563283560486
A3,420002,713,Omega_safe_one_step_QP,25.303629679182475,50.13858123259105,7.8004339776407505,-0.12812017201156237,0.9478998780250549,False,False,-0.9478998780250549,-0.09478998929262161,-4.841162475092768,-4.841162475092757,198.41944852945207,198.4194485294521,203.26061100454484,198.3628698946978,0.05657863475428826,-5.107250788000249,3.4274171807497527,0.9478998929262138,-0.008023169822990894,-0.0008023169939406216,0.28639967216875784,0.2863996721687433,213.12884774803786,213.12884774803786,212.8424480758691,211.82196639692478,1.306881351113077,-3.314294300814576,4.001135386685424,0.0715796004108722,7.876490820348312,5.335107392594428,44.755566411732566,26.95555421072599,0.1196151389099005,0.0,-7.135920305882792,-0.7841288106678377
A3,420002,714,Z_mode_existing_controller,25.343210686911952,50.14010360021204,40.37195136570517,-0.6928653267527807,0.9320676922798157,False,False,-0.9320676922798157,-0.09320677071809769,-3.4824586957195964,-3.4824586957196106,192.10111656228028,192.10111656228028,195.58357525799988,190.58755716338743,1.513559398892852,-3.7362722352566364,3.403144696705005,0.9320677071809806,0.0005207918002270162,5.207918002270162e-05,-0.1530337024388012,-0.15303370243878733,211.12775645292794,211.12775645292794,211.28079015536673,210.242481036171,0.8852754167569401,-1.0062476117754313,0.6708317477954553,0.15208354350155767,7.065981395648074,5.186650488436758,35.47454416774483,22.65433146518067,0.6522446588801785,0.0,-40.49303077453078,-0.5311652500541584
A3,420002,715,Omega_safe_one_step_QP,25.386669318424623,50.13736570157865,38.8223895297815,-0.6542605652796578,0.8740025162696838,False,False,-0.8740025162696838,-0.08740025013685226,-3.0147853467500583,-3.014785346750061,183.66733057557582,183.6673305755758,186.68211592232586,182.31778297105106,1.34954760452473,-3.4494012797783475,5.085266688971654,0.8740025013685232,-0.022331109270453453,-0.0022331110667437315,0.5067373587570922,0.5067373587570965,209.73941630158058,209.7394163015806,209.2326789428235,208.2992297697561,1.4401865318245086,-2.9533173875100163,4.362112299989985,0.11616788470995117,10.10427936857752,6.300823431981809,39.485469245820674,24.081919518489368,0.6236906111199758,0.0,-38.581968221807074,-0.8641119190946966
A3,420002,716,Omega_safe_one_step_QP,25.386675114678532,50.13519384590631,36.29849725659096,-0.5868004346010369,0.8762634992599487,False,False,-0.8762634992599487,-0.08762635290622711,-3.037704144603269,-3.037704144603262,183.81695811260153,183.81695811260155,186.8546622572048,182.6240738119143,1.1928843006872683,-3.4666559132662442,5.0680120554837575,0.8762635290622689,-0.05811483785510063,-0.0058114840649068356,0.34237243105337545,0.3423724310533713,209.47738687439065,209.47738687439065,209.13501444333727,208.22188385354144,1.2555030208492042,-2.943550937561392,4.371878749938609,0.07831242599264195,12.595986251155209,5.6873087083240295,41.03575882437706,24.34646975945514,0.586078610177502,0.0,-36.13127405425894,-0.7533018125095197
A3,420002,717,Z_mode_existing_controller,25.34468955890352,50.13397604277189,19.34013229789889,-0.3371753452354164,0.9297499656677246,False,False,-0.9297499656677246,-0.09297499805688858,-3.4745439979781265,-3.4745439979781336,191.81653950870304,191.81653950870302,195.29108350668116,191.2010965826222,0.6154429260808172,-3.7370734827573306,3.402343449204311,0.9297499805688877,-0.012041163630783558,-0.0012041163863614202,-0.2317963419869118,-0.23179634198689722,210.62555435654113,210.62555435654116,210.85735069852805,209.96646090559437,0.6590934509467843,-1.0062476117754313,0.6708317477954553,0.23035715988226188,6.041531313266107,5.59676212178481,42.343109254401384,26.92062423547034,0.3118782958698567,0.0,-19.256554523200975,-0.3954560705680592
A3,420002,718,Omega_safe_one_step_QP,25.40760849741288,50.13384901649825,29.94169590591173,-0.4983083239470923,0.8718283772468567,False,False,-0.8718283772468567,-0.08718284219503403,-2.6448635420709867,-2.6448635420709756,179.88021272397833,179.88021272397836,182.52507626604933,178.91311485880485,0.967097865173514,-3.0336973141506958,5.500970654599305,0.8718284219503366,-0.12446116656064987,-0.012446116656064987,0.10293200973919142,0.10293200973919281,208.23666120710217,208.23666120710217,208.13372919736298,207.32271891949455,0.9139422876076253,-2.843422412963963,4.472007274536038,0.02301695936974338,11.705807789450995,4.652201029063191,33.375043037810315,26.51338737374553,0.48536554828216794,0.0,-29.87869608162964,-0.5483653725645752
A3,420002,719,Z_mode_existing_controller,25.36214353653578,50.13240937520651,10.046879164907295,-0.16629443138149352,0.8914472460746765,False,False,-0.8914472460746765,-0.08914472907781601,-3.3334873316364177,-3.3334873316364138,188.3208176005215,188.3208176005215,191.6543049321579,188.130796586,0.19002101452150555,-3.739410468931436,3.4000064630302056,0.8914472907781591,-0.09216564893722534,-0.00921656470745802,-0.7302272106988056,-0.7302272106987986,209.26090717976822,209.26090717976825,209.99113439046704,209.19313156213445,0.06777561763379936,-1.0062476117754313,0.6708317477954553,0.7256933603155389,9.76603803990303,6.305019111779892,35.26259580589716,22.16766379265607,0.1690627361781658,0.0,-10.175276530504561,-0.0406653705802853
A3,420002,720,Omega_safe_one_step_QP,25.369410556860384,50.129461633148686,4.561623269310076,-0.07440197719478908,0.8394353985786438,False,False,-0.8394353985786438,-0.08394353836774826,-3.167135761908477,-3.1671357619084834,186.75032477944387,186.75032477944387,189.91746054135234,186.8191511429073,-0.06882636346341542,-3.772935741680998,4.761732227069003,0.8394353836774846,-0.049281809478998184,-0.004928180947899818,0.3319347845739312,0.3319347845739423,209.7911503970665,209.79115039706653,209.45921561249259,208.7340192608387,1.057131136227838,-2.975971054476924,4.339458633023077,0.0764922108135642,10.966510288675382,4.672623625284514,34.74898779832845,21.97810275831599,0.07108193105123206,0.0,-3.998426518624001,-0.6342786817367028
A3,420002,721,Z_mode_existing_controller,25.342596271887448,50.126360253375275,0.7882707799844866,-0.01233358701216529,0.9111757278442383,False,False,-0.9111757278442383,-0.09111757576465607,-3.4091066227824602,-3.4091066227824713,191.98407461889528,191.98407461889528,195.39318124167775,192.19649536506907,-0.21242074617379103,-3.7414369227597803,3.397980009201861,0.9111757576465639,-0.004063695669174194,-0.00040636956691741943,-0.17841624959598207,-0.17841624959599386,210.26219763011227,210.26219763011227,210.44061387970825,209.6988769694984,0.5633206606138685,-1.0062476117754313,0.6708317477954553,0.17730849495502882,12.23607956867393,4.8912969685812735,38.791476148782955,29.812986134334828,0.015419092403291756,0.0,-0.4656974760191588,-0.3379923963683211
A3,420002,722,Omega_safe_one_step_QP,25.30399109587998,50.12947805000201,-41.34797177859764,0.6408610540412073,0.9446633458137512,False,False,-0.9446633458137512,-0.09446633607149124,-4.764167564720936,-4.764167564720946,197.8563727945572,197.8563727945572,202.62054035927812,199.80934284059313,-1.9529700460359436,-5.0432437234735765,3.491424245276425,0.9446633607149142,-0.12418576329946518,-0.012418576516211033,-0.2180171703154772,-0.21801717031548554,211.95525939352805,211.95525939352805,212.17327656384353,211.4990681485773,0.4561912449507588,-3.2473771496120194,4.068052537887981,0.06713638738929144,11.007051169040812,5.689700559507448,41.09323716751889,22.299565417691824,-0.6688016257840665,0.0,42.29048815135138,-0.2737147469704553
A3,420002,723,Omega_safe_one_step_QP,25.297907182120642,50.12886288718485,-32.92100145910899,0.531440618860172,0.942598283290863,False,False,-0.942598283290863,-0.0942598283290863,-4.882276860171529,-4.8822768601715145,199.10177101324302,199.10177101324302,203.98404787341454,200.75724050611586,-1.6554694928728395,-5.1795944748872165,3.355073493862785,0.9425982832908602,-0.25333303213119507,-0.025333303958177567,-0.8718891964469802,-0.8718891964469746,211.54729746364623,211.54729746364623,212.4191866600932,211.67728504818587,-0.12998758453963433,-3.2719681592369856,4.043461528263014,0.2664723964338018,8.341311653620672,5.499277218809448,37.132582646322675,29.60548778865686,-0.5279012269769638,0.0,33.370910135362465,0.07799255072377775
A3,420002,724,Z_mode_existing_controller,25.32978939661038,50.131809260094315,7.058782779647117,-0.1141377366604646,0.9501058459281921,False,False,-0.9501058459281921,-0.09501058608293533,-3.5551376777953405,-3.555137677795338,194.2628138161365,194.2628138161365,197.81795149393182,194.2171023427466,0.045711473389872026,-3.7418332255018805,3.3975837064597614,0.9501058608293528,-0.005468813236802816,-0.000546881346963346,-0.19379861147846705,-0.19379861147845318,211.06797931792659,211.06797931792659,211.26177792940504,210.4565815857195,0.6113977322070809,-1.0062476117754313,0.6708317477954553,0.19259535049878365,9.736543745551655,4.5651531677407515,38.98444083515864,29.977399510584227,0.11533070069544138,0.0,-6.8072748410177155,-0.3668386393242571
A3,420002,725,Z_mode_existing_controller,25.329671903510988,50.13472291310564,-0.9084322622320542,0.014379065407443574,0.9235746264457703,False,False,-0.9235746264457703,-0.09235746413469315,-3.4595538495739486,-3.459553849573946,193.98013609230776,193.98013609230776,197.4396899418817,194.26721859555227,-0.28708250324450546,-3.745830271529079,3.393586660432562,0.9235746413469309,-0.006408398970961571,-0.0006408399203792214,-0.19526932990472715,-0.19526932990471604,211.163790862785,211.16379086278502,211.35906019268972,210.6274398230494,0.5363510397356208,-1.0062476117754313,0.6708317477954553,0.19405693749690622,11.031773441732891,6.057197871414008,43.049704787085886,19.04249118021946,-0.012502718736556062,0.0,1.2427456048098975,-0.3218106238413725
A3,420002,726,Z_mode_existing_controller,25.32411575660765,50.13170188850221,-10.638628650965074,0.1762601471946975,0.9389525651931763,False,False,-0.9389525651931763,-0.09389525651931763,-3.5206935563408743,-3.5206935563408885,194.70390627133602,194.70390627133602,198.2245998276769,195.41556860733112,-0.7116623359951006,-3.7495968240062703,3.3898201079553707,0.9389525651931802,-0.00594777287915349,-0.000594777287915349,-0.19494597978061134,-0.19494597978062522,211.1677941886444,211.1677941886444,211.362740168425,210.69474194415162,0.47305224449277716,-1.0062476117754313,0.6708317477954553,0.19373559499600798,8.01296318943164,4.877797745441579,37.323508766347445,21.9573476411143,-0.1719923888081114,0.0,11.09445238646913,-0.28383134669567767
A3,420002,727,Z_mode_existing_controller,25.35339934818358,50.129296829265975,-15.576816363724902,0.2552478857844601,0.9161258339881897,False,False,-0.9161258339881897,-0.09161258488893509,-3.438573812994333,-3.438573812994346,188.69339755190595,188.69339755190592,192.13197136490027,189.59804569587854,-0.9046481439726222,-3.753385866322872,3.38603106563877,0.9161258488893544,0.0035586690064519644,0.0003558669122867286,-0.13121883423550945,-0.1312188342355039,209.80179213192514,209.80179213192514,209.93301096616065,209.31328597463042,0.48850615729472224,-1.0062476117754313,0.6708317477954553,0.1304041199203249,10.022441843177676,4.183027121730787,41.01856662730221,21.080587857933644,-0.25096567238669465,0.0,16.120885730488226,-0.29310369437683903
A3,420002,728,Z_mode_existing_controller,25.341756372939646,50.12624248243576,-22.750881541503986,0.3614735262988935,0.9255785346031189,False,False,-0.9255785346031189,-0.09255785495042801,-3.4773708775450176,-3.4773708775450154,190.65659861418774,190.65659861418774,194.13396949173276,191.841043313533,-1.1844446993452493,-3.7569700371809844,3.3824468947806574,0.9255785495042798,-0.0007071307627484202,-7.07130748196505e-05,-0.15968240847728105,-0.15968240847729076,210.03454241968407,210.03454241968407,210.19422482816137,209.61803126915075,0.4165111505333243,-1.0062476117754313,0.6708317477954553,0.15869096891126613,11.37443742154573,4.4272903227681,42.62991601753871,26.768838764271937,-0.3658320426574875,0.0,23.366620274480738,-0.2499066903199889
A3,420002,729,Z_mode_existing_controller,25.312849200970977,50.12742737066498,-27.578569730366326,0.4422199655819986,0.9333573579788208,False,False,-0.9333573579788208,-0.09333574026823044,-3.5099323487783884,-3.5099323487783893,195.98044309484266,195.98044309484266,199.49037544362105,197.39994089196998,-1.4194977971273204,-3.7605448231207705,3.3788721088408713,0.9333574026823047,-0.00423483457416296,-0.0004234834632370621,-0.18321461301322797,-0.18321461301323352,211.23236582343193,211.23236582343193,211.41558043644517,210.87726680486884,0.3550990185630951,-1.0062476117754313,0.6708317477954553,0.18207706619046599,9.500163445145184,4.284981483876409,41.69281976367633,23.861029693940992,-0.44489346862796353,0.0,28.236522610131942,-0.21305941113784854
A3,420002,730,Z_mode_existing_controller,25.31671236853507,50.1270739313937,-33.32505084168406,0.506467093292747,0.936301589012146,False,False,-0.936301589012146,-0.09363015741109848,-3.5243332615769356,-3.524333261576932,194.88203455687625,194.88203455687625,198.4063678184532,196.4668795315725,-1.5848449746962388,-3.7641005409216355,3.3753163910400064,0.9363015741109836,-0.005005610175430775,-0.0005005610291846097,-0.18856493673427566,-0.18856493673428745,210.98426790957632,210.98426790957632,211.1728328463106,210.66327092895907,0.32099698061725235,-1.0062476117754313,0.6708317477954553,0.1873941707067329,13.037639861986172,6.928840138191326,40.32682836102738,26.240639371801382,-0.53535654489081,0.0,34.05300557494502,-0.19259818837035425
A3,420002,731,Omega_safe_one_step_QP,25.290999415471795,50.12887885556132,-66.0625726535709,1.0360259561712226,0.9458335041999817,False,False,-0.9458335041999817,-0.09458335489034653,-4.818434162036893,-4.8184341620369,198.3134546595032,198.31345465950318,203.1318888215401,201.33189469433117,-3.0184400348279894,-5.09437856969977,3.44028939905023,0.9458335489034667,-0.25412222743034363,-0.025412222370505333,-0.8627306264406707,-0.8627306264406596,211.4321276990044,211.43212769900444,212.2948583254451,211.81382195755782,-0.3816942585533809,-3.2595353257721746,4.055894361727826,0.26467902330105325,9.934256936002319,3.5980938438798775,41.802343767065054,23.92939502271025,-1.0623957345518527,0.0,66.89595183299025,0.22901655513202002
A3,420002,732,Omega_safe_one_step_QP,25.28422151540576,50.129076161654396,-55.0208098137191,0.8478402656203226,0.9438331723213196,False,False,-0.9438331723213196,-0.09438332170248032,-4.952774512431568,-4.95277451243158,199.71043144907117,199.71043144907117,204.66320596150274,202.23589176237763,-2.5254603133064677,-5.247510283696037,3.287157685053964,0.9438332170248054,-0.28073757886886597,-0.028073757886886597,-1.0241957228587375,-1.0241957228587375,211.59769883249342,211.59769883249342,212.62189455535216,212.0372536624376,-0.4395548299441714,-3.2922389487628814,4.023190738737119,0.3110939815725094,10.782817384992553,3.4635372613843805,35.95174718123276,26.899866744882274,-0.881683050022481,0.0,55.638759965774625,0.2637328979665057
A3,420002,733,Omega_safe_one_step_QP,25.26096796598469,50.13106219721076,-51.777825641285744,0.7921565098611666,0.9381399750709534,False,False,-0.9381399750709534,-0.09381400048732758,-5.368918210417705,-5.3689182104177124,204.04857692947678,204.04857692947678,209.4174951398945,206.45124472065206,-2.4026677911752756,-5.722939201535211,2.811728767214789,0.9381400048732773,-0.3692832589149475,-0.03692832589149475,-1.5630313967093425,-1.5630313967093314,212.1772656411418,212.1772656411418,213.74029703785112,213.06642729289547,-0.8891616517536818,-3.404079197012777,3.9113504904872234,0.45916422804761925,10.261641048490082,4.176971966135099,35.11162112192599,23.459715927007373,-0.8248663999143488,0.0,52.069195050148664,0.5334969910522034
A3,420002,734,Omega_safe_one_step_QP,25.25583625609087,50.13146117311906,-43.66618809776901,0.6568210344316725,0.9483872056007385,False,False,-0.9483872056007385,-0.09483872354030609,-5.541045783641146,-5.541045783641136,205.07304175734293,205.07304175734296,210.6140875409841,207.13122572572325,-2.058183968380291,-5.8425984416441725,2.6920695271058284,0.9483872354030588,-0.23965781927108765,-0.023965781554579735,-0.9536169255473386,-0.9536169255473386,213.05410044392173,213.05410044392173,214.00771736946908,213.24707218294566,-0.19297173902393183,-3.4308212301745717,3.8846084573254287,0.277955877490829,11.152181972382332,4.428496237371776,38.52378963426874,24.273603437264295,-0.6990833405357328,0.0,44.24948839489025,0.11578304341436763
A3,420002,735,Omega_safe_one_step_QP,25.240925767698606,50.13301762075396,-41.43989565081756,0.6267670599202052,0.9645239114761353,False,False,-0.9645239114761353,-0.09645239263772964,-5.934997960593452,-5.934997960593441,207.78603139093232,207.78603139093232,213.72102935152577,209.78552939275775,-1.9994980018254296,-6.1532926226983395,2.381375346051662,0.9645239263772943,-0.21413904428482056,-0.021413905546069145,-0.8970819719917436,-0.8970819719917558,213.85276478749392,213.85276478749392,214.74984675948568,213.9141725291459,-0.061407741651976266,-3.5050341691762332,3.8103955183237668,0.2559410061907018,10.228725434012198,5.832766108389524,39.775280569324,24.41278950440502,-0.6647910303354472,0.0,42.06784203616189,0.036844644991191444
A3,420002,736,Omega_safe_one_step_QP,25.255320182596073,50.13489381743394,-21.85275960774561,0.32994029125910207,0.9441497921943665,False,False,-0.9441497921943665,-0.09441497921943665,-5.556820593262876,-5.556820593262872,205.48656841073586,205.48656841073586,211.04338900399873,206.66360378027858,-1.1770353695427218,-5.885528587945635,2.6491393808043653,0.944149792194366,-0.17992007732391357,-0.017992008477449417,-0.6884752919483303,-0.6884752919483379,213.58651990327672,213.5865199032767,214.27499519522505,213.36534862347713,0.22117127979956308,-3.4575490127501682,3.857880674749832,0.19912235210824036,11.023952659437734,4.553935177416684,34.95932734106387,25.91950542984379,-0.34865823609121094,0.0,22.33412061171657,-0.1327027678797208
A3,420002,737,Omega_safe_one_step_QP,25.242418646631894,50.13715422364435,-22.328970999684316,0.33616465280056346,0.9545388221740723,False,False,-0.9545388221740723,-0.09545388072729111,-5.875237469238878,-5.875237469238876,207.86340110209437,207.86340110209437,213.73863857133324,209.0600409632719,-1.1966398611775162,-6.155053544679087,2.3796144240709136,0.9545388072729104,-0.23534369468688965,-0.023534370586276054,-1.023028720749471,-1.0230287207494821,213.94690472179406,213.94690472179403,214.96993344254352,214.0102054289914,-0.06330070719738501,-3.527042837482016,3.7883868500179845,0.2900528198517233,10.680441522905321,3.8692032861157566,47.264776655037814,22.57797496001877,-0.3538333459133014,0.0,22.644823921279567,0.03798042431844806
A3,420002,738,Omega_safe_one_step_QP,25.23587708819274,50.13868005897688,-18.80055175727557,0.2836755374983948,0.9591923952102661,False,False,-0.9591923952102661,-0.09591924399137497,-6.042630519050577,-6.042630519050585,209.14253417109305,209.14253417109305,215.18516469014364,210.20265525350496,-1.0601210824119107,-6.299706156560125,2.234961812189875,0.9591924399137509,-0.2111303210258484,-0.02111303247511387,-0.94136969593448,-0.9413696959344912,214.4146864664784,214.41468646647837,215.35605616241287,214.34467681191123,0.07000965456714425,-3.5656551094689517,3.7497745780310487,0.2640103058298012,10.284565812168921,6.030181334844617,39.754363902849505,24.740291524694694,-0.2980725614257267,0.0,19.14063011144117,-0.0420057927402695
A3,420002,739,Omega_safe_one_step_QP,25.252233223232075,50.14096666786278,-3.1874614532216583,0.04695224899269365,0.94709312915802,False,False,-0.94709312915802,-0.09470931440591812,-5.674710829362708,-5.674710829362696,206.43052784787994,206.43052784787997,212.10523867724265,206.8428267521967,-0.4122989043167138,-5.991713555270028,2.5429544134799715,0.9470931440591797,-0.14899896085262299,-0.014899896457791328,-0.5886327275344293,-0.5886327275344428,214.2306325656488,214.23063256564876,214.8192652931832,213.76013790786436,0.4704946577843998,-3.5119760225459857,3.803453664954015,0.16760727401200112,12.53963761705276,5.731095503723018,42.15524583816217,22.230968467826255,-0.046558183173345924,0.0,3.516316431066116,-0.2822967946706285
A3,420002,740,Omega_safe_one_step_QP,25.23180430020845,50.14222897631635,-12.386818594530268,0.18579014598476618,0.9670606851577759,False,False,-0.9670606851577759,-0.09670607000589371,-6.198621604118992,-6.198621604118998,210.08702579805995,210.08702579805993,216.28564740217894,210.87465203336893,-0.7876262353090056,-6.409754427763654,2.1249135409863458,0.9670607000589381,-0.24627216160297394,-0.024627216160297394,-1.1524869569250509,-1.1524869569250435,214.6219144021598,214.62191440215983,215.77440135908486,214.69017822809056,-0.06826382593072822,-3.6074896291361527,3.7079400583638478,0.3194706223454944,10.484990921480263,4.1027600224571685,35.69691360009988,27.212300032806017,-0.19234606340606675,0.0,12.538206362378332,0.04095829555842556
A3,420002,741,Omega_safe_one_step_QP,25.22760370703172,50.14589398684511,-7.9939008605060735,0.12281834895604876,0.9621763825416565,False,False,-0.9621763825416565,-0.09621763974428177,-6.258678651717922,-6.258678651717917,210.97652673340426,210.97652673340426,217.23520538512219,211.59784809996572,-0.6213213665614603,-6.504710226057979,2.0299577426920212,0.9621763974428168,-0.19045305252075195,-0.019045306369662285,-0.9193139789204212,-0.919313978920434,215.25843162058064,215.25843162058064,216.17774559950107,215.05422748409075,0.2042041364898921,-3.647824053177772,3.667605634322228,0.2520170834773627,8.892111524956901,4.942318588588961,39.15869858935578,24.35928832466495,-0.12486614770051618,0.0,8.241289490099916,-0.1225224818939239
A3,420002,742,Omega_safe_one_step_QP,25.25721973839469,50.14773108534793,12.007565449056528,-0.18711704255116393,0.9491092562675476,False,False,-0.9491092562675476,-0.09491092711687088,-5.632805833977739,-5.632805833977744,205.90363583372994,205.9036358337299,211.53644166770766,205.68716263381242,0.2164731999174876,-5.934833854316528,2.5998341144334733,0.9491092711687097,-0.09855792671442032,-0.009855792857706547,-0.36482122602217276,-0.36482122602217937,214.6913071482789,214.6913071482789,215.05612837430107,213.8951284677307,0.796178680548195,-3.5356623306577726,3.7797673568422283,0.10318327710732157,9.347237335767728,3.901145199806697,41.862756570473266,27.45883925016339,0.19464317749804572,0.0,-11.724501418226282,-0.47770720832892266
A3,420002,743,Omega_safe_one_step_QP,25.26860799874117,50.150977055911724,17.074652007339864,-0.2657022355596805,0.9565533995628357,False,False,-0.9565533995628357,-0.09565534442663193,-5.473699416547621,-5.473699416547621,203.93754632859319,203.93754632859319,209.4112457451408,203.4926505902119,0.44489573838129104,-5.722314262059844,2.812353706690157,0.9565534442663186,-0.25518932938575745,-0.025518933311104774,-1.1012776434072022,-1.1012776434072145,213.67761561606974,213.67761561606974,214.77889325947694,213.6040859428879,0.073529673181838,-3.507938819175361,3.8074908683246393,0.3139386688808046,9.921618236333991,5.1443176678245885,38.387761702624424,22.608824224567826,0.2844072468121066,0.0,-17.314941450243168,-0.044117803909102804
A3,420002,744,Omega_safe_one_step_QP,25.27803907820362,50.15093317327732,22.294667713551462,-0.3498291542385067,0.9512681365013123,False,False,-0.9512681365013123,-0.09512681514024734,-5.2813758743561205,-5.2813758743561205,202.42604497957396,202.42604497957396,207.70742085393007,201.76753654256885,0.6585084370051106,-5.5519317729387705,2.9827361958112304,0.9512681514024733,-0.1828230917453766,-0.01828230917453766,-0.7133482691917415,-0.7133482691917554,213.68926604786782,213.68926604786782,214.40261431705957,213.2208742987804,0.46839174908743075,-3.470310924933622,3.8451187625663783,0.20555745137026876,9.8016944120704,4.3396593873036124,34.75113293239666,22.726357192226935,0.36520793726302614,0.0,-22.378840601360935,-0.2810350494524414
A3,420002,745,Omega_safe_one_step_QP,25.280135424653714,50.15041257236709,21.97825762053526,-0.35007312871453256,0.9547457695007324,False,False,-0.9547457695007324,-0.09547457844018936,-5.276301920862632,-5.276301920862625,202.17574692686514,202.17574692686514,207.45204884772778,201.52755783774847,0.64818908911667,-5.52639457231854,3.0082733964314614,0.9547457844018925,-0.08991879224777222,-0.008991879411041737,-0.25061204751367466,-0.2506120475136715,214.05779295125433,214.05779295125433,214.308404998768,213.12622761913738,0.9315653321169464,-3.4608899931044648,3.8545396943955352,0.07241260138663613,8.973675808995026,5.916752978668281,38.82495351685356,25.040135303421525,0.3548601285298947,0.0,-21.77417854979558,-0.5589391992701707
A3,420002,746,Omega_safe_one_step_QP,25.30856084866514,50.15129437062754,36.22942227376552,-0.5821708521892114,0.941933274269104,False,False,-0.941933274269104,-0.09419333189725876,-4.6906937984823065,-4.690693798482308,197.295985339898,197.295985339898,201.9866791383803,196.0673290174856,1.2286563224124052,-4.979857601383794,3.554810367366206,0.9419333189725879,-0.005575975403189659,-0.0005575975519604981,0.2642866641405606,0.2642866641405683,213.44644898294158,213.44644898294158,213.182162318801,211.9982402041039,1.4482087788376816,-3.348265725107766,3.9671639623922346,0.06661853824191354,9.70404797473091,6.533120744840475,42.62366722701758,25.436029432771278,0.5818195498197447,0.0,-35.942316556282094,-0.8689252673026147
A3,420002,747,Z_mode_existing_controller,25.32865029451403,50.15213663101399,60.68387254231493,-1.0130625843806433,0.9280282258987427,False,False,-0.9280282258987427,-0.09280282258987427,-3.468948357533014,-3.468948357533014,194.6931752907443,194.6931752907443,198.16212364827732,192.35395426191994,2.339221028824369,-3.737977208800448,3.401439723161194,0.9280282258987428,-0.0031799678690731525,-0.00031799680436961353,-0.1756742829029878,-0.1756742829030003,212.22853263654494,212.2285326365449,212.40420691944792,211.23655360933785,0.9919790272070657,-1.0062476117754313,0.6708317477954553,0.17458355264370684,8.288255051386248,5.704181303128284,41.463732270065975,25.13986741280422,0.9823610703937216,0.0,-61.07104619638358,-0.5951874163242366
A3,420002,748,Z_mode_existing_controller,25.360536850039,50.15192092878454,46.78423986364214,-0.8090967273018889,0.8695610761642456,False,False,-0.8695610761642456,-0.08695610612630844,-3.25383067061828,-3.2538306706182936,188.2623442164147,188.26234421641468,191.51617488703297,186.48319684755816,1.7791473688565134,-3.7419231559103094,3.3974937760513324,0.8695610612630884,-0.05750236660242081,-0.005750236567109823,-0.508147635126792,-0.508147635126794,210.47457073852155,210.47457073852155,210.98271837364834,209.94299948916202,0.5315712493595299,-1.0062476117754313,0.6708317477954553,0.5049926371802406,7.589650706243527,6.505434175559959,43.852319226592165,25.10294253129907,0.7604169590612679,0.0,-47.22571407308806,-0.3189427496157151
A3,420002,749,Omega_safe_one_step_QP,25.403546873913715,50.150673488687694,47.39338480290007,-0.8278402725100271,0.8670689463615417,False,False,-0.8670689463615417,-0.08670689910650253,-2.648029543572725,-2.6480295435727275,180.08008332483254,180.08008332483254,182.72811286840528,178.3349274084175,1.7451559164150297,-3.0540009743862893,5.480666994363712,0.8670689910650264,-0.06825914233922958,-0.006825914140790701,0.29436798162506134,0.29436798162505856,209.33671117142936,209.33671117142936,209.04234318980428,208.1081979852878,1.228513186141555,-2.934283812208095,4.381145875291906,0.06718972387684888,8.942832877367959,5.582224007002217,39.82891355969643,23.448764172872092,0.7643889686898415,0.0,-47.42066585990415,-0.7371079116849444
A3,420002,750,Omega_safe_one_step_QP,25.41239357493192,50.147293184412746,52.83830187435251,-0.8721099661144199,0.820715069770813,False,False,-0.820715069770813,-0.08207150548696518,-2.3794282927292745,-2.3794282927292745,178.80081136703458,178.80081136703458,181.18023965976386,176.96375002608943,1.837061340945155,-2.899213653522148,5.635454315227853,0.8207150548696522,0.03158237412571907,0.0031582375522702932,0.7916523403805831,0.7916523403805747,209.29914684703428,209.29914684703428,208.5074945066537,207.59944297294285,1.6997038740914263,-2.8807989438930357,4.434630743606966,0.1785159545745344,12.740838755575137,3.6723171945679307,37.04365019419556,23.172246629161748,0.8507776757860128,0.0,-52.669257225684305,-1.01982232445485
A3,420002,751,Z_mode_existing_controller,25.340514589188494,50.144174778026084,20.269332478404067,-0.3238773403504392,0.9058480262756348,False,False,-0.9058480262756348,-0.09058480709791183,-3.3897602267903606,-3.3897602267903615,192.15045585604958,192.15045585604958,195.54021608283995,191.5724099253513,0.5780459306982664,-3.742084721918563,3.397332210043079,0.9058480709791186,-0.009488744661211967,-0.0009488744544796646,-0.21170532133504838,-0.21170532133504283,211.17378753961995,211.17378753961995,211.385492860955,210.51761036953422,0.6561771700857264,-1.0062476117754313,0.6708317477954553,0.21039088079077103,11.101091020338002,5.405177541524122,41.30478798802155,26.834481766412814,0.3306031716570281,0.0,-20.20622934801031,-0.3937063020514273
A3,420002,752,Z_mode_existing_controller,25.325602106439664,50.14540076429623,5.179272169342767,-0.08520584311533275,0.9327194094657898,False,False,-0.9327194094657898,-0.09327194094657898,-3.493803786771105,-3.4938037867710956,194.6282440341042,194.62824403410423,198.1220478208753,194.66122587282857,-0.03298183872433924,-3.745825112369176,3.3935918195924653,0.9327194094657877,-0.009056514129042625,-0.0009056514245457947,-0.21348842788164596,-0.21348842788163763,211.8035497794496,211.80354977944964,212.01703820733127,211.23550149301187,0.5680482864377723,-1.0062476117754313,0.6708317477954553,0.21216291634715728,8.613062236861717,6.138673520916986,37.647623745394554,25.91828301964909,0.08456421424634541,0.0,-4.923007411726758,-0.34082897186266337
A3,420002,753,Z_mode_existing_controller,25.354481266962587,50.145507469372745,-1.8859867538458275,0.030457260348639714,0.9070638418197632,False,False,-0.9070638418197632,-0.09070638567209244,-3.4011778966485116,-3.4011778966485053,188.6745257526319,188.6745257526319,192.0757036492804,189.00628786086082,-0.33176210822892926,-3.749656511443327,3.3897604205183147,0.9070638567209228,-0.004690299741923809,-0.0004690299683716148,-0.18167480617654538,-0.18167480617654885,210.56006526950148,210.56006526950148,210.74174007567802,210.02722234690333,0.5328429225981495,-1.0062476117754313,0.6708317477954553,0.1805468197395275,11.067087557628808,4.516912515671694,42.058241233753364,22.4486959504861,-0.02818433778525886,0.0,2.2338768451909345,-0.3197057535588925
A3,420002,754,Z_mode_existing_controller,25.329310606876025,50.14360135091578,-10.429104852200908,0.17382785468514078,0.9139809608459473,False,False,-0.9139809608459473,-0.09139809757471085,-3.4304132386080157,-3.4304132386080126,193.29831981775277,193.29831981775277,196.7287330563608,194.00447058007035,-0.7061507623175771,-3.7532654722970777,3.3861514596645637,0.9139809757471078,-0.010594243183732033,-0.001059424364939332,-0.2200348881352135,-0.22003488813520863,211.41516985790113,211.41516985790113,211.63520474603635,210.98124581563505,0.43392404226608505,-1.0062476117754313,0.6708317477954553,0.21866873079775795,7.992562274407714,5.732238760336832,38.17861532756601,21.57115852887963,-0.16811893681251777,0.0,10.857578214373461,-0.26035442535965103
A3,420002,755,Omega_safe_one_step_QP,25.36371911949051,50.14077267430984,-14.771835176448803,0.26056783281430135,0.9081563949584961,False,False,-0.9081563949584961,-0.09081564098596573,-3.402092172661347,-3.4020921726613516,186.2475333914693,186.2475333914693,189.64962556413064,187.18347753710356,-0.9359441456342665,-3.7461522439588264,4.788515724791174,0.9081564098596585,-0.0038902470842003822,-0.00038902470259927213,0.553798071038937,0.5537980710389273,210.52349148424588,210.52349148424588,209.96969341320695,209.3609847685199,1.162506715725982,-3.0270188345483606,4.28841085295164,0.12913829621939268,6.2769860445214185,4.907343976015193,39.97789148039559,21.942918135565385,-0.24693648937831014,0.0,15.716275695262084,-0.6975040294355921
A3,420002,756,Omega_safe_one_step_QP,25.41466370890724,50.13676968692226,12.931802092604812,-0.22172118280393882,0.9097234606742859,False,False,-0.9097234606742859,-0.09097234904766083,-2.514702040892003,-2.5147020408920167,177.31588879796166,177.31588879796163,179.83059083885365,177.07080894089907,0.24507985706256363,-2.7642487714311272,5.770419197318874,0.9097234904766138,0.13200074434280396,0.013200074434280396,1.4302110214217776,1.4302110214217763,209.06193464377722,209.06193464377722,207.63172362235545,206.97335301402782,2.088581629749399,-2.7932218554632096,4.522207832036791,0.31626388581473325,10.378040997580545,5.77651289172647,44.244559716933985,20.39866303553226,0.19695274778138838,0.0,-11.87560586253585,-1.2531489778496478
A3,420002,757,Omega_safe_one_step_QP,25.402746101576657,50.131821897865144,5.408658241308331,-0.09301430152786631,0.957282304763794,False,False,-0.957282304763794,-0.09572823345661163,-2.8932448142972382,-2.8932448142972493,179.5183849525558,179.5183849525558,182.41162976685305,179.58415842473704,-0.06577347218123464,-3.0223526642310676,5.512315304518934,0.9572823345661201,0.124662384390831,0.01246623881161213,1.4110011134477338,1.4110011134477338,209.29902713481783,209.29902713481783,207.8880260213701,207.21941385779533,2.079613277022503,-2.8188520953646754,4.496577592135326,0.31379445467940437,9.553239579064359,4.994782423712374,40.024148280462725,22.875152746536287,0.07423044232617926,0.0,-4.235120717420614,-1.2477679662135017
A3,420002,758,Omega_safe_one_step_QP,25.39726889445586,50.12818758440329,5.50849630065477,-0.0944896779308977,0.9544340372085571,False,False,-0.9544340372085571,-0.09544340521097183,-3.007993527001665,-3.007993527001676,180.69610088423755,180.69610088423755,183.70409441123923,180.75380767642957,-0.057706792192021794,-3.1515991286696856,5.383068840080315,0.9544340521097217,0.09829931706190109,0.009829931892454624,1.2746260199950454,1.2746260199950343,209.2193801381124,209.21938013811237,207.94475411811734,207.2567342810187,1.962645857093662,-2.8245249050393983,4.4909047824606025,0.28382387998363584,9.414583305660063,5.00408404420108,38.29356623501901,25.87805730201464,0.07688422961573238,0.0,-4.407793016013784,-1.1775875142561887
A3,420002,759,Omega_safe_one_step_QP,25.394398703858375,50.12639202387401,9.921455310798592,-0.1686963144337823,0.9092949032783508,False,False,-0.9092949032783508,-0.09092949330806732,-2.9342469500153596,-2.934246950015365,181.52333050310585,181.52333050310585,184.45757745312122,181.38770231200888,0.13562819109696989,-3.226947432857884,5.307720535892116,0.9092949330806748,0.041371479630470276,0.0041371481493115425,0.9550671230635508,0.9550671230635632,208.94727605805647,208.9472760580565,207.99220893499293,207.28488985022008,1.6623862078364198,-2.8292703867269586,4.486159300773042,0.21289193250426683,9.787685586633197,4.4387871729696675,40.15293635714808,26.398302390592352,0.15173819488908435,0.0,-9.075761780986795,-0.9974317247018547
A3,420002,760,Omega_safe_one_step_QP,25.382406769608192,50.125274468758526,7.039056156994775,-0.11743392228629804,0.8945241570472717,False,False,-0.8945241570472717,-0.08945241570472717,-3.113827864716988,-3.1138278647169977,183.8841553528952,183.8841553528952,186.9979832176122,183.8457601540038,0.03839519889137932,-3.480988009306981,5.053679959443019,0.8945241570472746,-0.16049501299858093,-0.016049502417445183,-0.08354633436956083,-0.08354633436956915,208.37688029965443,208.37688029965443,208.460426634024,207.73932461999124,0.637555679663194,-2.8760921566300652,4.439337530869936,0.029048559580045204,10.341064090766867,4.283465164583324,45.541916567201994,24.543298168769468,0.11525542406686995,0.0,-6.771778173263556,-0.3825334077979079
A3,420002,761,Omega_safe_one_step_QP,25.364229814764077,50.12400339900109,1.9428347432276496,-0.03147666587565712,0.8893440365791321,False,False,-0.8893440365791321,-0.08893440663814545,-3.430032843939769,-3.4300328439397827,187.32619001738593,187.3261900173859,190.75622286132568,187.51262880080867,-0.18643878342277276,-3.8568119736783304,4.6778559950716705,0.8893440663814579,-0.05411248654127121,-0.005411248654127121,0.36722849281579373,0.3672284928157951,209.54727476791834,209.54727476791834,209.18004627510254,208.44227953700158,1.1049952309167566,-2.9480541207379196,4.367375566762081,0.08408447755457263,11.22433463998331,4.022930127631248,42.293757318911716,26.838236900599817,0.028498142902080303,0.0,-1.3083357475798039,-0.6629971385500539
A3,420002,762,Z_mode_existing_controller,25.33095654019317,50.124624682390056,3.903526799294923,-0.06289109252838314,0.9214754700660706,False,False,-0.9214754700660706,-0.09214755147695541,-3.450160146430726,-3.450160146430723,194.01488202851746,194.01488202851746,197.4650421749482,194.10307091326726,-0.08818888474979758,-3.744169097421491,3.3952478345401507,0.9214755147695535,-0.010279190726578236,-0.0010279191192239523,-0.21930667491536354,-0.2193066749153566,210.4194782112232,210.41947821122324,210.63878488613858,209.88126315901613,0.5382150522071072,-1.0062476117754313,0.6708317477954553,0.21794503892377956,9.971379566083366,4.648164216867769,36.92245555103523,23.39200040526462,0.06500199689723019,0.0,-3.645599764868166,-0.3229290313242643
A3,420002,763,Z_mode_existing_controller,25.326826176342514,50.12347596543577,-6.429023984577725,0.10251414744173432,0.9312736392021179,False,False,-0.9312736392021179,-0.09312736243009567,-3.490383802064269,-3.4903838020642715,194.45348504851245,194.45348504851245,197.9438688505767,194.97313342582785,-0.5196483773154057,-3.747968063289949,3.391448868671692,0.9312736243009575,-0.005255360156297684,-0.0005255360156297684,-0.189295352909144,-0.1892953529091336,210.49555747506588,210.49555747506588,210.68485282797502,209.99492413142755,0.5006333436383272,-1.0062476117754313,0.6708317477954553,0.1881200518579511,10.399169772713343,5.4699260064342585,37.875045591027025,25.392007028181265,-0.10219452711793764,0.0,6.831598517878774,-0.30038000618300487
A3,420002,764,Z_mode_existing_controller,25.32374236509788,50.123781415029185,-14.636415722607126,0.2360159796616458,0.9374939799308777,False,False,-0.9374939799308777,-0.09374939650297165,-3.517248416305242,-3.5172484163052546,194.68305122409456,194.68305122409456,198.2002996403998,195.55292363902882,-0.8698724149342638,-3.751755795242642,3.3876611367189993,0.9374939650297199,-0.007887560874223709,-0.0007887561223469675,-0.20692372921633506,-0.20692372921633853,210.56014479562623,210.56014479562623,210.76706852484256,210.1340751784638,0.4260696171624261,-1.0062476117754313,0.6708317477954553,0.20563897672387083,9.580549246323699,4.051229815693604,37.679825353964,23.65262530832566,-0.23533698427247884,0.0,15.127394477178314,-0.2556417702974585
A3,420002,765,Z_mode_existing_controller,25.321920307934725,50.12285042266333,-21.059787497169054,0.3296726354247799,0.9335765242576599,False,False,-0.9335765242576599,-0.09335765242576599,-3.506057112392877,-3.5060571123928894,194.71945090378773,194.71945090378773,198.2255080161806,195.83629582054147,-1.1168449167537347,-3.7555112208725934,3.3839057110890485,0.9335765242576634,-0.003994354046881199,-0.0003994354046881199,-0.1817361227887851,-0.18173612278878093,210.54695449419904,210.54695449419904,210.72869061698782,210.1418851850323,0.4050693091667483,-1.0062476117754313,0.6708317477954553,0.18060775564786113,11.33110454150946,6.030971201279065,39.93348342967357,25.13940586568529,-0.3382281009327883,0.0,21.641057183602243,-0.24304158550005184
A3,420002,766,Z_mode_existing_controller,25.311097522794885,50.12346860614055,-27.735096675945897,0.42297484944072844,0.9412989020347595,False,False,-0.9412989020347595,-0.09412989020347595,-3.5385070801263283,-3.538507080126322,196.4768046163178,196.4768046163178,200.01531169644412,197.84674481649117,-1.3699402001733745,-3.7591747663545685,3.3802421656070734,0.9412989020347577,-0.01086470577865839,-0.0010864705545827746,-0.2263204682699943,-0.2263204682699818,210.92969117532797,210.92969117532797,211.15601164359796,210.61003507102012,0.3196561043078532,-1.0062476117754313,0.6708317477954553,0.22491528488764329,12.482443891599116,5.560980817786456,42.11021694754732,29.47755522664324,-0.44496826626005515,0.0,28.37185860478985,-0.19179366258471475
A3,420002,767,Omega_safe_one_step_QP,25.281117431792424,50.12750456209608,-67.66013226942778,1.0718057180164253,0.9570960998535156,False,False,-0.9570960998535156,-0.09570961445569992,-5.1066211627065385,-5.106621162706547,200.43684434363902,200.43684434363902,205.54346550634557,203.5578438134849,-3.1209994698458843,-5.335536238180319,3.199131730569681,0.9570961445570009,-0.38787809014320374,-0.038787808269262314,-1.537683649429638,-1.5376836494296504,211.04049525540756,211.04049525540754,212.5781789048372,212.06744432439163,-1.026949068984095,-3.287867383711384,4.027562303788617,0.4676842068045624,8.829573856875873,3.742606888788943,39.31315434624834,26.114665714206676,-1.0828895672962977,0.0,68.12685239533403,0.6161694413904542
A3,420002,768,Omega_safe_one_step_QP,25.294534550685952,50.128862428660725,-47.424655458612506,0.7187197878645242,0.9413167238235474,False,False,-0.9413167238235474,-0.09413167089223862,-4.7895882870553175,-4.789588287055318,198.28030883579407,198.28030883579407,203.0698971228494,200.44861390037244,-2.1683050645783624,-5.088179399830701,3.4464885689192997,0.9413167089223863,-0.2467983067035675,-0.02467983029782772,-0.8120654133227733,-0.8120654133227829,211.30490051894665,211.30490051894665,212.11696593226944,211.49993049571293,-0.19502997676627842,-3.241746086454609,4.073683601045391,0.2505024735638417,12.253860729545053,3.963504604467881,45.0276207337931,24.293748373221273,-0.7596465200277933,0.0,48.067283992581,0.11701798605977842
A3,420002,769,Omega_safe_one_step_QP,25.254634464437384,50.130277182600075,-55.827981960054785,0.8372838020321174,0.9544475078582764,False,False,-0.9544475078582764,-0.09544475376605988,-5.6230923033554845,-5.623092303355491,205.47964029509157,205.47964029509157,211.10273259844706,208.0140009929261,-2.534360697834529,-5.891462947390469,2.643205021359532,0.9544475376605994,-0.39125296473503113,-0.03912529721856117,-1.6815856013242905,-1.6815856013243016,212.22158172364112,212.2215817236411,213.9031673249654,213.20931055714618,-0.9877288335050878,-3.420366225724205,3.895063461775796,0.49163904984129414,11.145400122389402,6.618884654248682,39.935542997280415,23.8040239221785,-0.8891014814419158,0.0,56.12444614139349,0.5926373001030498
A3,420002,770,Omega_safe_one_step_QP,25.261078010239597,50.13175698112526,-39.532894729178224,0.5958096906090188,0.9502794742584229,False,False,-0.9502794742584229,-0.09502794593572617,-5.493275597993175,-5.493275597993182,204.5017762499137,204.5017762499137,209.99505184790686,206.37845580920947,-1.8766795592957806,-5.78069487233645,2.753973096413551,0.9502794593572627,-0.3118578791618347,-0.03118578903377056,-1.2799550223465141,-1.2799550223465044,212.46100976395152,212.46100976395152,213.74096478629804,212.95895954733493,-0.49794978338340457,-3.404145971857468,3.911283715642533,0.3759988651861772,11.209465244189493,4.990748830683471,39.2991087493316,25.063434485540025,-0.6289857825778533,0.0,39.86311064172605,0.29876987003004274
A3,420002,771,Omega_safe_one_step_QP,25.250341327772787,50.13379279748957,-34.57321333843902,0.5263523051676857,0.9526044130325317,False,False,-0.9526044130325317,-0.09526044130325317,-5.722865275395702,-5.72286527539569,206.54122739004612,206.54122739004612,212.2640926654418,208.233391617379,-1.6921642273328814,-6.007598954089943,2.527069014660057,0.9526044130325299,-0.37480688095092773,-0.03748068958520889,-1.6426745076191103,-1.6426745076191074,212.68940313962995,212.68940313962995,214.33207764724906,213.48076706307558,-0.7913639234456298,-3.46325725795257,3.8521724295474304,0.474314896430834,10.18119322986901,5.480263114221424,42.154297465559885,23.736710825365947,-0.5462383968385325,0.0,34.64463338121004,0.4748183540673807
A3,420002,772,Omega_safe_one_step_QP,25.26233112823086,50.135262129310796,-18.763422445153992,0.2832867891639351,0.9423560500144958,False,False,-0.9423560500144958,-0.0942356064915657,-5.453218271508692,-5.453218271508699,204.60280202929513,204.60280202929513,210.05602030080382,205.6390401416608,-1.0362381123656519,-5.786791717626145,2.7478762511238557,0.9423560649156585,-0.2450411319732666,-0.02450411394238472,-0.9743401551350221,-0.9743401551350159,212.96016260952484,212.96016260952484,213.93450276465987,213.01721204288563,-0.05704943336078827,-3.423499769693651,3.89192991780635,0.28460354043552455,11.268861505652065,4.462520782489016,39.25116874670875,23.3622176015782,-0.29567189785673875,0.0,19.02486468299412,0.034229660016464436
A3,420002,773,Omega_safe_one_step_QP,25.245780014045987,50.136286836440476,-20.639994144044067,0.3225867798223737,0.9519101977348328,False,False,-0.9519101977348328,-0.09519102424383163,-5.834076992622683,-5.8340769926226805,207.64212591828934,207.64212591828934,213.476202910912,208.79251395870796,-1.150388040418619,-6.128809978636965,2.4058579901130366,0.9519102424383156,-0.27940690517425537,-0.027940690517425537,-1.213865511049096,-1.2138655110491015,213.49973234403285,213.49973234403285,214.71359785508196,213.7510445851912,-0.2513122411583595,-3.5014092787358604,3.8140204087641405,0.34667912672218437,8.498249966482648,5.703093971937329,45.594930861351145,27.659485218160324,-0.32633902035306983,0.0,20.815545819702493,0.15078734469500432
A3,420002,774,Omega_safe_one_step_QP,25.286278082744033,50.13993463247546,8.077665616708146,-0.12238876542660627,0.9258434176445007,False,False,-0.9258434176445007,-0.09258434176445007,-4.94654856247322,-4.946548562473209,200.66903990357602,200.66903990357605,205.61558846604925,200.627593972224,0.041445931352058096,-5.3427485341506875,3.191919434599313,0.925843417644499,-0.10766502469778061,-0.010766502469778061,-0.2433962243184644,-0.24339622431847827,212.9908307866795,212.9908307866795,213.23422701099798,212.21868679225756,0.7721439944219526,-3.3534721943274635,3.961957493172537,0.07258036155188435,12.222925573693056,4.8989779644957805,39.840476859015084,22.42070721104736,0.13307164186490184,0.0,-7.747450861919788,-0.4632863966531744
A3,420002,775,Omega_safe_one_step_QP,25.25596084636964,50.140068030718304,-7.541210969005078,0.11945931040776736,0.9469936490058899,False,False,-0.9469936490058899,-0.09469936788082123,-5.640791729749053,-5.6407917297490675,206.11256358156575,206.11256358156572,211.7533553113148,206.69500951119747,-0.5824459296317457,-5.956525218677242,2.578142750072759,0.9469936788082148,-0.3368179202079773,-0.03368179127573967,-1.4784457119152212,-1.4784457119152172,213.06430540369993,213.06430540369993,214.54275111561515,213.51491548780803,-0.4506100841080922,-3.4843246047891805,3.83110508271082,0.4243134264480134,8.159139665457824,5.78400286698449,42.20272953077786,27.50819244741259,-0.11186088476982503,0.0,7.3827058033093635,0.27036605046484397
A3,420002,776,Omega_safe_one_step_QP,25.299645961313757,50.143063164715294,18.03997739000806,-0.2935504538994382,0.9379447102546692,False,False,-0.9379447102546692,-0.09379447251558304,-4.790781584202013,-4.790781584202026,198.4747619876553,198.4747619876553,203.26554357185734,197.99706084367722,0.47770114397809493,-5.107744044731496,3.4269239240185048,0.937944725155833,-0.020136361941695213,-0.002013636287301779,0.2192453757305729,0.2192453757305736,213.11137669050683,213.11137669050683,212.89213131477626,211.8257683318217,1.2856083586851241,-3.3192626247052908,3.9961670627947097,0.05486391641926123,8.501207283243243,5.097570133298408,41.36756848817399,20.831889828043618,0.2870427206147994,0.0,-17.555655095411566,-0.7713650152110745
A3,420002,777,Z_mode_existing_controller,25.327109639533273,50.14089120137939,50.8210913936573,-0.8180864447292764,0.9256346225738525,False,False,-0.9256346225738525,-0.09256346523761749,-3.4657496410995985,-3.4657496410995927,194.567435149985,194.567435149985,198.03318479108458,192.73028979398265,1.8371453560023383,-3.744187441776033,3.395229490185609,0.9256346523761736,-0.001855721464380622,-0.00018557214934844524,-0.16692894667295066,-0.1669289466729576,211.47292092953964,211.47292092953964,211.6398498762126,210.56595267333398,0.9069682562056585,-1.0062476117754313,0.6708317477954553,0.16589251464500554,10.367534689151388,6.126031336557186,38.53239616220431,25.699579776813852,0.8245887174160416,0.0,-51.10149915735019,-0.5441809537233979
A3,420002,778,Z_mode_existing_controller,25.330461315949464,50.141396897464176,31.73569904771648,-0.5299974870923879,0.9311787486076355,False,False,-0.9311787486076355,-0.09311787784099579,-3.4900735394187956,-3.490073539418783,193.52469884703,193.52469884703004,197.0147723864488,192.4300158507311,1.0946829962989284,-3.74801662187609,3.391400310085552,0.9311787784099549,-0.0052750068716704845,-0.0005275006988085806,-0.18940323877639775,-0.18940323877638734,211.27206389235795,211.27206389235798,211.46146713113436,210.5072841306125,0.7647797617454728,-1.0062476117754313,0.6708317477954553,0.18822726788111602,8.247689768970872,5.294429917490208,42.91149967796471,28.741287606626912,0.5142461466258137,0.0,-31.791077337295064,-0.45886785704728084
A3,420002,779,Omega_safe_one_step_QP,25.359704801881726,50.14328078486157,19.463369749977574,-0.31331270254092797,0.907399594783783,False,False,-0.907399594783783,-0.09073995798826218,-3.510838641758257,-3.510838641758253,187.368473070432,187.368473070432,190.87931171219026,186.85933461367517,0.5091384567568298,-3.869120858764788,4.665547109985213,0.9073995798826207,-0.049648210406303406,-0.004964821040630341,0.3029786087233505,0.3029786087233415,210.572238946699,210.572238946699,210.26926033797565,209.4092536474532,1.162985299245804,-3.0569755270252315,4.258454160474769,0.07114755667337343,11.800357431587534,5.546489291988861,41.39669561044072,27.177688638806877,0.3135414653526283,0.0,-19.07912003578258,-0.6977911795474796
A3,420002,780,Z_mode_existing_controller,25.33155310508277,50.14414333821435,18.263915841566813,-0.2920061165913106,0.9424622058868408,False,False,-0.9424622058868408,-0.09424622356891632,-3.5342281843118926,-3.534228184311904,193.05160708895443,193.05160708895443,196.58583527326633,192.56543240587732,0.48617468307710965,-3.749994483044229,3.3894224489174127,0.9424622356891664,-0.006024697329849005,-0.0006024697213433683,-0.19601927014946396,-0.19601927014945494,211.331438023994,211.331438023994,211.52745729414346,210.66652627490166,0.6649117490923402,-1.0062476117754313,0.6708317477954553,0.1948022214965529,10.814771828697824,4.829257231698686,36.960040054843425,26.145016816836616,0.2981247066703183,0.0,-18.163093498782473,-0.39894704945540127
A3,420002,781,Z_mode_existing_controller,25.314778125040657,50.14466410185058,5.631173082303576,-0.09086829850787863,0.9452546238899231,False,False,-0.9452546238899231,-0.09452546387910843,-3.5483138243827317,-3.548313824382742,195.98717818068747,195.98717818068747,199.5354920050702,196.01584690099972,-0.02866872031225398,-3.7538179436186447,3.385598988342997,0.9452546387910867,-0.010188736952841282,-0.0010188737651333213,-0.22272468597127268,-0.2227246859712713,211.9747156161835,211.97471561618352,212.19744030215477,211.42192676532085,0.5527888508626688,-1.0062476117754313,0.6708317477954553,0.22134182815926795,9.451725872385092,5.284628483199141,39.32102678297736,28.043022458292754,0.09296876246330399,0.0,-5.392468534249929,-0.3316733105176013
A3,420002,782,Z_mode_existing_controller,25.32636299461565,50.14660224212611,-2.584614168174994,0.042654117904196355,0.9316983222961426,False,False,-0.9316983222961426,-0.09316983073949814,-3.5009384814917306,-3.500938481491736,193.38163966060546,193.38163966060546,196.8825781420972,193.75927804000887,-0.3776383794034075,-3.7575881094818313,3.3818288224798105,0.9316983073949829,-0.006331299431622028,-0.0006331299664452672,-0.19614593840424563,-0.19614593840425118,211.55594032228578,211.55594032228578,211.75208626069002,211.04455266085054,0.5113876614352364,-1.0062476117754313,0.6708317477954553,0.1949281032907693,8.637291121293016,5.474038193161362,39.187080315848405,26.669832073396964,-0.04069303582293671,0.0,2.93213980085784,-0.30683259686114184
A3,420002,783,Z_mode_existing_controller,25.349626762975678,50.1470798471735,-7.289259889214009,0.12307529751439984,0.9001547694206238,False,False,-0.9001547694206238,-0.0900154784321785,-3.385670054593062,-3.3856700545930716,188.57256654675183,188.5725665467518,191.95823660134488,189.15540679320407,-0.582840246452264,-3.7612087538300094,3.3782081781316324,0.9001547843217876,0.006937418598681688,0.0006937418947927654,-0.10725127211168722,-0.10725127211169208,210.62988921562695,210.62988921562695,210.73714048773863,210.0849914300286,0.5448977855983514,-1.0062476117754313,0.6708317477954553,0.1065853681107944,8.35524855300601,3.7638124896650114,41.056075740277905,27.499009147302417,-0.11764365751562522,0.0,7.733842218089194,-0.32693867135901655
A3,420002,784,Omega_safe_one_step_QP,25.36204118930783,50.14737170559407,-10.664670428066529,0.17303809674635912,0.8795877695083618,False,False,-0.8795877695083618,-0.08795877546072006,-3.255365491840217,-3.2553654918402084,185.9428651019502,185.94286510195022,189.1982305937904,186.65923407961947,-0.7163689776692479,-3.7010127469248055,4.833655221825196,0.8795877546071982,-0.035706792026758194,-0.0035706793423742056,0.3627269274601268,0.36272692746012125,210.5357565200072,210.5357565200072,210.17302959254707,209.56680167028543,0.9689548497217686,-3.047352452482373,4.268077235017628,0.08498602707657493,11.36569581108543,5.2185685690498635,43.540779315909404,27.586878638874342,-0.1743969684599307,0.0,11.420440306359524,-0.581372909833064
A3,420002,785,Z_mode_existing_controller,25.33708870808323,50.148311238740305,-10.165537150909586,0.16565439999374634,0.9211091995239258,False,False,-0.9211091995239258,-0.09211092442274094,-3.4656823326954584,-3.465682332695456,190.83060549912443,190.83060549912443,194.29628783181988,191.52495454487422,-0.6943490457497887,-3.7625095550987955,3.3769073768628464,0.9211092442274088,-0.005774279125034809,-0.0005774279125034809,-0.19086035047288716,-0.19086035047289687,211.11401747869897,211.11401747869897,211.30487782917186,210.66028485381793,0.4537326248810416,-1.0062476117754313,0.6708317477954553,0.1896753326312411,9.914911127928008,4.307380216014847,42.13146082888184,24.04687110650781,-0.16230510166034762,0.0,10.600081827498798,-0.2722395749286193
A3,420002,786,Z_mode_existing_controller,25.330360076880776,50.14738009749191,-17.587803202069153,0.2817152270048098,0.9300035834312439,False,False,-0.9300035834312439,-0.09300035983324051,-3.5023728100534917,-3.5023728100534868,191.81279143232075,191.81279143232075,195.31516424237424,192.81116287177463,-0.9983714394538765,-3.765977697649361,3.373439234312281,0.9300035983324038,0.0003906897909473628,3.906897836714052e-05,-0.15350729184898243,-0.153507291848997,211.32430026023127,211.32430026023127,211.47780755208026,210.8805932785022,0.44370698172906486,-1.0062476117754313,0.6708317477954553,0.15255419247966961,10.654293928751425,5.580269013256423,40.56172289986485,22.390013736517545,-0.28220878473142363,0.0,18.13623617583835,-0.2662241890374304
A3,420002,787,Z_mode_existing_controller,25.323228629087318,50.145690702853514,-24.529428151807224,0.3933189531975976,0.9482625722885132,False,False,-0.9482625722885132,-0.09482625871896744,-3.574414729931884,-3.574414729931872,192.84889663385738,192.84889663385738,196.42331136378925,194.14210690096886,-1.2932102671114762,-3.7694355743014447,3.369981357660197,0.9482625871896712,-0.004682966507971287,-0.00046829666825942695,-0.18853795572411347,-0.1885379557241114,211.43771990705258,211.43771990705258,211.6262578627767,211.0697133199303,0.36800658712229506,-1.0062476117754313,0.6708317477954553,0.18736735721683206,10.280955054676706,5.6842040983917945,42.038116045527595,30.401473502884645,-0.39446279946196583,0.0,25.144694903543495,-0.22080395227337135
A3,420002,788,Z_mode_existing_controller,25.324048877248956,50.148994957730054,-25.420532688355706,0.4061454934143993,0.9096828699111938,False,False,-0.9096828699111938,-0.0909682884812355,-3.432178250515446,-3.432178250515446,192.46874111392734,192.46874111392734,195.90091936444279,193.7960496204598,-1.3273085065324608,-3.7729392382966713,3.36647769366497,0.9096828848123553,-0.0003575272567104548,-3.5752727853832766e-05,-0.15481377087494114,-0.15481377087492865,211.55889331735395,211.55889331735395,211.7137070882289,211.1902118326103,0.3686814847436608,-1.0062476117754313,0.6708317477954553,0.15385255981057583,10.577563480865525,5.534677260649668,40.99589009185145,24.724181176182125,-0.40866257614310797,0.0,26.05040415534495,-0.22120889084619932
A3,420002,789,Z_mode_existing_controller,25.31839867079041,50.14882142132577,-29.966072054449796,0.49026580526515817,0.9296210408210754,False,False,-0.9296210408210754,-0.0929621085524559,-3.510387101443571,-3.510387101443581,193.21169848990104,193.21169848990104,196.7220855913446,194.7638274207301,-1.5521289308290704,-3.7761483211869695,3.3632686107746723,0.9296210855245615,-0.009179756976664066,-0.0009179757325910032,-0.21374535390293603,-0.21374535390292215,211.67341911720717,211.67341911720717,211.8871644711101,211.39176443942728,0.2816546777798976,-1.0062476117754313,0.6708317477954553,0.21241824716064484,8.920112031484134,6.098973671366062,38.4893376888097,23.653214056672905,-0.48283684038768904,0.0,30.617901701505616,-0.16899280666794425
A3,420002,790,Z_mode_existing_controller,25.341650939786128,50.14748445189694,-31.27228627860586,0.5439522279033646,0.9320256114006042,False,False,-0.9320256114006042,-0.09320256114006042,-3.5225142288102558,-3.52251422881025,188.33111020857976,188.33111020857976,191.85362443739,190.00168304549473,-1.670572836914971,-3.779417846164965,3.359999085796677,0.9320256114006026,-0.0030503252055495977,-0.00030503253219649196,-0.17552781328260547,-0.17552781328261102,210.6031327540586,210.6031327540586,210.7786605673412,210.30422037259106,0.2989123814675452,-1.0062476117754313,0.6708317477954553,0.17443799242704125,6.441499543876517,5.00940708614093,39.91513972551912,21.398865744307358,-0.5060465753093091,0.0,31.95768028279599,-0.1793474288805328
A3,420002,791,Omega_safe_one_step_QP,25.39211781019641,50.14350510207623,-9.246247620953,0.1549187273172906,0.8338701725006104,False,False,-0.8338701725006104,-0.08338701725006104,-2.457188874525737,-2.457188874525726,179.19819771402538,179.1981977140254,181.65538658855112,179.8740794730635,-0.6758817590380772,-2.9467283464008758,5.587939622349126,0.8338701725006068,-0.0035936827771365643,-0.0003593682777136564,0.640969559236737,0.6409695592367343,209.02076089810805,209.02076089810805,208.3797913388713,207.91937283354696,1.1013880645610925,-2.8680286271147972,4.447401060385204,0.14412227512965017,11.077393434361953,4.573301315354479,43.02879734804404,24.466577987437873,-0.1524551548909585,0.0,10.059535614580454,-0.6608328387366669
A3,420002,792,Omega_safe_one_step_QP,25.35974874293493,50.14139068613352,-22.48370488653927,0.3788058526795246,0.9060249924659729,False,False,-0.9060249924659729,-0.09060250222682953,-3.270396621024184,-3.27039662102417,185.01380253447022,185.01380253447024,188.2841991554944,186.24948715041126,-1.235684615941011,-3.6096096030952034,4.925058365654797,0.9060250222682914,-0.15245717763900757,-0.015245717950165272,-0.14420769651532356,-0.14420769651531384,209.51763046968446,209.5176304696845,209.6618381661998,209.15953077377478,0.3580996959097149,-2.9962333098476455,4.3191963776523545,0.04812966201308489,9.16560222328074,5.170327063738687,37.86173987842239,27.092075812239404,-0.3616883476177932,0.0,23.060253051702603,-0.21485981754582895
A3,420002,793,Omega_safe_one_step_QP,25.365455581448092,50.14090779281469,-12.724282245550057,0.21288190024936104,0.9127428531646729,False,False,-0.9127428531646729,-0.09127428382635117,-3.2124044658432425,-3.2124044658432496,184.17076490490302,184.170764904903,187.38316937074626,184.9926543620889,-0.8218894571859039,-3.5195066246203868,5.015161344129615,0.9127428382635133,-0.10990855097770691,-0.010990855284035206,0.08894179808136005,0.08894179808135172,209.5185335448216,209.5185335448216,209.42959174674024,208.8669986119949,0.6515349328267064,-2.9730086679016896,4.342421019598311,0.020482076169016688,9.885615891087665,4.524617039836382,39.24535772054447,21.704796686933197,-0.20540827151077323,0.0,13.320611476756312,-0.39092095969601814
A3,420002,794,Omega_safe_one_step_QP,25.354442629483383,50.137331599261444,-7.364208895312913,0.12236010672115052,0.8691961169242859,False,False,-0.8691961169242859,-0.08691961318254471,-3.2701041069720125,-3.2701041069720125,186.54016491589627,186.54016491589627,189.81026902286828,187.14091420133204,-0.6007492854357679,-3.7622165898325908,4.772451378917411,0.8691961318254471,-0.08138364553451538,-0.008138365112245083,0.17208621408126845,0.17208621408126706,209.9025708523097,209.9025708523097,209.73048463822843,209.12077116340228,0.7817996889074266,-3.003097957050509,4.3123317304494915,0.03990560671994727,9.788891153962531,5.852506913017606,40.506778668038116,24.662222194850603,-0.11965636344378794,0.0,7.952945072100192,-0.46907981334445026
A3,420002,795,Omega_safe_one_step_QP,25.358230679639927,50.13597001938803,0.19727209785014566,-0.003332131328465331,0.8607656359672546,False,False,-0.8607656359672546,-0.08607656508684158,-3.193534926178019,-3.193534926178016,186.0956644486167,186.0956644486167,189.28919937479472,186.37918314134834,-0.2835186927316329,-3.710109625025234,4.8245583437247666,0.8607656508684148,-0.08193813264369965,-0.008193813264369965,0.1811909100495307,0.18119091004952237,209.71037091285183,209.7103709128518,209.5291800028023,208.8784723037164,0.8318986091354077,-2.982967493507893,4.332462193992107,0.04182169443989208,8.986096758601319,6.180587971207568,40.973338270550656,19.385189654906544,0.002076377392066675,0.0,0.299790690239206,-0.49913916548123893
A3,420002,796,Omega_safe_one_step_QP,25.37625689443405,50.131199546356996,7.133933480256928,-0.11771321719067862,0.9219745993614197,False,False,-0.9219745993614197,-0.0921974629163742,-3.1171098861545814,-3.1171098861545676,182.88005682381302,182.88005682381305,185.99716670996762,182.89400512081187,-0.013948296998819387,-3.3809063585425236,5.153761610207478,0.9219746291637382,0.026368077844381332,0.0026368077378720045,0.8418782607809303,0.8418782607809359,209.38206743340646,209.38206743340646,208.54018917262553,207.85581988798003,1.526247545426429,-2.8840684104902174,4.431361277009783,0.18998186068661566,11.251807162759729,4.106617006022439,43.83134089852739,23.844271152457594,0.10973595965575811,0.0,-6.327920912657646,-0.9157485272558574
A3,420002,797,Z_mode_existing_controller,25.340235702594498,50.129432442991735,0.9095818389887427,-0.01436574565388964,0.9207533597946167,False,False,-0.9207533597946167,-0.09207534044981003,-3.4701516628901947,-3.470151662890196,189.85031100053024,189.85031100053024,193.32046266342044,190.09563990935953,-0.24532890882929337,-3.768817629060804,3.3705993029008376,0.9207534044981008,-0.002069205744192004,-0.0002069205802399665,-0.1674554611115292,-0.16745546111153892,209.82384821864923,209.82384821864923,209.99130367976076,209.28695957472235,0.5368886439268863,-1.0062476117754313,0.6708317477954553,0.1664157600494367,12.17736098489856,5.115582898153713,41.31080863803302,26.313761610221125,0.01895427567213659,0.0,-0.6064029283043055,-0.3221331863561261
A3,420002,798,Z_mode_existing_controller,25.304215672687352,50.130323416632066,-8.960169851927276,0.14089365276279278,0.93345707654953,False,False,-0.93345707654953,-0.09334570914506912,-3.521160702554861,-3.5211607025548597,196.58162707731108,196.58162707731108,200.10278777986593,197.23443507607638,-0.6528079987652973,-3.772171998910635,3.367244933051007,0.9334570914506908,-0.004389458801597357,-0.00043894589180126786,-0.18420560025445287,-0.18420560025445912,211.31546341494365,211.31546341494362,211.4996690151981,210.85786313112288,0.4576002838207387,-1.0062476117754313,0.6708317477954553,0.18306190056883245,10.726886713158901,4.718363427576511,41.25718176095202,23.196785499893117,-0.1417253302502921,0.0,9.376455352470657,-0.27456017029244606
A3,420002,799,Omega_safe_one_step_QP,25.29264229917512,50.12999240912011,-42.93275532050757,0.6836691897320623,0.943108856678009,False,False,-0.943108856678009,-0.09431088715791702,-4.705235700940516,-4.705235700940526,197.37356236597822,197.3735623659782,202.07879806691872,199.4844919915613,-2.110929625583111,-4.989069494237634,3.545598474512367,0.9431088715791722,-0.06117885932326317,-0.006117885932326317,0.11333667465974126,0.11333667465974057,212.02460760076582,212.02460760076582,211.91127092610608,211.31806822504274,0.7065393757230822,-3.221176585838273,4.094253101661727,0.027681892605452462,9.448036669684425,4.439447606413389,43.8307992034174,26.47235861592244,-0.6969711685442483,0.0,44.05365011448521,-0.42392362543384365
A3,420002,800,Z_mode_existing_controller,25.300489523261135,50.13154746719387,-4.857324229114056,0.07748931541561863,0.9470983743667603,False,False,-0.9470983743667603,-0.0947098359465599,-3.573650987733283,-3.5736509877332727,197.1494146238184,197.14941462381842,200.72306561155168,197.63877404699514,-0.48935942317672243,-3.7732627789047353,3.3661541530569066,0.9470983594655965,-0.014788040891289711,-0.0014788041589781642,-0.25201354211437654,-0.252013542114371,211.44739001235877,211.44739001235877,211.69940355447315,211.0254806222438,0.421909390114962,-1.0062476117754313,0.6708317477954553,0.2504488350235349,9.757959644374264,5.231485704859587,41.097755246634335,19.85755168550085,-0.07535394840087761,0.0,5.185823811583759,-0.2531456340689857
A3,420002,801,Z_mode_existing_controller,25.30865535463448,50.12899848513923,-12.777807185605525,0.20027649350781906,0.9525654315948486,False,False,-0.9525654315948486,-0.09525654464960098,-3.5975480119169374,-3.5975480119169427,195.23058258718183,195.2305825871818,198.82813059909876,196.04235344989686,-0.8117708627150648,-3.776693795844091,3.3627231361175505,0.9525654464960114,-0.0019171065650880337,-0.00019171065650880337,-0.17183223426292527,-0.17183223426292665,210.98499853570183,210.98499853570183,211.15683076996476,210.53500926467805,0.4499892710237816,-1.0062476117754313,0.6708317477954553,0.1707653585977158,11.20416032243077,4.8724532916237715,39.644133187627006,25.08314930016269,-0.2031433128483009,0.0,13.250944061068367,-0.26999356261426044
A3,420002,802,Omega_safe_one_step_QP,25.28923266295642,50.12959400578698,-47.088509162286755,0.7249225222926907,0.9493151307106018,False,False,-0.9493151307106018,-0.09493151307106018,-4.760772853280691,-4.760772853280694,197.5768822932236,197.5768822932236,202.3376551465043,199.8094816765104,-2.2325993832867823,-5.014955202196192,3.5197127665538086,0.9493151307106026,-0.014119086787104607,-0.0014119086554273963,0.341932973770738,0.3419329737707373,212.29135009800166,212.29135009800166,211.94941712423093,211.37393081270807,0.9174192852935903,-3.224991205650757,4.090438481849244,0.0835932321896583,11.424961867007248,4.112571846925511,43.05464218664524,22.73243272790449,-0.7648185600848407,0.0,48.40377929354872,-0.5504515711761542
A3,420002,803,Omega_safe_one_step_QP,25.26266119349275,50.12948431622016,-46.10150241068004,0.748030963209466,0.9585753083229065,False,False,-0.9585753083229065,-0.09585753083229065,-5.330333977433567,-5.33033397743356,202.46460494970583,202.46460494970583,207.79493892713938,204.76020691367557,-2.2956019639697445,-5.560683580259701,2.9739843884902997,0.9585753083229054,-0.3440437316894531,-0.03440437465906143,-1.3730628219881322,-1.3730628219881371,211.72363809696444,211.72363809696444,213.09670091895256,212.4393047734239,-0.7156666764594775,-3.339719585122922,3.975710102377078,0.41113117044453895,7.172645074439626,4.900560310634768,39.67784190644301,27.178012697851564,-0.7361813620137578,0.0,46.408283766818386,0.42940000587569216
A3,420002,804,Z_mode_existing_controller,25.311998891081867,50.131313085744914,8.009889836257571,-0.1264131818907919,0.9359062314033508,False,False,-0.9359062314033508,-0.0935906246304512,-3.533427460449297,-3.533427460449295,194.7270827070481,194.7270827070481,198.26051016749742,194.69245742989955,0.03462527714856378,-3.775407498775941,3.364009433185701,0.9359062463045114,-0.006215104833245277,-0.0006215104949660599,-0.19611951450144716,-0.19611951450143467,210.95747381264619,210.95747381264619,211.15359332714763,210.40494679528626,0.552527017359921,-1.0062476117754313,0.6708317477954553,0.19490184344924788,11.092657392437378,3.1090632925959962,38.958588853732074,22.877169667304976,0.13372735787418577,0.0,-7.812100983716846,-0.33151621041595547
A3,420002,805,Omega_safe_one_step_QP,25.27732557465535,50.130413293380485,-34.68037099601679,0.5507404566264542,0.941274881362915,False,False,-0.941274881362915,-0.09412749111652374,-4.9523200378102095,-4.952320037810205,199.84868054173347,199.84868054173347,204.80100057954368,201.6252365623784,-1.7765560206449322,-5.26128974550013,3.2733782232498703,0.9412749111652366,-0.10088298469781876,-0.010088298469781876,-0.13719728433910783,-0.1371972843390981,212.37005475343176,212.37005475343176,212.50725203777085,211.8262269876282,0.5438277658035702,-3.2807746970047504,4.03465499049525,0.041818563299806946,9.131770134048462,5.148033708721326,45.35433561205372,23.611675668353833,-0.5612593569278523,0.0,35.56792701242648,-0.32629665948213926
A3,420002,806,Z_mode_existing_controller,25.29808896350166,50.13063631423929,7.714235290109173,-0.12529545495461944,0.949622392654419,False,False,-0.949622392654419,-0.0949622392654419,-3.5861486670984886,-3.5861486670984837,197.33415621949038,197.33415621949038,200.92030488658887,197.30212480291485,0.03203141657553488,-3.7763943803750832,3.3630225515865586,0.9496223926544177,-0.006276208441704512,-0.0006276208441704512,-0.19880482664370938,-0.1988048266436969,211.48050542333232,211.48050542333232,211.67931024997603,210.9244607553697,0.5560446679626239,-1.0062476117754313,0.6708317477954553,0.19757048296782942,8.756881307186855,4.067726479813459,38.09700340179275,25.02275350294592,0.12705767509739374,0.0,-7.507666164428883,-0.3336268007775658
A3,420002,807,Z_mode_existing_controller,25.312166660753277,50.130729599331495,-0.04530598397832364,0.0007256671054696337,0.9381745457649231,False,False,-0.9381745457649231,-0.09381745755672455,-3.5460984818240955,-3.5460984818241013,194.28640991929737,194.28640991929737,197.83250840112146,194.58498283633296,-0.2985729170355853,-3.7797853130692975,3.359631618892344,0.9381745755672468,-0.005292206071317196,-0.0005292206187732518,-0.19068485949607708,-0.1906848594960743,210.84316838038703,210.84316838038703,211.03385323988311,210.34188828078567,0.5012800996013596,-1.0062476117754313,0.6708317477954553,0.1895009312465631,10.21460895733404,4.265199064020083,34.66144015096208,26.850158954051075,0.002708424967053702,0.0,0.34336561877171334,-0.3007680597608271
A3,420002,808,Z_mode_existing_controller,25.300289563879875,50.13157731330059,-7.919410642281036,0.1287985532635239,0.940676212310791,False,False,-0.940676212310791,-0.09406762570142746,-3.5586213632110395,-3.558621363211033,196.30586659942787,196.30586659942787,199.86448796263892,196.94069219474756,-0.6348255953196826,-3.783045799950534,3.356371132011108,0.9406762570142726,-0.010769040323793888,-0.0010769040090963244,-0.22561326947286992,-0.22561326947287963,211.2992307345781,211.29923073457806,211.52484400405095,210.8890173123897,0.4102134221883489,-1.0062476117754313,0.6708317477954553,0.22421247696161561,8.761961757794811,5.519590826618097,36.034911828032264,24.371653179140406,-0.12549926503112374,0.0,8.291037960625545,-0.24612805331301502
A3,420002,809,Z_mode_existing_controller,25.323360187562116,50.13098524457953,-12.205051700214426,0.2068860462636834,0.926223635673523,False,False,-0.926223635673523,-0.09262236207723618,-3.506924977183908,-3.5069249771839046,191.52107656129846,191.52107656129846,195.02800153848236,192.35395463833814,-0.8328780770396804,-3.7862616527308433,3.353155279230798,0.9262236207723608,-0.0022017827723175287,-0.00022017827723175287,-0.16920821098434097,-0.16920821098434305,210.2966494855054,210.2966494855054,210.46585769648976,209.87348906987185,0.42316041563356066,-1.0062476117754313,0.6708317477954553,0.16815762741120024,7.389159891887129,4.777169367594574,41.09505001072914,26.907183766448476,-0.1963492678300489,0.0,12.655297217424959,-0.25389624938013355
A3,420002,810,Omega_safe_one_step_QP,25.36044903843327,50.13114415565664,-8.238144084364649,0.13496447124153893,0.8879433274269104,False,False,-0.8879433274269104,-0.08879433572292328,-3.1295035628545644,-3.1295035628545573,184.30300493254356,184.30300493254356,187.4325084953981,184.95202396207347,-0.6490190295299101,-3.5244405370855736,5.010227431664427,0.8879433572292308,-0.054299384355545044,-0.005429938435554504,0.3937097507191137,0.3937097507191234,209.25406470968892,209.25406470968892,208.8603549589698,208.30153781978612,0.9525268899027992,-2.9160849891246445,4.399344698375356,0.08949281716081883,11.186542443458741,5.31319009799801,43.74515366449112,25.795124809452204,-0.13393029598421435,0.0,8.943590514290918,-0.571516133941671
A3,420002,811,Z_mode_existing_controller,25.33791984084467,50.13076108908704,-10.134192803377118,0.1630703982378788,0.9097908735275269,False,False,-0.9097908735275269,-0.09097909182310104,-3.4451817976785923,-3.4451817976785795,188.66753549723504,188.66753549723506,192.11271729491364,189.3775206333604,-0.70998513612534,-3.7867841156046858,3.352632816356956,0.9097909182310072,-0.03268904238939285,-0.003268904285505414,-0.3585487999606174,-0.3585487999606174,209.4668202286759,209.4668202286759,209.82536902863654,209.22402783505058,0.24279239362533644,-1.0062476117754313,0.6708317477954553,0.3563226344736273,11.197915350131309,5.1740464810305635,42.05904531966747,23.11955349739309,-0.1577901165689326,0.0,10.437658356121574,-0.1456754361752104
A3,420002,812,Z_mode_existing_controller,25.31690151416168,50.12934579659449,-17.814628411169906,0.2812130255084788,0.9294348955154419,False,False,-0.9294348955154419,-0.09294348955154419,-3.522322800608847,-3.52232280060885,192.4784728023075,192.47847280230746,196.00079560291633,193.50625440328696,-1.0277816009794947,-3.789746670373778,3.3496702615878635,0.9294348955154429,-0.009367603808641434,-0.0009367603925056756,-0.21489772672501212,-0.21489772672500448,210.3664777973435,210.3664777973435,210.5813755240685,210.02315476802096,0.34332302932253356,-1.0062476117754313,0.6708317477954553,0.21356346510560878,11.369996339388765,4.561084306962537,39.633244997514744,21.09905479900932,-0.2833678819154599,0.0,18.30399011067857,-0.20599381759350877
A3,420002,813,Z_mode_existing_controller,25.289639805900084,50.127160686605166,-21.99682833953557,0.3743385606814771,0.9474404454231262,False,False,-0.9474404454231262,-0.09474404901266098,-3.5934270668354222,-3.5934270668354236,197.52940059781642,197.52940059781642,201.12282766465185,198.82313301020787,-1.2937324123914493,-3.792773376568717,3.3466435553929244,0.9474404901266102,-0.0042407759465277195,-0.00042407758883200586,-0.18561389360900737,-0.18561389360900044,211.37155147304523,211.37155147304523,211.55716536665423,211.03497146976648,0.3365800032787547,-1.0062476117754313,0.6708317477954553,0.184461450081359,5.7432590973398705,5.723250188548386,45.11894613768093,26.618569174087348,-0.3558640705080762,0.0,22.554640412011395,-0.20194800196725282
A3,420002,814,Omega_safe_one_step_QP,25.362573111235626,50.1277355743891,-10.593846267469416,0.17627249116859622,0.8594182729721069,False,False,-0.8594182729721069,-0.08594182878732681,-2.9449860703867987,-2.94498607038681,183.51031978816437,183.51031978816434,186.45530585855116,184.2628751166746,-0.7525553285102546,-3.4267202734008775,5.107947695349123,0.8594182878732711,-0.08004625141620636,-0.008004625327885151,0.2809519560214982,0.28095195602149403,208.74611493832816,208.74611493832813,208.46516298230665,207.96167381955007,0.7844411187780622,-2.876565791458329,4.4388638960416715,0.06329366310871373,10.40193436262541,5.15120980491074,43.01898556340508,24.188588364575654,-0.17106646222594435,0.0,11.235577400962029,-0.47066467126683165
A3,420002,815,Omega_safe_one_step_QP,25.34968609336261,50.12600309829493,-11.93499027431244,0.1955760886869158,0.8862835764884949,False,False,-0.8862835764884949,-0.0886283591389656,-3.2858273006531933,-3.2858273006531795,185.9764960009902,185.9764960009902,189.2623233016434,186.7808913150828,-0.8043953140926021,-3.707422017710101,4.827245951039899,0.8862835913896523,-0.1028779149055481,-0.01028779149055481,0.14743314660319307,0.14743314660319168,209.0995246098121,209.0995246098121,208.95209146320892,208.39980757734395,0.6997170324681576,-2.925258639548557,4.390171047951444,0.033582551794192034,10.726365677025235,6.710039332230963,43.62228729193374,29.379430472030226,-0.19173405979890745,0.0,12.546554553592614,-0.41983021948088606
A3,420002,816,Omega_safe_one_step_QP,25.34801546058467,50.1279123987108,-7.5632955029668665,0.12891341219752628,0.9075626730918884,False,False,-0.9075626730918884,-0.09075626730918884,-3.4144596941041674,-3.4144596941041687,186.39594539743925,186.39594539743925,189.81040509154343,187.03863715810652,-0.642691760667276,-3.762230196700104,4.772437772049897,0.9075626730918888,-0.07253321260213852,-0.007253321353346109,0.2915850916773155,0.29158509167732244,209.45769743849095,209.45769743849095,209.16611234681363,208.5647964318382,0.8929010066527496,-2.9466607279090287,4.368768959590972,0.06674307897129497,8.284062071711782,4.253610189577514,38.25718925526841,23.731193527467987,-0.12462266815497003,0.0,8.223658775114018,-0.5357406039916413
A3,420002,817,Omega_safe_one_step_QP,25.362455303611178,50.12546234143114,3.598746805070732,-0.05993256311707439,0.9187071919441223,False,False,-0.9187071919441223,-0.09187071770429611,-3.2192304226285273,-3.2192304226285313,184.00974865316363,184.00974865316363,187.22897907579215,184.17438711501165,-0.16463846184802833,-3.504087595124979,5.030580373625022,0.9187071770429621,-0.09342292696237564,-0.009342293255031109,0.2623883213824438,0.26238832138243684,208.7236290142079,208.7236290142079,208.46124069282544,207.81119457867578,0.9124344355321057,-2.8761735625102105,4.43925612498979,0.05910637142682104,10.364013660513383,4.148138017424294,42.25837282944432,25.13848667664073,0.05826006288510044,0.0,-3.109546206636878,-0.5474606613192634
A3,420002,818,Z_mode_existing_controller,25.341618833003007,50.124313990814954,2.899937082092947,-0.047218941029579686,0.9011173248291016,False,False,-0.9011173248291016,-0.09011173248291016,-3.4111483315466478,-3.4111483315466615,188.17065405121372,188.17065405121372,191.58180238276037,188.34850285146686,-0.17784880025314465,-3.785465263575502,3.3539516683861397,0.9011173248291056,-0.04034789651632309,-0.004034789744764566,-0.40535167222844615,-0.4053516722284503,208.90708126870317,208.90708126870317,209.31243294093161,208.6313819863959,0.27569928230727214,-1.0062476117754313,0.6708317477954553,0.40283491606329835,10.716151721317777,4.713547431349139,41.35797642202327,24.145463798789198,0.053388520015762,0.0,-2.787906032724095,-0.16541956938435476
A3,420002,819,Z_mode_existing_controller,25.323209169419687,50.123265422263486,-7.703967076849949,0.12510666944210755,0.9334728717803955,False,False,-0.9334728717803955,-0.09334728866815567,-3.536370969878478,-3.5363709698784884,191.41726494221808,191.41726494221808,194.95363591209656,192.04318599748999,-0.6259210552719026,-3.7884024488917687,3.351014483069873,0.9334728866815595,-0.007481429725885391,-0.0007481430075131357,-0.20369037996822992,-0.20369037996821604,209.77540131093275,209.77540131093278,209.979091690901,209.35392351198084,0.4214777989519405,-1.0062476117754313,0.6708317477954553,0.20242570276397787,9.986400971358972,5.4677622408391215,36.81631685335419,25.633960006020107,-0.1209061931819555,0.0,8.077759949403116,-0.2528866793711728
A3,420002,820,Z_mode_existing_controller,25.32353924317104,50.123066139847424,-13.910143645645803,0.2296568483935036,0.9370173215866089,False,False,-0.9370173215866089,-0.09370173513889313,-3.5526831512327535,-3.5526831512327552,191.05550928881942,191.05550928881942,194.60819244005216,191.95218572671686,-0.8966764378974403,-3.791480644372963,3.3479362875886785,0.937017351388932,-0.00494822533801198,-0.0004948225687257946,-0.1883234049116514,-0.1883234049116611,209.71317074561637,209.71317074561634,209.901494150528,209.32110947431832,0.3920612712980187,-1.0062476117754313,0.6708317477954553,0.18715413851207238,9.022952726187244,3.8473839437202186,42.6081964577867,26.73463768910162,-0.22222539199801616,0.0,14.367605800421188,-0.23523676277881123
A3,420002,821,Z_mode_existing_controller,25.328146851977202,50.123632582318805,-19.582335962725665,0.3113919532686031,0.938992440700531,False,False,-0.938992440700531,-0.09389924257993698,-3.5630292460788415,-3.5630292460788375,189.85065162158443,189.85065162158446,193.4136808676633,190.95523363006663,-1.1045820084821685,-3.7945239473530505,3.3448929846085913,0.9389924257993688,-0.0045530181378126144,-0.00045530180796049535,-0.18616448593160584,-0.18616448593160584,209.50033304898878,209.50033304898878,209.6864975349204,209.14117076048194,0.3591622885068375,-1.0062476117754313,0.6708317477954553,0.185008623874531,11.546388487024581,5.967024631308245,42.580494121786735,22.72401560649754,-0.3118904550244963,0.0,20.109723790854332,-0.21549737310409967
A3,420002,822,Z_mode_existing_controller,25.310668484549034,50.12232421319351,-24.251979605637644,0.37690182472599676,0.9377927184104919,False,False,-0.9377927184104919,-0.09377927333116531,-3.561289997562818,-3.5612899975628234,193.03792845012066,193.03792845012066,196.59921844768348,194.3245603544969,-1.286631904376236,-3.79752355830988,3.3418933736517618,0.9377927333116547,-0.007134534418582916,-0.0007134534534998238,-0.2022291062953721,-0.20222910629538182,210.0968564524524,210.09685645245239,210.29908555874778,209.7881284380827,0.30872801436967734,-1.0062476117754313,0.6708317477954553,0.20097350187849605,12.140350221538949,4.043441585548704,40.21117132066857,26.31951968566878,-0.3867018943567544,0.0,24.823918308616157,-0.18523680862179503
A3,420002,823,Omega_safe_one_step_QP,25.26673038015293,50.12364579363863,-63.82798941574492,0.983279364563485,0.957115113735199,False,False,-0.957115113735199,-0.09571151435375214,-5.0523829673037355,-5.052382967303725,199.92333930021866,199.9233393002187,204.9757222675224,202.85388480278928,-2.9305455025705953,-5.278761914298004,3.255906054451997,0.9571151435375195,-0.35735684633255005,-0.035735685378313065,-1.3498897940535277,-1.3498897940535186,210.8214809414079,210.8214809414079,212.17137073546144,211.6900466032532,-0.8685656618452811,-3.2471865667738085,4.068243120726192,0.4157105747683234,10.658684305755287,4.420108598144794,34.0946480092846,24.92159491415368,-1.0192897538366061,0.0,64.32613977247547,0.521139397107163
A3,420002,824,Omega_safe_one_step_QP,25.253549903639318,50.124327449267064,-51.04426791711012,0.8088517358026743,0.9449624419212341,False,False,-0.9449624419212341,-0.0944962427020073,-5.2570338757278305,-5.257033875727828,202.56326927507186,202.5632692750719,207.8203031507997,205.0462134772985,-2.482944202226605,-5.563220002625735,2.9714479661242668,0.9449624270200724,-0.3585635721683502,-0.03585635870695114,-1.4206253997412737,-1.4206253997412857,211.38422438770715,211.38422438770715,212.80484978744843,212.21471856905356,-0.8304941813464097,-3.3105344719725087,4.004895215527492,0.4291226724169519,8.491620280164414,6.531333801757078,39.16824253102529,24.03237508575282,-0.8137356026239586,0.0,51.359707010926286,0.49829650880785437
A3,420002,825,Z_mode_existing_controller,25.293944787052062,50.124656297448674,1.8859410644618038,-0.029283655454261495,0.9488543272018433,False,False,-0.9488543272018433,-0.0948854312300682,-3.6008901841260155,-3.6008901841260195,196.50135006332016,196.50135006332016,200.1022402474462,196.7405105444223,-0.2391604811021466,-3.7949874258303735,3.3444295061312683,0.9488543123006833,-0.013249347917735577,-0.0013249347684904933,-0.2426129079097214,-0.24261290790972903,210.91959148876853,210.91959148876853,211.16220439667825,210.47204204800806,0.44754944076046854,-1.0062476117754313,0.6708317477954553,0.24110656767836783,11.620988842719614,4.826829869426333,41.723403126034015,22.580985159716366,0.036463417492285544,0.0,-1.653874817497126,-0.2685296644562811
A3,420002,826,Omega_safe_one_step_QP,25.269643020959506,50.12426713785469,-39.19571999782329,0.6131161848543953,0.9495576620101929,False,False,-0.9495576620101929,-0.09495576471090317,-4.9784574726774915,-4.978457472677492,199.63887401766885,199.63887401766885,204.61733149034634,201.59035293533688,-1.9514789176680267,-5.242922836580397,3.291745132169604,0.9495576471090318,-0.22454780340194702,-0.02245478145778179,-0.6996249957631602,-0.6996249957631491,211.41209790774138,211.4120979077414,212.11172290350456,211.47992871034126,-0.06783080259984331,-3.241221783578121,4.07420790392188,0.2158522441468981,10.041519451070045,5.43675716540321,43.0410881924265,23.04975154287855,-0.6272334466036078,0.0,39.78225496286723,0.0406984815599003
A3,420002,827,Omega_safe_one_step_QP,25.27808284300016,50.12428366754517,-23.5985642449059,0.37788532511663325,0.9522770047187805,False,False,-0.9522770047187805,-0.09522770345211029,-4.858036030450859,-4.8580360304508625,198.34501184589843,198.34501184589843,203.20304787634927,199.68388751989937,-1.3388756740009455,-5.101494475180692,3.4331734935693095,0.9522770345211035,-0.06107724830508232,-0.006107724737375975,0.1286691550434385,0.12866915504342463,211.92616363377826,211.92616363377823,211.79749447873482,211.0829549579166,0.8432086758616322,-3.209798941101146,4.105630746398855,0.03133968030522067,9.06589067498277,5.494219509111922,39.9542751571542,25.09161572396412,-0.3835242956656515,0.0,24.488013746088654,-0.5059252055169878
A3,420002,828,Z_mode_existing_controller,25.2994008659441,50.12478627830899,15.96051484349573,-0.25643815702018313,0.9403034448623657,False,False,-0.9403034448623657,-0.09403034299612045,-3.566253742366212,-3.566253742366215,195.67302649258733,195.6730264925873,199.23928023495353,195.32466199217302,0.34836450041427724,-3.792662696671595,3.346754235290047,0.9403034299612052,-0.00943658035248518,-0.0009436580585315824,-0.21715507963022962,-0.21715507963021852,210.74970644717763,210.74970644717763,210.96686152680786,210.18581302238942,0.5638934247882048,-1.0062476117754313,0.6708317477954553,0.2158068025096411,9.861142915014186,4.126988737971684,39.242724244397685,27.652626983859673,0.26255467024923007,0.0,-15.884733458872688,-0.3383360548729115
A3,420002,829,Z_mode_existing_controller,25.295062589124292,50.12660726631085,5.562104351076414,-0.09087458335372392,0.9449409246444702,False,False,-0.9449409246444702,-0.09449409693479538,-3.586718808599919,-3.586718808599923,196.20679280587743,196.20679280587743,199.79351161447735,196.28888255082458,-0.08208974494715449,-3.7957067424803212,3.3437101894813206,0.9449409693479549,-0.010837588459253311,-0.0010837588924914598,-0.2267604133473905,-0.22676041334739536,210.970715492484,210.970715492484,211.1974759058314,210.48561301604684,0.485102476437163,-1.0062476117754313,0.6708317477954553,0.22535249842461486,8.651209942787151,5.847200497980551,41.54378866450987,26.90995117497363,0.09329634446976964,0.0,-5.364339209684658,-0.29106148586230063
A3,420002,830,Z_mode_existing_controller,25.323948057823817,50.12787297374321,-1.2859640599526756,0.02021916895782352,0.9355621337890625,False,False,-0.9355621337890625,-0.09355621784925461,-3.553941654030951,-3.5539416540309494,190.25322984175745,190.25322984175745,193.8071714957884,190.62432762563682,-0.3710977838793781,-3.798723094767843,3.3406938371937986,0.935562178492546,-0.00616791844367981,-0.0006167918327264488,-0.19576449448457378,-0.19576449448456823,209.80333949444156,209.80333949444156,209.99910398892612,209.34158812970347,0.46175136473809175,-1.0062476117754313,0.6708317477954553,0.1945490276882842,12.322225640313704,3.9004852644058,41.304382815502926,23.499070201037505,-0.014498674814682033,0.0,1.5775135536096059,-0.2770508188428522
A3,420002,831,Omega_safe_one_step_QP,25.273682746721327,50.127191272136656,-39.993549331254144,0.6311836712408294,0.9539560079574585,False,False,-0.9539560079574585,-0.09539560228586197,-4.890882321972588,-4.8908823219726,198.56669449713903,198.566694497139,203.4575768191116,200.58642219257513,-2.0197276954361314,-5.126947369456922,3.4077205992930786,0.953956022858622,-0.035020165145397186,-0.003502016654238105,0.23449191122122334,0.23449191122121432,212.26269357834371,212.26269357834371,212.0282016671225,211.42578903498767,0.8369045433560416,-3.232869659939915,4.082560027560085,0.05743746806862185,9.72195262625939,5.21943767118114,35.97224784217784,23.94090600593205,-0.6492169349723262,0.0,41.144908992239834,-0.5021427260136306
A3,420002,832,Omega_safe_one_step_QP,25.281624350353937,50.12692291078475,-24.24660172597214,0.38062080580250546,0.946509838104248,False,False,-0.946509838104248,-0.0946509838104248,-4.729061221237021,-4.729061221237031,197.42219105248688,197.42219105248688,202.1512522737239,198.77059747680494,-1.348406424318057,-4.996314914918154,3.538353053831847,0.9465098381042499,-0.025381045415997505,-0.0025381045415997505,0.30746885307282035,0.307468853072828,212.0278990157699,212.0278990157699,211.72043016269706,211.03388631107543,0.9940127046944554,-3.2020925094973713,4.113337178002629,0.07474924611508021,10.476654192710667,5.414201360297825,40.94337031542184,28.369241313410164,-0.39417990719912765,0.0,25.237189255988596,-0.5964076228166704
A3,420002,833,Omega_safe_one_step_QP,25.28067715433707,50.12972743691553,-14.240157548349089,0.23095988377249516,0.9383241534233093,False,False,-0.9383241534233093,-0.09383241832256317,-4.7261392751951705,-4.726139275195165,197.82983627216328,197.82983627216328,202.55597554735846,198.78609560125165,-0.9562593290883683,-5.036787242281607,3.497880726468394,0.9383241832256306,-0.013324159197509289,-0.0013324159663170576,0.3405320480102336,0.3405320480102225,212.29550912874328,212.29550912874328,211.95497708073304,211.20388365259788,1.0916254761453956,-3.2255472013009703,4.08988248619903,0.08326206172410082,8.51533490774312,4.9543106321741694,42.155181360602654,21.763409089595033,-0.2342940712501358,0.0,15.129426905286891,-0.6549752856872288
A3,420002,834,Z_mode_existing_controller,25.30673653210997,50.128114749451555,20.78205974057164,-0.3398171263787288,0.9369868040084839,False,False,-0.9369868040084839,-0.09369868040084839,-3.554402514964542,-3.5544025149645386,194.1292446281896,194.1292446281896,197.68364714315416,193.5728770909197,0.5563675372699208,-3.7934392456314248,3.345977686330217,0.9369868040084828,-0.012036819010972977,-0.001203681924380362,-0.23298263976401085,-0.2329826397640171,210.5756463054809,210.5756463054809,210.8086289452449,209.99970308856857,0.5759432169123215,-1.0062476117754313,0.6708317477954553,0.23153609214827417,9.22631286512044,4.426307131511229,43.647460640091666,23.41544010645872,0.34030766295941994,0.0,-20.776801473383784,-0.34556593014740145
A3,420002,835,Z_mode_existing_controller,25.31530151183821,50.127278751106694,10.90410771824827,-0.18281683279290672,0.9302700757980347,False,False,-0.9302700757980347,-0.0930270105600357,-3.531724990484899,-3.5317249904849004,192.19665481816318,192.19665481816318,195.72837980864807,192.0498915178762,0.14676330028697748,-3.79645112663883,3.3429658053228115,0.9302701056003575,-0.005836299620568752,-0.0005836299969814718,-0.19278748531902576,-0.19278748531902368,210.15756556306076,210.15756556306076,210.3503530483798,209.61375673722583,0.5438088258349296,-1.0062476117754313,0.6708317477954553,0.191590502241161,8.10089587020003,5.3343295971787965,44.253560954756146,20.82310929530525,0.1791037972024232,0.0,-10.756926219950401,-0.3262852955009663
A3,420002,836,Omega_safe_one_step_QP,25.346500251427504,50.124290911334775,5.746437869775036,-0.09361398104888678,0.926959753036499,False,False,-0.926959753036499,-0.09269597381353378,-3.4443152011008746,-3.444315201100887,185.9009055349294,185.90090553492936,189.34522073603026,186.0103538164182,-0.1094482814888238,-3.715711761148787,4.818956207601214,0.9269597381353413,0.00849594920873642,0.0008495949441567063,0.7324170083097257,0.7324170083097339,209.55478061610123,209.55478061610123,208.8223636077915,208.14324559530746,1.4115350207937638,-2.9122858540068144,4.4031438334931865,0.1663395600976039,11.260616591958039,5.169162130087417,41.1439017672599,21.25420754184193,0.08965229835551014,0.0,-4.989169155654963,-0.8469210124762583
A3,420002,837,Z_mode_existing_controller,25.32178098368966,50.12124548822916,5.1985061450068315,-0.08611091202001951,0.9509332776069641,False,False,-0.9509332776069641,-0.09509333223104477,-3.6103414496040265,-3.6103414496040274,190.89563052687066,190.89563052687066,194.50597197647468,190.99784458249175,-0.10221405562108998,-3.796629442779556,3.3427874891820855,0.9509333223104478,-0.0025183747056871653,-0.0002518374822102487,-0.17534703157409126,-0.1753470315740982,209.5610003986482,209.5610003986482,209.73634743022228,209.02836589908347,0.5326344995647219,-1.0062476117754313,0.6708317477954553,0.17425833315988148,9.053594310945048,7.260113285294636,39.2212800387882,22.150558808920618,0.08733064447581995,0.0,-4.966256089743183,-0.31958069973882175
A3,420002,838,Omega_safe_one_step_QP,25.350310629091144,50.118815412577405,1.8192917964870503,-0.03105904698599473,0.947174072265625,False,False,-0.947174072265625,-0.09471740573644638,-3.4517988222568894,-3.451798822256899,185.17943527085964,185.1794352708596,188.63123409311652,185.4521306875208,-0.272695416661179,-3.6443130968574136,4.890354871892588,0.9471740573644661,0.03587399050593376,0.0035873991437256336,0.9257956158559275,0.9257956158559386,209.27529111488334,209.27529111488337,208.34949549902743,207.69754507459925,1.5777460402841257,-2.8649990431304087,4.450430644369592,0.20802382731819394,8.573902622753401,5.870164158065339,41.57917607206147,27.29897824846928,0.02181211084654855,0.0,-0.8944562831638905,-0.9466476241704669
A3,420002,839,Omega_safe_one_step_QP,25.37170012934039,50.118613379242284,20.285352170020815,-0.3303927341896895,0.9032245874404907,False,False,-0.9032245874404907,-0.09032245725393295,-2.9337763957882594,-2.933776395788265,181.73546691231033,181.73546691231033,184.6692433080986,181.25658672081994,0.47888019149038996,-3.2481140183556216,5.28655395039438,0.9032245725393311,-0.03872454911470413,-0.0038724548649042845,0.6058156556196557,0.605815655619657,208.08428664535109,208.08428664535109,207.47847098973142,206.78642939816658,1.2978572471845098,-2.7778965922008085,4.537533095299192,0.13351211834625995,12.472496788101003,5.822979658282005,40.16042919337125,23.295893809124646,0.32793443527122434,0.0,-19.83457225698112,-0.7787143483107002
A3,420002,840,Z_mode_existing_controller,25.330954846351215,50.11636955580106,7.649683243324944,-0.12305861609207103,0.9135891795158386,False,False,-0.9135891795158386,-0.09135892242193222,-3.4663727425326294,-3.466372742532633,189.50896679794928,189.50896679794928,192.9753395404819,189.50976214596335,-0.0007953480140656666,-3.794235582731073,3.3451813492305686,0.9135892242193232,-0.027659298852086067,-0.002765930024906993,-0.3274940152326364,-0.3274940152326475,208.78301381539936,208.78301381539936,209.110507830632,208.4092133830938,0.3738004323055577,-1.0062476117754313,0.6708317477954553,0.3254606633598011,11.174523482292425,6.163061132281102,39.07263483046964,23.35553465487792,0.1304724197685374,0.0,-7.55587540371107,-0.22428025938333462
A3,420002,841,Z_mode_existing_controller,25.318978081555965,50.11500939441871,-1.6401686154058552,0.027057714215180086,0.9213864803314209,False,False,-0.9213864803314209,-0.09213864803314209,-3.498591046188255,-3.498591046188259,191.59131297820588,191.59131297820588,195.08990402439414,191.97964242345267,-0.38832944524679647,-3.797093967484544,3.342322964477098,0.921386480331422,-0.004196587484329939,-0.00041965875425376,-0.18096600416345754,-0.18096600416345476,209.30968084600568,209.30968084600568,209.49064685016913,208.85060030793616,0.45908053806951443,-1.0062476117754313,0.6708317477954553,0.1798424185515898,9.064352314885202,4.3398388202161335,43.948432001805514,24.563082919702598,-0.02314383720457336,0.0,1.9387607754524652,-0.2754483228417115
A3,420002,842,Z_mode_existing_controller,25.327551348046853,50.114481232711654,-8.138561249535087,0.13769189695161968,0.9259725213050842,False,False,-0.9259725213050842,-0.09259725362062454,-3.518646898484031,-3.5186468984840173,189.62529360789492,189.62529360789495,193.14394050637895,190.29792572300238,-0.672632115107433,-3.7999473644219504,3.3394695675396915,0.9259725362062418,0.0006886160699650645,6.886160554131493e-05,-0.15095405388763777,-0.15095405388765026,208.900644816959,208.90064481695896,209.05159887084662,208.45689367093937,0.44375114601959353,-1.0062476117754313,0.6708317477954553,0.15001680711699353,7.967479097569665,5.789659150767365,40.75805702251286,28.138512910338527,-0.12951950562998782,0.0,8.53433144277642,-0.26625068761175896
A3,420002,843,Omega_safe_one_step_QP,25.360720189591632,50.11527997120371,-2.320801498121,0.03857019064886474,0.8989492654800415,False,False,-0.8989492654800415,-0.08989492803812027,-3.0697135261568365,-3.069713526156839,183.26618406411015,183.26618406411015,186.335897590267,183.69635439823483,-0.4301703341246821,-3.4147794465724615,5.11988852217754,0.8989492803812037,-0.0558730773627758,-0.00558730773627758,0.5029697169353226,0.5029697169353226,208.15332902395608,208.15332902395608,207.65035930702075,207.091129674924,1.0621993490320847,-2.795085423929741,4.5203442635702595,0.1112680113744405,10.602826807283734,6.523105172567973,37.1433474475237,25.140696746586087,-0.03870765171911117,0.0,2.996828759259188,-0.6373196094192508
A3,420002,844,Omega_safe_one_step_QP,25.354287564186127,50.113690447836525,-1.1016440239409349,0.018561004781002102,0.9117633700370789,False,False,-0.9117633700370789,-0.091176338493824,-3.2543049942080433,-3.25430499420805,184.62622719654956,184.62622719654956,187.8805321907576,185.00168396640885,-0.37545676985928367,-3.569242906621524,4.965425062128477,0.9117633849382418,-0.10563536733388901,-0.010563536547124386,0.25080767115898267,0.25080767115898406,208.12630787764172,208.12630787764172,207.87550020648274,207.2758127716413,0.8504951060004089,-2.817599513875939,4.497830173624061,0.055761925523501794,9.458584642580798,5.395356492256623,40.82670145451355,24.386109408856917,-0.017848316609157422,0.0,1.6297894041508698,-0.5102970636002482
A3,420002,845,Omega_safe_one_step_QP,25.358062625123985,50.11187376362654,6.461369030392234,-0.10636300645349796,0.9040467143058777,False,False,-0.9040467143058777,-0.09040467441082001,-3.184257837174133,-3.184257837174144,184.22611513045314,184.2261151304531,187.41037296762727,184.29150820159686,-0.06539307114374537,-3.5222269843084875,5.012440984441513,0.9040467441082033,-0.0769827738404274,-0.007698277477174997,0.4037762770168471,0.4037762770168471,208.06121107381196,208.06121107381196,207.65743479679512,207.01610873262828,1.0451023411836786,-2.795792972907176,4.519636714592824,0.08933821510767674,11.0419139341321,2.9220053555500596,45.34147150430546,26.77070308885378,0.10449316102728545,0.0,-5.938800786708271,-0.6270614047102043
A3,420002,846,Z_mode_existing_controller,25.3164711279194,50.11221414350085,0.7475504372187061,-0.012436840737407442,0.9409055113792419,False,False,-0.9409055113792419,-0.0940905511379242,-3.570296684342647,-3.570296684342638,192.2829463505473,192.2829463505473,195.85324303488994,192.5677190763068,-0.2847727257594954,-3.7945326509024997,3.344884281059142,0.9409055113792396,-0.014261307194828987,-0.0014261307660490274,-0.24765606653566336,-0.2476560665356703,209.21960650786826,209.21960650786824,209.46726257440392,208.79714600471118,0.42246050315705475,-1.0062476117754313,0.6708317477954553,0.24611841423275924,8.414975973289206,4.883361309784986,35.83168903283876,24.479251147957896,0.015419887927807352,0.0,-0.5094940232520457,-0.2534763018942243
A3,420002,847,Z_mode_existing_controller,25.337155068661055,50.11103635334488,-4.228999941602524,0.06742885445612433,0.9174824953079224,False,False,-0.9174824953079224,-0.09174825251102448,-3.4841877039614557,-3.4841877039614415,188.02800971231318,188.02800971231318,191.51219741627463,188.51614787521768,-0.4881381629045052,-3.797552115276305,3.341864816685337,0.9174825251102411,-0.006377006880939007,-0.0006377007230184972,-0.1940498367168253,-0.19404983671682113,208.28574374686374,208.28574374686374,208.47979358358057,207.85895092226318,0.4267928246005681,-1.0062476117754313,0.6708317477954553,0.192845015924498,11.977607147740338,5.28163790840574,45.04501595331006,23.54916651044472,-0.06234848395501302,0.0,4.547424120317373,-0.25607569476034087
A3,420002,848,Z_mode_existing_controller,25.306138491858515,50.11031687262759,-12.272341266669173,0.1968053899551218,0.9330822229385376,False,False,-0.9330822229385376,-0.093308225274086,-3.5460630352693174,-3.54606303526932,193.82981745678376,193.82981745678376,197.37588049205308,194.65902776307067,-0.8292103062869103,-3.800375609816841,3.3390413221448005,0.9330822527408607,-0.01293801050633192,-0.0012938011204823852,-0.23800611547260403,-0.2380061154726082,209.45964086383117,209.45964086383117,209.69764697930378,209.12636191172695,0.333278952104223,-1.0062476117754313,0.6708317477954553,0.23652837799303525,10.135546538279375,5.592513755611034,41.11649960782584,28.838909922165094,-0.193706079677348,0.0,12.66601471760896,-0.19996737126253095
A3,420002,849,Z_mode_existing_controller,25.308960504135086,50.112820007095785,-18.986035812688897,0.3070467072182575,0.9539969563484192,False,False,-0.9539969563484192,-0.09539970010519028,-3.6282808278903724,-3.628280827890365,192.89862906000948,192.89862906000948,196.52690988789985,194.0156620072634,-1.1170329472539038,-3.8032413350248824,3.3361755969367595,0.9539970010519007,-0.006725474260747433,-0.0006725474377162755,-0.202369252684223,-0.20236925268422024,209.4648058949464,209.46480589494644,209.66717514763064,209.1325195063453,0.33228638860114756,-1.0062476117754313,0.6708317477954553,0.20111277812342662,9.756688019377513,3.4883540847735826,34.68330352827029,26.21853013074384,-0.3030620062170222,0.0,19.48846965206667,-0.19937183316069707
A3,420002,850,Z_mode_existing_controller,25.297209606791498,50.11301941869588,-22.479532636930344,0.3647594022144485,0.9520009160041809,False,False,-0.9520009160041809,-0.09520009160041809,-3.6234876929354995,-3.623487692935513,194.94763576221288,194.94763576221285,198.57112345514838,196.22416296617087,-1.2765272039580111,-3.8061808891364404,3.3332360428252015,0.9520009160041846,-0.007705651223659515,-0.0007705651223659515,-0.20821046738399573,-0.20821046738398463,209.91432689763022,209.91432689763022,210.1225373650142,209.6179608942977,0.2963660033325084,-1.0062476117754313,0.6708317477954553,0.20691772576395628,9.065165586870755,5.66494719695659,40.51811812544192,26.23028280075538,-0.36003071884192295,0.0,23.017382957771588,-0.1778196019995022
A3,420002,851,Z_mode_existing_controller,25.31730714676442,50.11377344261691,-25.483633519401337,0.41912542329551067,0.9520350694656372,False,False,-0.9520350694656372,-0.09520351141691208,-3.6263539098746094,-3.626353909874622,190.70996643408375,190.70996643408375,194.33632034395836,192.11378637299748,-1.4038199389137276,-3.8090547878997856,3.3303621440618563,0.9520351141691242,-0.003940563648939133,-0.00039405637653544545,-0.18449284876902727,-0.1844928487690356,209.08396659383482,209.08396659383482,209.26845944260384,208.7869651643089,0.29700142952592046,-1.0062476117754313,0.6708317477954553,0.1833473656086646,9.228426282602802,6.2998334079127405,45.89676588168594,31.990545047328272,-0.40864005314533713,0.0,26.07047443026204,-0.17820085771555227
A3,420002,852,Omega_safe_one_step_QP,25.338302288025297,50.117752620102586,-26.754559549797705,0.43025931708283255,0.9433460831642151,False,False,-0.9433460831642151,-0.09433460980653763,-3.5567266252306733,-3.5567266252306826,186.3346821315165,186.3346821315165,189.89140875674718,187.77095025910816,-1.43626812759166,-3.770330563220481,4.7643374055295205,0.9433460980653788,-0.008723454549908638,-0.000872345466632396,0.6858929294492389,0.6858929294492291,209.24070595174857,209.24070595174857,208.55481302229933,208.09286168476876,1.1478442669798028,-2.8855307954575986,4.429898892042402,0.1548326375306951,11.622304466387629,5.669004826320318,39.695602661555974,25.618245660649546,-0.43536567664899906,0.0,27.878631786634287,-0.6887065601878817
A3,420002,853,Z_mode_existing_controller,25.312601482794555,50.1173827594952,-16.803403809469273,0.2764818503493771,0.9377397894859314,False,False,-0.9377397894859314,-0.0937739834189415,-3.571752894150282,-3.571752894150278,191.66474700160558,191.66474700160558,195.23649989575586,192.70503590668628,-1.0402889050807005,-3.8088953502094904,3.3305215817521514,0.9377398341894141,-0.011039109900593758,-0.0011039109667763114,-0.22682248332642763,-0.22682248332642346,209.43440853855097,209.43440853855097,209.6612310218774,209.1322678181134,0.30214072043756346,-1.0062476117754313,0.6708317477954553,0.22541418302222457,9.060848278657168,6.260897685881695,43.7795028492028,28.541879010912037,-0.26772680748155686,0.0,17.252415049214505,-0.18128443226254376
A3,420002,854,Omega_safe_one_step_QP,25.33572236515021,50.119234368658475,-21.07988088556249,0.34852773660603287,0.9455063343048096,False,False,-0.9455063343048096,-0.09455063194036484,-3.613447965233264,-3.6134479652332705,186.79172352869182,186.79172352869182,190.40517149392508,188.02551674710918,-1.233793218417361,-3.8217068369382714,4.7129611318117295,0.94550631940365,-0.013065818697214127,-0.001306581893004477,0.648651508585367,0.6486515085853726,209.3910042859591,209.3910042859591,208.74235277737372,208.24061208185734,1.1503922041017631,-2.9042847709650377,4.411144916534963,0.14704833345055926,9.858495981275652,3.8487658000912024,39.60308683553068,24.03106456799693,-0.34469939452669607,0.0,22.114815602550152,-0.6902353224610636
A3,420002,855,Z_mode_existing_controller,25.322025219762775,50.117526498104795,-10.41356285871916,0.1724241654571229,0.9307892322540283,False,False,-0.9307892322540283,-0.09307892620563507,-3.5450585156072703,-3.545058515607269,189.85407007436467,189.85407007436467,193.39912858997195,190.62635023934203,-0.7722801649773601,-3.808658586988135,3.330758344973507,0.9307892620563506,-0.00019605085253715515,-1.9605085981311277e-05,-0.1573360346608238,-0.15733603466082519,209.11235692489205,209.11235692489205,209.26969295955288,208.70264234838484,0.40971457650721277,-1.0062476117754313,0.6708317477954553,0.15635916331092725,9.159310169511771,7.40136884443732,35.25044247826624,25.37862251088436,-0.16480678352521494,0.0,10.824198388148034,-0.24582874590433335
A3,420002,856,Omega_safe_one_step_QP,25.347964798786993,50.116638630183836,-7.554645989621349,0.12886591136267997,0.9057531952857971,False,False,-0.9057531952857971,-0.09057532250881195,-3.2479976895140554,-3.2479976895140483,184.79973694998168,184.79973694998168,188.04773463949573,185.47048368902767,-0.6707467390459954,-3.5859631514953354,4.948704817254666,0.9057532250881171,-0.04685305431485176,-0.0046853055246174335,0.5137147555642083,0.5137147555642054,208.59591872194517,208.59591872194517,208.08220396638097,207.5495038178279,1.0464149041172561,-2.838269889865761,4.477159797634239,0.11474121514171902,8.609236404131812,3.554309895019339,40.960679174913736,26.579148878571317,-0.12505257299819839,0.0,8.307547505090042,-0.6278489424703508
A3,420002,857,Omega_safe_one_step_QP,25.351743680039437,50.11594016138849,0.3272929412041776,-0.005679350373514572,0.9097203016281128,False,False,-0.9097203016281128,-0.09097202867269516,-3.220043207569681,-3.22004320756967,184.36403002504792,184.36403002504795,187.5840732326176,184.6921820041633,-0.3281519791153471,-3.5395970108075248,4.995070957942476,0.9097202867269482,-0.0929180234670639,-0.009291802532970905,0.30623621663568995,0.3062362166356969,208.23534507856613,208.23534507856616,207.92910886193044,207.3423623429599,0.8929827356062674,-2.822960379420711,4.49246930807929,0.06816656845823285,7.78829896403679,5.571280203308123,37.629390678874636,23.550019156556658,0.003744792120239815,0.0,0.2047519080397251,-0.5357896413637633
A3,420002,858,Omega_safe_one_step_QP,25.381088627518302,50.11295719920179,19.09500499589558,-0.31961991741637735,0.9032323956489563,False,False,-0.9032323956489563,-0.09032323956489563,-2.701902688517735,-2.701902688517749,179.39990483295855,179.39990483295855,182.1018075214763,178.94572444225864,0.4541803906999178,-2.991370439693393,5.543297529056608,0.903232395648961,-0.20026712119579315,-0.020026711747050285,-0.10022426451265637,-0.10022426451264388,206.47273521808734,206.47273521808737,206.5729594826,205.93951511864677,0.533220099440598,-2.687345441487666,4.628084246012334,0.03729489442085329,11.359970280283337,5.616377460707651,40.07624581353327,25.149195459584515,0.3153562239815386,0.0,-19.090429160212807,-0.3199320596643531
A3,420002,859,Omega_safe_one_step_QP,25.353086521241675,50.11121339261937,5.731907866124857,-0.09456611271030975,0.9310624599456787,False,False,-0.9310624599456787,-0.09310624748468399,-3.325455138515429,-3.325455138515429,184.57942562828418,184.57942562828418,187.9048807667996,184.6657357290181,-0.08631010073392531,-3.571677764225724,4.962990204524277,0.9310624748468396,-0.23023578524589539,-0.0230235792696476,-0.32418124813605453,-0.324181248136067,207.37444508793027,207.37444508793027,207.69862633606633,207.04891176007013,0.32553332786014266,-2.799912126834299,4.515517560665702,0.11578265083004596,10.814026903742098,5.178121401816528,41.43409157631744,27.050749961033254,0.09975026708833212,0.0,-5.636338136497216,-0.1953199967160799
A3,420002,860,Z_mode_existing_controller,25.334390883458298,50.111411343618684,5.939821153248886,-0.09889334377480251,0.9183980226516724,False,False,-0.9183980226516724,-0.09183980524539948,-3.489759691180906,-3.489759691180912,188.35545695019138,188.35545695019135,191.84521664137228,188.42796010833908,-0.07250315814772534,-3.7998335055874013,3.33958342637424,0.9183980524539966,-0.023035749793052673,-0.0023035749327391386,-0.2991680670444863,-0.29916806704449045,208.23910499702473,208.23910499702473,208.53827306406922,207.85653723672988,0.3825677602948474,-1.0062476117754313,0.6708317477954553,0.2973105859268932,9.34444908702153,4.134101929217807,39.82172401803148,27.36665933277409,0.10121889680649332,0.0,-5.811499393877966,-0.22954065617690844
A3,420002,861,Z_mode_existing_controller,25.33279596823086,50.11187611430024,-2.3223540070403033,0.04002662240796075,0.9283272624015808,False,False,-0.9283272624015808,-0.09283272922039032,-3.530080244012357,-3.5300802440123595,188.36775035530752,188.36775035530752,191.8978305993199,188.79741967379283,-0.42966931848530976,-3.802624649364492,3.336792282597149,0.9283272922039042,-0.0015200029592961073,-0.00015200029883999377,-0.16526520263823036,-0.16526520263824285,208.41753768368358,208.41753768368358,208.58280288632182,207.95491744687618,0.46262023680739617,-1.0062476117754313,0.6708317477954553,0.16423910049997298,7.230925815938873,5.58596066613472,39.39482322627663,25.97229770078076,-0.03569792041343467,0.0,2.6356240695386077,-0.2775721420844377
A3,420002,862,Omega_safe_one_step_QP,25.37438328294494,50.110925155086875,9.113935932760796,-0.15556294492713446,0.8998309373855591,False,False,-0.8998309373855591,-0.08998309820890427,-2.8133489418450384,-2.813348941845047,180.64005842142873,180.64005842142873,183.45340736327378,180.58839377422595,0.05166464720278441,-3.1265304238731404,5.40813754487686,0.8998309820890452,-0.1461688131093979,-0.014616881497204304,0.14605593984696325,0.14605593984696186,206.87742354250707,206.87742354250707,206.7313676026601,206.14307401727345,0.7343495252336254,-2.7031862534936764,4.6122434340063245,0.03166700585881556,9.74859616345856,3.8666556237002485,40.436427673827,23.74348919882881,0.14969906856226345,0.0,-8.82302528618311,-0.44060971514016956
A3,420002,863,Omega_safe_one_step_QP,25.35790310281914,50.10817284748851,2.9347395320264695,-0.04872533109139816,0.9304581880569458,False,False,-0.9304581880569458,-0.09304582327604294,-3.23879582283373,-3.2387958228337372,183.7579178206898,183.7579178206898,186.99671364352355,183.95867585558997,-0.20075803490016142,-3.4808610518981173,5.053806916851883,0.930458232760431,-0.22009779512882233,-0.022009780630469322,-0.23969341206446781,-0.2396934120644706,207.0767161741445,207.0767161741445,207.31640958620898,206.69695243053476,0.3797637436097432,-2.761690451848563,4.553739235651437,0.0867922803962441,10.59121317085848,6.007237806003498,37.177295110427224,21.019215086658434,0.05350370239457902,0.0,-2.7603849882552822,-0.2278582461658516
A3,420002,864,Omega_safe_one_step_QP,25.34754985879847,50.10423641565601,7.037548527680883,-0.11577386903349687,0.8840674161911011,False,False,-0.8840674161911011,-0.08840674161911011,-3.2845551480054356,-3.2845551480054374,186.0563158294293,186.0563158294293,189.34087097743475,186.1038179363659,-0.04750210693660506,-3.7152767852892365,4.819391183460764,0.8840674161911015,-0.06482262164354324,-0.006482262164354324,0.452932658415843,0.4529326584158305,208.03036785148313,208.0303678514831,207.5774351930673,206.92275415427315,1.1076136972099562,-2.7877930125343924,4.527636674965608,0.10003732431098196,10.619026084074346,4.366598912569819,37.337405541698324,25.737599468998845,0.11306081998182549,0.0,-6.486041129336627,-0.6645682183259822
A3,420002,865,Z_mode_existing_controller,25.32428729723127,50.103495725502995,4.660871101981684,-0.07815479774880077,0.9295490980148315,False,False,-0.9295490980148315,-0.09295491129159927,-3.5295403321094745,-3.5295403321094834,190.6576715931916,190.65767159319157,194.18721192530106,190.77994671259125,-0.12227511939968849,-3.7970455601181925,3.3423713718434493,0.9295491129159951,-0.013170473277568817,-0.0013170473976060748,-0.23887829928640886,-0.23887829928640192,208.31793976973768,208.31793976973768,208.55681806902408,207.8726673581053,0.44527241163237363,-1.0062476117754313,0.6708317477954553,0.2373951465732407,8.373509238479167,4.668221037799006,42.89346752020132,25.814790177800134,0.07887835238621577,0.0,-4.472586007389509,-0.2671634469794242
A3,420002,866,Omega_safe_one_step_QP,25.345123548923723,50.103336436011276,2.36148691885046,-0.03900540979890479,0.8891680836677551,False,False,-0.8891680836677551,-0.08891680836677551,-3.3455821258704663,-3.3455821258704663,186.46850181514677,186.46850181514677,189.81408394101723,186.71205558671505,-0.24355377156828695,-3.762598081647486,4.772069887102514,0.8891680836677549,-0.03488669544458389,-0.0034886696375906467,0.5995175476159437,0.5995175476159451,208.2202336135133,208.2202336135133,207.62071606589737,206.9880837810885,1.2321498324247955,-2.792121099817401,4.5233085876826,0.13253960811970436,10.241660612143685,6.794320205891597,39.94829505130942,26.490080155994022,0.035510524305450986,0.0,-1.6577075437016902,-0.7392898994548744
A3,420002,867,Omega_safe_one_step_QP,25.350046467928916,50.1032181858909,7.038534160045856,-0.11777228471677374,0.9080865979194641,False,False,-0.9080865979194641,-0.09080865979194641,-3.351641856229336,-3.3516418562293224,185.7452964378701,185.74529643787014,189.09693829409946,185.78647454221684,-0.041178104346698774,-3.6908835169557084,4.843784451794293,0.9080865979194604,-0.07696564495563507,-0.0076965647749602795,0.4263962846934394,0.4263962846934477,207.87400041466526,207.87400041466526,207.4476041299718,206.77937691928233,1.0946234953829332,-2.774809906224847,4.540619781275154,0.09390706670746646,9.675280596965708,4.593832604690717,40.26761551920919,24.918250446014397,0.11230735576192075,0.0,-6.494067418578197,-0.6567740972297713
A3,420002,868,Omega_safe_one_step_QP,25.344792198927227,50.101933045799974,9.689064947810948,-0.16034929353021868,0.8955034017562866,False,False,-0.8955034017562866,-0.08955033868551254,-3.421422399364659,-3.4214223993646606,186.97337485483573,186.97337485483573,190.3947972542004,186.90677421094466,0.06660064389106424,-3.820669412965801,4.7139985557842,0.8955033868551259,-0.05484536290168762,-0.005484536290168762,0.5061201884571154,0.5061201884571126,208.14407434527237,208.14407434527237,207.63795415681525,206.93854746798755,1.205526877284825,-2.793844908909191,4.521584778590809,0.11193424722533883,10.05942836111514,4.657123308352858,36.64347148459968,25.06105469537686,0.15459861403945396,0.0,-9.120347435479744,-0.7233161263708894
A3,420002,869,Z_mode_existing_controller,25.333552020992546,50.10074755305683,9.988178677444921,-0.1647020273077419,0.93305504322052,False,False,-0.93305504322052,-0.09330550581216812,-3.538052402643619,-3.5380524026436238,189.32854766203212,189.32854766203212,192.86660006467574,189.22811561067277,0.1004320513593484,-3.7919009943164745,3.3475159376451673,0.9330550581216824,-0.011653408408164978,-0.0011653408873826265,-0.22990743311378653,-0.2299074331137893,207.85503930393855,207.85503930393855,208.08494673705235,207.35915432673778,0.49588497720077385,-1.0062476117754313,0.6708317477954553,0.22847997890711888,9.729103332193745,5.1623142364025805,40.59368290976432,22.73061160347628,0.1660490211483321,0.0,-9.856696712272424,-0.29753098632045294
A3,420002,870,Z_mode_existing_controller,25.335109584992026,50.098766668664894,1.909614696565768,-0.03147824000561929,0.9247032403945923,False,False,-0.9247032403945923,-0.09247032552957535,-3.5091836411077,-3.5091836411076947,188.795517387989,188.79551738798904,192.30470102909672,189.035015022383,-0.2394976343939561,-3.794929477116782,3.34448745484486,0.9247032552957521,-0.004569504410028458,-0.00045695045264437795,-0.1838719577744452,-0.18387195777443827,207.6746644824782,207.6746644824782,207.85853644025264,207.19550580386573,0.479158678612464,-1.0062476117754313,0.6708317477954553,0.1827303296154046,9.79570619690156,4.330070462696597,41.786696743093295,26.318876701214137,0.03501029174874404,0.0,-1.6571297811460681,-0.2874952071674812
A3,420002,871,Z_mode_existing_controller,25.32887330629573,50.0989649395981,-6.177000824519382,0.09945243918774553,0.9316919445991516,False,False,-0.9316919445991516,-0.0931691974401474,-3.538428707043743,-3.538428707043747,189.72487925740458,189.72487925740458,193.26330796444833,190.2984756705028,-0.5735964130982154,-3.7978525137740458,3.341564418187596,0.9316919744014753,-0.006927615962922573,-0.0006927616195753217,-0.19990219357816918,-0.1999021935781678,207.88198959698977,207.88198959698977,208.08189179056794,207.47128507333383,0.41070452365593724,-1.0062476117754313,0.6708317477954553,0.19866103654691789,10.919895529518616,3.57403650472067,42.40315770303376,24.618207312713356,-0.09470254656789479,0.0,6.518126085280528,-0.24642271419357087
A3,420002,872,Z_mode_existing_controller,25.298747735731933,50.09865496861503,-13.23861983750794,0.21204868289303364,0.9414626955986023,False,False,-0.9414626955986023,-0.09414627403020859,-3.5782778317480517,-3.5782778317480606,195.36014257337922,195.3601425733792,198.93842040512726,196.23514265105695,-0.875000077677754,-3.8007641498376175,3.338652782124024,0.9414627403020884,-0.010773885995149612,-0.00107738864608109,-0.22577570534014213,-0.22577570534012964,209.05757904557248,209.05757904557248,209.28335475091262,208.71895581746224,0.3386232281102366,-1.0062476117754313,0.6708317477954553,0.22437390429356566,9.824844286096116,4.591826064828833,39.152620953007315,24.862119302967432,-0.2096671302985733,0.0,13.651460904672604,-0.20317393686615048
A3,420002,873,Z_mode_existing_controller,25.298599591622715,50.0988078117426,-18.817637880937582,0.29942679443169795,0.9486917853355408,False,False,-0.9486917853355408,-0.09486918151378632,-3.6085214075405463,-3.608521407540534,195.08937345690885,195.08937345690885,198.69789486444938,196.194435602005,-1.1050621450961557,-3.8036813957503774,3.3357355362112644,0.9486918151378598,-0.009017249569296837,-0.0009017249685712159,-0.2159197258344958,-0.2159197258344847,209.03201949699513,209.03201949699513,209.24793922282961,208.71915841418289,0.31286108281224756,-1.0062476117754313,0.6708317477954553,0.21457911880507644,10.250053849614929,6.76607758499838,43.3598348816155,23.749489751841832,-0.2996356106425644,0.0,19.3049901412669,-0.1877166496873457
A3,420002,874,Z_mode_existing_controller,25.31168275018949,50.09869072230087,-20.998649113414103,0.3476162251113828,0.935729444026947,False,False,-0.935729444026947,-0.0935729444026947,-3.561937411128639,-3.5619374111286377,192.29110444592052,192.29110444592052,195.85304185704916,193.51498133153393,-1.2238768856134072,-3.8065890026926006,3.332827929269041,0.935729444026947,-0.009733440354466438,-0.0009733440238051116,-0.21825846214125477,-0.218258462141252,208.42250426318262,208.42250426318262,208.64076272532387,208.14234888599412,0.2801553771884926,-1.0062476117754313,0.6708317477954553,0.21690333431565123,8.495520139486432,4.856765276056015,41.62543043521583,25.694799899757616,-0.3362691870336665,0.0,21.50301152676093,-0.16809322631310408
A3,420002,875,Z_mode_existing_controller,25.33284872477627,50.098672855044356,-23.82049613225263,0.38140209331667035,0.9225700497627258,False,False,-0.9225700497627258,-0.09225700795650482,-3.5144065025529803,-3.5144065025529914,187.91124956342708,187.91124956342708,191.42565606598006,189.20739753845675,-1.296147975029669,-3.8093653592254695,3.3300515727361724,0.9225700795650512,-0.005550720728933811,-0.0005550720961764455,-0.18969673160085243,-0.18969673160085104,207.51112951271017,207.51112951271017,207.70082624431103,207.22429893011383,0.28683058259633754,-1.0062476117754313,0.6708317477954553,0.1885189384610301,11.53578238734336,4.7816311057163015,44.14703124183175,22.887391988408087,-0.37939697994238486,0.0,24.37199146175317,-0.17209834955779968
A3,420002,876,Z_mode_existing_controller,25.303302862918365,50.097365328173765,-26.761011193065315,0.42709887960330883,0.9260978698730469,False,False,-0.9260978698730469,-0.09260978549718857,-3.5302958064831933,-3.530295806483207,193.49230898957867,193.49230898957867,197.02260479606187,194.93073168314166,-1.438422693562984,-3.812011643834728,3.3274052881269145,0.9260978549718893,-0.015677478164434433,-0.001567747793160379,-0.2540958201484339,-0.2540958201484436,208.57328217711378,208.57328217711375,208.8273779972622,208.3756140506208,0.19766812649294252,-1.0062476117754313,0.6708317477954553,0.2525181845650445,10.334437303879314,1.988496701223263,39.612544711757394,18.024838234073385,-0.42732025303210364,0.0,27.306932321993372,-0.11860087589576551
A3,420002,877,Omega_safe_one_step_QP,25.27136096911861,50.09331401183067,-59.86567652062968,0.9606323105686072,0.9650077819824219,False,False,-0.9650077819824219,-0.09650077670812607,-4.915613025238584,-4.915613025238578,198.21107518557963,198.21107518557963,203.1266882108182,201.12364979917064,-2.912574613591005,-5.093858508627584,3.4408094601224173,0.9650077670812592,-0.07722728699445724,-0.007722728885710239,0.23830281087823882,0.23830281087823604,210.1426067912363,210.14260679123626,209.90430398035804,209.47046823798343,0.6721385532528359,-3.0204798912634683,4.294949796236533,0.05548442291154366,8.600649831462913,5.274678099919899,35.69600416624252,29.26844624469432,-0.9712163655640156,0.0,61.240176018144666,-0.40328313195171006
A3,420002,878,Z_mode_existing_controller,25.296699026031447,50.09597537039125,-13.62773865950021,0.21992136108392688,0.9420261383056641,False,False,-0.9420261383056641,-0.09420261532068253,-3.5906300095864303,-3.590630009586429,194.78805121154204,194.78805121154204,198.37868122112846,195.69640031077356,-0.9083490992315149,-3.8116033162808525,3.3278136156807894,0.9420261532068251,-0.007782008033245802,-0.0007782008033245802,-0.2070187354277317,-0.20701873542774002,208.82213439561076,208.82213439561076,209.0291531310385,208.48299515591347,0.339139239697289,-1.0062476117754313,0.6708317477954553,0.20573339305866725,9.495385135181635,4.858132282274276,35.83718300366718,27.10778864239758,-0.2159123549506603,0.0,14.047134558268226,-0.20348354381837908
A3,420002,879,Z_mode_existing_controller,25.302227835840686,50.097065318358815,-17.335204694971253,0.2837632005761387,0.9377806186676025,False,False,-0.9377806186676025,-0.09377806633710861,-3.57700203215154,-3.577002032151539,193.44877713001372,193.44877713001372,197.02577916216526,194.5213709572683,-1.0725938272545648,-3.814326922985503,3.3250900089761384,0.9377806633710862,-0.01159186102449894,-0.0011591861257329583,-0.23031215062085525,-0.23031215062084692,208.57913176820566,208.57913176820566,208.8094439188265,208.2949224679196,0.28420930028605085,-1.0062476117754313,0.6708317477954553,0.2288821835954297,8.922996551859232,3.4939600486407243,40.652294190331,27.367972961329464,-0.27610354206878185,0.0,17.78183381721101,-0.17052558017162767
A3,420002,880,Z_mode_existing_controller,25.307217260192793,50.098290042727555,-21.898164419423665,0.35389513353708696,0.9481630921363831,False,False,-0.9481630921363831,-0.09481631219387054,-3.619115037641116,-3.6191150376411145,192.1654416661155,192.1654416661155,195.7845567037566,193.41866669617988,-1.2532250300643852,-3.8169751110348233,3.3224418209268185,0.9481631219387053,-0.007477676961570978,-0.0007477676845155656,-0.20613040030227764,-0.20613040030226515,208.41491516949023,208.41491516949023,208.6210455697925,208.13138442491393,0.28353074457629646,-1.0062476117754313,0.6708317477954553,0.20485057344739138,9.947369774537652,5.391690871189306,38.753386927603536,23.444623176103395,-0.3492265566706827,0.0,22.41750942284034,-0.17011844674577503
A3,420002,881,Z_mode_existing_controller,25.308992104085636,50.09710325194798,-24.29783826486073,0.38335037004994305,0.9351352453231812,False,False,-0.9351352453231812,-0.09351352602243423,-3.5718780271410053,-3.5718780271410058,191.63220463078994,191.63220463078994,195.20408265793094,192.96107728018015,-1.328872649390206,-3.8196378417856884,3.3197790901759534,0.9351352602243426,-0.008635053411126137,-0.0008635053527541459,-0.21123801296615424,-0.21123801296614175,208.223994160684,208.22399416068401,208.43523217365015,207.9687503179845,0.25524384269951383,-1.0062476117754313,0.6708317477954553,0.20992647385610358,11.513293855577663,3.947058417985785,37.114778107923065,21.54736386083985,-0.3864151494161092,0.0,24.837399719895075,-0.15314630561969977
A3,420002,882,Omega_safe_one_step_QP,25.27191036211824,50.09497129178607,-54.90166089294598,0.8562772267503965,0.9513838291168213,False,False,-0.9513838291168213,-0.09513838589191437,-4.768186731427525,-4.768186731427513,197.538348472093,197.53834847209302,202.30653520352053,200.17945666633932,-2.6411081942463,-5.011843207897816,3.5228247608521848,0.9513838589191415,-0.02354569546878338,-0.002354569500312209,0.49796219434527156,0.4979621943452778,210.3335410541859,210.33354105418593,209.83557885984064,209.39209033935998,0.9414507148259474,-3.01360737921173,4.30182230828827,0.11575610489207327,10.523121290275272,4.158211951897356,40.43902470313887,24.178187950398215,-0.8910927537165456,0.0,56.357624075558306,-0.5648704288955599
A3,420002,883,Omega_safe_one_step_QP,25.259303739716902,50.09533397968822,-47.326613571282905,0.7165209067388149,0.9504368901252747,False,False,-0.9504368901252747,-0.09504368901252747,-5.026994424939923,-5.026994424939923,200.0525155585821,200.0525155585821,205.079509983522,202.31675492881936,-2.264239370237277,-5.289140685897963,3.245527282852037,0.9504368901252749,-0.2195233255624771,-0.02195233292877674,-0.5153120070768624,-0.5153120070768596,209.91883911347657,209.91883911347657,210.43415112055342,209.88678830562554,0.032050807851021546,-3.0734646052830072,4.241965082216994,0.1676648581509886,11.86233631785663,3.2459957440043095,44.408500854955506,28.65544384794962,-0.7577511955137197,0.0,48.103595251506704,-0.01923048471061861
A3,420002,884,Omega_safe_one_step_QP,25.220084588255425,50.09956231793776,-52.259415552468454,0.8196882832284068,0.9683485627174377,False,False,-0.9683485627174377,-0.09683486074209213,-5.893311938943546,-5.893311938943555,207.15419547223962,207.15419547223962,213.04750741118318,209.72626806403443,-2.5720725917948073,-6.08594042866408,2.4487275400859208,0.9683486074209225,-0.4934075176715851,-0.04934075102210045,-2.02751886659404,-2.0275188665940367,210.33725384101382,210.33725384101385,212.36477270760787,211.72504646094794,-1.387792619934089,-3.266526763988453,4.048902923511547,0.6206956235430997,8.06601423916463,4.675610011216363,41.591787293786396,23.654971344630468,-0.8276097583937987,0.0,52.25434973890151,0.8326755719604648
A3,420002,885,Omega_safe_one_step_QP,25.25848547341738,50.10046357313199,-20.794116649399257,0.3101494629335912,0.9577364325523376,False,False,-0.9577364325523376,-0.09577364474534988,-5.129541591348712,-5.129541591348706,200.61757147781384,200.61757147781384,205.74711306916254,201.7937672448309,-1.1761957670170489,-5.355900994462018,3.178766974287984,0.9577364474534972,-0.24375374615192413,-0.024375375360250473,-0.6683943791044332,-0.6683943791044193,210.1748097398978,210.1748097398978,210.84320411900222,210.09436554302303,0.08044419687476534,-3.114369905127887,4.201059782372114,0.21461624645289937,12.941810551495154,5.621804111710291,45.22140183247082,29.165888608511146,-0.32590503585940667,0.0,21.16828820338378,-0.048266518124862046
A3,420002,886,Omega_safe_one_step_QP,25.227720696751533,50.105510413371164,-26.292512792820162,0.42757613404103795,0.9710357785224915,False,False,-0.9710357785224915,-0.09710358083248138,-5.810619616844884,-5.8106196168448765,206.2168794087518,206.21687940875182,212.02749902559668,207.7221463230351,-1.5052669142832826,-5.9839395901054315,2.5507283786445685,0.9710358083248127,-0.34678393602371216,-0.034678395837545395,-1.3207202445693678,-1.3207202445693698,211.14012274416137,211.14012274416137,212.46084298873075,211.6531411216252,-0.5130183774638226,-3.27613379210074,4.0392958953992615,0.4031337937888338,6.407033269209002,5.2034457352970245,38.22614837054748,25.270851827032942,-0.4158206369946491,0.0,26.400522403336254,0.30781102647830494
A3,420002,887,Z_mode_existing_controller,25.29310857789133,50.10650659789855,35.77784237981359,-0.5756891994062796,0.9532268047332764,False,False,-0.9532268047332764,-0.09532268345355988,-3.6288552350703123,-3.6288552350703025,195.76589905752223,195.76589905752226,199.39475429259255,194.61921750745213,1.1466815500701273,-3.8069167837036906,3.3325001482579513,0.9532268345355963,-0.016126425936818123,-0.0016126426635310054,-0.2614743358826416,-0.26147433588264435,209.54474515143744,209.54474515143744,209.80621948732008,208.91535951501436,0.6293856364230805,-1.0062476117754313,0.6708317477954553,0.2598508884123431,9.943099191209853,5.912280264736264,41.3626151618045,28.079438136975188,0.5848633608919158,0.0,-35.985074358852216,-0.3776313818538597
A3,420002,888,Z_mode_existing_controller,25.30316768603043,50.108831463985304,23.782173544130274,-0.37658434275540764,0.9498522877693176,False,False,-0.9498522877693176,-0.094985231757164,-3.618744398757242,-3.6187443987572454,193.50110929239406,193.50110929239403,197.1198536911513,192.87762598287068,0.6234833095233512,-3.8097968829605007,3.329620049001141,0.949852317571641,-0.004986423533409834,-0.0004986423882655799,-0.19071661268777046,-0.190716612687776,209.27032903880223,209.27032903880223,209.46104565149,208.65869458950016,0.6116344493020733,-1.0062476117754313,0.6708317477954553,0.1895324872883664,11.33143345946306,5.4927507308706565,40.22581949970624,25.733594006600434,0.39142008198168554,0.0,-23.806612956530444,-0.3669806695812383
A3,420002,889,Z_mode_existing_controller,25.286520609548866,50.10969150843335,12.636605906759542,-0.2041529012877212,0.9412904977798462,False,False,-0.9412904977798462,-0.0941290482878685,-3.5887681099932025,-3.5887681099931914,196.54488897495622,196.54488897495622,200.13365708494942,196.3562174390051,0.18867153595112995,-3.8126042653888477,3.326812666572794,0.9412904828786821,-0.019883567467331886,-0.00198835670016706,-0.28314579529838957,-0.28314579529840206,209.87796288151836,209.87796288151836,210.16110867681675,209.43737940314867,0.4405834783696889,-1.0062476117754313,0.6708317477954553,0.281387793605609,9.295327128063029,4.797161161237426,42.11806062460579,26.149654179672787,0.2099966784662204,0.0,-12.58225249820407,-0.2643500870218105
A3,420002,890,Z_mode_existing_controller,25.298354082723968,50.110835861907,4.160226722716288,-0.06734687177507115,0.9430832266807556,False,False,-0.9430832266807556,-0.09430832415819168,-3.598153494394278,-3.59815349439428,193.94086226195336,193.94086226195336,197.53901575634762,194.11231933948577,-0.17145707753240913,-3.81530848576927,3.324108446192372,0.9430832415819175,-0.013241690583527088,-0.0013241691049188375,-0.24159681005229416,-0.24159681005229833,209.43753843306234,209.43753843306234,209.67913524311464,209.01418956715568,0.4233488659066609,-1.0062476117754313,0.6708317477954553,0.24009677859112927,9.699502305914585,5.370861078216539,43.44187076491461,24.582002817973077,0.07282596420406762,0.0,-3.979043367376107,-0.2540093195439965
A3,420002,891,Z_mode_existing_controller,25.306895265455115,50.11085187799317,-3.7056622429199706,0.060210868789024305,0.9517378211021423,False,False,-0.9517378211021423,-0.09517378360033035,-3.6337106113391275,-3.6337106113391324,191.9764977341464,191.9764977341464,195.61020834548552,192.47946220627207,-0.502964472125683,-3.8179743138072686,3.321442618154373,0.9517378360033049,-0.005092731211334467,-0.0005092731444165111,-0.1917026599807234,-0.19170265998072616,209.08274434014308,209.08274434014308,209.2744470001238,208.65989036312632,0.4228539770167572,-1.0062476117754313,0.6708317477954553,0.19051241238971436,9.854522703780933,5.069569964693873,40.97051397963391,25.877336501831373,-0.054811428828504205,0.0,4.014186057957886,-0.2537123862100543
A3,420002,892,Z_mode_existing_controller,25.308088430666174,50.11120309871549,-9.531557694474031,0.1546818329856539,0.9504091739654541,False,False,-0.9504091739654541,-0.09504091739654541,-3.631175112318637,-3.6311751123186236,191.49449218526428,191.49449218526428,195.1256672975829,192.24136433160774,-0.7468721463434633,-3.8206440044849828,3.318772927476659,0.9504091739654505,-0.004533334169536829,-0.0004533334285952151,-0.18795513998892677,-0.18795513998893926,209.0096669212481,209.0096669212481,209.19762206123704,208.62578384988993,0.3838830713581842,-1.0062476117754313,0.6708317477954553,0.1867881600805091,9.980211455923325,4.608033489370729,39.80021010766444,24.570756716554257,-0.1489445053337981,0.0,9.910832042623042,-0.23032984281491053
A3,420002,893,Z_mode_existing_controller,25.302669797320235,50.11064272132609,-14.77486813379437,0.23615123637766966,0.9520534873008728,False,False,-0.9520534873008728,-0.09520535171031952,-3.639945258899398,-3.639945258899396,192.32055138296792,192.32055138296792,195.9604966418673,193.28019712704966,-0.9596457440817403,-3.823256984517663,3.3161599474439787,0.9520535171031949,-0.006834860425442457,-0.0006834860541857779,-0.20273254380715894,-0.20273254380716033,209.1472684467026,209.1472684467026,209.35000099050978,208.81418435812446,0.333084088578147,-1.0062476117754313,0.6708317477954553,0.201473813636643,10.665098801880816,4.863208222199637,43.23442231260369,23.211797207400274,-0.23294292246782433,0.0,15.207661509409263,-0.19985045314689387
A3,420002,894,Z_mode_existing_controller,25.290748172456347,50.10986019271578,-18.7365613859356,0.29592470113774055,0.9485750794410706,False,False,-0.9485750794410706,-0.09485750645399094,-3.629089076031433,-3.6290890760314207,194.4543009269105,194.4543009269105,198.0833900029419,195.57602842257472,-1.1217274956642314,-3.82583225270808,3.3135846792535615,0.9485750645399059,-0.011013062670826912,-0.0011013062903657556,-0.22847551993769866,-0.22847551993770837,209.53610162527272,209.5361016252727,209.7645771452104,209.2602089554875,0.2758926697851791,-1.0062476117754313,0.6708317477954553,0.2270569562243078,10.842735805314383,5.596771198074692,38.8457172304188,24.790284933302544,-0.2965364627769631,0.0,19.198633450584566,-0.16553560187111316
A3,420002,895,Z_mode_existing_controller,25.282662841917617,50.11005468669106,-22.368247620132934,0.34472994261723217,0.9455466270446777,False,False,-0.9455466270446777,-0.09455466270446777,-3.6198734306747733,-3.6198734306747635,195.82489606362765,195.82489606362765,199.44476949430242,197.08001143833775,-1.2551153747101012,-3.8283394251944514,3.3110775067671905,0.9455466270446751,-0.014015230350196362,-0.0014015230117365718,-0.24688391405229548,-0.2468839140522941,209.82552749298782,209.82552749298782,210.0724114070401,209.5946761636774,0.2308513293104113,-1.0062476117754313,0.6708317477954553,0.24535105590629938,11.992884957317495,5.4113584831127115,37.10259003206582,22.12362147841231,-0.35392931121375426,0.0,22.860687728933044,-0.13851079758624962
A3,420002,896,Omega_safe_one_step_QP,25.255843300007417,50.10902199612416,-58.07742870419861,0.8972031019860813,0.9528559446334839,False,False,-0.9528559446334839,-0.09528559446334839,-4.986447225950891,-4.986447225950885,199.53325181332264,199.53325181332264,204.51969903927352,202.2826406683021,-2.7493888549794576,-5.233159591473115,3.3015083772768863,0.9528559446334827,-0.2682170867919922,-0.02682170830667019,-0.8150694253994811,-0.8150694253994686,210.2875310782372,210.28753107823724,211.1026005036367,210.64986190393878,-0.36233082570154806,-3.1403095435913353,4.175120143908665,0.2595506634251524,10.63407087910372,5.31619478122856,40.684637638304295,26.804683402481583,-0.9294738695714848,0.0,58.78950407834873,0.21739849542092315
A3,420002,897,Omega_safe_one_step_QP,25.253429282737052,50.11132750036961,-45.09043302912323,0.6950679438327346,0.9621877670288086,False,False,-0.9621877670288086,-0.0962187796831131,-5.108029370998734,-5.10802937099874,200.1677286564796,200.1677286564796,205.27575802747833,202.37427021048268,-2.2065415540030813,-5.308765490293596,3.2259024784564043,0.9621877968311322,-0.3179355263710022,-0.03179355338215828,-1.0795575749582211,-1.0795575749582085,210.3020107731609,210.3020107731609,211.38156834811912,210.8180113048939,-0.516000531732999,-3.1682063280395765,4.147223359460424,0.3407472440806017,10.735319558617192,4.4958171645388045,37.16562004510483,25.927560993052285,-0.7167698696114293,0.0,45.4976025796941,0.30960031903980223
A3,420002,898,Omega_safe_one_step_QP,25.241239664875994,50.11295278791626,-36.54153429331018,0.5608965744583587,0.9551219344139099,False,False,-0.9551219344139099,-0.09551219642162323,-5.326975708324127,-5.32697570832414,202.6338549620183,202.63385496201826,207.9608306703424,204.49263798568384,-1.8587830236655805,-5.577272754580003,2.9573952141699977,0.9551219642162343,-0.33501002192497253,-0.03350100293755531,-1.2285699034236583,-1.2285699034236688,210.8050830068093,210.80508300680927,212.03365291023295,211.37460229351973,-0.5695192867104595,-3.233414784250959,4.082014903249042,0.3799605016367471,10.523587712026828,4.698356620060793,43.75773299721714,22.374788123881473,-0.577483289892168,0.0,36.777306011176734,0.3417115720262842
A3,420002,899,Omega_safe_one_step_QP,25.238881700047667,50.113295621248,-26.047366167733344,0.39843904452879686,0.956209123134613,False,False,-0.956209123134613,-0.09562091529369354,-5.405325478108697,-5.405325478108698,203.31147182915075,203.31147182915075,208.71679730725944,204.74058887179166,-1.429117042640911,-5.652869418271707,2.8817985504782944,0.9562091529369358,-0.2848550081253052,-0.028485501185059547,-0.9994290950189728,-0.9994290950189666,211.20075804298264,211.20075804298264,212.2001871380016,211.45450107058016,-0.25374302759752254,-3.2500682070278257,4.065361480472174,0.3075101909731736,10.675456388835997,4.9450293606776246,41.712761309497985,24.176965033697495,-0.4098550468107014,0.0,26.3049753979858,0.1522458165585192
A3,420002,900,Omega_safe_one_step_QP,25.236093713040145,50.11470348223713,-17.288918111054045,0.27100073221488996,0.9578530788421631,False,False,-0.9578530788421631,-0.09578531235456467,-5.4933849801959225,-5.493384980195929,204.0457341316544,204.0457341316544,209.5391191118503,205.1332445461605,-1.087510414506113,-5.735101598730796,2.7995663700192055,0.9578531235456473,-0.2809458076953888,-0.02809458039700985,-1.0028886037005789,-1.002888603700587,211.43945143634852,211.4394514363485,212.4423400400491,211.6231349289898,-0.18368349264130757,-3.2742834972325734,4.041146190267428,0.3062925383670135,9.111257663356463,6.176584302530732,36.67870159904262,25.967097547631667,-0.2697982676883175,0.0,17.448506283157258,0.11021009558479022
A3,420002,901,Omega_safe_one_step_QP,25.26542540458251,50.11645241179312,5.776928934911666,-0.09339447805000713,0.9507316946983337,False,False,-0.9507316946983337,-0.0950731709599495,-4.927790544735735,-4.927790544735738,199.0918702630106,199.0918702630106,204.01966080774633,199.22802285058472,-0.13615258757411652,-5.183155768320397,3.3515122004296036,0.9507317095994956,-0.04250871017575264,-0.004250871017575264,0.26109846627759836,0.2610984662775928,211.61089985876058,211.61089985876058,211.349801392483,210.4630503607712,1.1478494979893696,-3.165029632475963,4.150400055024037,0.06290922870472077,8.598214247400545,4.418213464256077,39.56316090388106,24.148909950366004,0.09142448519919011,0.0,-5.179643721317007,-0.6887096987936161
A3,420002,902,Z_mode_existing_controller,25.286583408331794,50.11636621339738,44.136550183026884,-0.6879134913040269,0.9425265192985535,False,False,-0.9425265192985535,-0.09425265341997147,-3.5926330987504445,-3.592633098750459,196.53484604489554,196.53484604489552,200.12747914364599,195.10130480870362,1.4335412361918998,-3.8117049954470468,3.327711936514595,0.9425265341997185,-0.01613558456301689,-0.0016135585028678179,-0.2597375165540782,-0.2597375165540865,210.23977492152252,210.23977492152252,210.4995124380766,209.5710240814667,0.6687508400558215,-1.0062476117754313,0.6708317477954553,0.2581248526849207,11.769860257524758,3.237642907617195,39.40930238837092,28.518019693138754,0.7223762175560111,0.0,-44.45767589654952,-0.4012505040334844
A3,420002,903,Omega_safe_one_step_QP,25.243465515813693,50.119419814315016,-16.06538938615722,0.24370053074426334,0.9652097225189209,False,False,-0.9652097225189209,-0.09652097523212433,-5.419908736646207,-5.4199087366461995,202.92084642660393,202.92084642660393,208.34075516325012,203.91748081069085,-0.9966343840869172,-5.615265203870775,2.9194027648792256,0.965209752321242,-0.3606889545917511,-0.03606889769434929,-1.388347031093292,-1.3883470310932968,211.04752263131465,211.04752263131465,212.43586966240795,211.60802502154368,-0.5605023902290327,-3.2736364594684595,4.0417932280315405,0.42409933060151794,11.36825311459266,4.532124659942259,36.36918694881219,25.374783989134183,-0.2440869561842014,0.0,15.973174908203873,0.3363014341374253
A3,420002,904,Omega_safe_one_step_QP,25.22349808780898,50.1212408494368,-16.357244094469934,0.25726240903814224,0.9611578583717346,False,False,-0.9611578583717346,-0.09611579030752182,-5.800089176310497,-5.800089176310502,206.732824699443,206.732824699443,212.5329138757535,207.77211056325976,-1.0392858638167581,-6.034481075121112,2.500186893628888,0.9611579030752191,-0.3909047842025757,-0.03909048065543175,-1.6320429741258808,-1.632042974125876,211.7899136816117,211.7899136816117,213.42195665573757,212.53539825173476,-0.7454845701230681,-3.372245158801422,3.9431845286985787,0.48396332332668945,8.348444686070902,6.599101074050237,44.07030737440742,24.618637443585232,-0.2500366856276133,0.0,16.159990038023352,0.44729074207384656
A3,420002,905,Omega_safe_one_step_QP,25.271281952692206,50.12283739557718,17.703706388262617,-0.280847410346462,0.9336917996406555,False,False,-0.9336917996406555,-0.09336917847394943,-4.778424551336476,-4.7784245513364825,198.58742940529322,198.58742940529322,203.3658539566297,198.2259323072131,0.36149709808012176,-5.117775083208734,3.416892885541268,0.9336917847394954,-0.02753443457186222,-0.0027534435503184795,0.30778588355944225,0.307785883559452,211.8497930948224,211.84979309482242,211.54200721126296,210.58747548342834,1.2623176113940815,-3.1842502143539613,4.131179473146039,0.0745031499019001,9.958157072818397,4.444807524491014,39.18784068684256,24.501365894036795,0.285337985447466,0.0,-17.23165380687351,-0.7573905668364489
A3,420002,906,Omega_safe_one_step_QP,25.270431805603998,50.123231233107006,17.516272729933917,-0.27763432984175995,0.9512829184532166,False,False,-0.9512829184532166,-0.09512829035520554,-4.909286774797458,-4.909286774797468,198.88582785459127,198.88582785459127,203.79511462938873,198.53195489252573,0.3538729620655374,-5.160701150484636,3.373966818265364,0.9512829035520575,-0.01798795908689499,-0.0017987958854064345,0.3530909351651082,0.3530909351651054,211.9958193938559,211.9958193938559,211.64272845869078,210.66539741414599,1.3304219797099108,-3.1943223390967437,4.121107348403257,0.08567865510756768,9.943679609223185,4.338672516745293,40.477096783618826,28.02625777545006,0.28156306447968404,0.0,-16.999582606587865,-0.7982531878259493
A3,420002,907,Omega_safe_one_step_QP,25.269662270792924,50.125880891907485,20.70558879915461,-0.3211945748097601,0.9444875121116638,False,False,-0.9444875121116638,-0.0944487527012825,-4.910251219737264,-4.910251219737251,199.26637562059358,199.26637562059358,204.17662684033084,198.79305778449455,0.473317836099028,-5.1988523715788455,3.3358155971711554,0.9444875270128225,-0.017918048426508904,-0.0017918049125000834,0.32946496244940293,0.3294649624493981,212.19260917081763,212.19260917081763,211.86314420836823,210.86349202881726,1.3291171420003707,-3.2163639140644884,4.099065773435512,0.08037562231485412,11.182792294291033,3.4650247849929405,35.94882156268447,28.46610656388004,0.3345580626609568,0.0,-20.24267657661585,-0.7974702852002196
A3,420002,908,Omega_safe_one_step_QP,25.239397706088948,50.12883273936354,3.92319069223322,-0.05928984926182113,0.9686732292175293,False,False,-0.9686732292175293,-0.09686732292175293,-5.6353388570883265,-5.635338857088323,204.728614359238,204.728614359238,210.36395321632634,204.90459385073825,-0.17597949150024306,-5.817585009178396,2.7170829595716053,0.9686732292175286,-0.33657020330429077,-0.0336570218205452,-1.357083319444082,-1.3570833194440701,211.98407192446544,211.98407192446547,213.34115524390953,212.32724466808804,-0.3431727436225742,-3.3641650176186193,3.9512646698813816,0.40339380272276426,11.39039924140498,5.5947772483868095,40.73037393479052,25.728235843004516,0.07837961123951587,0.0,-4.207473949645646,0.20590364617355306
A3,420002,909,Omega_safe_one_step_QP,25.232513713514713,50.13150658489795,4.617795848153946,-0.07185282969182567,0.9663199186325073,False,False,-0.9663199186325073,-0.09663199633359909,-5.773969628275241,-5.773969628275243,206.16628441263626,206.16628441263626,211.9402540409115,206.30166433699088,-0.13537992435462343,-5.975215091636913,2.559452877113088,0.9663199633359911,-0.36933305859565735,-0.036933306604623795,-1.5636856532188628,-1.5636856532188725,212.25483383414627,212.25483383414627,213.81851948736514,212.77147538466394,-0.5166415505176758,-3.411901441964179,3.9035282455358216,0.4583032891825512,9.297086492106795,5.885466203264822,38.221232134911574,20.362133143935665,0.08925920032562829,0.0,-5.017039978790308,0.3099849303106055
A3,420002,910,Omega_safe_one_step_QP,25.259100685059657,50.130341702012586,22.453409777284833,-0.3490578643099169,0.9586595892906189,False,False,-0.9586595892906189,-0.09586595743894577,-5.250600205088958,-5.250600205088951,201.70772944572485,201.70772944572488,206.95832965081382,201.12245440984387,0.5852750358810113,-5.477022652627146,3.057645316122855,0.9586595743894563,-0.23475077748298645,-0.023475078865885735,-0.7995552646976906,-0.7995552646976989,211.87505496183354,211.87505496183354,212.67461022653123,211.58977086619475,0.28528409563878654,-3.2975105158807896,4.01791917161921,0.24247239268746706,10.520638201216597,3.3342879033743174,41.880995358677815,22.60619415267479,0.3723441321033505,0.0,-22.654583452003862,-0.17117045738326908
A3,420002,911,Omega_safe_one_step_QP,25.243225849268335,50.130470622791826,16.640309911379518,-0.2526348265484873,0.9551563262939453,False,False,-0.9551563262939453,-0.09551563113927841,-5.553182553231766,-5.553182553231773,204.7739129749127,204.7739129749127,210.32709552814447,204.43415921396073,0.3397537609519645,-5.813899240360209,2.720768728389792,0.9551563113927851,-0.24180364608764648,-0.024180365726351738,-0.9034344664863032,-0.9034344664863136,212.4854128006227,212.4854128006227,213.388847267109,212.29071082410937,0.1947019765133291,-3.3689342199385663,3.9464954675614337,0.26816625303618663,11.21993155434639,5.610006495921581,43.15526662050701,21.530518197392112,0.27940674518701414,0.0,-16.80289547065877,-0.11682118590800883
A3,420002,912,Omega_safe_one_step_QP,25.240061358588324,50.13076170583526,15.41249334454642,-0.2466712111670266,0.9566980004310608,False,False,-0.9566980004310608,-0.09566979855298996,-5.64407369188284,-5.644073691882835,205.53938405083275,205.53938405083278,211.1834577427156,205.20607564849357,0.3333084023392132,-5.899535461817323,2.635132506932677,0.9566979855298989,-0.292012095451355,-0.029201209545135498,-1.1657553479703653,-1.1657553479703577,212.4102135380018,212.4102135380018,213.57596888597217,212.46057097428,-0.05035743627817624,-3.3876463818248816,3.9277833056751184,0.34411954985171156,7.880750669889245,4.594725489917595,43.060804117110024,25.70786059824249,0.2585530512301686,0.0,-15.701260857542366,0.0302144617669029
A3,420002,913,Omega_safe_one_step_QP,25.279867897646195,50.13257917379774,37.277741991977564,-0.6038783517508848,0.9516422152519226,False,False,-0.9516422152519226,-0.0951642245054245,-4.887428877091339,-4.887428877091341,198.6585127891054,198.6585127891054,203.54594166619674,197.43721546844358,1.2212973206618187,-5.135783854165437,3.398884114584564,0.9516422450542452,-0.012555944733321667,-0.0012555945431813598,0.34224210739560235,0.34224210739560657,212.37909996668674,212.37909996668674,212.03685785929113,210.89408180020695,1.4850181664797901,-3.2337352791567784,4.081694408343223,0.08384804768726527,8.886863051780038,5.383960285992992,35.51235757214519,23.272300848819206,0.5997097126773028,0.0,-36.98644080476697,-0.8910108998878741
A3,420002,914,Z_mode_existing_controller,25.3017708803978,50.131664786521206,63.898201156243886,-1.1088883520456134,0.9374658465385437,False,False,-0.9374658465385437,-0.09374658763408661,-3.547740111666773,-3.5477401116667693,195.91767217533626,195.91767217533626,199.46541228700303,193.39023304907147,2.5274391262647953,-3.7843938656352765,3.3550230663263654,0.9374658763408653,-0.0010875645093619823,-0.00010875645239138976,-0.16407307400131133,-0.16407307400132035,210.93648447558905,210.93648447558905,211.10055754959038,209.96003651385766,0.9764479617313953,-1.0062476117754313,0.6708317477954553,0.16305437357692557,5.8212884784693415,5.439130331938019,39.19250330378626,26.756612297721674,1.0341110777425655,0.0,-64.34644345694778,-0.58586877703884
A3,420002,915,Omega_safe_one_step_QP,25.36962935582196,50.13185261173911,70.03719635993275,-1.1684317437860274,0.8525562286376953,False,False,-0.8525562286376953,-0.08525562286376953,-2.8648434927584967,-2.864843492758498,182.92624552910408,182.92624552910408,185.79108902186258,180.41552745233523,2.5107180767688533,-3.360298589732021,5.17436937901798,0.8525562286376954,0.053514935076236725,0.00535149360075593,0.9496571627728073,0.9496571627727977,209.14863431957522,209.14863431957522,208.1989771568024,207.1712434816513,1.9773908379239344,-2.8499472089079076,4.465482478592093,0.2126661939276519,11.212593085289054,4.608348585642373,46.00346834802243,24.988609088909794,1.12897326592514,0.0,-69.97973512310364,-1.1864345027543521
A3,420002,916,Z_mode_existing_controller,25.339922887518195,50.13096087607326,46.35519450382435,-0.7796238506514555,0.9087667465209961,False,False,-0.9087667465209961,-0.09087667614221573,-3.439794727539258,-3.439794727539261,188.4459568789094,188.4459568789094,191.88575160644868,186.79796271594873,1.6479941629606856,-3.7851238332663217,3.3542930986953197,0.9087667614221583,-0.08015928417444229,-0.008015928789973259,-0.6574812278974163,-0.6574812278974065,208.77972128413185,208.77972128413188,209.43720251202927,208.45435053648117,0.32537074765070884,-1.0062476117754313,0.6708317477954553,0.65339904433397,9.139853637027313,4.713627517167319,39.128080695173246,24.95247208929177,0.7582868539234955,0.0,-46.918258909157885,-0.19522244859041393
A3,420002,917,Omega_safe_one_step_QP,25.34583175048902,50.12985468341584,33.396513388349376,-0.5623953672946024,0.889126718044281,False,False,-0.889126718044281,-0.08891267329454422,-3.402536075278252,-3.402536075278241,187.05385827481922,187.05385827481922,190.45639435009747,185.97994318222717,1.0739150925920455,-3.8268291225555084,4.707838846194493,0.8891267329454392,-0.065056711435318,-0.006505671422928572,0.3230320943391943,0.3230320943391832,209.39811785476243,209.3981178547624,209.07508576042324,208.1931554697787,1.204962384983702,-2.937558069269987,4.377871618230014,0.07378747540106852,9.261233277530264,4.831216873297017,39.44993017970986,28.020923941543604,0.5392044532327436,0.0,-33.21274041059223,-0.7229774309902268
A3,420002,918,Omega_safe_one_step_QP,25.349704069674626,50.130403774465634,31.03019715513892,-0.5133634345710713,0.9300317168235779,False,False,-0.9300317168235779,-0.09300317615270615,-3.508757033925293,-3.508757033925283,186.4066278789735,186.4066278789735,189.9153849128988,185.45347948568977,0.9531483932837261,-3.772728178835641,4.76193978991436,0.9300317615270587,-0.0913865715265274,-0.009138657711446285,0.2330313193053407,0.23303131930533377,209.21187629557747,209.21187629557744,208.97884497627211,208.09603215783386,1.1158441377435793,-2.927933990854876,4.387495696645124,0.05311260350261311,10.46271652547781,5.361548213176091,42.37272488405292,22.08771526468413,0.5026204070366127,0.0,-30.86331107952992,-0.6695064826461419
A3,420002,919,Z_mode_existing_controller,25.339854369478207,50.1278297103831,33.35388231752677,-0.550374429978617,0.8896055817604065,False,False,-0.8896055817604065,-0.08896055817604065,-3.3655730546060068,-3.3655730546060103,188.74610259996695,188.74610259996695,192.11167565457296,187.66657173572455,1.0795308642424004,-3.7832193542963197,3.356197577665322,0.8896055817604074,-0.047690995037555695,-0.004769099410623312,-0.44968901230142133,-0.44968901230142966,208.83815303940023,208.83815303940023,209.28784205170166,208.40540183581942,0.432751203580807,-1.0062476117754313,0.6708317477954553,0.4468969735073406,10.067974454327807,4.631794947888996,37.122016423577875,24.007022847011886,0.5465779806459494,0.0,-33.64080957602437,-0.2596507221484785
A3,420002,920,Z_mode_existing_controller,25.329820861512548,50.12629054193789,18.369081145326163,-0.29291144946207776,0.9218972325325012,False,False,-0.9218972325325012,-0.092189721763134,-3.490453205789941,-3.4904532057899287,190.34697142533253,190.34697142533255,193.83742463112247,189.9174041756817,0.4295672496508587,-3.786163076571674,3.353253855389968,0.9218972176313369,-0.0038639504928141832,-0.0003863950551021844,-0.17895575400674324,-0.17895575400675295,209.39579839604863,209.39579839604863,209.57475415005538,208.78002028898143,0.6157781070672002,-1.0062476117754313,0.6708317477954553,0.1778446496792196,11.630590895469476,5.3936194226203895,41.802714183868204,26.490235003532568,0.3026544619735603,0.0,-18.302268743060267,-0.36946686424032293
A3,420002,921,Z_mode_existing_controller,25.305609081973618,50.12727976480193,5.372670842843945,-0.08642112279303385,0.9399121403694153,False,False,-0.9399121403694153,-0.09399121254682541,-3.561559483159021,-3.561559483159032,194.75399956644608,194.75399956644605,198.3155590496051,194.84625790438648,-0.0922583379404216,-3.7892472994586486,3.3501696325029933,0.9399121254682571,-0.008901279419660568,-0.0008901279652491212,-0.21371658929223575,-0.21371658929224616,210.38216906551048,210.38216906551045,210.59588565480271,209.87807221918183,0.504096846328622,-1.0062476117754313,0.6708317477954553,0.21238966114430116,9.90821302656184,5.273495919837504,37.198464298751794,26.905997534044197,0.09106163550872992,0.0,-5.161274370555475,-0.30245810779717885
A3,420002,922,Z_mode_existing_controller,25.30841423434126,50.12837007001779,-3.631450633689383,0.05911875961017783,0.947670042514801,False,False,-0.947670042514801,-0.0947670042514801,-3.593927971569286,-3.5939279715692862,193.86777291706767,193.86777291706767,197.46170088863695,194.3391038634338,-0.47133094636612327,-3.7923832244735696,3.3470337074880723,0.9476700425148011,-0.007990830577909946,-0.0007990830927155912,-0.20928102785392408,-0.20928102785392755,210.2748722662392,210.2748722662392,210.48415329409315,209.82571914417895,0.4491531220602667,-1.0062476117754313,0.6708317477954553,0.20798163931506922,9.304241325169357,5.320910696678352,36.07294695289054,26.573512035848836,-0.055213790028901144,0.0,3.95615629695385,-0.26949187323616286
A3,420002,923,Z_mode_existing_controller,25.31975515326928,50.128886812977015,-10.185038643443477,0.16535510797033803,0.9454993009567261,False,False,-0.9454993009567261,-0.09454993158578873,-3.588650711664501,-3.588650711664512,191.34419486531024,191.34419486531024,194.93284557697476,192.08871886790922,-0.744524002598979,-3.7955085228257217,3.3439084091359197,0.9454993158578904,-0.004977215081453323,-0.0004977215430699289,-0.18992855844694734,-0.18992855844695705,209.79175378843868,209.79175378843868,209.98168234688563,209.37145353334733,0.42030025509134816,-1.0062476117754313,0.6708317477954553,0.18874932593563684,9.996635430811084,2.8268009462107653,42.66154383287026,20.716170298271123,-0.16077828654363202,0.0,10.597997083041264,-0.2521801530548089
A3,420002,924,Z_mode_existing_controller,25.30014355170341,50.126168375452046,-14.705700032806817,0.24195848998840613,0.9373260736465454,False,False,-0.9373260736465454,-0.09373261034488678,-3.5604929775493845,-3.560492977549386,194.98990259245141,194.98990259245141,198.5503955700008,195.94149736572902,-0.9515947732776056,-3.798563770334188,3.3408531616274537,0.9373261034488681,-0.011598119512200356,-0.0011598119745031,-0.23027535127912446,-0.23027535127912307,210.37550286616033,210.37550286616033,210.60577821743945,210.03725967036294,0.33824319579738926,-1.0062476117754313,0.6708317477954553,0.22884561273424878,8.322594626189662,5.884224356049574,44.62879378444831,24.04504645091569,-0.23486402935444728,0.0,15.14350997963993,-0.20294591747843072
A3,420002,925,Z_mode_existing_controller,25.33414576720145,50.1256381281436,-17.22299814573762,0.28319895546440227,0.9146591424942017,False,False,-0.9146591424942017,-0.09146591275930405,-3.4770894288875156,-3.4770894288875196,188.10546979660654,188.10546979660654,191.58255922549407,189.14806867145086,-1.042598874844316,-3.801513945460322,3.33790298650132,0.9146591275930416,0.0003367029130458832,3.3670290576992556e-05,-0.15127406708468905,-0.15127406708468072,208.94311101774392,208.94311101774395,209.09438508482862,208.5565825217379,0.38652849600603645,-1.0062476117754313,0.6708317477954553,0.1503348334092158,9.931722757150187,4.517297845131226,40.44616863701868,26.74887277608452,-0.2747735474921562,0.0,17.72968879083419,-0.23191709760362755
A3,420002,926,Z_mode_existing_controller,25.32612041867768,50.12585891701299,-23.089659639051206,0.37280415331519956,0.9329677820205688,False,False,-0.9329677820205688,-0.09329678118228912,-3.54926506016682,-3.54926506016683,189.3593125505256,189.3593125505256,192.90857761069242,190.63591064845923,-1.276598097933629,-3.804273861530167,3.335143070431475,0.9329678118228937,-0.007808355148881674,-0.0007808355148881674,-0.20566558966854248,-0.20566558966854387,209.19140742779183,209.19140742779183,209.39707301746037,208.88884966874716,0.3025577590446744,-1.0062476117754313,0.6708317477954553,0.2043886487399119,10.690183660867289,4.565673395209063,43.252892917718114,30.671988056778005,-0.3685407603633415,0.0,23.639735054841367,-0.1815346554268018
A3,420002,927,Z_mode_existing_controller,25.308604801279678,50.12905870417481,-25.3565325543359,0.42427189993687003,0.9358302354812622,False,False,-0.9358302354812622,-0.09358302503824234,-3.562793313456457,-3.5627933134564658,192.5021509228125,192.5021509228125,196.06494423626896,193.9278413792985,-1.4256904564860235,-3.8070935535590293,3.332323378402612,0.9358302503824258,-0.0075528621673583984,-0.0007552862516604364,-0.20453581560499617,-0.20453581560499687,210.05759515134645,210.05759515134645,210.26213096695145,209.77977446476862,0.2778206865778259,-1.0062476117754313,0.6708317477954553,0.20326588924182612,7.789022889712272,6.277266320261814,39.71392248106445,21.119520406673363,-0.40766354796342863,0.0,25.930888514245453,-0.16669241194669837
A3,420002,928,Omega_safe_one_step_QP,25.349522485297033,50.12593604933603,-19.591263175292625,0.32618483906632556,0.9031121730804443,False,False,-0.9031121730804443,-0.09031122177839279,-3.2142973726102015,-3.2142973726101918,184.56514544720835,184.56514544720835,187.77944281981854,185.72529910003965,-1.1601536528312977,-3.559133969527616,4.975533999222384,0.9031122177839255,-0.054765500128269196,-0.0054765501990914345,0.45150819143469634,0.4515081914346977,208.77126593817982,208.77126593817982,208.31975774674513,207.85310334075854,0.9181625974212864,-2.8620252679021774,4.453404419597823,0.10138495157721886,10.009764748655005,5.55847601668205,42.00383142497258,23.975935584486326,-0.31819872135221416,0.0,20.460359455098114,-0.5508975584527747
A3,420002,929,Omega_safe_one_step_QP,25.34660016132294,50.124065686493715,-12.927575126528609,0.21133974947623949,0.9053019285202026,False,False,-0.9053019285202026,-0.09053019434213638,-3.3005130074679188,-3.3005130074679103,185.34518342560588,185.34518342560588,188.6456964330738,186.2161517564267,-0.8709683308208298,-3.6457593308531417,4.888908637896859,0.9053019434213612,-0.07543822377920151,-0.007543822284787893,0.34665179462087803,0.3466517946208669,208.73024291910102,208.73024291910102,208.38359112448015,207.85420347631063,0.8760394427903861,-2.86840860567568,4.447021081824321,0.07795146194329676,11.00399856681339,4.902290424880659,43.319768000937835,26.820995119703582,-0.2086019868544895,0.0,13.661800779057558,-0.5256236656742317
A3,420002,930,Z_mode_existing_controller,25.32385732842794,50.12440813611846,-12.567835660768651,0.19852492717886894,0.9404053688049316,False,False,-0.9404053688049316,-0.09404053539037704,-3.5774009942573195,-3.577400994257321,189.8105295216308,189.8105295216308,193.38793051588812,190.64518279500706,-0.8346532733762615,-3.8041053035342323,3.335311628427409,0.9404053539037707,-0.014212969690561295,-0.0014212969690561295,-0.2472676145446412,-0.24726761454463425,209.1554288929709,209.15542889297092,209.40269650751554,208.8209095470169,0.3345193459540212,-1.0062476117754313,0.6708317477954553,0.2457323740707849,12.017898936423082,3.725960846350839,38.25133368231444,20.35607848323063,-0.1965396579207095,0.0,12.965086926262302,-0.20071160757241557
A3,420002,931,Omega_safe_one_step_QP,25.275082994616152,50.12142978956477,-43.88844105428416,0.7188838967222977,0.9429495930671692,False,False,-0.9429495930671692,-0.0942949578166008,-4.7700649366702015,-4.770064936670215,198.00467661606632,198.0046766160663,202.77474155273651,200.2612760093084,-2.2565993932421122,-5.0586638428194135,3.4760041259305874,0.9429495781660103,-0.07454174757003784,-0.0074541750364005566,0.11107623454581772,0.11107623454581356,211.35445046465009,211.35445046465009,211.24337423010428,210.7034219013214,0.6510285633286799,-3.154386916238092,4.161042771261908,0.02669432655510238,7.608110168187926,5.236316250134714,41.178210856053276,22.308565449843762,-0.7123844077050423,0.0,44.99144259998684,-0.39061713799721076
A3,420002,932,Z_mode_existing_controller,25.316795916295966,50.11987786562484,-3.038418909750362,0.05078882583352469,0.9320170283317566,False,False,-0.9320170283317566,-0.09320170432329178,-3.5455017510430604,-3.5455017510430675,191.28706869551561,191.2870686955156,194.83257044655866,191.75114776101077,-0.4640790654951843,-3.8041168632975455,3.335300068664096,0.9320170432329198,-3.3274292945861816e-05,-3.3274293400609167e-06,-0.15651630813838663,-0.1565163081383797,209.28784954927633,209.28784954927633,209.4443658574147,208.8092602041926,0.4785893450837193,-1.0062476117754313,0.6708317477954553,0.15554452632411328,8.347583417130423,6.056139895766995,41.988248041790996,26.973937202854838,-0.04634971848082525,0.0,3.3719222352819997,-0.28715360705022874
A3,420002,933,Omega_safe_one_step_QP,25.347855111591397,50.12040411534842,-0.17955569795867632,0.002938855414760659,0.8790805339813232,False,False,-0.8790805339813232,-0.0879080519080162,-3.1872323485730645,-3.187232348573073,185.25730325735415,185.25730325735415,188.44453560592723,185.6071237708523,-0.3498205134981447,-3.6256432481384846,4.909024720611516,0.8790805190801646,-0.08339332044124603,-0.008339332416653633,0.31057228173218404,0.31057228173219376,208.427818325841,208.427818325841,208.1172460441088,207.52375373717538,0.9040645886656193,-2.8417740976385457,4.473655589861455,0.06942248358055027,11.055367617291626,5.714127084154721,32.59913334698632,20.555554772919923,-0.001571863106342164,0.0,0.723566314265554,-0.5424387531993773
A3,420002,934,Z_mode_existing_controller,25.327175620609285,50.11610498822478,-4.176151436221517,0.0696248621539723,0.9384742975234985,False,False,-0.9384742975234985,-0.09384743124246597,-3.570031295848265,-3.57003129584826,189.26441697860815,189.26441697860815,192.8344482744564,189.77497807803164,-0.5105610994234837,-3.8040799290762326,3.3353370028854092,0.9384743124246582,-0.0024942331947386265,-0.00024942331947386265,-0.17310544336081868,-0.1731054433608284,208.62112979982936,208.62112979982933,208.79423524319017,208.16310669227397,0.4580231075553627,-1.0062476117754313,0.6708317477954553,0.17203066256763558,8.935571567773042,2.701156036664616,35.88447786685708,23.591730795244107,-0.06409684249747549,0.0,4.51506214325218,-0.27481386453321477
A3,420002,935,Z_mode_existing_controller,25.32098622093272,50.114065005066806,-11.460455283656302,0.1854450280460752,0.950680136680603,False,False,-0.950680136680603,-0.09506801515817642,-3.619181437621424,-3.6191814376214273,190.19682902013568,190.19682902013568,193.8160104577571,191.005828559991,-0.8089995398553071,-3.806939096813733,3.332477835147909,0.950680151581765,-0.002521613845601678,-0.0002521613787394017,-0.17532498115747086,-0.17532498115746253,208.7183960506911,208.7183960506911,208.89372103184857,208.30565401329235,0.4127420373987434,-1.0062476117754313,0.6708317477954553,0.17423641965034603,10.433813629707956,3.440029256218695,33.67685586447326,23.43376829248396,-0.18060142067329465,0.0,11.88870192676859,-0.24764522243924603
A3,420002,936,Z_mode_existing_controller,25.29467772649903,50.112256760799916,-18.596041912364853,0.28215571942530415,0.9614360928535461,False,False,-0.9614360928535461,-0.09614361077547073,-3.6628982226603437,-3.6628982226603406,195.09620700487181,195.09620700487181,198.75910522753216,196.16924224330174,-1.0730352384299238,-3.809819699006836,3.3295972329548054,0.9614361077547067,0.0042971963994205,0.00042971965740434825,-0.1341643532305259,-0.13416435323053838,209.7185877443577,209.71858774435768,209.85275209758822,209.30415138339941,0.41443636095826264,-1.0062476117754313,0.6708317477954553,0.13333135071378477,13.2034185807616,4.3299693066501215,41.49937942498811,21.991590630596352,-0.2939540659573652,0.0,19.13865779489788,-0.2486618165749519
A3,420002,937,Omega_safe_one_step_QP,25.23911710500331,50.11177660098315,-74.2361446467421,1.0662529067177362,0.9792898893356323,False,False,-0.9792898893356323,-0.09792899340391159,-5.607807037288043,-5.607807037288046,203.844307922426,203.844307922426,209.45211495971404,207.0646606425394,-3.2203527201133966,-5.726401183517167,2.808266785232834,0.9792899340391167,-0.4075941741466522,-0.04075941815972328,-1.5804057635710995,-1.5804057635710898,210.5359685440406,210.5359685440406,212.1163743076117,211.60598755997455,-1.0700190159339513,-3.241686923988834,4.0737427635111665,0.48752572368291214,14.094636413983661,4.81291518144566,44.95678563396075,27.138989741540723,-1.18237517076669,0.0,74.77650840794922,0.6420114095603822
A3,420002,938,Omega_safe_one_step_QP,25.18473630616226,50.116502914858025,-74.751186215688,1.152438797199887,0.9806511402130127,False,False,-0.9806511402130127,-0.09806511551141739,-6.688232324068322,-6.68823232406833,213.7018230358705,213.70182303587046,220.3900553599388,217.30221206332854,-3.6003890274580783,-6.820195223539642,1.7144727452103592,0.9806511551141751,-0.24365085363388062,-0.02436508610844612,-1.034688006048987,-1.0346880060489827,213.67580385724028,213.67580385724028,214.71049186328926,214.08527646717434,-0.4094726099340562,-3.501098679556592,3.8143310079434083,0.29553237447738095,7.479119019762198,4.916072941993749,37.004787454198635,27.453646048858953,-1.203260762696134,0.0,75.70876341242365,0.24568356596043373
A3,420002,939,Omega_safe_one_step_QP,25.23745141134514,50.12013788976774,-29.995452627282248,0.46482384825679146,0.9462835192680359,False,False,-0.9462835192680359,-0.09462835639715195,-5.491723976002979,-5.4917239760029855,204.73103371819508,204.73103371819508,210.22275769419807,206.34987517926297,-1.6188414610678876,-5.803465456965569,2.7312025117844323,0.9462835639715202,-0.12760969996452332,-0.012760969810187817,-0.2871390788241813,-0.28713907882416817,212.44715725275003,212.44715725275003,212.7342963315742,211.97756679906013,0.4695904536899036,-3.3034791263850853,4.011950561114916,0.08692020377267444,9.5293692756824,4.968082552029932,40.56039192294662,24.096951295777554,-0.4826634127323963,0.0,30.759870312228486,-0.281754272213945
A3,420002,940,Omega_safe_one_step_QP,25.253088149316792,50.121234029029466,-14.442954734152408,0.22366371227171578,0.9544020295143127,False,False,-0.9544020295143127,-0.09544020146131516,-5.268435412217998,-5.268435412218,202.12109574318887,202.12109574318887,207.38953115540687,203.06595522993385,-0.9448594867449742,-5.5201428030864506,3.0145251656635508,0.954402014613152,-0.22620221972465515,-0.022620221599936485,-0.7120741243300712,-0.7120741243300575,211.46668903823218,211.46668903823218,212.17876316256223,211.34606793686203,0.1206211013701477,-3.2479258094838883,4.067503878016113,0.21923965204217816,10.309370050254179,3.6905360916850753,42.44140450965951,24.153559624054093,-0.22580303287131542,0.0,14.741130427845746,-0.07237266082208293
A3,420002,941,Omega_safe_one_step_QP,25.24439351827689,50.122359545800755,-11.257296448522538,0.17330135910948452,0.9551551938056946,False,False,-0.9551551938056946,-0.09551551938056946,-5.459595335956221,-5.459595335956233,203.88775658252467,203.88775658252464,209.34735191848088,204.69651751019367,-0.8087609276690273,-5.71592487939385,2.8187430893561505,0.955155193805696,-0.2593447268009186,-0.025934472680091858,-0.9182577027657721,-0.9182577027657728,211.73014381465822,211.73014381465822,212.648401517424,211.75921172226316,-0.029067907604940046,-3.2948896449700644,4.0205400425299365,0.27869148946083006,10.304397925159446,4.664081629645634,42.45256457942369,28.10238218708597,-0.17257285655187715,0.0,11.412428560512126,0.017440744562961186
A3,420002,942,Omega_safe_one_step_QP,25.245581905537307,50.126134313152335,-4.703149103793294,0.07207550649694598,0.959303617477417,False,False,-0.959303617477417,-0.09593036025762558,-5.480736845520476,-5.480736845520469,203.83981976717405,203.83981976717408,209.32055661269453,204.36899873928084,-0.529178972106763,-5.713245348815217,2.821422619934784,0.9593036025762547,-0.30482104420661926,-0.030482104048132896,-1.1575577196583309,-1.1575577196583282,211.68910547385153,211.68910547385155,212.84666319350987,211.904942569756,-0.21583709590444755,-3.3147158125786538,4.000713874921347,0.34921778671512005,10.647204797906825,4.051148525876289,39.97003048513594,24.143817692429437,-0.0639371153479793,0.0,4.637583961598466,0.12950225754266853
A3,420002,943,Omega_safe_one_step_QP,25.234965985558436,50.12743049123874,-3.297449304552174,0.05122962787013477,0.9533057808876038,False,False,-0.9533057808876038,-0.09533058106899261,-5.668057423940595,-5.668057423940602,205.97691001823887,205.97691001823884,211.64496744217945,206.44818992994178,-0.47127991170293626,-5.945686431763706,2.588981536986294,0.9533058106899275,-0.32214248180389404,-0.03221425041556358,-1.2972961065740074,-1.297296106574006,212.10747953224876,212.10747953224876,213.40477563882277,212.41929199116757,-0.3118124589188085,-3.370527057109942,3.944902630390059,0.38489413809553347,9.350358824069819,4.403255577765903,37.83781125216259,22.425946367789027,-0.04142636365535246,0.0,3.151788192855747,0.18708747535129078
A3,420002,944,Omega_safe_one_step_QP,25.248955629464675,50.12747514853875,8.6323663946132,-0.13715225200291373,0.9525071382522583,False,False,-0.9525071382522583,-0.09525071829557419,-5.42361293979515,-5.423612939795149,203.70487905367983,203.70487905367986,209.128491993475,203.68388112086168,0.02099793281817597,-5.694038886893264,2.8406290818567372,0.9525071829557415,-0.18699093163013458,-0.01869909279048443,-0.5862373399777798,-0.5862373399777854,212.27092856407404,212.270928564074,212.8571659040518,211.82647181784603,0.4444567462279849,-3.315766083632845,3.9996636038671554,0.17680298464706157,8.638635297711064,4.719069236250337,39.705115748799194,27.192515734423665,0.1443039783718909,0.0,-8.509996325247812,-0.26667404773678527
A3,420002,945,Omega_safe_one_step_QP,25.275314088788804,50.12993541861304,25.570242637360025,-0.3985800651822434,0.9493055939674377,False,False,-0.9493055939674377,-0.09493055939674377,-4.931861035867769,-4.931861035867762,199.20854350992735,199.20854350992735,204.14040454579512,198.52191041271604,0.6866330972113133,-5.195230142125274,3.339437826624727,0.9493055939674363,-0.019706765189766884,-0.0019706764724105597,0.31740219263937597,0.3174021926393822,212.23812265509983,212.23812265509983,211.92072046246045,210.8573001909075,1.3808224641923346,-3.2221215394737093,4.093308148026291,0.07754172936929436,10.968624155919214,5.31075675868906,40.48947067707246,25.51068383584218,0.4125368585979743,0.0,-25.154286017442246,-0.8284934785153979
A3,420002,946,Omega_safe_one_step_QP,25.26730931392446,50.131411017245696,21.59999766823512,-0.333766620471602,0.9521635174751282,False,False,-0.9521635174751282,-0.09521635621786118,-5.117436300222647,-5.117436300222637,200.8160158745777,200.8160158745777,205.93345217480032,200.28892876717418,0.5270871074035028,-5.3745349050257945,3.160133063724206,0.9521635621786098,-0.043840546160936356,-0.0043840548023581505,0.15758088337554793,0.1575808833755389,212.5337576657646,212.5337576657646,212.37617678238905,211.30666877186567,1.227088893898923,-3.2676671714665706,4.04776251603343,0.038930367765241065,11.083429433521495,4.658371057485729,38.76374120531381,21.548353805935534,0.34957022965973295,0.0,-21.213314561555308,-0.7362533363393595
A3,420002,947,Omega_safe_one_step_QP,25.252174903506553,50.13064710694377,14.601529042866787,-0.225691601922569,0.9518094658851624,False,False,-0.9518094658851624,-0.0951809510588646,-5.4220422200843705,-5.422042220084372,203.73168438022168,203.73168438022168,209.15372660030604,203.46204102475198,0.26964335546969664,-5.696562347576367,2.8381056211736335,0.9518095105886464,-0.2171451598405838,-0.02171451598405838,-0.7478807012483615,-0.7478807012483719,212.25998780914568,212.25998780914568,213.00786851039405,211.9289772317038,0.331010577441873,-3.3308363442670705,3.98459334323293,0.2245324068639999,10.336789721177581,3.9227103071877307,40.914314517120495,25.106699996380794,0.24384013685980932,0.0,-14.646762833261164,-0.19860634646512665
A3,420002,948,Omega_safe_one_step_QP,25.2457025966245,50.13246110367516,13.05019305478072,-0.20128581694618286,0.9545589089393616,False,False,-0.9545589089393616,-0.09545589238405228,-5.578765989333453,-5.578765989333462,205.05272758499004,205.05272758499004,210.63149357432349,204.84175102680362,0.2109765581864167,-5.844339044978112,2.690328923771889,0.954558923840524,-0.2375190109014511,-0.02375190146267414,-0.8852810692463745,-0.885281069246376,212.53049057144312,212.5304905714431,213.41577164068948,212.31733083458235,0.21315973686074585,-3.3716266572966127,3.943803030203388,0.2625679410057218,10.155249621255297,5.441667199876732,38.509451386115344,27.316548615272804,0.2195677325009875,0.0,-13.141864945164343,-0.12789584211645888
A3,420002,949,Omega_safe_one_step_QP,25.25515038329388,50.135565122912865,18.37237553344221,-0.28232854756512366,0.962688148021698,False,False,-0.962688148021698,-0.09626881778240204,-5.464513683573218,-5.464513683573202,203.4866598665845,203.4866598665845,208.9511735501577,203.05527412200126,0.4313857445832241,-5.676307042561532,2.8583609261884693,0.962688177824018,-0.27333489060401917,-0.027333488687872887,-1.0391167237369732,-1.0391167237369718,212.18437051468825,212.18437051468825,213.22348723842524,212.10397309220843,0.08039742247981962,-3.3523982170701876,3.963031470429813,0.309962199134297,10.786106359745009,5.596329855767515,37.390540936247454,24.79229455246933,0.30786038229770796,0.0,-18.63199746225291,-0.04823845348789746
A3,420002,950,Omega_safe_one_step_QP,25.25474301982681,50.13699645035049,18.49814054415947,-0.2928654139541678,0.9623411297798157,False,False,-0.9623411297798157,-0.09623411297798157,-5.489278516047028,-5.489278516047028,203.73970487621267,203.73970487621267,209.2289833922597,203.27674312851468,0.4629617476979888,-5.704088026771732,2.830579941978269,0.9623411297798157,-0.27954620122909546,-0.027954621240496635,-1.0820181943595168,-1.0820181943595149,212.2713935299045,212.2713935299045,213.353411724264,212.22100368067905,0.05038984922543932,-3.3653906656540653,3.950039021845936,0.3215133997375678,8.954484344139132,5.762360916847663,45.08351673422266,26.09346613742355,0.30842242490598526,0.0,-18.776329059530326,-0.030233909535269277
A3,420002,951,Omega_safe_one_step_QP,25.285780613290413,50.13924868123384,38.56161109082586,-0.5935276528613711,0.9430162906646729,False,False,-0.9430162906646729,-0.09430163353681564,-4.819356975362749,-4.819356975362752,198.47450958732045,198.47450958732045,203.2938665626832,197.26592765688605,1.2085819304344056,-5.110576343814083,3.4240916249359175,0.9430163353681573,-0.021500492468476295,-0.002150049200281501,0.2792290824458282,0.27922908244582684,212.48293114767057,212.48293114767057,212.20370206522475,211.0540512905384,1.4288798571321593,-3.250419699750139,4.065009987749861,0.06869087241785372,12.05271207093031,5.469203461050881,39.17473007046283,27.33203554545488,0.6237086828857983,0.0,-38.327991859432586,-0.8573279142792956
A3,420002,952,Omega_safe_one_step_QP,25.261674408201767,50.14187904231295,21.682231082413637,-0.324920563274892,0.9585549831390381,False,False,-0.9585549831390381,-0.09585549682378769,-5.371062824972879,-5.371062824972865,202.84995445624605,202.84995445624608,208.22101728121893,202.2931950193445,0.5567594369015865,-5.603291415667658,2.9313765530823432,0.9585549682378742,-0.31148454546928406,-0.031148454174399376,-1.2429594618795232,-1.2429594618795101,212.15294065394076,212.1529406539408,213.3959001158203,212.26115480475153,-0.10821415081073837,-3.369639504809695,3.9457901826903057,0.36887015958394276,12.527562964140667,4.522182113632448,39.669371564128596,27.43382785459825,0.36480444827577685,0.0,-22.11196402117548,0.06492849048643734
A3,420002,953,Omega_safe_one_step_QP,25.22458752292044,50.14549703847878,3.205994333070521,-0.048562790672909716,0.9632302522659302,False,False,-0.9632302522659302,-0.09632302820682526,-6.116830958423017,-6.116830958423031,209.57458048496633,209.5745804849663,215.69141144338934,209.76228277385388,-0.18770228888757856,-6.350330831884697,2.184337136865305,0.9632302820682547,-0.2299450933933258,-0.02299450896680355,-1.0165911726238617,-1.0165911726238535,214.17163879605997,214.17163879605997,215.18822996868383,214.05024099080754,0.12139780525242827,-3.548872490096047,3.7665571974039533,0.2864546910211306,10.162375555123592,6.383369673791137,41.61922998663044,24.543374858391186,0.06020630181983044,0.0,-3.1933619517385523,-0.0728386831514456
A3,420002,954,Omega_safe_one_step_QP,25.246775590485306,50.1478430154711,16.563360928676047,-0.2530307370628991,0.9618053436279297,False,False,-0.9618053436279297,-0.09618053585290909,-5.703439593607956,-5.703439593607966,205.78397542425083,205.78397542425083,211.48741501785878,205.4025308908496,0.3814445334012362,-5.929931189331642,2.604736779418359,0.9618053585290922,-0.35850515961647034,-0.03585051745176315,-1.569270982214404,-1.569270982214406,212.84482324956102,212.844823249561,214.4140942317754,213.24735333928268,-0.4025300897216937,-3.4714589164052048,3.8439707710947957,0.45204941783941116,10.621537946083986,6.601928706338998,38.50800751626931,23.264568767711246,0.2826832373136412,0.0,-17.087562219822757,0.24151805383301905
A3,420002,955,Omega_safe_one_step_QP,25.260026264323507,50.148738977424095,24.299170669422892,-0.37541934471259625,0.9560928344726562,False,False,-0.9560928344726562,-0.09560928493738174,-5.437330402877011,-5.437330402877014,203.6210903528257,203.6210903528257,209.0584207557027,202.92251697551458,0.6985733773111065,-5.687031763116033,2.8476362056339677,0.9560928493738177,-0.29685935378074646,-0.029685935005545616,-1.223965870225769,-1.2239658702257648,212.71187664724428,212.7118766472443,213.93584251747006,212.75639064001902,-0.04451399277471069,-3.4236337449746723,3.891795942525328,0.3575049089355262,10.504713143482252,5.7439025130515065,42.02885949216309,25.389999046074617,0.40468701369444204,0.0,-24.73056607878152,0.026708395664826412
A3,420002,956,Omega_safe_one_step_QP,25.267022278406667,50.15081067500989,28.721822847232033,-0.44300712411643145,0.9452459216117859,False,False,-0.9452459216117859,-0.09452459216117859,-5.260921402876127,-5.260921402876119,202.58382389903176,202.58382389903178,207.8447453019079,201.71118923944147,0.872634659590318,-5.565664217736552,2.969003751013448,0.9452459216117844,-0.2533213794231415,-0.025332137942314148,-0.9999049522010827,-0.9999049522010799,212.7849997348491,212.7849997348491,213.7849046870502,212.60172919954096,0.18327053530813942,-3.408539961932682,3.9068897255673183,0.2933528617438072,10.88661152829414,6.527965038298139,39.94091840710554,26.996946748573258,0.4745676272341903,0.0,-29.086428153282213,-0.1099623211848808
A3,420002,957,Omega_safe_one_step_QP,25.273774653849152,50.153623203148705,29.83620258724659,-0.47778827725207507,0.9461395740509033,False,False,-0.9461395740509033,-0.09461396187543869,-5.1544249348227575,-5.154424934822758,201.51215930024185,201.51215930024185,206.66658423506462,200.57319879688777,0.9389605033540818,-5.447848111052222,3.086819857697778,0.9461396187543873,-0.05892791226506233,-0.005892791319638491,-0.04211431657548913,-0.04211431657549433,213.64216963794394,213.64216963794394,213.68428395451943,212.50404274215052,1.1381268957934196,-3.3984778886796083,3.916951798820392,0.012392111396627851,8.875896470411023,5.809034373968741,36.98038521093264,24.9602647154014,0.48149715268761817,0.0,-29.63482360245871,-0.6828761374760433
A3,420002,958,Z_mode_existing_controller,25.301692014627044,50.15421218217717,67.07607093309525,-1.0737217459649864,0.9523925185203552,False,False,-0.9523925185203552,-0.09523925185203552,-3.582306689377685,-3.582306689377673,197.7561396747456,197.7561396747456,201.33844636412329,195.27024039837417,2.485899276371441,-3.761376344013271,3.378040587948371,0.952392518520352,-0.017469987273216248,-0.0017469987506046891,-0.26980002659643815,-0.2698000265964513,212.29977741584523,212.29977741584523,212.56957744244167,211.3903933681587,0.9093840476865296,-1.0062476117754313,0.6708317477954553,0.26812488639889936,10.11837568216884,5.300481599720084,39.40153346972517,22.86010801766923,1.0896559326712456,0.0,-67.62009643715464,-0.5456304286119149
A3,420002,959,Z_mode_existing_controller,25.304706085096562,50.153493310677476,48.7359064518314,-0.7690214594046795,0.9437820911407471,False,False,-0.9437820911407471,-0.09437821060419083,-3.5534443868105066,-3.5534443868105168,196.8562318790584,196.85623187905838,200.4096762658689,195.1610343449485,1.6951975341098944,-3.7651109976148636,3.3743059343467783,0.943782106041911,-0.011779381893575191,-0.0011779381893575191,-0.23250018467136785,-0.23250018467136646,212.10724323642944,212.10724323642944,212.33974342110082,211.29609133051676,0.8111519059126806,-1.0062476117754313,0.6708317477954553,0.23105663253316078,11.010103275547044,4.802126216369551,36.859345149310506,20.97868030435486,0.7932695996229775,0.0,-49.04248490790724,-0.4866911435476027
A3,420002,960,Omega_safe_one_step_QP,25.287768194639806,50.151543572228846,0.535623167533231,-0.008525046443694624,0.9481754899024963,False,False,-0.9481754899024963,-0.09481754899024963,-4.859545572772832,-4.859545572772837,198.5800993235628,198.5800993235628,203.43964489633564,198.88501333033196,-0.3049140067691667,-5.125154177179326,3.4095137915706752,0.9481754899024972,-0.008792073465883732,-0.000879207334946841,0.2787743145366211,0.2787743145366207,213.16309330406165,213.16309330406165,212.884318989525,211.9566567774485,1.206436526613146,-3.3184813921801677,3.9969482953198328,0.06974679028574059,9.619405833178282,3.5905610333285023,39.30927504056736,26.17915813053689,0.005142063661885743,0.0,0.18309668477286323,-0.7238619159678876
A3,420002,961,Omega_safe_one_step_QP,25.28536820815419,50.15278891289918,2.930308894025984,-0.04695841949296653,0.9501738548278809,False,False,-0.9501738548278809,-0.09501738846302032,-4.931598823668706,-4.931598823668707,199.15857089564255,199.15857089564255,204.09016971931126,199.359624791577,-0.2010538959344501,-5.190206659476888,3.344461309273113,0.9501738846302036,-0.024082299321889877,-0.0024082299787551165,0.18591295360838034,0.1859129536083876,213.26987503969713,213.26987503969713,213.08396208608875,212.1261686330713,1.1437064066258245,-3.338445701836539,3.9769839856634617,0.04674722208552535,9.11293929855754,6.510617937930076,39.447904467581296,22.74018712025222,0.044219480839137404,0.0,-2.2883045308899455,-0.6862238439754975
A3,420002,962,Z_mode_existing_controller,25.31405363020187,50.15191324803988,39.08228276840873,-0.6535450202252936,0.9309616088867188,False,False,-0.9309616088867188,-0.09309615939855576,-3.504690906859746,-3.504690906859757,195.12901351067796,195.12901351067794,198.6337044175377,193.7419731639324,1.387040346745522,-3.764592362887654,3.3748245690739878,0.9309615939855602,-0.0035401619970798492,-0.0003540161997079849,-0.1784357698858402,-0.1784357698858506,211.67899535506064,211.67899535506064,211.8574311249465,210.87160078052852,0.8073945745321112,-1.0062476117754313,0.6708317477954553,0.1773278940468908,7.871863854134512,4.51208978122456,39.12819721157046,23.6498772178251,0.6337015534777146,0.0,-39.231547577167476,-0.484436744719261
A3,420002,963,Z_mode_existing_controller,25.343991741844743,50.15063168636492,27.938030908519977,-0.4493512512938302,0.9196272492408752,False,False,-0.9196272492408752,-0.09196272492408752,-3.4652858504150603,-3.4652858504150585,188.95554411860348,188.95554411860348,192.42082996901854,188.1181950686063,0.8373490499971865,-3.768141769695875,3.371275162265767,0.9196272492408746,-0.012235457077622414,-0.00122354575432837,-0.23132290027627206,-0.23132290027627553,210.23481737123024,210.23481737123024,210.4661402715065,209.5777826019437,0.6570347692865255,-1.0062476117754313,0.6708317477954553,0.22988665768669758,11.548956775463097,4.157645438645514,42.92598423855985,26.285824898940355,0.4571060071237625,0.0,-28.00091605407215,-0.3942208615719238
A3,420002,964,Z_mode_existing_controller,25.308347717191495,50.15129503961519,13.85709005888657,-0.22369755625361143,0.9222356677055359,False,False,-0.9222356677055359,-0.09222356975078583,-3.478265836178392,-3.4782658361783847,195.6477127455924,195.6477127455924,199.1259785817708,195.3646659175118,0.28304682808061443,-3.7715584482119366,3.3678584837497048,0.9222356975078566,-0.0126019436866045,-0.0012601943453773856,-0.23406954047748146,-0.23406954047748216,211.71115813432908,211.71115813432908,211.94522767480657,211.1485782846778,0.5625798496512857,-1.0062476117754313,0.6708317477954553,0.23261624448925447,9.580556909758455,3.781947038210908,38.50000460296998,26.759529429075652,0.22758155546324232,0.0,-13.747123704559272,-0.3375479097907714
A3,420002,965,Z_mode_existing_controller,25.305411516572025,50.1523894833888,1.8390340761579864,-0.030999509731214785,0.9437960386276245,False,False,-0.9437960386276245,-0.09437960386276245,-3.562762271795958,-3.5627622717959664,195.81966335218183,195.8196633521818,199.38242562397778,196.04030064201095,-0.220637289829142,-3.774928189968435,3.3644887419932066,0.9437960386276268,-0.009573962539434433,-0.0009573962888680398,-0.21860644683704689,-0.21860644683704897,211.8530013672155,211.8530013672155,212.07160781405256,211.34601198345743,0.5069893837580821,-1.0062476117754313,0.6708317477954553,0.21724915843659792,6.8976336967781595,3.6040053767325215,41.886428627873194,26.00311384098138,0.030648479986270516,0.0,-1.56548892588944,-0.3041936302548578
A3,420002,966,Omega_safe_one_step_QP,25.34695272435085,50.1525029978454,-1.9970059795823545,0.033463642056003384,0.8858668804168701,False,False,-0.8858668804168701,-0.08858668804168701,-3.427236936187799,-3.4272369361878128,187.44881143104178,187.44881143104175,190.87604836722957,187.85011137937153,-0.401299948329779,-3.8687945242687185,4.665873444481282,0.8858668804168738,-0.026000192388892174,-0.002600019332021475,0.4052830837906529,0.40528308379064876,210.67556227232333,210.6755622723233,210.27027918853267,209.59804374783923,1.077518524484077,-3.0570774120809308,4.258352275419069,0.09517368634110113,9.114738221479694,4.6665872770206205,37.96362819451906,21.768650009208205,-0.03539566484075607,0.0,2.6789127591137003,-0.6465111146904547
A3,420002,967,Omega_safe_one_step_QP,25.351618171573715,50.14916205694599,3.645672459070738,-0.061134359422445106,0.8911632895469666,False,False,-0.8911632895469666,-0.08911632746458054,-3.387932324101519,-3.387932324101529,186.81713604677086,186.81713604677083,190.20506837087237,186.96781664390764,-0.15068059713681237,-3.8016965246329977,4.732971444117004,0.8911632746458077,-0.12115348875522614,-0.012115349061787128,-0.02467777102478641,-0.024677771024775308,209.89868291169387,209.89868291169387,209.92336068271865,209.21499588489053,0.6836870268033408,-3.0223855614995294,4.2930441260004715,0.008164997655868781,9.290305644586825,5.609549428119453,40.72588099315228,24.625374131231485,0.06024935135917886,0.0,-3.2957095943474997,-0.41021221608201586
A3,420002,968,Omega_safe_one_step_QP,25.36123835735252,50.14769790076163,11.831130583323102,-0.19585738014256593,0.8836182951927185,False,False,-0.8836182951927185,-0.08836182951927185,-3.2113296164946834,-3.211329616494693,185.31972423649867,185.31972423649867,188.53105385299335,185.12839663562795,0.19132760087072143,-3.6342950728450987,4.900372895904902,0.8836182951927214,-0.15546908974647522,-0.015546909533441067,-0.156790864210124,-0.15679086421011845,209.31347769636037,209.3134776963604,209.4702685605705,208.73238624832925,0.5810914480311453,-2.9770763492847165,4.338353338215284,0.052666054146642764,10.510168739916843,4.479504321308432,42.090356081240515,24.27787994588329,0.19520088636908284,0.0,-11.677676600874292,-0.34865486881868435
A3,420002,969,Z_mode_existing_controller,25.34185179072734,50.146231264488144,8.879199195622277,-0.14404377323216114,0.9081981182098389,False,False,-0.9081981182098389,-0.0908198133111,-3.4254233520133437,-3.4254233520133512,189.14586244676832,189.14586244676832,192.57128579878167,189.07601219469046,0.06985025207785611,-3.7716696689076845,3.3677472630539573,0.9081981331110023,-0.015034260228276253,-0.001503425999544561,-0.2470410575498197,-0.24704105754982247,209.99061642500263,209.99061642500263,210.23765748255244,209.48228336188552,0.5083330631171066,-1.0062476117754313,0.6708317477954553,0.24550722372790657,10.775698868702651,3.0187354134682014,42.08496107658917,24.401634691553156,0.1481345696799714,0.0,-8.722333927432373,-0.3049998378702554
A3,420002,970,Z_mode_existing_controller,25.30834112342685,50.14551853941832,-2.2491237217591333,0.035680616752452654,0.9258684515953064,False,False,-0.9258684515953064,-0.09258684515953064,-3.4951118846397096,-3.495111884639697,195.38900506022546,195.38900506022546,198.88411694486516,195.78015692611788,-0.3911518658924251,-3.7749551554732204,3.3644617764884215,0.9258684515953031,-0.007744133472442627,-0.0007744133472442627,-0.20407031774615156,-0.20407031774615988,211.34928998393553,211.34928998393553,211.5533603016817,210.86526735662304,0.48402262731249834,-1.0062476117754313,0.6708317477954553,0.202803281576089,10.542361160713579,5.260864016263439,39.07374519695019,28.91752252398962,-0.032618032202883285,0.0,2.572155330349233,-0.2904135763874933
A3,420002,971,Z_mode_existing_controller,25.302490697608143,50.14818760461612,-11.308659319155595,0.17881948588147276,0.941224992275238,False,False,-0.941224992275238,-0.0941224992275238,-3.5562174950423895,-3.556217495042388,196.14386617968205,196.14386617968205,199.70008367472443,196.91173496265895,-0.7678687829769046,-3.778286301605622,3.36113063035602,0.9412249922752378,-0.009042355231940746,-0.0009042355231940746,-0.21482566737880404,-0.21482566737880474,211.67489581778318,211.6748958177832,211.889721485162,211.25665764115706,0.41823817662614715,-1.0062476117754313,0.6708317477954553,0.21349185316302477,10.464131556256573,5.266923879713271,34.4770478288573,23.618708859554044,-0.17920329472931584,0.0,11.738805519861671,-0.25094290597569113
A3,420002,972,Z_mode_existing_controller,25.296682649309925,50.14739790190858,-17.802323287978652,0.2857053284796452,0.9476839900016785,False,False,-0.9476839900016785,-0.09476839751005173,-3.5838076434164132,-3.583807643416416,196.96173319207878,196.96173319207878,200.5455408354952,198.01423176667024,-1.0524985745914535,-3.7816484583231365,3.3577684736385054,0.947683975100518,-0.01289366278797388,-0.001289366278797388,-0.2401755062021338,-0.24017550620214073,211.79345985110766,211.79345985110763,212.03363535730978,211.4464153199427,0.34704453116492573,-1.0062476117754313,0.6708317477954553,0.23868429936283095,9.33122274483268,5.352751914742444,42.113158492768015,25.443604378977184,-0.2848993368915753,0.0,18.29544934356909,-0.2082267186989526
A3,420002,973,Z_mode_existing_controller,25.312458499671056,50.148099337681394,-20.488948562340738,0.3529733895374876,0.939273476600647,False,False,-0.939273476600647,-0.09392734616994858,-3.5551386427959852,-3.5551386427959866,193.56540961532852,193.56540961532852,197.1205482581245,194.78745581576376,-1.2220462004352441,-3.784987852593484,3.3544290793681575,0.9392734616994863,-0.008142909966409206,-0.0008142910082824528,-0.20883108674208326,-0.20883108674209713,211.14225309961608,211.14225309961608,211.35108418635818,210.7996103801492,0.3426427194668804,-1.0062476117754313,0.6708317477954553,0.20753449180727385,5.9329253387325425,4.1685346941508925,42.48728794412734,20.79628621381721,-0.3312763182492411,0.0,21.025810512270255,-0.20558563168012256
A3,420002,974,Omega_safe_one_step_QP,25.371271174022887,50.14451174670121,-9.451989972652882,0.16306560619701804,0.8827029466629028,False,False,-0.8827029466629028,-0.08827029913663864,-2.9203318461102605,-2.920331846110258,182.3517403447396,182.3517403447396,185.27207219084985,183.07582482742663,-0.724084482687033,-3.308396906630747,5.226271062119253,0.8827029913663859,-0.03620068356394768,-0.003620068309828639,0.4990880693817326,0.4990880693817326,209.12155765823252,209.12155765823252,208.62246958885078,208.0951107660399,1.0264468921926095,-2.8922964521127437,4.423133235387257,0.11283586607538312,8.531451049147119,4.5760794228575215,41.78010447609652,22.177466542238385,-0.15644676835984228,0.0,10.22430487632937,-0.6158681353155657
A3,420002,975,Omega_safe_one_step_QP,25.381809799891823,50.140774930592634,-1.2607283697634557,0.02237302547686688,0.9165006875991821,False,False,-0.9165006875991821,-0.09165006875991821,-2.866589103597186,-2.866589103597192,180.59905851582553,180.59905851582553,183.46564761942273,180.98529588718776,-0.3862373713622276,-3.1277544494880347,5.406913519261966,0.9165006875991843,0.03636157512664795,0.0036361576057970524,0.9350046623846975,0.9350046623846947,208.94465989198636,208.94465989198636,208.00965522960166,207.43404431053,1.5106155814563635,-2.831015016187832,4.484414671312169,0.2085009373388537,7.3714485830882275,2.718721156469281,38.79251393305047,27.427318860811166,-0.02904959237615412,0.0,2.196147311013192,-0.9063693488738238
A3,420002,976,Omega_safe_one_step_QP,25.397314280632013,50.13945907804932,17.02900169530494,-0.2848143802196447,0.8265653848648071,False,False,-0.8265653848648071,-0.08265653997659683,-2.3523340400932873,-2.3523340400932984,178.29490904795736,178.29490904795736,180.64724308805066,177.93028624990288,0.3646227980544836,-2.8459139963508284,5.688753972399172,0.8265653997659723,0.07193680852651596,0.007193680852651596,1.0911536618168058,1.0911536618168085,208.41121136856492,208.41121136856492,207.32005770674812,206.7037946153032,1.7074167532617253,-2.7620552639024765,4.553374423597524,0.23963626978751976,11.67717632859869,6.18499333737375,35.114111907975015,27.183487560132036,0.2697094642003819,0.0,-16.274261107548227,-1.0244500519570323
A3,420002,977,Omega_safe_one_step_QP,25.3666880435572,50.13829979485479,-3.2117955235871705,0.05214054035386936,0.9225746989250183,False,False,-0.9225746989250183,-0.09225746989250183,-3.2039675756182313,-3.2039675756182313,183.71267925765025,183.71267925765025,186.9166468332685,184.13729171123322,-0.4246124535829665,-3.4728543708726107,5.06181359787739,0.9225746989250179,-0.2304290533065796,-0.02304290607571602,-0.4137769956541984,-0.4137769956541956,208.16686302552765,208.16686302552765,208.58064002118184,207.95402675381982,0.21283627170782893,-2.8881134953458494,4.4273161921541515,0.1432689526644264,11.966021447628803,4.5490364281851425,46.14903025435615,22.412582786515586,-0.04433072540378902,0.0,3.3838280120153286,-0.12770176302468883
A3,420002,978,Z_mode_existing_controller,25.325226433706327,50.136252754268625,-4.4153462221574955,0.0708561462898428,0.9139734506607056,False,False,-0.9139734506607056,-0.09139734506607056,-3.453565904427404,-3.453565904427399,191.8746287889187,191.8746287889187,195.3281946933461,192.3573278720781,-0.4826990831593889,-3.7786282543883982,3.360788677573243,0.9139734506607046,-0.014737715944647789,-0.0014737716410309076,-0.24614113938280016,-0.24614113938279183,210.00172364225477,210.0017236422548,210.2478647816376,209.5881487255505,0.4135749167043059,-1.0062476117754313,0.6708317477954553,0.244612892992112,10.6425290216191,5.439333725180237,36.61774239371519,25.597914462225372,-0.06693596521622425,0.0,4.730427137396873,-0.24814495002259207
A3,420002,979,Z_mode_existing_controller,25.315521572641828,50.13623178921615,-13.620503013775306,0.21066090953266942,0.9327090382575989,False,False,-0.9327090382575989,-0.09327090531587601,-3.5273407643270858,-3.527340764327075,193.42084152165984,193.42084152165984,196.94818228598692,194.26932423225688,-0.8484827105970396,-3.7818232302787385,3.357593701682903,0.9327090531587573,-0.010720637626945972,-0.001072063809260726,-0.22397213114011827,-0.22397213114010925,210.37678290856016,210.3767829085602,210.6007550397003,209.99231614438068,0.384466764179507,-1.0062476117754313,0.6708317477954553,0.22258152816375984,12.442196053413744,3.35927701266161,32.40176188521117,23.01054161842494,-0.2146837255109304,0.0,14.065866797795024,-0.23068005850770135
A3,420002,980,Omega_safe_one_step_QP,25.256137332845064,50.13495659153473,-66.75070744587083,0.9855381363572885,0.9598538875579834,False,False,-0.9598538875579834,-0.09598539024591446,-5.392799258874746,-5.392799258874733,202.97884643457735,202.97884643457735,208.37164569345208,205.94604593565145,-2.9671995010741057,-5.618354256890971,2.91631371185903,0.9598539024591424,-0.30269309878349304,-0.030269309878349304,-1.1593732144045688,-1.1593732144045743,211.81629001707233,211.81629001707233,212.97566323147691,212.41345765649595,-0.597167639423617,-3.327615816375356,3.987813871124645,0.3484095756184483,12.595601554721567,4.8438034228936,38.17392139419231,24.898727195703465,-1.0679641868081262,0.0,67.46037104902553,0.35830058365417017
A3,420002,981,Omega_safe_one_step_QP,25.220791726138422,50.13696731085715,-69.74709699644154,1.01871004533186,0.9778523445129395,False,False,-0.9778523445129395,-0.09778523445129395,-6.194604185639499,-6.194604185639507,209.342574291634,209.34257429163398,215.5371784772735,212.48644537724147,-3.1438710856074863,-6.3349075352731115,2.19976043347689,0.9778523445129408,-0.18934710323810577,-0.018934709951281548,-0.7604438920471548,-0.7604438920471486,213.84936249105016,213.8493624910502,214.60980638309732,213.94507280100893,-0.09571030995874708,-3.491030131537399,3.8243995559626014,0.21782793714022172,11.760797775491309,3.192795613721214,36.80671397816186,26.246034409478465,-1.122036865780757,0.0,70.81170767624826,0.05742618597523119
A3,420002,982,Omega_safe_one_step_QP,25.187062076334982,50.140426781772,-69.45259830246232,1.0021543071919095,0.9784824848175049,False,False,-0.9784824848175049,-0.09784825146198273,-6.866459503027212,-6.866459503027217,215.49621905268737,215.49621905268737,222.36267855571458,218.65952800013574,-3.163308947448371,-7.017457543117221,1.51721042563278,0.9784825146198278,-0.19801627099514008,-0.019801627844572067,-0.9635758998358999,-0.9635758998359131,215.29120487798713,215.2912048779871,216.25478077782302,215.48366825236658,-0.19246337437948569,-3.6555275710099666,3.6599021164900347,0.2635942093495664,11.161539638951282,4.856138550383043,41.63993921387857,25.592394356061874,-1.1166324410677184,0.0,70.45375271890134,0.11547802462769141
A3,420002,983,Omega_safe_one_step_QP,25.186075921159045,50.14468958798706,-49.94156769945312,0.7600878334149324,0.9735032916069031,False,False,-0.9735032916069031,-0.09735032916069031,-6.866246842523724,-6.866246842523715,215.85317242364175,215.85317242364178,222.7194192661655,218.36172822230574,-2.508555798663963,-7.053131614162311,1.4815363545876887,0.9735032916069025,0.04668238013982773,0.00466823810711503,0.1996486913567486,0.19964869135674512,216.76411933219953,216.76411933219953,216.56447064084279,215.68607666904722,1.0780426631523028,-3.6864965573119433,3.628933130188057,0.055015808832608336,8.027141918404793,4.904499458361443,41.32982339364624,25.6328121101992,-0.8146869488482809,0.0,51.403080246192985,-0.646825597891393
A3,420002,984,Omega_safe_one_step_QP,25.23320942286968,50.147877923341,-13.82070537236632,0.2101014448582629,0.9483746886253357,False,False,-0.9483746886253357,-0.09483747184276581,-5.823993568792785,-5.823993568792779,207.77436707978583,207.77436707978583,213.59836064857862,208.68261697547263,-0.9082498956867937,-6.141025752403624,2.393642216346377,0.9483747184276573,-0.09430528432130814,-0.009430528618395329,-0.3187631423846038,-0.318763142384601,214.46945636063043,214.46945636063043,214.78821950301503,213.81787976842475,0.6515765922056858,-3.5088714435291686,3.806558243970832,0.09084491908999492,10.183286633120526,5.895664686256089,40.40197527300271,25.453087321765214,-0.2217278205062918,0.0,14.433379148195854,-0.39094595532341714
A3,420002,985,Omega_safe_one_step_QP,25.24900999289141,50.150383924547924,-1.0271771705301944,0.016198705404561118,0.9503581523895264,False,False,-0.9503581523895264,-0.09503581374883652,-5.556740499176183,-5.556740499176183,205.10132547391612,205.10132547391612,210.6580659730923,205.46282930033178,-0.3615038264156567,-5.846996284854993,2.6876716838950077,0.9503581374883654,-0.2153867930173874,-0.02153868041932583,-0.861913513622091,-0.8619135136220822,213.4310895472519,213.4310895472519,214.29300306087399,213.2752960996542,0.15579344759768787,-3.459349799315064,3.856079888184937,0.24915477289770965,8.698859783055648,5.322963371323047,40.333771742454154,24.94072357070886,-0.010381101874155085,0.0,1.131034340961378,-0.09347606855862978
A3,420002,986,Omega_safe_one_step_QP,25.280044915485156,50.15171169656095,19.198801707331768,-0.30228395313921025,0.9395725131034851,False,False,-0.9395725131034851,-0.09395725280046463,-4.936155754842701,-4.936155754842704,199.7881338557555,199.7881338557555,204.7242896105982,199.3270751823329,0.461058673422599,-5.253618648605582,3.281049320144419,0.9395725280046471,-0.022917989641427994,-0.002291799057275057,0.18756163560880237,0.187561635608802,213.27838762428073,213.27838762428073,213.09082598867192,212.03632382050495,1.2420638037757783,-3.3391320920948577,3.9762975954051427,0.047169919028581024,10.177330039792118,4.651311634691178,41.82662148130511,20.54483854606557,0.30890502971124434,0.0,-18.762468454777263,-0.7452382822654755
A3,420002,987,Omega_safe_one_step_QP,25.27933674185766,50.15010871894753,17.900137341144728,-0.27698089113760505,0.9545179605484009,False,False,-0.9545179605484009,-0.09545179456472397,-5.0485075330095786,-5.04850753300958,200.0302463753301,200.0302463753301,205.07875390833968,199.63483911118772,0.395407264142392,-5.289065078379732,3.2456028903702694,0.95451794564724,-0.01373345497995615,-0.001373345497995615,0.23973757049192584,0.23973757049192412,213.3030938499047,213.30309384990468,213.06335627941277,211.99949360428755,1.3036002456171332,-3.336385121168941,3.9790445663310594,0.060250034020849864,11.173631340564098,5.376639804242377,43.19976639912773,22.42997039778895,0.2880363044479246,0.0,-17.40601349822282,-0.7821601473702771
A3,420002,988,Omega_safe_one_step_QP,25.270596719717577,50.150101491313436,13.818632739843451,-0.21592646776304406,0.9559400677680969,False,False,-0.9559400677680969,-0.09559401124715805,-5.23910613517387,-5.239106135173882,201.75479566673727,201.75479566673727,206.99390180191114,201.50852998301903,0.2462656837182351,-5.480579867736877,3.0540881010131233,0.9559401124715828,-0.07431814819574356,-0.0074318149127066135,-0.09329762683910371,-0.09329762683910475,213.367818594417,213.367818594417,213.4611162212561,212.38940851062685,0.9784100837901519,-3.376161115353276,3.939268572146725,0.027634234164604504,10.128718883404243,5.6282619636762465,35.506037707339594,25.2707623143311,0.22392503088440208,0.0,-13.455511720454524,-0.5870460502740968
A3,420002,989,Omega_safe_one_step_QP,25.278054515718377,50.15115957889848,17.619759595813775,-0.2907852664309623,0.9575734734535217,False,False,-0.9575734734535217,-0.09575735032558441,-5.124107051026718,-5.124107051026713,200.57536656992403,200.57536656992403,205.69947362095076,200.1392337839863,0.43613278593772975,-5.351137049640836,3.183530919109164,0.9575735032558433,-0.026270924136042595,-0.0026270924136042595,0.16316260616384448,0.16316260616384415,213.39791206187707,213.39791206187707,213.23474945571323,212.14878938843447,1.2491226734425993,-3.3535244387989875,3.9619052487010133,0.041182864284132016,7.207811140863887,5.3417442586246855,37.17648084279387,19.883066396767987,0.2804282000616194,0.0,-17.15071419180913,-0.749473604065571
A3,420002,990,Z_mode_existing_controller,25.327278689191182,50.14811082971182,56.59505956983685,-0.9091086148255686,0.9648069739341736,False,False,-0.9648069739341736,-0.09648069739341736,-3.630637372110367,-3.630637372110363,192.58523816524308,192.58523816524308,196.21587553735344,190.57688978327047,2.00834838197261,-3.7630712362140084,3.376345695747633,0.9648069739341725,0.021683352068066597,0.0021683352533727884,-0.025181639637335274,-0.025181639637326253,210.99812306027752,210.99812306027752,211.02330469991486,209.92145058234368,1.0766724779338404,-1.0062476117754313,0.6708317477954553,0.025025291332513643,11.030374894582843,5.882159333070299,41.6068796487993,24.53645079666093,0.9185093022615369,0.0,-56.867565385337,-0.646003486760307
A3,420002,991,Z_mode_existing_controller,25.318344108709532,50.148037251714115,37.878121364470644,-0.6261525071310886,0.9476304054260254,False,False,-0.9476304054260254,-0.09476304054260254,-3.569591553520109,-3.5695915535201115,194.0604071271033,194.0604071271033,197.6299986806234,192.75505210202488,1.305355025078427,-3.766860511314355,3.3725564206472867,0.9476304054260264,-0.002012510783970356,-0.00020125108130741864,-0.17160571918669043,-0.17160571918669737,211.1600179614471,211.1600179614471,211.33162368063378,210.35716807736276,0.8028498840843383,-1.0062476117754313,0.6708317477954553,0.17054024991315495,8.774388375323127,4.785129513810201,37.399104139902356,28.75814989670223,0.6150530085154209,0.0,-38.011464442535726,-0.48170993045060584
A3,420002,992,Z_mode_existing_controller,25.3344447037823,50.149807629965686,28.39423150267703,-0.45067777280964266,0.9107919931411743,False,False,-0.9107919931411743,-0.09107919782400131,-3.4341208812936523,-3.4341208812936634,190.66875332012137,190.66875332012137,194.10287420141503,189.82545787704532,0.8432954430760446,-3.7704777417228055,3.3689391902388364,0.9107919782400163,-0.0032598148100078106,-0.00032598149846307933,-0.17328673322666577,-0.1732867332266609,210.51646571344983,210.51646571344983,210.6897524466765,209.8146093401259,0.7018563733239205,-1.0062476117754313,0.6708317477954553,0.17221082683705696,11.944207100885333,4.932251702529797,38.23871325760587,26.357620498916248,0.4645583442957957,0.0,-28.43767602297885,-0.4211138239943466
A3,420002,993,Z_mode_existing_controller,25.29943895785206,50.150480488971624,12.238871150403611,-0.18395574541982326,0.9426462054252625,False,False,-0.9426462054252625,-0.09426461905241013,-3.557366442760966,-3.557366442760966,197.13258194952775,197.13258194952775,200.68994839228873,196.95370035593976,0.17888159358798816,-3.7738087508560425,3.365608181105599,0.9426461905241014,-0.011465449817478657,-0.0011465450515970588,-0.23033163955306774,-0.23033163955305594,211.91366582820083,211.91366582820086,212.1439974677539,211.36062510831252,0.5530407198883438,-1.0062476117754313,0.6708317477954553,0.228901551524338,13.630096851816475,4.975532851716601,38.88793609629623,23.55361423832326,0.2048976029317089,0.0,-12.111944321402007,-0.3318244319330006
A3,420002,994,Omega_safe_one_step_QP,25.244607631330503,50.15103032084102,-49.251558743611895,0.7524650496785978,0.9531037211418152,False,False,-0.9531037211418152,-0.09531037509441376,-5.622058439871528,-5.622058439871537,205.5528909152345,205.55289091523449,211.17494935510604,207.8960907828798,-2.3431998676453247,-5.898684623056365,2.6359833456936363,0.9531037509441392,-0.3412974178791046,-0.03412974253296852,-1.4879252657253232,-1.4879252657253261,212.93618827083424,212.93618827083424,214.42411353655956,213.72017385871553,-0.7839855878812898,-3.4724608468836218,3.8429688406163787,0.4284930288157669,10.050933668726996,4.688004944855982,38.815503120449556,27.083867118465353,-0.7839577060693461,0.0,49.565125096952215,0.4703913527287824
A3,420002,995,Omega_safe_one_step_QP,25.249783370940648,50.15403940136789,-33.402206890823436,0.5176151902836381,0.9461030960083008,False,False,-0.9461030960083008,-0.0946103110909462,-5.500423025710741,-5.500423025710745,204.82534989703515,204.82534989703515,210.3257729227459,206.5287604835931,-1.7034105865579363,-5.813766979820352,2.720900988929649,0.9461031109094624,-0.2832294702529907,-0.028322948142886162,-1.2041602767623962,-1.2041602767623842,213.20021709130776,213.20021709130776,214.40437736807016,213.61322979754195,-0.4130127062341842,-3.47048723003468,3.8449424574653204,0.34697153366282557,9.498813004329598,4.319681453537834,37.52736833942802,26.727898841477362,-0.5304709467817084,0.0,33.684870213865,0.24780762374049914
A3,420002,996,Omega_safe_one_step_QP,25.259596299327395,50.1564496994903,-20.326727788861717,0.31852263516131435,0.9518336653709412,False,False,-0.9518336653709412,-0.095183365046978,-5.366175829243883,-5.366175829243894,203.19917164461725,203.19917164461722,208.56534747386112,204.35526810558113,-1.1560964609639086,-5.637724434931875,2.8969435338181264,0.9518336504697817,-0.2865176200866699,-0.028651762753725052,-1.1954566006201601,-1.195456600620149,212.96027547820077,212.96027547820077,214.15573207882093,213.29424003781537,-0.3339645596145999,-3.445622701109757,3.869806986390243,0.3469493628060668,9.313991190577376,5.801934971114871,33.062244288028566,25.468127851452266,-0.318926531842159,0.0,20.44527558493519,0.20037873576875143
A3,420002,997,Omega_safe_one_step_QP,25.2809364185067,50.1574766944277,-1.4815254568666205,0.022860866629655092,0.9391463994979858,False,False,-0.9391463994979858,-0.09391464293003082,-4.917051751523767,-4.917051751523765,199.62765517959556,199.62765517959556,204.54470693111932,200.0136352962828,-0.3859801166872501,-5.235660380657695,3.2990075880923055,0.9391464293003079,-0.0456523522734642,-0.00456523522734642,0.052685645217223284,0.052685645217231264,213.39763416055925,213.39763416055925,213.34494851534203,212.4277175617513,0.9699165988079415,-3.364544344761867,3.9508853427381334,0.013335149123998077,11.24080238855367,4.372208371833098,36.38296644691871,23.260141338541406,-0.023806649882054387,0.0,2.087282066032458,-0.5819499592847706
A3,420002,998,Omega_safe_one_step_QP,25.258513307692866,50.15733659810296,-9.583362593992206,0.15122872363050277,0.9495511651039124,False,False,-0.9495511651039124,-0.09495511651039124,-5.4098878748694235,-5.409887874869416,203.75132079346324,203.75132079346324,209.16120866833265,204.45682034222682,-0.7054995487635836,-5.697310554379027,2.837357414370973,0.9495511651039114,-0.2834896147251129,-0.02834896184504032,-1.196008439231909,-1.1960084392319048,213.11595745113894,213.11595745113894,214.31196589037086,213.36561916608937,-0.24966171495043454,-3.4612460822647497,3.8541836052352507,0.34554273542126684,8.875906869692916,3.0789961961477936,39.68891083496791,21.751173604283327,-0.14557144859121252,0.0,9.579137013613035,0.14979702897026925
A3,420002,999,Omega_safe_one_step_QP,25.268977926238957,50.15654700920499,0.6976247297770897,-0.01052301801252395,0.948945164680481,False,False,-0.948945164680481,-0.09489452093839645,-5.229632485408096,-5.229632485408087,202.06842254882423,202.06842254882426,207.29805503423233,202.34705261613212,-0.27863006730785855,-5.510995190968997,3.0236727777810035,0.9489452093839627,-0.20194342732429504,-0.020194342359900475,-0.7553348135197039,-0.7553348135197178,213.10248781501193,213.10248781501193,213.85782262853164,212.8673348340918,0.23515298092013381,-3.41583175608083,3.8995979314191715,0.2211276396078578,12.102746678562246,4.96226882967557,35.61787607903371,23.98939402926603,0.019508948705613705,0.0,-0.5760418899308206,-0.1410917885520746
