time_min,X2,P2,P100,F200,F1,X1,T1,T200,actor_a1,actor_a2,residual_P100,residual_F200,applied_residual_P100,applied_residual_F200,execution_mask,w_hat_1,w_hat_2,w_est_1,w_est_2,residual_feasible_scale,residual_requested_norm,residual_applied_norm,residual_execution_ratio,feasible_action_mapping_scale,feasible_action_mapping_gap,base_P100_norm,base_F200_norm,candidate_P100_norm,candidate_F200_norm,qp_nominal_P100_norm,qp_nominal_F200_norm,hinf_feedback_P100_norm,hinf_feedback_F200_norm,reward,economic_cost,economic_reward,projection_penalty,mapping_penalty,move_penalty,safety_penalty,state_excess_squared,input_excess_squared,rpi_excess_squared,violation,rpi_violation,projection_gap,robust_state_violation,robust_input_violation,robust_region_violation,e_X2_norm,e_P2_norm,w_X2_norm,w_P2_norm
0.0,63.06349640502949,57.70555914924707,114.32739525151783,215.55021611506774,10.05941162025911,4.971535212629477,39.73775270569778,25.534366760838775,0.0,0.0,0.0,0.0,0.0,0.0,1.0,-0.014505884205548547,1.6004184166085178e-05,-0.002901176841109709,3.200836833217035e-06,0.0,0.0,0.0,0.0,0.0,0.0,-1.0829526353848218,0.004000711750677496,-1.0829526353848218,0.004000711750677496,-1.0829526353848218,0.004000711750677496,0.0,0.0,2.7948006519079733,1861.320082902243,22.794800651907973,0.0,0.0,0.0,20.0,0.0,0.0,0.0,False,True,0.0,False,False,False,-0.014505884205548547,1.6004184166085178e-05,-0.014505884205548547,1.6004184166085178e-05
0.016666666666666666,62.61320050783751,57.67289491974621,125.96066610309792,215.98539201275844,10.05941162025911,4.971535212629477,39.73775270569778,25.534366760838775,0.0,0.0,0.0,0.0,0.0,0.0,1.0,-0.013415952237481044,1.5950345879728323e-05,-0.005004131920383976,5.750738642519291e-06,0.0,0.0,0.0,0.0,0.0,0.0,-1.0829526353848218,0.003961309753560144,-1.0829526353848218,0.003961309753560144,-1.0829526353848218,0.003961309753560144,0.11633270851580091,0.004391160974024387,1.2914130011658287,2161.997613050672,21.29141300116583,0.0,0.0,0.0,20.0,0.0,0.0,0.0,False,True,0.0,False,False,False,-0.027154537490963193,0.00012787970687025418,-0.013415952237481044,1.5950345879728323e-05
0.03333333333333333,62.19168570908266,57.642259847984775,136.08804862118313,216.38153138725554,10.05941162025911,4.971535212629477,39.73775270569778,25.534366760838775,0.0,0.0,0.0,0.0,0.0,0.0,1.0,-0.012470136252762387,1.5906319779074307e-05,-0.006497332786859657,7.781854869830294e-06,0.0,0.0,0.0,0.0,0.0,0.0,-1.0829526353848218,0.0039220153950196525,-1.0829526353848218,0.0039220153950196525,-1.0829526353848218,0.0039220153950196525,0.2176065336966531,0.008391849077535714,-0.02549431133394009,2425.3790755506257,19.97450568866606,0.0,0.0,0.0,20.0,0.0,0.0,0.0,False,True,0.0,False,False,False,-0.03818980243244452,0.00032310698754334233,-0.012470136252762387,1.5906319779074307e-05
0.05,61.79529078107646,57.61340311723369,144.9072449676155,216.74377273524436,10.05941162025911,4.971535212629477,39.73775270569778,25.534366760838775,0.0,0.0,0.0,0.0,0.0,0.0,1.0,-0.011646892987381197,1.587020409887785e-05,-0.007527244826963965,9.399524715639803e-06,0.0,0.0,0.0,0.0,0.0,0.0,-1.0829526353848218,0.00388282828061556,-1.0829526353848218,0.00388282828061556,-1.0829526353848218,0.00388282828061556,0.3057984971609766,0.012053449671828236,-1.1803590486222042,2656.3520230082786,18.819640951377796,0.0,0.0,0.0,20.0,0.0,0.0,0.0,False,True,0.0,False,False,False,-0.047820885904843013,0.0005908094018510779,-0.011646892987381197,1.587020409887785e-05
0.06666666666666667,61.42087404557757,57.58610677153335,152.58789817599347,217.07650093247136,10.05941162025911,4.971535212629477,39.73775270569778,25.534366760838775,0.0,0.0,0.0,0.0,0.0,0.0,1.0,-0.010928260844169646,1.5840497019137256e-05,-0.008207448030405101,1.0687719176339293e-05,0.0,0.0,0.0,0.0,0.0,0.0,-1.0829526353848218,0.0038437480174256257,-1.0829526353848218,0.0038437480174256257,-1.0829526353848218,0.0038437480174256257,0.3826050292447566,0.015419811907288038,-3.5724524144194874,2859.1109424603064,17.80584635411766,0.0,0.0,0.0,21.378298768537146,0.0,0.0,0.00689149384268573,False,True,0.0,False,False,False,-0.05622779835917546,0.0009215203864841592,-0.010928260844169646,1.5840497019137256e-05
0.08333333333333333,61.06573178457503,57.56018105778307,159.27599440873175,217.3834699898143,10.05941162025911,4.971535212629477,39.73775270569778,25.534366760838775,0.0,0.0,0.0,0.0,0.0,0.0,1.0,-0.01029919071208063,1.581600629860236e-05,-0.008625796566740207,1.1713376600791906e-05,0.0,0.0,0.0,0.0,0.0,0.0,-1.0829526353848218,0.003804774214039945,-1.0829526353848218,0.003804774214039945,-1.0829526353848218,0.003804774214039945,0.4494859915721392,0.0185284762841032,-13.1519064514249,3037.2658773500452,16.915071679668962,0.0,0.0,0.0,30.06697813109386,0.0,0.0,0.05033489065546931,False,True,0.0,False,False,False,-0.0635658325770363,0.0013069870272699458,-0.01029919071208063,1.581600629860236e-05
0.1,60.72753105891828,57.53546049749692,165.0974885986112,217.66790331738756,10.05941162025911,4.971535212629477,39.73775270569778,25.534366760838775,0.0,0.0,0.0,0.0,0.0,0.0,1.0,-0.00974701708175818,1.5795780809235715e-05,-0.008850040669743802,1.2529857442480668e-05,0.0,0.0,0.0,0.0,0.0,0.0,-1.0829526353848218,0.003765906480555097,-1.0829526353848218,0.003765906480555097,-1.0829526353848218,0.003765906480555097,0.5077009334709336,0.02141167729332055,-28.046254117667118,3193.931910090584,16.13174151596627,0.0,0.0,0.0,44.17799563363339,0.0,0.0,0.12088997816816692,False,True,0.0,False,False,False,-0.06996927357588723,0.0017400037057038187,-0.00974701708175818,1.5795780809235715e-05
0.11666666666666667,60.40425405968421,57.511800559728066,170.16130830606411,217.93257613501845,10.05941162025911,4.971535212629477,39.73775270569778,25.534366760838775,0.0,0.0,0.0,0.0,0.0,0.0,1.0,-0.009261036841254011,1.577905830157933e-05,-0.008932239904045843,1.31796976143004e-05,0.0,0.0,0.0,0.0,0.0,0.0,-1.0829526353848218,0.0037271444285682984,-1.0829526353848218,0.0037271444285682984,-1.0829526353848218,0.0037271444285682984,0.5583391305454629,0.024097167521616208,-46.011827982059486,3331.803316355172,15.44238448464333,0.0,0.0,0.0,61.45421246670281,0.0,0.0,0.20727106233351408,False,True,0.0,False,False,False,-0.07555448848354684,0.002214270657633327,-0.009261036841254011,1.577905830157933e-05
0.13333333333333333,60.09415176000641,57.48907483223612,174.5618560318239,218.1798836026727,10.05941162025911,4.971535212629477,39.73775270569778,25.534366760838775,0.0,0.0,0.0,0.0,0.0,0.0,1.0,-0.008832171415765089,1.576522528548563e-05,-0.008912226206389692,1.3696803148537447e-05,0.0,0.0,0.0,0.0,0.0,0.0,-1.0829526353848218,0.0036884876711715947,-1.0829526353848218,0.0036884876711715947,-1.0829526353848218,0.0036884876711715947,0.6023446078030608,0.026608898955555457,-65.45241329063319,3453.2153517207958,14.83532430781521,0.0,0.0,0.0,80.2877375984484,0.0,0.0,0.301438687992242,False,True,0.0,False,False,False,-0.08042251291157898,0.002724273291265261,-0.008832171415765089,1.576522528548563e-05
0.15,59.795705119421164,57.46717260784102,178.38110415725146,218.41189744746316,10.05941162025911,4.971535212629477,39.73775270569778,25.534366760838775,0.0,0.0,0.0,0.0,0.0,0.0,1.0,-0.008452693930469657,1.5753786026778682e-05,-0.008820319751205685,1.4108199724185694e-05,0.0,0.0,0.0,0.0,0.0,0.0,-1.0829526353848218,0.003649935822946066,-1.0829526353848218,0.003649935822946066,-1.0829526353848218,0.003649935822946066,0.6405370890573364,0.028967589251685622,-85.25028248061948,3560.1959901594482,14.300421115621948,0.0,0.0,0.0,99.55070359624142,0.0,0.0,0.39775351798120706,False,True,0.0,False,False,False,-0.08466122580741908,0.0032651788900940337,-0.008452693930469657,1.5753786026778682e-05
0.16666666666666666,59.50759246103255,57.44599681847534,181.6903568611304,218.63041326199027,10.05941162025911,4.971535212629477,39.73775270569778,25.534366760838775,0.0,0.0,0.0,0.0,0.0,0.0,1.0,-0.00811600748695307,1.5744338451834095e-05,-0.008679457298355162,1.4435427469715375e-05,0.0,0.0,0.0,0.0,0.0,0.0,-1.0829526353848218,0.0036114884999560552,-1.0829526353848218,0.0036114884999560552,-1.0829526353848218,0.0036114884999560552,0.6736296160961258,0.031191194719946705,-104.64016185262113,3654.509446155052,13.82885383564393,0.0,0.0,0.0,118.46901568826506,0.0,0.0,0.4923450784413253,False,True,0.0,False,False,False,-0.08834718593744517,0.0038327479411869314,-0.00811600748695307,1.5744338451834095e-05
0.18333333333333332,59.228661924213625,57.42546226174374,184.55173815578635,218.8369901902986,10.05941162025911,4.971535212629477,39.73775270569778,25.534366760838775,0.0,0.0,0.0,0.0,0.0,0.0,1.0,-0.007816463907838855,1.573655531186824e-05,-0.008506858620251901,1.4695653038145948e-05,0.0,0.0,0.0,0.0,0.0,0.0,-1.0829526353848218,0.0035731453197434242,-1.0829526353848218,0.0035731453197434242,-1.0829526353848218,0.0035731453197434242,0.7022434290426852,0.033295307183242674,-123.11517623940966,3737.692938001322,13.41293637641258,0.0,0.0,0.0,136.52811261582224,0.0,0.0,0.5826405630791113,False,True,0.0,False,False,False,-0.09154718859524325,0.004423257818545662,-0.007816463907838855,1.573655531186824e-05
0.2,58.95790811392983,57.405494074584034,187.01945342547828,219.03298436567277,10.05941162025911,4.971535212629477,39.73775270569778,25.534366760838775,0.0,0.0,0.0,0.0,0.0,0.0,1.0,-0.007549214739921206,1.5730169387523363e-05,-0.008315329844185763,1.490255630802143e-05,0.0,0.0,0.0,0.0,0.0,0.0,-1.0829526353848218,0.003534905901321825,-1.0829526353848218,0.003534905901321825,-1.0829526353848218,0.003534905901321825,0.7269205817396046,0.03529348835540611,-140.3566707123964,3811.0878603356055,13.045961764741161,0.0,0.0,0.0,153.40263247713756,0.0,0.0,0.6670131623856878,False,True,0.0,False,False,False,-0.09431958978477173,0.005033436943428504,-0.007549214739921206,1.5730169387523363e-05
0.21666666666666667,58.694452237939224,57.386026416467416,189.14086268406544,219.21957719205474,10.05941162025911,4.971535212629477,39.73775270569778,25.534366760838775,0.0,0.0,0.0,0.0,0.0,0.0,1.0,-0.007310088138133608,1.5724961807850324e-05,-0.008114281502975332,1.506703740798721e-05,0.0,0.0,0.0,0.0,0.0,0.0,-1.0829526353848218,0.003496769865170997,-1.0829526353848218,0.003496769865170997,-1.0829526353848218,0.003496769865170997,0.7481346743254762,0.03719755265537646,-156.18189524216385,3875.86630825699,12.722069525134238,0.0,0.0,0.0,168.90396476729808,0.0,0.0,0.7445198238364904,False,True,0.0,False,False,False,-0.09671543622183587,0.005660407859930883,-0.007310088138133608,1.5724961807850324e-05
0.23333333333333334,58.4375251567181,57.367001330903925,190.95739657158603,219.39779934847513,10.05941162025911,4.971535212629477,39.73775270569778,25.534366760838775,0.0,0.0,0.0,0.0,0.0,0.0,1.0,-0.007095486641242044,1.5720752781889225e-05,-0.007910522530628674,1.5197780482767613e-05,0.0,0.0,0.0,0.0,0.0,0.0,-1.0829526353848218,0.003458736833231092,-1.0829526353848218,0.003458736833231092,-1.0829526353848218,0.003458736833231092,0.766300013200682,0.03901780725152031,-170.50507238619718,3933.0537180964043,12.436132475937168,0.0,0.0,0.0,182.94120486213436,0.0,0.0,0.8147060243106717,False,True,0.0,False,False,False,-0.09877943245562948,0.006301637921038827,-0.007095486641242044,1.5720752781889225e-05
0.25,58.186452876585996,57.34836775915738,192.50534041773983,219.5685512291525,10.05941162025911,4.971535212629477,39.73775270569778,25.534366760838775,0.0,0.0,0.0,0.0,0.0,0.0,1.0,-0.006902301910202802,1.5717394219044722e-05,-0.0077088784065435,1.5301703230023036e-05,0.0,0.0,0.0,0.0,0.0,0.0,-1.0829526353848218,0.003420806428897006,-1.0829526353848218,0.003420806428897006,-1.0829526353848218,0.003420806428897006,0.7817794516622202,0.04076325646262803,-183.30850109274897,3983.5482496762907,12.183659818037736,0.0,0.0,0.0,195.4921609107867,0.0,0.0,0.8774608045539335,False,True,0.0,False,False,False,-0.10055077080695152,0.0069548964902299,-0.006902301910202802,1.5717394219044722e-05
0.26666666666666666,57.940644100580606,57.33008068427127,193.81650716882328,219.73262040012813,10.05941162025911,4.971535212629477,39.73775270569778,25.534366760838775,0.0,0.0,0.0,0.0,0.0,0.0,1.0,-0.006727843315105009,1.571476382095094e-05,-0.007512671388255801,1.5384315348208616e-05,0.0,0.0,0.0,0.0,0.0,0.0,-1.0829526353848218,0.0033829782770127483,-1.0829526353848218,0.0033829782770127483,-1.0829526353848218,0.0033829782770127483,0.7948911191730544,0.042441776324268654,-194.62118993067028,4028.137423223717,11.960713950300603,0.0,0.0,0.0,206.58190388097088,0.0,0.0,0.9329095194048544,False,True,0.0,False,False,False,-0.10206384532934165,0.0076182177360480385,-0.006727843315105009,1.571476382095094e-05
0.2833333333333333,57.69957951898922,57.312100386954214,194.91881634375244,219.8906965484719,10.05941162025911,4.971535212629477,39.73775270569778,25.534366760838775,0.0,0.0,0.0,0.0,0.0,0.0,1.0,-0.006569777887309058,1.5712760338543186e-05,-0.007324092688066453,1.545000434627553e-05,0.0,0.0,0.0,0.0,0.0,0.0,-1.0829526353848218,0.0033452520038658277,-1.0829526353848218,0.0033452520038658277,-1.0829526353848218,0.0033452520038658277,0.805914210922346,0.044060264080853485,-204.50313844624117,4067.5124345969457,11.76383889343446,0.0,0.0,0.0,216.26697733967563,0.0,0.0,0.9813348866983782,False,True,0.0,False,False,False,-0.10334886737990034,0.008289868239401366,-0.006569777887309058,1.5712760338543186e-05
0.3,57.46280257573505,57.29439179771978,195.83679325752553,220.04338431618874,10.05941162025911,4.971535212629477,39.73775270569778,25.534366760838775,0.0,0.0,0.0,0.0,0.0,0.0,1.0,-0.0064260796446919954,1.5711299746867802e-05,-0.007144490079391561,1.5502263426393985e-05,0.0,0.0,0.0,0.0,0.0,0.0,-1.0829526353848218,0.0033076272371816533,-1.0829526353848218,0.0033076272371816533,-1.0829526353848218,0.0033076272371816533,0.815093980060077,0.04562476652470579,-213.03385236460056,4102.280500309621,11.589998564871085,0.0,0.0,0.0,224.62385092947164,0.0,0.0,1.0231192546473582,False,True,0.0,False,False,False,-0.10443239745206112,0.008968318751405635,-0.0064260796446919954,1.5711299746867802e-05
0.31666666666666665,57.229911490834496,57.276923932037384,196.59200037672338,220.19121434339976,10.05941162025911,4.971535212629477,39.73775270569778,25.534366760838775,0.0,0.0,0.0,0.0,0.0,0.0,1.0,-0.006294986682959802,1.5710312150807315e-05,-0.006974589400105209,1.554387317127665e-05,0.0,0.0,0.0,0.0,0.0,0.0,-1.0829526353848218,0.003270103606117967,-1.0829526353848218,0.003270103606117967,-1.0829526353848218,0.003270103606117967,0.8226460512520554,0.047140590427879756,-220.30402810897192,4132.975525294805,11.436523439945162,0.0,0.0,0.0,231.7405515489171,0.0,0.0,1.0587027577445856,False,True,0.0,False,False,False,-0.10533780553019789,0.009652219538020396,-0.006294986682959802,1.5710312150807315e-05
0.3333333333333333,57.00055235502706,57.25966939721894,197.20341073605408,220.3346527906772,10.05941162025911,4.971535212629477,39.73775270569778,25.534366760838775,0.0,0.0,0.0,0.0,0.0,0.0,1.0,-0.006174964729610322,1.5709739273228607e-05,-0.006814664466006232,1.557704639166704e-05,0.0,0.0,0.0,0.0,0.0,0.0,-1.0829526353848218,0.003232680741259297,-1.0829526353848218,0.003232680741259297,-1.0829526353848218,0.003232680741259297,0.8287601548453625,0.04861239776551293,-226.40960470614567,4160.067338604782,11.30106437339528,0.0,0.0,0.0,237.71066907954096,0.0,0.0,1.0885533453977048,False,True,0.0,False,False,False,-0.10608567026527593,0.010340378830108826,-0.006174964729610322,1.5709739273228607e-05
0.35,56.77441314208981,57.24260396141411,197.68773175834744,220.47410956588655,10.05941162025911,4.971535212629477,39.73775270569778,25.534366760838775,0.0,0.0,0.0,0.0,0.0,0.0,1.0,-0.0060646760978972925,1.5709532408342275e-05,-0.006664666792384443,1.5603543595002087e-05,0.0,0.0,0.0,0.0,0.0,0.0,-1.0829526353848218,0.003195358274611419,-1.0829526353848218,0.003195358274611419,-1.0829526353848218,0.003195358274611419,0.8336033650682961,0.05004428798425421,-231.4475787259894,4183.969703096458,11.1815525509369,0.0,0.0,0.0,242.62913127692627,0.0,0.0,1.1131456563846314,False,True,0.0,False,False,False,-0.10669412565583736,0.01103174396678977,-0.0060646760978972925,1.5709532408342275e-05
0.36666666666666664,56.55121850857205,57.22570617647134,198.05968651336164,220.60994544446032,10.05941162025911,4.971535212629477,39.73775270569778,25.534366760838775,0.0,0.0,0.0,0.0,0.0,0.0,1.0,-0.005962953170205454,1.5709650752371296e-05,-0.006524324067948646,1.562476502647593e-05,0.0,0.0,0.0,0.0,0.0,0.0,-1.0829526353848218,0.003158135839595862,-1.0829526353848218,0.003158135839595862,-1.0829526353848218,0.003158135839595862,0.8373229126184383,0.05143986920500748,-235.51312683103254,4205.047272897054,11.076164701933918,0.0,0.0,0.0,246.58929153296646,0.0,0.0,1.1329464576648323,False,True,0.0,False,False,False,-0.1071791625822518,0.011725384878357725,-0.005962953170205454,1.5709650752371296e-05
0.3833333333333333,56.330725270731136,57.20895704759033,198.33225836898853,220.7424782420763,10.05941162025911,4.971535212629477,39.73775270569778,25.534366760838775,0.0,0.0,0.0,0.0,0.0,0.0,1.0,-0.005868775694218842,1.57100600347293e-05,-0.006393214393202685,1.5641824028126605e-05,0.0,0.0,0.0,0.0,0.0,0.0,-1.0829526353848218,0.0031210130710444084,-1.0829526353848218,0.0031210130710444084,-1.0829526353848218,0.0031210130710444084,0.8400486311747072,0.05280231994971853,-238.69769293182736,4223.621645743635,10.983292837701015,0.0,0.0,0.0,249.68098576952838,0.0,0.0,1.148404928847642,False,True,0.0,False,False,False,-0.1075548914313853,0.012420479604475732,-0.005868775694218842,1.57100600347293e-05
0.4,56.11271846511233,57.192339743679966,198.51690408912572,220.87198817397186,10.05941162025911,4.971535212629477,39.73775270569778,25.534366760838775,0.0,0.0,0.0,0.0,0.0,0.0,1.0,-0.005781251299386447,1.5710731394169564e-05,-0.006270821774439437,1.5655605501335196e-05,0.0,0.0,0.0,0.0,0.0,0.0,-1.0829526353848218,0.0030839896051936453,-1.0829526353848218,0.0030839896051936453,-1.0829526353848218,0.0030839896051936453,0.841895088376079,0.054134442734525154,-241.08778189807052,4239.9766350881155,10.901517890978612,0.0,0.0,0.0,251.98929978904914,0.0,0.0,1.1599464989452457,False,True,0.0,False,False,False,-0.10783377112168879,0.013116301585323814,-0.005781251299386447,1.5710731394169564e-05
0.4166666666666667,55.89700791312244,57.17583934317538,198.62373968171497,220.99872251460238,10.05941162025911,4.971535212629477,39.73775270569778,25.534366760838775,0.0,0.0,0.0,0.0,0.0,0.0,1.0,-0.005699598741742751,1.5711640456217424e-05,-0.0061565771679001,1.5666812492311643e-05,0.0,0.0,0.0,0.0,0.0,0.0,-1.0829526353848218,0.003047065079679513,-1.0829526353848218,0.003047065079679513,-1.0829526353848218,0.003047065079679513,0.8429634443019713,0.05543871066634438,-242.76426602284863,4254.362868321736,10.829586724810511,0.0,0.0,0.0,253.59385274765913,0.0,0.0,1.1679692637382957,False,True,0.0,False,False,False,-0.1080268090618266,0.013812208499134948,-0.005699598741742751,1.5711640456217424e-05
0.43333333333333335,55.683425221600615,57.15944261078281,198.66170267126347,221.1228996542532,10.05941162025911,4.971535212629477,39.73775270569778,25.534366760838775,0.0,0.0,0.0,0.0,0.0,0.0,1.0,-0.0056231334670118205,1.571276657005849e-05,-0.006049888427722444,1.567600330786101e-05,0.0,0.0,0.0,0.0,0.0,0.0,-1.0829526353848218,0.0030102391335318753,-1.0829526353848218,0.0030102391335318753,-1.0829526353848218,0.0030102391335318753,0.8433430741974565,0.05671730800900013,-243.80205904348625,4267.001801934772,10.76639205674533,0.0,0.0,0.0,254.56845110023158,0.0,0.0,1.172842255501158,False,True,0.0,False,False,False,-0.10814373592258875,0.014507632450070834,-0.0056231334670118205,1.571276657005849e-05
0.45,55.471821161190086,57.143137801231234,198.6386939409291,221.2447126349169,10.05941162025911,4.971535212629477,39.73775270569778,25.534366760838775,0.0,0.0,0.0,0.0,0.0,0.0,1.0,-0.00555125514885324,1.571409217818176e-05,-0.005950161771948603,1.568362108192516e-05,0.0,0.0,0.0,0.0,0.0,0.0,-1.0829526353848218,0.0029735114071691338,-1.0829526353848218,0.0029735114071691338,-1.0829526353848218,0.0029735114071691338,0.8431129868941126,0.0579721655420001,-244.27004929502948,4278.089231355281,10.710954909642783,0.0,0.0,0.0,254.98100420467227,0.0,0.0,1.1749050210233614,False,True,0.0,False,False,False,-0.10819315855042766,0.015202071336526957,-0.00555125514885324,1.571409217818176e-05
0.4666666666666667,55.26206337258567,57.12691448663266,198.56170184255072,221.36433223574534,10.05941162025911,4.971535212629477,39.73775270569778,25.534366760838775,0.0,0.0,0.0,0.0,0.0,0.0,1.0,-0.0054834369141421035,1.571560229624014e-05,-0.005856816800387303,1.5690017324788157e-05,0.0,0.0,0.0,0.0,0.0,0.0,-1.0829526353848218,0.00293688154239284,-1.0829526353848218,0.00293688154239284,-1.0829526353848218,0.00293688154239284,0.842343065910329,0.05920499141506065,-244.2312113809929,4287.798362175786,10.662409255540261,0.0,0.0,0.0,254.89362063653317,0.0,0.0,1.1744681031826658,False,True,0.0,False,False,False,-0.10818269388415702,0.01589508125238287,-0.0054834369141421035,1.571560229624014e-05
0.48333333333333334,55.05403435773412,57.110763404501306,198.43691089478992,221.4819096682789,10.05941162025911,4.971535212629477,39.73775270569778,25.534366760838775,0.0,0.0,0.0,0.0,0.0,0.0,1.0,-0.005419216012513495,1.5717284081451233e-05,-0.005769296642812541,1.569547067612077e-05,0.0,0.0,0.0,0.0,0.0,0.0,-1.0829526353848218,0.002900349182382336,-1.0829526353848218,0.002900349182382336,-1.0829526353848218,0.002900349182382336,0.8410951564327208,0.0604172981004065,-243.74283675696194,4296.282500132114,10.619988565758618,0.0,0.0,0.0,254.36282532272057,0.0,0.0,1.1718141266136028,False,True,0.0,False,False,False,-0.10811908633993905,0.016586269792995628,-0.005419216012513495,1.5717284081451233e-05
0.5,54.847629719010236,57.0946763238677,198.26979706832822,221.59757893311465,10.05941162025911,4.971535212629477,39.73775270569778,25.534366760838775,0.0,0.0,0.0,0.0,0.0,0.0,1.0,-0.005358185725054199,1.5719126472052425e-05,-0.005687074459260873,1.5700201835307103e-05,0.0,0.0,0.0,0.0,0.0,0.0,-1.0829526353848218,0.0028639139716894126,-1.0829526353848218,0.0028639139716894126,-1.0829526353848218,0.0028639139716894126,0.839424018168104,0.06161042595945707,-242.85683947604164,4303.677409261514,10.583014020111618,0.0,0.0,0.0,253.43985349615326,0.0,0.0,1.1671992674807663,False,True,0.0,False,False,False,-0.10800831079217477,0.01727529015434981,-0.005358185725054199,1.5719126472052425e-05
0.5166666666666666,54.64275661445474,57.078645927255906,198.06521138353781,221.71145888243692,10.05941162025911,4.971535212629477,39.73775270569778,25.534366760838775,0.0,0.0,0.0,0.0,0.0,0.0,1.0,-0.0052999883382311985,1.572111989148195e-05,-0.005609657235054938,1.5704385446542072e-05,0.0,0.0,0.0,0.0,0.0,0.0,-1.0829526353848218,0.002827575556233002,-1.0829526353848218,0.002827575556233002,-1.0829526353848218,0.002827575556233002,0.8373781613201998,0.06278556386813618,-241.62010528289943,4310.103380907161,10.550884161883381,0.0,0.0,0.0,252.1709894447828,0.0,0.0,1.160854947223914,False,True,0.0,False,False,False,-0.1078556629897407,0.01796183592812997,-0.0052999883382311985,1.572111989148195e-05
0.5333333333333333,54.43933240148205,57.06266570657922,197.8274533124737,221.82365502668313,10.05941162025911,4.971535212629477,39.73775270569778,25.534366760838775,0.0,0.0,0.0,0.0,0.0,0.0,1.0,-0.005244309035300043,1.572325599907831e-05,-0.005536587595103958,1.570815955704932e-05,0.0,0.0,0.0,0.0,0.0,0.0,-1.0829526353848218,0.0027913335832938737,-1.0829526353848218,0.0027913335832938737,-1.0829526353848218,0.0027913335832938737,0.8350005806095587,0.06394376728353743,-240.07486120893776,4315.667050463536,10.52306581410151,0.0,0.0,0.0,250.59792702303926,0.0,0.0,1.1529896351151963,False,True,0.0,False,False,False,-0.10766583900044169,0.018645636507876845,-0.005244309035300043,1.572325599907831e-05
0.55,54.23728344516503,57.04672987125758,197.56033527716505,221.93426111837627,10.05941162025911,4.971535212629477,39.73775270569778,25.534366760838775,0.0,0.0,0.0,0.0,0.0,0.0,1.0,-0.005190870579258711,1.5725527484411472e-05,-0.005467444191934908,1.571163314252175e-05,0.0,0.0,0.0,0.0,0.0,0.0,-1.0829526353848218,0.0027551877015093533,-1.0829526353848218,0.0027551877015093533,-1.0829526353848218,0.0027551877015093533,0.8323294002564723,0.06508597408225343,-238.25904953111305,4320.4629938165335,10.499086097336521,0.0,0.0,0.0,248.75813562844957,0.0,0.0,1.1437906781422478,False,True,0.0,False,False,False,-0.10744300506505433,0.01932645303213959,-0.005190870579258711,1.5725527484411472e-05
0.5666666666666667,54.0365440703761,57.03083326707494,197.26723936472433,222.0433605416787,10.05941162025911,4.971535212629477,39.73775270569778,25.534366760838775,0.0,0.0,0.0,0.0,0.0,0.0,1.0,-0.0051394286798100985,1.57279278943101e-05,-0.0054018410895099464,1.571489209287942e-05,0.0,0.0,0.0,0.0,0.0,0.0,-1.0829526353848218,0.00271913756086808,-1.0829526353848218,0.00271913756086808,-1.0829526353848218,0.00271913756086808,0.829398441132065,0.066213018455919,-236.20669495629764,4324.57513119347,10.478525410451839,0.0,0.0,0.0,246.6852203667495,0.0,0.0,1.1334261018337475,False,True,0.0,False,False,False,-0.10719085906057502,0.02000407479985089,-0.0051394286798100985,1.57279278943101e-05
0.5833333333333334,53.8370556397904,57.014971304481044,196.95116723242927,222.15102753238895,10.05941162025911,4.971535212629477,39.73775270569778,25.534366760838775,0.0,0.0,0.0,0.0,0.0,0.0,1.0,-0.005089767952284108,1.573045149125263e-05,-0.005339426462064778,1.5718003972554064e-05,0.0,0.0,0.0,0.0,0.0,0.0,-1.0829526353848218,0.002683182812704755,-1.0829526353848218,0.002683182812704755,-1.0829526353848218,0.002683182812704755,0.8262377198091144,0.0673256431111849,-233.94825759664033,4328.077962494935,10.461011253944516,0.0,0.0,0.0,244.40926885058485,0.0,0.0,1.1220463442529243,False,True,0.0,False,False,False,-0.10691268461578018,0.020678316101250788,-0.005089767952284108,1.573045149125263e-05
0.6,53.638765742104525,56.999139895204294,196.6147840490301,222.25732824981645,10.05941162025911,4.971535212629477,39.73775270569778,25.534366760838775,0.0,0.0,0.0,0.0,0.0,0.0,1.0,-0.005041698389547156,1.5733093132824783e-05,-0.0052798808475612545,1.572102180460821e-05,0.0,0.0,0.0,0.0,0.0,0.0,-1.0829526353848218,0.0026473231096949376,-1.0829526353848218,0.0026473231096949376,-1.0829526353848218,0.0026473231096949376,0.822873887975123,0.06842450998846976,-231.51096702465168,4331.037655042637,10.446212791206003,0.0,0.0,0.0,241.95717981585767,0.0,0.0,1.1097858990792884,False,True,0.0,False,False,False,-0.1066113987871804,0.021349013414719148,-0.005041698389547156,1.5733093132824783e-05
0.6166666666666667,53.44162747684949,56.983335396182746,196.2604572090409,222.36232171914102,10.05941162025911,4.971535212629477,39.73775270569778,25.534366760838775,0.0,0.0,0.0,0.0,0.0,0.0,1.0,-0.004995052279060275,1.5735848172188094e-05,-0.005222915133861058,1.5723987078124188e-05,0.0,0.0,0.0,0.0,0.0,0.0,-1.0829526353848218,0.0026115581058498453,-1.0829526353848218,0.0026115581058498453,-1.0829526353848218,0.0026115581058498453,0.8193306195752308,0.06951020968556053,-228.91913468063836,4333.513001969818,10.4338360565701,0.0,0.0,0.0,239.35297073720847,0.0,0.0,1.0967648536860424,False,True,0.0,False,False,False,-0.10628959408681515,0.022016022926009293,-0.004995052279060275,1.5735848172188094e-05
0.6333333333333333,53.245598823926294,56.967554559943174,195.89029046218505,222.46606066043185,10.05941162025911,4.971535212629477,39.73775270569778,25.534366760838775,0.0,0.0,0.0,0.0,0.0,0.0,1.0,-0.004949681506669412,1.5738712375229502e-05,-0.00516826840842273,1.5726932137545253e-05,0.0,0.0,0.0,0.0,0.0,0.0,-1.0829526353848218,0.0025758874565111806,-1.0829526353848218,0.0025758874565111806,-1.0829526353848218,0.0025758874565111806,0.8156289521066722,0.07058326974780732,-226.19444333204623,4335.556267141801,10.423619730710184,0.0,0.0,0.0,236.61806306275642,0.0,0.0,1.083090315313782,False,True,0.0,False,False,False,-0.10594957555236562,0.02267921833171785,-0.004949681506669412,1.5738712375229502e-05
0.65,53.050642087506894,56.95179449066489,195.50615401827469,222.56859221840037,10.05941162025911,4.971535212629477,39.73775270569778,25.534366760838775,0.0,0.0,0.0,0.0,0.0,0.0,1.0,-0.0049054551967464555,1.5741681852199374e-05,-0.0051157057660874755,1.5729882080476076e-05,0.0,0.0,0.0,0.0,0.0,0.0,-1.0829526353848218,0.0025403108183459757,-1.0829526353848218,0.0025403108183459757,-1.0829526353848218,0.0025403108183459757,0.8117875876675685,0.07164416196565779,-223.35621329399953,4337.213930468864,10.415331414074867,0.0,0.0,0.0,233.7715447080744,0.0,0.0,1.068857723540372,False,True,0.0,False,False,False,-0.1055933934625819,0.02333848889348758,-0.0049054551967464555,1.5741681852199374e-05
0.6666666666666666,52.85672340525563,56.93605260525821,195.10971111684717,222.66995860514822,10.05941162025911,4.971535212629477,39.73775270569778,25.534366760838775,0.0,0.0,0.0,0.0,0.0,0.0,1.0,-0.004862257645188217,1.5744752998619882e-05,-0.005065016141907623,1.573285626410484e-05,0.0,0.0,0.0,0.0,0.0,0.0,-1.0829526353848218,0.002504827849341456,-1.0829526353848218,0.002504827849341456,-1.0829526353848218,0.002504827849341456,0.8078231586532936,0.07269330880214074,-220.4216458185174,4338.527345718694,10.408764337825719,0.0,0.0,0.0,230.8304101563431,0.0,0.0,1.0541520507817155,False,True,0.0,False,False,False,-0.10522287222510718,0.023993737713508573,-0.004862257645188217,1.5744752998619882e-05
0.6833333333333333,52.66381231496491,56.92032659886897,194.7024414893042,222.770197666601,10.05941162025911,4.971535212629477,39.73775270569778,25.534366760838775,0.0,0.0,0.0,0.0,0.0,0.0,1.0,-0.004819986507641927,1.5747922448738905e-05,-0.005016010215054483,1.5735869501031652e-05,0.0,0.0,0.0,0.0,0.0,0.0,-1.0829526353848218,0.0024694382087999253,-1.0829526353848218,0.0024694382087999253,-1.0829526353848218,0.0024694382087999253,0.8037504623778635,0.07373108905721017,-217.40604452680773,4339.533321412594,10.403734459356219,0.0,0.0,0.0,227.80977898616396,0.0,0.0,1.0390488949308199,False,True,0.0,False,False,False,-0.10483963589781053,0.024644880205448694,-0.004819986507641927,1.5747922448738905e-05
0.7,52.47188137168841,56.904614414291565,194.28566208778068,222.8693433819606,10.05941162025911,4.971535212629477,39.73775270569778,25.534366760838775,0.0,0.0,0.0,0.0,0.0,0.0,1.0,-0.004778551210371962,1.575118703567302e-05,-0.0049685184141179785,1.5738933007959924e-05,0.0,0.0,0.0,0.0,0.0,0.0,-1.0829526353848218,0.0024341415573336735,-1.0829526353848218,0.0024341415573336735,-1.0829526353848218,0.0024341415573336735,0.7995826683626287,0.0747578428622723,-214.32301605583194,4340.264634065771,10.400077896090334,0.0,0.0,0.0,224.72309395192227,0.0,0.0,1.0236154697596114,False,True,0.0,False,False,False,-0.10444513074737061,0.02529184273805382,-0.004778551210371962,1.575118703567302e-05
0.7166666666666667,52.28090580931574,56.888914214835495,193.8605454084308,222.96742630432757,10.05941162025911,4.971535212629477,39.73775270569778,25.534366760838775,0.0,0.0,0.0,0.0,0.0,0.0,1.0,-0.004737871555508422,1.575454375637997e-05,-0.004922389042396067,1.5742055157643934e-05,0.0,0.0,0.0,0.0,0.0,0.0,-1.0829526353848218,0.0023989375568598983,-1.0829526353848218,0.0023989375568598983,-1.0829526353848218,0.0023989375568598983,0.7953315015691297,0.07577387608641607,-211.18465126277565,4340.750481880702,10.39764865701568,0.0,0.0,0.0,221.58229991979132,0.0,0.0,1.0079114995989567,False,True,0.0,False,False,False,-0.10404064519887801,0.02593456143138506,-0.004737871555508422,1.575454375637997e-05
0.7333333333333333,52.09086324128195,56.8732243602446,193.42813569627077,223.06447394962143,10.05941162025911,4.971535212629477,39.73775270569778,25.534366760838775,0.0,0.0,0.0,0.0,0.0,0.0,1.0,-0.004697876496154274,1.5757989747705592e-05,-0.004877486533147708,1.5745242075656266e-05,0.0,0.0,0.0,0.0,0.0,0.0,-1.0829526353848218,0.0023638258705956485,-1.0829526353848218,0.0023638258705956485,-1.0829526353848218,0.0023638258705956485,0.7910074044475296,0.0767794642256187,-208.00168841418093,4341.016885999545,10.396316636421465,0.0,0.0,0.0,218.3980050506024,0.0,0.0,0.9919900252530119,False,True,0.0,False,False,False,-0.10362732748668146,0.02657298108805778,-0.004697876496154274,1.5757989747705592e-05
0.75,51.90173339575861,56.85754338531639,192.98936328339028,223.16051114003588,10.05941162025911,4.971535212629477,39.73775270569778,25.534366760838775,0.0,0.0,0.0,0.0,0.0,0.0,1.0,-0.004658503060020136,1.5761522261237282e-05,-0.004833689838522193,1.574849811277247e-05,0.0,0.0,0.0,0.0,0.0,0.0,-1.0829526353848218,0.0023288061630527897,-1.0829526353848218,0.0023288061630527897,-1.0829526353848218,0.0023288061630527897,0.7866196803187245,0.07777485583730599,-204.78365980600992,4341.087045547508,10.39596583868165,0.0,0.0,0.0,215.17962564469158,0.0,0.0,0.9758981282234579,False,True,0.0,False,False,False,-0.10320620127869029,0.0272070542439318,-0.004658503060020136,1.5761522261237282e-05
0.7666666666666666,51.71349788124321,56.84186998091042,192.54505728149954,223.2555603074903,10.05941162025911,4.971535212629477,39.73775270569778,25.534366760838775,0.0,0.0,0.0,0.0,0.0,0.0,1.0,-0.004619695403050406,1.5765138644568966e-05,-0.004790890951427836,1.575182621913177e-05,0.0,0.0,0.0,0.0,0.0,0.0,-1.0829526353848218,0.002293878100032992,-1.0829526353848218,0.002293878100032992,-1.0829526353848218,0.002293878100032992,0.7821766202998172,0.07876027557487002,-201.53902323662956,4340.981651935861,10.396492806739884,0.0,0.0,0.0,211.93551604336943,0.0,0.0,0.9596775802168471,False,True,0.0,False,False,False,-0.10277817951316282,0.027836740324550302,-0.004619695403050406,1.5765138644568966e-05
0.7833333333333333,51.52613997896142,56.826202977071624,192.09595682285322,223.34964176186296,10.05941162025911,4.971535212629477,39.73775270569778,25.534366760838775,0.0,0.0,0.0,0.0,0.0,0.0,1.0,-0.004581403976877674,1.5768836327312297e-05,-0.004748993556517803,1.5755228240767876e-05,0.0,0.0,0.0,0.0,0.0,0.0,-1.0829526353848218,0.002259041348622724,-1.0829526353848218,0.002259041348622724,-1.0829526353848218,0.002259041348622724,0.7776856157133542,0.07973592687000688,-198.27527970094192,4340.719167227291,10.397805230282733,0.0,0.0,0.0,208.67308493122465,0.0,0.0,0.9433654246561233,False,True,0.0,False,False,False,-0.10234407665800394,0.02846200489523848,-0.004581403976877674,1.5768836327312297e-05
0.8,51.33964445893195,56.81054132802693,191.64272102005197,223.44277392820317,10.05941162025911,4.971535212629477,39.73775270569778,25.534366760838775,0.0,0.0,0.0,0.0,0.0,0.0,1.0,-0.004543584796034006,1.5772612808107045e-05,-0.004707911804421044,1.575870515423571e-05,0.0,0.0,0.0,0.0,0.0,0.0,-1.0829526353848218,0.0022242955771882775,-1.0829526353848218,0.0022242955771882775,-1.0829526353848218,0.0022242955771882775,0.7731532576853414,0.08070199430484343,-194.99907860129647,4340.316070783512,10.399820712501628,0.0,0.0,0.0,205.3988993137981,0.0,0.0,0.9269944965689905,False,True,0.0,False,False,False,-0.10190461957721286,0.029082818994190074,-0.004543584796034006,1.5772612808107045e-05
0.8166666666666667,51.1539974169243,56.79488409884158,191.18593779462472,223.53497355660426,10.05941162025911,4.971535212629477,39.73775270569778,25.534366760838775,0.0,0.0,0.0,0.0,0.0,0.0,1.0,-0.004506198792634919,1.577646564387969e-05,-0.004667569202063819,1.5762257252164506e-05,0.0,0.0,0.0,0.0,0.0,0.0,-1.0829526353848218,0.0021896404553708154,-1.0829526353848218,0.0021896404553708154,-1.0829526353848218,0.0021896404553708154,0.7685854254310689,0.0816586457106719,-191.7163116873956,4339.787077905654,10.40246567689092,0.0,0.0,0.0,202.11877736428653,0.0,0.0,0.9105938868214326,False,True,0.0,False,False,False,-0.10146045716691732,0.029699158539119613,-0.004506198792634919,1.577646564387969e-05
0.8333333333333334,50.969186129872845,56.77923045354684,190.7261317062738,223.62625590797063,9.965101481687867,5.057460999276421,40.47576371273627,25.22291449034396,0.0,0.0,0.0,0.0,0.0,0.0,1.0,-0.0041428231640898705,9.195762634001126e-06,-0.004562619994469029,1.444895832853183e-05,0.0,0.0,0.0,0.0,0.0,0.0,-1.0829526353848218,0.0021550756540814277,-1.0829526353848218,0.0021550756540814277,-1.0829526353848218,0.0021550756540814277,0.7639873645475597,0.08260603402562497,-186.02698569150317,4332.100974399558,10.440896194421398,0.0,0.0,0.0,196.46788188592456,0.0,0.0,0.8823394094296227,False,True,0.0,False,False,False,-0.10068578082024349,0.030304419169348895,-0.0041428231640898705,9.195762634001126e-06
0.85,50.79009474885867,56.76344795197639,190.00306320272094,223.70566292812344,9.965101481687867,5.057460999276421,40.47576371273627,25.22291449034396,0.0,0.0,0.0,0.0,0.0,0.0,1.0,-0.004120688867254918,9.199668240089665e-06,-0.0044742337690262075,1.3399100310843397e-05,0.0,0.0,0.0,0.0,0.0,0.0,-1.0829526353848218,0.002120600845496209,-1.0829526353848218,0.002120600845496209,-1.0829526353848218,0.002120600845496209,0.7567566795120311,0.08343457903573831,-180.62920024638933,4324.948672252782,10.476657705155281,0.0,0.0,0.0,191.1058579515446,0.0,0.0,0.855529289757723,False,True,0.0,False,False,False,-0.09993915192526437,0.030903026970757974,-0.004120688867254918,9.199668240089665e-06
0.8666666666666667,50.61134188659529,56.74762476426003,189.3036104829187,223.78475570396915,9.965101481687867,5.057460999276421,40.47576371273627,25.22291449034396,0.0,0.0,0.0,0.0,0.0,0.0,1.0,-0.004097367240194938,9.203395105267242e-06,-0.004398860463259954,1.2559959269728167e-05,0.0,0.0,0.0,0.0,0.0,0.0,-1.0829526353848218,0.0020862157030513613,-1.0829526353848218,0.0020862157030513613,-1.0829526353848218,0.0020862157030513613,0.7497621523140088,0.08425989193664021,-175.49423750585564,4318.343312609035,10.509684503374014,0.0,0.0,0.0,186.00392200922965,0.0,0.0,0.8300196100461482,False,True,0.0,False,False,False,-0.0992177980597364,0.031495184152961236,-0.004097367240194938,9.203395105267242e-06
0.8833333333333333,50.4329661744628,56.73176458436192,188.6255156734029,223.8634862789183,9.965101481687867,5.057460999276421,40.47576371273627,25.22291449034396,0.0,0.0,0.0,0.0,0.0,0.0,1.0,-0.004072998721880605,9.20696851752778e-06,-0.004333688114984084,1.1889361119288089e-05,0.0,0.0,0.0,0.0,0.0,0.0,-1.0829526353848218,0.0020519199014383126,-1.0829526353848218,0.0020519199014383126,-1.0829526353848218,0.0020519199014383126,0.7429812042188506,0.08508149348774477,-170.59653569732768,4312.2291756098775,10.540255188369802,0.0,0.0,0.0,181.13679088569748,0.0,0.0,0.8056839544284874,False,True,0.0,False,False,False,-0.09851923700689591,0.03208107409777952,-0.004072998721880605,9.20696851752778e-06
0.9,50.255001902226255,56.715870731044724,187.96675685259427,223.94181212316673,9.965101481687867,5.057460999276421,40.47576371273627,25.22291449034396,0.0,0.0,0.0,0.0,0.0,0.0,1.0,-0.0040477082799108555,9.21041074181117e-06,-0.004276492147969439,1.1353571043792704e-05,0.0,0.0,0.0,0.0,0.0,0.0,-1.0829526353848218,0.0020177131165988486,-1.0829526353848218,0.0020177131165988486,-1.0829526353848218,0.0020177131165988486,0.7363936160107646,0.0858989587150685,-165.91360618371314,4306.556377618824,10.56861917832507,0.0,0.0,0.0,176.4822253620382,0.0,0.0,0.782411126810191,False,True,0.0,False,False,False,-0.09784124564267582,0.03266086332375964,-0.0040477082799108555,9.21041074181117e-06
0.9166666666666666,50.07747948468294,56.69994618715478,187.3255227635855,224.01969554243482,9.965101481687867,5.057460999276421,40.47576371273627,25.22291449034396,0.0,0.0,0.0,0.0,0.0,0.0,1.0,-0.00402160713479871,9.213741362062988e-06,-0.004225515145335293,1.092560510744676e-05,0.0,0.0,0.0,0.0,0.0,0.0,-1.0829526353848218,0.0019835950257202735,-1.0829526353848218,0.0019835950257202735,-1.0829526353848218,0.0019835950257202735,0.7299812751206768,0.0867119109986281,-161.42563794106678,4301.280245804446,10.594999837396958,0.0,0.0,0.0,172.02063777846374,0.0,0.0,0.7601031888923186,False,True,0.0,False,False,False,-0.0971818322232969,0.03323470324023338,-0.00402160713479871,9.213741362062988e-06
0.9333333333333333,49.9004258773042,56.68399363469803,186.70019028990177,224.0971031520714,9.965101481687867,5.057460999276421,40.47576371273627,25.22291449034396,0.0,0.0,0.0,0.0,0.0,0.0,1.0,-0.003994794290470338,9.216977582882091e-06,-0.004179370974362303,1.0583879602533825e-05,0.0,0.0,0.0,0.0,0.0,0.0,-1.0829526353848218,0.0019495653072305816,-1.0829526353848218,0.0019495653072305816,-1.0829526353848218,0.0019495653072305816,0.7237279503838395,0.08752001681348363,-157.11515669548987,4296.36076104907,10.61959726117384,0.0,0.0,0.0,167.73475395666372,0.0,0.0,0.7386737697833187,False,True,0.0,False,False,False,-0.09653921169632596,0.033802731713903786,-0.003994794290470338,9.216977582882091e-06
0.95,49.723864946525424,56.66801548616653,186.0893043880366,224.17400540921722,9.965101481687867,5.057460999276421,40.47576371273627,25.22291449034396,0.0,0.0,0.0,0.0,0.0,0.0,1.0,-0.003967357892720402,9.220134499110522e-06,-0.004136968358033922,1.0311130581849163e-05,0.0,0.0,0.0,0.0,0.0,0.0,-1.0829526353848218,0.0019156236407936581,-1.0829526353848218,0.0019156236407936581,-1.0829526353848218,0.0019156236407936581,0.7176190913651876,0.08832298105137859,-152.9667305588347,4291.762061611667,10.642590758360852,0.0,0.0,0.0,163.60932131719557,0.0,0.0,0.7180466065859779,False,True,0.0,False,False,False,-0.09591178370033315,0.034365074468403575,-0.003967357892720402,9.220134499110522e-06
0.9666666666666667,49.547817799707204,56.65201391252446,185.49156020471273,224.25037619654168,9.965101481687867,5.057460999276421,40.47576371273627,25.22291449034396,0.0,0.0,0.0,0.0,0.0,0.0,1.0,-0.003939376434972441,9.223225331977947e-06,-0.004097449973421627,1.009354953187492e-05,0.0,0.0,0.0,0.0,0.0,0.0,-1.0829526353848218,0.0018817697073044795,-1.0829526353848218,0.0018817697073044795,-1.0829526353848218,0.0018817697073044795,0.711641649531949,0.08912054285811244,-148.9667153180396,4287.452000818164,10.664141062328367,0.0,0.0,0.0,159.63085638036796,0.0,0.0,0.6981542819018398,False,True,0.0,False,False,False,-0.09529811295565782,0.03492184633500112,-0.003939376434972441,9.223225331977947e-06
0.9833333333333333,49.37230307923008,56.63599086821703,184.9057871371824,224.32619245179282,9.965101481687867,5.057460999276421,40.47576371273627,25.22291449034396,0.0,0.0,0.0,0.0,0.0,0.0,1.0,-0.003910919828552295,9.2262616426253e-06,-0.004060143944447761,9.920091954024995e-06,0.0,0.0,0.0,0.0,0.0,0.0,-1.0829526353848218,0.0018480031888843495,-1.0829526353848218,0.0018480031888843495,-1.0829526353848218,0.0018480031888843495,0.7057839188566457,0.08991247192904396,-145.10303362113865,4283.401752802914,10.684392302404618,0.0,0.0,0.0,155.78742592354328,0.0,0.0,0.6789371296177165,False,True,0.0,False,False,False,-0.09469691178201156,0.0354731523706274,-0.003910919828552295,9.2262616426253e-06
1.0,49.19733722468683,56.61994811352589,184.3309346218639,224.40143383804798,9.965101481687867,5.057460999276421,40.47576371273627,25.22291449034396,0.0,0.0,0.0,0.0,0.0,0.0,1.0,-0.0038820503527783323,9.229253518511227e-06,-0.004024525226113875,9.781924266922241e-06,0.0,0.0,0.0,0.0,0.0,0.0,-1.0829526353848218,0.0018143237688761497,-1.0829526353848218,0.0018143237688761497,-1.0829526353848218,0.0018143237688761497,0.7000353937034608,0.0906985652116037,-141.36498320580483,4279.585460992447,10.703473761456953,0.0,0.0,0.0,152.0684569672618,0.0,0.0,0.660342284836309,False,True,0.0,False,False,False,-0.09410702450818986,0.03601908885760252,-0.0038820503527783323,9.229253518511227e-06
1.0166666666666666,49.02293470669337,56.60388723455855,183.7660594606109,224.47608245012714,9.965101481687867,5.057460999276421,40.47576371273627,25.22291449034396,0.0,0.0,0.0,0.0,0.0,0.0,1.0,-0.0038528234984274157,9.232209739418185e-06,-0.003990184880576583,9.67198136142143e-06,0.0,0.0,0.0,0.0,0.0,0.0,-1.0829526353848218,0.0017807311318396048,-1.0829526353848218,0.0017807311318396048,-1.0829526353848218,0.0017807311318396048,0.6943866420909307,0.09147864396943187,-137.74307006669184,4275.979924615989,10.721501443339243,0.0,0.0,0.0,148.46457151003108,0.0,0.0,0.6423228575501554,False,True,0.0,False,False,False,-0.09352741356534877,0.03655974419785872,-0.0038528234984274157,9.232209739418185e-06
1.0333333333333332,48.8491082354463,56.58780966112768,183.21031451518098,224.55012255314065,9.965101481687867,5.057460999276421,40.47576371273627,25.22291449034396,0.0,0.0,0.0,0.0,0.0,0.0,1.0,-0.0038232887166524954,9.235137926166814e-06,-0.003956805647791765,9.584612674370506e-06,0.0,0.0,0.0,0.0,0.0,0.0,-1.0829526353848218,0.00174722496354657,-1.0829526353848218,0.00174722496354657,-1.0829526353848218,0.00174722496354657,0.6888291926366316,0.09225255116786009,-134.2288630838647,4272.564319053004,10.738579471154171,0.0,0.0,0.0,144.96744255501886,0.0,0.0,0.6248372127750944,False,True,0.0,False,False,False,-0.09295714707862146,0.03709519971304705,-0.0038232887166524954,9.235137926166814e-06
1.05,48.67586894680554,56.571716682748196,182.6629386194119,224.6235403495973,9.965101481687867,5.057460999276421,40.47576371273627,25.22291449034396,0.0,0.0,0.0,0.0,0.0,0.0,1.0,-0.0037934900840368435,9.238044671594503e-06,-0.003924142535040781,9.515299073815305e-06,0.0,0.0,0.0,0.0,0.0,0.0,-1.0829526353848218,0.0017138049509763326,-1.0829526353848218,0.0017138049509763326,-1.0829526353848218,0.0017138049509763326,0.6833554336789408,0.09302014914499668,-130.81486715752192,4269.319946296594,10.75480133493622,0.0,0.0,0.0,141.56966849245813,0.0,0.0,0.6078483424622907,False,True,0.0,False,False,False,-0.09239538779249656,0.037625530360660686,-0.0037934900840368435,9.238044671594503e-06
1.0666666666666667,48.503226568370685,56.55560946295464,182.12324757538622,224.6963237718996,9.965101481687867,5.057460999276421,40.47576371273627,25.22291449034396,0.0,0.0,0.0,0.0,0.0,0.0,1.0,-0.0037634668932691184,9.240935655768778e-06,-0.0038920074066864487,9.460426390206e-06,0.0,0.0,0.0,0.0,0.0,0.0,-1.0829526353848218,0.0016804707823109364,-1.0829526353848218,0.0016804707823109364,-1.0829526353848218,0.0016804707823109364,0.6779585232386839,0.09378131753668527,-127.494412332552,4266.230012226073,10.770251005288824,0.0,0.0,0.0,138.26466333784083,0.0,0.0,0.5913233166892042,False,True,0.0,False,False,False,-0.09184138318373192,0.03815080537519577,-0.0037634668932691184,9.240935655768778e-06
1.0833333333333333,48.33118956774454,56.53948905211935,181.59062611477333,224.76846229741068,9.965101481687867,5.057460999276421,40.47576371273627,25.22291449034396,0.0,0.0,0.0,0.0,0.0,0.0,1.0,-0.003733254177859857,9.24381575073685e-06,-0.00386025676092113,9.41710426231217e-06,0.0,0.0,0.0,0.0,0.0,0.0,-1.0829526353848218,0.0016472221469305214,-1.0829526353848218,0.0016472221469305214,-1.0829526353848218,0.0016472221469305214,0.6726323086325552,0.09453595142717632,-124.2615567647695,4263.279427750804,10.785003927665171,0.0,0.0,0.0,135.04656069243467,0.0,0.0,0.5752328034621733,False,True,0.0,False,False,False,-0.09129445663187208,0.03867108884238474,-0.003733254177859857,9.24381575073685e-06
1.1,48.1597652849327,56.52335639893208,181.06452071977418,224.83994678359315,9.965101481687867,5.057460999276421,40.47576371273627,25.22291449034396,0.0,0.0,0.0,0.0,0.0,0.0,1.0,-0.003702883178341665,9.246689110953277e-06,-0.003828782044405237,9.38302123204039e-06,0.0,0.0,0.0,0.0,0.0,0.0,-1.0829526353848218,0.0016140587354086823,-1.0829526353848218,0.0016140587354086823,-1.0829526353848218,0.0016140587354086823,0.6673712546825635,0.0952839597005229,-121.11100169073997,4260.45463121453,10.799127910346538,0.0,0.0,0.0,131.9101296010865,0.0,0.0,0.5595506480054326,False,True,0.0,False,False,False,-0.09075399953187602,0.03918644021365421,-0.003702883178341665,9.246689110953277e-06
1.1166666666666667,47.98896005061172,56.507212360684164,180.54443320982318,224.91076932100142,9.965101481687867,5.057460999276421,40.47576371273627,25.22291449034396,0.0,0.0,0.0,0.0,0.0,0.0,1.0,-0.0036723817565769146,9.24955925599158e-06,-0.0037975019868395727,9.356328836830629e-06,0.0,0.0,0.0,0.0,0.0,0.0,-1.0829526353848218,0.0015809802395078463,-1.0829526353848218,0.0015809802395078463,-1.0829526353848218,0.0015809802395078463,0.6621703795830536,0.09602526357050653,-118.03801682510982,4257.743429739562,10.81268391772138,0.0,0.0,0.0,128.8507007428312,0.0,0.0,0.544253503714156,False,True,0.0,False,False,False,-0.09021946424620708,0.039696914767183775,-0.0036723817565769146,9.24955925599158e-06
1.1333333333333333,47.81877929180544,56.49105771248469,180.0299150106378,224.9809231021576,9.965101481687867,5.057460999276421,40.47576371273627,25.22291449034396,0.0,0.0,0.0,0.0,0.0,0.0,1.0,-0.003641774764019834,9.252429141848317e-06,-0.003766356542275625,9.335548897834167e-06,0.0,0.0,0.0,0.0,0.0,0.0,-1.0829526353848218,0.0015479863521746643,-1.0829526353848218,0.0015479863521746643,-1.0829526353848218,0.0015479863521746643,0.6570251975911998,0.0967597952694014,-115.0383748309505,4255.13485744812,10.82572677917859,0.0,0.0,0.0,125.8641016101291,0.0,0.0,0.5293205080506455,False,True,0.0,False,False,False,-0.08969035780510604,0.04020256402124267,-0.003641774764019834,9.252429141848317e-06
1.15,47.64922762633877,56.47489315552226,179.5205620314415,225.05040230456146,9.965101481687867,5.057460999276421,40.47576371273627,25.22291449034396,0.0,0.0,0.0,0.0,0.0,0.0,1.0,-0.003611084369127049,9.255301225558066e-06,-0.0037353021076459094,9.319499363378947e-06,0.0,0.0,0.0,0.0,0.0,0.0,-1.0829526353848218,0.001515076767535427,-1.0829526353848218,0.001515076767535427,-1.0829526353848218,0.001515076767535427,0.6519316677992366,0.09748749687807926,-112.10829369683388,4252.619048726567,10.838305822786356,0.0,0.0,0.0,122.94659951962024,0.0,0.0,0.5147329975981012,False,True,0.0,False,False,False,-0.08916623627388853,0.04070343610486843,-0.003611084369127049,9.255301225558066e-06
1.1666666666666667,47.48030894728628,56.45871932447361,179.01601008440798,225.11920198628167,9.965101481687867,5.057460999276421,40.47576371273627,25.22291449034396,0.0,0.0,0.0,0.0,0.0,0.0,1.0,-0.0035803303485177906,9.258177523036037e-06,-0.0037043077558202857,9.307234995310365e-06,0.0,0.0,0.0,0.0,0.0,0.0,-1.0829526353848218,0.001482251180891491,-1.0829526353848218,0.001482251180891491,-1.0829526353848218,0.001482251180891491,0.6468861483289017,0.09820831928192532,-109.24438601432071,4250.187124901474,10.850465441911819,0.0,0.0,0.0,120.09485145623253,0.0,0.0,0.5004742572811627,False,True,0.0,False,False,False,-0.088646699715071,0.041199576090401396,-0.0035803303485177906,9.258177523036037e-06
1.1833333333333333,47.3120264984985,56.442536794149376,178.51593078765663,225.18731799274818,9.965101481687867,5.057460999276421,40.47576371273627,25.22291449034396,0.0,0.0,0.0,0.0,0.0,0.0,1.0,-0.0035495303459620597,9.261059658788318e-06,-0.0036733522738486408,9.297999928005955e-06,0.0,0.0,0.0,0.0,0.0,0.0,-1.0829526353848218,0.0014495092887147317,-1.0829526353848218,0.0014495092887147317,-1.0829526353848218,0.0014495092887147317,0.641885355361388,0.09892222123876716,-106.44361428600597,4247.831092876623,10.862245602036074,0.0,0.0,0.0,117.30585988804204,0.0,0.0,0.4865292994402102,False,True,0.0,False,False,False,-0.08813138768110096,0.041691026291898456,-0.0035495303459620597,9.261059658788318e-06
1.2,47.1443829421693,56.426346085457425,178.02002789960505,225.25474687351985,9.965101481687867,5.057460999276421,40.47576371273627,25.22291449034396,0.0,0.0,0.0,0.0,0.0,0.0,1.0,-0.003518700102802752,9.263948911514275e-06,-0.003642421839639463,9.291189724707619e-06,0.0,0.0,0.0,0.0,0.0,0.0,-1.0829526353848218,0.001416850788643003,-1.0829526353848218,0.001416850788643003,-1.0829526353848218,0.001416850788643003,0.6369263264808723,0.09962916854655551,-103.70325151079916,4245.543754440106,10.87368229421866,0.0,0.0,0.0,114.57693380501782,0.0,0.0,0.4728846690250891,False,True,0.0,False,False,False,-0.08761997518053288,0.04217782653301891,-0.003518700102802752,9.263948911514275e-06
1.2166666666666666,46.97738041930184,56.410147670755705,177.5280340382258,225.32148580793816,9.965101481687867,5.057460999276421,40.47576371273627,25.22291449034396,0.0,0.0,0.0,0.0,0.0,0.0,1.0,-0.0034878536630238433,9.266846254435412e-06,-0.0036115082043163393,9.286321030653177e-06,0.0,0.0,0.0,0.0,0.0,0.0,-1.0829526353848218,0.0013842753794756234,-1.0829526353848218,0.0013842753794756234,-1.0829526353848218,0.0013842753794756234,0.6320063878670796,0.10032913329990616,-101.02084639298644,4243.3186250926565,10.884807940955907,0.0,0.0,0.0,111.90565433394235,0.0,0.0,0.4595282716697118,False,True,0.0,False,False,False,-0.08711216906677843,0.04266001438758618,-0.0034878536630238433,9.266846254435412e-06
1.2333333333333334,46.81102060383593,56.39394197865859,177.03970774386204,225.387532538699,9.965101481687867,5.057460999276421,40.47576371273627,25.22291449034396,0.0,0.0,0.0,0.0,0.0,0.0,1.0,-0.003457003555794369,9.26975239035066e-06,-0.003580607274611945,9.283007302592674e-06,0.0,0.0,0.0,0.0,0.0,0.0,-1.0829526353848218,0.0013517827611688787,-1.0829526353848218,0.0013517827611688787,-1.0829526353848218,0.0013517827611688787,0.6271231249234422,0.10102209322582122,-98.39419260727611,4241.1498613747235,10.895651759545572,0.0,0.0,0.0,109.28984436682168,0.0,0.0,0.4464492218341084,False,True,0.0,False,False,False,-0.08660770480413582,0.04313762539568532,-0.003457003555794369,9.26975239035066e-06
1.25,46.64530475111647,56.377729398353964,176.55483084878867,225.45288531248124,9.965101481687867,5.057460999276421,40.47576371273627,25.22291449034396,0.0,0.0,0.0,0.0,0.0,0.0,1.0,-0.003426160958012847,9.272667783916111e-06,-0.0035497180112921255,9.28093939885736e-06,0.0,0.0,0.0,0.0,0.0,0.0,-1.0829526353848218,0.0013193726348315349,-1.0829526353848218,0.0013193726348315349,-1.0829526353848218,0.0013193726348315349,0.6222743559727084,0.10170803108998105,-95.821301625709,4239.032195781695,10.906240087510714,0.0,0.0,0.0,106.72754171321971,0.0,0.0,0.43363770856609857,False,True,0.0,False,False,False,-0.08610634357076052,0.04361069325785093,-0.003426160958012847,9.272667783916111e-06
1.2666666666666666,46.48023374130789,56.361510283482154,176.07320612073175,225.51754282686758,9.965101481687867,5.057460999276421,40.47576371273627,25.22291449034396,0.0,0.0,0.0,0.0,0.0,0.0,1.0,-0.0033953358390739208,9.275592689955703e-06,-0.0035188415768484848,9.27987005707703e-06,0.0,0.0,0.0,0.0,0.0,0.0,-1.0829526353848218,0.0012870447027203784,-1.0829526353848218,0.0012870447027203784,-1.0829526353848218,0.0012870447027203784,0.6174581086921394,0.10238693416595546,-93.30037867579425,4236.960878456451,10.916596674136935,0.0,0.0,0.0,104.21697534993119,0.0,0.0,0.42108487674965595,False,True,0.0,False,False,False,-0.08560786966264389,0.04407925000962637,-0.0033953358390739208,9.275592689955703e-06
1.2833333333333332,46.31580811829363,56.34528495562228,175.59465515114016,225.5815041828761,9.965101481687867,5.057460999276421,40.47576371273627,25.22291449034396,0.0,0.0,0.0,0.0,0.0,0.0,1.0,-0.0033645370898456317,9.278527178163687e-06,-0.003487980679447914,9.27960148129436e-06,0.0,0.0,0.0,0.0,0.0,0.0,-1.0829526353848218,0.0012547986682357648,-1.0829526353848218,0.0012547986682357648,-1.0829526353848218,0.0012547986682357648,0.6126725989962234,0.10305879376052543,-90.829801454016,4234.931624936788,10.92674294173525,0.0,0.0,0.0,101.75654439575126,0.0,0.0,0.4087827219787563,False,True,0.0,False,False,False,-0.08511208816657811,0.044543326178531434,-0.0033645370898456317,9.278527178163687e-06
1.3,46.152028124540976,56.32905370742682,175.11901646218,225.64476884249748,9.965101481687867,5.057460999276421,40.47576371273627,25.22291449034396,0.0,0.0,0.0,0.0,0.0,0.0,1.0,-0.0033337726376074794,9.281471155059284e-06,-0.0034571390710798275,9.279975416047345e-06,0.0,0.0,0.0,0.0,0.0,0.0,-1.0829526353848218,0.0012226342359171936,-1.0829526353848218,0.0012226342359171936,-1.0829526353848218,0.0012226342359171936,0.6079162121066218,0.10372360478905789,-88.40810126628769,4232.940569313989,10.936698219849244,0.0,0.0,0.0,99.34479948613694,0.0,0.0,0.39672399743068465,False,True,0.0,False,False,False,-0.08461882287357447,0.04500295092526009,-0.0033337726376074794,9.281471155059284e-06
1.3166666666666667,45.98889373235928,56.31281680544077,174.64614380925866,225.70733659069842,9.965101481687867,5.057460999276421,40.47576371273627,25.22291449034396,0.0,0.0,0.0,0.0,0.0,0.0,1.0,-0.0033030495485006917,9.284424385330725e-06,-0.0034263211665640004,9.280865209904021e-06,0.0,0.0,0.0,0.0,0.0,0.0,-1.0829526353848218,0.001190551111438888,-1.0829526353848218,0.001190551111438888,-1.0829526353848218,0.001190551111438888,0.6031874855774084,0.10438136539554528,-86.03394630791351,4230.984222228754,10.946479955275418,0.0,0.0,0.0,96.98042626318893,0.0,0.0,0.38490213131594464,False,True,0.0,False,False,False,-0.08412791440728196,0.04545815217073797,-0.0033030495485006917,9.284424385330725e-06
1.3333333333333333,45.82640467193331,56.296574492638015,174.1759046583872,225.76920750141184,9.965101481687867,5.057460999276421,40.47576371273627,25.22291449034396,0.0,0.0,0.0,0.0,0.0,0.0,1.0,-0.0032723741188871447,9.287386507905726e-06,-0.0033955317570286293,9.282169469504361e-06,0.0,0.0,0.0,0.0,0.0,0.0,-1.0829526353848218,0.0011585490016054081,-1.0829526353848218,0.0011585490016054081,-1.0829526353848218,0.0011585490016054081,0.5984850940686935,0.10503207661251315,-83.70612683132683,4229.059433192819,10.956103900455096,0.0,0.0,0.0,94.66223073178192,0.0,0.0,0.3733111536589096,False,True,0.0,False,False,False,-0.08363921854472367,0.04590895671049283,-0.0032723741188871447,9.287386507905726e-06
1.35,45.664560456472,56.28032699070403,173.70817881994208,225.83038190708686,9.965101481687867,5.057460999276421,40.47576371273627,25.22291449034396,0.0,0.0,0.0,0.0,0.0,0.0,1.0,-0.00324175195682308,9.290357052632592e-06,-0.0033647757969875194,9.283806986130008e-06,0.0,0.0,0.0,0.0,0.0,0.0,-1.0829526353848218,0.0011266276143472654,-1.0829526353848218,0.0011266276143472654,-1.0829526353848218,0.0011266276143472654,0.5938078356842427,0.10567574205652155,-81.42354198073993,4227.163356780026,10.965584282519057,0.0,0.0,0.0,92.38912626325899,0.0,0.0,0.3619456313162949,False,True,0.0,False,False,False,-0.08315260470909802,0.046355390317642894,-0.00324175195682308,9.290357052632592e-06
1.3666666666666667,45.50336040477637,56.26407450209089,173.2428572223616,225.89086037141738,9.965101481687867,5.057460999276421,40.47576371273627,25.22291449034396,0.0,0.0,0.0,0.0,0.0,0.0,1.0,-0.0032111880547551763,9.293335453935958e-06,-0.0033340582485410506,9.285712679691198e-06,0.0,0.0,0.0,0.0,0.0,0.0,-1.0829526353848218,0.0010947866587165626,-1.0829526353848218,0.0010947866587165626,-1.0829526353848218,0.0010947866587165626,0.5891546197084379,0.10631236765545743,-79.18518809988173,4225.293422279697,10.974933955020706,0.0,0.0,0.0,90.16012205490243,0.0,0.0,0.35080061027451215,False,True,0.0,False,False,False,-0.08266795461659071,0.04679747783566683,-0.0032111880547551763,9.293335453935958e-06
1.3833333333333333,45.34280366149747,56.24781721186796,172.77984081109832,225.95064366491115,9.965101481687867,5.057460999276421,40.47576371273627,25.22291449034396,0.0,0.0,0.0,0.0,0.0,0.0,1.0,-0.003180686854387549,9.296321063972934e-06,-0.0033033839697103502,9.287834356547546e-06,0.0,0.0,0.0,0.0,0.0,0.0,-1.0829526353848218,0.00106302584488265,-1.0829526353848218,0.00106302584488265,-1.0829526353848218,0.00106302584488265,0.584524455595805,0.10694196140422892,-76.99014834237897,4223.447306449102,10.98416453417368,0.0,0.0,0.0,87.97431287655264,0.0,0.0,0.3398715643827632,False,True,0.0,False,False,False,-0.08218516106106111,0.047235243262000334,-0.003180686854387549,9.296321063972934e-06
1.4,45.182889215326306,56.23155528938914,172.3190395597094,226.0097327429968,9.965101481687867,5.057460999276421,40.47576371273627,25.22291449034396,0.0,0.0,0.0,0.0,0.0,0.0,1.0,-0.0031502523045960906,9.299313161764688e-06,-0.003272757636687498,9.290130117590975e-06,0.0,0.0,0.0,0.0,0.0,0.0,-1.0829526353848218,0.0010313448841277996,-1.0829526353848218,0.0010313448841277996,-1.0829526353848218,0.0010313448841277996,0.5799164430819158,0.10756453314584027,-74.83758343495235,4221.622909040595,10.993286521216215,0.0,0.0,0.0,85.83086995616857,0.0,0.0,0.32915434978084285,False,True,0.0,False,False,False,-0.08170412682221917,0.04766870982338979,-0.0031502523045960906,9.299313161764688e-06
1.4166666666666667,45.02361591533164,56.215288889795275,171.86037158138956,226.06812872639964,9.965101481687867,5.057460999276421,40.47576371273627,25.22291449034396,0.0,0.0,0.0,0.0,0.0,0.0,1.0,-0.003119887913130892,9.30231096660239e-06,-0.003242183691976177,9.292566287393258e-06,0.0,0.0,0.0,0.0,0.0,0.0,-1.0829526353848218,0.0009997434888428878,-1.0829526353848218,0.0009997434888428878,-1.0829526353848218,0.0009997434888428878,0.5753297632987173,0.10818009437515369,-72.72672346138494,4219.818330814034,11.002309412349017,0.0,0.0,0.0,83.72903287373396,0.0,0.0,0.31864516436866974,False,True,0.0,False,False,False,-0.08122476368441989,0.048097900043845856,-0.003119887913130892,9.30231096660239e-06
1.4333333333333333,44.86498248563862,56.19901815536855,171.40376233047937,226.12583288354665,9.965101481687867,5.057460999276421,40.47576371273627,25.22291449034396,0.0,0.0,0.0,0.0,0.0,0.0,1.0,-0.0030895967928048496,9.305313642682389e-06,-0.0032116663121419115,9.295115758451085e-06,0.0,0.0,0.0,0.0,0.0,0.0,-1.0829526353848218,0.0009682213725231067,-1.0829526353848218,0.0009682213725231067,-1.0829526353848218,0.0009682213725231067,0.5707636707896154,0.10878865806294365,-70.65686055099741,4218.031853775603,11.011241797541174,0.0,0.0,0.0,81.66810234853858,0.0,0.0,0.3083405117426929,False,True,0.0,False,False,False,-0.08074699155459597,0.04852283580593823,-0.0030895967928048496,9.305313642682389e-06
1.45,44.70698753862051,56.182743216753764,170.94914388461612,226.1828466147855,9.965101481687867,5.057460999276421,40.47576371273627,25.22291449034396,0.0,0.0,0.0,0.0,0.0,0.0,1.0,-0.0030593817027566583,9.308320310374985e-06,-0.0031812093902648607,9.297756668835864e-06,0.0,0.0,0.0,0.0,0.0,0.0,-1.0829526353848218,0.0009367782497636841,-1.0829526353848218,0.0009367782497636841,-1.0829526353848218,0.0009367782497636841,0.566217486330983,0.10939023849809144,-68.62734236902963,4216.261923412085,11.020091449358766,0.0,0.0,0.0,79.64743381838841,0.0,0.0,0.29823716909194203,False,True,0.0,False,False,False,-0.08027073766905679,0.04894353840611121,-0.0030593817027566583,9.308320310374985e-06
1.4666666666666666,44.549629586757575,56.16646419406002,170.49645429917345,226.23917143822777,9.965101481687867,5.057460999276421,40.47576371273627,25.22291449034396,0.0,0.0,0.0,0.0,0.0,0.0,1.0,-0.0030292450853270925,9.31133005180329e-06,-0.003150816529277307,9.300471345429349e-06,0.0,0.0,0.0,0.0,0.0,0.0,-1.0829526353848218,0.000905413836255623,-1.0829526353848218,0.000905413836255623,-1.0829526353848218,0.000905413836255623,0.5616905904765562,0.10998485114602229,-66.63756631838343,4214.507132713996,11.02886540284921,0.0,0.0,0.0,77.66643172123264,0.0,0.0,0.2883321586061632,False,True,0.0,False,False,False,-0.07979593587997447,0.049360028604617204,-0.0030292450853270925,9.31133005180329e-06
1.4833333333333334,44.39290705330082,56.150181197854785,170.04563702652618,226.29480897704525,9.965101481687867,5.057460999276421,40.47576371273627,25.22291449034396,0.0,0.0,0.0,0.0,0.0,0.0,1.0,-0.0029991890990281878,9.314341916005775e-06,-0.0031204910432274836,9.303245459544635e-06,0.0,0.0,0.0,0.0,0.0,0.0,-1.0829526353848218,0.0008741278487814535,-1.0829526353848218,0.0008741278487814535,-1.0829526353848218,0.0008741278487814535,0.5571824177500835,0.11057251252167129,-64.68697437275307,4212.766207802825,11.037570027405064,0.0,0.0,0.0,75.72454440015814,0.0,0.0,0.2786227220007907,False,True,0.0,False,False,False,-0.0793225260133501,0.04977232667060888,-0.0029991890990281878,9.314341916005775e-06
1.5,44.23681828186365,56.13389433006116,169.59664039346657,226.3497609480669,9.965101481687867,5.057460999276421,40.47576371273627,25.22291449034396,0.0,0.0,0.0,0.0,0.0,0.0,1.0,-0.0029692156480221055,9.317354926763333e-06,-0.003090235964186408,9.306067352988374e-06,0.0,0.0,0.0,0.0,0.0,0.0,-1.0829526353848218,0.0008429200052110103,-1.0829526353848218,0.0008429200052110103,-1.0829526353848218,0.0008429200052110103,0.5526924514194875,0.11115324007545802,-62.775048470446514,4211.037994997385,11.046211091432264,0.0,0.0,0.0,73.82125956187878,0.0,0.0,0.2691062978093939,False,True,0.0,False,False,False,-0.07885045329111695,0.0501804524228773,-0.0029692156480221055,9.317354926763333e-06
1.5166666666666666,44.08136154505169,56.11760368476807,169.14941713079958,226.4040291515413,9.965101481687867,5.057460999276421,40.47576371273627,25.22291449034396,0.0,0.0,0.0,0.0,0.0,0.0,1.0,-0.002939326408487819,9.32036808581893e-06,-0.0030600540530466903,9.308927499554485e-06,0.0,0.0,0.0,0.0,0.0,0.0,-1.0829526353848218,0.0008117900244972175,-1.0829526353848218,0.0008117900244972175,-1.0829526353848218,0.0008117900244972175,0.5482202187928173,0.11172705209091596,-60.90130640633803,4209.321449171394,11.054793820562217,0.0,0.0,0.0,71.95610022690025,0.0,0.0,0.2597805011345012,False,True,0.0,False,False,False,-0.07837966781080385,0.050584425266667274,-0.002939326408487819,9.32036808581893e-06
1.5333333333333332,43.92653505222927,56.101309348962026,168.70392394976898,226.45761546194268,9.965101481687867,5.057460999276421,40.47576371273627,25.22291449034396,0.0,0.0,0.0,0.0,0.0,0.0,1.0,-0.0029095228522163508,9.323380377429524e-06,-0.0030299478128806225,9.311818075129492e-06,0.0,0.0,0.0,0.0,0.0,0.0,-1.0829526353848218,0.0007807376266718918,-1.0829526353848218,0.0007807376266718918,-1.0829526353848218,0.0007807376266718918,0.5437652869825116,0.11229396759275491,-59.06529816665736,4207.615623270079,11.063322950068796,0.0,0.0,0.0,70.12862111672615,0.0,0.0,0.2506431055836308,False,True,0.0,False,False,False,-0.07791012407689002,0.050984264226961604,-0.0029095228522163508,9.323380377429524e-06
1.55,43.772336956510735,56.085011403188275,168.26012116054142,226.51052181971193,9.965101481687867,5.057460999276421,40.47576371273627,25.22291449034396,0.0,0.0,0.0,0.0,0.0,0.0,1.0,-0.002879806267727325,9.326390773334303e-06,-0.002999919503849963,9.314732614770453e-06,0.0,0.0,0.0,0.0,0.0,0.0,-1.0829526353848218,0.0007497625328415669,-1.0829526353848218,0.0007497625328415669,-1.0829526353848218,0.0007497625328415669,0.539327259090236,0.11285400626427787,-57.26660265755147,4205.919658867567,11.071802772081355,0.0,0.0,0.0,68.33840542963283,0.0,0.0,0.24169202714816415,False,True,0.0,False,False,False,-0.07744178057857365,0.05137998797858567,-0.002879806267727325,9.326390773334303e-06
1.5666666666666667,43.6187653610557,56.068709922148386,167.81797232845517,226.5627502238365,9.965101481687867,5.057460999276421,40.47576371273627,25.22291449034396,0.0,0.0,0.0,0.0,0.0,0.0,1.0,-0.0028501777791682947,9.329398234836361e-06,-0.002969971158913629,9.317665738783634e-06,0.0,0.0,0.0,0.0,0.0,0.0,-1.0829526353848218,0.0007188644651833284,-1.0829526353848218,0.0007188644651833284,-1.0829526353848218,0.0007188644651833284,0.5349057707693735,0.11340718837318176,-55.504824784003475,4204.232777658987,11.080237178124253,0.0,0.0,0.0,66.58506196212772,0.0,0.0,0.2329253098106386,False,True,0.0,False,False,False,-0.0769745994092429,0.05177161487344459,-0.0028501777791682947,9.329398234836361e-06
1.5833333333333333,43.465818324738905,56.05240497524049,167.37744396420243,226.6143027251813,9.965101481687867,5.057460999276421,40.47576371273627,25.22291449034396,0.0,0.0,0.0,0.0,0.0,0.0,1.0,-0.0028206383632476406,9.332401716438676e-06,-0.0029401045997804313,9.320612934314642e-06,0.0,0.0,0.0,0.0,0.0,0.0,-1.0829526353848218,0.000688043146940668,-1.0829526353848218,0.000688043146940668,-1.0829526353848218,0.000688043146940668,0.5305004871268462,0.11395353470487221,-53.77959284060408,4202.554273792371,11.088629697457336,0.0,0.0,0.0,64.86822253806142,0.0,0.0,0.22434111269030707,False,True,0.0,False,False,False,-0.07650854592342482,0.052159162965177766,-0.0028206383632476406,9.332401716438676e-06
1.6,43.31349386725804,56.036096627047904,166.93850524450852,226.66518142049406,9.965101481687867,5.057460999276421,40.47576371273627,25.22291449034396,0.0,0.0,0.0,0.0,0.0,0.0,1.0,-0.002791188864394223,9.335400169188657e-06,-0.0029103214527031896,9.323570381289445e-06,0.0,0.0,0.0,0.0,0.0,0.0,-1.0829526353848218,0.0006572983024193497,-1.0829526353848218,0.0006572983024193497,-1.0829526353848218,0.0006572983024193497,0.5261110999299068,0.11449306650252145,-52.0905561799996,4200.883506955364,11.096983531642367,0.0,0.0,0.0,63.18753971164197,0.0,0.0,0.21593769855820985,False,True,0.0,False,False,False,-0.0760435884274222,0.05254265003148467,-0.002791188864394223,9.335400169188657e-06
1.6166666666666667,43.16178997373642,56.01978493778117,166.50112776022493,226.71538844701575,9.965101481687867,5.057460999276421,40.47576371273627,25.22291449034396,0.0,0.0,0.0,0.0,0.0,0.0,1.0,-0.0027618300083464,9.338392541913265e-06,-0.0028806231638318315,9.326534813414209e-06,0.0,0.0,0.0,0.0,0.0,0.0,-1.0829526353848218,0.0006266296569832988,-1.0829526353848218,0.0006266296569832988,-1.0829526353848218,0.0006266296569832988,0.521737325087071,0.11502580541317442,-50.43738312870862,4199.219896140465,11.105301585716866,0.0,0.0,0.0,61.542684714425484,0.0,0.0,0.2077134235721274,False,True,0.0,False,False,False,-0.07557969790024643,0.052922093594348865,-0.0027618300083464,9.338392541913265e-06
1.6333333333333333,43.01070459887134,56.0034699636781,166.06528528907782,226.76492597763317,9.965101481687867,5.057460999276421,40.47576371273627,25.22291449034396,0.0,0.0,0.0,0.0,0.0,0.0,1.0,-0.0027325624143279548,9.341377784022331e-06,-0.002851011013931056,9.329503407535833e-06,0.0,0.0,0.0,0.0,0.0,0.0,-1.0829526353848218,0.0005960369370505015,-1.0829526353848218,0.0005960369370505015,-1.0829526353848218,0.0005960369370505015,0.5173789003756,0.11555177343928127,-48.819759123374894,4197.5629140204965,11.113586496316707,0.0,0.0,0.0,59.9333456196916,0.0,0.0,0.199666728098458,False,True,0.0,False,False,False,-0.07511684774180005,0.053297510938367446,-0.0027325624143279548,9.341377784022331e-06
1.65,42.86023567067388,55.98715175736595,165.63095359059278,226.8137962165192,9.965101481687867,5.057460999276421,40.47576371273627,25.22291449034396,0.0,0.0,0.0,0.0,0.0,0.0,1.0,-0.002703386605963476,9.344354847562464e-06,-0.00282148613233754,9.332473695541157e-06,0.0,0.0,0.0,0.0,0.0,0.0,-1.0829526353848218,0.0005655198700889218,-1.0829526353848218,0.0005655198700889218,-1.0829526353848218,0.0005655198700889218,0.5130355833907496,0.11607099289510302,-47.237385043535234,4195.912081873005,11.121840657054163,0.0,0.0,0.0,58.3592257005894,0.0,0.0,0.191796128502947,False,True,0.0,False,False,False,-0.07465501354557735,0.05366891912737008,-0.002703386605963476,9.344354847562464e-06
1.6666666666666667,42.710381093841,55.970830368189375,165.19811022097437,226.86200139521043,10.01296873933536,5.0476553159490996,40.08210097275569,24.284538925741533,0.0,0.0,0.0,0.0,0.0,0.0,1.0,-0.0027964942602685117,-2.0728093320987462e-05,-0.002816487757923734,3.3203602922354353e-06,0.0,0.0,0.0,0.0,0.0,0.0,-1.0829526353848218,0.0005350781846124353,-1.0829526353848218,0.0005350781846124353,-1.0829526353848218,0.0005350781846124353,0.5087071496945654,0.11658348636749205,-46.11247383308907,4197.758183688631,11.112610147976033,0.0,0.0,0.0,57.225083981065104,0.0,0.0,0.18612541990532552,False,True,0.0,False,False,False,-0.07431636413263387,0.05400625960348433,-0.0027964942602685117,-2.0728093320987462e-05
1.6833333333333333,42.55930588420884,55.95390433418735,164.86980201798406,226.90794418857644,10.01296873933536,5.0476553159490996,40.08210097275569,24.284538925741533,0.0,0.0,0.0,0.0,0.0,0.0,1.0,-0.002763546815137019,-2.0725990160591623e-05,-0.0028058995693663914,-1.4889097983299757e-06,0.0,0.0,0.0,0.0,0.0,0.0,-1.0829526353848218,0.0005047116101767763,-1.0829526353848218,0.0005047116101767763,-1.0829526353848218,0.0005047116101767763,0.5054240676646623,0.1170732808755878,-44.9676540838586,4198.702891092348,11.107886610957449,0.0,0.0,0.0,56.07554069481605,0.0,0.0,0.18037770347408025,False,True,0.0,False,False,False,-0.07396780902852595,0.05434050808043453,-0.002763546815137019,-2.0725990160591623e-05
1.7,42.40900395656154,55.93699287995477,164.53406724769866,226.95305422325652,10.01296873933536,5.0476553159490996,40.08210097275569,24.284538925741533,0.0,0.0,0.0,0.0,0.0,0.0,1.0,-0.0027310590758635733,-2.072387091349437e-05,-0.002790931470665828,-5.335902021362853e-06,0.0,0.0,0.0,0.0,0.0,0.0,-1.0829526353848218,0.0004744198773755052,-1.0829526353848218,0.0004744198773755052,-1.0829526353848218,0.0004744198773755052,0.5020667199618084,0.11755467295518984,-43.810909923674046,4199.432435239703,11.104238890220673,0.0,0.0,0.0,54.91514881389472,0.0,0.0,0.1745757440694736,False,True,0.0,False,False,False,-0.07361028511730894,0.05467160686688023,-0.0027310590758635733,-2.072387091349437e-05
1.7166666666666666,42.25945882478439,55.920094563104875,164.1916671255196,226.99734953373553,10.01296873933536,5.0476553159490996,40.08210097275569,24.284538925741533,0.0,0.0,0.0,0.0,0.0,0.0,1.0,-0.0026989962685161073,-2.0721738795165257e-05,-0.002772544430235884,-8.413069376123335e-06,0.0,0.0,0.0,0.0,0.0,0.0,-1.0829526353848218,0.0004442027178359842,-1.0829526353848218,0.0004442027178359842,-1.0829526353848218,0.0004442027178359842,0.4986427187400177,0.11802784321951947,-42.64645918548594,4199.965810460786,11.10157201411526,0.0,0.0,0.0,53.7480311996012,0.0,0.0,0.168740155998006,False,True,0.0,False,False,False,-0.07324464406014419,0.05499950461235296,-0.0026989962685161073,-2.0721738795165257e-05
1.7333333333333334,42.1106552905479,55.90320806918362,163.84329343992746,227.04084670337127,10.01296873933536,5.0476553159490996,40.08210097275569,24.284538925741533,0.0,0.0,0.0,0.0,0.0,0.0,1.0,-0.0026673269920045595,-2.0719596766347048e-05,-0.002751500942589619,-1.0874374854168076e-05,0.0,0.0,0.0,0.0,0.0,0.0,-1.0829526353848218,0.0004140598642153777,-1.0829526353848218,0.0004140598642153777,-1.0829526353848218,0.0004140598642153777,0.49515898188409646,0.11849295776949732,-41.47811755045939,4200.320289673418,11.099799618052097,0.0,0.0,0.0,52.57791716851148,0.0,0.0,0.16288958584255742,False,True,0.0,False,False,False,-0.07287166027378988,0.05532415572766005,-0.0026673269920045595,-2.0719596766347048e-05
1.75,41.962579323593886,55.88633220007345,163.48957504981146,227.08356100271766,10.01296873933536,5.0476553159490996,40.08210097275569,24.284538925741533,0.0,0.0,0.0,0.0,0.0,0.0,1.0,-0.002636022878624744,-2.0717447561116598e-05,-0.0027284053297966437,-1.284298939555778e-05,0.0,0.0,0.0,0.0,0.0,0.0,-1.0829526353848218,0.0003839910501966591,-1.0829526353848218,0.0003839910501966591,-1.0829526353848218,0.0003839910501966591,0.4916217979829365,0.11895016957697993,-40.30933338917677,4200.511585394734,11.09884313944552,0.0,0.0,0.0,51.40817652862229,0.0,0.0,0.15704088264311147,False,True,0.0,False,False,False,-0.07249203813867011,0.055645519859510044,-0.002636022878624744,-2.0717447561116598e-05
1.7666666666666666,41.81521795357787,55.86946586348148,163.13108375469474,227.12550651418505,10.01296873933536,5.0476553159490996,40.08210097275569,24.284538925741533,0.0,0.0,0.0,0.0,0.0,0.0,1.0,-0.002605058289819384,-2.071529370933911e-05,-0.0027037359218011914,-1.4417450258314046e-05,0.0,0.0,0.0,0.0,0.0,0.0,-1.0829526353848218,0.00035399601048464096,-1.0829526353848218,0.00035399601048464096,-1.0829526353848218,0.00035399601048464096,0.48803688503176906,0.11939961973136598,-39.143220044726974,4200.553995216875,11.098631090334816,0.0,0.0,0.0,50.24185113506179,0.0,0.0,0.15120925567530896,False,True,0.0,False,False,False,-0.0721064185133311,0.05596356141413115,-0.002605058289819384,-2.071529370933911e-05
1.7833333333333332,41.66855917231595,55.8526080634076,162.76833960034617,227.16669624443068,10.01296873933536,5.0476553159490996,40.08210097275569,24.284538925741533,0.0,0.0,0.0,0.0,0.0,0.0,1.0,-0.0025744100433757744,-2.0713137557457073e-05,-0.002677870746116108,-1.567658771814265e-05,0.0,0.0,0.0,0.0,0.0,0.0,-1.0829526353848218,0.0003240744808020154,-1.0829526353848218,0.0003240744808020154,-1.0829526353848218,0.0003240744808020154,0.4844094434882835,0.11984143856350504,-37.98258564746827,4200.460533294516,11.09909839994661,0.0,0.0,0.0,49.08168404741488,0.0,0.0,0.1454084202370744,False,True,0.0,False,False,False,-0.07171538462416494,0.05627824912517177,-0.0025744100433757744,-2.0713137557457073e-05
1.8,41.52259184540272,55.83575789149819,162.401815675823,227.20714222572494,10.01296873933536,5.0476553159490996,40.08210097275569,24.284538925741533,0.0,0.0,0.0,0.0,0.0,0.0,1.0,-0.002544057168705538,-2.0710981287572205e-05,-0.0026511080306339937,-1.6683466432028563e-05,0.0,0.0,0.0,0.0,0.0,0.0,-1.0829526353848218,0.00029422619788541164,-1.0829526353848218,0.00029422619788541164,-1.0829526353848218,0.00029422619788541164,0.48074420424305186,0.12027574665936414,-36.82996057280877,4200.243049232266,11.100185820257861,0.0,0.0,0.0,47.930146393066636,0.0,0.0,0.1396507319653332,False,True,0.0,False,False,False,-0.07131946739220985,0.056589555661639916,-0.002544057168705538,-2.0710981287572205e-05
1.8166666666666667,41.377305632273206,55.81891451920065,162.03194245223682,227.24685560740824,10.01296873933536,5.0476553159490996,40.08210097275569,24.284538925741533,0.0,0.0,0.0,0.0,0.0,0.0,1.0,-0.0025139806872201964,-2.0708826933946156e-05,-0.0026236825619512343,-1.748853853241208e-05,0.0,0.0,0.0,0.0,0.0,0.0,-1.0829526353848218,0.0002644508994814694,-1.0829526353848218,0.0002644508994814694,-1.0829526353848218,0.0002644508994814694,0.47704547200718983,0.12070265577460085,-35.68762266706728,4199.912335617659,11.101839388330895,0.0,0.0,0.0,46.789462055398175,0.0,0.0,0.1339473102769909,False,True,0.0,False,False,False,-0.07091915025251949,0.05689745727205828,-0.0025139806872201964,-2.0708826933946156e-05
1.8333333333333333,41.2326909138764,55.80207719064229,161.65911170839883,227.28584673843716,10.01296873933536,5.0476553159490996,40.08210097275569,24.284538925741533,0.0,0.0,0.0,0.0,0.0,0.0,1.0,-0.0024841634151459013,-2.0706676396003987e-05,-0.0025957787325901678,-1.8132166105130463e-05,0.0,0.0,0.0,0.0,0.0,0.0,-1.0829526353848218,0.00023474832434292465,-1.0829526353848218,0.00023474832434292465,-1.0829526353848218,0.00023474832434292465,0.47331716456880996,0.12112226966002887,-34.55762037418012,4199.478225318184,11.10400993982827,0.0,0.0,0.0,45.66163031400839,0.0,0.0,0.12830815157004197,False,True,0.0,False,False,False,-0.07051487351593733,0.057201933461390284,-0.0024841634151459013,-2.0706676396003987e-05
1.8499999999999999,41.08873872721286,55.78524521616457,161.28368008389944,227.32412524191486,10.01296873933536,5.0476553159490996,40.08210097275569,24.284538925741533,0.0,0.0,0.0,0.0,0.0,0.0,1.0,-0.0024545897864187705,-2.0704531454113217e-05,-0.0025675409433558883,-1.8646639174927014e-05,0.0,0.0,0.0,0.0,0.0,0.0,-1.0829526353848218,0.0002051182122247161,-1.0829526353848218,0.0002051182122247161,-1.0829526353848218,0.0002051182122247161,0.46956284832381606,0.121534684806924,-33.44179389924428,4198.949679546975,11.106652668684314,0.0,0.0,0.0,44.54844656792859,0.0,0.0,0.12274223283964297,False,True,0.0,False,False,False,-0.0701070383180683,0.057502966697623656,-0.0024545897864187705,-2.0704531454113217e-05
1.8666666666666667,40.94544070606453,55.76841796645063,160.90597229607485,227.3617000824063,10.01296873933536,5.0476553159490996,40.08210097275569,24.284538925741533,0.0,0.0,0.0,0.0,0.0,0.0,1.0,-0.002425245693545075,-2.070239377922889e-05,-0.0025390818933937256,-1.905779009578739e-05,0.0,0.0,0.0,0.0,0.0,0.0,-1.0829526353848218,0.0001755603038801001,-1.0829526353848218,0.0001755603038801001,-1.0829526353848218,0.0001755603038801001,0.46578577044557024,0.12193999112018272,-32.341794544680624,4198.33486760006,11.109726728418892,0.0,0.0,0.0,43.451521273099516,0.0,0.0,0.1172576063654976,False,True,0.0,False,False,False,-0.0696960101957047,0.05780054214521207,-0.002425245693545075,-2.070239377922889e-05
1.8833333333333333,40.80278902731278,55.75159486718988,160.5262840536235,227.39857962675885,10.01296873933536,5.0476553159490996,40.08210097275569,24.284538925741533,0.0,0.0,0.0,0.0,0.0,0.0,1.0,-0.0023961183445611045,-2.0700264942788427e-05,-0.0025104891836272014,-1.9386285065187598e-05,0.0,0.0,0.0,0.0,0.0,0.0,-1.0829526353848218,0.00014607434105678708,-1.0829526353848218,0.00014607434105678708,-1.0829526353848218,0.00014607434105678708,0.46198888802105686,0.12233827252653175,-31.25910235220366,4197.641239076812,11.11319487103513,0.0,0.0,0.0,42.37229722323879,0.0,0.0,0.11186148611619394,False,True,0.0,False,False,False,-0.06928212232692643,0.05809464742284179,-0.0023961183445611045,-2.0700264942788427e-05
1.9,40.660776362301576,55.73477539422919,160.14488469635185,227.43477169907337,10.01296873933536,5.0476553159490996,40.08210097275569,24.284538925741533,0.0,0.0,0.0,0.0,0.0,0.0,1.0,-0.002367196134403171,-2.0698146427661213e-05,-0.0024818305737823953,-1.964865733768232e-05,0.0,0.0,0.0,0.0,0.0,0.0,-1.0829526353848218,0.00011666006649308754,-1.0829526353848218,0.00011666006649308754,-1.0829526353848218,0.00011666006649308754,0.45817489444834036,0.12272960752424063,-30.195042179351194,4196.875589313883,11.117023119849772,0.0,0.0,0.0,41.31206529920097,0.0,0.0,0.10656032649600485,False,True,0.0,False,False,False,-0.06886567846745106,0.0583852723832356,-0.002367196134403171,-2.0698146427661213e-05
1.9166666666666667,40.519395832757006,55.717959069164785,159.7620195875642,227.47028363040363,10.01296873933536,5.0476553159490996,40.08210097275569,24.284538925741533,0.0,0.0,0.0,0.0,0.0,0.0,1.0,-0.0023384685292068275,-2.0696039634768293e-05,-0.0024531581648672817,-1.9858133797099517e-05,0.0,0.0,0.0,0.0,0.0,0.0,-1.0829526353848218,8.731722391407597e-05,-1.0829526353848218,8.731722391407597e-05,-1.0829526353848218,8.731722391407597e-05,0.45434624336046364,0.12311406968012245,-29.150798333770204,4196.044118689459,11.121180472971895,0.0,0.0,0.0,40.2719788067421,0.0,0.0,0.1013598940337105,False,True,0.0,False,False,False,-0.06844695561256942,0.05867240891293339,-0.0023384685292068275,-2.0696039634768293e-05
1.9333333333333333,40.37864097082312,55.70114545533373,159.37791228297448,227.50512230370606,10.01296873933536,5.0476553159490996,40.08210097275569,24.284538925741533,0.0,0.0,0.0,0.0,0.0,0.0,1.0,-0.0023099259621908175,-2.069394589146456e-05,-0.0024245117243319888,-2.0025296215972526e-05,0.0,0.0,0.0,0.0,0.0,0.0,-1.0829526353848218,5.80455580277679e-05,-1.0829526353848218,5.80455580277679e-05,-1.0829526353848218,5.80455580277679e-05,0.45050517031456633,0.1234917280790329,-28.127427882059173,4195.15248638942,11.12563863447209,0.0,0.0,0.0,39.25306651653126,0.0,0.0,0.09626533258265631,False,True,0.0,False,False,False,-0.06802620641107504,0.058956050750181274,-0.0023099259621908175,-2.069394589146456e-05
1.95,40.23850568281806,55.68433415416758,158.99276649763746,227.5392941945055,10.01296873933536,5.0476553159490996,40.08210097275569,24.284538925741533,0.0,0.0,0.0,0.0,0.0,0.0,1.0,-0.0022815597399356013,-2.0691866456479246e-05,-0.0023959213274527113,-2.015861026407387e-05,0.0,0.0,0.0,0.0,0.0,0.0,-1.0829526353848218,2.8844814521315494e-05,-1.0829526353848218,2.8844814521315494e-05,-1.0829526353848218,2.8844814521315494e-05,0.4466537124611965,0.12386264773053364,-27.125872743148918,4194.205859167977,11.130371770579304,0.0,0.0,0.0,38.25624451372822,0.0,0.0,0.09128122256864109,False,True,0.0,False,False,False,-0.06760366135497986,0.05923619331924648,-0.0022815597399356013,-2.0691866456479246e-05
1.9666666666666666,40.09898421635347,55.66752480187456,158.60676789026712,227.57280540769827,10.01296873933536,5.0476553159490996,40.08210097275569,24.284538925741533,0.0,0.0,0.0,0.0,0.0,0.0,1.0,-0.00225336195799386,-2.0689802528187085e-05,-0.002367409453560941,-2.0264848716896514e-05,0.0,0.0,0.0,0.0,0.0,0.0,-1.0829526353848218,-2.8525994278649646e-07,-1.0829526353848218,-2.8525994278649646e-07,-1.0829526353848218,-2.8525994278649646e-07,0.442793726387493,0.12422688993692561,-26.146970669181755,4193.208955582654,11.135356288505918,0.0,0.0,0.0,37.28232695768767,0.0,0.0,0.08641163478843839,False,True,0.0,False,False,False,-0.06717953076646044,0.059512833579629595,-0.00225336195799386,-2.0689802528187085e-05
1.9833333333333334,39.96007113049566,55.65071706641974,158.22008568240005,227.60566171086904,10.01296873933536,5.0476553159490996,40.08210097275569,24.284538925741533,0.0,0.0,0.0,0.0,0.0,0.0,1.0,-0.00222532542487186,-2.068775524659283e-05,-0.002338992647823125,-2.034943002283578e-05,0.0,0.0,0.0,0.0,0.0,0.0,-1.0829526353848218,-2.9344917730480262e-05,-1.0829526353848218,-2.9344917730480262e-05,-1.0829526353848218,-2.9344917730480262e-05,0.43892690430882236,0.12458451262642095,-25.191465209787033,4192.166086136157,11.140570635738404,0.0,0.0,0.0,36.33203584552544,0.0,0.0,0.0816601792276272,False,True,0.0,False,False,False,-0.06675400660136233,0.05978596988880122,-0.00222532542487186,-2.068775524659283e-05
2.0,39.82176126867846,55.63391064477564,157.83287412813917,227.63786856446197,10.01296873933536,5.0476553159490996,40.08210097275569,24.284538925741533,0.0,0.0,0.0,0.0,0.0,0.0,1.0,-0.002197443593535242,-2.0685725700839153e-05,-0.002310682836965548,-2.0416689158436453e-05,0.0,0.0,0.0,0.0,0.0,0.0,-1.0829526353848218,-5.83344102399036e-05,-1.0829526353848218,-5.83344102399036e-05,-1.0829526353848218,-5.83344102399036e-05,0.4350547887662136,0.12493557065485962,-24.260014748723687,4191.0811897149615,11.145995117844382,0.0,0.0,0.0,35.40600986656807,0.0,0.0,0.07703004933284033,False,True,0.0,False,False,False,-0.06632726408669631,0.060055601877210096,-0.002197443593535242,-2.0685725700839153e-05
2.0166666666666666,39.68404973410633,55.617105260418384,157.4452738486719,227.66943114911112,10.01296873933536,5.0476553159490996,40.08210097275569,24.284538925741533,0.0,0.0,0.0,0.0,0.0,0.0,1.0,-0.002169710499673294,-2.0683714932009933e-05,-0.0022824883695070973,-2.047009431315115e-05,0.0,0.0,0.0,0.0,0.0,0.0,-1.0829526353848218,-8.72539879051421e-05,-1.0829526353848218,-8.72539879051421e-05,-1.0829526353848218,-8.72539879051421e-05,0.43117878597154063,0.12528011607901632,-23.353200695148956,4189.957866676404,11.151611733037171,0.0,0.0,0.0,34.50481242818613,0.0,0.0,0.07252406214093063,False,True,0.0,False,False,False,-0.065899463207859,0.06032173033443755,-0.002169710499673294,-2.0683714932009933e-05
2.033333333333333,39.546931867411836,55.60030066104671,157.05741304437186,227.7003543904057,10.01296873933536,5.0476553159490996,40.08210097275569,24.284538925741533,0.0,0.0,0.0,0.0,0.0,0.0,1.0,-0.0021421207060365877,-2.0681723936349927e-05,-0.0022544148368129954,-2.0512420237790905e-05,0.0,0.0,0.0,0.0,0.0,0.0,-1.0829526353848218,-0.0001161039001999606,-1.0829526353848218,-0.0001161039001999606,-1.0829526353848218,-0.0001161039001999606,0.4273001779285401,0.12561819840425692,-22.471534905309916,4188.799408901576,11.157404021911312,0.0,0.0,0.0,33.62893892722123,0.0,0.0,0.06814469463610613,False,True,0.0,False,False,False,-0.06547075005976744,0.06058435710547593,-0.0021421207060365877,-2.0681723936349927e-05
2.05,39.41040322635442,55.58349661650351,156.66940859603847,227.73064298133772,10.01296873933536,5.0476553159490996,40.08210097275569,24.284538925741533,0.0,0.0,0.0,0.0,0.0,0.0,1.0,-0.0021146692522315824,-2.0679753669219925e-05,-0.002226465719896713,-2.054588692407671e-05,0.0,0.0,0.0,0.0,0.0,0.0,-1.0829526353848218,-0.00014488439564152447,-1.0829526353848218,-0.00014488439564152447,-1.0829526353848218,-0.00014488439564152447,0.4234201334452065,0.1259498648090188,-21.615466404347202,4187.6088271003755,11.163356930917312,0.0,0.0,0.0,32.77882333526451,0.0,0.0,0.06389411667632255,False,True,0.0,False,False,False,-0.0650412580747225,0.06084348499620411,-0.0021146692522315824,-2.0679753669219925e-05
2.0666666666666664,39.274459567368446,55.56669291688133,156.28136706570922,227.76030140265502,10.01296873933536,5.0476553159490996,40.08210097275569,24.284538925741533,0.0,0.0,0.0,0.0,0.0,0.0,1.0,-0.002087351609434074,-2.0677805048732734e-05,-0.002198642897804185,-2.0572270549007916e-05,0.0,0.0,0.0,0.0,0.0,0.0,-1.0829526353848218,-0.00017359572179410254,-1.0829526353848218,-0.00017359572179410254,-1.0829526353848218,-0.00017359572179410254,0.4195397181419139,0.1262751603483443,-20.785387472148145,4186.388875627296,11.169456688282708,0.0,0.0,0.0,31.954844160430852,0.0,0.0,0.05977422080215426,False,True,0.0,False,False,False,-0.06461110913858115,0.06109911768722174,-0.002087351609434074,-2.0677805048732734e-05
2.0833333333333335,39.13909682878674,55.54988937079505,155.8933856064741,227.7893339413207,10.01296873933536,5.0476553159490996,40.08210097275569,24.284538925741533,0.0,0.0,0.0,0.0,0.0,0.0,1.0,-0.0020601636395165546,-2.067587895693279e-05,-0.002170947046146659,-2.059299223059289e-05,0.0,0.0,0.0,0.0,0.0,0.0,-1.0829526353848218,-0.0002022381252727581,-1.0829526353848218,-0.0002022381252727581,-1.0829526353848218,-0.0002022381252727581,0.415659903549563,0.1265941281384799,-19.98163915175691,4185.142075041588,11.175690691211248,0.0,0.0,0.0,31.157329842968156,0.0,0.0,0.055786649214840785,False,True,0.0,False,False,False,-0.06418041460568757,0.06135125965528448,-0.0020601636395165546,-2.067587895693279e-05
2.1,39.00431111558286,55.53308580380661,155.50555278980306,227.81774470726077,10.01296873933536,5.0476553159490996,40.08210097275569,24.284538925741533,0.0,0.0,0.0,0.0,0.0,0.0,1.0,-0.0020331015581520617,-2.06739762430852e-05,-0.0021433779485477396,-2.060918903309135e-05,0.0,0.0,0.0,0.0,0.0,0.0,-1.0829526353848218,-0.00023081185174702812,-1.0829526353848218,-0.00023081185174702812,-1.0829526353848218,-0.00023081185174702812,0.41178157538285237,0.12690680952435487,-19.204516233823483,4183.870732622701,11.182047403305683,0.0,0.0,0.0,30.386563637129164,0.0,0.0,0.051932818185645824,False,True,0.0,False,False,False,-0.06374927622201221,0.061599916101649256,-0.0020331015581520617,-2.06739762430852e-05
2.1166666666666667,38.87009868549037,55.516282056987926,155.11794935808064,227.84553764856255,10.01296873933536,5.0476553159490996,40.08210097275569,24.284538925741533,0.0,0.0,0.0,0.0,0.0,0.0,1.0,-0.002006161901501713,-2.0672097725785155e-05,-0.002115934739138534,-2.062177077163011e-05,0.0,0.0,0.0,0.0,0.0,0.0,-1.0829526353848218,-0.0002593171459445801,-1.0829526353848218,-0.0002593171459445801,-1.0829526353848218,-0.0002593171459445801,0.40790554106562826,0.1272132442315703,-18.454271765906476,4182.576961031758,11.188516261260396,0.0,0.0,0.0,29.642788027166873,0.0,0.0,0.048213940135834375,False,True,0.0,False,False,False,-0.06331778696504564,0.06184509288670591,-0.002006161901501713,-2.0672097725785155e-05
2.1333333333333333,38.73645593637096,55.4994779856096,154.73064890931008,227.872716565272,10.01296873933536,5.0476553159490996,40.08210097275569,24.284538925741533,0.0,0.0,0.0,0.0,0.0,0.0,1.0,-0.0019793414961235545,-2.0670244193873866e-05,-0.002088616090535538,-2.063146545607886e-05,0.0,0.0,0.0,0.0,0.0,0.0,-1.0829526353848218,-0.0002877542516548641,-1.0829526353848218,-0.0002877542516548641,-1.0829526353848218,-0.0002877542516548641,0.40403253657792243,0.1275134705043749,-17.731121131099634,4181.262695291463,11.195087589961872,0.0,0.0,0.0,28.926208721061506,0.0,0.0,0.04463104360530752,False,True,0.0,False,False,False,-0.06288603180816699,0.062086796470329705,-0.0019793414961235545,-2.0670244193873866e-05
2.15,38.603379394715546,55.48267345794401,154.34371852027274,227.89928512192253,10.01296873933536,5.0476553159490996,40.08210097275569,24.284538925741533,0.0,0.0,0.0,0.0,0.0,0.0,1.0,-0.0019526374317876405,-2.0668416410241086e-05,-0.0020614203587859584,-2.0638855646911307e-05,0.0,0.0,0.0,0.0,0.0,0.0,-1.0829526353848218,-0.0003161234117327434,-1.0829526353848218,-0.0003161234117327434,-1.0829526353848218,-0.0003161234117327434,0.4001632326875492,0.12780752523095815,-17.03524573647939,4179.9297082403755,11.201752525217312,0.0,0.0,0.0,28.2369982616967,0.0,0.0,0.04118499130848351,False,True,0.0,False,False,False,-0.06245408841647737,0.06232503385743795,-0.0019526374317876405,-2.0668416410241086e-05
2.1666666666666665,38.47086570517353,55.465868354172514,153.9572193138385,227.92524685891541,10.01296873933536,5.0476553159490996,40.08210097275569,24.284538925741533,0.0,0.0,0.0,0.0,0.0,0.0,1.0,-0.0019260470369091287,-2.0666615111547548e-05,-0.0020343456944105927,-2.0644407539838554e-05,0.0,0.0,0.0,0.0,0.0,0.0,-1.0829526353848218,-0.00034442486810211777,-1.0829526353848218,-0.00034442486810211777,-1.0829526353848218,-0.00034442486810211777,0.39629824062320673,0.12809544405725648,-16.36679634819473,4178.579624602607,11.208502943406156,0.0,0.0,0.0,27.575299291600885,0.0,0.0,0.03787649645800443,False,True,0.0,False,False,False,-0.06202202778042043,0.06255981254828785,-0.0019260470369091287,-2.0666615111547548e-05
2.183333333333333,38.338911621015384,55.449062565387514,153.57120697557485,227.95060520286032,10.01296873933536,5.0476553159490996,40.08210097275569,24.284538925741533,0.0,0.0,0.0,0.0,0.0,0.0,1.0,-0.0018995678563377139,-2.0664841009404578e-05,-0.002007390126796017,-2.064849423375176e-05,0.0,0.0,0.0,0.0,0.0,0.0,-1.0829526353848218,-0.000372658861759525,-1.0829526353848218,-0.000372658861759525,-1.0829526353848218,-0.000372658861759525,0.39243811724057037,0.1283772614903627,-15.725896106657213,4177.213933800567,11.215331397416353,0.0,0.0,0.0,26.941227504073566,0.0,0.0,0.03470613752036784,False,True,0.0,False,False,False,-0.06158991479291276,0.06279114049309088,-0.0018995678563377139,-2.0664841009404578e-05
2.2,38.207513995442724,55.432255992680844,153.18573222431772,227.97536347597372,10.01296873933536,5.0476553159490996,40.08210097275569,24.284538925741533,0.0,0.0,0.0,0.0,0.0,0.0,1.0,-0.001873197631278245,-2.066309479391293e-05,-0.0019805516276924623,-2.0651414345783994e-05,0.0,0.0,0.0,0.0,0.0,0.0,-1.0829526353848218,-0.00040082563277773423,-1.0829526353848218,-0.00040082563277773423,-1.0829526353848218,-0.00040082563277773423,0.388583369727999,0.1286530109925151,-15.112643252209027,4175.834001626333,11.222231058287525,0.0,0.0,0.0,26.334874310496552,0.0,0.0,0.03167437155248277,False,True,0.0,False,False,False,-0.061157808775166855,0.06301902605055658,-0.001873197631278245,-2.066309479391293e-05
2.216666666666667,38.07666977366811,55.41544854631076,152.80084124092542,227.99952490462363,10.01296873933536,5.0476553159490996,40.08210097275569,24.284538925741533,0.0,0.0,0.0,0.0,0.0,0.0,1.0,-0.001846934281127588,-2.0661377131692138e-05,-0.0019538281583794874,-2.0653406902965624e-05,0.0,0.0,0.0,0.0,0.0,0.0,-1.0829526353848218,-0.0004289254203093239,-1.0829526353848218,-0.0004289254203093239,-1.0829526353848218,-0.0004289254203093239,0.384734459894076,0.12892272506654573,-14.527113588828682,4174.441080876229,11.229195662038046,0.0,0.0,0.0,25.756309250866728,0.0,0.0,0.02878154625433364,False,True,0.0,False,False,False,-0.06072576395589957,0.0632434779500218,-0.001846934281127588,-2.0661377131692138e-05
2.2333333333333334,37.94637598569419,55.398640144940686,152.4165760590386,228.0230926271006,10.01296873933536,5.0476553159490996,40.08210097275569,24.284538925741533,0.0,0.0,0.0,0.0,0.0,0.0,1.0,-0.001820775887041326,-2.0659688670154885e-05,-0.0019272177041118551,-2.0654663256403476e-05,0.0,0.0,0.0,0.0,0.0,0.0,-1.0829526353848218,-0.0004569584625902455,-1.0829526353848218,-0.0004569584625902455,-1.0829526353848218,-0.0004569584625902455,0.3808918080752078,0.12918643533359636,-13.969362710860974,4173.036321043479,11.236219461201795,0.0,0.0,0.0,25.20558217206277,0.0,0.0,0.026027910860313842,False,True,0.0,False,False,False,-0.060293829908175334,0.06346450525684193,-0.001820775887041326,-2.0659688670154885e-05
2.25,37.81662973972847,55.38183071494315,152.03297492130878,228.04606970068696,10.01296873933536,5.0476553159490996,40.08210097275569,24.284538925741533,0.0,0.0,0.0,0.0,0.0,0.0,1.0,-0.0017947206770675406,-2.0658030035855535e-05,-0.0019007182987029923,-2.0655336612293887e-05,0.0,0.0,0.0,0.0,0.0,0.0,-1.0829526353848218,-0.0004849249969433723,-1.0829526353848218,-0.0004849249969433723,-1.0829526353848218,-0.0004849249969433723,0.37705579669790934,0.12944417260381313,-13.439428015426392,4171.620777154595,11.243297180646215,0.0,0.0,0.0,24.682725196072607,0.0,0.0,0.02341362598036303,False,True,0.0,False,False,False,-0.059862051947743966,0.06368211734076115,-0.0017947206770675406,-2.0658030035855535e-05
2.2666666666666666,37.68742821617576,55.36502018976339,151.65007260423914,228.06845910809022,10.01296873933536,5.0476553159490996,40.08210097275569,24.284538925741533,0.0,0.0,0.0,0.0,0.0,0.0,1.0,-0.0017687670126851351,-2.0656401835947302e-05,-0.0018743280414994208,-2.065554965702457e-05,0.0,0.0,0.0,0.0,0.0,0.0,-1.0829526353848218,-0.0005128252597820354,-1.0829526353848218,-0.0005128252597820354,-1.0829526353848218,-0.0005128252597820354,0.3732267735272133,0.12969596694068425,-12.937330521015918,4170.195417827586,11.250423977281256,0.0,0.0,0.0,24.187754498297174,0.0,0.0,0.020938772491485867,False,True,0.0,False,False,False,-0.05943047149635927,0.06389632384699678,-0.0017687670126851351,-2.0656401835947302e-05
2.283333333333333,37.558768662156076,55.34820850933722,151.26790071447903,228.0902637632991,10.01296873933536,5.0476553159490996,40.08210097275569,24.284538925741533,0.0,0.0,0.0,0.0,0.0,0.0,1.0,-0.001742913376617583,-2.0654804660458215e-05,-0.0018480451085230534,-2.06554006577113e-05,0.0,0.0,0.0,0.0,0.0,0.0,-1.0829526353848218,-0.0005406594866135486,-1.0829526353848218,-0.0005406594866135486,-1.0829526353848218,-0.0005406594866135486,0.3694050546296121,0.12994184771960463,-12.463076510847863,4168.761132622317,11.257595403307604,0.0,0.0,0.0,23.720671914155467,0.0,0.0,0.01860335957077734,False,True,0.0,False,False,False,-0.05899912641324734,0.06410713466979785,-0.001742913376617583,-2.0654804660458215e-05
2.3,37.43064838650037,55.33139561955837,150.88648795915344,228.11148651691573,10.01296873933536,5.0476553159490996,40.08210097275569,24.284538925741533,0.0,0.0,0.0,0.0,0.0,0.0,1.0,-0.0017171583617974218,-2.0653239080486996e-05,-0.001821867759177927,-2.065496834226644e-05,0.0,0.0,0.0,0.0,0.0,0.0,-1.0829526353848218,-0.0005684279120427153,-1.0829526353848218,-0.0005684279120427153,-1.0829526353848218,-0.0005684279120427153,0.36559092707635626,0.1301818436812002,-12.016659017802969,4167.318738747046,11.264807372683958,0.0,0.0,0.0,23.281466390486926,0.0,0.0,0.016407331952434632,False,True,0.0,False,False,False,-0.05856805129759979,0.06431455992826554,-0.0017171583617974218,-2.0653239080486996e-05
2.3166666666666664,37.30306475518106,55.31458147179114,150.5058603925707,228.13213016101287,10.01296873933536,5.0476553159490996,40.08210097275569,24.284538925741533,0.0,0.0,0.0,0.0,0.0,0.0,1.0,-0.0016915006613693606,-2.0651705651089647e-05,-0.0017957943396162137,-2.065431580403108e-05,0.0,0.0,0.0,0.0,0.0,0.0,-1.0829526353848218,-0.0005961307697753229,-1.0829526353848218,-0.0005961307697753229,-1.0829526353848218,-0.0005961307697753229,0.3617846514105288,0.1304159829799042,-11.598059166149252,4165.868987179241,11.272056130522984,0.0,0.0,0.0,22.870115296672235,0.0,0.0,0.014350576483361176,False,True,0.0,False,False,False,-0.05813727776469746,0.06451860994423289,-0.0016915006613693606,-2.0651705651089647e-05
2.3333333333333335,37.17601518713819,55.297766022424206,150.12604164143144,228.1521974335592,10.01296873933536,5.0476553159490996,40.08210097275569,24.284538925741533,0.0,0.0,0.0,0.0,0.0,0.0,1.0,-0.0016659390596293067,-2.0650204911085157e-05,-0.0017698232836188322,-2.0653493625441893e-05,0.0,0.0,0.0,0.0,0.0,0.0,-1.0829526353848218,-0.0006237682926216258,-1.0829526353848218,-0.0006237682926216258,-1.0829526353848218,-0.0006237682926216258,0.35798646389913613,0.13064429322821353,-11.20724738381503,4164.412568253258,11.279338225152902,0.0,0.0,0.0,22.486585608967932,0.0,0.0,0.012432928044839656,False,True,0.0,False,False,False,-0.057706834698026066,0.06471929522202752,-0.0016659390596293067,-2.0650204911085157e-05
2.35,37.04949715046586,55.2809492324621,149.74705311046336,228.17169102245268,10.01296873933536,5.0476553159490996,40.08210097275569,24.284538925741533,0.0,0.0,0.0,0.0,0.0,0.0,1.0,-0.0016404724238181512,-2.0648737382930604e-05,-0.001743953111658696,-2.0652542376939637e-05,0.0,0.0,0.0,0.0,0.0,0.0,-1.0829526353848218,-0.0006513407124998143,-1.0829526353848218,-0.0006513407124998143,-1.0829526353848218,-0.0006513407124998143,0.3541965785894554,0.13086680153702662,-10.844184497663704,4162.950116762623,11.286650482606074,0.0,0.0,0.0,22.13083498026978,0.0,0.0,0.010654174901348887,False,True,0.0,False,False,False,-0.057276748479538675,0.06491662642995355,-0.0016404724238181512,-2.0648737382930604e-05
2.3666666666666667,36.923508158926566,55.264131067151126,149.3689141702376,228.1906135691984,10.01296873933536,5.0476553159490996,40.08210097275569,24.284538925741533,0.0,0.0,0.0,0.0,0.0,0.0,1.0,-0.0016150996966752817,-2.06473035735677e-05,-0.0017181824286620132,-2.065149461626525e-05,0.0,0.0,0.0,0.0,0.0,0.0,-1.0829526353848218,-0.0006788482604394662,-1.0829526353848218,-0.0006788482604394662,-1.0829526353848218,-0.0006788482604394662,0.3504151891871976,0.13108353455242353,-10.508822723017268,4161.482216620477,11.293989983316806,0.0,0.0,0.0,21.802812706334073,0.0,0.0,0.009014063531670375,False,True,0.0,False,False,False,-0.05684704320000644,0.06511061438334294,-0.0016150996966752817,-2.06473035735677e-05
2.3833333333333333,36.79804576876434,55.24731149563665,148.99164232874898,228.20896767226245,10.01296873933536,5.0476553159490996,40.08210097275569,24.284538925741533,0.0,0.0,0.0,0.0,0.0,0.0,1.0,-0.001589819889691424,-2.0645903975574642e-05,-0.0016925099208678954,-2.0650376488127126e-05,0.0,0.0,0.0,0.0,0.0,0.0,-1.0829526353848218,-0.0007062911665849909,-1.0829526353848218,-0.0007062911665849909,-1.0829526353848218,-0.0007062911665849909,0.34664247077231175,0.13129451848920945,-10.201106557608895,4160.009405117326,11.301354040832557,0.0,0.0,0.0,21.502460598441452,0.0,0.0,0.007512302992207258,False,True,0.0,False,False,False,-0.05641774085123552,0.06530127002904015,-0.001589819889691424,-2.0645903975574642e-05
2.4,36.67310757579002,55.230490490649075,148.6152533882099,228.2267558901319,10.01296873933536,5.0476553159490996,40.08210097275569,24.284538925741533,0.0,0.0,0.0,0.0,0.0,0.0,1.0,-0.0015646320769880928,-2.0644539067152246e-05,-0.001666934352091935,-2.064920900393215e-05,0.0,0.0,0.0,0.0,0.0,0.0,-1.0829526353848218,-0.0007336696601990563,-1.0829526353848218,-0.0007336696601990563,-1.0829526353848218,-0.0007336696601990563,0.3428785813669208,0.1314997791615181,-9.92097358915945,4158.532176812133,11.308740182358525,0.0,0.0,0.0,21.229713771517975,0.0,0.0,0.006148568857589872,False,True,0.0,False,False,False,-0.05598886150175553,0.06548860443119765,-0.0015646320769880928,-2.0644539067152246e-05
2.4166666666666665,36.54869121271457,55.21366802821604,148.239761588365,228.2439807441076,10.01296873933536,5.0476553159490996,40.08210097275569,24.284538925741533,0.0,0.0,0.0,0.0,0.0,0.0,1.0,-0.0015395353897635355,-2.0643209312179445e-05,-0.0016414545596262551,-2.0648009065581608e-05,0.0,0.0,0.0,0.0,0.0,0.0,-1.0829526353848218,-0.0007609839696660031,-1.0829526353848218,-0.0007609839696660031,-1.0829526353848218,-0.0007609839696660031,0.33912366336847183,0.13169934201074215,-9.668355224892176,4157.050987089106,11.316146130973662,0.0,0.0,0.0,20.984501355865838,0.0,0.0,0.004922506779329185,False,True,0.0,False,False,False,-0.05556042345744405,0.06567262875826968,-0.0015395353897635355,-2.0643209312179445e-05
2.433333333333333,36.424794346708495,55.19684408739863,147.8651797375216,228.26064472085397,10.01296873933536,5.0476553159490996,40.08210097275569,24.284538925741533,0.0,0.0,0.0,0.0,0.0,0.0,1.0,-0.0015145290112528187,-2.064191516062963e-05,-0.001616069449951568,-2.0646790284591215e-05,0.0,0.0,0.0,0.0,0.0,0.0,-1.0829526353848218,-0.0007882343224952472,-1.0829526353848218,-0.0007882343224952472,-1.0829526353848218,-0.0007882343224952472,0.33537784486003797,0.1318932321310351,-9.44317735049603,4155.566255409799,11.323569789370195,0.0,0.0,0.0,20.766747139866226,0.0,0.0,0.003833735699331133,False,True,0.0,False,False,False,-0.05513244340841239,0.06585335427110113,-0.0015145290112528187,-2.064191516062963e-05
2.45,36.30141467716741,55.18001865004946,147.49151933237522,228.2767502747276,10.01296873933536,5.0476553159490996,40.08210097275569,24.284538925741533,0.0,0.0,0.0,0.0,0.0,0.0,1.0,-0.0014896121721545974,-2.0640657049084132e-05,-0.0015907779943921737,-2.06455636374898e-05,0.0,0.0,0.0,0.0,0.0,0.0,-1.0829526353848218,-0.0008154209453246662,-1.0829526353848218,-0.0008154209453246662,-1.0829526353848218,-0.0008154209453246662,0.3316412408085739,0.13208147429260061,-9.245360925331228,4154.078368287357,11.331009224982404,0.0,0.0,0.0,20.576370150313632,0.0,0.0,0.0028818507515681636,False,True,0.0,False,False,False,-0.054704936563367945,0.0660307923120178,-0.0014896121721545974,-2.0640657049084132e-05
2.466666666666667,36.17854993366564,55.163191700590836,147.11879066762123,228.2922998299048,10.01296873933536,5.0476553159490996,40.08210097275569,24.284538925741533,0.0,0.0,0.0,0.0,0.0,0.0,1.0,-0.0014647841464787148,-2.0639435401328954e-05,-0.001565579224809482,-2.064433799025763e-05,0.0,0.0,0.0,0.0,0.0,0.0,-1.0829526353848218,-0.0008425440639239764,-1.0829526353848218,-0.0008425440639239764,-1.0829526353848218,-0.0008425440639239764,0.3279139541610342,0.13226409296297215,-9.074822520008327,4152.587682007386,11.338462656382257,0.0,0.0,0.0,20.413285176390584,0.0,0.0,0.002066425881952922,False,True,0.0,False,False,False,-0.05427791677254634,0.0662049542948326,-0.0014647841464787148,-2.0639435401328954e-05
2.4833333333333334,36.056197874081384,55.14636322581122,146.7470029362442,228.3072957823262,10.01296873933536,5.0476553159490996,40.08210097275569,24.284538925741533,0.0,0.0,0.0,0.0,0.0,0.0,1.0,-0.0014400442477755515,-2.063825062836866e-05,-0.0015404722294026958,-2.0643120517879834e-05,0.0,0.0,0.0,0.0,0.0,0.0,-1.0829526353848218,-0.0008696039031980937,-1.0829526353848218,-0.0008696039031980937,-1.0829526353848218,-0.0008696039031980937,0.32419607684726365,0.13244111232646033,-8.93147480188691,4151.094525117621,11.345928440831084,0.0,0.0,0.0,20.277403242717995,0.0,0.0,0.0013870162135899674,False,True,0.0,False,False,False,-0.053851396640217986,0.06637585169569013,-0.0014400442477755515,-2.063825062836866e-05
2.5,35.93435628287832,55.12953321467851,146.37616432130295,228.32174050147452,10.006225445917817,5.058272689309136,40.28918718512397,25.32690617039973,0.0,0.0,0.0,0.0,0.0,0.0,1.0,-0.0013906071633251749,1.1911028678188162e-05,-0.0015104992161871916,-1.4132290678666236e-05,0.0,0.0,0.0,0.0,0.0,0.0,-1.0829526353848218,-0.0008966006871904821,-1.0829526353848218,-0.0008966006871904821,-1.0829526353848218,-0.0008966006871904821,0.32048769069785116,0.13261255630193572,-8.806884699523327,4149.030578812667,11.356248172355855,0.0,0.0,0.0,20.16313287187918,0.0,0.0,0.0008156643593959155,False,True,0.0,False,False,False,-0.053400602965291866,0.06657604417648562,-0.0013906071633251749,1.1911028678188162e-05
2.5166666666666666,35.813394739465956,55.11335262080478,145.98093422959636,228.3405993993831,10.006225445917817,5.058272689309136,40.28918718512397,25.32690617039973,0.0,0.0,0.0,0.0,0.0,0.0,1.0,-0.0013665976284361059,1.1912986350476329e-05,-0.0014817188986369744,-8.923235272837724e-06,0.0,0.0,0.0,0.0,0.0,0.0,-1.0829526353848218,-0.0009235346390864908,-1.0829526353848218,-0.0009235346390864908,-1.0829526353848218,-0.0009235346390864908,0.31653538978078527,0.1328280792329176,-8.712361898116024,4146.86033882798,11.36709937227929,0.0,0.0,0.0,20.079461270395313,0.0,0.0,0.0003973063519765606,False,True,0.0,False,False,False,-0.05295269255638585,0.06677274969243883,-0.0013665976284361059,1.1912986350476329e-05
2.533333333333333,35.69290388094305,55.097165564594185,145.5886026266182,228.35893971058118,10.006225445917817,5.058272689309136,40.28918718512397,25.32690617039973,0.0,0.0,0.0,0.0,0.0,0.0,1.0,-0.0013426237667657492,1.1914895672163195e-05,-0.0014538998722627295,-4.755609083837541e-06,0.0,0.0,0.0,0.0,0.0,0.0,-1.0829526353848218,-0.0009504059812166755,-1.0829526353848218,-0.0009504059812166755,-1.0829526353848218,-0.0009504059812166755,0.31261207375100386,0.1330383536870287,-8.648080447780911,4144.736576344103,11.377718184698674,0.0,0.0,0.0,20.025798632479585,0.0,0.0,0.00012899316239791897,False,True,0.0,False,False,False,-0.052507495571648966,0.06696599609443826,-0.0013426237667657492,1.1914895672163195e-05
2.55,35.57288425196988,55.08097236528622,145.199028595196,228.37676118910764,10.006225445917817,5.058272689309136,40.28918718512397,25.32690617039973,0.0,0.0,0.0,0.0,0.0,0.0,1.0,-0.0013186893104526476,1.1916756353438918e-05,-0.001426857759900713,-1.4211359963822498e-06,0.0,0.0,0.0,0.0,0.0,0.0,-1.0829526353848218,-0.0009772149350601104,-1.0829526353848218,-0.0009772149350601104,-1.0829526353848218,-0.0009772149350601104,0.30871633343678173,0.1332433774261365,-8.613482132839435,4142.655891630695,11.388121608265715,0.0,0.0,0.0,20.00160374110515,0.0,0.0,8.018705525757437e-06,False,True,0.0,False,False,False,-0.0520648553110728,0.067155810038987,-0.0013186893104526476,1.1916756353438918e-05
2.5666666666666664,35.45333620785331,55.0647733191511,144.8120819605508,228.39406377488694,10.006225445917817,5.058272689309136,40.28918718512397,25.32690617039973,0.0,0.0,0.0,0.0,0.0,0.0,1.0,-0.0012947976448222098,1.1918568104452021e-05,-0.0014004457368850124,1.2468048237846038e-06,0.0,0.0,0.0,0.0,0.0,0.0,-1.0829526353848218,-0.0010039617212476847,-1.0829526353848218,-0.0010039617212476847,-1.0829526353848218,-0.0010039617212476847,0.30484686709033004,0.1334431500701172,-8.601674689492652,4140.615151182368,11.398325310507348,0.0,0.0,0.0,20.0,0.0,0.0,0.0,False,True,0.0,False,False,False,-0.051624627156172775,0.06734221707816719,-0.0012947976448222098,1.1918568104452021e-05
2.5833333333333335,35.334259930421396,55.04856870128546,144.42764242464784,228.41084757761533,10.006225445917817,5.058272689309136,40.28918718512397,25.32690617039973,0.0,0.0,0.0,0.0,0.0,0.0,1.0,-0.0012709518391274544,1.1920330634851428e-05,-0.0013745469573335008,3.381509985997968e-06,0.0,0.0,0.0,0.0,0.0,0.0,-1.0829526353848218,-0.0010306465595653865,-1.0829526353848218,-0.0010306465595653865,-1.0829526353848218,-0.0010306465595653865,0.30100247173130035,0.13363767293571885,-8.591656264791,4138.611466242038,11.408343735209,0.0,0.0,0.0,20.0,0.0,0.0,0.0,False,True,0.0,False,False,False,-0.05118667759788065,0.06752524174236137,-0.0012709518391274544,1.1920330634851428e-05
2.6,35.21565544257496,55.032358767263254,144.04559877252228,228.42711286202956,10.006225445917817,5.058272689309136,40.28918718512397,25.32690617039973,0.0,0.0,0.0,0.0,0.0,0.0,1.0,-0.0012471546745239093,1.1922043655215875e-05,-0.0013490685007715825,5.08961671984155e-06,0.0,0.0,0.0,0.0,0.0,0.0,-1.0829526353848218,-0.001057269668957575,-1.0829526353848218,-0.001057269668957575,-1.0829526353848218,-0.001057269668957575,0.29718203521004455,0.13382694888925317,-8.581809799129037,4136.642173109645,11.418190200870963,0.0,0.0,0.0,20.0,0.0,0.0,0.0,False,True,0.0,False,False,False,-0.05075088334510458,0.06770490761633507,-0.0012471546745239093,1.1922043655215875e-05
2.6166666666666667,35.09752262162929,55.01614375465386,143.6658481444281,228.44286003443767,10.006225445917817,5.058272689309136,40.28918718512397,25.32690617039973,0.0,0.0,0.0,0.0,0.0,0.0,1.0,-0.0012234086695344093,1.1923706878066986e-05,-0.0013239365345241478,6.456434751486637e-06,0.0,0.0,0.0,0.0,0.0,0.0,-1.0829526353848218,-0.001083831267530241,-1.0829526353848218,-0.001083831267530241,-1.0829526353848218,-0.001083831267530241,0.2933845289291029,0.13401098221190713,-8.572123008998801,4134.704815083598,11.427876991001199,0.0,0.0,0.0,20.0,0.0,0.0,0.0,False,True,0.0,False,False,False,-0.05031713050707737,0.06788123740923027,-0.0012234086695344093,1.1923706878066986e-05
2.6333333333333333,34.97986121154906,54.99992388441844,143.28829536819933,228.45808963040142,10.006225445917817,5.058272689309136,40.28918718512397,25.32690617039973,0.0,0.0,0.0,0.0,0.0,0.0,1.0,-0.0011997161032294423,1.1925320019950947e-05,-0.0012990924482652066,7.550211805179499e-06,0.0,0.0,0.0,0.0,0.0,0.0,-1.0829526353848218,-0.0011103315725542499,-1.0829526353848218,-0.0011103315725542499,-1.0829526353848218,-0.0011103315725542499,0.2896090011668148,0.13418977847656863,-8.562584563060192,4132.797125895876,11.437415436939808,0.0,0.0,0.0,20.0,0.0,0.0,0.0,False,True,0.0,False,False,False,-0.04988531384321265,0.06805425301897444,-0.0011997161032294423,1.1925320019950947e-05
2.65,34.862670834170835,54.98369936219462,142.91285234670056,228.47280230346948,10.006225445917817,5.058272689309136,40.28918718512397,25.32690617039973,0.0,0.0,0.0,0.0,0.0,0.0,1.0,-0.001176079036334654,1.1926882800827876e-05,-0.0012744897658790962,8.425546004309173e-06,0.0,0.0,0.0,0.0,0.0,0.0,-1.0829526353848218,-0.0011367708004685786,-1.0829526353848218,-0.0011367708004685786,-1.0829526353848218,-0.0011367708004685786,0.28585457095182737,0.1343633444351635,-8.553184006149268,4130.917014513691,11.446815993850732,0.0,0.0,0.0,20.0,0.0,0.0,0.0,False,True,0.0,False,False,False,-0.04945533607473801,0.06822397559156353,-0.001176079036334654,1.1926882800827876e-05
2.6666666666666665,34.74595099949899,54.967470379478634,142.5394374956937,228.48699881486993,10.006225445917817,5.058272689309136,40.28918718512397,25.32690617039973,0.0,0.0,0.0,0.0,0.0,0.0,1.0,-0.0011524993304530828,1.192839494394693e-05,-0.0012500916787938935,9.126115792236724e-06,0.0,0.0,0.0,0.0,0.0,0.0,-1.0829526353848218,-0.001163149166883536,-1.0829526353848218,-0.001163149166883536,-1.0829526353848218,-0.001163149166883536,0.28212042244175883,0.13453168791558293,-8.54391168953991,4129.06255119182,11.45608831046009,0.0,0.0,0.0,20.0,0.0,0.0,0.0,False,True,0.0,False,False,False,-0.0490271072528744,0.06839042557564058,-0.0011524993304530828,1.192839494394693e-05
2.683333333333333,34.62970111515353,54.95123711471344,142.16797522785316,228.5006800240784,10.006225445917817,5.058272689309136,40.28918718512397,25.32690617039973,0.0,0.0,0.0,0.0,0.0,0.0,1.0,-0.0011289786655694911,1.1929856179579423e-05,-0.001225869076149013,9.686863869705264e-06,0.0,0.0,0.0,0.0,0.0,0.0,-1.0829526353848218,-0.0011894668865839709,-1.0829526353848218,-0.0011894668865839709,-1.0829526353848218,-0.0011894668865839709,0.2784057997633533,0.13469481772736805,-8.53475870692963,4127.231954669764,11.46524129307037,0.0,0.0,0.0,20.0,0.0,0.0,0.0,False,True,0.0,False,False,False,-0.04860054417877929,0.06855362277276017,-0.0011289786655694911,1.1929856179579423e-05
2.7,34.51392049504163,54.93499973429055,141.7983954790284,228.51384688018652,10.006225445917817,5.058272689309136,40.28918718512397,25.32690617039973,0.0,0.0,0.0,0.0,0.0,0.0,1.0,-0.0011055185560028269,1.1931266242312666e-05,-0.0012017989721197758,1.0135744344226745e-05,0.0,0.0,0.0,0.0,0.0,0.0,-1.0829526353848218,-0.0012157241735324693,-1.0829526353848218,-0.0012157241735324693,-1.0829526353848218,-0.0012157241735324693,0.2747100022751055,0.13485274357539773,-8.525716835665872,4125.423580417012,11.474283164334128,0.0,0.0,0.0,20.0,0.0,0.0,0.0,False,True,0.0,False,False,False,-0.04817556987089855,0.06871358638368553,-0.0011055185560028269,1.1931266242312666e-05
2.716666666666667,34.3986083673181,54.91875839347249,141.43063327320195,228.5265004140005,10.006225445917817,5.058272689309136,40.28918718512397,25.32690617039973,0.0,0.0,0.0,0.0,0.0,0.0,1.0,-0.0010821203649353794,1.1932624872743047e-05,-0.0011778632506828964,1.0495120449930005e-05,0.0,0.0,0.0,0.0,0.0,0.0,-1.0829526353848218,-0.001241921240872538,-1.0829526353848218,-0.001241921240872538,-1.0829526353848218,-0.001241921240872538,0.27103238021684123,0.13500547598087767,-8.516778482772219,4123.635909838282,11.483221517227781,0.0,0.0,0.0,20.0,0.0,0.0,0.0,False,True,0.0,False,False,False,-0.047752113075733515,0.06887033505104626,-0.0010821203649353794,1.1932624872743047e-05
2.7333333333333334,34.283763881694746,54.90251323724254,141.06462832288446,228.53864173080729,10.006225445917817,5.058272689309136,40.28918718512397,25.32690617039973,0.0,0.0,0.0,0.0,0.0,0.0,1.0,-0.0010587853176540762,1.1933931818863819e-05,-0.0011540476640771325,1.0782882723716768e-05,0.0,0.0,0.0,0.0,0.0,0.0,-1.0829526353848218,-0.001268058300931776,-1.0829526353848218,-0.001268058300931776,-1.0829526353848218,-0.001268058300931776,0.2673723307136661,0.13515302620900482,-8.507936635370216,4121.867540357881,11.492063364629784,0.0,0.0,0.0,20.0,0.0,0.0,0.0,False,True,0.0,False,False,False,-0.04733010781838448,0.06902388689865299,-0.0010587853176540762,1.1933931818863819e-05
2.75,34.16938611615325,54.8862644010876,140.70032466197767,228.55027200375076,10.006225445917817,5.058272689309136,40.28918718512397,25.32690617039973,0.0,0.0,0.0,0.0,0.0,0.0,1.0,-0.0010355145136205501,1.1935186834288736e-05,-0.001130341033985816,1.1013343545831161e-05,0.0,0.0,0.0,0.0,0.0,0.0,-1.0829526353848218,-0.0012941355652250348,-1.0829526353848218,-0.0012941355652250348,-1.0829526353848218,-0.0012941355652250348,0.26372929410459856,0.13529540620273287,-8.499184815129242,4120.117176309686,11.500815184870758,0.0,0.0,0.0,20.0,0.0,0.0,0.0,False,True,0.0,False,False,False,-0.046909492989542556,0.06917425956773729,-0.0010355145136205501,1.1935186834288736e-05
2.7666666666666666,34.05547408311135,54.87001201171958,140.33767030839172,228.56139246776496,10.006225445917817,5.058272689309136,40.28918718512397,25.32690617039973,0.0,0.0,0.0,0.0,0.0,0.0,1.0,-0.0010123089374746153,1.1936389680278214e-05,-0.0011067346146835758,1.1197952772720572e-05,0.0,0.0,0.0,0.0,0.0,0.0,-1.0829526353848218,-0.001320153244457564,-1.0829526353848218,-0.001320153244457564,-1.0829526353848218,-0.001320153244457564,0.260102750568739,0.13543262852210725,-8.490517036407018,4118.3836205652415,11.509482963592982,0.0,0.0,0.0,20.0,0.0,0.0,0.0,False,True,0.0,False,False,False,-0.04649021196588898,0.06932147025036958,-0.0010123089374746153,1.1936389680278214e-05
2.783333333333333,33.9420267350881,54.853756187740345,139.97661695393361,228.57200441401716,10.006225445917817,5.058272689309136,40.28918718512397,25.32690617039973,0.0,0.0,0.0,0.0,0.0,0.0,1.0,-0.00098916946906219,1.1937540125114832e-05,-0.0010832215855592986,1.1345870243199423e-05,0.0,0.0,0.0,0.0,0.0,0.0,-1.0829526353848218,-0.001346111548528147,-1.0829526353848218,-0.001346111548528147,-1.0829526353848218,-0.001346111548528147,0.25649221702415786,0.13556470628869977,-8.481927767773605,4116.665766838559,11.518072232226395,0.0,0.0,0.0,20.0,0.0,0.0,0.0,False,True,0.0,False,False,False,-0.04607221226111513,0.06946553572028058,-0.00098916946906219,1.1937540125114832e-05
2.8,33.82904296990988,54.83749704025477,139.61711967919484,228.58210918481666,10.006225445917817,5.058272689309136,40.28918718512397,25.32690617039973,0.0,0.0,0.0,0.0,0.0,0.0,1.0,-0.0009660968925864211,1.1938637945116404e-05,-0.0010597966469647231,1.146442378358282e-05,0.0,0.0,0.0,0.0,0.0,0.0,-1.0829526353848218,-0.0013720106865322235,-1.0829526353848218,-0.0013720106865322235,-1.0829526353848218,-0.0013720106865322235,0.2528972442767702,0.13569165313469905,-8.47341189663654,4114.962592611146,11.52658810336346,0.0,0.0,0.0,20.0,0.0,0.0,0.0,False,True,0.0,False,False,False,-0.0456554452050274,0.06960647236129697,-0.0009660968925864211,1.1938637945116404e-05
2.8166666666666664,33.71652163549526,54.821234673436074,139.25913669136798,228.5917081689499,10.006225445917817,5.058272689309136,40.28918718512397,25.32690617039973,0.0,0.0,0.0,0.0,0.0,0.0,1.0,-0.0009430919049465136,1.1939682923442496e-05,-0.001036455698561081,1.1559475611554756e-05,0.0,0.0,0.0,0.0,0.0,0.0,-1.0829526353848218,-0.0013978508667650007,-1.0829526353848218,-0.0013978508667650007,-1.0829526353848218,-0.0013978508667650007,0.24931741439850144,0.13581348315626407,-8.464964696710576,4113.273152625953,11.535035303289424,0.0,0.0,0.0,20.0,0.0,0.0,0.0,False,True,0.0,False,False,False,-0.045239865648402156,0.069744296193581,-0.0009430919049465136,1.1939682923442496e-05
2.8333333333333335,33.60446153425375,54.80496918504727,138.9026290830875,228.60080279740467,10.006225445917817,5.058272689309136,40.28918718512397,25.32690617039973,0.0,0.0,0.0,0.0,0.0,0.0,1.0,-0.0009201551233521954,1.1940674851301791e-05,-0.001013195583519304,1.1635715459504163e-05,0.0,0.0,0.0,0.0,0.0,0.0,-1.0829526353848218,-0.0014236322967245505,-1.0829526353848218,-0.0014236322967245505,-1.0829526353848218,-0.0014236322967245505,0.24575233831569665,0.13593021087077126,-8.456581798095895,4111.596572903017,11.543418201904105,0.0,0.0,0.0,20.0,0.0,0.0,0.0,False,True,0.0,False,False,False,-0.04482543169147024,0.06987902289785243,-0.0009201551233521954,1.1940674851301791e-05
2.85,33.49286142713016,54.78870066692224,138.5475606105643,228.60939453945153,10.006225445917817,5.058272689309136,40.28918718512397,25.32690617039973,0.0,0.0,0.0,0.0,0.0,0.0,1.0,-0.0008972870922650533,1.194161352744555e-05,-0.000990013885268454,1.1696895073092441e-05,0.0,0.0,0.0,0.0,0.0,0.0,-1.0829526353848218,-0.0014493551831148974,-1.0829526353848218,-0.0014493551831148974,-1.0829526353848218,-0.0014493551831148974,0.2422016535904645,0.13604185117763026,-8.448259159749796,4109.932045233797,11.551740840250204,0.0,0.0,0.0,20.0,0.0,0.0,0.0,False,True,0.0,False,False,False,-0.04441210443407706,0.07001066783775224,-0.0008972870922650533,1.194161352744555e-05
2.8666666666666667,33.38172003732398,54.77242920540968,138.1938974894192,228.61748489905108,10.006225445917817,5.058272689309136,40.28918718512397,25.32690617039973,0.0,0.0,0.0,0.0,0.0,0.0,1.0,-0.0008744882897332995,1.194249875965947e-05,-0.000966908766161423,1.1746015810405847e-05,0.0,0.0,0.0,0.0,0.0,0.0,-1.0829526353848218,-0.0014750197318490921,-1.0829526353848218,-0.0014750197318490921,-1.0829526353848218,-0.0014750197318490921,0.23866502237901357,0.13614841932235985,-8.439993044154553,4108.278822114748,11.560006955845447,0.0,0.0,0.0,20.0,0.0,0.0,0.0,False,True,0.0,False,False,False,-0.04399984774573734,0.07013924608049851,-0.0008744882897332995,1.194249875965947e-05
2.8833333333333333,33.27103605371045,54.756154881782905,139.45296941974573,228.62507541156006,10.006225445917817,5.058272689309136,40.28918718512397,25.32690617039973,0.0,0.0,0.0,0.0,0.0,0.0,1.0,-0.0008374962506617623,1.1942760166444577e-05,-0.0009410262630614909,1.1785364681613593e-05,0.1336087005765548,0.0,0.0,0.0,0.1336087005765548,0.0,-1.066839023254986,-0.0015006261480522746,-1.066839023254986,-0.0015006261480522746,-1.066839023254986,-0.0015006261480522746,0.23514212955244335,0.13624993086365297,-8.623170238253698,4144.914260934577,11.376829761746302,0.0,0.0,0.0,20.0,0.0,0.0,0.0,False,True,0.0,False,False,False,-0.043574365171439755,0.07026477184577043,-0.0008374962506617623,1.1942760166444577e-05
2.9,33.162512432959986,54.740134864483394,141.5939164646308,228.63177547338609,10.006225445917817,5.058272689309136,40.28918718512397,25.32690617039973,0.0,0.0,0.0,0.0,0.0,0.0,1.0,-0.0007941087844807182,1.1942729420608145e-05,-0.0009116427673453363,1.1816837629412503e-05,0.3411767153674957,0.0,0.0,0.0,0.3411767153674957,0.0,-1.0418056948379881,-0.0015258053079006968,-1.0418056948379881,-0.0015258053079006968,-1.0418056948379881,-0.0015258053079006968,0.23151827158429614,0.13634211064176152,-8.910464671613145,4202.373147606467,11.089535328386855,0.0,0.0,0.0,20.0,0.0,0.0,0.0,False,True,0.0,False,False,False,-0.04312991474213307,0.0703871650687622,-0.0007941087844807182,1.1942729420608145e-05
2.9166666666666665,33.05705237965666,54.724508895170835,143.65962400614904,228.63741868188117,10.006225445917817,5.058272689309136,40.28918718512397,25.32690617039973,0.0,0.0,0.0,0.0,0.0,0.0,1.0,-0.0007531293501190084,1.1942739223468057e-05,-0.0008799400839000708,1.1842017948223614e-05,0.5437240852805023,0.0,0.0,0.0,0.5437240852805023,0.0,-1.0173778713308919,-0.001550353739938143,-1.0173778713308919,-0.001550353739938143,-1.0173778713308919,-0.001550353739938143,0.2277475234923824,0.13642309115874993,-9.187917257845484,4257.863664852935,10.812082742154516,0.0,0.0,0.0,20.0,0.0,0.0,0.0,False,True,0.0,False,False,False,-0.04266986055349997,0.07050630823320364,-0.0007531293501190084,1.1942739223468057e-05
2.933333333333333,32.95453818310852,54.7092635690504,145.65427554876902,228.64208408464296,10.006225445917817,5.058272689309136,40.28918718512397,25.32690617039973,0.0,0.0,0.0,0.0,0.0,0.0,1.0,-0.0007143984081434684,1.1942784414416263e-05,-0.0008468317487487503,1.1862171241462143e-05,0.7413723033385495,0.0,0.0,0.0,0.7413723033385495,0.0,-0.9935409003088158,-0.0015742867145117673,-0.9935409003088158,-0.0015742867145117673,-0.9935409003088158,-0.0015742867145117673,0.22385706789650592,0.13649367816094152,-9.456058839101452,4311.491981104128,10.543941160898548,0.0,0.0,0.0,20.0,0.0,0.0,0.0,False,True,0.0,False,False,False,-0.04219722737456949,0.07062210637070612,-0.0007143984081434684,1.1942784414416263e-05
2.95,32.8548588498776,54.694386199791296,147.58174316031563,228.64584451454866,10.006225445917817,5.058272689309136,40.28918718512397,25.32690617039973,0.0,0.0,0.0,0.0,0.0,0.0,1.0,-0.0006777693574574473,1.1942860433412916e-05,-0.0008130192704904897,1.1878309079852299e-05,0.9342399225739675,0.0,0.0,0.0,0.9342399225739675,0.0,-0.9702804839186147,-0.0015976191324413482,-0.9702804839186147,-0.0015976191324413482,-0.9702804839186147,-0.0015976191324413482,0.21987132762177072,0.13655461487792808,-9.715381356000066,4363.356484483851,10.284618643999934,0.0,0.0,0.0,20.0,0.0,0.0,0.0,False,True,0.0,False,False,False,-0.04171473188308189,0.07073448475943814,-0.0006777693574574473,1.1942860433412916e-05
2.966666666666667,32.75790959586939,54.679864767026935,149.44561377210465,228.64876712473665,10.006225445917817,5.058272689309136,40.28918718512397,25.32690617039973,0.0,0.0,0.0,0.0,0.0,0.0,1.0,-0.0006431072925218162,1.1942963243832816e-05,-0.000779036874896755,1.1891239912648403e-05,1.0,0.0,0.0,0.0,1.0,0.0,-0.9475826702986521,-0.0016203655339614284,-0.9475826702986521,-0.0016203655339614284,-0.9475826702986521,-0.0016203655339614284,0.2158122201196983,0.136606587381328,-9.96634111443254,4413.548436170346,10.03365888556746,0.0,0.0,0.0,20.0,0.0,0.0,0.0,False,True,0.0,False,False,False,-0.04122481097038569,0.07084338683518954,-0.0006431072925218162,1.1942963243832816e-05
2.9833333333333334,32.66359138333222,54.66568786825951,151.2492130719537,228.6509138727172,10.006225445917817,5.058272689309136,40.28918718512397,25.32690617039973,0.0,0.0,0.0,0.0,0.0,0.0,1.0,-0.0006102878954160063,1.1943089263846685e-05,-0.0007452870790006052,1.190160978288806e-05,1.0,0.0,0.0,0.0,1.0,0.0,-0.925433845206206,-0.0016425401074470596,-0.925433845206206,-0.0016425401074470596,-0.925433845206206,-0.0016425401074470596,0.2116993880257431,0.13665022943461924,-10.209361753995667,4462.152564082971,9.790638246004333,0.0,0.0,0.0,20.0,0.0,0.0,0.0,False,True,0.0,False,False,False,-0.040729647408990516,0.07094877229490859,-0.0006102878954160063,1.1943089263846685e-05
3.0,32.57181049834671,54.651844674766906,152.99562722904818,228.65234195893552,10.006225445917817,5.058272689309136,40.28918718512397,25.32690617039973,0.0,0.0,0.0,0.0,0.0,0.0,1.0,-0.0005791964466853872,1.1943235309543054e-05,-0.0007120689525375616,1.190993488821906e-05,1.0,0.0,0.0,0.0,1.0,0.0,-0.9038207238474805,-0.0016641566979283986,-0.9038207238474805,-0.0016641566979283986,-0.9038207238474805,-0.0016641566979283986,0.2075504082379623,0.13668612688728382,-10.444836947642898,4509.247602812417,9.555163052357102,0.0,0.0,0.0,20.0,0.0,0.0,0.0,False,True,0.0,False,False,False,-0.04023119314403373,0.07105061537478902,-0.0005791964466853872,1.1943235309543054e-05
3.0166666666666666,32.482478164863934,54.63832489114974,154.68772266373128,228.65310422450108,10.006225445917817,5.058272689309136,40.28918718512397,25.32690617039973,0.0,0.0,0.0,0.0,0.0,0.0,1.0,-0.0005497269410118244,1.194339854346943e-05,-0.0006796005502324141,1.1916627619269133e-05,1.0,0.0,0.0,0.0,1.0,0.0,-0.8827303429053215,-0.0016852288153992574,-0.8827303429053215,-0.0016852288153992574,-0.8827303429053215,-0.0016852288153992574,0.20338098164263407,0.13671482166041005,-10.673132858937239,4554.906785071285,9.326867141062761,0.0,0.0,0.0,20.0,0.0,0.0,0.0,False,True,0.0,False,False,False,-0.03973119044185938,0.07114890328675093,-0.0005497269410118244,1.194339854346943e-05
3.033333333333333,32.39551019177231,54.62511871819187,156.3281640524719,228.65324951226344,10.006225445917817,5.058272689309136,40.28918718512397,25.32690617039973,0.0,0.0,0.0,0.0,0.0,0.0,1.0,-0.0005217812955082834,1.1943576431472369e-05,-0.0006480366992875881,1.192201738170978e-05,1.0,0.0,0.0,0.0,1.0,0.0,-0.862150052759854,-0.0017057696429245972,-0.862150052759854,-0.0017057696429245972,-0.862150052759854,-0.0017057696429245972,0.1992051053845728,0.1367368153655591,-10.894590380466848,4599.198289377207,9.105409619533152,0.0,0.0,0.0,20.0,0.0,0.0,0.0,False,True,0.0,False,False,False,-0.03923119110412393,0.0712436347987471,-0.0005217812955082834,1.1943576431472369e-05
3.05,32.31082664984557,54.61221681873938,157.9194307381046,228.65282299494785,10.006225445917817,5.058272689309136,40.28918718512397,25.32690617039973,0.0,0.0,0.0,0.0,0.0,0.0,1.0,-0.0004952686399785355,1.1943766704054781e-05,-0.0006174830874257776,1.192636724617878e-05,1.0,0.0,0.0,0.0,1.0,0.0,-0.8420675098973696,-0.0017257920445518304,-0.8420675098973696,-0.0017257920445518304,-0.8420675098973696,-0.0017257920445518304,0.19503522937841541,0.13675257259403056,-11.109527174490267,4642.185648181891,8.890472825509733,0.0,0.0,0.0,20.0,0.0,0.0,0.0,False,True,0.0,False,False,False,-0.03873257393393639,0.07133481894573684,-0.0004952686399785355,1.1943766704054781e-05
3.0666666666666664,32.22835157575337,54.59961028633155,159.4638316976148,228.65186647365184,10.006225445917817,5.058272689309136,40.28918718512397,25.32690617039973,0.0,0.0,0.0,0.0,0.0,0.0,1.0,-0.00047010467980709847,1.1943967325775406e-05,-0.0005880074059020418,1.1929887262098106e-05,1.0,0.0,0.0,0.0,1.0,0.0,-0.8224706695029104,-0.0017453085730306768,-0.8224706695029104,-0.0017453085730306768,-0.8224706695029104,-0.0017453085730306768,0.19088239857905825,0.1367625239095492,-11.318239534672234,4683.928120218285,8.681760465327766,0.0,0.0,0.0,20.0,0.0,0.0,0.0,False,True,0.0,False,False,False,-0.03823656062113617,0.07142247385944123,-0.00047010467980709847,1.1943967325775406e-05
3.0833333333333335,32.14801270060747,54.587290616342685,160.96351920395296,228.65041864964394,10.006225445917817,5.058272689309136,40.28918718512397,25.32690617039973,0.0,0.0,0.0,0.0,0.0,0.0,1.0,-0.0004462111233079491,1.1944176463621337e-05,-0.0005596481493832233,1.1932745102402753e-05,1.0,0.0,0.0,0.0,1.0,0.0,-0.8033477782321045,-0.0017643314773462117,-0.8033477782321045,-0.0017643314773462117,-0.8033477782321045,-0.0017643314773462117,0.18675638237163422,0.13676706857378573,-11.52100408581819,4724.481030447476,8.47899591418181,0.0,0.0,0.0,20.0,0.0,0.0,0.0,False,True,0.0,False,False,False,-0.03774423019661882,0.07150662570611936,-0.0004462111233079491,1.1944176463621337e-05
3.1,32.069741200775006,54.575249679416316,162.42050130437008,228.6485153720861,10.006225445917817,5.058272689309136,40.28918718512397,25.32690617039973,0.0,0.0,0.0,0.0,0.0,0.0,1.0,-0.00042351516633235,1.1944392465858267e-05,-0.0005324215527730486,1.1935074575093856e-05,1.0,0.0,0.0,0.0,1.0,0.0,-0.784687367157914,-0.0017828727100696177,-0.784687367157914,-0.0017828727100696177,-0.784687367157914,-0.0017828727100696177,0.1826657923016146,0.13676657703093084,-11.718079336782694,4763.896080640377,8.281920663217306,0.0,0.0,0.0,20.0,0.0,0.0,0.0,False,True,0.0,False,False,False,-0.03725653219032432,0.07158730772263656,-0.00042351516633235,1.1944392465858267e-05
3.1166666666666667,31.993471468920227,54.563479696994,163.83665322531297,228.64618986402164,10.006225445917817,5.058272689309136,40.28918718512397,25.32690617039973,0.0,0.0,0.0,0.0,0.0,0.0,1.0,-0.00040194902783238784,1.1944613838021922e-05,-0.0005063270477849164,1.193698242767947e-05,1.0,0.0,0.0,0.0,1.0,0.0,-0.7664782448880639,-0.0018009439345310625,-0.7664782448880639,-0.0018009439345310625,-0.7664782448880639,-0.0018009439345310625,0.17861818924119366,0.13676139317474764,-11.909707100186164,4802.221633321071,8.090292899813836,0.0,0.0,0.0,20.0,0.0,0.0,0.0,False,True,0.0,False,False,False,-0.03677429861392875,0.07166455934199627,-0.00040194902783238784,1.1944613838021922e-05
3.1333333333333333,31.919140903440006,54.55197321875907,165.21372780286967,228.64347292872066,10.006225445917817,5.058272689309136,40.28918718512397,25.32690617039973,0.0,0.0,0.0,0.0,0.0,0.0,1.0,-0.0003814495308065158,1.1944839226132875e-05,-0.00048135154438923625,1.1938553787370151e-05,1.0,0.0,0.0,0.0,1.0,0.0,-0.7487094908490213,-0.0018185565318189956,-0.7487094908490213,-0.0018185565318189956,-0.7487094908490213,-0.0018185565318189956,0.174620180977718,0.13675183641902566,-12.096113791206198,4839.502971525078,7.903886208793802,0.0,0.0,0.0,20.0,0.0,0.0,0.0,False,True,0.0,False,False,False,-0.036298254877167896,0.07173842540034137,-0.0003814495308065158,1.1944839226132875e-05
3.15,31.846689714640842,54.540723101832384,166.55336502788688,228.6403931382569,10.006225445917817,5.058272689309136,40.28918718512397,25.32690617039973,0.0,0.0,0.0,0.0,0.0,0.0,1.0,-0.000361957723722689,1.1945067399425635e-05,-0.0004574727802559268,1.1939856509781248e-05,1.0,0.0,0.0,0.0,1.0,0.0,-0.731370448732494,-0.0018357216076100755,-0.731370448732494,-0.0018357216076100755,-0.731370448732494,-0.0018357216076100755,0.17067751111136276,0.13673820359017935,-12.277511616488564,4875.782536581551,7.722488383511436,0.0,0.0,0.0,20.0,0.0,0.0,0.0,False,True,0.0,False,False,False,-0.03582902973593163,0.07180895541816376,-0.000361957723722689,1.1945067399425635e-05
3.1666666666666665,31.77606074616713,54.52972249157185,167.85710078609588,228.63697700599397,10.006225445917817,5.058272689309136,40.28918718512397,25.32690617039973,0.0,0.0,0.0,0.0,0.0,0.0,1.0,-0.0003434185380914445,1.1945297236741481e-05,-0.00043466193182303034,1.1940944655173296e-05,1.0,0.0,0.0,0.0,1.0,0.0,-0.7144507201005175,-0.0018524499988338164,-0.7144507201005175,-0.0018524499988338164,-0.7144507201005175,-0.0018524499988338164,0.16679514006147625,0.13672077065877372,-12.45409966313422,4911.100145910682,7.545900336865779,0.0,0.0,0.0,20.0,0.0,0.0,0.0,False,True,0.0,False,False,False,-0.03536716436063736,0.07187620294913208,-0.0003434185380914445,1.1945297236741481e-05
3.183333333333333,31.707199310335493,54.518964803841136,169.12637486573436,228.63324914448648,10.006225445917817,5.058272689309136,40.28918718512397,25.32690617039973,0.0,0.0,0.0,0.0,0.0,0.0,1.0,-0.00032578047835116197,1.1945527714468662e-05,-0.00041288564112865666,1.194186126703237e-05,1.0,0.0,0.0,0.0,1.0,0.0,-0.69794015814529,-0.0018687522801759606,-0.69794015814529,-0.0018687522801759606,-0.69794015814529,-0.0018687522801759606,0.16297731890263342,0.136699794325041,-12.626064896747952,4945.493192633428,7.373935103252047,0.0,0.0,0.0,20.0,0.0,0.0,0.0,False,True,0.0,False,False,False,-0.034913120604769976,0.07194022499054872,-0.00032578047835116197,1.1945527714468662e-05
3.2,31.64005303615968,54.5084437086248,170.36253829812657,228.62923241014883,10.006225445917817,5.058272689309136,40.28918718512397,25.32690617039973,0.0,0.0,0.0,0.0,0.0,0.0,1.0,-0.0003089953406802959,1.1945757896127118e-05,-0.0003921075810389845,1.1942640592851319e-05,1.0,0.0,0.0,0.0,1.0,0.0,-0.6818288616000133,-0.0018846387704244758,-0.6818288616000133,-0.0018846387704244758,-0.6818288616000133,-0.0018846387704244758,0.159227656681279,0.13667551347191279,-12.793583076663221,4978.996828616482,7.2064169233367785,0.0,0.0,0.0,20.0,0.0,0.0,0.0,False,True,0.0,False,False,False,-0.03446728854577219,0.07200108144998979,-0.0003089953406802959,1.1945757896127118e-05
3.216666666666667,31.574571728966486,54.49815311487834,171.56686009040487,228.6249480359065,10.006225445917817,5.058272689309136,40.28918718512397,25.32690617039973,0.0,0.0,0.0,0.0,0.0,0.0,1.0,-0.0002930179577269876,1.1945986922376473e-05,-0.00037228965637658507,1.194330985875635e-05,1.0,0.0,0.0,0.0,1.0,0.0,-0.6661071687970841,-0.0019001195386619868,-0.6661071687970841,-0.0019001195386619868,-0.6661071687970841,-0.0019001195386619868,0.15554918180113292,0.13664815049772705,-12.956819595680646,5011.644132419967,7.043180404319355,0.0,0.0,0.0,20.0,0.0,0.0,0.0,False,True,0.0,False,False,False,-0.034029993363557526,0.07205883466317284,-0.0002930179577269876,1.1945986922376473e-05
3.2333333333333334,31.510707240607246,54.4880871565112,172.74053340391964,228.62041575292437,10.006225445917817,5.058272689309136,40.28918718512397,25.32690617039973,0.0,0.0,0.0,0.0,0.0,0.0,1.0,-0.0002778059665916044,1.1946214003424882e-05,-0.0003533929184195889,1.1943890687690056e-05,1.0,0.0,0.0,0.0,1.0,0.0,-0.6507656518700693,-0.0019152044103083567,-0.6507656518700693,-0.0019152044103083567,-0.6507656518700693,-0.0019152044103083567,0.1519443980092655,0.13661791253955224,-13.115930250959167,5043.466263475671,6.884069749040832,0.0,0.0,0.0,20.0,0.0,0.0,0.0,False,True,0.0,False,False,False,-0.03360150161572517,0.07211354895854284,-0.0002778059665916044,1.1946214003424882e-05
3.25,31.448413349362774,54.47824017941004,173.88468122683346,228.61565390239716,10.006225445917817,5.058272689309136,40.28918718512397,25.32690617039973,0.0,0.0,0.0,0.0,0.0,0.0,1.0,-0.0002633195976912972,1.1946438412090143e-05,-0.0003353782542739306,1.1944400232570074e-05,1.0,0.0,0.0,0.0,1.0,0.0,-0.6357951110959889,-0.0019299029730170468,-0.6357951110959889,-0.0019299029730170468,-0.6357951110959889,-0.0019299029730170468,0.14841533546432337,0.13658499259698872,-13.271061952073978,5074.4926036986335,6.728938047926022,0.0,0.0,0.0,20.0,0.0,0.0,0.0,False,True,0.0,False,False,False,-0.033182026962989664,0.07216529026446775,-0.0002633195976912972,1.1946438412090143e-05
3.2666666666666666,31.38764564872342,54.46860672941747,175.00036158485565,228.61067953829084,10.006225445917817,5.058272689309136,40.28918718512397,25.32690617039973,0.0,0.0,0.0,0.0,0.0,0.0,1.0,-0.00024952148239978933,1.194665947779755e-05,-0.0003182068998991023,1.194485208161557e-05,1.0,0.0,0.0,0.0,1.0,0.0,-0.6211865693745061,-0.0019442245824287893,-0.6211865693745061,-0.0019442245824287893,-0.6211865693745061,-0.0019442245824287893,0.1449635973230625,0.1365495705653373,-13.42235337169133,5104.750887622104,6.577646628308671,0.0,0.0,0.0,20.0,0.0,0.0,0.0,False,True,0.0,False,False,False,-0.03277173539333894,0.07221412575529948,-0.00024952148239978933,1.194665947779755e-05
3.283333333333333,31.32836144430139,54.459181541188926,176.08857232999136,228.60550852183744,10.006225445917817,5.058272689309136,40.28918718512397,25.32690617039973,0.0,0.0,0.0,0.0,0.0,0.0,1.0,-0.00023637647758284475,1.1946876580543053e-05,-0.0003018408154358508,1.1945256981401065e-05,1.0,0.0,0.0,0.0,1.0,0.0,-0.6069312668407181,-0.0019581783677860274,-0.6069312668407181,-0.0019581783677860274,-0.6069312668407181,-0.0019581783677860274,0.14159040224063182,0.13651181418616043,-13.569935543806519,5134.267322045142,6.430064456193481,0.0,0.0,0.0,20.0,0.0,0.0,0.0,False,True,0.0,False,False,False,-0.03237074998892944,0.07226012353288566,-0.00023637647758284475,1.1946876580543053e-05
3.3,31.270519658200307,54.44995952785682,177.15025554350512,228.60015560850715,10.006225445917817,5.058272689309136,40.28918718512397,25.32690617039973,0.0,0.0,0.0,0.0,0.0,0.0,1.0,-0.0002238515053611112,1.1947089146639722e-05,-0.00028624295342090286,1.1945623414448797e-05,1.0,0.0,0.0,0.0,1.0,0.0,-0.5930206556083077,-0.001971773237411496,-0.5930206556083077,-0.001971773237411496,-0.5930206556083077,-0.001971773237411496,0.138296623143359,0.13647187992248314,-13.713932414034662,5163.06669609077,6.2860675859653385,0.0,0.0,0.0,20.0,0.0,0.0,0.0,False,True,0.0,False,False,False,-0.031979155275679266,0.07230335234041932,-0.0002238515053611112,1.1947089146639722e-05
3.3166666666666664,31.214080740228173,54.44093577143753,178.18630158599086,228.59463452811409,10.006225445917817,5.058272689309136,40.28918718512397,25.32690617039973,0.0,0.0,0.0,0.0,0.0,0.0,1.0,-0.000211915406604396,1.1947296644852778e-05,-0.0002713774440576015,1.1945958060529593e-05,1.0,0.0,0.0,0.0,1.0,0.0,-0.5794463946399077,-0.0019850178840542213,-0.5794463946399077,-0.0019850178840542213,-0.5794463946399077,-0.0019850178840542213,0.1350828225998163,0.13642991376519506,-13.854461346034519,5191.1724824907415,6.145538653965482,0.0,0.0,0.0,20.0,0.0,0.0,0.0,False,True,0.0,False,False,False,-0.03159700119186262,0.07234388130578409,-0.000211915406604396,1.1947296644852778e-05
3.3333333333333335,31.159006585395012,54.43210551392189,179.19755282445544,228.58895805864802,9.927512155712158,4.981590052942488,40.41326433712979,24.299335126206433,0.0,0.0,0.0,0.0,0.0,0.0,1.0,-0.00012936366801483135,-1.943714008215136e-05,-0.0002429746888490475,5.669338431993405e-06,1.0,0.0,0.0,0.0,1.0,0.0,-0.5662003447415939,-0.001997920790106159,-0.5662003447415939,-0.001997920790106159,-0.5662003447415939,-0.001997920790106159,0.13194928508614837,0.1363860519765863,-13.95791571042993,5211.863355369824,6.042084289570071,0.0,0.0,0.0,20.0,0.0,0.0,0.0,False,True,0.0,False,False,False,-0.031153131569901182,0.07235039507313527,-0.00012936366801483135,-1.943714008215136e-05
3.35,31.106328084268494,54.42283645622179,180.13298491877734,228.57549280271832,9.927512155712158,4.981590052942488,40.41326433712979,24.299335126206433,0.0,0.0,0.0,0.0,0.0,0.0,1.0,-0.0001191823682951676,-1.9449419228600995e-05,-0.00021821622473827153,6.455868998745262e-07,1.0,0.0,0.0,0.0,1.0,0.0,-0.5532745636785074,-0.0020104902326925933,-0.5532745636785074,-0.0020104902326925933,-0.5532745636785074,-0.0020104902326925933,0.12837782496628064,0.136263968859876,-14.085506694375582,5237.381552158954,5.914493305624419,0.0,0.0,0.0,20.0,0.0,0.0,0.0,False,True,0.0,False,False,False,-0.030722665801773907,0.0723539435959491,-0.0001191823682951676,-1.9449419228600995e-05
3.3666666666666667,31.054882876117762,54.413743750435316,181.04841513115775,228.56194318019013,9.927512155712158,4.981590052942488,40.41326433712979,24.299335126206433,0.0,0.0,0.0,0.0,0.0,0.0,1.0,-0.00010946223834862323,-1.946144166944247e-05,-0.0001964654274603419,-3.3758188139888723e-06,1.0,0.0,0.0,0.0,1.0,0.0,-0.5406613014086725,-0.0020227342886393533,-0.5406613014086725,-0.0020227342886393533,-0.5406613014086725,-0.0020227342886393533,0.12491886482025014,0.13614071669054081,-14.21035296511721,5262.3508063072795,5.789647034882791,0.0,0.0,0.0,20.0,0.0,0.0,0.0,False,True,0.0,False,False,False,-0.03030531079505991,0.07235462331023362,-0.00010946223834862323,-1.946144166944247e-05
3.3833333333333333,31.004640648227113,54.40482361980216,181.94434840900033,228.5483165009596,9.927512155712158,4.981590052942488,40.41326433712979,24.299335126206433,0.0,0.0,0.0,0.0,0.0,0.0,1.0,-0.00010018212529100401,-1.9473214539329764e-05,-0.0001772087670264743,-6.59529795905705e-06,1.0,0.0,0.0,0.0,1.0,0.0,-0.5283529954321508,-0.002034660839319829,-0.5283529954321508,-0.002034660839319829,-0.5283529954321508,-0.002034660839319829,0.12156989162215409,0.13601637644891598,-14.332523304401466,5286.784874164131,5.667476695598534,0.0,0.0,0.0,20.0,0.0,0.0,0.0,False,True,0.0,False,False,False,-0.029900769277208805,0.0723525284618146,-0.00010018212529100401,-1.9473214539329764e-05
3.4,30.955571990502804,54.39607238182539,182.8212684140847,228.53461958413385,9.927512155712158,4.981590052942488,40.41326433712979,24.299335126206433,0.0,0.0,0.0,0.0,0.0,0.0,1.0,-9.132191687974411e-05,-1.9484744676209753e-05,-0.00016003139699712827,-9.173187302487592e-06,1.0,0.0,0.0,0.0,1.0,0.0,-0.5163422662527399,-0.0020462775753846986,-0.5163422662527399,-0.0020462775753846986,-0.5163422662527399,-0.0020462775753846986,0.11832836249358687,0.13589102401672326,5.547916287154303,5310.696955852977,5.547916287154303,0.0,0.0,0.0,0.0,0.0,0.0,0.0,False,False,0.0,False,False,False,-0.02950874102410206,0.07234775108452078,-9.132191687974411e-05,-1.9484744676209753e-05
3.4166666666666665,30.90764835671954,54.38748644449412,183.6796389545743,228.5208587906961,9.927512155712158,4.981590052942488,40.41326433712979,24.299335126206433,0.0,0.0,0.0,0.0,0.0,0.0,1.0,-8.286248196591461e-05,-1.9496038636136748e-05,-0.00014459761399088556,-1.1237757569217421e-05,1.0,0.0,0.0,0.0,1.0,0.0,-0.5046219129494953,-0.0020575920013771957,-0.5046219129494953,-0.0020575920013771957,-0.5046219129494953,-0.0020575920013771957,0.1151917145952383,0.13576473050833837,5.430902409315518,5334.099731420734,5.430902409315518,0.0,0.0,0.0,0.0,0.0,0.0,0.0,False,False,0.0,False,False,False,-0.029128923963729278,0.07234038098653722,-8.286248196591461e-05,-1.9496038636136748e-05
3.433333333333333,30.86084202813208,54.37906230275035,184.51990530475882,228.50704005385842,9.927512155712158,4.981590052942488,40.41326433712979,24.299335126206433,0.0,0.0,0.0,0.0,0.0,0.0,1.0,-7.478561513740711e-05,-1.9507102713978153e-05,-0.00013063521422018988,-1.2891626598169566e-05,1.0,0.0,0.0,0.0,1.0,0.0,-0.4931849088554142,-0.0020686114402366966,-0.4931849088554142,-0.0020686114402366966,-0.4931849088554142,-0.0020686114402366966,0.11215737400300255,0.135637562578821,5.316374095470232,5357.005394189791,5.316374095470232,0.0,0.0,0.0,0.0,0.0,0.0,0.0,False,False,0.0,False,False,False,-0.02876101516590196,0.07233050574407404,-7.478561513740711e-05,-1.9507102713978153e-05
3.4499999999999997,30.81512607927621,54.37079653518101,185.34249542169528,228.4931689072804,9.927512155712158,4.981590052942488,40.41326433712979,24.299335126206433,0.0,0.0,0.0,0.0,0.0,0.0,1.0,-6.707398519679997e-05,-1.9517942957493484e-05,-0.0001179229684155119,-1.421688987003435e-05,1.0,0.0,0.0,0.0,1.0,0.0,-0.48202439734069175,-0.002079343037693325,-0.48202439734069175,-0.002079343037693325,-0.48202439734069175,-0.002079343037693325,0.1092227636576443,0.13550958271049748,5.204272658718869,5379.425681540064,5.204272658718869,0.0,0.0,0.0,0.0,0.0,0.0,0.0,False,False,0.0,False,False,False,-0.028404711727980952,0.07231821070158467,-6.707398519679997e-05,-1.9517942957493484e-05
3.466666666666667,30.770474345797872,54.36268580091801,186.14782106713167,228.47925051131972,9.927512155712158,4.981590052942488,40.41326433712979,24.299335126206433,0.0,0.0,0.0,0.0,0.0,0.0,1.0,-5.9711087155675524e-05,-1.9528565181912982e-05,-0.00010628059216354462,-1.5279224932410074e-05,1.0,0.0,0.0,0.0,1.0,0.0,-0.47113368769801733,-0.0020897937665562125,-0.47113368769801733,-0.0020897937665562125,-0.47113368769801733,-0.0020897937665562125,0.10638531046933399,0.13538084947975346,5.09454154977313,5401.371903329212,5.09454154977313,0.0,0.0,0.0,0.0,0.0,0.0,0.0,False,False,0.0,False,False,False,-0.028059711565735404,0.07230357897782866,-5.9711087155675524e-05,-1.9528565181912982e-05
3.4833333333333334,30.726861394162267,54.35472683673027,186.93627884239334,228.46528967746443,9.927512155712158,4.981590052942488,40.41326433712979,24.299335126206433,0.0,0.0,0.0,0.0,0.0,0.0,1.0,-5.268119745138744e-05,-1.9538974985446045e-05,-9.556071322111319e-05,-1.613117494301727e-05,1.0,0.0,0.0,0.0,1.0,0.0,-0.4605062511274412,-0.0020999704308979888,-0.4605062511274412,-0.0020999704308979888,-0.4605062511274412,-0.0020999704308979888,0.10364245165137473,0.1352514178055423,4.987126225711072,5422.854968141623,4.987126225711072,0.0,0.0,0.0,0.0,0.0,0.0,0.0,False,False,0.0,False,False,False,-0.02772571411766428,0.07228669147713557,-5.268119745138744e-05,-1.9538974985446045e-05
3.5,30.684262493107,54.3469164542931,187.7082511432626,228.4512908910849,9.927512155712158,4.981590052942488,40.41326433712979,24.299335126206433,0.0,0.0,0.0,0.0,0.0,0.0,1.0,-4.596933212533405e-05,-1.9549177759474456e-05,-8.564243700195736e-05,-1.6814775506308705e-05,1.0,0.0,0.0,0.0,1.0,0.0,-0.45013571681840386,-0.002109879670138008,-0.45013571681840386,-0.002109879670138008,-0.45013571681840386,-0.002109879670138008,0.1009916403510298,0.13512133918098732,4.881974028715522,5443.8854075407335,4.881974028715522,0.0,0.0,0.0,0.0,0.0,0.0,0.0,False,False,0.0,False,False,False,-0.027402420970399924,0.07226762690528983,-4.596933212533405e-05,-1.9549177759474456e-05
3.5166666666666666,30.64265358671411,54.33925153762149,188.464107041297,228.4372583326324,9.927512155712158,4.981590052942488,40.41326433712979,24.299335126206433,0.0,0.0,0.0,0.0,0.0,0.0,1.0,-3.9561207723484704e-05,-1.955917870105628e-05,-7.642619114626283e-05,-1.736365614525822e-05,1.0,0.0,0.0,0.0,1.0,0.0,-0.4400158681265746,-0.002119527963026772,-0.4400158681265746,-0.002119527963026772,-0.4400158681265746,-0.002119527963026772,0.09843035063954483,0.1349906618893509,4.7790340739957715,5464.4733984846835,4.7790340739957715,0.0,0.0,0.0,0.0,0.0,0.0,0.0,False,False,0.0,False,False,False,-0.027089536412161594,0.07224646178950028,-3.9561207723484704e-05,-1.955917870105628e-05
3.533333333333333,30.60201126898599,54.33172904065495,189.20420309749522,228.4231958973993,9.927512155712158,4.981590052942488,40.41326433712979,24.299335126206433,0.0,0.0,0.0,0.0,0.0,0.0,1.0,-3.3443204701735785e-05,-1.956898282478442e-05,-6.782959385735742e-05,-1.780472148116346e-05,1.0,0.0,0.0,0.0,1.0,0.0,-0.43014063884320725,-0.0021289216315339304,-0.43014063884320725,-0.0021289216315339304,-0.43014063884320725,-0.0021289216315339304,0.09595608191815931,0.13485943120552712,4.678257146158862,5484.628784052065,4.678257146158862,0.0,0.0,0.0,0.0,0.0,0.0,0.0,False,False,0.0,False,False,False,-0.02678676792063317,0.07222327050196872,-3.3443204701735785e-05,-1.956898282478442e-05
3.55,30.56231275981925,54.32434598498237,189.92888411372815,228.40910721394798,9.927512155712158,4.981590052942488,40.41326433712979,24.299335126206433,0.0,0.0,0.0,0.0,0.0,0.0,1.0,-2.7602333140822055e-05,-1.957859497190434e-05,-5.978414171405034e-05,-1.8159496179311634e-05,1.0,0.0,0.0,0.0,1.0,0.0,-0.4205041095547724,-0.0021380668446421983,-0.4205041095547724,-0.0021380668446421983,-0.4205041095547724,-0.0021380668446421983,0.09356636279205378,0.13472768958412204,4.579595603357434,5504.361092612351,4.579595603357434,0.0,0.0,0.0,0.0,0.0,0.0,0.0,False,False,0.0,False,False,False,-0.026493826591098765,0.07219812528661743,-2.7602333140822055e-05,-1.957859497190434e-05
3.5666666666666664,30.52353588227906,54.31709945769661,190.6384838269085,228.39499566130561,9.927512155712158,4.981590052942488,40.41326433712979,24.299335126206433,0.0,0.0,0.0,0.0,0.0,0.0,1.0,-2.2026200589220224e-05,-1.9588019819327673e-05,-5.2232553489084315e-05,-1.844520090731484e-05,1.0,0.0,0.0,0.0,1.0,0.0,-0.41110050409068255,-0.002146969622049464,-0.41110050409068255,-0.002146969622049464,-0.41110050409068255,-0.002146969622049464,0.09125875445976743,0.13459547683510575,4.483003288596719,5523.679555564494,4.483003288596719,0.0,0.0,0.0,0.0,0.0,0.0,0.0,False,False,0.0,False,False,False,-0.02621042751017348,0.07217109628857224,-2.2026200589220224e-05,-1.9588019819327673e-05
3.5833333333333335,30.485659041084073,54.30998660936894,191.33332555045982,228.38086438501514,9.927512155712158,4.981590052942488,40.41326433712979,24.299335126206433,0.0,0.0,0.0,0.0,0.0,0.0,1.0,-1.6702981876184908e-05,-1.9597261888763817e-05,-4.5126639166504434e-05,-1.8675613103604635e-05,1.0,0.0,0.0,0.0,1.0,0.0,-0.40192418605697844,-0.002155635837781308,-0.40192418605697844,-0.002155635837781308,-0.40192418605697844,-0.002155635837781308,0.08903085366157658,0.13446283028793293,4.388435447633819,5542.593123757074,4.388435447633819,0.0,0.0,0.0,0.0,0.0,0.0,0.0,False,False,0.0,False,False,False,-0.02593629008002002,0.07214225158603454,-1.6702981876184908e-05,-1.9597261888763817e-05
3.6,30.448661202219053,54.303004652134675,192.01372276727847,228.36671631212445,9.927512155712158,4.981590052942488,40.41326433712979,24.299335126206433,0.0,0.0,0.0,0.0,0.0,0.0,1.0,-1.1621390741567428e-05,-1.960632555535191e-05,-3.842558948151703e-05,-1.886175559395409e-05,1.0,0.0,0.0,0.0,1.0,0.0,-0.39296965545389606,-0.0021640712237161095,-0.39296965545389606,-0.0021640712237161095,-0.39296965545389606,-0.0021640712237161095,0.08688029522668086,0.13432978494496065,4.29584865294828,5561.110482694182,4.29584865294828,0.0,0.0,0.0,0.0,0.0,0.0,0.0,False,False,0.0,False,False,False,-0.02567113829752382,0.07211165722420877,-1.1621390741567428e-05,-1.960632555535191e-05
3.6166666666666667,30.412521873598784,54.29615085788154,192.67997967803507,228.35255416518984,9.927512155712158,4.981590052942488,40.41326433712979,24.299335126206433,0.0,0.0,0.0,0.0,0.0,0.0,1.0,-6.770653149718031e-06,-1.9615215053829516e-05,-3.209460221515723e-05,-1.9012447485929174e-05,1.0,0.0,0.0,0.0,1.0,0.0,-0.3842315453752843,-0.002172281373024844,-0.3842315453752843,-0.002172281373024844,-0.3842315453752843,-0.002172281373024844,0.084804754255635,0.13419637362492343,4.205200733306001,5579.240066622638,4.205200733306001,0.0,0.0,0.0,0.0,0.0,0.0,0.0,False,False,0.0,False,False,False,-0.025414700992525685,0.07207937725098479,-6.770653149718031e-06,-1.9615215053829516e-05
3.6333333333333333,30.377221086712694,54.2894225565335,193.3323917083517,228.3383804753644,9.927512155712158,4.981590052942488,40.41326433712979,24.299335126206433,0.0,0.0,0.0,0.0,0.0,0.0,1.0,-2.1404821646531236e-06,-1.9623934486928674e-05,-2.6103778205056413e-05,-1.9134744886129073e-05,1.0,0.0,0.0,0.0,1.0,0.0,-0.37570461878789346,-0.0021802717435276406,-0.37570461878789346,-0.0021802717435276406,-0.37570461878789346,-0.0021802717435276406,0.0828019479714106,0.1340626270971717,4.116450708476641,5596.99007158851,4.116450708476641,0.0,0.0,0.0,0.0,0.0,0.0,0.0,False,False,0.0,False,False,False,-0.025166712028865904,0.07204547375409767,-2.1404821646531236e-06,-1.9623934486928674e-05
3.65,30.342739379185016,54.282817134422864,193.9712459781067,228.32419759463465,9.927512155712158,4.981590052942488,40.41326433712979,24.299335126206433,0.0,0.0,0.0,0.0,0.0,0.0,1.0,2.278945726949533e-06,-1.9632487829927825e-05,-2.0427233418655226e-05,-1.9234293474888823e-05,1.0,0.0,0.0,0.0,1.0,0.0,-0.36738376538860074,-0.002188047660969122,-0.36738376538860074,-0.002188047660969122,-0.36738376538860074,-0.002188047660969122,0.08086963726966782,0.13392857420731566,4.029558728700554,5614.368467543727,4.029558728700554,0.0,0.0,0.0,0.0,0.0,0.0,0.0,False,False,0.0,False,False,False,-0.024926910471678,0.07201000689951895,2.278945726949533e-06,-1.9632487829927825e-05
3.6666666666666665,30.309057778190244,54.27633203274443,194.59682173585406,228.3100077072663,9.927512155712158,4.981590052942488,40.41326433712979,24.299335126206433,0.0,0.0,0.0,0.0,0.0,0.0,1.0,6.497012948053493e-06,-1.9640878939443385e-05,-1.5042384145313482e-05,-1.9315610567799736e-05,1.0,0.0,0.0,0.0,1.0,0.0,-0.3592639985376876,-0.002195614322214477,-0.3592639985376876,-0.002195614322214477,-0.3592639985376876,-0.002195614322214477,0.07900562799622812,0.13379424199487744,3.9444860185334027,5631.383009577157,3.9444860185334027,0.0,0.0,0.0,0.0,0.0,0.0,0.0,False,False,0.0,False,False,False,-0.024695040724081144,0.07197303497084859,6.497012948053493e-06,-1.9640878939443385e-05
3.683333333333333,30.27615778466822,54.26996474608563,195.20939076110685,228.2958128405126,9.927512155712158,4.981590052942488,40.41326433712979,24.299335126206433,0.0,0.0,0.0,0.0,0.0,0.0,1.0,1.052268191288619e-05,-1.9649111556795107e-05,-9.92937093367355e-06,-1.938231076559881e-05,1.0,0.0,0.0,0.0,1.0,0.0,-0.35134045226632793,-0.0022029767983681946,-0.35134045226632793,-0.0022029767983681946,-0.35134045226632793,-0.0022029767983681946,0.07720777197739649,0.13365965580349437,3.861194824726858,5648.041248338466,3.861194824726858,0.0,0.0,0.0,0.0,0.0,0.0,0.0,False,False,0.0,False,False,False,-0.024470852636156643,0.07193461440950823,1.052268191288619e-05,-1.9649111556795107e-05
3.6999999999999997,30.24402135828732,54.263712821027326,195.80921773701212,228.28161487463737,9.927512155712158,4.981590052942488,40.41326433712979,24.299335126206433,0.0,0.0,0.0,0.0,0.0,0.0,1.0,1.4364514942924456e-05,-1.9657189314153944e-05,-5.07059375835395e-06,-1.9437286475309837e-05,1.0,0.0,0.0,0.0,1.0,0.0,-0.3436083783564921,-0.0022101400378173306,-0.3436083783564921,-0.0022101400378173306,-0.3436083783564921,-0.0022101400378173306,0.07547396782661334,0.13352483938419105,3.7796483678305366,5664.3505397177305,3.7796483678305366,0.0,0.0,0.0,0.0,0.0,0.0,0.0,False,False,0.0,False,False,False,-0.02425410158885248,0.07189479985554761,1.4364514942924456e-05,-1.9657189314153944e-05
3.716666666666667,30.212630903108018,54.2575738548102,196.39656059574475,228.26741555229844,9.927512155712158,4.981590052942488,40.41326433712979,24.299335126206433,0.0,0.0,0.0,0.0,0.0,0.0,1.0,1.8030693099316264e-05,-1.9665115739080086e-05,-4.503363868199082e-07,-1.9482852328063885e-05,1.0,0.0,0.0,0.0,1.0,0.0,-0.33606314349151334,-0.002217108869201127,-0.33606314349151334,-0.002217108869201127,-0.33606314349151334,-0.002217108869201127,0.07380216154896069,0.1333898149921856,3.6998107972257865,5680.3180538386805,3.6998107972257865,0.0,0.0,0.0,0.0,0.0,0.0,0.0,False,False,0.0,False,False,False,-0.02404454855523548,0.07185364418889817,1.8030693099316264e-05,-1.9665115739080086e-05
3.7333333333333334,30.181969253902732,54.25154549406206,196.9716708387603,228.2532164873358,9.927512155712158,4.981590052942488,40.41326433712979,24.299335126206433,0.0,0.0,0.0,0.0,0.0,0.0,1.0,2.1529034000489222e-05,-1.967289426026142e-05,3.945537690641917e-06,-1.9520860714503393e-05,1.0,0.0,0.0,0.0,1.0,0.0,-0.3287002264756073,-0.002223888004308773,-0.3287002264756073,-0.002223888004308773,-0.3287002264756073,-0.002223888004308773,0.07219034696321043,0.13325460347766685,3.6216471493247444,5695.950783418889,3.6216471493247444,0.0,0.0,0.0,0.0,0.0,0.0,0.0,False,False,0.0,False,False,False,-0.02384196014131164,0.07181119857092166,2.1529034000489222e-05,-1.967289426026142e-05
3.75,30.152019663090943,54.24562543358188,197.53479383388054,228.23901917300364,9.927512155712158,4.981590052942488,40.41326433712979,24.299335126206433,0.0,0.0,0.0,0.0,0.0,0.0,1.0,2.4867008695417248e-05,-1.968052821051114e-05,8.129831891596981e-06,-1.9552794213704943e-05,1.0,0.0,0.0,0.0,1.0,0.0,-0.3215152155206766,-0.0022304820409070427,-0.3215152155206766,-0.0022304820409070427,-0.3215152155206766,-0.0022304820409070427,0.07063656595948198,0.1331192243709436,3.545123308689049,5711.255551546028,3.545123308689049,0.0,0.0,0.0,0.0,0.0,0.0,0.0,False,False,0.0,False,False,False,-0.023646108608443878,0.07176751248612087,2.4867008695417248e-05,-1.968052821051114e-05
3.7666666666666666,30.122765788251687,54.23981141517656,198.08616909102403,228.22482498968432,9.927512155712158,4.981590052942488,40.41326433712979,24.299335126206433,0.0,0.0,0.0,0.0,0.0,0.0,1.0,2.8051757651983977e-05,-1.968802083101434e-05,1.211421704367438e-05,-1.957983953716682e-05,1.0,0.0,0.0,0.0,1.0,0.0,-0.3145038055987705,-0.002236895465499504,-0.3145038055987705,-0.002236895465499504,-0.3145038055987705,-0.002236895465499504,0.06913890860901084,0.1329836959623428,3.4702059718423017,5726.2390189153775,3.4702059718423017,0.0,0.0,0.0,0.0,0.0,0.0,0.0,False,False,0.0,False,False,False,-0.02345677187922894,0.07172263378388874,2.8051757651983977e-05,-1.968802083101434e-05
3.783333333333333,30.094191680178216,54.23410122654682,198.62603051825562,228.21063521211812,9.927512155712158,4.981590052942488,40.41326433712979,24.299335126206433,0.0,0.0,0.0,0.0,0.0,0.0,1.0,3.109010591607897e-05,-1.969537527667098e-05,1.5909394818155298e-05,-1.960294668506765e-05,1.0,0.0,0.0,0.0,1.0,0.0,-0.30766179585861314,-0.0022431326560189637,-0.30766179585861314,-0.0022431326560189637,-0.30766179585861314,-0.0022431326560189637,0.06769551314116921,0.13284803537720022,3.3968626135678552,5740.907690570267,3.3968626135678552,0.0,0.0,0.0,0.0,0.0,0.0,0.0,False,False,0.0,False,False,False,-0.023273733528538204,0.07167660872018522,3.109010591607897e-05,-1.969537527667098e-05
3.8,30.066281771442124,54.22849270021879,199.1546066596952,228.19645101618067,9.927512155712158,4.981590052942488,40.41326433712979,24.299335126206433,0.0,0.0,0.0,0.0,0.0,0.0,1.0,3.398857749607742e-05,-1.9702594617053426e-05,1.952523135373972e-05,-1.9622876271464806e-05,1.0,0.0,0.0,0.0,1.0,0.0,-0.3009850871046479,-0.002249197884454754,-0.3009850871046479,-0.002249197884454754,-0.3009850871046479,-0.002249197884454754,0.0663045658015999,0.1327122586462615,3.325061455499949,5755.267922183848,3.325061455499949,0.0,0.0,0.0,0.0,0.0,0.0,0.0,False,False,0.0,False,False,False,-0.023096782761280965,0.07162948199904876,3.398857749607742e-05,-1.9702594617053426e-05
3.8166666666666664,30.039020865436626,54.222983712518335,199.6721209167035,228.18227348523834,9.927512155712158,4.981590052942488,40.41326433712979,24.299335126206433,0.0,0.0,0.0,0.0,0.0,0.0,1.0,3.6753409019762984e-05,-1.970968184172167e-05,2.2970866886944375e-05,-1.964023738551618e-05,1.0,0.0,0.0,0.0,1.0,0.0,-0.29446967933708645,-0.002255095319416445,-0.29446967933708645,-0.002255095319416445,-0.29446967933708645,-0.002255095319416445,0.06496430060412155,0.1325763807718001,3.2547714368311698,5769.325925917604,3.2547714368311698,0.0,0.0,0.0,0.0,0.0,0.0,0.0,False,False,0.0,False,False,False,-0.02292571437831778,0.07158129681384995,3.6753409019762984e-05,-1.970968184172167e-05
3.8333333333333335,30.012394125870795,54.21757218258515,200.17879175365263,228.16810361610828,9.927512155712158,4.981590052942488,40.41326433712979,24.299335126206433,0.0,0.0,0.0,0.0,0.0,0.0,1.0,3.9390562705840515e-05,-1.9716639862984997e-05,2.6254806050723604e-05,-1.965551788100994e-05,1.0,0.0,0.0,0.0,1.0,0.0,-0.2881116693514858,-0.002260829028635513,-0.2881116693514858,-0.002260829028635513,-0.2881116693514858,-0.002260829028635513,0.0636729989880121,0.1324404157897183,3.185962186973725,5783.087775889093,3.185962186973725,0.0,0.0,0.0,0.0,0.0,0.0,0.0,False,False,0.0,False,False,False,-0.022760328731832452,0.07153209488821274,3.9390562705840515e-05,-1.9716639862984997e-05
3.85,29.986387066688522,54.21225607142399,200.67483288948804,228.15394232464882,9.927512155712158,4.981590052942488,40.41326433712979,24.299335126206433,0.0,0.0,0.0,0.0,0.0,0.0,1.0,4.190573869490566e-05,-1.9723471518504065e-05,2.9384992579560016e-05,-1.9669108608508767e-05,1.0,0.0,0.0,0.0,1.0,0.0,-0.28190724839641246,-0.002266402981406479,-0.28190724839641246,-0.002266402981406479,-0.28190724839641246,-0.002266402981406479,0.06242898939129284,0.13230437682789498,3.1186040000230744,5796.559413279223,3.1186040000230744,0.0,0.0,0.0,0.0,0.0,0.0,0.0,False,False,0.0,False,False,False,-0.022600431671355878,0.07148191651653421,4.190573869490566e-05,-1.9723471518504065e-05
3.8666666666666667,29.960985542387846,54.207033380990644,201.1604534761911,228.13979045100479,9.927512155712158,4.981590052942488,40.41326433712979,24.299335126206433,0.0,0.0,0.0,0.0,0.0,0.0,1.0,4.430438677586329e-05,-1.9730179574017903e-05,3.2368871418820674e-05,-1.9681322801610596e-05,1.0,0.0,0.0,0.0,1.0,0.0,-0.27585269988778893,-0.0022718210509689645,-0.27585269988778893,-0.0022718210509689645,-0.27585269988778893,-0.0022718210509689645,0.061230646749699864,0.13216827616101703,3.052667810886428,5809.746651106552,3.052667810886428,0.0,0.0,0.0,0.0,0.0,0.0,0.0,False,False,0.0,False,False,False,-0.022445834481534692,0.07143080060404186,4.430438677586329e-05,-1.9730179574017903e-05
3.8833333333333333,29.936175738717964,54.20190215331044,201.63585826516635,228.12564876452848,9.927512155712158,4.981590052942488,40.41326433712979,24.299335126206433,0.0,0.0,0.0,0.0,0.0,0.0,1.0,4.659171754192726e-05,-1.9736766726452526e-05,3.521344064344199e-05,-1.969241158657898e-05,1.0,0.0,0.0,0.0,1.0,0.0,-0.2699443971785496,-0.0022770870168321187,-0.2699443971785496,-0.0022770870168321187,-0.2699443971785496,-0.0022770870168321187,0.060076391930213156,0.13203212526211713,2.988125172947607,5822.655178694316,2.988125172947607,0.0,0.0,0.0,0.0,0.0,0.0,0.0,False,False,0.0,False,False,False,-0.022296353812645317,0.07137878470633491,4.659171754192726e-05,-1.9736766726452526e-05
3.9,29.911944163732773,54.196860469627076,202.10124776249896,228.11151796839815,9.927512155712158,4.981590052942488,40.41326433712979,24.299335126206433,0.0,0.0,0.0,0.0,0.0,0.0,1.0,4.877271301186731e-05,-1.974323560579097e-05,3.792529511712705e-05,-1.970257639042138e-05,1.0,0.0,0.0,0.0,1.0,0.0,-0.2641788013822697,-0.00228220456704278,-0.2641788013822697,-0.00228220456704278,-0.2641788013822697,-0.00228220456704278,0.05896469110725911,0.13189593485102433,2.9249482371503834,5835.290565853761,2.9249482371503834,0.0,0.0,0.0,0.0,0.0,0.0,0.0,False,False,0.0,False,False,False,-0.022151811604763656,0.07132590506836371,4.877271301186731e-05,-1.974323560579097e-05
3.9166666666666665,29.888277639181293,54.19190644957998,202.55681837395073,228.09739870395217,9.927512155712158,4.981590052942488,40.41326433712979,24.299335126206433,0.0,0.0,0.0,0.0,0.0,0.0,1.0,5.08521367444878e-05,-1.9749588777945998e-05,4.05106634425992e-05,-1.9711978867926303e-05,1.0,0.0,0.0,0.0,1.0,0.0,-0.258552459249458,-0.002287177300398764,-0.258552459249458,-0.002287177300398764,-0.258552459249458,-0.002287177300398764,0.05789405508896524,0.13175971493992053,2.8631097323915493,5847.658266805528,2.8631097323915493,0.0,0.0,0.0,0.0,0.0,0.0,0.0,False,False,0.0,False,False,False,-0.02201203500642479,0.07127219666280635,5.08521367444878e-05,-1.9749588777945998e-05
3.933333333333333,29.865163292216604,54.187038250408406,203.00276254049857,228.08329155475744,9.927512155712158,4.981590052942488,40.41326433712979,24.299335126206433,0.0,0.0,0.0,0.0,0.0,0.0,1.0,5.283454347461414e-05,-1.9755828747421156e-05,4.2975439449002186e-05,-1.972074884382527e-05,1.0,0.0,0.0,0.0,1.0,0.0,-0.25306200109524307,-0.002292008728608587,-0.25306200109524307,-0.002292008728608587,-0.25306200109524307,-0.002292008728608587,0.056863038600228795,0.13162347487618312,2.8025829471236876,5859.7636238591,2.8025829471236876,0.0,0.0,0.0,0.0,0.0,0.0,0.0,False,False,0.0,False,False,False,-0.02187685628853337,0.07121769322780687,5.283454347461414e-05,-1.9755828747421156e-05
3.9499999999999997,29.842588547406184,54.182254066180555,203.43926886515558,228.069197050428,9.927512155712158,4.981590052942488,40.41326433712979,24.299335126206433,0.0,0.0,0.0,0.0,0.0,0.0,1.0,5.472428829896708e-05,-1.9761957957286497e-05,4.532520921899517e-05,-1.9728990666517517e-05,1.0,0.0,0.0,0.0,1.0,0.0,-0.2477041387772049,-0.0022967022783989275,-0.2477041387772049,-0.0022967022783989275,-0.2477041387772049,-0.0022967022783989275,0.05587023952876072,0.13148722338267887,2.7433417120745163,5871.611870868935,2.7433417120745163,0.0,0.0,0.0,0.0,0.0,0.0,0.0,False,False,0.0,False,False,False,-0.021746112754216437,0.07116242730404895,5.472428829896708e-05,-1.9761957957286497e-05
3.966666666666667,29.820541119027702,54.177552127046354,203.86652223175554,228.05511567021009,9.927512155712158,4.981590052942488,40.41326433712979,24.299335126206433,0.0,0.0,0.0,0.0,0.0,0.0,1.0,5.652553543401828e-05,-1.9767978793883145e-05,4.756527446199979e-05,-1.9736788291990642e-05,1.0,0.0,0.0,0.0,1.0,0.0,-0.24247566372214246,-0.0023012612935710865,-0.24247566372214246,-0.0023012612935710865,-0.24247566372214246,-0.0023012612935710865,0.054914298139697754,0.13135096859567214,2.685360383997677,5883.2081364843025,2.685360383997677,0.0,0.0,0.0,0.0,0.0,0.0,0.0,False,False,0.0,False,False,False,-0.021619646645251366,0.07110643027113431,5.652553543401828e-05,-1.9767978793883145e-05
3.9833333333333334,29.799009003635337,54.172930698512346,204.28470391633195,228.04104784634754,9.927512155712158,4.981590052942488,40.41326433712979,24.299335126206433,0.0,0.0,0.0,0.0,0.0,0.0,1.0,5.824226657006465e-05,-1.977389358712861e-05,4.970067288361276e-05,-1.9744209351018234e-05,1.0,0.0,0.0,0.0,1.0,0.0,-0.23737344500059018,-0.0023056890370076917,-0.23737344500059018,-0.0023056890370076917,-0.23737344500059018,-0.0023056890370076917,0.05399389626390972,0.13121471810048327,2.6286138303764393,5894.55744720855,2.6286138303764393,0.0,0.0,0.0,0.0,0.0,0.0,0.0,False,False,0.0,False,False,False,-0.021497305045643185,0.07104973238324994,5.824226657006465e-05,-1.977389358712861e-05
4.0,29.777980472882707,54.1683880807375,204.69399169167056,228.0269939672412,9.927512155712158,4.981590052942488,40.41326433712979,24.299335126206433,0.0,0.0,0.0,0.0,0.0,0.0,1.0,5.9878288842289684e-05,-1.977970461230355e-05,5.1736196075348145e-05,-1.9751308403275297e-05,1.0,0.0,0.0,0.0,1.0,0.0,-0.23239442744792896,-0.002309988692630835,-0.23239442744792896,-0.002309988692630835,-0.23239442744792896,-0.002309988692630835,0.05310775646463454,0.13107847896504277,2.573077415006919,5905.664730282454,2.573077415006919,0.0,0.0,0.0,0.0,0.0,0.0,0.0,False,False,0.0,False,False,False,-0.021378939782874647,0.0709923628041052,5.9878288842289684e-05,-1.977970461230355e-05
4.016666666666667,29.757444066589382,54.16392260784874,205.0945599255707,228.01295438041512,9.927512155712158,4.981590052942488,40.41326433712979,24.299335126206433,0.0,0.0,0.0,0.0,0.0,0.0,1.0,6.143724243908716e-05,-1.978541409219936e-05,5.367640534809594e-05,-1.975812954106011e-05,1.0,0.0,0.0,0.0,1.0,0.0,-0.22753562983096481,-0.0023141633673128235,-0.22753562983096481,-0.0023141633673128235,-0.22753562983096481,-0.0023141633673128235,0.05225464118667174,0.13094225777146432,2.518726984394416,5916.534816404955,2.518726984394416,0.0,0.0,0.0,0.0,0.0,0.0,0.0,False,False,0.0,False,False,False,-0.021264407327303447,0.07093434964112526,6.143724243908716e-05,-1.978541409219936e-05
4.033333333333333,29.737388586038826,54.15953264727505,205.48657967330888,227.9989293953016,9.927512155712158,4.981590052942488,40.41326433712979,24.299335126206433,0.0,0.0,0.0,0.0,0.0,0.0,1.0,6.292260786582016e-05,-1.9791024198530238e-05,5.5525645851640785e-05,-1.9764708472554134e-05,1.0,0.0,0.0,0.0,1.0,0.0,-0.2227941430588733,-0.0023182160927407024,-0.2227941430588733,-0.0023182160927407024,-0.2227941430588733,-0.0023182160927407024,0.05143335189196213,0.13080606064575656,2.4655388549005965,5927.1724423037185,2.4655388549005965,0.0,0.0,0.0,0.0,0.0,0.0,0.0,False,False,0.0,False,False,False,-0.02115356869013827,0.07087571997889086,6.292260786582016e-05,-1.9791024198530238e-05
4.05,29.71780308749634,54.15521659909919,205.87021876475956,227.98491928585497,9.927512155712158,4.981590052942488,40.41326433712979,24.299335126206433,0.0,0.0,0.0,0.0,0.0,0.0,1.0,6.433771288305579e-05,-1.9796537053543006e-05,5.728805925792378e-05,-1.9771074188751907e-05,1.0,0.0,0.0,0.0,1.0,0.0,-0.2181671284374377,-0.0023221498272356493,-0.2181671284374377,-0.0023221498272356493,-0.2181671284374377,-0.0023221498272356493,0.05064272818503328,0.1306698932857856,2.4134898005843617,5937.5822531669655,2.4134898005843617,0.0,0.0,0.0,0.0,0.0,0.0,0.0,False,False,0.0,False,False,False,-0.021046289320382668,0.07081649991181699,6.433771288305579e-05,-1.9796537053543006e-05
4.066666666666666,29.698676875936393,54.15097289542605,206.24564188659113,227.97092429300633,9.927512155712158,4.981590052942488,40.41326433712979,24.299335126206433,0.0,0.0,0.0,0.0,0.0,0.0,1.0,6.568573913232761e-05,-1.9801954731498567e-05,5.8967595232804546e-05,-1.977725029730124e-05,1.0,0.0,0.0,0.0,1.0,0.0,-0.2136518159655325,-0.0023259674575283424,-0.2136518159655325,-0.0023259674575283424,-0.2136518159655325,-0.0023259674575283424,0.0498816469314439,0.1305337609875919,2.362557041684163,5947.768804947005,2.362557041684163,0.0,0.0,0.0,0.0,0.0,0.0,0.0,False,False,0.0,False,False,False,-0.020942439001102375,0.07075671457606555,6.568573913232761e-05,-1.9801954731498567e-05
4.083333333333333,29.679999498969295,54.146799999766785,206.6130106599258,227.9569446269669,9.927512155712158,4.981590052942488,40.41326433712979,24.299335126206433,0.0,0.0,0.0,0.0,0.0,0.0,1.0,6.696972846940985e-05,-1.980727925980641e-05,6.056802188012561e-05,-1.9783256089802274e-05,1.0,0.0,0.0,0.0,1.0,0.0,-0.20924550267282954,-0.0023296718004913734,-0.20924550267282954,-0.0023296718004913734,-0.20924550267282954,-0.0023296718004913734,0.04914902137208755,0.13039766867016048,2.3127182336924488,5957.736566545348,2.3127182336924488,0.0,0.0,0.0,0.0,0.0,0.0,0.0,False,False,0.0,False,False,False,-0.020841891745332852,0.0706963881806899,6.696972846940985e-05,-1.980727925980641e-05
4.1,29.661760740957885,54.142696406437935,206.97248371381704,227.9429804693906,9.927512155712158,4.981590052942488,40.41326433712979,24.299335126206433,0.0,0.0,0.0,0.0,0.0,0.0,1.0,6.819258901606673e-05,-1.9812512620662193e-05,6.209293530731383e-05,-1.9789107395974258e-05,1.0,0.0,0.0,0.0,1.0,0.0,-0.2049455509977303,-0.0023332656048297294,-0.2049455509977303,-0.0023332656048297294,-0.2049455509977303,-0.0023332656048297294,0.04844380023590065,0.13026162089873564,2.2639514569781523,5967.489921888207,2.2639514569781523,0.0,0.0,0.0,0.0,0.0,0.0,0.0,False,False,0.0,False,False,False,-0.020744525691915726,0.07063554403801026,6.819258901606673e-05,-1.9812512620662193e-05
4.116666666666666,29.64395061731544,54.13866063997479,207.32421675487416,227.92903197540346,9.927512155712158,4.981590052942488,40.41326433712979,24.299335126206433,0.0,0.0,0.0,0.0,0.0,0.0,1.0,6.935710094379405e-05,-1.9817656752040003e-05,6.354576843460988e-05,-1.9794817267187404e-05,1.0,0.0,0.0,0.0,1.0,0.0,-0.2007493872045502,-0.0023367515527303734,-0.2007493872045502,-0.0023367515527303734,-0.2007493872045502,-0.0023367515527303734,0.047764966853291915,0.13012562190676516,2.216235206915403,5977.033171900757,2.216235206915403,0.0,0.0,0.0,0.0,0.0,0.0,0.0,False,False,0.0,False,False,False,-0.020650223001524422,0.07057420459322217,6.935710094379405e-05,-1.9817656752040003e-05
4.133333333333333,29.626559368976544,54.134691254558284,207.66836263333724,227.91509927550845,9.927512155712158,4.981590052942488,40.41326433712979,24.299335126206433,0.0,0.0,0.0,0.0,0.0,0.0,1.0,7.046592200612989e-05,-1.982271354928483e-05,6.492979914891389e-05,-1.9800396523606888e-05,1.0,0.0,0.0,0.0,1.0,0.0,-0.1966544998390051,-0.002340132261471904,-0.1966544998390051,-0.002340132261471904,-0.1966544998390051,-0.002340132261471904,0.047111538272377504,0.12998967561655655,2.1695483844803083,5986.370536387776,2.1695483844803083,0.0,0.0,0.0,0.0,0.0,0.0,0.0,False,False,0.0,False,False,False,-0.020558869753108583,0.07051239145324063,7.046592200612989e-05,-1.982271354928483e-05
4.15,29.609577457033208,54.13078683345484,208.00507140587862,227.90118247737232,9.927512155712158,4.981590052942488,40.41326433712979,24.299335126206433,0.0,0.0,0.0,0.0,0.0,0.0,1.0,7.152159282719506e-05,-1.9827684865695444e-05,6.624815788457012e-05,-1.98058541920246e-05,1.0,0.0,0.0,0.0,1.0,0.0,-0.19265843822107323,-0.002343410284995263,-0.19265843822107323,-0.002343410284995263,-0.19265843822107323,-0.002343410284995263,0.04648256437985941,0.12985378565871855,2.1238702872809925,5995.506155827639,2.1238702872809925,0.0,0.0,0.0,0.0,0.0,0.0,0.0,False,False,0.0,False,False,False,-0.020470355840967437,0.07045012541478546,7.152159282719506e-05,-1.9827684865695444e-05
4.166666666666667,29.592995557528948,54.12694598846852,208.33449039538948,227.88728166750244,9.937618208381622,4.963359638799715,40.2154686281156,25.413960957527753,0.0,0.0,0.0,0.0,0.0,0.0,1.0,4.365526032231587e-05,1.349808584734033e-05,6.172957837211927e-05,-1.3145066184151613e-05,1.0,0.0,0.0,0.0,1.0,0.0,-0.18875881097432842,-0.002346588115436436,-0.18875881097432842,-0.002346588115436436,-0.18875881097432842,-0.002346588115436436,0.0458771270282232,0.1297179553904609,2.0742004884617247,6005.440115591493,2.0742004884617247,0.0,0.0,0.0,0.0,0.0,0.0,0.0,False,False,0.0,False,False,False,-0.020413446154275122,0.07042075715007451,4.365526032231587e-05,1.349808584734033e-05
4.183333333333334,29.576371487179422,54.12383397257219,208.6743253176565,227.8801110935767,9.937618208381622,4.963359638799715,40.2154686281156,25.413960957527753,0.0,0.0,0.0,0.0,0.0,0.0,1.0,4.465983165084092e-05,1.3494113403927921e-05,5.83156290278636e-05,-7.817230266535707e-06,1.0,0.0,0.0,0.0,1.0,0.0,-0.18495328459086127,-0.002349668184622062,-0.18495328459086127,-0.002349668184622062,-0.18495328459086127,-0.002349668184622062,0.04546994986742604,0.12964932972038906,2.0285520699471364,6014.569799294411,2.0285520699471364,0.0,0.0,0.0,0.0,0.0,0.0,0.0,False,False,0.0,False,False,False,-0.02035809713004571,0.07039108274241843,4.465983165084092e-05,1.3494113403927921e-05
4.2,29.560145448650857,54.12078498956294,209.00628116904176,227.8729433064992,9.937618208381622,4.963359638799715,40.2154686281156,25.413960957527753,0.0,0.0,0.0,0.0,0.0,0.0,1.0,4.561459119387795e-05,1.349021558411101e-05,5.577542146106647e-05,-3.555741096406365e-06,1.0,0.0,0.0,0.0,1.0,0.0,-0.18123958203092813,-0.002352652865528847,-0.18123958203092813,-0.002352652865528847,-0.18123958203092813,-0.002352652865528847,0.045075805821345585,0.12958063653052085,1.9839614923342788,6023.487914816982,1.9839614923342788,0.0,0.0,0.0,0.0,0.0,0.0,0.0,False,False,0.0,False,False,False,-0.020304271352373372,0.07036111336598631,4.561459119387795e-05,1.349021558411101e-05
4.216666666666667,29.544307805299873,54.11779758662645,209.33054825322307,227.86577890912818,9.937618208381622,4.963359638799715,40.2154686281156,25.413960957527753,0.0,0.0,0.0,0.0,0.0,0.0,1.0,4.6521941038990544e-05,1.3486390525577208e-05,5.392472537665129e-05,-1.4731477200965116e-07,1.0,0.0,0.0,0.0,1.0,0.0,-0.17761548135648647,-0.0023555444737076727,-0.17761548135648647,-0.0023555444737076727,-0.17761548135648647,-0.0023555444737076727,0.044694375988717096,0.12951188416498965,1.9404032324490799,6032.199566794022,1.9404032324490799,0.0,0.0,0.0,0.0,0.0,0.0,0.0,False,False,0.0,False,False,False,-0.02025193115272747,0.07033085991727606,4.6521941038990544e-05,1.3486390525577208e-05
4.233333333333333,29.528849171049252,54.114870345960426,209.64731134104088,227.85861845362697,9.937618208381622,4.963359638799715,40.2154686281156,25.413960957527753,0.0,0.0,0.0,0.0,0.0,0.0,1.0,4.738416685402813e-05,1.3482636421938143e-05,5.2616613672126664e-05,2.578675466779907e-06,1.0,0.0,0.0,0.0,1.0,0.0,-0.17407881439779746,-0.0023583452686732256,-0.17407881439779746,-0.0023583452686732256,-0.17407881439779746,-0.0023583452686732256,0.04432533990820626,0.12944308040494298,1.8978524988548997,6040.709713512858,1.8978524988548997,0.0,0.0,0.0,0.0,0.0,0.0,0.0,False,False,0.0,False,False,False,-0.02020103873552246,0.07030033301420154,4.738416685402813e-05,1.3482636421938143e-05
4.25,29.51376040253268,54.1120018837747,209.95674990149118,227.85146244494504,9.937618208381622,4.963359638799715,40.2154686281156,25.413960957527753,0.0,0.0,0.0,0.0,0.0,0.0,1.0,4.8203443774846866e-05,1.3478951520998206e-05,5.17339796926707e-05,4.758730677623566e-06,1.0,0.0,0.0,0.0,1.0,0.0,-0.17062746545229504,-0.002361057455260021,-0.17062746545229504,-0.002361057455260021,-0.17062746545229504,-0.002361057455260021,0.04396837656720682,0.12937423250471053,1.856285202129029,6049.023172858032,1.856285202129029,0.0,0.0,0.0,0.0,0.0,0.0,0.0,False,False,0.0,False,False,False,-0.020151556291141966,0.07026954299601143,4.8203443774846866e-05,1.3478951520998206e-05
4.266666666666667,29.49903259157217,54.10919084933174,210.25903831936637,227.84431134407117,9.937618208381622,4.963359638799715,40.2154686281156,25.413960957527753,0.0,0.0,0.0,0.0,0.0,0.0,1.0,4.898184196834576e-05,1.3475334120625904e-05,5.1183552147805716e-05,6.502051366224033e-06,1.0,0.0,0.0,0.0,1.0,0.0,-0.1672593700149409,-0.002363683184945592,-0.1672593700149409,-0.002363683184945592,-0.1672593700149409,-0.002363683184945592,0.043623165308604515,0.12930534722565729,1.8156779268207084,6057.144627919696,1.8156779268207084,0.0,0.0,0.0,0.0,0.0,0.0,0.0,False,False,0.0,False,False,False,-0.020103446097418244,0.07023849992395156,4.898184196834576e-05,1.3475334120625904e-05
4.283333333333333,29.484657057969695,54.10643592402516,210.55434610043832,227.83716557107263,9.937618208381622,4.963359638799715,40.2154686281156,25.413960957527753,0.0,0.0,0.0,0.0,0.0,0.0,1.0,4.972133188882455e-05,1.3471782569451224e-05,5.0891108096009484e-05,7.895997606869471e-06,1.0,0.0,0.0,0.0,1.0,0.0,-0.16397251353930342,-0.0023662245571416706,-0.16397251353930342,-0.0023662245571416706,-0.16397251353930342,-0.0023662245571416706,0.04328938664368666,0.12923643086786818,1.7760079049791238,6065.078632288013,1.7760079049791238,0.0,0.0,0.0,0.0,0.0,0.0,0.0,False,False,0.0,False,False,False,-0.020056670610495833,0.07020721358259788,4.972133188882455e-05,1.3471782569451224e-05
4.3,29.47062534259562,54.10373582049434,210.8428380650153,227.8300255079362,9.937618208381622,4.963359638799715,40.2154686281156,25.413960957527753,0.0,0.0,0.0,0.0,0.0,0.0,1.0,5.042378925116178e-05,1.3468295261869628e-05,5.0797644327039946e-05,9.010457137869502e-06,1.0,0.0,0.0,0.0,1.0,0.0,-0.16076493022861713,-0.002368683620454123,-0.16076493022861713,-0.002368683620454123,-0.16076493022861713,-0.002368683620454123,0.04296672297876995,0.1291674892998162,1.7372529911477386,6072.82961505429,1.7372529911477386,0.0,0.0,0.0,0.0,0.0,0.0,0.0,False,False,0.0,False,False,False,-0.020011192545934347,0.07017569348178185,5.042378925116178e-05,1.3468295261869628e-05
4.316666666666666,29.456929200757852,54.101089281772886,211.12467453064394,227.82289150122207,9.937618208381622,4.963359638799715,40.2154686281156,25.413960957527753,0.0,0.0,0.0,0.0,0.0,0.0,1.0,5.1090999731582404e-05,1.3464870638971865e-05,5.085631540794844e-05,9.901339838089975e-06,1.0,0.0,0.0,0.0,1.0,0.0,-0.157634701856097,-0.002371062373912389,-0.157634701856097,-0.002371062373912389,-0.157634701856097,-0.002371062373912389,0.042654859262536364,0.12909852798613322,1.699391638728357,6080.401885538166,1.699391638728357,0.0,0.0,0.0,0.0,0.0,0.0,0.0,False,False,0.0,False,False,False,-0.01996697495084851,0.07014394885904887,5.1090999731582404e-05,1.3464870638971865e-05
4.333333333333333,29.44356059583642,54.09849508046933,211.40001148467786,227.8157638645451,9.937618208381622,4.963359638799715,40.2154686281156,25.413960957527753,0.0,0.0,0.0,0.0,0.0,0.0,1.0,5.172466341913859e-05,1.3461507185064114e-05,5.102998501018647e-05,1.0613373307484803e-05,1.0,0.0,0.0,0.0,1.0,0.0,-0.1545799566137998,-0.002373362768169182,-0.1545799566137998,-0.002373362768169182,-0.1545799566137998,-0.002373362768169182,0.0423534835605784,0.12902955201362032,1.6624028776252953,6087.799637758779,1.6624028776252953,0.0,0.0,0.0,0.0,0.0,0.0,0.0,False,False,0.0,False,False,False,-0.0199239812678169,0.07011198868258392,5.172466341913859e-05,1.3461507185064114e-05
4.35,29.430511693169404,54.095952017978185,211.66900074737904,227.80864288089302,9.937618208381622,4.963359638799715,40.2154686281156,25.413960957527753,0.0,0.0,0.0,0.0,0.0,0.0,1.0,5.2326399030275944e-05,1.3458203426876952e-05,5.128926781420436e-05,1.1182339331363234e-05,1.0,0.0,0.0,0.0,1.0,0.0,-0.15159886798934188,-0.002375586706671143,-0.15159886798934188,-0.002375586706671143,-0.15159886798934188,-0.002375586706671143,0.04206228756313218,0.12896056611560136,1.6262662930862053,6095.026954666597,1.6262662930862053,0.0,0.0,0.0,0.0,0.0,0.0,0.0,False,False,0.0,False,False,False,-0.019882175391238977,0.07007982165455187,5.2326399030275944e-05,1.3458203426876952e-05
4.366666666666666,29.417774854176873,54.093458923719815,211.93179012617387,227.80152880479312,9.937618208381622,4.963359638799715,40.2154686281156,25.413960957527753,0.0,0.0,0.0,0.0,0.0,0.0,1.0,5.2897747898978525e-05,1.3454957932444722e-05,5.1610963831159194e-05,1.1636863051579532e-05,1.0,0.0,0.0,0.0,1.0,0.0,-0.14868965366979875,-0.0023777360468011798,-0.14868965366979875,-0.0023777360468011798,-0.14868965366979875,-0.0023777360468011798,0.041780967031537254,0.12889157469473264,1.590962005662018,6102.087812151434,1.590962005662018,0.0,0.0,0.0,0.0,0.0,0.0,0.0,False,False,0.0,False,False,False,-0.01984152171677069,0.07004745621480114,5.2897747898978525e-05,1.3454957932444722e-05
4.383333333333333,29.405342630710393,54.091014654407545,212.1885235616437,227.7944218643375,9.937618208381622,4.963359638799715,40.2154686281156,25.413960957527753,0.0,0.0,0.0,0.0,0.0,0.0,1.0,5.344017775987461e-05,1.3451769307126077e-05,5.197680661690228e-05,1.199984430268884e-05,1.0,0.0,0.0,0.0,1.0,0.0,-0.14585057447212926,-0.0023798126009931544,-0.14585057447212926,-0.0023798126009931544,-0.14585057447212926,-0.0023798126009931544,0.04150922218856617,0.1288225818443681,1.5564706522133338,6108.986082841171,1.5564706522133338,0.0,0.0,0.0,0.0,0.0,0.0,0.0,False,False,0.0,False,False,False,-0.01980198518441749,0.07001490054488108,5.344017775987461e-05,1.3451769307126077e-05
4.4,29.393207759616462,54.0886180933406,212.4393412657867,227.78732226307469,9.937618208381622,4.963359638799715,40.2154686281156,25.413960957527753,0.0,0.0,0.0,0.0,0.0,0.0,1.0,5.395508633217194e-05,1.3448636196202596e-05,5.237246255995621e-05,1.2289602681391591e-05,1.0,0.0,0.0,0.0,1.0,0.0,-0.14307993329948232,-0.0023818181378196,-0.14307993329948232,-0.0023818181378196,-0.14307993329948232,-0.0023818181378196,0.041246758057349335,0.12875359136856657,1.5227733678965023,6115.725539704537,1.5227733678965023,0.0,0.0,0.0,0.0,0.0,0.0,0.0,False,False,0.0,False,False,False,-0.01976353131582426,0.06998216257233662,5.395508633217194e-05,1.3448636196202596e-05
4.416666666666667,29.381363157502907,54.08626814972165,212.6843798530525,227.78023018177873,9.937618208381622,4.963359638799715,40.2154686281156,25.413960957527753,0.0,0.0,0.0,0.0,0.0,0.0,1.0,5.4443804720468586e-05,1.3445557280108295e-05,5.2786730992058685e-05,1.2520793601134932e-05,1.0,0.0,0.0,0.0,1.0,0.0,-0.1403760741227595,-0.0023837543830531145,-0.1403760741227595,-0.0023837543830531145,-0.1403760741227595,-0.0023837543830531145,0.04099328475328449,0.12868460680084043,1.4898517690663493,6122.309859470568,1.4898517690663493,0.0,0.0,0.0,0.0,0.0,0.0,0.0,False,False,0.0,False,False,False,-0.01972612624625654,0.06994924997523438,5.4443804720468586e-05,1.3445557280108295e-05
4.433333333333334,29.369801915698023,54.083963757997545,212.9237724646151,227.7731457801011,9.937618208381622,4.963359638799715,40.2154686281156,25.413960957527753,0.0,0.0,0.0,0.0,0.0,0.0,1.0,5.490760063795938e-05,1.344253127483902e-05,5.321090492123883e-05,1.270514113587575e-05,1.0,0.0,0.0,0.0,1.0,0.0,-0.13773738098682292,-0.0023856230207020715,-0.13773738098682292,-0.0023856230207020715,-0.13773738098682292,-0.0023856230207020715,0.04074851773297381,0.12861563142171295,1.4576879370375035,6128.742625876337,1.4576879370375035,0.0,0.0,0.0,0.0,0.0,0.0,0.0,False,False,0.0,False,False,False,-0.019689736751735076,0.0699161701868889,5.490760063795938e-05,1.344253127483902e-05
4.45,29.35851729539279,54.081703877222246,213.1576488863195,227.7660691981148,9.937618208381622,4.963359638799715,40.2154686281156,25.413960957527753,0.0,0.0,0.0,0.0,0.0,0.0,1.0,5.53476814675706e-05,1.3439556930061602e-05,5.3638260230505185e-05,1.285202429471292e-05,1.0,0.0,0.0,0.0,1.0,0.0,-0.1351622770407518,-0.0023874256940212652,-0.1351622770407518,-0.0023874256940212652,-0.1351622770407518,-0.0023874256940212652,0.04051217800394662,0.12854666827516933,1.4262644026499447,6135.027332753849,1.4262644026499447,0.0,0.0,0.0,0.0,0.0,0.0,0.0,False,False,0.0,False,False,False,-0.019654330271745256,0.06988293040075484,5.53476814675706e-05,1.3439556930061602e-05
4.466666666666667,29.347502722957167,54.07948749044073,213.3861356607042,227.7590005577569,9.937618208381622,4.963359638799715,40.2154686281156,25.413960957527753,0.0,0.0,0.0,0.0,0.0,0.0,1.0,5.576519716520706e-05,1.343663302900977e-05,5.4063647617445565e-05,1.296894604157229e-05,1.0,0.0,0.0,0.0,1.0,0.0,-0.1326492235915653,-0.002389164006498104,-0.1326492235915653,-0.002389164006498104,-0.1326492235915653,-0.002389164006498104,0.04028399229860727,0.12847772018406733,1.3955641315881393,6141.16738696621,1.3955641315881393,0.0,0.0,0.0,0.0,0.0,0.0,0.0,False,False,0.0,False,False,False,-0.019619874927915986,0.0698495375754567,5.576519716520706e-05,1.343663302900977e-05
4.483333333333333,29.33675178542194,54.077313604092936,213.60935619347762,227.75193996417622,9.937618208381622,4.963359638799715,40.2154686281156,25.413960957527753,0.0,0.0,0.0,0.0,0.0,0.0,1.0,5.616124301745934e-05,1.343375838611452e-05,5.4483166697448325e-05,1.3061908510480736e-05,1.0,0.0,0.0,0.0,1.0,0.0,-0.13019671918084463,-0.0023908395228149338,-0.13019671918084463,-0.0023908395228149338,-0.13019671918084463,-0.0023908395228149338,0.04006369321562084,0.12840878976457717,1.3655705104065736,6147.166111202523,1.3655705104065736,0.0,0.0,0.0,0.0,0.0,0.0,0.0,False,False,0.0,False,False,False,-0.019586339539028913,0.06981599843992728,5.616124301745934e-05,1.343375838611452e-05
4.5,29.32625822611817,54.07518124743678,213.82743085479802,227.744887506992,9.937618208381622,4.963359638799715,40.2154686281156,25.413960957527753,0.0,0.0,0.0,0.0,0.0,0.0,1.0,5.65368622610328e-05,1.3430931846674515e-05,5.489390581016522e-05,1.3135713177719492e-05,1.0,0.0,0.0,0.0,1.0,0.0,-0.12780329868369963,-0.0023924537697880763,-0.12780329868369963,-0.0023924537697880763,-0.12780329868369963,-0.0023924537697880763,0.03985101933167975,0.12833987943970826,1.3362673332179702,6153.026746640244,1.3362673332179702,0.0,0.0,0.0,0.0,0.0,0.0,0.0,False,False,0.0,False,False,False,-0.019553693632692024,0.06978231949863178,5.65368622610328e-05,1.3430931846674515e-05
4.516666666666667,29.31601594046676,54.07308947198928,214.04047707568307,227.73784326146983,9.937618208381622,4.963359638799715,40.2154686281156,25.413960957527753,0.0,0.0,0.0,0.0,0.0,0.0,1.0,5.6893048570035715e-05,1.3428152285690359e-05,5.5293734362139316e-05,1.3194200999313665e-05,1.0,0.0,0.0,0.0,1.0,0.0,-0.12546753242953917,-0.0023940082372841454,-0.12546753242953917,-0.0023940082372841454,-0.12546753242953917,-0.0023940082372841454,0.03964571528636973,0.1282709914519827,1.3076387890031629,6158.752455483205,1.3076387890031629,0.0,0.0,0.0,0.0,0.0,0.0,0.0,False,False,0.0,False,False,False,-0.01952190745398766,0.06974850703685502,5.6893048570035715e-05,1.3428152285690359e-05
4.533333333333333,29.306018971911023,54.07103735098501,214.2486094398542,227.73080728961955,9.937618208381622,4.963359638799715,40.2154686281156,25.413960957527753,0.0,0.0,0.0,0.0,0.0,0.0,1.0,5.723074842026166e-05,1.342541860683416e-05,5.568113717376379e-05,1.3240444520817765e-05,1.0,0.0,0.0,0.0,1.0,0.0,-0.12318802534411825,-0.002395504379114189,-0.12318802534411825,-0.002395504379114189,-0.12318802534411825,-0.002395504379114189,0.039447531842660075,0.12820212787530968,1.279669449504454,6164.346323382947,1.279669449504454,0.0,0.0,0.0,0.0,0.0,0.0,0.0,False,False,0.0,False,False,False,-0.01949095197137896,0.06971456712603133,5.723074842026166e-05,1.342541860683416e-05
4.55,29.296261507985704,54.06902397885111,214.4519397712984,227.72377964122037,9.937618208381622,4.963359638799715,40.2154686281156,25.413960957527753,0.0,0.0,0.0,0.0,0.0,0.0,1.0,5.755086333660703e-05,1.3422729741741773e-05,5.6055082406332434e-05,1.3276901565002568e-05,1.0,0.0,0.0,0.0,1.0,0.0,-0.12096341611234619,-0.0023969436139061892,-0.12096341611234619,-0.0023969436139061892,-0.12096341611234619,-0.0023969436139061892,0.039256225925330186,0.12813329062610998,1.2523442576667958,6169.811361750479,1.2523442576667958,0.0,0.0,0.0,0.0,0.0,0.0,0.0,False,False,0.0,False,False,False,-0.019460798880137256,0.0696805056290993,5.755086333660703e-05,1.3422729741741773e-05
4.566666666666666,29.28673787651614,54.06704847069801,214.6505772178115,227.7167603547782,9.937618208381622,4.963359638799715,40.2154686281156,25.413960957527753,0.0,0.0,0.0,0.0,0.0,0.0,1.0,5.785425202899791e-05,1.3420084649370945e-05,5.641491633086553e-05,1.3305538181876243e-05,1.0,0.0,0.0,0.0,1.0,0.0,-0.11879237636135417,-0.0023983273259564585,-0.11879237636135417,-0.0023983273259564585,-0.11879237636135417,-0.0023983273259564585,0.03907156063946912,0.12806448147373842,1.2256485165940467,6175.1505099650285,1.2256485165940467,0.0,0.0,0.0,0.0,0.0,0.0,0.0,False,False,0.0,False,False,False,-0.01943142060353358,0.06964632820586511,5.785425202899791e-05,1.3420084649370945e-05
4.583333333333333,29.27744254194169,54.06510996182532,214.84462833076935,227.70974945841883,9.937618208381622,4.963359638799715,40.2154686281156,25.413960957527753,0.0,0.0,0.0,0.0,0.0,0.0,1.0,5.814173242334186e-05,1.3417482314509455e-05,5.67602795493608e-05,1.3327927008402886e-05,1.0,0.0,0.0,0.0,1.0,0.0,-0.11667360986333156,-0.002399656866060422,-0.11667360986333156,-0.002399656866060422,-0.11667360986333156,-0.002399656866060422,0.038893305271025,0.12799570205024885,1.1995678789888233,6180.366637486073,1.1995678789888233,0.0,0.0,0.0,0.0,0.0,0.0,0.0,False,False,0.0,False,False,False,-0.01940279029201752,0.06961204031835855,5.814173242334186e-05,1.3417482314509455e-05
4.6,29.268370101757913,54.06320760724204,215.034197141357,227.70274697072176,9.937618208381622,4.963359638799715,40.2154686281156,25.413960957527753,0.0,0.0,0.0,0.0,0.0,0.0,1.0,5.8414083595002136e-05,1.3414921747344905e-05,5.7091040358489065e-05,1.334532595619129e-05,1.0,0.0,0.0,0.0,1.0,0.0,-0.11460585175765242,-0.0024009335523233043,-0.11460585175765242,-0.0024009335523233043,-0.11460585175765242,-0.0024009335523233043,0.038721235271222336,0.12792695385954095,1.174088337047574,6185.462545874323,1.174088337047574,0.0,0.0,0.0,0.0,0.0,0.0,0.0,False,False,0.0,False,False,False,-0.019374881820587532,0.06957764723616973,5.8414083595002136e-05,1.3414921747344905e-05
4.616666666666666,29.25951528307225,54.06134058120066,215.21938523346782,227.6957529014978,9.937618208381622,4.963359638799715,40.2154686281156,25.413960957527753,0.0,0.0,0.0,0.0,0.0,0.0,1.0,5.8672047605151656e-05,1.3412401982618172e-05,5.7407241807821583e-05,1.3358741161476667e-05,1.0,0.0,0.0,0.0,1.0,0.0,-0.11258786779182611,-0.0024021586709511945,-0.11258786779182611,-0.0024021586709511945,-0.11258786779182611,-0.0024021586709511945,0.038555132226504384,0.12785823828592935,1.1491962127836723,6190.440970727103,1.1491962127836723,0.0,0.0,0.0,0.0,0.0,0.0,0.0,False,False,0.0,False,False,False,-0.019347669784544944,0.06954315404175401,5.8672047605151656e-05,1.3412401982618172e-05
4.633333333333333,29.250872939268252,54.059508076744436,215.4002918134748,227.68876725251474,9.937618208381622,4.963359638799715,40.2154686281156,25.413960957527753,0.0,0.0,0.0,0.0,0.0,0.0,1.0,5.8916331250338794e-05,1.3409922079193198e-05,5.7709059696325024e-05,1.3368977345019973e-05,1.0,0.0,0.0,0.0,1.0,0.0,-0.11061845358081557,-0.0024033334770229694,-0.11061845358081557,-0.0024033334770229694,-0.11061845358081557,-0.0024033334770229694,0.03839478381556374,0.12778955660217045,1.1248781487535644,6195.304583533125,1.1248781487535644,0.0,0.0,0.0,0.0,0.0,0.0,0.0,False,False,0.0,False,False,False,-0.019321129493803706,0.06950856563569495,5.8916331250338794e-05,1.3409922079193198e-05
4.65,29.242438046773742,54.05770930526737,215.57701377705786,227.6817900181738,9.937618208381622,4.963359638799715,40.2154686281156,25.413960957527753,0.0,0.0,0.0,0.0,0.0,0.0,1.0,5.914760772727547e-05,1.3407481119467185e-05,5.799676930251511e-05,1.3376678099909415e-05,1.0,0.0,0.0,0.0,1.0,0.0,-0.10869643388427946,-0.0024044591952435365,-0.10869643388427946,-0.0024044591952435365,-0.10869643388427946,-0.0024044591952435365,0.038239983754858146,0.12772090997698177,1.101121099162533,6200.055993451331,1.101121099162533,0.0,0.0,0.0,0.0,0.0,0.0,0.0,False,False,0.0,False,False,False,-0.01929523696591634,0.06947388674191575,5.914760772727547e-05,1.3407481119467185e-05
4.666666666666667,29.23420570192851,54.055943496086364,215.74964577326105,227.67482118614052,9.937618208381622,4.963359638799715,40.2154686281156,25.413960957527753,0.0,0.0,0.0,0.0,0.0,0.0,1.0,5.936651821602558e-05,1.3405078207552601e-05,5.82707190852172e-05,1.3382358121438052e-05,1.0,0.0,0.0,0.0,1.0,0.0,-0.10682066190130426,-0.0024055370206788503,-0.10682066190130426,-0.0024055370206788503,-0.10682066190130426,-0.0024055370206788503,0.03809053173391475,0.12765229948208426,1.077912321328249,6204.697749018188,1.077912321328249,0.0,0.0,0.0,0.0,0.0,0.0,0.0,False,False,0.0,False,False,False,-0.019269968917964862,0.06943912191282949,5.936651821602558e-05,1.3405078207552601e-05
4.683333333333334,29.22617111794735,54.05420989602498,215.91828026594297,227.6678607379323,9.937618208381622,4.963359638799715,40.2154686281156,25.413960957527753,0.0,0.0,0.0,0.0,0.0,0.0,1.0,5.957367338810769e-05,1.3402712469773315e-05,5.85313099457953e-05,1.3386428991105104e-05,1.0,0.0,0.0,0.0,1.0,0.0,-0.10499001858220286,-0.0024065681194731423,-0.10499001858220286,-0.0024065681194731423,-0.10499001858220286,-0.0024065681194731423,0.0379462333416326,0.12758372609879623,1.0552393674814493,6209.232339787548,1.0552393674814493,0.0,0.0,0.0,0.0,0.0,0.0,0.0,False,False,0.0,False,False,False,-0.01924530275745088,0.0694042755344233,5.957367338810769e-05,1.3402712469773315e-05
4.7,29.218329621974554,54.0525077690085,216.0830075927701,227.66090864946614,9.937618208381622,4.963359638799715,40.2154686281156,25.413960957527753,0.0,0.0,0.0,0.0,0.0,0.0,1.0,5.976965484333005e-05,1.340038305375213e-05,5.877897892530225e-05,1.338921980363451e-05,1.0,0.0,0.0,0.0,1.0,0.0,-0.10320341195696695,-0.0024075536295487944,-0.10320341195696695,-0.0024075536295487944,-0.10320341195696695,-0.0024075536295487944,0.03780689998466784,0.12751519072421036,1.033090076885028,6213.662197906832,1.033090076885028,0.0,0.0,0.0,0.0,0.0,0.0,0.0,False,False,0.0,False,False,False,-0.01922121657230811,0.0693693518312683,5.976965484333005e-05,1.340038305375213e-05
4.716666666666667,29.21067665222616,54.050836395669734,216.2439160218934,227.6539648915687,9.937618208381622,4.963359638799715,40.2154686281156,25.413960957527753,0.0,0.0,0.0,0.0,0.0,0.0,1.0,5.9955016475873174e-05,1.339808912799792e-05,5.9014186435416436e-05,1.3390993668507193e-05,1.0,0.0,0.0,0.0,1.0,0.0,-0.10145977647997015,-0.002408494661289273,-0.10145977647997015,-0.002408494661289273,-0.10145977647997015,-0.002408494661289273,0.037672348798904146,0.1274466941769764,1.0114525682536668,6217.9896996331045,1.0114525682536668,0.0,0.0,0.0,0.0,0.0,0.0,0.0,False,False,0.0,False,False,False,-0.01919768912015332,0.06933435487145059,5.9955016475873174e-05,1.339808912799792e-05
4.733333333333333,29.203207755216376,54.049195072965205,216.40109180644183,227.64702943045106,9.937618208381622,4.963359638799715,40.2154686281156,25.413960957527753,0.0,0.0,0.0,0.0,0.0,0.0,1.0,6.013028577614085e-05,1.339582988133664e-05,5.9237406303561314e-05,1.3391960911073082e-05,1.0,0.0,0.0,0.0,1.0,0.0,-0.09975807239052831,-0.0024093922982055434,-0.09975807239052831,-0.0024093922982055434,-0.09975807239052831,-0.0024093922982055434,0.03754240255494656,0.1273782372027163,0.9903152324570373,6222.21716679243,0.9903152324570373,0.0,0.0,0.0,0.0,0.0,0.0,0.0,False,False,0.0,False,False,False,-0.019174699816879106,0.0692992885714179,6.013028577614085e-05,1.339582988133664e-05
4.75,29.195918583064934,54.04758311380134,216.5546192369544,227.64010222815074,9.937618208381622,4.963359638799715,40.2154686281156,25.413960957527753,0.0,0.0,0.0,0.0,0.0,0.0,1.0,6.029596507277704e-05,1.3393604520992725e-05,5.944911805740446e-05,1.339228963305701e-05,1.0,0.0,0.0,0.0,1.0,0.0,-0.09809728508893382,-0.0024102475975863523,-0.09809728508893382,-0.0024102475975863523,-0.09809728508893382,-0.0024102475975863523,0.03741688955847777,0.12730982047909375,0.9696667254914382,6226.34686818555,0.9696667254914382,0.0,0.0,0.0,0.0,0.0,0.0,0.0,False,False,0.0,False,False,False,-0.019152228724681822,0.06926415670073664,6.029596507277704e-05,1.3393604520992725e-05
4.766666666666667,29.188804890882185,54.04599984667024,216.70458069186446,227.63318324294235,9.937618208381622,4.963359638799715,40.2154686281156,25.413960957527753,0.0,0.0,0.0,0.0,0.0,0.0,1.0,6.0452532712501617e-05,1.3391412274209313e-05,5.9649800988423894e-05,1.3392114161287469e-05,1.0,0.0,0.0,0.0,1.0,0.0,-0.09647642452758902,-0.0024110615911327768,-0.09647642452758902,-0.0024110615911327768,-0.09647642452758902,-0.0024110615911327768,0.03729564354623356,0.12724144462055648,0.9494959617052519,6230.3810209427875,0.9494959617052519,0.0,0.0,0.0,0.0,0.0,0.0,0.0,False,False,0.0,False,False,False,-0.019130256539615382,0.06922896288675945,6.0452532712501617e-05,1.3391412274209313e-05
4.783333333333333,29.181862534228944,54.044444615294815,216.85105668614526,227.62627242972013,9.937618208381622,4.963359638799715,40.2154686281156,25.413960957527753,0.0,0.0,0.0,0.0,0.0,0.0,1.0,6.060044418564753e-05,1.3389252386558637e-05,5.9839929627868616e-05,1.3391541806341702e-05,1.0,0.0,0.0,0.0,1.0,0.0,-0.09489452461687338,-0.002411835285577417,-0.09489452461687338,-0.002411835285577417,-0.09489452461687338,-0.002411835285577417,0.03717850357832579,0.12717311018277874,0.9297921072645068,6234.3217918309365,0.9297921072645068,0.0,0.0,0.0,0.0,0.0,0.0,0.0,False,False,0.0,False,False,False,-0.01910876457874897,0.06919371061919669,6.060044418564753e-05,1.3389252386558637e-05
4.8,29.17508746664826,54.04291677828278,216.99412591821607,227.61936974035282,9.937618208381622,4.963359638799715,40.2154686281156,25.413960957527753,0.0,0.0,0.0,0.0,0.0,0.0,1.0,6.074013320005872e-05,1.3387124121667926e-05,6.001997034230664e-05,1.3390658269406946e-05,1.0,0.0,0.0,0.0,1.0,0.0,-0.09335064264538828,-0.0024125696632886053,-0.09335064264538828,-0.0024125696632886053,-0.09335064264538828,-0.0024125696632886053,0.037065313927549,0.12710481766681686,0.9105445738458593,6238.171298514666,0.9105445738458593,0.0,0.0,0.0,0.0,0.0,0.0,0.0,False,False,0.0,False,False,False,-0.0190877347669998,0.06915840325459131,6.074013320005872e-05,1.3387124121667926e-05
4.816666666666666,29.16847573726645,54.04141570878937,217.1338653152012,227.61247512401366,9.937618208381622,4.963359638799715,40.2154686281156,25.413960957527753,0.0,0.0,0.0,0.0,0.0,0.0,1.0,6.087201270161928e-05,1.338502675993572e-05,6.0190378814169165e-05,1.33895319675127e-05,1.0,0.0,0.0,0.0,1.0,0.0,-0.09184385871423091,-0.0024132656828599938,-0.09184385871423091,-0.0024132656828599938,-0.09184385871423091,-0.0024132656828599938,0.03695592396624301,0.12703656752299672,0.891743012545503,6241.931610774737,0.891743012545503,0.0,0.0,0.0,0.0,0.0,0.0,0.0,False,False,0.0,False,False,False,-0.01906714962371002,0.06912304402069394,6.087201270161928e-05,1.338502675993572e-05
4.833333333333333,29.162023488460804,54.039940794188354,217.27035007663125,227.6055885274864,9.937618208381622,4.963359638799715,40.2154686281156,25.413960957527753,0.0,0.0,0.0,0.0,0.0,0.0,1.0,6.099647584883669e-05,1.338295959987107e-05,6.035159822110267e-05,1.3388217493984375e-05,1.0,0.0,0.0,0.0,1.0,0.0,-0.09037327518495829,-0.0024139242796858765,-0.09037327518495829,-0.0024139242796858765,-0.09037327518495829,-0.0024139242796858765,0.036850188051270716,0.12696836015454993,0.8733773079922276,6245.604751685392,0.8733773079922276,0.0,0.0,0.0,0.0,0.0,0.0,0.0,False,False,0.0,False,False,False,-0.0190469922490257,0.06908763602073942,6.099647584883669e-05,1.338295959987107e-05
4.85,29.15572695359156,54.03849143575114,217.40365371666638,227.59870989544947,9.937618208381622,4.963359638799715,40.2154686281156,25.413960957527753,0.0,0.0,0.0,0.0,0.0,0.0,1.0,6.111389694086165e-05,1.3380921956306774e-05,6.0504057965054464e-05,1.3386758386448855e-05,1.0,0.0,0.0,0.0,1.0,0.0,-0.08893801614090978,-0.0024145463665225858,-0.08893801614090978,-0.0024145463665225858,-0.08893801614090978,-0.0024145463665225858,0.0367479654075736,0.12690019592101748,0.8554375726549824,6249.192698752841,0.8554375726549824,0.0,0.0,0.0,0.0,0.0,0.0,0.0,False,False,0.0,False,False,False,-0.019027246310133483,0.0690521822376206,6.111389694086165e-05,1.3380921956306774e-05
4.866666666666666,29.149582454795866,54.03706704833371,217.53384810491931,227.59183917073938,9.937618208381622,4.963359638799715,40.2154686281156,25.413960957527753,0.0,0.0,0.0,0.0,0.0,0.0,1.0,6.12246323020843e-05,1.3378913159861616e-05,6.0648172832460426e-05,1.3385189341131408e-05,1.0,0.0,0.0,0.0,1.0,0.0,-0.08753722686156509,-0.0024151328340363083,-0.08753722686156509,-0.0024151328340363083,-0.08753722686156509,-0.0024151328340363083,0.03664912001075821,0.1268320751414301,0.837914141334677,6252.697385016902,0.837914141334677,0.0,0.0,0.0,0.0,0.0,0.0,0.0,False,False,0.0,False,False,False,-0.019007896027404284,0.06901668553796006,6.12246323020843e-05,1.3378913159861616e-05
4.883333333333333,29.14358640084148,54.03566706007106,217.66100350594866,227.58497629459444,9.937618208381622,4.963359638799715,40.2154686281156,25.413960957527753,0.0,0.0,0.0,0.0,0.0,0.0,1.0,6.132902112527573e-05,1.337693255696118e-05,6.078434249102349e-05,1.3383537984297363e-05,1.0,0.0,0.0,0.0,1.0,0.0,-0.08617007330962216,-0.0024156845513376396,-0.08617007330962216,-0.0024156845513376396,-0.08617007330962216,-0.0024156845513376396,0.03655352046910857,0.12676399809728206,0.8207975658312534,6256.120700117587,0.8207975658312534,0.0,0.0,0.0,0.0,0.0,0.0,0.0,False,False,0.0,False,False,False,-0.01898892616048884,0.06898114867607986,6.132902112527573e-05,1.337693255696118e-05
4.9,29.137735285038204,54.034290912079,217.78518861748964,227.57812120688078,9.937618208381622,4.963359638799715,40.2154686281156,25.413960957527753,0.0,0.0,0.0,0.0,0.0,0.0,1.0,6.142738627569998e-05,1.3374979509556822e-05,6.091295124795879e-05,1.3381826289349254e-05,1.0,0.0,0.0,0.0,1.0,0.0,-0.0848357416304871,-0.0024162023665032072,-0.0848357416304871,-0.0024162023665032072,-0.0848357416304871,-0.0024162023665032072,0.036461039905383456,0.12669596503531125,0.8040786097777345,6259.464491328291,0.8040786097777345,0.0,0.0,0.0,0.0,0.0,0.0,0.0,False,False,0.0,False,False,False,-0.018970321994405157,0.06894557429786888,6.142738627569998e-05,1.3374979509556822e-05
4.916666666666667,29.132025683204976,54.03293805816301,217.90647060748447,227.57127384630127,9.937618208381622,4.963359638799715,40.2154686281156,25.413960957527753,0.0,0.0,0.0,0.0,0.0,0.0,1.0,6.152003505727893e-05,1.3373053395025064e-05,6.1034368009822816e-05,1.3380071710484417e-05,1.0,0.0,0.0,0.0,1.0,0.0,-0.08353343766387604,-0.002416687107084668,-0.08353343766387604,-0.002416687107084668,-0.08353343766387604,-0.002416687107084668,0.03637155583872063,0.12662797617009752,0.787748243632941,6262.73056455725,0.787748243632941,0.0,0.0,0.0,0.0,0.0,0.0,0.0,False,False,0.0,False,False,False,-0.01895206932565467,0.06890996494454832,6.152003505727893e-05,1.3373053395025064e-05
4.933333333333334,29.126454251690824,54.03160796453402,218.02491514997072,227.56443415058854,9.937618208381622,4.963359638799715,40.2154686281156,25.413960957527753,0.0,0.0,0.0,0.0,0.0,0.0,1.0,6.160725994268541e-05,1.337115360469654e-05,6.114894639639534e-05,1.3378288089326842e-05,1.0,0.0,0.0,0.0,1.0,0.0,-0.08226238646723552,-0.0024171395806053893,-0.08226238646723552,-0.0024171395806053893,-0.08226238646723552,-0.0024171395806053893,0.0362849500669426,0.12656003168649088,0.7717976398257087,6265.920685318696,0.7717976398257087,0.0,0.0,0.0,0.0,0.0,0.0,0.0,False,False,0.0,False,False,False,-0.018934154448400117,0.06887432305633436,6.160725994268541e-05,1.337115360469654e-05
4.95,29.121017725447793,54.03030010953078,218.14058645988345,227.55760205668327,9.937618208381622,4.963359638799715,40.2154686281156,25.413960957527753,0.0,0.0,0.0,0.0,0.0,0.0,1.0,6.168933927051638e-05,1.3369279544379886e-05,6.125702497121955e-05,1.3376486380337451e-05,1.0,0.0,0.0,0.0,1.0,0.0,-0.08102183185069564,-0.002417560575045114,-0.08102183185069564,-0.002417560575045114,-0.08102183185069564,-0.002417560575045114,0.03620110854953019,0.1264921317418779,0.7562181680431149,6269.036579675215,0.7562181680431149,0.0,0.0,0.0,0.0,0.0,0.0,0.0,False,False,0.0,False,False,False,-0.01891656414073326,0.06883865097600056,6.168933927051638e-05,1.3369279544379886e-05
4.966666666666667,29.115712916154187,54.02901398334877,218.2535473268208,227.55077750089862,9.937618208381622,4.963359638799715,40.2154686281156,25.413960957527753,0.0,0.0,0.0,0.0,0.0,0.0,1.0,6.176653790890621e-05,1.336743063375112e-05,6.135892755875688e-05,1.3374675231020184e-05,1.0,0.0,0.0,0.0,1.0,0.0,-0.07981103592327675,-0.0024179508593128907,-0.07981103592327675,-0.0024179508593128907,-0.07981103592327675,-0.0024179508593128907,0.03611992129148487,0.1264242764682993,0.7410013906567247,6272.079935152493,0.7410013906567247,0.0,0.0,0.0,0.0,0.0,0.0,0.0,False,False,0.0,False,False,False,-0.018899285651059618,0.06880295095233988,6.176653790890621e-05,1.336743063375112e-05
4.983333333333333,29.110536710386455,54.02774908777535,218.36385914782215,227.5439604190718,9.937618208381622,4.963359638799715,40.2154686281156,25.413960957527753,0.0,0.0,0.0,0.0,0.0,0.0,1.0,6.183910788856023e-05,1.3365606306089961e-05,6.145496362471755e-05,1.337286144603414e-05,1.0,0.0,0.0,0.0,1.0,0.0,-0.07862927865007742,-0.0024183111837085655,-0.07862927865007742,-0.0024183111837085655,-0.07862927865007742,-0.0024183111837085655,0.0360412822282989,0.12635646597442673,0.7261390582803415,6275.0524016277695,0.7261390582803415,0.0,0.0,0.0,0.0,0.0,0.0,0.0,False,False,0.0,False,False,False,-0.018882306684623276,0.06876722514352746,6.183910788856023e-05,1.3365606306089961e-05
5.0,29.10548606783815,54.026504935931015,218.47158195920372,227.53715074670345,9.955887796997093,5.050320846821551,39.979565274086085,24.75186874502541,0.0,0.0,0.0,0.0,0.0,0.0,1.0,8.044460359182305e-05,-7.4572594413561955e-06,6.525289161813865e-05,9.206837268556073e-06,1.0,0.0,0.0,0.0,1.0,0.0,-0.07747585742017805,-0.0024186422803731053,-0.07747585742017805,-0.0024186422803731053,-0.07747585742017805,-0.0024186422803731053,0.03596508911221511,0.1262887003474077,0.701867644019344,6279.906684479969,0.701867644019344,0.0,0.0,0.0,0.0,0.0,0.0,0.0,False,False,0.0,False,False,False,-0.018847078075606587,0.06871065455493636,8.044460359182305e-05,-7.4572594413561955e-06
5.016666666666667,29.100836079303264,54.02486463070762,218.56540174680046,227.52613909314323,9.955887796997093,5.050320846821551,39.979565274086085,24.75186874502541,0.0,0.0,0.0,0.0,0.0,0.0,1.0,8.051220537732412e-05,-7.458999567260677e-06,6.830475436997574e-05,5.873669901392724e-06,1.0,0.0,0.0,0.0,1.0,0.0,-0.07635008662500055,-0.0024189448637280194,-0.07635008662500055,-0.0024189448637280194,-0.07635008662500055,-0.0024189448637280194,0.03577751619300515,0.1261788863951605,0.6889352877533974,6282.493155733158,0.6889352877533974,0.0,0.0,0.0,0.0,0.0,0.0,0.0,False,False,0.0,False,False,False,-0.018812786794622286,0.06865399233183653,8.051220537732412e-05,-7.458999567260677e-06
5.033333333333333,29.096295869675497,54.02324273031193,218.65729066526401,227.51514234266227,9.955887796997093,5.050320846821551,39.979565274086085,24.75186874502541,0.0,0.0,0.0,0.0,0.0,0.0,1.0,8.057618730740717e-05,-7.46072575622328e-06,7.075904095746202e-05,3.2067907698695236e-06,1.0,0.0,0.0,0.0,1.0,0.0,-0.07525129724687134,-0.0024192196309041534,-0.07525129724687134,-0.0024192196309041534,-0.07525129724687134,-0.0024192196309041534,0.03559761599951143,0.1260691936575271,0.6762664603406574,6285.026921215706,0.6762664603406574,0.0,0.0,0.0,0.0,0.0,0.0,0.0,False,False,0.0,False,False,False,-0.018779385473598524,0.06859724492109087,8.057618730740717e-05,-7.46072575622328e-06
5.05,29.09186315323234,54.02163887119666,218.7472749181087,227.50416013319457,9.955887796997093,5.050320846821551,39.979565274086085,24.75186874502541,0.0,0.0,0.0,0.0,0.0,0.0,1.0,8.06367158577943e-05,-7.462438217392675e-06,7.273457593752847e-05,1.0729449724170843e-06,1.0,0.0,0.0,0.0,1.0,0.0,-0.07417883645754063,-0.0024194672621601033,-0.07417883645754063,-0.0024194672621601033,-0.07417883645754063,-0.0024194672621601033,0.03542499773862772,0.12595961919410603,0.6638573456431004,6287.508744155218,0.6638573456431004,0.0,0.0,0.0,0.0,0.0,0.0,0.0,False,False,0.0,False,False,False,-0.018746829182253393,0.06854041843966774,8.06367158577943e-05,-7.462438217392675e-06
5.066666666666666,29.087535680189884,54.02005269513515,218.8353811399755,227.4931921197851,9.955887796997093,5.050320846821551,39.979565274086085,24.75186874502541,0.0,0.0,0.0,0.0,0.0,0.0,1.0,8.069395091283346e-05,-7.464137159629569e-06,7.432645093258947e-05,-6.344714539922461e-07,1.0,0.0,0.0,0.0,1.0,0.0,-0.07313206722641706,-0.002419688421290505,-0.07313206722641706,-0.002419688421290505,-0.07313206722641706,-0.002419688421290505,0.03525929072617202,0.12585016021914172,0.651704087218318,6289.939395840174,0.651704087218318,0.0,0.0,0.0,0.0,0.0,0.0,0.0,False,False,0.0,False,False,False,-0.018715075300686924,0.06848351869160373,8.069395091283346e-05,-7.464137159629569e-06
5.083333333333333,29.08331123685941,54.018483849272215,218.92163632981044,227.48223797369286,9.955887796997093,5.050320846821551,39.979565274086085,24.75186874502541,0.0,0.0,0.0,0.0,0.0,0.0,1.0,8.074804595785152e-05,-7.465822791451193e-06,7.561076993764187e-05,-2.000741721484035e-06,1.0,0.0,0.0,0.0,1.0,0.0,-0.07211036793828263,-0.0024198837560244447,-0.07211036793828263,-0.0024198837560244447,-0.07211036793828263,-0.0024198837560244447,0.03510014333638714,0.1257408140929533,0.6398027963149525,6292.319654020847,0.6398027963149525,0.0,0.0,0.0,0.0,0.0,0.0,0.0,False,False,0.0,False,False,False,-0.01868408339877983,0.06842655118408056,8.074804595785152e-05,-7.465822791451193e-06
5.1,29.079187645744298,54.01693198616424,219.00606778872717,227.47129738154425,9.955887796997093,5.050320846821551,39.979565274086085,24.75186874502541,0.0,0.0,0.0,0.0,0.0,0.0,1.0,8.079914827237734e-05,-7.4674953207919115e-06,7.664844560458897e-05,-3.0940924413456104e-06,1.0,0.0,0.0,0.0,1.0,0.0,-0.07111313202025842,-0.002420053898414227,-0.07111313202025842,-0.002420053898414227,-0.07111313202025842,-0.002420053898414227,0.03494722200753004,0.12563157831385688,0.628149559292765,6294.650301425285,0.628149559292765,0.0,0.0,0.0,0.0,0.0,0.0,0.0,False,False,0.0,False,False,False,-0.01865381512202446,0.0683695211426638,8.079914827237734e-05,-7.4674953207919115e-06
5.116666666666666,29.075162765581922,54.01539676380932,219.08870306226677,227.4603700445338,9.955887796997093,5.050320846821551,39.979565274086085,24.75186874502541,0.0,0.0,0.0,0.0,0.0,0.0,1.0,8.084739912301176e-05,-7.46915495450709e-06,7.748823630827353e-05,-3.969104943977906e-06,1.0,0.0,0.0,0.0,1.0,0.0,-0.07013976757779739,-0.002420199465214735,-0.07013976757779739,-0.002420199465214735,-0.07013976757779739,-0.002420199465214735,0.034800210300465144,0.1255224505105527,0.6167404445030388,6296.93212438323,0.6167404445030388,0.0,0.0,0.0,0.0,0.0,0.0,0.0,False,False,0.0,False,False,False,-0.018624234083435293,0.06831243352574803,8.084739912301176e-05,-7.46915495450709e-06
5.133333333333333,29.071234491334746,54.01387784566821,219.1695698867872,227.4494556776695,9.955887796997093,5.050320846821551,39.979565274086085,24.75186874502541,0.0,0.0,0.0,0.0,0.0,0.0,1.0,8.089293395399481e-05,-7.470801898053908e-06,7.816917583741778e-05,-4.669444334793106e-06,1.0,0.0,0.0,0.0,1.0,0.0,-0.0691896970394857,-0.002420321058253614,-0.0691896970394857,-0.002420321058253614,-0.0691896970394857,-0.002420321058253614,0.034658808007357704,0.12541342843494868,0.6055715086625969,6299.1659115513185,0.6055715086625969,0.0,0.0,0.0,0.0,0.0,0.0,0.0,False,False,0.0,False,False,False,-0.018595305761207506,0.0682552930382509,8.089293395399481e-05,-7.470801898053908e-06
5.15,29.06740075413467,54.01237490067669,219.2486961397298,227.43855400906034,9.955887796997093,5.050320846821551,39.979565274086085,24.75186874502541,0.0,0.0,0.0,0.0,0.0,0.0,1.0,8.09358825778813e-05,-7.4724363562754526e-06,7.872251718551048e-05,-5.2300427390895755e-06,1.0,0.0,0.0,0.0,1.0,0.0,-0.06826235681043946,-0.0024204192647924914,-0.06826235681043946,-0.0024204192647924914,-0.06826235681043946,-0.0024204192647924914,0.0345227303077373,0.125304509955396,0.5946388027522471,6301.352452733388,0.5946388027522471,0.0,0.0,0.0,0.0,0.0,0.0,0.0,False,False,0.0,False,False,False,-0.018566997401807943,0.06819810414459447,8.09358825778813e-05,-7.4724363562754526e-06
5.166666666666667,29.06365952118438,54.010887603250026,219.32610979352458,227.42766477924286,9.955887796997093,5.050320846821551,39.979565274086085,24.75186874502541,0.0,0.0,0.0,0.0,0.0,0.0,1.0,8.097636936309736e-05,-7.4740585316417085e-06,7.917328762102785e-05,-5.678845897600001e-06,1.0,0.0,0.0,0.0,1.0,0.0,-0.06735719693408877,-0.002420494657879459,-0.06735719693408877,-0.002420494657879459,-0.06735719693408877,-0.002420494657879459,0.03439170696933443,0.12519569305030825,0.5839383774695034,6303.492537789937,0.5839383774695034,0.0,0.0,0.0,0.0,0.0,0.0,0.0,False,False,0.0,False,False,False,-0.01853927792820343,0.06814087108101462,8.097636936309736e-05,-7.4740585316417085e-06
5.183333333333334,29.060008795619197,54.00941563328018,219.4018388729109,227.41678774054543,9.955887796997093,5.050320846821551,39.979565274086085,24.75186874502541,0.0,0.0,0.0,0.0,0.0,0.0,1.0,8.101451341868638e-05,-7.475668625408355e-06,7.954153278055955e-05,-6.038210443161672e-06,1.0,0.0,0.0,0.0,1.0,0.0,-0.0664736807621464,-0.002420547796693025,-0.0664736807621464,-0.002420547796693025,-0.0664736807621464,-0.002420547796693025,0.03426548159125544,0.1250869758021475,0.5734662882632346,6305.586955631191,0.5734662882632346,0.0,0.0,0.0,0.0,0.0,0.0,0.0,False,False,0.0,False,False,False,-0.01851211785294706,0.06808359786723067,8.101451341868638e-05,-7.475668625408355e-06
5.2,29.056446616332714,54.007958676126215,219.47591141546374,227.40592265648718,9.955887796997093,5.050320846821551,39.979565274086085,24.75186874502541,0.0,0.0,0.0,0.0,0.0,0.0,1.0,8.105042877723555e-05,-7.477266837627172e-06,7.984331197989475e-05,-6.3260217220547724e-06,1.0,0.0,0.0,0.0,1.0,0.0,-0.06561128463256256,-0.0024205792268777435,-0.06561128463256256,-0.0024205792268777435,-0.06561128463256256,-0.0024205792268777435,0.034143810887199984,0.12497835639174949,0.5632185999756848,6307.636493288701,0.5632185999756848,0.0,0.0,0.0,0.0,0.0,0.0,0.0,False,False,0.0,False,False,False,-0.018485489195857626,0.06802628831751086,8.105042877723555e-05,-7.477266837627172e-06
5.216666666666667,29.052971057769305,54.006516422598544,219.5483554351265,227.39506930120987,9.955887796997093,5.050320846821551,39.979565274086085,24.75186874502541,0.0,0.0,0.0,0.0,0.0,0.0,1.0,8.108422457372066e-05,-7.478853365577853e-06,8.009149449865992e-05,-6.556588050759389e-06,1.0,0.0,0.0,0.0,1.0,0.0,-0.0647694975552731,-0.0024205894808717217,-0.0647694975552731,-0.0024205894808717217,-0.0647694975552731,-0.0024205894808717217,0.03402646400653793,0.12486983309297055,0.5531913911171887,6309.6419350604,0.5531913911171887,0.0,0.0,0.0,0.0,0.0,0.0,0.0,False,False,0.0,False,False,False,-0.01845936540604408,0.06796894605116638,8.108422457372066e-05,-7.478853365577853e-06
5.233333333333333,29.04958022968636,54.00508856893744,219.6191988885647,227.3842274589413,9.955887796997093,5.050320846821551,39.979565274086085,24.75186874502541,0.0,0.0,0.0,0.0,0.0,0.0,1.0,8.111600522114383e-05,-7.480428404916389e-06,8.029639664315669e-05,-6.741356121590789e-06,1.0,0.0,0.0,0.0,1.0,0.0,-0.06394782090555202,-0.0024205790782262002,-0.06394782090555202,-0.0024205790782262002,-0.06394782090555202,-0.0024205790782262002,0.03391322189119915,0.12476140426763938,0.5433807577959078,6311.604061724656,0.5433807577959078,0.0,0.0,0.0,0.0,0.0,0.0,0.0,False,False,0.0,False,False,False,-0.018433721288039523,0.06791157450250224,8.111600522114383e-05,-7.480428404916389e-06
5.25,29.046272276888928,54.0036748167863,219.68846964416565,227.37339692348746,9.955887796997093,5.050320846821551,39.979565274086085,24.75186874502541,0.0,0.0,0.0,0.0,0.0,0.0,1.0,8.114587058237303e-05,-7.481992149453026e-06,8.046629143099995e-05,-6.889483327163237e-06,1.0,0.0,0.0,0.0,1.0,0.0,-0.06314576812478459,-0.0024205485259174023,-0.06314576812478459,-0.0024205485259174023,-0.06314576812478459,-0.0024205485259174023,0.03380387666644117,0.12465306836079207,0.5337828173246225,6313.523649818913,0.5337828173246225,0.0,0.0,0.0,0.0,0.0,0.0,0.0,False,False,0.0,False,False,False,-0.018408532931822943,0.06785417693025414,8.114587058237303e-05,-7.481992149453026e-06
5.266666666666667,29.04304537893929,54.00227487316012,219.7561954535184,227.36257749775243,9.955887796997093,5.050320846821551,39.979565274086085,24.75186874502541,0.0,0.0,0.0,0.0,0.0,0.0,1.0,8.117391613890034e-05,-7.483544790094082e-06,8.060781637258003e-05,-7.008295619749406e-06,1.0,0.0,0.0,0.0,1.0,0.0,-0.0623628644284814,-0.002420498318650835,-0.0623628644284814,-0.002420498318650835,-0.0623628644284814,-0.002420498318650835,0.03369823106366515,0.12454482389617527,0.5243937115248218,6315.4014709788735,0.5243937115248218,0.0,0.0,0.0,0.0,0.0,0.0,0.0,False,False,0.0,False,False,False,-0.018383777646518246,0.06779675642653991,8.117391613890034e-05,-7.483544790094082e-06
5.283333333333333,29.03989774984379,54.000888450409526,219.8224039252187,227.35176899328454,9.955887796997093,5.050320846821551,39.979565274086085,24.75186874502541,0.0,0.0,0.0,0.0,0.0,0.0,1.0,8.120023315418695e-05,-7.485086516836881e-06,8.07262997289014e-05,-7.103653799166901e-06,1.0,0.0,0.0,0.0,1.0,0.0,-0.0615986465213581,-0.002420428939158227,-0.0615986465213581,-0.002420428939158227,-0.0615986465213581,-0.002420428939158227,0.033596097873545255,0.12443666947200366,0.5152096097472441,6317.238291334389,0.5152096097472441,0.0,0.0,0.0,0.0,0.0,0.0,0.0,False,False,0.0,False,False,False,-0.018359433897573996,0.06773931592534738,8.120023315418695e-05,-7.485086516836881e-06
5.3,29.0368276377191,53.999515266180815,219.8871225008547,227.34097122984642,9.955887796997093,5.050320846821551,39.979565274086085,24.75186874502541,0.0,0.0,0.0,0.0,0.0,0.0,1.0,8.122490883446642e-05,-7.4866175156194925e-06,8.08260215500144e-05,-7.18024654245742e-06,1.0,0.0,0.0,0.0,1.0,0.0,-0.06085266231930997,-0.0024203408584872817,-0.06085266231930997,-0.0024203408584872817,-0.06085266231930997,-0.0024203408584872817,0.03349729942785704,0.12432860375695164,0.5062267116269322,6319.034870958451,0.5062267116269322,0.0,0.0,0.0,0.0,0.0,0.0,0.0,False,False,0.0,False,False,False,-0.01833548124723524,0.06768185821058845,8.122490883446642e-05,-7.4866175156194925e-06
5.316666666666666,29.033833324439996,53.99815504337233,219.9503784330328,227.33018403500898,9.955887796997093,5.050320846821551,39.979565274086085,24.75186874502541,0.0,0.0,0.0,0.0,0.0,0.0,1.0,8.124802648340262e-05,-7.488137971248948e-06,8.091042253669205e-05,-7.2418248282157254e-06,1.0,0.0,0.0,0.0,1.0,0.0,-0.06012447067811426,-0.002420234536284418,-0.06012447067811426,-0.002420234536284418,-0.06012447067811426,-0.002420234536284418,0.03340166710844209,0.1242206254863742,0.49744124958986957,6320.791963365864,0.49744124958986957,0.0,0.0,0.0,0.0,0.0,0.0,0.0,False,False,0.0,False,False,False,-0.018311900298132767,0.06762438592373612,8.124802648340262e-05,-7.488137971248948e-06
5.333333333333333,29.030913125270487,53.99680751008748,220.0121987653182,227.31940724376634,9.955887796997093,5.050320846821551,39.979565274086085,24.75186874502541,0.0,0.0,0.0,0.0,0.0,0.0,1.0,8.126966565556574e-05,-7.489648066089788e-06,8.098227116046678e-05,-7.291389475790538e-06,1.0,0.0,0.0,0.0,1.0,0.0,-0.05941364112869774,-0.00242011042107067,-0.05941364112869774,-0.00242011042107067,-0.05941364112869774,-0.00242011042107067,0.03330904088187978,0.12411273345873407,0.488849491126839,6322.51031505847,0.488849491126839,0.0,0.0,0.0,0.0,0.0,0.0,0.0,False,False,0.0,False,False,False,-0.01828867263981971,0.06756690157107019,8.126966565556574e-05,-7.489648066089788e-06
5.35,29.028065388480144,53.99547239958476,220.07261031396482,227.30864069817179,9.955887796997093,5.050320846821551,39.979565274086085,24.75186874502541,0.0,0.0,0.0,0.0,0.0,0.0,1.0,8.128990230156616e-05,-7.491147978856694e-06,8.104379738868666e-05,-7.331341176403769e-06,1.0,0.0,0.0,0.0,1.0,0.0,-0.058719753618810364,-0.002419968950510906,-0.058719753618810364,-0.002419968950510906,-0.058719753618810364,-0.002419968950510906,0.03321926885845856,0.12400492653222893,0.48044774084989966,6324.190665113858,0.48044774084989966,0.0,0.0,0.0,0.0,0.0,0.0,0.0,False,False,0.0,False,False,False,-0.01826578079810192,0.06750940753055211,8.128990230156616e-05,-7.491147978856694e-06
5.366666666666666,29.025288494947212,53.99414945022509,220.131639651323,227.29788424699322,9.955887796997093,5.050320846821551,39.979565274086085,24.75186874502541,0.0,0.0,0.0,0.0,0.0,0.0,1.0,8.130880891259033e-05,-7.4926378871471855e-06,8.10967996934674e-05,-7.363600518552452e-06,1.0,0.0,0.0,0.0,1.0,0.0,-0.058042398260950215,-0.0024198105516765388,-0.058042398260950215,-0.0024198105516765388,-0.058042398260950215,-0.0024198105516765388,0.0331322068741804,0.12389720362160882,0.47223234234526446,6325.833744814785,0.47223234234526446,0.0,0.0,0.0,0.0,0.0,0.0,0.0,False,False,0.0,False,False,False,-0.018243208187009263,0.06745190605834482,8.130880891259033e-05,-7.4926378871471855e-06
5.383333333333333,29.022580857750107,53.992838405416585,220.18931309081574,227.28713774538627,9.955887796997093,5.050320846821551,39.979565274086085,24.75186874502541,0.0,0.0,0.0,0.0,0.0,0.0,1.0,8.132645465805952e-05,-7.494117965422403e-06,8.114273068638582e-05,-7.389704007926442e-06,1.0,0.0,0.0,0.0,1.0,0.0,-0.057381175086388354,-0.0024196356413018773,-0.057381175086388354,-0.0024196356413018773,-0.057381175086388354,-0.0024196356413018773,0.03304771809454583,0.12378956369516483,0.4641996798361697,6327.440277316604,0.4641996798361697,0.0,0.0,0.0,0.0,0.0,0.0,0.0,False,False,0.0,False,False,False,-0.018220939063269586,0.06739439929500025,8.132645465805952e-05,-7.494117965422403e-06
5.4,29.019940921748688,53.99153901355728,220.24565667338265,227.27640105458536,9.955887796997093,5.050320846821551,39.979565274086085,24.75186874502541,0.0,0.0,0.0,0.0,0.0,0.0,1.0,8.134290552083592e-05,-7.495588385277724e-06,8.118276565327584e-05,-7.410880883396698e-06,1.0,0.0,0.0,0.0,1.0,0.0,-0.05673569380514593,-0.0024194446260342693,-0.05673569380514593,-0.0024194446260342693,-0.05673569380514593,-0.0024194446260342693,0.03296567263897253,0.12368200577188794,0.4563461796678348,6329.010977350271,0.4563461796678348,0.0,0.0,0.0,0.0,0.0,0.0,0.0,False,False,0.0,False,False,False,-0.018198958483150358,0.06733688927132979,8.134290552083592e-05,-7.495588385277724e-06
5.416666666666667,29.017367163156674,53.990251027975795,220.3006961552959,227.26567404161054,9.955887796997093,5.050320846821551,39.979565274086085,24.75186874502541,0.0,0.0,0.0,0.0,0.0,0.0,1.0,8.135822442634786e-05,-7.497049316296245e-06,8.121785740789024e-05,-7.428114569976608e-06,1.0,0.0,0.0,0.0,1.0,0.0,-0.05610557357177967,-0.0024192379026781985,-0.05610557357177967,-0.0024192379026781985,-0.05610557357177967,-0.0024192379026781985,0.032885947224738574,0.1235745289187838,0.448668311626675,6330.546550958503,0.448668311626675,0.0,0.0,0.0,0.0,0.0,0.0,0.0,False,False,0.0,False,False,False,-0.018177252261543906,0.06727937791397344,8.135822442634786e-05,-7.497049316296245e-06
5.433333333333334,29.01485808910642,53.98897420687031,220.3544569972594,227.25495657899006,9.955887796997093,5.050320846821551,39.979565274086085,24.75186874502541,0.0,0.0,0.0,0.0,0.0,0.0,1.0,8.137247136901784e-05,-7.498500924834478e-06,8.124878020011577e-05,-7.442191840948181e-06,1.0,0.0,0.0,0.0,1.0,0.0,-0.055490442756834964,-0.0024190158584334693,-0.055490442756834964,-0.0024190158584334693,-0.055490442756834964,-0.0024190158584334693,0.03280842482942911,0.12346713224833421,0.4411625901044818,6332.0476952629415,0.4411625901044818,0.0,0.0,0.0,0.0,0.0,0.0,0.0,False,False,0.0,False,False,False,-0.01815580693317577,0.06722186705068553,8.137247136901784e-05,-7.498500924834478e-06
5.45,29.012412237207222,53.98770831324602,220.406964354706,227.24424854449717,9.955887796997093,5.050320846821551,39.979565274086085,24.75186874502541,0.0,0.0,0.0,0.0,0.0,0.0,1.0,8.138570353334671e-05,-7.4999433747890976e-06,8.127616486676195e-05,-7.4537421477163646e-06,1.0,0.0,0.0,0.0,1.0,0.0,-0.05488993872382966,-0.002418778871127632,-0.05488993872382966,-0.002418778871127632,-0.05488993872382966,-0.002418778871127632,0.03273299437088968,0.12335981491609947,0.4338255751180941,6333.515098260219,0.4338255751180941,0.0,0.0,0.0,0.0,0.0,0.0,0.0,False,False,0.0,False,False,False,-0.018134609715824722,0.06716435841534947,8.138570353334671e-05,-7.4999433747890976e-06
5.466666666666667,29.01002817509824,53.98645311485124,220.4582430692137,227.23354982090083,9.955887796997093,5.050320846821551,39.979565274086085,24.75186874502541,0.0,0.0,0.0,0.0,0.0,0.0,1.0,8.139797541236891e-05,-7.501376827725309e-06,8.130052697588334e-05,-7.4632690837181534e-06,1.0,0.0,0.0,0.0,1.0,0.0,-0.05430370761163447,-0.002418527309442779,-0.05430370761163447,-0.002418527309442779,-0.05430370761163447,-0.002418527309442779,0.03265955040377125,0.12325257611845128,0.4266538731943365,6334.9494386449705,0.4266538731943365,0.0,0.0,0.0,0.0,0.0,0.0,0.0,False,False,0.0,False,False,False,-0.01811364847544667,0.06710685365273664,8.139797541236891e-05,-7.501376827725309e-06
5.483333333333333,29.00770449999699,53.98520838411238,220.50831766096576,227.2228602957292,9.955887796997093,5.050320846821551,39.979565274086085,24.75186874502541,0.0,0.0,0.0,0.0,0.0,0.0,1.0,8.140933891992723e-05,-7.502801442675622e-06,8.132228936469212e-05,-7.471175555509647e-06,1.0,0.0,0.0,0.0,1.0,0.0,-0.053731404122119575,-0.0024182615331368555,-0.053731404122119575,-0.0024182615331368555,-0.053731404122119575,-0.0024182615331368555,0.03258799283177713,0.12314541509042894,0.419644138129438,6336.35138565795,0.419644138129438,0.0,0.0,0.0,0.0,0.0,0.0,0.0,False,False,0.0,False,False,False,-0.018092911693103907,0.06704935432302238,8.140933891992723e-05,-7.502801442675622e-06
5.5,29.005439838244392,53.98397389806795,220.55721232218596,227.2121798610453,9.955887796997093,5.050320846821551,39.979565274086085,24.75186874502541,0.0,0.0,0.0,0.0,0.0,0.0,1.0,8.141984350075598e-05,-7.5042173755535124e-06,8.134180019190489e-05,-7.47778391951842e-06,1.0,0.0,0.0,0.0,1.0,0.0,-0.05317269131293996,-0.0024179818932596174,-0.05317269131293996,-0.0024179818932596174,-0.05317269131293996,-0.0024179818932596174,0.03251822663479954,0.12303833110371293,0.41279307163133583,6337.721598957571,0.41279307163133583,0.0,0.0,0.0,0.0,0.0,0.0,0.0,False,False,0.0,False,False,False,-0.018072388433602732,0.06699186190607267,8.141984350075598e-05,-7.5042173755535124e-06
5.516666666666667,29.00323284484716,53.9827494383017,220.604950911481,227.20150841323465,9.955887796997093,5.050320846821551,39.979565274086085,24.75186874502541,0.0,0.0,0.0,0.0,0.0,0.0,1.0,8.142953623568315e-05,-7.505624779507308e-06,8.135934740066054e-05,-7.483352091516198e-06,1.0,0.0,0.0,0.0,1.0,0.0,-0.052627240395335055,-0.002417688732363356,-0.052627240395335055,-0.002417688732363356,-0.052627240395335055,-0.002417688732363356,0.032450161610145065,0.12293132346470997,0.4060974238532617,6339.0607285131855,0.4060974238532617,0.0,0.0,0.0,0.0,0.0,0.0,0.0,False,False,0.0,False,False,False,-0.018052068315750396,0.06693437780551184,8.142953623568315e-05,-7.505624779507308e-06
5.533333333333333,29.001082203018395,53.98153479087516,220.6515569490296,227.19084585280325,9.955887796997093,5.050320846821551,39.979565274086085,24.75186874502541,0.0,0.0,0.0,0.0,0.0,0.0,1.0,8.143846194379442e-05,-7.5070238060442884e-06,8.137517030928732e-05,-7.4880864344218165e-06,1.0,0.0,0.0,0.0,1.0,0.0,-0.05209473053682143,-0.0024173823847085307,-0.05209473053682143,-0.0024173823847085307,-0.05209473053682143,-0.0024173823847085307,0.032383712127117444,0.12282439151274112,0.3995539938261436,6340.369414518609,0.3995539938261436,0.0,0.0,0.0,0.0,0.0,0.0,0.0,False,False,0.0,False,False,False,-0.01803194148414548,0.06687690335258233,8.143846194379442e-05,-7.5070238060442884e-06
5.55,28.99898662371706,53.98032974625954,220.697053612559,227.1801920841862,9.955887796997093,5.050320846821551,39.979565274086085,24.75186874502541,0.0,0.0,0.0,0.0,0.0,0.0,1.0,8.144666327994309e-05,-7.508414602504926e-06,8.138946890341847e-05,-7.4921520680384386e-06,1.0,0.0,0.0,0.0,1.0,0.0,-0.051574848668660064,-0.0024170631764644213,-0.051574848668660064,-0.0024170631764644213,-0.051574848668660064,-0.0024170631764644213,0.032318796894249956,0.12271753461832642,0.39315962979682806,6341.648287324472,0.39315962979682806,0.0,0.0,0.0,0.0,0.0,0.0,0.0,False,False,0.0,False,False,False,-0.018011998582421983,0.06681943980981042,8.144666327994309e-05,-7.508414602504926e-06
5.566666666666666,28.996944845187056,53.97913409926735,220.7414637340542,227.16954701556617,9.955887796997093,5.050320846821551,39.979565274086085,24.75186874502541,0.0,0.0,0.0,0.0,0.0,0.0,1.0,8.14541808288133e-05,-7.509797315379679e-06,8.140241128849743e-05,-7.495681117506687e-06,1.0,0.0,0.0,0.0,1.0,0.0,-0.05106728929798273,-0.002416731425904926,-0.05106728929798273,-0.002416731425904926,-0.05106728929798273,-0.002416731425904926,0.032255338738524826,0.12261075218156658,0.3869112294791284,6342.897967388012,0.3869112294791284,0.0,0.0,0.0,0.0,0.0,0.0,0.0,False,False,0.0,False,False,False,-0.01799223072787075,0.0667619883744825,8.14541808288133e-05,-7.509797315379679e-06
5.583333333333333,28.9949556324965,53.97794764898356,220.78480979714948,227.15891055870065,9.955887796997093,5.050320846821551,39.979565274086085,24.75186874502541,0.0,0.0,0.0,0.0,0.0,0.0,1.0,8.146105319620478e-05,-7.511172087047713e-06,8.14141396700389e-05,-7.498779311414891e-06,1.0,0.0,0.0,0.0,1.0,0.0,-0.05057175432446464,-0.0024163874435996235,-0.05057175432446464,-0.0024163874435996235,-0.05057175432446464,-0.0024163874435996235,0.03219326439595935,0.12250404363060635,0.38080574022371366,6344.119065239095,0.38080574022371366,0.0,0.0,0.0,0.0,0.0,0.0,0.0,False,False,0.0,False,False,False,-0.017972629487365256,0.06670455018194771,8.146105319620478e-05,-7.511172087047713e-06
5.6,28.99301777707778,53.976770198696734,220.8271139351513,227.14828262875858,9.955887796997093,5.050320846821551,39.979565274086085,24.75186874502541,0.0,0.0,0.0,0.0,0.0,0.0,1.0,8.146731709609558e-05,-7.512539058490003e-06,8.142477515525023e-05,-7.501531260829913e-06,1.0,0.0,0.0,0.0,1.0,0.0,-0.05008795286143346,-0.002416031532600206,-0.05008795286143346,-0.002416031532600206,-0.05008795286143346,-0.002416031532600206,0.0321325043129462,0.12239740842018604,0.3748401591131051,6345.312181461217,0.3748401591131051,0.0,0.0,0.0,0.0,0.0,0.0,0.0,False,False,0.0,False,False,False,-0.017953186854524298,0.06664712630875047,8.146731709609558e-05,-7.512539058490003e-06
5.616666666666666,28.99113009626896,53.97560155582996,220.86839792964946,227.1376631441644,9.955887796997093,5.050320846821551,39.979565274086085,24.75186874502541,0.0,0.0,0.0,0.0,0.0,0.0,1.0,8.147300743464295e-05,-7.513898367197264e-06,8.143442161112877e-05,-7.504004682103383e-06,1.0,0.0,0.0,0.0,1.0,0.0,-0.04961560106130725,-0.002415663988622407,-0.04961560106130725,-0.002415663988622407,-0.04961560106130725,-0.002415663988622407,0.0320729924578019,0.12229084603026648,0.3690115329871287,6346.477906686412,0.3690115329871287,0.0,0.0,0.0,0.0,0.0,0.0,0.0,False,False,0.0,False,False,False,-0.017933895228046653,0.0665897177756059,8.147300743464295e-05,-7.513898367197264e-06
5.633333333333333,28.989291432856948,53.974441531871854,220.9086832096723,227.12705202645074,9.955887796997093,5.050320846821551,39.979565274086085,24.75186874502541,0.0,0.0,0.0,0.0,0.0,0.0,1.0,8.147815738996321e-05,-7.515250148939362e-06,8.144316876689565e-05,-7.506253775470579e-06,1.0,0.0,0.0,0.0,1.0,0.0,-0.04915442194525666,-0.0024152851002235223,-0.04915442194525666,-0.0024152851002235223,-0.04915442194525666,-0.0024152851002235223,0.03201466614197967,0.12218435596473104,0.3633169584041525,6347.616821603007,0.3633169584041525,0.0,0.0,0.0,0.0,0.0,0.0,0.0,False,False,0.0,False,False,False,-0.017914747391157476,0.06653232555022279,8.147815738996321e-05,-7.515250148939362e-06
5.65,28.987500654622945,53.97328994230761,220.94799085134676,227.1164492001179,9.955887796997093,5.050320846821551,39.979565274086085,24.75186874502541,0.0,0.0,0.0,0.0,0.0,0.0,1.0,8.148279849065773e-05,-7.516594536415705e-06,8.145109471164807e-05,-7.508321927659604e-06,1.0,0.0,0.0,0.0,1.0,0.0,-0.04870414523698898,-0.002414895148975638,-0.04870414523698898,-0.002414895148975638,-0.04870414523698898,-0.002414895148975638,0.03195746585045651,0.12207793775015466,0.3577535815428973,6348.729496975258,0.3577535815428973,0.0,0.0,0.0,0.0,0.0,0.0,0.0,False,False,0.0,False,False,False,-0.017895736492106618,0.06647495054998456,8.148279849065773e-05,-7.516594536415705e-06
5.666666666666667,28.985756653890558,53.97214660655026,220.9863415780242,227.10585459250055,9.955887796997093,5.050320846821551,39.979565274086085,24.75186874502541,0.0,0.0,0.0,0.0,0.0,0.0,1.0,8.148696068999389e-05,-7.517931659796473e-06,8.145826790731724e-05,-7.510243874086978e-06,1.0,0.0,0.0,0.0,1.0,0.0,-0.04826450720055453,-0.0024144944096346644,-0.04826450720055453,-0.0024144944096346644,-0.04826450720055453,-0.0024144944096346644,0.03190133508079653,0.12197159093464026,0.35231859804981924,6349.816493673874,0.35231859804981924,0.0,0.0,0.0,0.0,0.0,0.0,0.0,False,False,0.0,False,False,False,-0.01787685602566534,0.06641759364449416,8.148696068999389e-05,-7.517931659796473e-06
5.683333333333334,28.984058347076953,53.97101134787217,221.0237557608374,227.09526813364113,9.955887796997093,5.050320846821551,39.979565274086085,24.75186874502541,0.0,0.0,0.0,0.0,0.0,0.0,1.0,8.14906724365082e-05,-7.519261647076503e-06,8.146474881315544e-05,-7.512047428684883e-06,1.0,0.0,0.0,0.0,1.0,0.0,-0.04783525048207795,-0.002414083150305281,-0.04783525048207795,-0.002414083150305281,-0.04783525048207795,-0.002414083150305281,0.03184622019045193,0.12186531508671654,0.34700925283584183,6350.8783627166695,0.34700925283584183,0.0,0.0,0.0,0.0,0.0,0.0,0.0,False,False,0.0,False,False,False,-0.01785809981557015,0.06636025565798956,8.14906724365082e-05,-7.519261647076503e-06
5.7,28.98240467424738,53.96988399333682,221.06025341965588,227.0846897561692,9.955887796997093,5.050320846821551,39.979565274086085,24.75186874502541,0.0,0.0,0.0,0.0,0.0,0.0,1.0,8.149396074292529e-05,-7.520584623946919e-06,8.14705911991094e-05,-7.51375486773729e-06,1.0,0.0,0.0,0.0,1.0,0.0,-0.04741612395531934,-0.0024136616326018876,-0.04741612395531934,-0.0024136616326018876,-0.04741612395531934,-0.0024136616326018876,0.031792070251878225,0.12175910979429415,0.3418228398269594,6351.915645318446,0.3418228398269594,0.0,0.0,0.0,0.0,0.0,0.0,0.0,False,False,0.0,False,False,False,-0.017839461997863282,0.06630293737163717,8.149396074292529e-05,-7.520584623946919e-06
5.716666666666667,28.980794598673402,53.96876437373099,221.09585422440747,227.07411939518713,9.955887796997093,5.050320846821551,39.979565274086085,24.75186874502541,0.0,0.0,0.0,0.0,0.0,0.0,1.0,8.149685125238707e-05,-7.5219007129902205e-06,8.147584320976494e-05,-7.515384036787876e-06,1.0,0.0,0.0,0.0,1.0,0.0,-0.047006882570972706,-0.002413230111805668,-0.047006882570972706,-0.002413230111805668,-0.047006882570972706,-0.002413230111805668,0.0317388369150473,0.12165297466367704,0.3367567016722978,6352.928872949378,0.3367567016722978,0.0,0.0,0.0,0.0,0.0,0.0,0.0,False,False,0.0,False,False,False,-0.01782093700508337,0.06624563952571008,8.149685125238707e-05,-7.5219007129902205e-06
5.733333333333333,28.979227106395104,53.96765232349737,221.13057749673624,227.06355698816097,9.955887796997093,5.050320846821551,39.979565274086085,24.75186874502541,0.0,0.0,0.0,0.0,0.0,0.0,1.0,8.149936830035578e-05,-7.523210035758482e-06,8.14805482278831e-05,-7.5169492365819975e-06,1.0,0.0,0.0,0.0,1.0,0.0,-0.046607287209611166,-0.0024127888370178395,-0.046607287209611166,-0.0024127888370178395,-0.046607287209611166,-0.0024127888370178395,0.03168647427697359,0.12154690931862772,0.3318082294133273,6353.918567401172,0.3318082294133273,0.0,0.0,0.0,0.0,0.0,0.0,0.0,False,False,0.0,False,False,False,-0.0178025195512637,0.06618836282165408,8.149936830035578e-05,-7.523210035758482e-06
5.75,28.97770120578753,53.96654768066762,221.16444221197162,227.05300247481694,9.955887796997093,5.050320846821551,39.979565274086085,24.75186874502541,0.0,0.0,0.0,0.0,0.0,0.0,1.0,8.150153497594472e-05,-7.524512709806974e-06,8.148474557749543e-05,-7.518461931226993e-06,1.0,0.0,0.0,0.0,1.0,0.0,-0.04621710453819073,-0.002412338051309208,-0.04621710453819073,-0.002412338051309208,-0.04621710453819073,-0.002412338051309208,0.03163493875790697,0.12144091339947855,0.32697486211734483,6354.885240860369,0.32697486211734483,0.0,0.0,0.0,0.0,0.0,0.0,0.0,False,False,0.0,False,False,False,-0.017784204617694376,0.0661311079240522,8.150153497594472e-05,-7.524512709806974e-06
5.766666666666667,28.976215927131584,53.96545028679602,221.1974670013797,227.04245579704286,9.955887796997093,5.050320846821551,39.979565274086085,24.75186874502541,0.0,0.0,0.0,0.0,0.0,0.0,1.0,8.150337317837765e-05,-7.5258088514350285e-06,8.148847109767189e-05,-7.519931315268601e-06,1.0,0.0,0.0,0.0,1.0,0.0,-0.04583610687002655,-0.002411877991866095,-0.04583610687002655,-0.002411877991866095,-0.04583610687002655,-0.002411877991866095,0.03158418898382355,0.12133498656229497,0.32225408647889253,6355.829395988059,0.32225408647889253,0.0,0.0,0.0,0.0,0.0,0.0,0.0,False,False,0.0,False,False,False,-0.017765987439411168,0.06607387546248729,8.150337317837765e-05,-7.5258088514350285e-06
5.783333333333333,28.974770322189602,53.964359986893655,221.22967015467597,227.03191689879452,9.955887796997093,5.050320846821551,39.979565274086085,24.75186874502541,0.0,0.0,0.0,0.0,0.0,0.0,1.0,8.150490367463733e-05,-7.527098574336422e-06,8.149175761306497e-05,-7.521364767082165e-06,1.0,0.0,0.0,0.0,1.0,0.0,-0.045464072028157554,-0.0024114088901327365,-0.045464072028157554,-0.0024114088901327365,-0.045464072028157554,-0.0024114088901327365,0.03153418567491724,0.12122912847807805,0.31764343639122217,6356.751526005593,0.31764343639122217,0.0,0.0,0.0,0.0,0.0,0.0,0.0,False,False,0.0,False,False,False,-0.01774786349236992,0.06601666603331194,8.150490367463733e-05,-7.527098574336422e-06
5.8,28.973363463785798,53.96327662936319,221.26106962277282,227.02138572600612,9.955887796997093,5.050320846821551,39.979565274086085,24.75186874502541,0.0,0.0,0.0,0.0,0.0,0.0,1.0,8.150614615031024e-05,-7.528381989967137e-06,8.149463532051403e-05,-7.5227682116591595e-06,1.0,0.0,0.0,0.0,1.0,0.0,-0.045100783212017465,-0.002410930971950237,-0.045100783212017465,-0.002410930971950237,-0.045100783212017465,-0.002410930971950237,0.0314848915397458,0.1211233388320114,0.31314049249151593,6357.652114785535,0.31314049249151593,0.0,0.0,0.0,0.0,0.0,0.0,0.0,False,False,0.0,False,False,False,-0.01772982848127562,0.06595948020132864,8.150614615031024e-05,-7.528381989967137e-06
5.816666666666666,28.971994445391704,53.962200065934354,221.2916830207447,227.01086222650545,9.955887796997093,5.050320846821551,39.979565274086085,24.75186874502541,0.0,0.0,0.0,0.0,0.0,0.0,1.0,8.150711926134275e-05,-7.529659207826389e-06,8.149713210867977e-05,-7.524146410892606e-06,1.0,0.0,0.0,0.0,1.0,0.0,-0.044746028867332296,-0.002410444457692158,-0.044746028867332296,-0.002410444457692158,-0.044746028867332296,-0.002410444457692158,0.03143627117477934,0.12101761732274685,0.3087428816816328,6358.531636947511,0.3087428816816328,0.0,0.0,0.0,0.0,0.0,0.0,0.0,False,False,0.0,False,False,False,-0.017711878328029243,0.06590231850138485,8.150711926134275e-05,-7.529659207826389e-06
5.833333333333333,28.9706623807168,53.961130151600024,221.32152763098807,227.00034634993304,9.968623871283322,5.006270009504702,40.42584768898069,24.94862727658708,0.0,0.0,0.0,0.0,0.0,0.0,1.0,5.45402221001582e-05,3.159430422249032e-07,7.610575010697547e-05,-5.956128520269104e-06,1.0,0.0,0.0,0.0,1.0,0.0,-0.04439960255916612,-0.0024099495623968277,-0.04439960255916612,-0.0024099495623968277,-0.04439960255916612,-0.0024099495623968277,0.03138829096904695,0.12091196366172723,0.2981703811368379,6360.64613705647,0.2981703811368379,0.0,0.0,0.0,0.0,0.0,0.0,0.0,False,False,0.0,False,False,False,-0.01772097677934398,0.06585302831326544,5.45402221001582e-05,3.159430422249032e-07
5.85,28.96896188902569,53.96022368202064,221.3709346541367,226.9920254270725,9.968623871283322,5.006270009504702,40.42584768898069,24.94862727658708,0.0,0.0,0.0,0.0,0.0,0.0,1.0,5.454088833411683e-05,3.148435068212052e-07,7.179277775240373e-05,-4.7019341148510425e-06,1.0,0.0,0.0,0.0,1.0,0.0,-0.044061302848039045,-0.002409446495896448,-0.044061302848039045,-0.002409446495896448,-0.044061302848039045,-0.002409446495896448,0.03154406148940596,0.12082825136662158,0.2915276207878651,6361.974689126265,0.2915276207878651,0.0,0.0,0.0,0.0,0.0,0.0,0.0,False,False,0.0,False,False,False,-0.017728844603431063,0.06580392195822724,5.454088833411683e-05,3.148435068212052e-07
5.866666666666666,28.967316256633005,53.95932675536368,221.4185306447572,226.9837005280159,9.968623871283322,5.006270009504702,40.42584768898069,24.94862727658708,0.0,0.0,0.0,0.0,0.0,0.0,1.0,5.454116376200826e-05,3.137510844117286e-07,6.834245495432464e-05,-3.6987970749984886e-06,1.0,0.0,0.0,0.0,1.0,0.0,-0.043730933169042925,-0.0024089354629430798,-0.043730933169042925,-0.0024089354629430798,-0.043730933169042925,-0.0024089354629430798,0.03168965171661494,0.12074449134310214,0.2851172330543704,6363.256766672964,0.2851172330543704,0.0,0.0,0.0,0.0,0.0,0.0,0.0,False,False,0.0,False,False,False,-0.017735550098367973,0.06575499083676557,5.454116376200826e-05,3.137510844117286e-07
5.883333333333333,28.965723578736494,53.958439054970015,221.4643910136397,226.97537217881137,9.968623871283322,5.006270009504702,40.42584768898069,24.94862727658708,0.0,0.0,0.0,0.0,0.0,0.0,1.0,5.454108527049636e-05,3.1266553831080235e-07,6.558218101755898e-05,-2.8965045523366305e-06,1.0,0.0,0.0,0.0,1.0,0.0,-0.04340830171388237,-0.0024084166633315733,-0.04340830171388237,-0.0024084166633315733,-0.04340830171388237,-0.0024084166633315733,0.03182562395027936,0.12066068905144522,0.2789296672707178,6364.494279829694,0.2789296672707178,0.0,0.0,0.0,0.0,0.0,0.0,0.0,False,False,0.0,False,False,False,-0.017741157780930994,0.06570622682273752,5.454108527049636e-05,3.1266553831080235e-07
5.9,28.96418202855624,53.9575602771495,221.50858759473107,226.96704087527831,9.968623871283322,5.006270009504702,40.42584768898069,24.94862727658708,0.0,0.0,0.0,0.0,0.0,0.0,1.0,5.4540686711934336e-05,3.115866416998625e-07,6.337388215643406e-05,-2.254886313529332e-06,1.0,0.0,0.0,0.0,1.0,0.0,-0.04309322131577022,-0.0024078902920195303,-0.04309322131577022,-0.0024078902920195303,-0.04309322131577022,-0.0024078902920195303,0.03195250936308091,0.12057684964480267,0.27295582193079554,6365.689048897679,0.27295582193079554,0.0,0.0,0.0,0.0,0.0,0.0,0.0,False,False,0.0,False,False,False,-0.017745728596896094,0.06565762223715817,5.4540686711934336e-05,3.115866416998625e-07
5.916666666666667,28.962689853664653,53.956690130572184,221.55118882946184,226.95870708472538,9.968623871283322,5.006270009504702,40.42584768898069,24.94862727658708,0.0,0.0,0.0,0.0,0.0,0.0,1.0,5.4539999155592614e-05,3.1051417900829215e-07,6.160710555626576e-05,-1.7418062150218073e-06,1.0,0.0,0.0,0.0,1.0,0.0,-0.04278550933710841,-0.002407356539244363,-0.04278550933710841,-0.002407356539244363,-0.04278550933710841,-0.002407356539244363,0.03207080973172666,0.12049297798649816,0.26718702165137986,6366.842808953562,0.26718702165137986,0.0,0.0,0.0,0.0,0.0,0.0,0.0,False,False,0.0,False,False,False,-0.017749320119563126,0.06560916982345563,5.4539999155592614e-05,3.1051417900829215e-07
5.933333333333334,28.961245372505566,53.95582833569073,221.5922599411094,226.95037124757022,9.968623871283322,5.006270009504702,40.42584768898069,24.94862727658708,0.0,0.0,0.0,0.0,0.0,0.0,1.0,5.4539051114127404e-05,3.0944794347786964e-07,6.0193494667838095e-05,-1.331555383321872e-06,1.0,0.0,0.0,0.0,1.0,0.0,-0.042484987559886826,-0.002406815590637511,-0.042484987559886826,-0.002406815590637511,-0.042484987559886826,-0.002406815590637511,0.032180999070980834,0.12040907866633986,0.2616149953776448,6367.957214208309,0.2616149953776448,0.0,0.0,0.0,0.0,0.0,0.0,0.0,False,False,0.0,False,False,False,-0.017751986737173386,0.0655608627241,5.4539051114127404e-05,3.0944794347786964e-07
5.95,28.959846971092126,53.95497462419229,221.63186309975623,226.9420337788666,9.968623871283322,5.006270009504702,40.42584768898069,24.94862727658708,0.0,0.0,0.0,0.0,0.0,0.0,1.0,5.453786875423382e-05,3.083877381931943e-07,5.9062369485117244e-05,-1.0035667590188588e-06,1.0,0.0,0.0,0.0,1.0,0.0,-0.04219148207873442,-0.0024062676273359116,-0.04219148207873442,-0.0024062676273359116,-0.04219148207873442,-0.0024062676273359116,0.032283525176296735,0.12032515601600201,0.2562318557614253,6369.033842131553,0.2562318557614253,0.0,0.0,0.0,0.0,0.0,0.0,0.0,False,False,0.0,False,False,False,-0.01775377982984485,0.06551269445853183,5.453786875423382e-05,3.083877381931943e-07
5.966666666666667,28.958493099873785,53.95412873847833,221.6700575783623,226.9336950697442,9.968623871283322,5.006270009504702,40.42584768898069,24.94862727658708,0.0,0.0,0.0,0.0,0.0,0.0,1.0,5.453647608670911e-05,3.07333374579416e-07,5.815719080543562e-05,-7.41386732299204e-07,1.0,0.0,0.0,0.0,1.0,0.0,-0.04190482319655829,-0.002405712826090752,-0.04190482319655829,-0.002405712826090752,-0.04190482319655829,-0.002405712826090752,0.03237881108018127,0.120241214123533,0.2510300796475758,6370.074197354323,0.2510300796475758,0.0,0.0,0.0,0.0,0.0,0.0,0.0,False,False,0.0,False,False,False,-0.017754747936620074,0.06546465890231609,5.453647608670911e-05,3.07333374579416e-07
5.983333333333333,28.957182270763187,53.95329043117091,221.70689990044815,226.9253554887665,9.968623871283322,5.006270009504702,40.42584768898069,24.94862727658708,0.0,0.0,0.0,0.0,0.0,0.0,1.0,5.453489514285585e-05,3.0628467316551333e-07,5.743273167291967e-05,-5.318524512062605e-07,1.0,0.0,0.0,0.0,1.0,0.0,-0.04162484532270824,-0.0024051513593736067,-0.04162484532270824,-0.0024051513593736067,-0.04162484532270824,-0.0024051513593736067,0.03246725642718985,0.12015725684703871,0.24600248960633508,6371.079715362571,0.24600248960633508,0.0,0.0,0.0,0.0,0.0,0.0,0.0,False,False,0.0,False,False,False,-0.01775493691318224,0.06541675026745426,5.453489514285585e-05,3.0628467316551333e-07
6.0,28.95591305431436,53.95245946464394,221.74244397985143,226.917015383211,9.968623871283322,5.006270009504702,40.42584768898069,24.94862727658708,0.0,0.0,0.0,0.0,0.0,0.0,1.0,5.453314613480722e-05,3.0524146134650043e-07,5.685281456529718e-05,-3.6443366869570835e-07,1.0,0.0,0.0,0.0,1.0,0.0,-0.04135138687360565,-0.002404583395479999,-0.04135138687360565,-0.002404583395479999,-0.04135138687360565,-0.002404583395479999,0.03254923877211987,0.12007328782759029,0.24114223645442054,6372.051765992954,0.24114223645442054,0.0,0.0,0.0,0.0,0.0,0.0,0.0,False,False,0.0,False,False,False,-0.01775439008076671,0.06536896308378778,5.453314613480722e-05,3.0524146134650043e-07
6.016666666666667,28.954684077044,53.951635610578066,221.77674125299689,226.90867508027674,9.968623871283322,5.006270009504702,40.42584768898069,24.94862727658708,0.0,0.0,0.0,0.0,0.0,0.0,1.0,5.45312476028419e-05,3.042035748787586e-07,5.6388501172806126e-05,-2.3070621998081497e-07,1.0,0.0,0.0,0.0,1.0,0.0,-0.0410842901757769,-0.002404009098630455,-0.0410842901757769,-0.002404009098630455,-0.0410842901757769,-0.002404009098630455,0.03262511480574583,0.11998931050139791,0.23644278270978702,6372.99165674188,0.23644278270978702,0.0,0.0,0.0,0.0,0.0,0.0,0.0,False,False,0.0,False,False,False,-0.017753148366763578,0.06532129218143498,5.45312476028419e-05,3.042035748787586e-07
6.033333333333333,28.95349401888815,53.95081864953808,221.8098408040934,226.90033488822286,9.968623871283322,5.006270009504702,40.42584768898069,24.94862727658708,0.0,0.0,0.0,0.0,0.0,0.0,1.0,5.4529216550588434e-05,3.03170856395113e-07,5.601664424836259e-05,-1.239308047056294e-07,1.0,0.0,0.0,0.0,1.0,0.0,-0.04082340137123343,-0.002403428629069117,-0.04082340137123343,-0.002403428629069117,-0.04082340137123343,-0.002403428629069117,0.032695221512167486,0.11990532811129781,0.23189788692864569,6373.900635898109,0.23189788692864569,0.0,0.0,0.0,0.0,0.0,0.0,0.0,False,False,0.0,False,False,False,-0.017751250437478685,0.06527373267420122,5.4529216550588434e-05,3.03170856395113e-07
6.05,28.95234161078704,53.95000837057141,221.84178948364809,226.89199509744276,9.968623871283322,5.006270009504702,40.42584768898069,24.94862727658708,0.0,0.0,0.0,0.0,0.0,0.0,1.0,5.452706856905968e-05,3.021431551168685e-07,5.5718729112502006e-05,-3.871601274112984e-08,1.0,0.0,0.0,0.0,1.0,0.0,-0.04056857032514137,-0.0024028421431599688,-0.04056857032514137,-0.0024028421431599688,-0.04056857032514137,-0.0024028421431599688,0.032759877261622175,0.11982134371758763,0.22750158887624822,6374.779895508588,0.22750158887624822,0.0,0.0,0.0,0.0,0.0,0.0,0.0,False,False,0.0,False,False,False,-0.017748732823493932,0.06522627994390907,5.452706856905968e-05,3.021431551168685e-07
6.066666666666666,28.951225632391164,53.94920457082679,221.87263202066615,226.88365598147686,9.968623871283322,5.006270009504702,40.42584768898069,24.94862727658708,0.0,0.0,0.0,0.0,0.0,0.0,1.0,5.4524817949352586e-05,3.0112032706197667e-07,5.5479946879872126e-05,2.925125521949145e-08,1.0,0.0,0.0,0.0,1.0,0.0,-0.04031965053572553,-0.002402249793480729,-0.04031965053572553,-0.002402249793480729,-0.04031965053572553,-0.002402249793480729,0.03281938284238688,0.1197373602082495,0.22324819548513006,6375.630574186812,0.22324819548513006,0.0,0.0,0.0,0.0,0.0,0.0,0.0,False,False,0.0,False,False,False,-0.017745630038043837,0.06517892962559763,5.4524817949352586e-05,3.0112032706197667e-07
6.083333333333333,28.95014490988213,53.94840705519188,221.90241112888464,226.87531779796822,9.968623871283322,5.006270009504702,40.42584768898069,24.94862727658708,0.0,0.0,0.0,0.0,0.0,0.0,1.0,5.452247778897591e-05,3.0010223412216264e-07,5.528845306169288e-05,8.342145100002567e-08,1.0,0.0,0.0,0.0,1.0,0.0,-0.040076499046353575,-0.002401651728914479,-0.040076499046353575,-0.002401651728914479,-0.040076499046353575,-0.002401651728914479,0.03287402243519985,0.11965338030859689,0.2191322675579977,6376.453759772238,0.2191322675579977,0.0,0.0,0.0,0.0,0.0,0.0,0.0,False,False,0.0,False,False,False,-0.01774197468879734,0.06513167759354149,5.452247778897591e-05,3.0010223412216264e-07
6.1,28.9490983139022,53.947615635948964,221.9311676073658,226.86698078956363,9.968623871283322,5.006270009504702,40.42584768898069,24.94862727658708,0.0,0.0,0.0,0.0,0.0,0.0,1.0,5.4520060085471497e-05,2.9908874452436174e-07,5.5134774466448604e-05,1.2655490970489288e-07,1.0,0.0,0.0,0.0,1.0,0.0,-0.039838976359747674,-0.002401048094739066,-0.039838976359747674,-0.002401048094739066,-0.039838976359747674,-0.002401048094739066,0.0329240645334056,0.11956940659037538,0.21514860717435114,6377.250491848968,0.21514860717435114,0.0,0.0,0.0,0.0,0.0,0.0,0.0,False,False,0.0,False,False,False,-0.017737797583419073,0.06508451994804518,5.4520060085471497e-05,2.9908874452436174e-07
6.116666666666666,28.948084757586663,53.94683013244765,221.9589404357627,226.85864518476382,9.968623871283322,5.006270009504702,40.42584768898069,24.94862727658708,0.0,0.0,0.0,0.0,0.0,0.0,1.0,5.451757582536484e-05,2.9807973116885433e-07,5.5011334738231856e-05,1.6085987399768516e-07,1.0,0.0,0.0,0.0,1.0,0.0,-0.0396069463542721,-0.0024004390327143476,-0.0396069463542721,-0.0024004390327143476,-0.0396069463542721,-0.0024004390327143476,0.03296976281189925,0.11948544148035246,0.2112922457616787,6378.021764131502,0.2112922457616787,0.0,0.0,0.0,0.0,0.0,0.0,0.0,False,False,0.0,False,False,False,-0.017733127829255613,0.06503745300296755,5.451757582536484e-05,2.9807973116885433e-07
6.133333333333333,28.94710319469362,53.94605037079375,221.98576686454712,226.85031119872534,9.968623871283322,5.006270009504702,40.42584768898069,24.94862727658708,0.0,0.0,0.0,0.0,0.0,0.0,1.0,5.451503506474949e-05,2.9707507333623373e-07,5.491207480353538e-05,1.8810291386539488e-07,1.0,0.0,0.0,0.0,1.0,0.0,-0.039380276202246656,-0.002399824681167326,-0.039380276202246656,-0.002399824681167326,-0.039380276202246656,-0.002399824681167326,0.033011356947717695,0.11940148726842073,0.20755843279580405,6378.768526724677,0.20755843279580405,0.0,0.0,0.0,0.0,0.0,0.0,0.0,False,False,0.0,False,False,False,-0.017727992927477013,0.0649904732739391,5.451503506474949e-05,2.9707507333623373e-07
6.15,28.946152617826037,53.94527618355347,222.01168250047536,226.8419790340173,9.968623871283322,5.006270009504702,40.42584768898069,24.94862727658708,0.0,0.0,0.0,0.0,0.0,0.0,1.0,5.4512447003921775e-05,2.960746543177739e-07,5.483214924361266e-05,2.096972619558707e-07,1.0,0.0,0.0,0.0,1.0,0.0,-0.0391588362902367,-0.002399205175075218,-0.0391588362902367,-0.002399205175075218,-0.0391588362902367,-0.002399205175075218,0.03304907339499031,0.1193175461152483,0.2039426250951692,6379.491688264804,0.2039426250951692,0.0,0.0,0.0,0.0,0.0,0.0,0.0,False,False,0.0,False,False,False,-0.01772241886198356,0.06494357746722941,5.4512447003921775e-05,2.960746543177739e-07
6.166666666666667,28.94523205674114,53.94450740947209,222.03672138755343,226.83364888133485,9.968623871283322,5.006270009504702,40.42584768898069,24.94862727658708,0.0,0.0,0.0,0.0,0.0,0.0,1.0,5.450982005479046e-05,2.950783632438281e-07,5.476768340584822e-05,2.2677348221346217e-07,1.0,0.0,0.0,0.0,1.0,0.0,-0.038942500141272166,-0.002398580646146516,-0.038942500141272166,-0.002398580646146516,-0.038942500141272166,-0.002398580646146516,0.03308312611680628,0.11923362005949524,0.2004404766771677,6380.192117948404,0.2004404766771677,0.0,0.0,0.0,0.0,0.0,0.0,0.0,False,False,0.0,False,False,False,-0.01771643018337173,0.06489676246923283,5.450982005479046e-05,2.950783632438281e-07
6.183333333333334,28.944340576742594,53.94374389320642,222.0609160837462,226.82532092017277,9.968623871283322,5.006270009504702,40.42584768898069,24.94862727658708,0.0,0.0,0.0,0.0,0.0,0.0,1.0,5.450716190313204e-05,2.940860924852129e-07,5.471557910530499e-05,2.402360042678123e-07,1.0,0.0,0.0,0.0,1.0,0.0,-0.03873114433894872,-0.00239795122290009,-0.03873114433894872,-0.00239795122290009,-0.03873114433894872,-0.00239795122290009,0.03311371727641088,0.11914971102462804,0.19704782914562657,6380.8706474547125,0.19704782914562657,0.0,0.0,0.0,0.0,0.0,0.0,0.0,False,False,0.0,False,False,False,-0.017710050088235403,0.06485002533653368,5.450716190313204e-05,2.940860924852129e-07
6.2,28.943477277151054,53.94298548507021,222.08429773366444,226.8169953194605,9.968623871283322,5.006270009504702,40.42584768898069,24.94862727658708,0.0,0.0,0.0,0.0,0.0,0.0,1.0,5.450447956817286e-05,2.930977405363189e-07,5.4673359197878564e-05,2.508083515215136e-07,1.0,0.0,0.0,0.0,1.0,0.0,-0.03852464845336566,-0.002397317030742374,-0.03852464845336566,-0.002397317030742374,-0.03852464845336566,-0.002397317030742374,0.03314103789001014,0.1190658208253475,0.19376070258055733,6381.528072767726,0.19376070258055733,0.0,0.0,0.0,0.0,0.0,0.0,0.0,False,False,0.0,False,False,False,-0.017703300494060593,0.06480336328652406,5.450447956817286e-05,2.930977405363189e-07
6.216666666666667,28.94264128984906,53.94223204079201,222.1068961374444,226.80867223816176,9.968623871283322,5.006270009504702,40.42584768898069,24.94862727658708,0.0,0.0,0.0,0.0,0.0,0.0,1.0,5.450177945314199e-05,2.9211320806341035e-07,5.463904324893125e-05,2.590693228298929e-07,1.0,0.0,0.0,0.0,1.0,0.0,-0.03832289496885594,-0.0023966781920426805,-0.03832289496885594,-0.0023966781920426805,-0.03832289496885594,-0.0023966781920426805,0.033165268443300096,0.1189819511736604,0.19057528690318576,6382.165155903201,0.19057528690318576,0.0,0.0,0.0,0.0,0.0,0.0,0.0,False,False,0.0,False,False,False,-0.01769620210996426,0.06475677368853693,5.450177945314199e-05,2.9211320806341035e-07
6.233333333333333,28.941831777896287,53.94148342128459,222.12873981603292,226.8003518258398,9.968623871283322,5.006270009504702,40.42584768898069,24.94862727658708,0.0,0.0,0.0,0.0,0.0,0.0,1.0,5.449906739561899e-05,2.911324012422334e-07,5.46110480782688e-05,2.6548193851236097e-07,1.0,0.0,0.0,0.0,1.0,0.0,-0.03812576921346512,-0.002396034826206702,-0.03812576921346512,-0.002396034826206702,-0.03812576921346512,-0.002396034826206702,0.0331865794737942,0.11889810368460489,0.1874879336899403,6382.78262654585,0.1874879336899403,0.0,0.0,0.0,0.0,0.0,0.0,0.0,False,False,0.0,False,False,False,-0.017688774503505193,0.06471025405547297,5.449906739561899e-05,2.911324012422334e-07
6.25,28.941047934211543,53.94073949242559,222.14985607306764,226.79203422319122,9.968623871283322,5.006270009504702,40.42584768898069,24.94862727658708,0.0,0.0,0.0,0.0,0.0,0.0,1.0,5.449634871162231e-05,2.9015522906225555e-07,5.45881082049395e-05,2.704165966223399e-07,1.0,0.0,0.0,0.0,1.0,0.0,-0.03793315929013676,-0.002395387049748223,-0.03793315929013676,-0.002395387049748223,-0.03793315929013676,-0.002395387049748223,0.033205132120813045,0.11881427988166052,0.18449514841161999,6383.381183601514,0.18449514841161999,0.0,0.0,0.0,0.0,0.0,0.0,0.0,False,False,0.0,False,False,False,-0.01768103616378847,0.06466380203588795,5.449634871162231e-05,2.9015522906225555e-07
6.266666666666667,28.94028898031802,53.94000012484861,222.17027105354063,226.78371956254918,9.968623871283322,5.006270009504702,40.42584768898069,24.94862727658708,0.0,0.0,0.0,0.0,0.0,0.0,1.0,5.4493628237223604e-05,2.8918160512036994e-07,5.456921221139632e-05,2.741695983219459e-07,1.0,0.0,0.0,0.0,1.0,0.0,-0.037744956009563214,-0.0023947349763591033,-0.037744956009563214,-0.0023947349763591033,-0.037744956009563214,-0.0023947349763591033,0.03322107864496958,0.11873048120185095,0.18159358307436832,6383.961496668964,0.18159358307436832,0.0,0.0,0.0,0.0,0.0,0.0,0.0,False,False,0.0,False,False,False,-0.017673004561069162,0.06461741540651934,5.4493628237223604e-05,2.8918160512036994e-07
6.283333333333333,28.939554165148497,53.93926519374427,222.19000979941737,226.77540796835865,9.968623871283322,5.006270009504702,40.42584768898069,24.94862727658708,0.0,0.0,0.0,0.0,0.0,0.0,1.0,5.449091036591452e-05,2.8821144492513495e-07,5.455355184229996e-05,2.769779676425837e-07,1.0,0.0,0.0,0.0,1.0,0.0,-0.03756105282466111,-0.002394078716977568,-0.03756105282466111,-0.002394078716977568,-0.03756105282466111,-0.002394078716977568,0.033234562918834844,0.11864670900056432,0.17878002924085648,6384.5242074356665,0.17878002924085648,0.0,0.0,0.0,0.0,0.0,0.0,0.0,False,False,0.0,False,False,False,-0.017664696203051392,0.06457109206522352,5.449091036591452e-05,2.8821144492513495e-07
6.3,28.938842763907406,53.938534578670755,222.20909630237733,226.76709955762448,9.968623871283322,5.006270009504702,40.42584768898069,24.94862727658708,0.0,0.0,0.0,0.0,0.0,0.0,1.0,5.448819908435414e-05,2.87244669147646e-07,5.45404812907108e-05,2.790313079435962e-07,1.0,0.0,0.0,0.0,1.0,0.0,-0.037381345766632684,-0.00239341837985484,-0.037381345766632684,-0.00239341837985484,-0.037381345766632684,-0.00239341837985484,0.03324572089040606,0.11856296455609958,0.17605141141123112,6385.069931001592,0.17605141141123112,0.0,0.0,0.0,0.0,0.0,0.0,0.0,False,False,0.0,False,False,False,-0.017656126688065467,0.06452483002430645,5.448819908435414e-05,2.87244669147646e-07
6.316666666666666,28.938154076986816,53.93780816337334,222.22755355382967,226.75879444033438,9.968623871283322,5.006270009504702,40.42584768898069,24.94862727658708,0.0,0.0,0.0,0.0,0.0,0.0,1.0,5.448549800434778e-05,2.862811993090131e-07,5.45294846334382e-05,2.804812862166796e-07,1.0,0.0,0.0,0.0,1.0,0.0,-0.03720573338257423,-0.002392754070620165,-0.03720573338257423,-0.002392754070620165,-0.03720573338257423,-0.002392754070620165,0.03325468102087084,0.11847924907396398,0.17340478074439944,6385.599257134958,0.17340478074439944,0.0,0.0,0.0,0.0,0.0,0.0,0.0,False,False,0.0,False,False,False,-0.017647310755297987,0.06447862740421896,5.448549800434778e-05,2.862811993090131e-07
6.333333333333333,28.937487428933558,53.937085835612365,222.24540359235255,226.75049271985793,9.968623871283322,5.006270009504702,40.42584768898069,24.94862727658708,0.0,0.0,0.0,0.0,0.0,0.0,1.0,5.448281039170232e-05,2.853209621934971e-07,5.452014978509102e-05,2.814492214120431e-07,1.0,0.0,0.0,0.0,1.0,0.0,-0.037034116674594324,-0.0023920858923442622,-0.037034116674594324,-0.0023920858923442622,-0.037034116674594324,-0.0023920858923442622,0.03326156469811969,0.11839556369092369,0.1708373091013209,6386.112751463574,0.1708373091013209,0.0,0.0,0.0,0.0,0.0,0.0,0.0,False,False,0.0,False,False,False,-0.01763826233223961,0.06443248242760433,5.448281039170232e-05,2.853209621934971e-07
6.35,28.936842167464846,53.936367486999366,222.26266754869422,226.74219449332338,9.968623871283322,5.006270009504702,40.42584768898069,24.94862727658708,0.0,0.0,0.0,0.0,0.0,0.0,1.0,5.448013919518574e-05,2.843638860043629e-07,5.451214766710997e-05,2.8203215433050704e-07,1.0,0.0,0.0,0.0,1.0,0.0,-0.03686639904040545,-0.002391413945601236,-0.03686639904040545,-0.002391413945601236,-0.03686639904040545,-0.002391413945601236,0.033266486627347776,0.11831190947883528,0.16834628339302526,6386.610956605233,0.16834628339302526,0.0,0.0,0.0,0.0,0.0,0.0,0.0,False,False,0.0,False,False,False,-0.017628994579502823,0.06438639341367133,5.448013919518574e-05,2.843638860043629e-07
6.366666666666666,28.936217662529945,53.9356530128408,222.27936568846604,226.7338998519728,9.968623871283322,5.006270009504702,40.42584768898069,24.94862727658708,0.0,0.0,0.0,0.0,0.0,0.0,1.0,5.447748706960496e-05,2.8340990204309136e-07,5.4505215547608964e-05,2.823077038730239e-07,1.0,0.0,0.0,0.0,1.0,0.0,-0.03670248621535313,-0.002390738328528993,-0.03670248621535313,-0.002390738328528993,-0.03670248621535313,-0.002390738328528993,0.033269555200013595,0.11822828744825713,0.16592910021706303,6387.094393240425,0.16592910021706303,0.0,0.0,0.0,0.0,0.0,0.0,0.0,False,False,0.0,False,False,False,-0.01761951993315982,0.06434035877287958,5.447748706960496e-05,2.8340990204309136e-07
6.383333333333333,28.935613305415476,53.93494231198908,222.29551745265329,226.7256088814974,9.968623871283322,5.006270009504702,40.42584768898069,24.94862727658708,0.0,0.0,0.0,0.0,0.0,0.0,1.0,5.447485640124646e-05,2.8245894439712926e-07,5.449914371833647e-05,2.8233795197784496e-07,1.0,0.0,0.0,0.0,1.0,0.0,-0.03654228621584788,-0.0023900591368881978,-0.03654228621584788,-0.0023900591368881978,-0.03654228621584788,-0.0023900591368881978,0.03327087284238061,0.11814469855186249,0.16358326076690446,6387.563561130457,0.16358326076690446,0.0,0.0,0.0,0.0,0.0,0.0,0.0,False,False,0.0,False,False,False,-0.01760985014473398,0.06429437700191798,5.447485640124646e-05,2.8245894439712926e-07
6.4,28.935028507892202,53.93423528670049,222.31114149605784,226.71732166235412,9.968623871283322,5.006270009504702,40.42584768898069,24.94862727658708,0.0,0.0,0.0,0.0,0.0,0.0,1.0,5.447224932712304e-05,2.8151094880884964e-07,5.449376484009378e-05,2.821725513440459e-07,1.0,0.0,0.0,0.0,1.0,0.0,-0.036385709284166144,-0.0023893764641197963,-0.036385709284166144,-0.0023893764641197963,-0.036385709284166144,-0.0023893764641197963,0.03327053634474467,0.11806114368766116,0.16130636599970785,6388.018940083896,0.16130636599970785,0.0,0.0,0.0,0.0,0.0,0.0,0.0,False,False,0.0,False,False,False,-0.017599996318979825,0.06424844667895951,5.447224932712304e-05,2.8151094880884964e-07
6.416666666666667,28.934462701401113,53.93353184249965,222.32625572378706,226.7090382700639,9.968623871283322,5.006270009504702,40.42584768898069,24.94862727658708,0.0,0.0,0.0,0.0,0.0,0.0,1.0,5.4469667756200726e-05,2.8056585456640026e-07,5.448894542331517e-05,2.818512119885168e-07,1.0,0.0,0.0,0.0,1.0,0.0,-0.03623266783458687,-0.0023886904014011577,-0.03623266783458687,-0.0023886904014011577,-0.03623266783458687,-0.0023886904014011577,0.033268637172457545,0.11797762370204025,0.15909611204863722,6388.46099087411,0.15909611204863722,0.0,0.0,0.0,0.0,0.0,0.0,0.0,False,False,0.0,False,False,False,-0.017589968949570635,0.06420256645917977,5.4469667756200726e-05,2.8056585456640026e-07
6.433333333333334,28.933915336276883,53.93283188805022,222.34087732588924,226.70075877549377,9.968623871283322,5.006270009504702,40.42584768898069,24.94862727658708,0.0,0.0,0.0,0.0,0.0,0.0,1.0,5.446711338761689e-05,2.796236025226495e-07,5.4484579016175516e-05,2.814056900953433e-07,1.0,0.0,0.0,0.0,1.0,0.0,-0.03608307640083158,-0.0023880010377008427,-0.03608307640083158,-0.0023880010377008427,-0.03608307640083158,-0.0023880010377008427,0.03326526175972387,0.11789413939263851,0.15695028586677837,6388.890156110482,0.15695028586677837,0.0,0.0,0.0,0.0,0.0,0.0,0.0,False,False,0.0,False,False,False,-0.017579777952811484,0.06415673507052089,5.446711338761689e-05,2.796236025226495e-07
6.45,28.933385881006778,53.932135335031504,222.35502281023702,226.69248324512247,9.968623871283322,5.006270009504702,40.42584768898069,24.94862727658708,0.0,0.0,0.0,0.0,0.0,0.0,1.0,5.4464587726159135e-05,2.7868413589662855e-07,5.4480580758172245e-05,2.8086137925560036e-07,1.0,0.0,0.0,0.0,1.0,0.0,-0.03593685158477634,-0.0023873084598320616,-0.03593685158477634,-0.0023873084598320616,-0.03593685158477634,-0.0023873084598320616,0.033260491787146344,0.11781069151105701,0.15486676109029304,6389.306861065779,0.15486676109029304,0.0,0.0,0.0,0.0,0.0,0.0,0.0,False,False,0.0,False,False,False,-0.017569432699488626,0.0641109513096902,5.4464587726159135e-05,2.7868413589662855e-07
6.466666666666667,28.932873821523224,53.93144209802066,222.36870803375228,226.6842117412916,9.968623871283322,5.006270009504702,40.42584768898069,24.94862727658708,0.0,0.0,0.0,0.0,0.0,0.0,1.0,5.446209209925522e-05,2.7774739987107555e-07,5.4476883026388844e-05,2.802385833786954e-07,1.0,0.0,0.0,0.0,1.0,0.0,-0.03579391200640478,-0.0023866127525048303,-0.03579391200640478,-0.0023866127525048303,-0.03579391200640478,-0.0023866127525048303,0.03325440444392771,0.1177272807654209,0.15284349410909726,6389.711514462018,0.15284349410909726,0.0,0.0,0.0,0.0,0.0,0.0,0.0,False,False,0.0,False,False,False,-0.017558942044955887,0.06406521403837918,5.446209209925522e-05,2.7774739987107555e-07
6.483333333333333,28.932378660528364,53.930752094380225,222.38194823205885,226.67594432244204,9.968623871283322,5.006270009504702,40.42584768898069,24.94862727658708,0.0,0.0,0.0,0.0,0.0,0.0,1.0,5.445962767032953e-05,2.76813341339166e-07,5.447343195517698e-05,2.795535349707895e-07,1.0,0.0,0.0,0.0,1.0,0.0,-0.035654178254972246,-0.002385913998376866,-0.035654178254972246,-0.002385913998376866,-0.035654178254972246,-0.002385913998376866,0.033247072675560645,0.11764390782279736,0.15087852033422677,6390.1045092169925,0.15087852033422677,0.0,0.0,0.0,0.0,0.0,0.0,0.0,False,False,0.0,False,False,False,-0.017548314357558336,0.06401952217969076,5.445962767032953e-05,2.76813341339166e-07
6.5,28.931899916848998,53.93006524415071,222.39475804764783,226.66768104333755,9.968623871283322,5.006270009504702,40.42584768898069,24.94862727658708,0.0,0.0,0.0,0.0,0.0,0.0,1.0,5.4457195452137924e-05,2.758819095671772e-07,5.447018465456917e-05,2.7881920989006703e-07,1.0,0.0,0.0,0.0,1.0,0.0,-0.03551757284135172,-0.0023852122781032495,-0.03551757284135172,-0.0023852122781032495,-0.03551757284135172,-0.0023852122781032495,0.03323856541783008,0.11756057331147884,0.14896995065125337,6390.486223153587,0.14896995065125337,0.0,0.0,0.0,0.0,0.0,0.0,0.0,False,False,0.0,False,False,False,-0.0175375575454844,0.06397387471476436,5.4457195452137924e-05,2.758819095671772e-07
6.516666666666667,28.93143712482037,53.929381469948034,222.40715155663443,226.65942195527555,9.968623871283322,5.006270009504702,40.42584768898069,24.94862727658708,0.0,0.0,0.0,0.0,0.0,0.0,1.0,5.4454796319091184e-05,2.7495305528549285e-07,5.446710698747357e-05,2.7804597896915223e-07,1.0,0.0,0.0,0.0,1.0,0.0,-0.0353840201515329,-0.002384507670384889,-0.0353840201515329,-0.002384507670384889,-0.0353840201515329,-0.002384507670384889,0.03322894781787711,0.1174772778231404,0.14711596805016597,6390.857019673805,0.14711596805016597,0.0,0.0,0.0,0.0,0.0,0.0,0.0,False,False,0.0,False,False,False,-0.017526679082133612,0.06392827067958641,5.4454796319091184e-05,2.7495305528549285e-07
6.533333333333333,28.9309898336974,53.92870069686548,222.4191422941798,226.65116710628598,9.968623871283322,5.006270009504702,40.42584768898069,24.94862727658708,0.0,0.0,0.0,0.0,0.0,0.0,1.0,5.4452431019280136e-05,2.7402673150392354e-07,5.446417179383488e-05,2.772421294761065e-07,1.0,0.0,0.0,0.0,1.0,0.0,-0.03525344640124653,-0.0023838002520158116,-0.03525344640124653,-0.0023838002520158116,-0.03525344640124653,-0.0023838002520158116,0.033218281443044624,0.11739402191487579,0.14531482442223023,6391.217248399392,0.14531482442223023,0.0,0.0,0.0,0.0,0.0,0.0,0.0,False,False,0.0,False,False,False,-0.01751568603008158,0.06388270916197727,5.4452431019280136e-05,2.7402673150392354e-07
6.55,28.930557607091988,53.92802285238003,222.43074327864872,226.64291654131918,9.968623871283322,5.006270009504702,40.42584768898069,24.94862727658708,0.0,0.0,0.0,0.0,0.0,0.0,1.0,5.445010018293849e-05,2.731028922800527e-07,5.44613574716556e-05,2.7641428203689574e-07,1.0,0.0,0.0,0.0,1.0,0.0,-0.03512577959168681,-0.0023830900979293058,-0.03512577959168681,-0.0023830900979293058,-0.03512577959168681,-0.0023830900979293058,0.033206624478173914,0.11731080611112123,0.14356483751523227,6391.567245780791,0.14356483751523227,0.0,0.0,0.0,0.0,0.0,0.0,0.0,False,False,0.0,False,False,False,-0.017504585063722735,0.06383718929874332,5.445010018293849e-05,2.731028922800527e-07
6.566666666666666,28.930140022435076,53.92734786626284,222.44196703457126,226.6346703024228,9.968623871283322,5.006270009504702,40.42584768898069,24.94862727658708,0.0,0.0,0.0,0.0,0.0,0.0,1.0,5.444780433411234e-05,2.7218149342700393e-07,5.445864684414695e-05,2.755677243149174e-07,1.0,0.0,0.0,0.0,1.0,0.0,-0.035000949466305255,-0.0023823772812429497,-0.035000949466305255,-0.0023823772812429497,-0.035000949466305255,-0.0023823772812429497,0.03319403191201797,0.11722763090547088,0.14186438803836154,6391.9073356761655,0.14186438803836154,0.0,0.0,0.0,0.0,0.0,0.0,0.0,False,False,0.0,False,False,False,-0.01749338249066006,0.06379171027298658,5.444780433411234e-05,2.7218149342700393e-07
6.583333333333333,28.929736670462297,53.92667567049359,222.45282561446885,226.62642842890892,9.968623871283322,5.006270009504702,40.42584768898069,24.94862727658708,0.0,0.0,0.0,0.0,0.0,0.0,1.0,5.444554389799107e-05,2.712624922740492e-07,5.445602625491578e-05,2.7470667790674376e-07,1.0,0.0,0.0,0.0,1.0,0.0,-0.03487888746865007,-0.0023816618733025524,-0.03487888746865007,-0.0023816618733025524,-0.03487888746865007,-0.0023816618733025524,0.03318055571333859,0.11714449676239198,0.14021191690952037,6392.237829901934,0.14021191690952037,0.0,0.0,0.0,0.0,0.0,0.0,0.0,False,False,0.0,False,False,False,-0.01748208427191484,0.06374627131156264,5.444554389799107e-05,2.712624922740492e-07
6.6,28.929347154722013,53.9260061991786,222.46333061960638,226.61819095751198,9.968623871283322,5.006270009504702,40.42584768898069,24.94862727658708,0.0,0.0,0.0,0.0,0.0,0.0,1.0,5.4443319210130056e-05,2.703458475764031e-07,5.445348484595863e-05,2.738345118406756e-07,1.0,0.0,0.0,0.0,1.0,0.0,-0.03475952670122579,-0.002380943943725027,-0.03475952670122579,-0.002380943943725027,-0.03475952670122579,-0.002380943943725027,0.0331662449972896,0.11706140411884507,0.13860592263703894,6392.55902875643,0.13860592263703894,0.0,0.0,0.0,0.0,0.0,0.0,0.0,False,False,0.0,False,False,False,-0.017470696041019248,0.0637008716826784,5.4443319210130056e-05,2.703458475764031e-07
6.616666666666666,28.92897109110467,53.925339388472544,222.47349321972553,226.6099579225373,9.968623871283322,5.006270009504702,40.42584768898069,24.94862727658708,0.0,0.0,0.0,0.0,0.0,0.0,1.0,5.44411305234806e-05,2.6943151993849557e-07,5.4451013981463025e-05,2.729539134602396e-07,1.0,0.0,0.0,0.0,1.0,0.0,-0.03464280188534847,-0.0023802235604402306,-0.03464280188534847,-0.0023802235604402306,-0.03464280188534847,-0.0023802235604402306,0.0331511461826036,0.11697835338581328,0.13704495882911488,6392.871221518015,0.13704495882911488,0.0,0.0,0.0,0.0,0.0,0.0,0.0,False,False,0.0,False,False,False,-0.017459223122055178,0.06365551069362277,5.44411305234806e-05,2.6943151993849557e-07
6.633333333333333,28.928608107392435,53.924675176503456,222.48332417181305,226.6017293560016,9.968623871283322,5.006270009504702,40.42584768898069,24.94862727658708,0.0,0.0,0.0,0.0,0.0,0.0,1.0,5.443897801523257e-05,2.685194709015071e-07,5.444860678821693e-05,2.720670249484931e-07,1.0,0.0,0.0,0.0,1.0,0.0,-0.03452864932197233,-0.00237950078973179,-0.03452864932197233,-0.00237950078973179,-0.03452864932197233,-0.00237950078973179,0.03313530314010273,0.11689534494974811,0.1355276318241431,6393.174686919009,0.1355276318241431,0.0,0.0,0.0,0.0,0.0,0.0,0.0,False,False,0.0,False,False,False,-0.017447670546697297,0.06361018768862145,5.443897801523257e-05,2.685194709015071e-07
6.6499999999999995,28.928257842828096,53.92401350330102,222.4928338379549,226.59350528776562,9.968623871283322,5.006270009504702,40.42584768898069,24.94862727658708,0.0,0.0,0.0,0.0,0.0,0.0,1.0,5.443686179369342e-05,2.6760966292255217e-07,5.4446257789312236e-05,2.711755525433049e-07,1.0,0.0,0.0,0.0,1.0,0.0,-0.03441700685346433,-0.002378775696276938,-0.03441700685346433,-0.002378775696276938,-0.03441700685346433,-0.002378775696276938,0.033118757333013296,0.11681237917393324,0.1340525984356691,6393.469693596704,0.1340525984356691,0.0,0.0,0.0,0.0,0.0,0.0,0.0,False,False,0.0,False,False,False,-0.017436043070314846,0.06356490204680995,5.443686179369342e-05,2.6760966292255217e-07
6.666666666666667,28.92791994770235,53.92335431072787,222.5020322023228,226.5852857456587,9.958831554536589,4.927475999156136,40.48933608490781,25.66453701371527,0.0,0.0,0.0,0.0,0.0,0.0,1.0,2.466973825879324e-05,2.2164086973055358e-05,4.849095388320844e-05,4.649757836645714e-06,1.0,0.0,0.0,0.0,1.0,0.0,-0.03430781382630377,-0.0023780483431853883,-0.03430781382630377,-0.0023780483431853883,-0.03430781382630377,-0.0023780483431853883,0.03310154794953161,0.1167294563997724,0.13790343154972562,6392.699526973893,0.13790343154972562,0.0,0.0,0.0,0.0,0.0,0.0,0.0,False,False,0.0,False,False,False,-0.017454110230830183,0.06354155056523185,2.466973825879324e-05,2.2164086973055358e-05
6.683333333333334,28.92714760730387,53.923135490112124,222.53112720369757,226.58180656329506,9.958831554536589,4.927475999156136,40.48933608490781,25.66453701371527,0.0,0.0,0.0,0.0,0.0,0.0,1.0,2.4663629440114902e-05,2.2163481653743322e-05,4.372548899458974e-05,8.152502600065235e-06,1.0,0.0,0.0,0.0,1.0,0.0,-0.03420101105468454,-0.0023773187920372676,-0.03420101105468454,-0.0023773187920372676,-0.03420101105468454,-0.0023773187920372676,0.03328569519166026,0.11669393502498812,0.13417937851463194,6393.444337580911,0.13417937851463194,0.0,0.0,0.0,0.0,0.0,0.0,0.0,False,False,0.0,False,False,False,-0.017470872897790327,0.06351837710061232,2.4663629440114902e-05,2.2163481653743322e-05
6.7,28.926405543520218,53.92292187505601,222.55891265022947,226.57831958005315,9.958831554536589,4.927475999156136,40.48933608490781,25.66453701371527,0.0,0.0,0.0,0.0,0.0,0.0,1.0,2.4657695205428792e-05,2.2162882444609622e-05,3.991193023675755e-05,1.0954578568974113e-05,1.0,0.0,0.0,0.0,1.0,0.0,-0.0340965407849981,-0.002376587102920131,-0.0340965407849981,-0.002376587102920131,-0.0340965407849981,-0.002376587102920131,0.03345907938729275,0.11665833350345164,0.1306203495154159,6394.156143380755,0.1306203495154159,0.0,0.0,0.0,0.0,0.0,0.0,0.0,False,False,0.0,False,False,False,-0.01748640262400586,0.06349537257849007,2.4657695205428792e-05,2.2162882444609622e-05
6.716666666666667,28.925692424404204,53.92271324159241,222.58545309805717,226.57482535069198,9.958831554536589,4.927475999156136,40.48933608490781,25.66453701371527,0.0,0.0,0.0,0.0,0.0,0.0,1.0,2.465193401281207e-05,2.2162289071706726e-05,3.6859930991968455e-05,1.3196120669520634e-05,1.0,0.0,0.0,0.0,1.0,0.0,-0.033994346661176005,-0.002375853334465082,-0.033994346661176005,-0.002375853334465082,-0.033994346661176005,-0.002375853334465082,0.03362228974174777,0.11662265744138493,0.1272182617645012,6394.836560930938,0.1272182617645012,0.0,0.0,0.0,0.0,0.0,0.0,0.0,False,False,0.0,False,False,False,-0.017500767039985925,0.06347252842046244,2.465193401281207e-05,2.2162289071706726e-05
6.733333333333333,28.925006983102136,53.92250937670421,222.61080973733883,226.57132439914008,9.958831554536589,4.927475999156136,40.48933608490781,25.66453701371527,0.0,0.0,0.0,0.0,0.0,0.0,1.0,2.4646343822681827e-05,2.216170127434386e-05,3.441721355811113e-05,1.4989236790485279e-05,1.0,0.0,0.0,0.0,1.0,0.0,-0.033894373690871026,-0.002375117543882018,-0.033894373690871026,-0.002375117543882018,-0.033894373690871026,-0.002375117543882018,0.033775883164259356,0.11658691213528295,0.12396545255469846,6395.487122772898,0.12396545255469846,0.0,0.0,0.0,0.0,0.0,0.0,0.0,False,False,0.0,False,False,False,-0.01751403006950785,0.06344983651699473,2.4646343822681827e-05,2.216170127434386e-05
6.75,28.924348014468823,53.92231007775561,222.63504057303905,226.56781722020696,9.958831554536589,4.927475999156136,40.48933608490781,25.66453701371527,0.0,0.0,0.0,0.0,0.0,0.0,1.0,2.46409221759461e-05,2.216111880511823e-05,3.246195528167812e-05,1.6423613193411868e-05,1.0,0.0,0.0,0.0,1.0,0.0,-0.03379656821245668,-0.00237437978699402,-0.03379656821245668,-0.00237437978699402,-0.03379656821245668,-0.00237437978699402,0.0339203860428471,0.1165511025890636,0.12085465673188991,6396.10928193746,0.12085465673188991,0.0,0.0,0.0,0.0,0.0,0.0,0.0,False,False,0.0,False,False,False,-0.01752625213328935,0.06342728920172455,2.46409221759461e-05,2.216111880511823e-05
6.766666666666667,28.92371437186469,53.9221151519539,222.65820059584144,226.56430428119904,9.958831554536589,4.927475999156136,40.48933608490781,25.66453701371527,0.0,0.0,0.0,0.0,0.0,0.0,1.0,2.4635666263821306e-05,2.2160541430189112e-05,3.089669747810676e-05,1.7570998840767315e-05,1.0,0.0,0.0,0.0,1.0,0.0,-0.033700877862825364,-0.0023736401182709163,-0.033700877862825364,-0.0023736401182709163,-0.033700877862825364,-0.0023736401182709163,0.0340562959212396,0.11651523353026143,0.1178789853970875,6396.70441620442,0.1178789853970875,0.0,0.0,0.0,0.0,0.0,0.0,0.0,False,False,0.0,False,False,False,-0.01753749034142389,0.06340487922717876,2.4635666263821306e-05,2.2160541430189112e-05
6.783333333333333,28.923104964125038,53.92192441584012,222.6803419437323,226.5607860234457,9.958831554536589,4.927475999156136,40.48933608490781,25.66453701371527,0.0,0.0,0.0,0.0,0.0,0.0,1.0,2.4630572989428785e-05,2.215996892633923e-05,2.9643472580371168e-05,1.8488792857881697e-05,1.0,0.0,0.0,0.0,1.0,0.0,-0.03360725154596567,-0.0023728985908620273,-0.03360725154596567,-0.0023728985908620273,-0.03360725154596567,-0.0023728985908620273,0.034184083083288574,0.11647930942531914,0.11503190577032,6397.273832129774,0.11503190577032,0.0,0.0,0.0,0.0,0.0,0.0,0.0,False,False,0.0,False,False,False,-0.01754779867520348,0.06338259974182223,2.4630572989428785e-05,2.215996892633923e-05
6.8,28.922518752691964,53.92173769480685,222.70151405477168,226.55726286373942,9.958831554536589,4.927475999156136,40.48933608490781,25.66453701371527,0.0,0.0,0.0,0.0,0.0,0.0,1.0,2.4625639022037883e-05,2.2159401083458874e-05,2.863990586870451e-05,1.9222914502997133e-05,1.0,0.0,0.0,0.0,1.0,0.0,-0.033515639402300144,-0.0023721552566281254,-0.033515639402300144,-0.0023721552566281254,-0.033515639402300144,-0.0023721552566281254,0.034304192050017,0.11644333449402253,0.11230722215149398,6397.818768853539,0.11230722215149398,0.0,0.0,0.0,0.0,0.0,0.0,0.0,False,False,0.0,False,False,False,-0.017557228158917953,0.06336044426836981,2.4625639022037883e-05,2.2159401083458874e-05
6.816666666666666,28.921954748900056,53.921554822641944,222.7217638115376,226.55373519569636,9.958831554536589,4.927475999156136,40.48933608490781,25.66453701371527,0.0,0.0,0.0,0.0,0.0,0.0,1.0,2.4620860843400406e-05,2.21588377004589e-05,2.783609686364369e-05,1.9810099142489484e-05,1.0,0.0,0.0,0.0,1.0,0.0,-0.03342599277876506,-0.0023714101661726117,-0.03342599277876506,-0.0023714101661726117,-0.03342599277876506,-0.0023714101661726117,0.03441704299414122,0.11640731272313645,0.10969905791861038,6398.340401700116,0.10969905791861038,0.0,0.0,0.0,0.0,0.0,0.0,0.0,False,False,0.0,False,False,False,-0.017565827022188254,0.06333840668328583,2.4620860843400406e-05,2.21588377004589e-05
6.833333333333333,28.92141201140739,53.92137564109644,222.7411356777053,226.55020339104038,9.958831554536589,4.927475999156136,40.48933608490781,25.66453701371527,0.0,0.0,0.0,0.0,0.0,0.0,1.0,2.4616234790384058e-05,2.215827858743913e-05,2.7192124448991764e-05,2.027973503147941e-05,1.0,0.0,0.0,0.0,1.0,0.0,-0.03333826419961411,-0.0023706633688719485,-0.03333826419961411,-0.0023706633688719485,-0.03333826419961411,-0.0023706633688719485,0.03452303307666702,0.11637124787927598,0.10720183850488865,6398.83984558286,0.10720183850488865,0.0,0.0,0.0,0.0,0.0,0.0,0.0,False,False,0.0,False,False,False,-0.017573640853356293,0.06331648119741147,2.4616234790384058e-05,2.215827858743913e-05
6.85,28.92088964376393,53.92119999947563,222.7596718271922,226.54666780081607,9.958831554536589,4.927475999156136,40.48933608490781,25.66453701371527,0.0,0.0,0.0,0.0,0.0,0.0,1.0,2.4611757090382477e-05,2.2157723563693416e-05,2.6676050977269908e-05,2.065533273792221e-05,1.0,0.0,0.0,0.0,1.0,0.0,-0.03325240733792879,-0.002369914912905348,-0.03325240733792879,-0.002369914912905348,-0.03325240733792879,-0.002369914912905348,0.03462253770985082,0.11633514352106622,0.10481027530201573,6399.318158223435,0.10481027530201573,0.0,0.0,0.0,0.0,0.0,0.0,0.0,False,False,0.0,False,False,False,-0.017580712744428954,0.06329466233765405,2.4611757090382477e-05,2.2157723563693416e-05
6.866666666666666,28.92038679210976,53.92102775425189,222.7774122662811,226.54312875653397,9.958831554536589,4.927475999156136,40.48933608490781,25.66453701371527,0.0,0.0,0.0,0.0,0.0,0.0,1.0,2.4607423893978353e-05,2.2157172457414748e-05,2.6262325560611598e-05,2.095570068182072e-05,1.0,0.0,0.0,0.0,1.0,0.0,-0.033168376987818,-0.0023691648452837466,-0.033168376987818,-0.0023691648452837466,-0.033168376987818,-0.0023691648452837466,0.034715911750628894,0.11629900301062368,0.1025193504377512,6399.776343196288,0.1025193504377512,0.0,0.0,0.0,0.0,0.0,0.0,0.0,False,False,0.0,False,False,False,-0.017587083428042043,0.06327294492968114,2.4607423893978353e-05,2.2157172457414748e-05
6.883333333333333,28.919902642996142,53.920858768698054,222.79439494910557,226.5395865712522,9.958831554536589,4.927475999156136,40.48933608490781,25.66453701371527,0.0,0.0,0.0,0.0,0.0,0.0,1.0,2.4603231301979084e-05,2.21566251065973e-05,2.5930506708885094e-05,2.1195885566776034e-05,1.0,0.0,0.0,0.0,1.0,0.0,-0.03308612903729059,-0.002368413211878075,-0.03308612903729059,-0.002368413211878075,-0.03308612903729059,-0.002368413211878075,0.03480349062834629,0.11626282952440016,0.1003243023800178,6400.215352807834,0.1003243023800178,0.0,0.0,0.0,0.0,0.0,0.0,0.0,False,False,0.0,False,False,False,-0.017592791406887274,0.06325132408156557,2.4603231301979084e-05,2.21566251065973e-05
6.8999999999999995,28.9194364213226,53.92069291254039,222.81065588686465,226.53604154059803,9.958831554536589,4.927475999156136,40.48933608490781,25.66453701371527,0.0,0.0,0.0,0.0,0.0,0.0,1.0,2.459917538921632e-05,2.215608135560168e-05,2.5664240444951337e-05,2.1387924724541163e-05,1.0,0.0,0.0,0.0,1.0,0.0,-0.03300562044178417,-0.0023676600574468482,-0.03300562044178417,-0.0023676600574468482,-0.03300562044178417,-0.0023676600574468482,0.03488559141043071,0.1162266260634272,0.09822061232213855,6400.63609081941,0.09822061232213855,0.0,0.0,0.0,0.0,0.0,0.0,0.0,False,False,0.0,False,False,False,-0.01759787307601877,0.06322979516832461,2.459917538921632e-05,2.215608135560168e-05
6.916666666666667,28.91898738838378,53.92053006162986,222.82622925111124,226.5324939437324,9.958831554536589,4.927475999156136,40.48933608490781,25.66453701371527,0.0,0.0,0.0,0.0,0.0,0.0,1.0,2.4595252225726935e-05,2.215554105803111e-05,2.545044280110646e-05,2.1541447991239153e-05,1.0,0.0,0.0,0.0,1.0,0.0,-0.032926809198334635,-0.0023669054256630823,-0.032926809198334635,-0.0023669054256630823,-0.032926809198334635,-0.0023669054256630823,0.034962513809447135,0.11619039546298705,0.096203991306038,6401.03941502263,0.096203991306038,0.0,0.0,0.0,0.0,0.0,0.0,0.0,False,False,0.0,False,False,False,-0.017602362838432084,0.0632083538173102,2.4595252225726935e-05,2.215554105803111e-05
6.933333333333334,28.91855484002007,53.920370097630936,222.84114747143877,226.52894404426124,9.958831554536589,4.927475999156136,40.48933608490781,25.66453701371527,0.0,0.0,0.0,0.0,0.0,0.0,1.0,2.4591457893730767e-05,2.2155004074153606e-05,2.527864581963132e-05,2.1664159207822044e-05,1.0,0.0,0.0,0.0,1.0,0.0,-0.032849654320370646,-0.0023661493591405664,-0.032849654320370646,-0.0023661493591405664,-0.032849654320370646,-0.0023661493591405664,0.0350345411347583,0.11615414040175315,0.09427036804313502,6401.426139675211,0.09427036804313502,0.0,0.0,0.0,0.0,0.0,0.0,0.0,False,False,0.0,False,False,False,-0.017606293214288762,0.0631869958943984,2.4591457893730767e-05,2.2155004074153606e-05
6.95,28.918138104866365,53.92021290772681,222.8554413278752,226.52539209109608,9.958831554536589,4.927475999156136,40.48933608490781,25.66453701371527,0.0,0.0,0.0,0.0,0.0,0.0,1.0,2.4587788503596143e-05,2.215447027079792e-05,2.5140474356424288e-05,2.1762221420417218e-05,1.0,0.0,0.0,0.0,1.0,0.0,-0.03277411581311817,-0.0023653918994594944,-0.03277411581311817,-0.0023653918994594944,-0.03277411581311817,-0.0023653918994594944,0.035101941191870385,0.11611786341042045,0.09241587739440547,6401.797037804957,0.09241587739440547,0.0,0.0,0.0,0.0,0.0,0.0,0.0,False,False,0.0,False,False,False,-0.017609694944135907,0.06316571749093608,2.4587788503596143e-05,2.215447027079792e-05
6.966666666666667,28.9177365426936,53.92005838434022,222.86914003827374,226.52183831926666,9.958831554536589,4.927475999156136,40.48933608490781,25.66453701371527,0.0,0.0,0.0,0.0,0.0,0.0,1.0,2.4584240206446117e-05,2.2153939522821103e-05,2.5029227526428654e-05,2.1840565040897996e-05,1.0,0.0,0.0,0.0,1.0,0.0,-0.03270015464960008,-0.0023646330871914764,-0.03270015464960008,-0.0023646330871914764,-0.03270015464960008,-0.0023646330871914764,0.035164967132337334,0.11608156687985824,0.0906368494737353,6402.152843389091,0.0906368494737353,0.0,0.0,0.0,0.0,0.0,0.0,0.0,False,False,0.0,False,False,False,-0.017612597086453265,0.06314451491140506,2.4584240206446117e-05,2.2153939522821103e-05
6.983333333333333,28.91734954283807,53.919906424869104,222.88227134097414,226.51828295068907,9.958831554536589,4.927475999156136,40.48933608490781,25.66453701371527,0.0,0.0,0.0,0.0,0.0,0.0,1.0,2.4580809204488747e-05,2.2153411709750076e-05,2.4939543862040672e-05,2.1903134374668412e-05,1.0,0.0,0.0,0.0,1.0,0.0,-0.03262773274721663,-0.0023638729619239475,-0.03262773274721663,-0.0023638729619239475,-0.03262773274721663,-0.0023638729619239475,0.03522385825695815,0.11604525306881466,0.08892979934013055,6402.494253415812,0.08892979934013055,0.0,0.0,0.0,0.0,0.0,0.0,0.0,False,False,0.0,False,False,False,-0.01761502710984124,0.06312338466175949,2.4580809204488747e-05,2.2153411709750076e-05
7.0,28.916976522713725,53.91975693143605,222.8948615729963,226.51472619489064,9.958831554536589,4.927475999156136,40.48933608490781,25.66453701371527,0.0,0.0,0.0,0.0,0.0,0.0,1.0,2.457749176159197e-05,2.2152886717391462e-05,2.486713344195093e-05,2.1953084843213023e-05,1.0,0.0,0.0,0.0,1.0,0.0,-0.03255681294489264,-0.0023631115622839843,-0.03255681294489264,-0.0023631115622839843,-0.03255681294489264,-0.0023631115622839843,0.03527884077485553,0.11600892411119046,0.08729141724660167,6402.8219298345175,0.08729141724660167,0.0,0.0,0.0,0.0,0.0,0.0,0.0,False,False,0.0,False,False,False,-0.01761701098014326,0.0631023234384041,2.457749176159197e-05,2.2152886717391462e-05
7.016666666666667,28.916616926402973,53.91960981065107,222.9069357440066,226.51116824969512,9.958831554536589,4.927475999156136,40.48933608490781,25.66453701371527,0.0,0.0,0.0,0.0,0.0,0.0,1.0,2.457428420915911e-05,2.2152364438129957e-05,2.4808563595392568e-05,2.1992940762196408e-05,1.0,0.0,0.0,0.0,1.0,0.0,-0.032487358980777634,-0.002362348925961545,-0.032487358980777634,-0.002362348925961545,-0.032487358980777634,-0.002362348925961545,0.03533012852084358,0.11597258202291279,0.08571855941563626,6403.136501400711,0.08571855941563626,0.0,0.0,0.0,0.0,0.0,0.0,0.0,False,False,0.0,False,False,False,-0.017618573242785082,0.06308132811777728,2.457428420915911e-05,2.2152364438129957e-05
7.033333333333333,28.916270223321735,53.91946497338684,222.91851760629268,226.5076093018699,9.958831554536589,4.927475999156136,40.48933608490781,25.66453701371527,0.0,0.0,0.0,0.0,0.0,0.0,1.0,2.4571182953942068e-05,2.2151844768301954e-05,2.4761087467102465e-05,2.2024721563417514e-05,1.0,0.0,0.0,0.0,1.0,0.0,-0.032419335470485686,-0.0023615850897321477,-0.032419335470485686,-0.0023615850897321477,-0.032419335470485686,-0.0023615850897321477,0.035377923633412335,0.1159362287084313,0.08420823931166524,6403.438565421505,0.08420823931166524,0.0,0.0,0.0,0.0,0.0,0.0,0.0,False,False,0.0,False,False,False,-0.017619737100591303,0.06306039574650218,2.4571182953942068e-05,2.2151844768301954e-05
7.05,28.915935906954733,53.9193223345657,222.92962972096166,226.50404952773712,9.958831554536589,4.927475999156136,40.48933608490781,25.66453701371527,0.0,0.0,0.0,0.0,0.0,0.0,1.0,2.4568184481413638e-05,2.2151327609718635e-05,2.47225068699647e-05,2.2050042772677738e-05,1.0,0.0,0.0,0.0,1.0,0.0,-0.032352707885861774,-0.0023608200894789984,-0.032352707885861774,-0.0023608200894789984,-0.032352707885861774,-0.0023608200894789984,0.035422417195478284,0.11589986596685029,0.0827576193843106,6403.728689406976,0.0827576193843106,0.0,0.0,0.0,0.0,0.0,0.0,0.0,False,False,0.0,False,False,False,-0.017620524487331424,0.06303952353207956,2.4568184481413638e-05,2.2151327609718635e-05
7.066666666666666,28.915613493657204,53.91918181295788,222.94029352057075,226.50048909375113,9.958831554536589,4.927475999156136,40.48933608490781,25.66453701371527,0.0,0.0,0.0,0.0,0.0,0.0,1.0,2.456528536123187e-05,2.215081286997128e-05,2.4691062568218132e-05,2.2070196792136447e-05,1.0,0.0,0.0,0.0,1.0,0.0,-0.03228744253426201,-0.0023600539602145875,-0.03228744253426201,-0.0023600539602145875,-0.03228744253426201,-0.0023600539602145875,0.035463789839969576,0.11586349549772602,0.0813640032557123,6404.007412632695,0.0813640032557123,0.0,0.0,0.0,0.0,0.0,0.0,0.0,False,False,0.0,False,False,False,-0.01762095613722767,0.06301870883409072,2.456528536123187e-05,2.215081286997128e-05
7.083333333333333,28.915302521519493,53.919043330990306,222.9505293683826,226.4969281570443,9.958831554536589,4.927475999156136,40.48933608490781,25.66453701371527,0.0,0.0,0.0,0.0,0.0,0.0,1.0,2.4562482249057202e-05,2.2150300459274075e-05,2.4665346504385946e-05,2.2086217525563973e-05,1.0,0.0,0.0,0.0,1.0,0.0,-0.03222350653833523,-0.0023592867361017576,-0.03222350653833523,-0.0023592867361017576,-0.03222350653833523,-0.0023592867361017576,0.03550221232216133,0.11582711890654467,0.08002482832868281,6404.275247618101,0.08002482832868281,0.0,0.0,0.0,0.0,0.0,0.0,0.0,False,False,0.0,False,False,False,-0.017621051650649533,0.0629979491558795,2.4562482249057202e-05,2.2150300459274075e-05
7.1,28.915002549291078,53.91890681456535,222.96035661443244,226.49336686594188,9.958831554536589,4.927475999156136,40.48933608490781,25.66453701371527,0.0,0.0,0.0,0.0,0.0,0.0,1.0,2.4559771889514498e-05,2.2149790294266614e-05,2.4644231581411657e-05,2.20989320793045e-05,1.0,0.0,0.0,0.0,1.0,0.0,-0.03216086781629389,-0.002358518450474268,-0.03216086781629389,-0.002358518450474268,-0.03216086781629389,-0.002358518450474268,0.03553784606061815,0.11579073770989305,0.078737658791797,6404.532681525478,0.078737658791797,0.0,0.0,0.0,0.0,0.0,0.0,0.0,False,False,0.0,False,False,False,-0.017620829556202963,0.06297724213669367,2.4559771889514498e-05,2.2149790294266614e-05
7.116666666666666,28.91471315536088,53.91877219288913,222.96979364857822,226.4898053604494,9.958831554536589,4.927475999156136,40.48933608490781,25.66453701371527,0.0,0.0,0.0,0.0,0.0,0.0,1.0,2.4557151116989286e-05,2.2149282293538325e-05,2.462681548852718e-05,2.2109002122151265e-05,1.0,0.0,0.0,0.0,1.0,0.0,-0.032099495062662325,-0.0023577491358568563,-0.032099495062662325,-0.0023577491358568563,-0.032099495062662325,-0.0023577491358568563,0.035570843648444456,0.11575435334035089,0.07750017900052626,6404.780177483733,0.07750017900052626,0.0,0.0,0.0,0.0,0.0,0.0,0.0,False,False,0.0,False,False,False,-0.017620307369414147,0.06295658554425265,2.4557151116989286e-05,2.2149282293538325e-05
7.133333333333333,28.91443393679078,53.91863939830871,222.97885795070113,226.48624377271216,9.958831554536589,4.927475999156136,40.48933608490781,25.66453701371527,0.0,0.0,0.0,0.0,0.0,0.0,1.0,2.4554616857299164e-05,2.214877638117077e-05,2.4612375762281578e-05,2.2116956973955168e-05,1.0,0.0,0.0,0.0,1.0,0.0,-0.032039357729490923,-0.0023569788239848157,-0.032039357729490923,-0.0023569788239848157,-0.032039357729490923,-0.0023569788239848157,0.035601349336502164,0.1157179671511064,0.07631018721339387,6405.018175841159,0.07631018721339387,0.0,0.0,0.0,0.0,0.0,0.0,0.0,False,False,0.0,False,False,False,-0.017619501648193637,0.06293597726772557,2.4554616857299164e-05,2.214877638117077e-05
7.1499999999999995,28.91416450839953,53.91850836615782,222.98756613820876,226.48268222745003,9.958831554536589,4.927475999156136,40.48933608490781,25.66453701371527,0.0,0.0,0.0,0.0,0.0,0.0,1.0,2.4552166127418847e-05,2.2148272483923925e-05,2.460033383530903e-05,2.2123220075948918e-05,1.0,0.0,0.0,0.0,1.0,0.0,-0.03198042600802487,-0.002356207545823103,-0.03198042600802487,-0.002356207545823103,-0.03198042600802487,-0.002356207545823103,0.03562949949011245,0.11568158042032334,0.07516558966411595,6405.247095351015,0.07516558966411595,0.0,0.0,0.0,0.0,0.0,0.0,0.0,False,False,0.0,False,False,False,-0.01761842804525937,0.06291541531109149,2.4552166127418847e-05,2.2148272483923925e-05
7.166666666666667,28.913904501894308,53.91837903461056,222.9959340109905,226.47912084236782,9.958831554536589,4.927475999156136,40.48933608490781,25.66453701371527,0.0,0.0,0.0,0.0,0.0,0.0,1.0,2.4549796034908575e-05,2.214777053285988e-05,2.4590226275228938e-05,2.212813016733111e-05,1.0,0.0,0.0,0.0,1.0,0.0,-0.031922670810816504,-0.0023554353315849794,-0.031922670810816504,-0.0023554353315849794,-0.031922670810816504,-0.0023554353315849794,0.03565542302072149,0.11564519435526334,0.07406439495136966,6405.467334293564,0.07406439495136966,0.0,0.0,0.0,0.0,0.0,0.0,0.0,False,False,0.0,False,False,False,-0.017617101357685603,0.0628948977868646,2.4549796034908575e-05,2.214777053285988e-05
7.183333333333334,28.91365356504737,53.91825134454273,223.0039765939628,226.4755597285434,9.958831554536589,4.927475999156136,40.48933608490781,25.66453701371527,0.0,0.0,0.0,0.0,0.0,0.0,1.0,2.4547503779257657e-05,2.214727046148321e-05,2.4581681776034683e-05,2.2131958226161527e-05,1.0,0.0,0.0,0.0,1.0,0.0,-0.031866063754270535,-0.0023546622107501972,-0.031866063754270535,-0.0023546622107501972,-0.031866063754270535,-0.0023546622107501972,0.035679241793898295,0.11560881009618419,0.07300470872868572,6405.679271538101,0.07300470872868572,0.0,0.0,0.0,0.0,0.0,0.0,0.0,False,False,0.0,False,False,False,-0.017615535573733448,0.06287442291016147,2.4547503779257657e-05,2.214727046148321e-05
7.2,28.91341136091542,53.918125239400354,223.0117081773341,226.47199899079374,9.958831554536589,4.927475999156136,40.48933608490781,25.66453701371527,0.0,0.0,0.0,0.0,0.0,0.0,1.0,2.454528664832655e-05,2.214677220679223e-05,2.4574402750493057e-05,2.2134921022287667e-05,1.0,0.0,0.0,0.0,1.0,0.0,-0.031810577141611625,-0.0023538882120827573,-0.031810577141611625,-0.0023538882120827573,-0.031810577141611625,-0.0023538882120827573,0.03570107101495272,0.11557242872002008,0.07198472867868531,6405.883267548101,0.07198472867868531,0.0,0.0,0.0,0.0,0.0,0.0,0.0,False,False,0.0,False,False,False,-0.01761374391711694,0.06285398899309394,2.454528664832655e-05,2.214677220679223e-05
7.216666666666667,28.91317756709934,53.91800066507496,223.01914235471708,226.46843872802137,9.958831554536589,4.927475999156136,40.48933608490781,25.66453701371527,0.0,0.0,0.0,0.0,0.0,0.0,1.0,2.4543142019959295e-05,2.214627570890429e-05,2.4568150604386305e-05,2.213719195961099e-05,1.0,0.0,0.0,0.0,1.0,0.0,-0.03175618394626418,-0.0023531133636482257,-0.03175618394626418,-0.0023531133636482257,-0.03175618394626418,-0.0023531133636482257,0.035721019593434974,0.11553605124386197,0.07100273975552227,6406.079665332733,0.07100273975552227,0.0,0.0,0.0,0.0,0.0,0.0,0.0,False,False,0.0,False,False,False,-0.01761173888884015,0.06283359443946893,2.4543142019959295e-05,2.214627570890429e-05
7.233333333333333,28.9129518750422,53.91787756978538,223.0262920592002,226.46487903354148,9.958831554536589,4.927475999156136,40.48933608490781,25.66453701371527,0.0,0.0,0.0,0.0,0.0,0.0,1.0,2.4541067358092514e-05,2.2145780910604734e-05,2.456273395512755e-05,2.2138909749809737e-05,1.0,0.0,0.0,0.0,1.0,0.0,-0.03170285779563424,-0.0023523376928306383,-0.03170285779563424,-0.0023523376928306383,-0.03170285779563424,-0.0023523376928306383,0.03573919048763615,0.11549967862824545,0.07005710968156109,6406.268791347526,0.07005710968156109,0.0,0.0,0.0,0.0,0.0,0.0,0.0,False,False,0.0,False,False,False,-0.01760953230674394,0.06281323773977777,2.4541067358092514e-05,2.2145780910604734e-05
7.25,28.91273398936342,53.91775590396556,223.0331695974946,226.46131999539085,9.958831554536589,4.927475999156136,40.48933608490781,25.66453701371527,0.0,0.0,0.0,0.0,0.0,0.0,1.0,2.4539060213498755e-05,2.21452877569861e-05,2.455799920680179e-05,2.2140185351245008e-05,1.0,0.0,0.0,0.0,1.0,0.0,-0.031650572955283944,-0.0023515612263489923,-0.031650572955283944,-0.0023515612263489923,-0.031650572955283944,-0.0023515612263489923,0.03575568103023002,0.1154633117802575,0.06914628468397041,6406.450956347044,0.06914628468397041,0.0,0.0,0.0,0.0,0.0,0.0,0.0,False,False,0.0,False,False,False,-0.017607135342883422,0.06279291746645968,2.4539060213498755e-05,2.21452877569861e-05
7.266666666666667,28.912523627227234,53.91763562015821,223.03978668225645,226.45776169661983,9.958831554536589,4.927475999156136,40.48933608490781,25.66453701371527,0.0,0.0,0.0,0.0,0.0,0.0,1.0,2.453711822006637e-05,2.2144796196773425e-05,2.455382300945471e-05,2.2141107520350693e-05,1.0,0.0,0.0,0.0,1.0,0.0,-0.03159930431348888,-0.002350783990273341,-0.03159930431348888,-0.002350783990273341,-0.03159930431348888,-0.002350783990273341,0.035770583236053394,0.11542695155647163,0.06826878545886302,6406.626456192065,0.06826878545886302,0.0,0.0,0.0,0.0,0.0,0.0,0.0,False,False,0.0,False,False,False,-0.017604558558859434,0.06277263226942559,2.453711822006637e-05,2.2144796196773425e-05
7.283333333333333,28.912320517743552,53.91751667291388,223.04615446268681,226.45420421556838,9.958831554536589,4.927475999156136,40.48933608490781,25.66453701371527,0.0,0.0,0.0,0.0,0.0,0.0,1.0,2.4535239094508957e-05,2.21443061796181e-05,2.4550106226465558e-05,2.2141747252204176e-05,1.0,0.0,0.0,0.0,1.0,0.0,-0.03154902736616915,-0.0023500060100404984,-0.03154902736616915,-0.0023500060100404984,-0.03154902736616915,-0.0023500060100404984,0.03578398409303715,0.11539059876572436,0.06742320334984925,6406.795572613868,0.06742320334984925,0.0,0.0,0.0,0.0,0.0,0.0,0.0,False,False,0.0,False,False,False,-0.017601811939212862,0.06275238087182458,2.4535239094508957e-05,2.21443061796181e-05
7.3,28.912124401399566,53.91739901869522,223.0522835535006,226.45064762612648,9.958831554536589,4.927475999156136,40.48933608490781,25.66453701371527,0.0,0.0,0.0,0.0,0.0,0.0,1.0,2.453342063291758e-05,2.2143817658335646e-05,2.4546769107755963e-05,2.2142161333430467e-05,1.0,0.0,0.0,0.0,1.0,0.0,-0.031499718202185084,-0.0023492273104693635,-0.031499718202185084,-0.0023492273104693635,-0.031499718202185084,-0.0023492273104693635,0.035795965837190934,0.11535425417173434,0.06660819673017158,6406.9585739378035,0.06660819673017158,0.0,0.0,0.0,0.0,0.0,0.0,0.0,False,False,0.0,False,False,False,-0.017598904922991154,0.06273216206604397,2.453342063291758e-05,2.2143817658335646e-05
7.316666666666666,28.911935029520393,53.91728261578616,223.05818406235448,226.44709199798055,9.958831554536589,4.927475999156136,40.48933608490781,25.66453701371527,0.0,0.0,0.0,0.0,0.0,0.0,1.0,2.45316607102768e-05,2.2143330587746923e-05,2.454374742826013e-05,2.214239518429376e-05,1.0,0.0,0.0,0.0,1.0,0.0,-0.031451353488988774,-0.0023484479157758736,-0.031451353488988774,-0.0023484479157758736,-0.031451353488988774,-0.0023484479157758736,0.03580660621253348,0.11531791849558158,0.06582248757668822,6407.1157157685,0.06582248757668822,0.0,0.0,0.0,0.0,0.0,0.0,0.0,False,False,0.0,False,False,False,-0.017595846433584292,0.06271197470992744,2.45316607102768e-05,2.2143330587746923e-05
7.333333333333333,28.911752163757274,53.917167424205694,223.06386561581522,226.4435373968461,9.958831554536589,4.927475999156136,40.48933608490781,25.66453701371527,0.0,0.0,0.0,0.0,0.0,0.0,1.0,2.452995727675756e-05,2.2142844925229777e-05,2.4540989397959617e-05,2.2142485132480963e-05,1.0,0.0,0.0,0.0,1.0,0.0,-0.031403910458622855,-0.002347667849587596,-0.031403910458622855,-0.002347667849587596,-0.031403910458622855,-0.002347667849587596,0.03581597871677514,0.11528159241804871,0.06506485822599188,6407.2672416386395,0.06506485822599188,0.0,0.0,0.0,0.0,0.0,0.0,0.0,False,False,0.0,False,False,False,-0.017592644906928377,0.06269181772320043,2.452995727675756e-05,2.2142844925229777e-05
7.35,28.91157557560182,53.91705340562607,223.06933738395,226.43998388468765,9.958831554536589,4.927475999156136,40.48933608490781,25.66453701371527,0.0,0.0,0.0,0.0,0.0,0.0,1.0,2.4528308357221924e-05,2.2142360629022473e-05,2.453845318981208e-05,2.2142460231789266e-05,1.0,0.0,0.0,0.0,1.0,0.0,-0.03135736689405804,-0.0023468871349579673,-0.03135736689405804,-0.0023468871349579673,-0.03135736689405804,-0.0023468871349579673,0.03582415283355807,0.11524527658183455,0.06433414830217771,6407.413383623402,0.06433414830217771,0.0,0.0,0.0,0.0,0.0,0.0,0.0,False,False,0.0,False,False,False,-0.017589308318163053,0.0626716900840896,2.4528308357221924e-05,2.2142360629022473e-05
7.366666666666666,28.911405045924955,53.91694052329515,223.07460810361064,226.4364315199263,9.958831554536589,4.927475999156136,40.48933608490781,25.66453701371527,0.0,0.0,0.0,0.0,0.0,0.0,1.0,2.4526712047706796e-05,2.2141877660097203e-05,2.4536104961391026e-05,2.2142343717450853e-05,1.0,0.0,0.0,0.0,1.0,0.0,-0.03131170111586134,-0.0023461057943801886,-0.03131170111586134,-0.0023461057943801886,-0.03131170111586134,-0.0023461057943801886,0.03583119425196772,0.11520897159364316,0.06362925180758794,6407.55436292232,0.06362925180758794,0.0,0.0,0.0,0.0,0.0,0.0,0.0,False,False,0.0,False,False,False,-0.01758584420683065,0.06265159082612909,2.4526712047706796e-05,2.2141877660097203e-05
7.383333333333333,28.91124036453923,53.91682874196271,223.07968610048462,226.4328803576361,9.958831554536589,4.927475999156136,40.48933608490781,25.66453701371527,0.0,0.0,0.0,0.0,0.0,0.0,1.0,2.452516651351138e-05,2.214139598131007e-05,2.4533917271815098e-05,2.2142154170222696e-05,1.0,0.0,0.0,0.0,1.0,0.0,-0.03126689196918686,-0.0023453238498007804,-0.03126689196918686,-0.0023453238498007804,-0.03126689196918686,-0.0023453238498007804,0.035837165074033166,0.11517267802616177,0.06294911436721122,6407.690390410396,0.06294911436721122,0.0,0.0,0.0,0.0,0.0,0.0,0.0,False,False,0.0,False,False,False,-0.017582259700695355,0.06263151903514062,2.452516651351138e-05,2.214139598131007e-05
7.3999999999999995,28.91108132978326,53.91671802781045,223.08457930997844,226.42933044972958,9.958831554536589,4.927475999156136,40.48933608490781,25.66453701371527,0.0,0.0,0.0,0.0,0.0,0.0,1.0,2.452366998760818e-05,2.2140915556068813e-05,2.4531867814973717e-05,2.214190644739192e-05,1.0,0.0,0.0,0.0,1.0,0.0,-0.03122291881108138,-0.0023445413226328145,-0.03122291881108138,-0.0023445413226328145,-0.03122291881108138,-0.0023445413226328145,0.03584212401086565,0.1151363964199287,0.062292730618655694,6407.821667160107,0.062292730618655694,0.0,0.0,0.0,0.0,0.0,0.0,0.0,False,False,0.0,False,False,False,-0.017578561538257802,0.06261147384637761,2.452366998760818e-05,2.2140915556068813e-05
7.416666666666667,28.910927748127175,53.91660834838554,223.089295296996,226.42578184513275,9.958831554536589,4.927475999156136,40.48933608490781,25.66453701371527,0.0,0.0,0.0,0.0,0.0,0.0,1.0,2.452222076822306e-05,2.214043635034163e-05,2.4529938405623585e-05,2.214161242798186e-05,1.0,0.0,0.0,0.0,1.0,0.0,-0.03117976149809719,-0.002343758233768824,-0.03117976149809719,-0.002343758233768824,-0.03117976149809719,-0.002343758233768824,0.03584612656805716,0.11510012728509633,0.06165914174003774,6407.94838493583,0.06165914174003774,0.0,0.0,0.0,0.0,0.0,0.0,0.0,False,False,0.0,False,False,False,-0.017574756090037384,0.06259145444182733,2.452222076822306e-05,2.214043635034163e-05
7.433333333333334,28.91077943379788,53.916499672537554,223.0938412746724,226.42223458995073,9.958831554536589,4.927475999156136,40.48933608490781,25.66453701371527,0.0,0.0,0.0,0.0,0.0,0.0,1.0,2.4520817216138607e-05,2.2139958331723886e-05,2.452811416772659e-05,2.2141281608730262e-05,1.0,0.0,0.0,0.0,1.0,0.0,-0.03113740037420462,-0.0023429746035934,-0.03113740037420462,-0.0023429746035934,-0.03113740037420462,-0.0023429746035934,0.0358492252209286,0.11506387110310085,0.06104743310797403,6408.070726662243,0.06104743310797403,0.0,0.0,0.0,0.0,0.0,0.0,0.0,False,False,0.0,False,False,False,-0.017570849378690218,0.06257146004765991,2.4520817216138607e-05,2.2139958331723886e-05
7.45,28.910636208423174,53.916391970358546,223.09822412211946,226.41868872762436,9.958831554536589,4.927475999156136,40.48933608490781,25.66453701371527,0.0,0.0,0.0,0.0,0.0,0.0,1.0,2.451945775287269e-05,2.213948146835218e-05,2.452638288475581e-05,2.2140921580654645e-05,1.0,0.0,0.0,0.0,1.0,0.0,-0.031095816258997103,-0.0023421904519954836,-0.031095816258997103,-0.0023421904519954836,-0.031095816258997103,-0.0023421904519954836,0.0358514695801916,0.11502762832823908,0.06045673207896016,6408.188866868046,0.06045673207896016,0.0,0.0,0.0,0.0,0.0,0.0,0.0,False,False,0.0,False,False,False,-0.01756684709802569,0.06255148993181568,2.451945775287269e-05,2.213948146835218e-05
7.466666666666667,28.910497900693663,53.9162852131261,223.10245040123613,226.41514429907764,9.958831554536589,4.927475999156136,40.48933608490781,25.66453701371527,0.0,0.0,0.0,0.0,0.0,0.0,1.0,2.4518140859042595e-05,2.21390057310554e-05,2.4524734479613167e-05,2.2140538410734794e-05,1.0,0.0,0.0,0.0,1.0,0.0,-0.03105499043618165,-0.0023414057983803605,-0.03105499043618165,-0.0023414057983803605,-0.03105499043618165,-0.0023414057983803605,0.035852906548542805,0.1149913993891569,0.059886205887296456,6408.302972106379,0.059886205887296456,0.0,0.0,0.0,0.0,0.0,0.0,0.0,False,False,0.0,False,False,False,-0.01756275463098177,0.06253154340172662,2.4518140859042595e-05,2.21390057310554e-05
7.483333333333333,28.910364346041593,53.91617937324931,223.10652637263328,226.4116013428578,9.958831554536589,4.927475999156136,40.48933608490781,25.66453701371527,0.0,0.0,0.0,0.0,0.0,0.0,1.0,2.4516865071795048e-05,2.2138531090603458e-05,2.4523160598049543e-05,2.2140136946708525e-05,1.0,0.0,0.0,0.0,1.0,0.0,-0.03101490464234787,-0.002340620661681367,-0.03101490464234787,-0.002340620661681367,-0.03101490464234787,-0.002340620661681367,0.03585358046868065,0.11495518469025955,0.05933505965339009,6408.41320135316,0.05933505965339009,0.0,0.0,0.0,0.0,0.0,0.0,0.0,False,False,0.0,False,False,False,-0.017558577066617204,0.06251161980215975,2.4516865071795048e-05,2.2138531090603458e-05
7.5,28.910235386335664,53.91607442421734,223.11045801072225,226.40805989526686,9.928082446848444,4.933878725327369,39.53198221055277,25.047164876448868,0.0,0.0,0.0,0.0,0.0,0.0,1.0,3.8030559642053714e-05,-6.713963993897065e-07,2.722464040685038e-05,1.757783027748888e-05,1.0,0.0,0.0,0.0,1.0,0.0,-0.03097554105600871,-0.0023398350603713114,-0.03097554105600871,-0.0023398350603713114,-0.03097554105600871,-0.0023398350603713114,0.03585353326323118,0.11491898461304005,0.07397719561508893,6405.48477416082,0.07397719561508893,0.0,0.0,0.0,0.0,0.0,0.0,0.0,False,False,0.0,False,False,False,-0.017540804285514584,0.06246890905926132,3.8030559642053714e-05,-6.713963993897065e-07
7.516666666666667,28.910313593550903,53.9155141514723,223.10724099076418,226.40011298930412,9.928082446848444,4.933878725327369,39.53198221055277,25.047164876448868,0.0,0.0,0.0,0.0,0.0,0.0,1.0,3.803096816721533e-05,-6.722314039031563e-07,2.938590595892337e-05,1.3927817941210472e-05,1.0,0.0,0.0,0.0,1.0,0.0,-0.03093688228690646,-0.0023390490124736182,-0.03093688228690646,-0.0023390490124736182,-0.03093688228690646,-0.0023390490124736182,0.035782704294548384,0.11483872950551498,0.07415930972071237,6405.448351339695,0.07415930972071237,0.0,0.0,0.0,0.0,0.0,0.0,0.0,False,False,0.0,False,False,False,-0.017523322875826704,0.06242618799277531,3.803096816721533e-05,-6.722314039031563e-07
7.533333333333333,28.910390590980075,53.914954078645685,223.1041906448228,226.39217307950423,9.928082446848444,4.933878725327369,39.53198221055277,25.047164876448868,0.0,0.0,0.0,0.0,0.0,0.0,1.0,3.803132972389749e-05,-6.730667204794816e-07,3.11149907119182e-05,1.1007641008872482e-05,1.0,0.0,0.0,0.0,1.0,0.0,-0.03089891136557749,-0.0023382625355732036,-0.03089891136557749,-0.0023382625355732036,-0.03089891136557749,-0.0023382625355732036,0.035714229913805656,0.11475854393061566,0.07432142175428452,6405.415928932981,0.07432142175428452,0.0,0.0,0.0,0.0,0.0,0.0,0.0,False,False,0.0,False,False,False,-0.0175061173105662,0.06238345855612376,3.803132972389749e-05,-6.730667204794816e-07
7.55,28.910466535527604,53.91439423235233,223.1012958456489,226.38424003973574,9.928082446848444,4.933878725327369,39.53198221055277,25.047164876448868,0.0,0.0,0.0,0.0,0.0,0.0,1.0,3.8031647740606814e-05,-6.739022580908027e-07,3.249832211765592e-05,8.671332355479826e-06,1.0,0.0,0.0,0.0,1.0,0.0,-0.030861611733169557,-0.0023374756468270883,-0.030861611733169557,-0.0023374756468270883,-0.030861611733169557,-0.0023374756468270883,0.03564798228965849,0.11467842664418458,0.07446490163496947,6405.387232956844,0.07446490163496947,0.0,0.0,0.0,0.0,0.0,0.0,0.0,False,False,0.0,False,False,False,-0.017489172910553664,0.062340722595155204,3.8031647740606814e-05,-6.739022580908027e-07
7.566666666666666,28.910541573219746,53.91383463735787,223.09854612406644,226.3763137505423,9.928082446848444,4.933878725327369,39.53198221055277,25.047164876448868,0.0,0.0,0.0,0.0,0.0,0.0,1.0,3.803192543373919e-05,-6.747379293070566e-07,3.3605042780872575e-05,6.80211829852245e-06,1.0,0.0,0.0,0.0,1.0,0.0,-0.030824967231505455,-0.002336688362974753,-0.030824967231505455,-0.002336688362974753,-0.030824967231505455,-0.002336688362974753,0.03558384057216976,0.11459837646839781,0.07459103776286156,6405.3620057312655,0.07459103776286156,0.0,0.0,0.0,0.0,0.0,0.0,0.0,False,False,0.0,False,False,False,-0.017472475798136544,0.06229798185402214,3.803192543373919e-05,-6.747379293070566e-07
7.583333333333333,28.910615839854305,53.913275316688996,223.0959316318305,226.36839409878047,9.928082446848444,4.933878725327369,39.53198221055277,25.047164876448868,0.0,0.0,0.0,0.0,0.0,0.0,1.0,3.8032165819681246e-05,-6.755736535780932e-07,3.449046738863431e-05,5.306579908102342e-06,1.0,0.0,0.0,0.0,1.0,0.0,-0.030788962093387186,-0.0023359007003482413,-0.030788962093387186,-0.0023359007003482413,-0.030788962093387186,-0.0023359007003482413,0.03552169051169202,0.11451839228815298,0.07470104163091036,6405.340004957656,0.07470104163091036,0.0,0.0,0.0,0.0,0.0,0.0,0.0,False,False,0.0,False,False,False,-0.01745601285343397,0.06225523798073406,3.8032165819681246e-05,-6.755736535780932e-07
7.6,28.91068946161354,53.91271629173734,223.09344310654222,226.36048097727658,9.928082446848444,4.933878725327369,39.53198221055277,25.047164876448868,0.0,0.0,0.0,0.0,0.0,0.0,1.0,3.803237172814514e-05,-6.764093547252659e-07,3.5198848256536475e-05,4.10998205553682e-06,1.0,0.0,0.0,0.0,1.0,0.0,-0.030753580933134714,-0.002335112674882023,-0.030753580933134714,-0.002335112674882023,-0.030753580933134714,-0.002335112674882023,0.035461424098556814,0.1144384730476479,0.07479605218143207,6405.321002847551,0.07479605218143207,0.0,0.0,0.0,0.0,0.0,0.0,0.0,False,False,0.0,False,False,False,-0.017439771672967813,0.0622124925324096,3.803237172814514e-05,-6.764093547252659e-07
7.616666666666666,28.91076255564232,53.91215758235759,223.09107183850568,226.35257428450265,9.928082446848444,4.933878725327369,39.53198221055277,25.047164876448868,0.0,0.0,0.0,0.0,0.0,0.0,1.0,3.8032545811905565e-05,-6.772449613022535e-07,3.576558776761029e-05,3.152536652169006e-06,1.0,0.0,0.0,0.0,1.0,0.0,-0.030718808737353664,-0.002334324302122613,-0.030718808737353664,-0.002334324302122613,-0.030718808737353664,-0.002334324302122613,0.03540293922241043,0.11435861774714914,0.07487713992108183,6405.3047852996215,0.07487713992108183,0.0,0.0,0.0,0.0,0.0,0.0,0.0,False,False,0.0,False,False,False,-0.017423740530552703,0.06216974698024125,3.8032545811905565e-05,-6.772449613022535e-07
7.633333333333333,28.910835230593438,53.911599206959956,223.08880963942264,226.3446739242698,9.928082446848444,4.933878725327369,39.53198221055277,25.047164876448868,0.0,0.0,0.0,0.0,0.0,0.0,1.0,3.803269055839293e-05,-6.780804064077106e-07,3.621900832576682e-05,2.3864132404536627e-06,1.0,0.0,0.0,0.0,1.0,0.0,-0.030684630855926483,-0.0023335355972379634,-0.030684630855926483,-0.0023335355972379634,-0.030684630855926483,-0.0023335355972379634,0.03534613935015277,0.1142788254399361,0.07494531080738398,6405.291151122361,0.07494531080738398,0.0,0.0,0.0,0.0,0.0,0.0,0.0,False,False,0.0,False,False,False,-0.017407908340319207,0.062127002714189,3.803269055839293e-05,-6.780804064077106e-07
7.6499999999999995,28.9109075871419,53.911041182597444,223.08664881282215,226.33677980543843,9.928082446848444,4.933878725327369,39.53198221055277,25.047164876448868,0.0,0.0,0.0,0.0,0.0,0.0,1.0,3.80328082993835e-05,-6.7891562647443e-07,3.658176832049016e-05,1.7733474670680444e-06,1.0,0.0,0.0,0.0,1.0,0.0,-0.030651032993221538,-0.0023327465750266206,-0.030651032993221538,-0.0023327465750266206,-0.030651032993221538,-0.0023327465750266206,0.035290933221442854,0.11419909522941103,0.07500150991971623,6405.279911299895,0.07500150991971623,0.0,0.0,0.0,0.0,0.0,0.0,0.0,False,False,0.0,False,False,False,-0.017392264621755197,0.06208426104741868,3.80328082993835e-05,-6.7891562647443e-07
7.666666666666667,28.910979718469946,53.91048352504812,223.0845821261307,226.32889184164418,9.928082446848444,4.933878725327369,39.53198221055277,25.047164876448868,0.0,0.0,0.0,0.0,0.0,0.0,1.0,3.803290121935036e-05,-6.797505631983558e-07,3.68719949002622e-05,1.2827278610147644e-06,1.0,0.0,0.0,0.0,1.0,0.0,-0.030618001199515,-0.0023319572499266696,-0.030618001199515,-0.0023319572499266696,-0.030618001199515,-0.0023319572499266696,0.03523723456082206,0.11411942626636856,0.07504662492630815,6405.270888298576,0.07504662492630815,0.0,0.0,0.0,0.0,0.0,0.0,0.0,False,False,0.0,False,False,False,-0.01737679946665597,0.062041523220495894,3.803290121935036e-05,-6.797505631983558e-07
7.683333333333334,28.91105171072438,53.909926248892695,223.08260278429387,226.3210099510386,9.928082446848444,4.933878725327369,39.53198221055277,25.047164876448868,0.0,0.0,0.0,0.0,0.0,0.0,1.0,3.8032971366035694e-05,-6.805851611377256e-07,3.71041901934169e-05,8.900652565842665e-07,1.0,0.0,0.0,0.0,1.0,0.0,-0.030585521862620268,-0.0023311676360244565,-0.030585521862620268,-0.0023311676360244565,-0.030585521862620268,-0.0023311676360244565,0.03518496180555896,0.11403981774641052,0.07508148935861754,6405.263915412114,0.07508148935861754,0.0,0.0,0.0,0.0,0.0,0.0,0.0,False,False,0.0,False,False,False,-0.017361503507876255,0.061998790405353,3.8032971366035694e-05,-6.805851611377256e-07
7.7,28.911123643447795,53.909369367587686,223.08070440486094,226.31313405604416,9.928082446848444,4.933878725327369,39.53198221055277,25.047164876448868,0.0,0.0,0.0,0.0,0.0,0.0,1.0,3.80330206561294e-05,-6.814193687226799e-07,3.72899562859594e-05,5.757683315228773e-07,1.0,0.0,0.0,0.0,1.0,0.0,-0.030553581699719976,-0.0023303777470630982,-0.030553581699719976,-0.0023303777470630982,-0.030553581699719976,-0.0023303777470630982,0.035134037848329296,0.11396026890750473,0.0751068857034943,6405.258836143139,0.0751068857034943,0.0,0.0,0.0,0.0,0.0,0.0,0.0,False,False,0.0,False,False,False,-0.017346367889790187,0.06195606370903847,3.80330206561294e-05,-6.814193687226799e-07
7.716666666666667,28.9111955899851,53.9088128935344,223.07888099445665,226.3052640831225,9.928082446848444,4.933878725327369,39.53198221055277,25.047164876448868,0.0,0.0,0.0,0.0,0.0,0.0,1.0,3.803305088557682e-05,-6.822531374121865e-07,3.743857520588288e-05,3.241640377358646e-07,1.0,0.0,0.0,0.0,1.0,0.0,-0.03052216774939566,-0.0023295875964507917,-0.03052216774939566,-0.0023295875964507917,-0.03052216774939566,-0.0023295875964507917,0.03508438979396203,0.11388077902767592,0.07512354832336314,6405.255503619165,0.07512354832336314,0.0,0.0,0.0,0.0,0.0,0.0,0.0,False,False,0.0,False,False,False,-0.01733138424036095,0.06191334417726205,3.803305088557682e-05,-6.822531374121865e-07
7.733333333333333,28.91126761786677,53.90825683814398,223.07712692655903,226.29739996255535,9.928082446848444,4.933878725327369,39.53198221055277,25.047164876448868,0.0,0.0,0.0,0.0,0.0,0.0,1.0,3.803306373500407e-05,-6.830864215934263e-07,3.7557472911707115e-05,1.2271394587000645e-07,1.0,0.0,0.0,0.0,1.0,0.0,-0.030491267363850254,-0.00232879719726892,-0.030491267363850254,-0.00232879719726892,-0.030491267363850254,-0.00232879719726892,0.035035948729440436,0.11380134742282245,0.07513216621395259,6405.253780041047,0.07513216621395259,0.0,0.0,0.0,0.0,0.0,0.0,0.0,False,False,0.0,False,False,False,-0.017316544644736708,0.06187063279774628,3.803306373500407e-05,-6.830864215934263e-07
7.75,28.91133978917009,53.90770121189867,223.07543692051524,226.2895416282373,9.928082446848444,4.933878725327369,39.53198221055277,25.047164876448868,0.0,0.0,0.0,0.0,0.0,0.0,1.0,3.8033060776918905e-05,-6.839191789148602e-07,3.765259048474947e-05,-3.8612679086966835e-08,1.0,0.0,0.0,0.0,1.0,0.0,-0.030460868201318866,-0.00232800656227996,-0.030460868201318866,-0.00232800656227996,-0.030460868201318866,-0.00232800656227996,0.03498864950647136,0.11372197344465286,0.0751333856080646,6405.253536162225,0.0751333856080646,0.0,0.0,0.0,0.0,0.0,0.0,0.0,False,False,0.0,False,False,False,-0.01730184162028731,0.06182793050339462,3.8033060776918905e-05,-6.839191789148602e-07
7.766666666666667,28.911412160859598,53.90714602440964,223.07380602172572,226.28168901747983,9.928082446848444,4.933878725327369,39.53198221055277,25.047164876448868,0.0,0.0,0.0,0.0,0.0,0.0,1.0,3.803304348269556e-05,-6.847513697623431e-07,3.772868108433869e-05,-1.6784041722204207e-07,1.0,0.0,0.0,0.0,1.0,0.0,-0.03043095821866312,-0.0023272157039352006,-0.03043095821866312,-0.0023272157039352006,-0.03043095821866312,-0.0023272157039352006,0.03494243053592015,0.11364265647873356,0.07512781243428435,6405.254650796981,0.07512781243428435,0.0,0.0,0.0,0.0,0.0,0.0,0.0,False,False,0.0,False,False,False,-0.017287268093003016,0.061785238175286854,3.803304348269556e-05,-6.847513697623431e-07
7.783333333333333,28.91148478510795,53.90659128447142,223.0722295829316,226.27384207082616,9.928082446848444,4.933878725327369,39.53198221055277,25.047164876448868,0.0,0.0,0.0,0.0,0.0,0.0,1.0,3.803301322748923e-05,-6.855829571862648e-07,3.77895475129688e-05,-2.7138892521488656e-07,1.0,0.0,0.0,0.0,1.0,0.0,-0.030401525664144783,-0.0023264246343822743,-0.030401525664144783,-0.0023264246343822743,-0.030401525664144783,-0.0023264246343822743,0.034897233593460836,0.11356339594264392,0.07511601463870193,6405.257010356097,0.07511601463870193,0.0,0.0,0.0,0.0,0.0,0.0,0.0,False,False,0.0,False,False,False,-0.0172728173751826,0.061742556645510795,3.803301322748923e-05,-6.855829571862648e-07
7.8,28.911557709598235,53.906037000113194,223.070703246547,226.2660007318759,9.928082446848444,4.933878725327369,39.53198221055277,25.047164876448868,0.0,0.0,0.0,0.0,0.0,0.0,1.0,3.8032971297501106e-05,-6.864139067419561e-07,3.783823226987526e-05,-3.5439392152030044e-07,1.0,0.0,0.0,0.0,1.0,0.0,-0.030372559070374217,-0.002325633365472506,-0.030372559070374217,-0.002325633365472506,-0.030372559070374217,-0.002325633365472506,0.034853003635844156,0.11348419128423154,0.07509852437647624,6405.260508408543,0.07509852437647624,0.0,0.0,0.0,0.0,0.0,0.0,0.0,False,False,0.0,False,False,False,-0.01725848314433774,0.06169988669983953,3.8032971297501106e-05,-6.864139067419561e-07
7.816666666666666,28.911630977808812,53.905483178647195,223.06922292797523,226.25816494711944,9.928082446848444,4.933878725327369,39.53198221055277,25.047164876448868,0.0,0.0,0.0,0.0,0.0,0.0,1.0,3.803291889361432e-05,-6.872441852892597e-07,3.787716959462307e-05,-4.2096397427409223e-07,1.0,0.0,0.0,0.0,1.0,0.0,-0.030344047247429475,-0.002324841908768085,-0.030344047247429475,-0.002324841908768085,-0.030344047247429475,-0.002324841908768085,0.0348096886271817,0.11340504197996272,0.07507584008156755,6405.265045267524,0.07507584008156755,0.0,0.0,0.0,0.0,0.0,0.0,0.0,False,False,0.0,False,False,False,-0.017244259423250693,0.0616572290802634,3.803291889361432e-05,-6.872441852892597e-07
7.833333333333333,28.91170462928165,53.904929826714245,223.0677847998583,226.2503346657816,9.928082446848444,4.933878725327369,39.53198221055277,25.047164876448868,0.0,0.0,0.0,0.0,0.0,0.0,1.0,3.8032857137232194e-05,-6.880737634697154e-07,3.790830710314489e-05,-4.743859321132168e-07,1.0,0.0,0.0,0.0,1.0,0.0,-0.03031597927614192,-0.00232405027554906,-0.03031597927614192,-0.00232405027554906,-0.03031597927614192,-0.00232405027554906,0.034767239374724784,0.11332594753336497,0.07504842842014113,6405.27052759981,0.07504842842014113,0.0,0.0,0.0,0.0,0.0,0.0,0.0,False,False,0.0,False,False,False,-0.01723014056111974,0.06161458448738123,3.8032857137232194e-05,-6.880737634697154e-07
7.85,28.911778699875065,53.90437695032665,223.06638527720614,226.24250983967295,9.928082446848444,4.933878725327369,39.53198221055277,25.047164876448868,0.0,0.0,0.0,0.0,0.0,0.0,1.0,3.8032787075407797e-05,-6.88902613111414e-07,3.7933203097597473e-05,-5.172892683128562e-07,1.0,0.0,0.0,0.0,1.0,0.0,-0.030288344501544325,-0.0023232584768201722,-0.030288344501544325,-0.0023232584768201722,-0.030288344501544325,-0.0023232584768201722,0.034725609373605776,0.11324690747354987,0.07501672613492247,6405.276868056853,0.07501672613492247,0.0,0.0,0.0,0.0,0.0,0.0,0.0,False,False,0.0,False,False,False,-0.017216121215733477,0.06157195358266328,3.8032787075407797e-05,-6.88902613111414e-07
7.866666666666666,28.911853222001756,53.90382455490864,223.065021003357,226.23469042305027,9.928082446848444,4.933878725327369,39.53198221055277,25.047164876448868,0.0,0.0,0.0,0.0,0.0,0.0,1.0,3.803270968428217e-05,-6.897307076973724e-07,3.7953104414934416e-05,-5.517775561897594e-07,1.0,0.0,0.0,0.0,1.0,0.0,-0.030261132526477497,-0.002322466523317511,-0.030261132526477497,-0.002322466523317511,-0.030261132526477497,-0.002322466523317511,0.034684754660047425,0.11316792135382026,0.07498114178619744,6405.283984926598,0.07498114178619744,0.0,0.0,0.0,0.0,0.0,0.0,0.0,False,False,0.0,False,False,False,-0.017202196336619253,0.06152933699059021,3.803270968428217e-05,-6.897307076973724e-07
7.883333333333333,28.91192822485296,53.903272645334425,223.0636888367243,226.22687637248382,9.928082446848444,4.933878725327369,39.53198221055277,25.047164876448868,0.0,0.0,0.0,0.0,0.0,0.0,1.0,3.803262587426075e-05,-6.905580227228869e-07,3.796900870679968e-05,-5.795336494963849e-07,1.0,0.0,0.0,0.0,1.0,0.0,-0.030234333205351637,-0.0023216744255150235,-0.030234333205351637,-0.0023216744255150235,-0.030234333205351637,-0.0023216744255150235,0.03464463367259471,0.11308898875035332,0.07494205739509653,6405.2918018048185,0.07494205739509653,0.0,0.0,0.0,0.0,0.0,0.0,0.0,False,False,0.0,False,False,False,-0.017188361149110522,0.061486735300674694,3.803262587426075e-05,-6.905580227228869e-07
7.8999999999999995,28.912003734609492,53.90272122596406,223.06238583828565,226.21906764673227,9.928082446848444,4.933878725327369,39.53198221055277,25.047164876448868,0.0,0.0,0.0,0.0,0.0,0.0,1.0,3.8032536493012685e-05,-6.913845359210469e-07,3.798171426404228e-05,-6.019038267813173e-07,1.0,0.0,0.0,0.0,1.0,0.0,-0.030207936638058677,-0.0023208821936308546,-0.030207936638058677,-0.0023208821936308546,-0.030207936638058677,-0.0023208821936308546,0.0346052071209151,0.11301010926095373,0.07489982999467429,6405.300247284903,0.07489982999467429,0.0,0.0,0.0,0.0,0.0,0.0,0.0,False,False,0.0,False,False,False,-0.017174611139284993,0.06144414906937229,3.8032536493012685e-05,-6.913845359210469e-07
7.916666666666667,28.912079774640407,53.90217030067715,223.0611092597738,226.21126420662412,9.928082446848444,4.933878725327369,39.53198221055277,25.047164876448868,0.0,0.0,0.0,0.0,0.0,0.0,1.0,3.803244232990655e-05,-6.922102258541396e-07,3.7991859877215136e-05,-6.199651065958817e-07,1.0,0.0,0.0,0.0,1.0,0.0,-0.030181933164031897,-0.0023200898376335376,-0.030181933164031897,-0.0023200898376335376,-0.030181933164031897,-0.0023200898376335376,0.034566437861769696,0.11293128250387499,0.07485479309395487,6405.309254665047,0.07485479309395487,0.0,0.0,0.0,0.0,0.0,0.0,0.0,False,False,0.0,False,False,False,-0.017160942039724264,0.0614015788218893,3.803244232990655e-05,-6.922102258541396e-07
7.933333333333334,28.91215636569001,53.90161987290466,223.05985653252978,226.2034660149459,9.928082446848444,4.933878725327369,39.53198221055277,25.047164876448868,0.0,0.0,0.0,0.0,0.0,0.0,1.0,3.8032344119564784e-05,-6.930350733361235e-07,3.7999956725685064e-05,-6.3457909994393e-07,1.0,0.0,0.0,0.0,1.0,0.0,-0.030156313356449315,-0.0023192973672480376,-0.030156313356449315,-0.0023192973672480376,-0.030156313356449315,-0.0023192973672480376,0.03452829078174703,0.11285250811670688,0.07480725805949077,6405.31876167194,0.07480725805949077,0.0,0.0,0.0,0.0,0.0,0.0,0.0,False,False,0.0,False,False,False,-0.017147349816050907,0.06135902505389032,3.8032344119564784e-05,-6.930350733361235e-07
7.95,28.91223352605383,53.90106994565879,223.05862525698245,226.1956730363359,9.928082446848444,4.933878725327369,39.53198221055277,25.047164876448868,0.0,0.0,0.0,0.0,0.0,0.0,1.0,3.80322425443105e-05,-6.938590598366823e-07,3.800641388941015e-05,-6.464350919224805e-07,1.0,0.0,0.0,0.0,1.0,0.0,-0.030131068016577355,-0.002318504791961646,-0.030131068016577355,-0.002318504791961646,-0.030131068016577355,-0.002318504791961646,0.0344907326864018,0.1127737857553209,0.07475751541920089,6405.328710199998,0.07475751541920089,0.0,0.0,0.0,0.0,0.0,0.0,0.0,False,False,0.0,False,False,False,-0.01713383065420134,0.06131648823311414,3.80322425443105e-05,-6.938590598366823e-07
7.966666666666667,28.912311271744198,53.90052052156112,223.05741319271982,226.18788523718464,9.928082446848444,4.933878725327369,39.53198221055277,25.047164876448868,0.0,0.0,0.0,0.0,0.0,0.0,1.0,3.8032138238276204e-05,-6.946821684769566e-07,3.8011558759183364e-05,-6.560845072333757e-07,1.0,0.0,0.0,0.0,1.0,0.0,-0.03010618816825136,-0.0023177121210297296,-0.03010618816825136,-0.0023177121210297296,-0.03010618816825136,-0.0023177121210297296,0.03445373219544962,0.11269511509287629,0.07470583609292135,6405.339046065254,0.07470583609292135,0.0,0.0,0.0,0.0,0.0,0.0,0.0,False,False,0.0,False,False,False,-0.017120380948392598,0.061273968800900205,3.8032138238276204e-05,-6.946821684769566e-07
7.983333333333333,28.91238961664603,53.89997160286909,223.05621824911884,226.18010258553966,9.928082446848444,4.933878725327369,39.53198221055277,25.047164876448868,0.0,0.0,0.0,0.0,0.0,0.0,1.0,3.8032031790183676e-05,-6.955043843244468e-07,3.8015653365383424e-05,-6.639684826515899e-07,1.0,0.0,0.0,0.0,1.0,0.0,-0.030081665052489714,-0.0023169193634813485,-0.030081665052489714,-0.0023169193634813485,-0.030081665052489714,-0.0023169193634813485,0.03441725964367801,0.11261649581887788,0.07465247255322538,6405.349718773193,0.07465247255322538,0.0,0.0,0.0,0.0,0.0,0.0,0.0,False,False,0.0,False,False,False,-0.017106997289746177,0.061231467173631426,3.8032031790183676e-05,-6.955043843244468e-07
8.0,28.912468572663347,53.89942319150087,223.05503847650306,226.172325051016,9.928082446848444,4.933878725327369,39.53198221055277,25.047164876448868,0.0,0.0,0.0,0.0,0.0,0.0,1.0,3.8031923744933846e-05,-6.963256924084893e-07,3.801890744129351e-05,-6.704399246029698e-07,1.0,0.0,0.0,0.0,1.0,0.0,-0.030057490122238267,-0.0023161265281247297,-0.030057490122238267,-0.0023161265281247297,-0.030057490122238267,-0.0023161265281247297,0.03438128698726895,0.11253792763828491,0.07459765992095527,6405.360681299647,0.07459765992095527,0.0,0.0,0.0,0.0,0.0,0.0,0.0,False,False,0.0,False,False,False,-0.01709367645553417,0.06118898374410005,3.8031923744933846e-05,-6.963256924084893e-07
8.016666666666666,28.912548149857034,53.89887528905885,223.05387205780002,226.16455260471193,9.928082446848444,4.933878725327369,39.53198221055277,25.047164876448868,0.0,0.0,0.0,0.0,0.0,0.0,1.0,3.8031814607794416e-05,-6.971460795417161e-07,3.802148887459369e-05,-6.757811555907191e-07,1.0,0.0,0.0,0.0,1.0,0.0,-0.030033655037241935,-0.0023153336235526133,-0.030033655037241935,-0.0023153336235526133,-0.030033655037241935,-0.0023153336235526133,0.03434578771524198,0.11245941027067202,0.07454161699863562,6405.371889884111,0.07454161699863562,0.0,0.0,0.0,0.0,0.0,0.0,0.0,False,False,0.0,False,False,False,-0.01708041539901095,0.06114651888279703,3.8031814607794416e-05,-6.971460795417161e-07
8.033333333333333,28.912628356574416,53.8983278968516,223.05271730066826,226.15678521912847,9.928082446848444,4.933878725327369,39.53198221055277,25.047164876448868,0.0,0.0,0.0,0.0,0.0,0.0,1.0,3.803170484650148e-05,-6.979655337649437e-07,3.802353206897525e-05,-6.80218031225564e-07,1.0,0.0,0.0,0.0,1.0,0.0,-0.03001015165904042,-0.002314540658147468,-0.03001015165904042,-0.002314540658147468,-0.03001015165904042,-0.002314540658147468,0.0343107367657231,0.11238094344943222,0.0744845472455927,6405.383303834719,0.0744845472455927,0.0,0.0,0.0,0.0,0.0,0.0,0.0,False,False,0.0,False,False,False,-0.017067211239800373,0.061104072939131504,3.803170484650148e-05,-6.979655337649437e-07
8.05,28.912709199571022,53.8977810159146,223.0515726300702,226.14902286809377,9.928082446848444,4.933878725327369,39.53198221055277,25.047164876448868,0.0,0.0,0.0,0.0,0.0,0.0,1.0,3.80315948919803e-05,-6.987840435630777e-07,3.802514463357626e-05,-6.839312336930667e-07,1.0,0.0,0.0,0.0,1.0,0.0,-0.029986972046085036,-0.002313747640086579,-0.029986972046085036,-0.002313747640086579,-0.029986972046085036,-0.002313747640086579,0.034276110446787106,0.11230252692102435,0.07442663969760815,6405.394885344316,0.07442663969760815,0.0,0.0,0.0,0.0,0.0,0.0,0.0,False,False,0.0,False,False,False,-0.017054061254809412,0.06106164624258434,3.80315948919803e-05,-6.987840435630777e-07
8.066666666666666,28.91279068412502,53.89723464702974,223.05043658126598,226.1412655266916,9.928082446848444,4.933878725327369,39.53198221055277,25.047164876448868,0.0,0.0,0.0,0.0,0.0,0.0,1.0,3.803148514330834e-05,-6.99601598496552e-07,3.802641273552267e-05,-6.870653066537637e-07,1.0,0.0,0.0,0.0,1.0,0.0,-0.029964108448973636,-0.002312954577347015,-0.029964108448973636,-0.002312954577347015,-0.029964108448973636,-0.002312954577347015,0.03424188636163342,0.11222416044426323,0.07436806983441784,6405.406599316954,0.07436806983441784,0.0,0.0,0.0,0.0,0.0,0.0,0.0,False,False,0.0,False,False,False,-0.017040962869635135,0.061019239103798015,3.803148514330834e-05,-6.99601598496552e-07
8.083333333333334,28.91287281414477,53.89668879074356,223.04930779320253,226.1335131711936,9.928082446848444,4.933878725327369,39.53198221055277,25.047164876448868,0.0,0.0,0.0,0.0,0.0,0.0,1.0,3.803137596728769e-05,-7.004181893054129e-07,3.802740538187567e-05,-6.897358831840936e-07,1.0,0.0,0.0,0.0,1.0,0.0,-0.029941553305800953,-0.002312161477710476,-0.029941553305800953,-0.002312161477710476,-0.029941553305800953,-0.002312161477710476,0.03420804333782613,0.11214584378964661,0.07430900039812968,6405.418413204212,0.07430900039812968,0.0,0.0,0.0,0.0,0.0,0.0,0.0,False,False,0.0,False,False,False,-0.017027913650443323,0.0609768518156068,3.803137596728769e-05,-7.004181893054129e-07
8.1,28.912955592269814,53.89614344738447,223.04818500227967,226.12576577899512,9.928082446848444,4.933878725327369,39.53198221055277,25.047164876448868,0.0,0.0,0.0,0.0,0.0,0.0,1.0,3.8031267701662055e-05,-7.012338075450264e-07,3.8028177845832945e-05,-6.920354680562802e-07,1.0,0.0,0.0,0.0,1.0,0.0,-0.029919299237621377,-0.0023113683487680165,-0.029919299237621377,-0.0023113683487680165,-0.029919299237621377,-0.0023113683487680165,0.034174561360417875,0.1120675767387192,0.0742495821647708,6405.430296850884,0.0742495821647708,0.0,0.0,0.0,0.0,0.0,0.0,0.0,False,False,0.0,False,False,False,-0.017014911296289268,0.060934484654010926,3.8031267701662055e-05,-7.012338075450264e-07
8.116666666666667,28.913039019965755,53.89559861707887,223.0470670364693,226.11802332855467,9.928082446848444,4.933878725327369,39.53198221055277,25.047164876448868,0.0,0.0,0.0,0.0,0.0,0.0,1.0,3.803116065644388e-05,-7.02048445044845e-07,3.802877440795513e-05,-6.940380634539931e-07,1.0,0.0,0.0,0.0,1.0,0.0,-0.029897339044021552,-0.0023105751979246637,-0.029897339044021552,-0.0023105751979246637,-0.029897339044021552,-0.0023105751979246637,0.034141421508714465,0.11198935908347146,0.07418995467207423,6405.442222349423,0.07418995467207423,0.0,0.0,0.0,0.0,0.0,0.0,0.0,False,False,0.0,False,False,False,-0.017001953631858333,0.06089213787909814,3.803116065644388e-05,-7.02048445044845e-07
8.133333333333333,28.913123097613312,53.895054299766336,223.04595280976952,226.11028579933685,9.928082446848444,4.933878725327369,39.53198221055277,25.047164876448868,0.0,0.0,0.0,0.0,0.0,0.0,1.0,3.80310551162371e-05,-7.028620944080077e-07,3.802923054961152e-05,-6.95802869644796e-07,1.0,0.0,0.0,0.0,1.0,0.0,-0.02987566569880012,-0.002309782032403921,-0.02987566569880012,-0.002309782032403921,-0.02987566569880012,-0.002309782032403921,0.03410860589649514,0.11191119062577248,0.07413024690572911,6405.454163902692,0.07413024690572911,0.0,0.0,0.0,0.0,0.0,0.0,0.0,False,False,0.0,False,False,False,-0.016989038600602312,0.06084981173591425,3.80310551162371e-05,-7.028620944080077e-07
8.15,28.91320782459193,53.89451049521385,223.04484131697416,226.102553171758,9.928082446848444,4.933878725327369,39.53198221055277,25.047164876448868,0.0,0.0,0.0,0.0,0.0,0.0,1.0,3.8030951340800936e-05,-7.036747496219631e-07,3.80295747078494e-05,-6.973772456402295e-07,1.0,0.0,0.0,0.0,1.0,0.0,-0.029854272345751984,-0.002308988859252158,-0.029854272345751984,-0.002308988859252158,-0.029854272345751984,-0.002308988859252158,0.0340760976154935,0.11183307117683226,0.07407057794628144,6405.466097694582,0.07407057794628144,0.0,0.0,0.0,0.0,0.0,0.0,0.0,False,False,0.0,False,False,False,-0.016976164258251627,0.060807506455285563,3.8030951340800936e-05,-7.036747496219631e-07
8.166666666666666,28.91329319935821,53.893967203029135,223.04373162874194,226.094825427135,9.928082446848444,4.933878725327369,39.53198221055277,25.047164876448868,0.0,0.0,0.0,0.0,0.0,0.0,1.0,3.803084956778384e-05,-7.044864042786425e-07,3.8029829679836286e-05,-6.987990773679121e-07,1.0,0.0,0.0,0.0,1.0,0.0,-0.029833152294554636,-0.0023081956853429004,-0.029833152294554636,-0.0023081956853429004,-0.029833152294554636,-0.0023081956853429004,0.03404388068197392,0.11175500055669282,0.07401105757913683,6405.4780017680105,0.07401105757913683,0.0,0.0,0.0,0.0,0.0,0.0,0.0,False,False,0.0,False,False,False,-0.016963328766680538,0.060765222254598024,3.803084956778384e-05,-7.044864042786425e-07
8.183333333333334,28.913379219519523,53.89342442267321,223.04262288694585,226.08710254763685,9.928082446848444,4.933878725327369,39.53198221055277,25.047164876448868,0.0,0.0,0.0,0.0,0.0,0.0,1.0,3.8030750013669755e-05,-7.052970531808145e-07,3.803001374660298e-05,-7.000986725304925e-07,1.0,0.0,0.0,0.0,1.0,0.0,-0.02981229901675397,-0.00230740251738101,-0.02981229901675397,-0.00230740251738101,-0.02981229901675397,-0.00230740251738101,0.03401193998621239,0.11167697859374943,0.0739517868695566,6405.4898559099265,0.0739517868695566,0.0,0.0,0.0,0.0,0.0,0.0,0.0,False,False,0.0,False,False,False,-0.016950530388107895,0.0607229593385323,3.8030750013669755e-05,-7.052970531808145e-07
8.2,28.913465881903,53.89288215347216,223.04151430028958,226.0793845162389,9.928082446848444,4.933878725327369,39.53198221055277,25.047164876448868,0.0,0.0,0.0,0.0,0.0,0.0,1.0,3.803065287430289e-05,-7.061066918875869e-07,3.803014157214296e-05,-7.013002764019113e-07,1.0,0.0,0.0,0.0,1.0,0.0,-0.02979170614184728,-0.002306609361906774,-0.02979170614184728,-0.002306609361906774,-0.02979170614184728,-0.002306609361906774,0.03398026124474303,0.11159900512429563,0.07389285870463481,6405.501641542911,0.07389285870463481,0.0,0.0,0.0,0.0,0.0,0.0,0.0,False,False,0.0,False,False,False,-0.016937767479615323,0.06068071789975893,3.803065287430289e-05,-7.061066918875869e-07
8.216666666666667,28.913553182620234,53.89234039462811,223.0404051401757,226.07167131667936,9.928082446848444,4.933878725327369,39.53198221055277,25.047164876448868,0.0,0.0,0.0,0.0,0.0,0.0,1.0,3.803055832768323e-05,-7.069153163431763e-07,3.803022492325101e-05,-7.024232843901644e-07,1.0,0.0,0.0,0.0,1.0,0.0,-0.029771367453461036,-0.002305816225299878,-0.029771367453461036,-0.002305816225299878,-0.029771367453461036,-0.002305816225299878,0.03394883095521787,0.11152107999209354,0.07383435830401595,6405.513341623035,0.07383435830401595,0.0,0.0,0.0,0.0,0.0,0.0,0.0,False,False,0.0,False,False,False,-0.01692503848796327,0.06063849811959597,3.803055832768323e-05,-7.069153163431763e-07
8.233333333333333,28.91364111712791,53.891799145229605,223.03929473680978,226.06396293341848,9.928082446848444,4.933878725327369,39.53198221055277,25.047164876448868,0.0,0.0,0.0,0.0,0.0,0.0,1.0,3.803046653434814e-05,-7.077229219054626e-07,3.803027324547043e-05,-7.03483211893224e-07,1.0,0.0,0.0,0.0,1.0,0.0,-0.02975127688562111,-0.002305023113783304,-0.02975127688562111,-0.002305023113783304,-0.02975127688562111,-0.002305023113783304,0.03391763635371898,0.11144320304796812,0.07377636370131313,6405.524940543575,0.07377636370131313,0.0,0.0,0.0,0.0,0.0,0.0,0.0,False,False,0.0,False,False,False,-0.01691234194469094,0.06059630016863159,3.803046653434814e-05,-7.077229219054626e-07
8.25,28.913729680284607,53.89125840426131,223.03818247552934,226.0562593515998,9.928082446848444,4.933878725327369,39.53198221055277,25.047164876448868,0.0,0.0,0.0,0.0,0.0,0.0,1.0,3.803037763805677e-05,-7.085295060833829e-07,3.80302941239877e-05,-7.044924707312558e-07,1.0,0.0,0.0,0.0,1.0,0.0,-0.02973142851911335,-0.0023042300334271152,-0.02973142851911335,-0.0023042300334271152,-0.02973142851911335,-0.0023042300334271152,0.033886665374406696,0.11136537414942521,0.07371894619770501,6405.536424044297,0.07371894619770501,0.0,0.0,0.0,0.0,0.0,0.0,0.0,False,False,0.0,False,False,False,-0.016899676461484263,0.060554124207309934,3.803037763805677e-05,-7.085295060833829e-07
8.266666666666666,28.913818866403982,53.89071817061302,223.03706779334473,226.04856055701336,9.928082446848444,4.933878725327369,39.53198221055277,25.047164876448868,0.0,0.0,0.0,0.0,0.0,0.0,1.0,3.803029176799224e-05,-7.093350655670849e-07,3.80302936527886e-05,-7.054609896984216e-07,1.0,0.0,0.0,0.0,1.0,0.0,-0.029711816577932117,-0.0023034369901521606,-0.029711816577932117,-0.0023034369901521606,-0.029711816577932117,-0.0023034369901521606,0.033855906611379494,0.11128759316028593,0.07366217078910722,6405.547779126016,0.07366217078910722,0.0,0.0,0.0,0.0,0.0,0.0,0.0,False,False,0.0,False,False,False,-0.016887040725795652,0.06051197038648779,3.803029176799224e-05,-7.093350655670849e-07
8.283333333333333,28.91390866930456,53.89017844308822,223.0359501756788,226.04086653606117,9.928082446848444,4.933878725327369,39.53198221055277,25.047164876448868,0.0,0.0,0.0,0.0,0.0,0.0,1.0,3.8030209038518795e-05,-7.101395981777558e-07,3.803027672993464e-05,-7.063967113942885e-07,1.0,0.0,0.0,0.0,1.0,0.0,-0.029692435425814838,-0.0023026439897336874,-0.029692435425814838,-0.0023026439897336874,-0.029692435425814838,-0.0023026439897336874,0.03382534928260289,0.11120985995034542,0.0736060965689012,6405.558993970058,0.0736060965689012,0.0,0.0,0.0,0.0,0.0,0.0,0.0,False,False,0.0,False,False,False,-0.016874433496704262,0.060469838847959076,3.8030209038518795e-05,-7.101395981777558e-07
8.3,28.91399908235632,53.88963922041198,223.03482915329607,226.03317727572426,9.928082446848444,4.933878725327369,39.53198221055277,25.047164876448868,0.0,0.0,0.0,0.0,0.0,0.0,1.0,3.803012955147511e-05,-7.109431013549439e-07,3.8030247294242735e-05,-7.073059893864195e-07,1.0,0.0,0.0,0.0,1.0,0.0,-0.0296732795628604,-0.002301851037804864,-0.0296732795628604,-0.002301851037804864,-0.0296732795628604,-0.002301851037804864,0.033794983195821214,0.11113217439504759,0.07355077710688875,6405.57005786246,0.07355077710688875,0.0,0.0,0.0,0.0,0.0,0.0,0.0,False,False,0.0,False,False,False,-0.016861853601000905,0.0604277297249519,3.803012955147511e-05,-7.109431013549439e-07
8.316666666666666,28.914090098524262,53.889100501238445,223.03370429940884,226.0254927635319,9.928082446848444,4.933878725327369,39.53198221055277,25.047164876448868,0.0,0.0,0.0,0.0,0.0,0.0,1.0,3.803005339556107e-05,-7.117455736137257e-07,3.80302085145064e-05,-7.081939062318807e-07,1.0,0.0,0.0,0.0,1.0,0.0,-0.029654343622229365,-0.002301058139860217,-0.029654343622229365,-0.002301058139860217,-0.029654343622229365,-0.002301058139860217,0.03376479871631783,0.11105453637517938,0.07349626080665984,6405.580961122506,0.07349626080665984,0.0,0.0,0.0,0.0,0.0,0.0,0.0,False,False,0.0,False,False,False,-0.01684929992948834,0.060385643142597145,3.803005339556107e-05,-7.117455736137257e-07
