episode,scenario,second,X2,P2,P100,F200,safety_mode,in_Z_before,in_Omega_before,reachable_rank_before,requested_residual_norm,applied_residual_norm,applied_over_requested_step_ratio,actor_raw_a_P100,actor_raw_a_F200,actor_rho,q_base_P100_normalized,q_base_F200_normalized,u_base_P100,u_base_F200,interior_anchor_P100_normalized,interior_anchor_F200_normalized,boundary_target_P100_normalized,boundary_target_F200_normalized,mapped_action_P100_normalized,mapped_action_F200_normalized,applied_displacement_from_baseline,nonzero_actor,collapsed_action,interior_tau_max,final_verification_gap,economic_reward,state_recovery_loss,P100_move_loss,F200_move_loss,saturation_loss,omega_exit_event,physical_violation,robust_region_violation,qp_feasible,execution_mask,paper_state_shock_X2,paper_state_shock_P2,supervisor_mode,supervisor_remaining_shocks,supervisor_rank_before,supervisor_rank_next,supervisor_event_detected,supervisor_recovery_completed_steps,supervisor_q_area,supervisor_q_radius,supervisor_low_authority,supervisor_projection_distance_physical
25,pressure_positive,0,25.39,51.125,167.63148065710703,219.59701690491244,Omega_safe_one_step_QP,False,True,,0.3369036430492868,0.33690364304928677,0.9999999999999999,-0.572150468826294,-0.2459961324930191,0.572150468826294,-0.11765791350074158,0.5096237586998171,183.09565161821823,249.52860663022335,0.055419921875,0.0,-0.387939453125,-0.1906223930538007,-0.1546417096111119,-0.29931589725310914,33.69036430492868,True,False,0.443359375,0.0,3.658713090866618,0.002476042942074114,0.07414708474685744,0.0011024813105994864,0.0,False,False,False,True,1.0,0.0,1.0,wait_Gm,2,0,0,True,0,0.515989780419375,0.33251953125,False,0.0
25,pressure_positive,1,25.364790076744406,51.11962924124062,157.8406602440362,216.0321517999128,Omega_safe_one_step_QP,False,True,,0.4516026476683105,0.45160264766831043,0.9999999999999999,-0.9446964859962463,-0.04699238762259483,0.9446964859962463,-0.06731559762759674,0.5172224084361211,188.1298832055327,249.52860663022335,0.055419921875,0.0,-0.387939453125,-0.02205418980058974,-0.30289222961496504,-0.3349645483031054,45.16026476683104,True,False,0.443359375,0.0,4.824440772179064,0.002454483784890138,0.009586016436100452,0.0012708263216843995,0.0029477082128543655,False,False,False,True,1.0,0.0,0.0,wait_Gm,2,0,0,False,,0.515989780419375,0.33251953125,False,0.0
25,pressure_positive,2,25.331796153477143,51.11281119550041,156.94283775411307,215.0486362558459,Omega_safe_one_step_QP,False,True,,0.5114341228360098,0.5114341228360099,1.0000000000000002,-0.9773510098457336,-0.0446847528219223,0.9773510098457336,-0.0014586023856968922,0.5273026652165982,194.71558272972268,249.52860663022335,0.055419921875,0.0,-0.387939453125,-0.02027051067996954,-0.3777274497560962,-0.34479970374377444,51.14341228360098,True,False,0.443359375,0.0,4.923198801982035,0.0024428031306884283,8.060852234117677e-05,9.673028254212184e-05,0.005996359980098591,False,False,False,True,1.0,0.0,0.0,wait_Gm,2,0,0,False,,0.515989780419375,0.33251953125,False,0.0
25,pressure_positive,3,25.298254311753936,51.10589612823572,156.95188967191072,214.41599561865047,Omega_safe_one_step_QP,False,True,,0.5665201789644555,0.5665201789644555,1.0,-0.9804954528808594,-0.05659567192196846,0.9804954528808594,0.06548918108842758,0.537560164541097,201.41036107713515,249.52860663022335,0.055419921875,0.0,-0.387939453125,-0.025591369809318185,-0.4445847140522442,-0.3511261101157288,56.65201789644556,True,False,0.443359375,0.0,4.9129679739842,0.0024413382270345126,8.193721581539312e-09,4.0023417583104766e-05,0.005960277557594071,False,False,False,True,1.0,0.0,0.0,wait_Gm,2,0,0,False,,0.515989780419375,0.33251953125,False,0.0
25,pressure_positive,4,25.264899916355947,51.0990190006406,157.0010741237681,213.7849108285755,Omega_safe_one_step_QP,False,True,,0.6233304400374272,0.6233304400374274,1.0000000000000004,-0.9820466637611389,-0.06966642290353775,0.9820466637611389,0.1320622087137303,0.5477594863270565,208.0676638396654,249.52860663022335,0.055419921875,0.0,-0.387939453125,-0.031451928769558775,-0.5106658971589733,-0.35743695801647846,62.33304400374273,True,False,0.443359375,0.0,4.898025228517863,0.002449905425159586,2.4191103045100857e-07,3.982680122639626e-05,0.005766123543708227,False,False,False,True,1.0,0.0,0.0,wait_Gm,2,0,0,False,,0.515989780419375,0.33251953125,False,0.0
25,pressure_positive,5,25.231764028243955,51.09218615733438,157.03312979797244,213.1400224373229,Omega_safe_one_step_QP,False,True,,0.6817213482784515,0.6817213482784515,1.0,-0.9835255146026611,-0.08310278505086899,0.9835255146026611,0.19819851652353246,0.5578910434155601,214.68129462064562,249.52860663022335,0.055419921875,0.0,-0.387939453125,-0.03746155874339219,-0.5764816482267319,-0.3638858419290045,68.17213482784516,True,False,0.443359375,0.0,4.885231079111263,0.002468321698685602,1.0275662486950216e-07,4.1588103717237566e-05,0.005641315223357777,False,False,False,True,1.0,0.0,0.0,wait_Gm,2,0,0,False,,0.515989780419375,0.33251953125,False,0.0
25,pressure_positive,6,25.198831398296143,51.085395240792366,157.04696155744716,212.48693628428924,Omega_safe_one_step_QP,False,True,,0.7412601580204773,0.7412601580204774,1.0000000000000002,-0.9849745035171509,-0.09674644470214844,0.9849745035171509,0.26392845870926734,0.5679599629559162,221.2542888392191,249.52860663022335,0.055419921875,0.0,-0.387939453125,-0.0435477701234423,-0.6420732728177195,-0.3704167034593411,74.12601580204773,True,False,0.443359375,0.0,4.8746940945729555,0.0024964233012096017,1.913175701666827e-08,4.265215232842988e-05,0.005587883199339656,False,False,False,True,1.0,0.0,0.0,wait_Gm,2,0,0,False,,0.515989780419375,0.33251953125,False,0.0
25,pressure_positive,7,25.166086036435,51.078643566951065,157.04775154407474,211.8542257826212,Omega_safe_one_step_QP,False,True,,0.8014861752235876,0.8014861752235874,0.9999999999999999,-0.9863326549530029,-0.1099986582994461,0.9863326549530029,0.3292838882859356,0.5779715044843546,227.78983179688595,249.52860663022335,0.055419921875,0.0,-0.387939453125,-0.049444714366477856,-0.7074208025281119,-0.3767438084760215,80.14861752235876,True,False,0.443359375,0.0,4.865707426360532,0.002534056628662868,6.240788717562872e-11,4.003225789210272e-05,0.005584839159810302,False,False,False,True,1.0,0.0,0.0,wait_Gm,2,0,0,False,,0.515989780419375,0.33251953125,False,0.0
25,pressure_positive,8,25.13351625260571,51.07192844152658,157.03080155658185,211.23734197888012,Omega_safe_one_step_QP,False,True,,0.8565949007118399,0.8565949007118399,1.0,-0.9875843524932861,-0.1229737401008606,0.9875843524932861,0.3942881822167192,0.5879291113147361,233.65538828079238,249.52860663022335,0.055419921875,0.0,-0.387939453125,-0.05520699109385762,-0.7662458672421053,-0.38291264651343226,85.65949007118398,True,False,0.443359375,0.0,4.858839074514849,0.0025810893477759764,2.8730207600923305e-08,3.8054562731805725e-05,0.005650334209358331,False,False,False,True,1.0,0.0,0.0,wait_Gm,2,0,0,False,,0.515989780419375,0.33251953125,False,0.0
25,pressure_positive,9,25.10110670268367,51.065246554913756,156.93895240260403,210.61861362093083,Omega_safe_one_step_QP,False,True,,0.860197598801309,0.860197598801309,1.0,-0.9887681603431702,-0.13604134321212769,0.9887681603431702,0.4589719931209025,0.5978374269504175,233.65538828079238,249.52860663022335,0.055419921875,0.0,-0.387939453125,-0.06100035106283754,-0.7671643587818835,-0.3890999300929252,86.01975988013089,True,False,0.443359375,0.0,4.860929144768984,0.002637497982434882,8.436267086441065e-07,3.8282478093062986e-05,0.006011881025575004,False,False,False,True,1.0,0.0,0.0,wait_Gm,2,0,0,False,,0.515989780419375,0.33251953125,False,0.0
25,pressure_positive,10,25.068796480533177,51.05858600877831,156.84901320787262,210.01019019010897,Omega_safe_one_step_QP,False,True,,0.8637664319581037,0.8637664319581037,1.0,-0.989927351474762,-0.14889498054981232,0.989927351474762,0.5234568037249734,0.6077155565870568,233.65538828079238,249.52860663022335,0.055419921875,0.0,-0.387939453125,-0.06668568700405786,-0.7680637507291976,-0.3951841644011438,86.37664319581036,True,False,0.443359375,0.0,4.862794378267304,0.0027031918501980515,8.089058748935265e-07,3.7017907117304064e-05,0.006376773583156701,False,False,False,True,1.0,0.0,0.0,wait_Gm,2,0,0,False,,0.515989780419375,0.33251953125,False,0.0
25,pressure_positive,11,25.03658656968938,51.051946829179315,158.37146506034588,209.66595595760523,Omega_safe_one_step_QP,False,True,,0.8518626658158734,0.8518626658158736,1.0000000000000002,-0.9909836649894714,-0.16177445650100708,0.9909836649894714,0.5877406856671158,0.6175631028471694,233.65538828079238,249.52860663022335,0.055419921875,0.0,-0.3717493881763986,-0.069733826508845,-0.752839232204465,-0.39862650672618116,85.18626658158735,True,False,0.4271693100513986,0.0,4.672302898365379,0.002774832741170558,0.00023178596430992833,1.1849720682743706e-05,0.0016491825839642133,False,False,False,True,1.0,0.0,0.0,wait_Gm,2,0,0,False,,0.5052253462775538,0.33251953125,False,0.0
25,pressure_positive,12,25.00576233809221,51.04557835534457,195.94972133912296,227.2572409051817,Omega_safe_one_step_QP,False,True,,0.43791906224491545,0.4379190622449155,1.0000000000000002,-0.9906930327415466,-0.17963552474975586,0.9906930327415466,0.6492603720228584,0.6269759525799304,233.65538828079238,249.52860663022335,0.1976390437757927,0.14221912190079267,0.007340562292726144,0.10771361267590804,-0.3770566694166942,-0.22271365725041647,43.791906224491555,True,False,0.19029848148306655,0.0,0.14386057242501465,0.00277333486641761,0.14121253449534488,0.030945330610683046,0.0,False,False,False,True,1.0,0.0,0.0,wait_Gm,2,0,0,False,,0.2531091266593799,0.1903004093492073,False,0.0
25,pressure_positive,13,25.005052566366935,51.04472538730817,210.8502130394313,235.09284471301265,Omega_safe_one_step_QP,False,True,,0.26990132269397615,0.2699013226939762,1.0000000000000002,-0.6132127046585083,-0.16311585903167725,0.6132127046585083,0.6507635542358556,0.6267414766906224,233.65538828079238,249.52860663022335,0.20198974481865906,0.14656982294365903,0.016042800167344412,0.09710754765044591,-0.2280517524136107,-0.144357619172107,26.99013226939762,True,False,0.18594694465131464,0.0,-1.6508404813240805,0.002741723226350342,0.0222024652910958,0.0061396687033294884,0.0,False,False,False,True,1.0,0.0,0.0,wait_Gm,2,0,0,False,,0.24732219268671388,0.18594970830634094,False,0.0
25,pressure_positive,14,25.016234025177898,51.046049374470094,221.82241525060178,243.61821158318534,Omega_safe_one_step_QP,False,True,,0.13226942970515498,0.13226942970515507,1.0000000000000007,-0.23226851224899292,0.00023913104087114334,0.23226851224899292,0.6285678894811442,0.6226970131767804,233.65538828079238,249.52860663022335,0.13321330522838698,0.07779338335338692,-0.12151285772054377,0.07805563557127598,-0.11832973030190602,-0.059103950470380084,13.226942970515507,True,False,0.25472616294893075,0.0,-2.9770208970063687,0.0026905570236482185,0.012038922136281412,0.007268188027103807,0.0,False,False,False,True,1.0,0.0,0.0,wait_Gm,2,0,0,False,,0.33880278646201173,0.2547261478966131,False,0.0
25,pressure_positive,15,25.036138408289588,51.04891178437292,230.41037900006572,249.52860663022335,Omega_safe_one_step_QP,False,True,,0.03245009280726663,0.03245009280726663,1.0,0.11622022837400436,0.21380876004695892,0.21380876004695892,0.5889944416877622,0.6158255087388829,233.65538828079238,249.52860663022335,0.055419921875,0.0,0.2361678755706491,0.33251953125,-0.03245009280726663,0.0,3.245009280726663,True,False,0.33251953125,0.0,-4.009245380538891,0.0026286395676823823,0.00737531213621067,0.0034932769612051424,0.01026741037661589,False,False,False,True,1.0,0.0,0.0,wait_Gm,2,0,0,False,,0.5016364165503955,0.33251953125,False,0.0
25,pressure_positive,16,25.062845968790807,51.05299822087196,233.65538828079238,248.9725647071046,Omega_safe_one_step_QP,False,True,,0.005560419231187552,0.005560419231187552,1.0,0.3953080177307129,0.37858593463897705,0.3953080177307129,0.5358647574126949,0.6067624193653048,233.65538828079238,249.52860663022335,0.055419921875,0.0,0.387939453125,0.3184534891213646,0.0,-0.005560419231187552,0.5560419231187552,True,False,0.33251953125,0.0,-4.384953506357205,0.0025688521094280846,0.0010530085232002173,3.091826202656037e-05,0.01693521144457974,False,False,False,True,1.0,0.0,0.0,wait_Gm,2,0,0,False,,0.515989780419375,0.33251953125,False,0.0
25,pressure_positive,17,25.09207497137177,51.057602001035036,233.65538828079238,245.3591533731688,Omega_safe_one_step_QP,False,True,,0.04169453257054556,0.04169453257054556,1.0,0.4773833453655243,0.3519936203956604,0.4773833453655243,0.4777029059188606,0.5969220359457617,233.65538828079238,249.52860663022335,0.055419921875,0.0,0.387939453125,0.24517980108278864,0.0,-0.04169453257054556,4.169453257054556,True,False,0.33251953125,0.0,-4.365036733803895,0.002517278628888182,0.0,0.0013056741468215705,0.009999999999999995,False,False,False,True,1.0,0.0,0.0,wait_Gm,2,0,0,False,,0.515989780419375,0.33251953125,False,0.0
25,pressure_positive,18,25.121223844019045,51.06227460174078,233.65538828079238,241.654812189403,Omega_safe_one_step_QP,False,True,,0.07873794440820348,0.07873794440820348,1.0,0.4765053689479828,0.23971343040466309,0.4765053689479828,0.41969034804075156,0.5871531527262446,233.65538828079238,249.52860663022335,0.055419921875,0.0,0.387939453125,0.1672791173129247,0.0,-0.07873794440820348,7.8737944408203475,True,False,0.33251953125,0.0,-4.344834867806521,0.0024738819494119395,0.0,0.0013722143605743344,0.009999999999999995,False,False,False,True,1.0,0.0,0.0,wait_Gm,2,0,0,False,,0.515989780419375,0.33251953125,False,0.0
25,pressure_positive,19,25.150292391596587,51.067020241434996,232.29595454842305,238.04979945696147,Omega_safe_one_step_QP,False,True,,0.11546863228813439,0.1154686322881344,1.0000000000000002,0.4793928861618042,0.13418588042259216,0.4793928861618042,0.3618269837361963,0.5774581733948625,231.044141341912,249.52860663022335,0.055419921875,0.0,0.387939453125,0.0930748606132403,0.012518132065110432,-0.11478807173261885,11.546863228813443,True,False,0.33251953125,0.0,-4.163384476653414,0.002439627604221598,0.00018480600727035942,0.0012996116801065598,0.0042194871751046565,False,False,False,True,1.0,0.0,0.0,wait_Gm,2,0,0,False,,0.515989780419375,0.33251953125,False,0.0
25,pressure_positive,20,25.178188718119433,52.07162177529052,222.7959130632669,228.4689508617467,Omega_safe_one_step_QP,False,True,,0.22930225314160496,0.22930225314160493,0.9999999999999999,0.45513680577278137,-0.17819909751415253,0.45513680577278137,0.18863299725532973,1.11801655084369,213.72474269382536,249.52860663022335,0.055419921875,0.0,0.387939453125,-0.1301909219887632,0.09071170369441556,-0.2105965576847666,22.930225314160488,True,False,0.33251953125,0.0,-2.5638124301845893,0.009665141123996836,0.00902507882196878,0.009179265980442892,0.0,False,False,False,True,1.0,0.0,1.0,wait_Gm,1,0,0,True,0,0.515989780419375,0.33251953125,False,0.0
25,pressure_positive,21,25.19522196333346,52.07400237470085,211.13385529435322,224.03409535606812,Omega_safe_one_step_QP,False,True,,0.2550690735404231,0.2550690735404231,1.0,0.1384536325931549,-0.383353590965271,0.383353590965271,0.15477291165690038,1.1120885687294333,210.33873413398243,249.52860663022335,0.055419921875,0.0,0.17551410670789058,-0.33251953125,0.00795121160370807,-0.2549451127415523,25.506907354042305,True,False,0.33251953125,0.0,-1.1595823762411055,0.009658383739664612,0.013600359140548,0.0019667943356247524,0.0,False,False,False,True,1.0,0.0,0.0,wait_Gm,1,0,0,False,,0.515989780419375,0.33251953125,False,0.0
25,pressure_positive,22,25.202825079920018,52.074633306019976,197.41408266471865,219.49285706930283,Omega_safe_one_step_QP,False,True,,0.32132876464435656,0.32132876464435645,0.9999999999999997,-0.22890113294124603,-0.4516388773918152,0.4516388773918152,0.13970848758811888,1.1091690923840614,208.83229172710426,249.52860663022335,0.055419921875,0.0,-0.11310874392049347,-0.33251953125,-0.11418209062385619,-0.3003574956092052,32.13287646443565,True,False,0.33251953125,0.0,0.4864463051583289,0.009650194005543098,0.018823216100887007,0.002062284517718297,0.0,False,False,False,True,1.0,0.0,0.0,wait_Gm,1,0,0,False,,0.515989780419375,0.33251953125,False,0.0
25,pressure_positive,23,25.199373289162093,52.073198077249764,179.9747016766525,210.51431108341973,Omega_safe_one_step_QP,False,True,,0.4894484781784465,0.4894484781784464,0.9999999999999998,-0.5866466760635376,-0.47286489605903625,0.5866466760635376,0.14668002336052616,1.109768226977384,209.529445304345,249.52860663022335,0.055419921875,0.0,-0.3571111823786425,-0.33251953125,-0.2955474362769249,-0.39014295546803623,48.94484781784463,True,False,0.4125311042536425,0.0,2.584271712381865,0.009642644675823764,0.0304132009246923,0.008061428802061756,0.0,False,False,False,True,1.0,0.0,0.0,wait_Gm,1,0,0,False,,0.515989780419375,0.33251953125,False,0.0
25,pressure_positive,24,25.181927426981428,52.0692454606889,161.22380575716204,203.22179599158886,Omega_safe_one_step_QP,False,True,,0.6947402907320672,0.6947402907320672,1.0,-0.9094549417495728,-0.36236196756362915,0.9094549417495728,0.1815348175865463,1.1148754246216082,213.01492472694702,249.52860663022335,0.055419921875,0.0,-0.387939453125,-0.1766514954041772,-0.5179111896978497,-0.4630681063863449,69.47402907320672,True,False,0.443359375,0.0,4.828411218471701,0.009642156238023924,0.035159609778356395,0.005318077636458092,0.0,False,False,False,True,1.0,0.0,0.0,wait_Gm,1,0,0,False,,0.515989780419375,0.33251953125,False,0.0
25,pressure_positive,25,25.14952006028335,52.062537751155894,157.08445647908349,204.44162638002496,Omega_safe_one_step_QP,False,True,,0.7698259434545265,0.7698259434545266,1.0000000000000002,-0.9839633703231812,-0.2789672911167145,0.9839633703231812,0.2462080228631375,1.1247673311179087,219.48224525460614,249.52860663022335,0.055419921875,0.0,-0.387939453125,-0.1256985448496179,-0.6239778877552264,-0.45086980250198394,76.98259434545267,True,False,0.443359375,0.0,5.305895041533204,0.009652312604513998,0.0017134212445929456,0.00014879861765521518,0.005444319243532194,False,False,False,True,1.0,0.0,0.0,wait_Gm,1,0,0,False,,0.515989780419375,0.33251953125,False,0.0
25,pressure_positive,26,25.113969803889333,52.05514802741517,156.72943149661594,205.0952288364661,Omega_safe_one_step_QP,False,True,,0.8278299996465087,0.8278299996465087,1.0,-0.9906121492385864,-0.25923866033554077,0.9906121492385864,0.3171568012213808,1.1356075084735995,226.57712309043046,249.52860663022335,0.055419921875,0.0,-0.387939453125,-0.11602511690427554,-0.6984769159381452,-0.44433377793757245,82.78299996465087,True,False,0.443359375,0.0,5.334362257780844,0.00967366563740783,1.260427381760774e-05,4.271961710659042e-05,0.006878576960004705,False,False,False,True,1.0,0.0,0.0,wait_Gm,1,0,0,False,,0.515989780419375,0.33251953125,False,0.0
25,pressure_positive,27,25.07832973879776,52.04770014612501,156.67301948128383,204.90999714372634,Omega_safe_one_step_QP,False,True,,0.8897811763850744,0.8897811763850744,1.0,-0.9921956658363342,-0.26222893595695496,0.9921956658363342,0.3882889901857064,1.1464534609291428,233.65538828079238,249.52860663022335,0.055419921875,0.0,-0.387939453125,-0.11717613889674892,-0.7698236879950855,-0.4461860948649701,88.97811763850744,True,False,0.443359375,0.0,5.329827939666384,0.009706279033699857,3.182315473830682e-07,3.4310779995237734e-06,0.00712189686148633,False,False,False,True,1.0,0.0,0.0,wait_Gm,1,0,0,False,,0.515989780419375,0.33251953125,False,0.0
25,pressure_positive,28,25.042839508349843,52.04026841779756,156.59257921219918,204.4390200883518,Omega_safe_one_step_QP,False,True,,0.8928464233035474,0.8928464233035474,1.0,-0.9932324290275574,-0.27207428216934204,0.9932324290275574,0.4591234290886704,1.1572451457429325,233.65538828079238,249.52860663022335,0.055419921875,0.0,-0.387939453125,-0.1214485956869883,-0.770628090685932,-0.4508958654187154,89.28464233035473,True,False,0.443359375,0.0,5.329052975289496,0.009750126762440943,6.470636890410464e-07,2.2181938668926587e-05,0.007476171678491138,False,False,False,True,1.0,0.0,0.0,wait_Gm,1,0,0,False,,0.515989780419375,0.33251953125,False,0.0
25,pressure_positive,29,25.007479048567426,52.032858016270524,197.56388234121334,226.33006207970254,Omega_safe_one_step_QP,False,True,,0.42904187094608476,0.42904187094608465,0.9999999999999998,-0.9941126108169556,-0.2838536500930786,0.9941126108169556,0.5296990723309862,1.1679938574363387,233.65538828079238,249.52860663022335,0.20641175974322798,0.15099183786822795,0.024886962422570713,0.09916020859281746,-0.3609150593957904,-0.23198544550520808,42.90418709460847,True,False,0.18152479732065727,0.0,0.3829256437817594,0.009744460138954286,0.16786476800895653,0.0479217719467081,0.0,False,False,False,True,1.0,0.0,0.0,wait_Gm,1,0,0,False,,0.24144040303207034,0.18152769338177202,False,0.0
25,pressure_positive,30,25.004966369400385,52.031364840712754,213.43139243010566,233.41867098367732,Omega_safe_one_step_QP,False,True,,0.2585614114102195,0.25856141141021954,1.0000000000000002,-0.6088153123855591,-0.36111506819725037,0.6088153123855591,0.5348227295560087,1.1681652767714732,233.65538828079238,249.52860663022335,0.22184367187527582,0.1664237500002758,0.05575339539524654,0.06790832126874215,-0.20223995850686718,-0.16109935646546034,25.856141141021958,True,False,0.16609027648002928,0.0,-1.5251460482257517,0.009718307996571977,0.025177787642109945,0.005024837619351043,0.0,False,False,False,True,1.0,0.0,0.0,wait_Gm,1,0,0,False,,0.22091418077462405,0.16609578124972418,False,0.0
25,pressure_positive,31,25.015123875059142,52.0322200549738,222.401141362259,235.35875856717703,Omega_safe_one_step_QP,False,True,,0.18095376974054306,0.1809537697405432,1.0000000000000007,-0.1621619462966919,-0.24618704617023468,0.24618704617023468,0.514691940329427,1.1642930189502516,233.65538828079238,249.52860663022335,0.15935869638324573,0.10393877450824571,-0.06920267086600881,-0.24305291593912084,-0.11254246918533367,-0.14169848063046317,18.095376974054318,True,False,0.34699169044736655,0.0,-2.594008811434037,0.009683345369308902,0.008045639590586618,0.00037639398316497753,0.0,False,False,False,True,1.0,0.0,0.0,wait_Gm,1,0,0,False,,0.3040264019685059,0.22858075674175427,False,0.0
25,pressure_positive,32,25.032408613492258,52.03445302622504,230.81199318662343,235.88117352471642,Omega_safe_one_step_QP,False,True,,0.13940492316659076,0.13940492316659076,1.0,0.11970188468694687,-0.20521250367164612,0.20521250367164612,0.4803481590226743,1.1581772872989469,233.65538828079238,249.52860663022335,0.055419921875,0.0,0.24938088367649414,-0.33251953125,-0.028433950941689545,-0.13647433105506934,13.940492316659075,True,False,0.33251953125,0.0,-3.589875034357178,0.009643724760528355,0.007074242841141419,2.729173878608747e-05,0.000713166837914222,False,False,False,True,1.0,0.0,0.0,wait_Gm,1,0,0,False,,0.44543584556365723,0.33251953125,False,0.0
25,pressure_positive,33,25.05636007122281,52.03800692641805,233.65538828079238,230.60708318141593,Omega_safe_one_step_QP,False,True,,0.1892152344880742,0.1892152344880742,1.0,0.39138710498809814,-0.17764784395694733,0.39138710498809814,0.4327059259006245,1.149980739083578,233.65538828079238,249.52860663022335,0.055419921875,0.0,0.387939453125,-0.15092826781284374,0.0,-0.1892152344880742,18.92152344880742,True,False,0.33251953125,0.0,-3.9045497585635394,0.009608751498598045,0.0008084895661544078,0.002781602894929544,0.009999999999999995,False,False,False,True,1.0,0.0,0.0,wait_Gm,1,0,0,False,,0.515989780419375,0.33251953125,False,0.0
25,pressure_positive,34,25.08251604387571,52.0421380076264,233.28014887173504,223.49719828041458,Omega_safe_one_step_QP,False,True,,0.2603381201726761,0.26033812017267605,0.9999999999999998,0.4852692186832428,-0.29758429527282715,0.4852692186832428,0.38064944011863927,1.1411732723858288,232.9263869801563,249.52860663022335,0.055419921875,0.0,0.387939453125,-0.20391276957558874,0.0035376189157872995,-0.2603140834980877,26.033812017267604,True,False,0.33251953125,0.0,-3.8304554927185337,0.009582014067794272,1.4080461410970415e-05,0.005055046330548699,0.008159034097979327,False,False,False,True,1.0,0.0,0.0,wait_Gm,1,0,0,False,,0.515989780419375,0.33251953125,False,0.0
25,pressure_positive,35,25.108296422012284,52.04638665639752,229.94875248449426,217.01345117023635,Omega_safe_one_step_QP,False,True,,0.3258651651754232,0.3258651651754232,1.0,0.46754854917526245,-0.48892098665237427,0.48892098665237427,0.32931915315380134,1.1325885459980194,227.79335828367252,249.52860663022335,0.055419921875,0.0,0.3734038674463838,-0.33251953125,0.02155394200821753,-0.32515155459987,32.58651651754232,True,False,0.33251953125,0.0,-3.4070172333781192,0.009564068276543552,0.0011098201888920872,0.004203897658874453,1.9831343266992797e-05,False,False,False,True,1.0,0.0,0.0,wait_Gm,1,0,0,False,,0.515989780419375,0.33251953125,False,0.0
25,pressure_positive,36,25.131331416185574,52.05027327975121,220.9321469339062,208.4637283622888,Omega_safe_one_step_QP,False,True,,0.41127771378104067,0.41127771378104067,1.0,0.3550582230091095,-0.6174806952476501,0.6174806952476501,0.283443247275953,1.124960676647688,223.2057676958877,249.52860663022335,0.055419921875,0.0,0.24662232672766626,-0.33251953125,-0.022736207619814708,-0.41064878267934546,41.127771378104065,True,False,0.33251953125,0.0,-2.3026246558054844,0.009554917047274316,0.00812991756548953,0.007309776009273848,0.0,False,False,False,True,1.0,0.0,0.0,wait_Gm,1,0,0,False,,0.515989780419375,0.33251953125,False,0.0
25,pressure_positive,37,25.14706369967613,52.05296417192237,205.7367918998286,200.60988741304214,Omega_safe_one_step_QP,False,True,,0.5097582620472835,0.5097582620472835,1.0,0.003986813593655825,-0.7355766296386719,0.7355766296386719,0.2521040273001412,1.119750151831251,220.0718456983065,249.52860663022335,0.055419921875,0.0,0.05722217242773271,-0.33251953125,-0.14335053798477898,-0.48918719217181206,50.97582620472835,True,False,0.33251953125,0.0,-0.4684122358957529,0.009552332264855934,0.023089881461166768,0.006168281765606368,0.0,False,False,False,True,1.0,0.0,0.0,wait_Gm,1,0,0,False,,0.515989780419375,0.33251953125,False,0.0
25,pressure_positive,38,25.15055144194476,52.0534716562952,186.37726293039412,194.52340951381672,Omega_safe_one_step_QP,False,True,,0.6414501565882025,0.6414501565882026,1.0000000000000002,-0.5204755663871765,-0.8270972371101379,0.8270972371101379,0.24515991538254914,1.1184946974912178,219.3774345065473,249.52860663022335,0.055419921875,0.0,-0.15382789518559076,-0.33251953125,-0.3300017157615317,-0.5500519711640663,64.14501565882027,True,False,0.33251953125,0.0,1.8513912710819522,0.009555703155764162,0.03747913619183728,0.003704521321775959,0.0,False,False,False,True,1.0,0.0,0.0,wait_Gm,1,0,0,False,,0.515989780419375,0.33251953125,False,0.0
25,pressure_positive,39,25.138499230522743,52.05109245099411,170.74707197678666,194.46870711824346,Omega_safe_one_step_QP,False,True,,0.7507329188128464,0.7507329188128464,1.0,-0.8279197812080383,-0.6837450265884399,0.8279197812080383,0.26919016311545546,1.1221951765631357,221.78045927983794,249.52860663022335,0.055419921875,0.0,-0.3472148130838955,-0.33251953125,-0.5103338730305127,-0.5505989951197989,75.07329188128465,True,False,0.4026347349588955,0.0,3.7048852159355192,0.009566398220970052,0.02443028692462327,2.99235208145324e-07,0.0,False,False,False,True,1.0,0.0,0.0,wait_Gm,1,0,0,False,,0.515989780419375,0.33251953125,False,0.0
25,pressure_positive,40,25.113978556378825,53.046227275527364,157.72708615998647,193.95524321432646,Omega_safe_one_step_QP,False,True,,0.7973519965438576,0.7973519965438576,1.0,-0.9717936515808105,-0.5246156454086304,0.9717936515808105,0.20043465313294817,1.6796177478805754,214.9049082815872,249.52860663022335,0.055419921875,0.0,-0.387939453125,-0.23934429318943792,-0.5717782212160072,-0.5557336341589689,79.73519965438578,True,False,0.443359375,0.0,5.6787087579380975,0.021657725882698996,0.016952003066967803,2.636451806256859e-05,0.003274177004282298,False,False,False,True,1.0,0.0,1.0,wait_Gm,0,0,0,True,0,0.515989780419375,0.33251953125,False,0.0
25,pressure_positive,41,25.076030760291754,53.03839027865759,156.5219482926119,198.12223981850735,Omega_safe_one_step_QP,False,True,,0.8362232069196287,0.8362232069196289,1.0000000000000002,-0.9931568503379822,-0.41460636258125305,0.9931568503379822,0.2761562619547546,1.6912207297354027,222.47706916376785,249.52860663022335,0.055419921875,0.0,-0.387939453125,-0.18508619028554443,-0.6595512087115594,-0.51406366811716,83.6223206919629,True,False,0.443359375,0.0,5.79682887537926,0.021653804938585246,0.0001452357279380103,0.0017363860699255108,0.0077943342235376415,False,False,False,True,1.0,0.0,0.0,wait_Gm,0,0,0,False,,0.515989780419375,0.33251953125,False,0.0
25,pressure_positive,42,25.03733151080012,53.03023850171289,164.83678756732385,202.11505752447889,Omega_safe_one_step_QP,False,True,,0.8074979814431791,0.8074979814431791,1.0,-0.9951677322387695,-0.39912670850753784,0.9951677322387695,0.3533959523762784,1.7029669975742752,230.2010382059202,249.52860663022335,0.055419921875,0.0,-0.30342046681720075,-0.14391823466390316,-0.6536425063859637,-0.4741354910574447,80.74979814431791,True,False,0.35884038869220075,0.0,4.783937991228313,0.021657526105976432,0.006913655216429224,0.0015942593233119772,0.0,False,False,False,True,1.0,0.0,0.0,wait_Gm,0,0,0,False,,0.4597867013375684,0.33251953125,False,0.0
25,pressure_positive,43,25.005479451579106,53.023302130309105,203.92949606758089,228.30461757532183,Omega_safe_one_step_QP,False,True,,0.36525147217691634,0.3652514721769164,1.0000000000000002,-0.9920282363891602,-0.42456141114234924,0.9920282363891602,0.41699390914543905,1.712498453483308,233.65538828079238,249.52860663022335,0.2381138405874664,0.18269391871246637,0.08829181082189938,0.11857411844447549,-0.29725892213211497,-0.2122398905490152,36.52514721769164,True,False,0.14982202976556702,0.0,0.04913123751572129,0.021638239889015053,0.15282398578860687,0.06858930556567086,0.0,False,False,False,True,1.0,0.0,0.0,wait_Gm,0,0,0,False,,0.19927298062987797,0.1498256125375336,False,0.0
25,pressure_positive,44,25.004956309363532,53.0218474301341,219.14975276926384,234.53452643906203,Omega_safe_one_step_QP,False,True,,0.20862308174607497,0.20862308174607477,0.9999999999999991,-0.4634213149547577,-0.4946315884590149,0.4946315884590149,0.4181854901868867,1.7118526786784132,233.65538828079238,249.52860663022335,0.2413043775728732,0.18588445569787318,0.0946780470607472,0.029383206336458106,-0.1450563551152854,-0.14994080191161316,20.862308174607477,True,False,0.15650124936141507,0.0,-1.7789479969054673,0.021610825615204596,0.02316562140651249,0.003881176445050879,0.0,False,False,False,True,1.0,0.0,0.0,wait_Gm,0,0,0,False,,0.19502919860598633,0.1466350755521268,False,0.0
25,pressure_positive,45,25.016580748911537,53.02265999886884,224.69453510453863,221.747765129725,Omega_safe_one_step_QP,False,True,,0.2919027310804386,0.29190273108043857,0.9999999999999998,0.0033983225002884865,-0.41773247718811035,0.41773247718811035,0.3951625267287699,1.7073386879885213,233.65538828079238,249.52860663022335,0.16979214820173852,0.11437222632673849,0.17342768625037008,-0.33251953125,-0.08960853176253747,-0.27780841500498354,29.19027310804386,True,False,0.4468917575767385,0.0,-2.39615022545197,0.021588312111916887,0.0030744611145575337,0.016350126478195864,0.0,False,False,False,True,1.0,0.0,0.0,wait_Gm,0,0,0,False,,0.29014870819343264,0.21814730492326148,False,0.0
25,pressure_positive,46,25.032594444657267,53.024695461156476,216.35854540573308,204.45277826936405,Omega_safe_one_step_QP,False,True,,0.4745493857928777,0.4745493857928777,1.0,0.14229699969291687,-0.6777921915054321,0.6777921915054321,0.3633424815844535,1.701648934295568,231.19569112673773,249.52860663022335,0.07129565570120906,0.01587573382620905,0.14443842947299232,-0.33251953125,-0.14837145721004646,-0.45075828360859305,47.45493857928777,True,False,0.34839526507620905,0.0,-1.3487697391217353,0.021576782554648816,0.006948872425859222,0.029911657050005792,0.0,False,False,False,True,1.0,0.0,0.0,wait_Gm,0,0,0,False,,0.4211603987183643,0.31664379742379095,False,0.0
25,pressure_positive,47,25.041897930751993,53.02591204790072,195.16694998744424,190.97598294454116,Omega_safe_one_step_QP,False,True,,0.6779841953885966,0.6779841953885966,1.0,-0.26154571771621704,-0.8804388642311096,0.8804388642311096,0.3448468125566781,1.6983342717893783,229.3461242239602,249.52860663022335,0.055419921875,0.0,-0.043359292660686916,-0.33251953125,-0.34179174236515947,-0.5855262368568219,67.79841953885966,True,False,0.33251953125,0.0,1.2127344120670978,0.02157588631971582,0.044908371637244066,0.018162401222716805,0.0,False,False,False,True,1.0,0.0,0.0,wait_Gm,0,0,0,False,,0.4972734496174218,0.33251953125,False,0.0
25,pressure_positive,48,25.034242670953148,53.024198707617295,178.71639880773822,191.30792738712813,Omega_safe_one_step_QP,False,True,,0.7816702824735019,0.7816702824735019,1.0,-0.7681847810745239,-0.8754475116729736,0.8754475116729736,0.36012762671162435,1.7005491713931646,230.87420563945483,249.52860663022335,0.061143969570772214,0.005724047695772172,-0.2356568850524609,-0.33251953125,-0.521578068317166,-0.5822067924309522,78.16702824735019,True,False,0.33824357894577217,0.0,3.1639009446700856,0.02158045970272489,0.027062063411612727,1.1018711296437642e-05,0.0,False,False,False,True,1.0,0.0,0.0,wait_Gm,0,0,0,False,,0.4346633116417529,0.32679548355422783,False,0.0
25,pressure_positive,49,25.01349377444824,53.01985259505254,195.44561965911925,216.39553403078966,Omega_safe_one_step_QP,False,True,,0.5057456789732504,0.5057456789732504,1.0,-0.9590648412704468,-0.704209566116333,0.9590648412704468,0.4015303842094843,1.7068295938360616,233.65538828079238,249.52860663022335,0.18873210645270463,0.1333121845777046,-0.010467067241836714,-0.012953174803359419,-0.38209768621673135,-0.3313307259943369,50.57456789732504,True,False,0.19919917369454135,0.0,1.093543879296899,0.02156934455446412,0.027986683029428184,0.06293880071070902,0.0,False,False,False,True,1.0,0.0,0.0,wait_Gm,0,0,0,False,,0.264956380166001,0.19920734667229537,False,0.0
25,pressure_positive,50,25.006186231173558,53.01737757351243,210.35079518497983,227.711071425634,Omega_safe_one_step_QP,False,True,,0.31923485113077643,0.3192348511307764,0.9999999999999998,-0.7552357316017151,-0.6588507294654846,0.7552357316017151,0.4162147330854179,1.7084792217130342,233.65538828079238,249.52860663022335,0.23364881168180396,0.17822888980680393,0.07936569104428084,0.0436357524288046,-0.2330459309581255,-0.21817535204589347,31.92348511307764,True,False,0.1542831206375231,0.0,-0.714494970081696,0.021547784099660613,0.022216425745671335,0.012804138653412065,0.0,False,False,False,True,1.0,0.0,0.0,wait_Gm,0,0,0,False,,0.20521198383780764,0.15429064144319604,False,0.0
25,pressure_positive,51,25.010800870944504,53.01696878512344,213.9636189940092,219.34069268710135,Omega_safe_one_step_QP,False,True,,0.3604269587421613,0.3604269587421613,1.0,-0.2608577609062195,-0.5389596223831177,0.5389596223831177,0.4071525751194622,1.7062450087057326,233.65538828079238,249.52860663022335,0.2052457490729263,0.14982582719792628,0.02257313496350072,-0.22759504300400615,-0.1969176928678317,-0.30187913943121997,36.04269587421613,True,False,0.37742087020193243,0.0,-1.1176461864875091,0.02152857264924778,0.0013052495875089554,0.0070063240226479456,0.0,False,False,False,True,1.0,0.0,0.0,wait_Gm,0,0,0,False,,0.24299133164837405,0.1826937040520737,False,0.0
25,pressure_positive,52,25.018284200533806,53.01736733812993,209.15505955274543,203.14335354912515,Omega_safe_one_step_QP,False,True,,0.5245815295242383,0.5245815295242383,1.0,-0.19588623940944672,-0.697481632232666,0.697481632232666,0.3923398743904111,1.7032467962652487,233.65538828079238,249.52860663022335,0.15920671772007935,0.10378679584507933,0.036671009687709005,-0.33251953125,-0.24500328728046952,-0.463852530810982,52.45815295242383,True,False,0.4363063270950793,0.0,-0.49548373088444353,0.02151841906345142,0.002312224390016705,0.026235379515061556,0.0,False,False,False,True,1.0,0.0,0.0,wait_Gm,0,0,0,False,,0.3042285511124707,0.22873273540492065,False,0.0
25,pressure_positive,53,25.0219045128922,53.01748835638411,191.11487493673252,191.04935946950178,Omega_safe_one_step_QP,False,True,,0.7215312781624389,0.7215312781624389,1.0,-0.49356603622436523,-0.8793355226516724,0.8793355226516724,0.38517500693332996,1.7017225042375972,233.37894366162539,249.52860663022335,0.13693238185557075,0.08151245998057072,-0.0954614240554218,-0.33251953125,-0.42264068724892856,-0.5847924716072157,72.1531278162439,True,False,0.4140319912305707,0.0,1.685543394474821,0.021520290265476676,0.03254482609798288,0.014626469279796515,0.0,False,False,False,True,1.0,0.0,0.0,wait_Gm,0,0,0,False,,0.33385598578283204,0.2510070712694293,False,0.0
25,pressure_positive,54,25.011117105963535,53.015140500187584,202.52332596309114,218.42982806854272,Omega_safe_one_step_QP,False,True,,0.4400385587856684,0.44003855878566833,0.9999999999999999,-0.842909574508667,-0.841107189655304,0.842909574508667,0.4067033798078076,1.7049071602301265,233.65538828079238,249.52860663022335,0.20326406694761273,0.1478441450726127,0.018598977477322504,-0.03642607694063127,-0.3113206231770124,-0.31098778561680634,44.00385587856683,True,False,0.18466508947029023,0.0,0.2437861997857499,0.021505605476939606,0.013015275482082304,0.07496900607030667,0.0,False,False,False,True,1.0,0.0,0.0,wait_Gm,0,0,0,False,,0.24562719733996585,0.18467538617738727,False,0.0
25,pressure_positive,55,25.00947807310619,53.013741146963326,209.7513497605999,222.91647416384612,Omega_safe_one_step_QP,False,True,,0.35771617967081865,0.3577161796708187,1.0000000000000002,-0.5580458045005798,-0.6844924092292786,0.6844924092292786,0.41008499941765664,1.7047613368084469,233.65538828079238,249.52860663022335,0.21332204786603745,0.15790212599103742,0.03871661006808694,-0.05626684691220374,-0.23904038520192472,-0.2661213246637723,35.77161796708187,True,False,0.21416897290324116,0.0,-0.629606982277628,0.02148632978223984,0.0052244328017353086,0.002012999318450124,0.0,False,False,False,True,1.0,0.0,0.0,wait_Gm,0,0,0,False,,0.2322489231514014,0.17461740525896255,False,0.0
25,pressure_positive,56,25.01361504217446,53.01337011002603,208.97482470105086,210.28834134344498,Omega_safe_one_step_QP,False,True,,0.46356538248562157,0.4635653824856216,1.0000000000000002,-0.28294727206230164,-0.6168034076690674,0.6168034076690674,0.4019586942271801,1.7027488771994261,233.65538828079238,249.52860663022335,0.1878589543868237,0.13243903251182368,-0.012197175059507986,-0.3036680254152493,-0.24680563579741516,-0.39240265286778364,46.35653824856217,True,False,0.43610705792707294,0.0,-0.49845567874624974,0.021472819876053012,6.029911681076468e-05,0.01594697385296923,0.0,False,False,False,True,1.0,0.0,0.0,wait_Gm,0,0,0,False,,0.26611777307803713,0.2000804987381763,False,0.0
25,pressure_positive,57,25.017119603382678,53.01324273585335,197.71079859852398,197.41572891813527,Omega_safe_one_step_QP,False,True,,0.6330691550582512,0.6330691550582513,1.0000000000000002,-0.4268600642681122,-0.8108935356140137,0.8108935356140137,0.39505017577632395,1.7011366490296094,233.65538828079238,249.52860663022335,0.16629200007862435,0.11087207820362432,-0.055331927193143865,-0.3101403917031144,-0.359445896822684,-0.5211287771208808,63.30691550582513,True,False,0.42101246990673874,0.0,0.8795899041524899,0.021469346236402523,0.0126878284038407,0.0165704150652238,0.0,False,False,False,True,1.0,0.0,0.0,wait_Gm,0,0,0,False,,0.29480430872374513,0.22164745304637565,False,0.0
25,pressure_positive,58,25.011625302333822,53.01173148236905,201.675030568375,214.54651738833974,Omega_safe_one_step_QP,False,True,,0.47397150200632127,0.4739715020063213,1.0000000000000002,-0.7166292071342468,-0.851161777973175,0.851161777973175,0.4060443702130224,1.7025525133988841,233.65538828079238,249.52860663022335,0.20007023865336376,0.14465031677836374,0.012213491973755153,-0.07847271660662422,-0.31980357712417373,-0.3498208924188361,47.39715020063213,True,False,0.22312303338498796,0.0,0.354930581879089,0.021456662556520203,0.001571513511078896,0.02934639136108902,0.0,False,False,False,True,1.0,0.0,0.0,wait_Gm,0,0,0,False,,0.24987535718299808,0.18786921447163624,False,0.0
25,pressure_positive,59,25.009318330854025,53.01031316751834,208.55052317060316,221.44469967242878,Omega_safe_one_step_QP,False,True,,0.3766908655933747,0.37669086559337467,0.9999999999999999,-0.5840518474578857,-0.7226684093475342,0.7226684093475342,0.4107439569976748,1.7026774134059524,233.65538828079238,249.52860663022335,0.2142378450408183,0.15881792316581828,0.0405482459618792,-0.056094480301304955,-0.25104865110189223,-0.2808390695779457,37.66908655933746,True,False,0.21491240346712323,0.0,-0.48400773569506783,0.02143843740397729,0.0047272398523294,0.004758491882451996,0.0,False,False,False,True,1.0,0.0,0.0,wait_Gm,0,0,0,False,,0.23103080732862308,0.1737016080841817,False,0.0
25,pressure_positive,60,25.012508487307826,53.00979495092313,209.45575951739974,213.58156690839965,Omega_safe_one_step_QP,False,True,,0.4333372470776533,0.43333724707765325,0.9999999999999999,-0.3175458014011383,-0.6258601546287537,0.6258601546287537,0.4045004913935473,1.7009826032417215,233.65538828079238,249.52860663022335,0.1945978487102218,0.13917792683522176,0.001277535372026739,-0.24184263985109358,-0.2419962876339264,-0.359470397218237,43.33372470776533,True,False,0.38102056668631534,0.0,-0.5673412658417601,0.021423295158534684,8.194528435616267e-05,0.006182885686474842,0.0,False,False,False,True,1.0,0.0,0.0,wait_Gm,0,0,0,False,,0.257154266712583,0.1933416044147782,False,0.0
25,pressure_positive,61,25.016411711284107,53.00964847115581,200.92065397645038,198.85732175741765,Omega_safe_one_step_QP,False,True,,0.6032530099914042,0.6032530099914042,1.0,-0.3612712025642395,-0.761929452419281,0.761929452419281,0.3968073263132395,1.699191927704691,233.65538828079238,249.52860663022335,0.17057744644384729,0.11515752456884726,-0.04169001191802402,-0.33251953125,-0.32734734304342,-0.506712848728057,60.325300999140424,True,False,0.44767705581884726,0.0,0.4921023557812168,0.02141797335916457,0.0072848026595144465,0.02168033952662169,0.0,False,False,False,True,1.0,0.0,0.0,wait_Gm,0,0,0,False,,0.28910417099756835,0.21736200668115271,False,0.0
25,pressure_positive,62,25.01349191303239,53.00860443157441,199.46806613622027,210.12305848932357,Omega_safe_one_step_QP,False,True,,0.5216867086385775,0.5216867086385775,1.0,-0.6567280888557434,-0.857216477394104,0.857216477394104,0.4026702761271451,1.6997805950911407,233.65538828079238,249.52860663022335,0.18852326264150263,0.1331033407665026,-0.01087838398074345,-0.1271723806541053,-0.3418732214457211,-0.3940554814089978,52.16867086385775,True,False,0.2602757214206079,0.0,0.6295984869799987,0.021408083645744418,0.00021100114335843723,0.012691682411261422,0.0,False,False,False,True,1.0,0.0,0.0,wait_Gm,0,0,0,False,,0.2652341665102295,0.19941619048349737,False,0.0
25,pressure_positive,63,25.009427529739792,53.00696951643144,207.2186474951975,220.76091271006547,Omega_safe_one_step_QP,False,True,,0.39070212142355,0.39070212142355004,1.0000000000000002,-0.6441882848739624,-0.7577894330024719,0.7577894330024719,0.41085892686942366,1.700526292783111,233.65538828079238,249.52860663022335,0.21350043033435476,0.15808050845935473,0.039072873119408574,-0.047106954252392114,-0.2643674078559488,-0.28767693920157883,39.070212142355004,True,False,0.20518746271174684,0.0,-0.32510861198898056,0.02139066583812808,0.006007151140212531,0.011316394242175627,0.0,False,False,False,True,1.0,0.0,0.0,wait_Gm,0,0,0,False,,0.23201165390305664,0.17443902279064524,False,0.0
25,pressure_positive,64,25.01156526049017,53.006261131753384,210.1400321630564,217.2599868037241,Omega_safe_one_step_QP,False,True,,0.3992788247391894,0.39927882473918946,1.0000000000000002,-0.359269917011261,-0.6267493963241577,0.6267493963241577,0.40671164197085513,1.6991699785100218,233.65538828079238,249.52860663022335,0.20033255350954818,0.14491263163454815,0.012743940282834626,-0.1823372841813744,-0.23515356117735992,-0.32268619826499245,39.92788247391895,True,False,0.32724991581592255,0.0,-0.6614908055017759,0.021373694909933478,0.0008534488377600986,0.0012256482201692107,0.0,False,False,False,True,1.0,0.0,0.0,wait_Gm,0,0,0,False,,0.24952644818302736,0.18760689961545182,False,0.0
25,pressure_positive,65,25.016028710243358,53.00611917426322,205.55991534854368,203.05907222052525,Omega_safe_one_step_QP,False,True,,0.5430260792577862,0.5430260792577862,1.0,-0.29040437936782837,-0.6987489461898804,0.6987489461898804,0.39791262730275806,1.6971458338952765,233.65538828079238,249.52860663022335,0.17286502760905056,0.11744510573405054,-0.014143055699477575,-0.33251953125,-0.280954729322487,-0.464695344096981,54.30260792577862,True,False,0.44996463698405054,0.0,-0.0734488266921653,0.02136473799116848,0.002097747003458202,0.02016659749993098,0.0,False,False,False,True,1.0,0.0,0.0,wait_Gm,0,0,0,False,,0.2860614243155713,0.21507442551594944,False,0.0
25,pressure_positive,66,25.016822841167457,53.00568043077436,196.0038617391735,201.50436756882914,Omega_safe_one_step_QP,False,True,,0.6102429834369401,0.61024298343694,0.9999999999999998,-0.551816463470459,-0.8558722138404846,0.8558722138404846,0.3963819251168338,1.6965034784601798,233.65538828079238,249.52860663022335,0.16796994444907834,0.11255002257407831,-0.051980501428359305,-0.22859506371855276,-0.3765152654161889,-0.48024239061394214,61.02429834369399,True,False,0.3411450862926311,0.0,1.0667460865891598,0.021360061878416325,0.009131816058515714,0.00024171065540055326,0.0,False,False,False,True,1.0,0.0,0.0,wait_Gm,0,0,0,False,,0.29257244926485354,0.21996950867592166,False,0.0
25,pressure_positive,67,25.009991849437377,53.003767553628045,205.1899255556184,219.3963820268271,Omega_safe_one_step_QP,False,True,,0.41451580521227277,0.41451580521227266,0.9999999999999998,-0.715893566608429,-0.7997328042984009,0.7997328042984009,0.410056440946722,1.698261176434711,233.65538828079238,249.52860663022335,0.20996531609641708,0.15454539422141705,0.032002287959610715,-0.044259118336983205,-0.2846546272517398,-0.3013222460339625,41.451580521227264,True,False,0.19880451255840026,0.0,-0.08118434864782557,0.02134402607963416,0.00843837684397985,0.0320124181365208,0.0,False,False,False,True,1.0,0.0,0.0,wait_Gm,0,0,0,False,,0.23671376339819827,0.17797413702858292,False,0.0
25,pressure_positive,68,25.010519316233385,53.00277700582028,210.2003624684847,220.46325254139416,Omega_safe_one_step_QP,False,True,,0.37348802446196827,0.37348802446196844,1.0000000000000004,-0.4377003312110901,-0.647100567817688,0.647100567817688,0.40911594356422887,1.6974276697943695,233.65538828079238,249.52860663022335,0.20670027818279774,0.1512803563077977,0.025476074497339796,-0.11664332742049296,-0.23455025812307667,-0.290653540888292,37.34880244619684,True,False,0.2679236837282907,0.0,-0.680070417321067,0.021325676025793727,0.002510447805781329,0.00011382126948525774,0.0,False,False,False,True,1.0,0.0,0.0,wait_Gm,0,0,0,False,,0.24105664024261234,0.18123917494220226,False,0.0
25,pressure_positive,69,25.015045304639692,53.002556396120646,208.59800376341522,207.31158888508986,Omega_safe_one_step_QP,False,True,,0.49093269458700844,0.4909326945870084,0.9999999999999999,-0.25845277309417725,-0.6348050832748413,0.6348050832748413,0.4002020663535404,1.6953338904739164,233.65538828079238,249.52860663022335,0.17884639556699206,0.12342647369199203,-0.006786190660188124,-0.33251953125,-0.25057384517377157,-0.4221701774513349,49.09326945870084,True,False,0.455946004941992,0.0,-0.44904910056261543,0.021313713643505747,0.0002567553419711977,0.017296625692855522,0.0,False,False,False,True,1.0,0.0,0.0,wait_Gm,0,0,0,False,,0.27810551535174316,0.20909305755800794,False,0.0
25,pressure_positive,70,25.01827817441354,53.002470634404524,195.6932305095794,194.6543952358919,Omega_safe_one_step_QP,False,True,,0.667255910336974,0.6672559103369742,1.0000000000000002,-0.4383600354194641,-0.8289574384689331,0.8289574384689331,0.3938213495894223,1.6938587190847418,233.65538828079238,249.52860663022335,0.1589520429926067,0.10353212111760668,-0.07001117267948387,-0.3294470408297795,-0.37962157771212984,-0.5487421139433144,66.72559103369741,True,False,0.43297916194738617,0.0,1.1232672410773694,0.02131244353209776,0.016653317273291654,0.016020455107329693,0.0,False,False,False,True,1.0,0.0,0.0,wait_Gm,0,0,0,False,,0.3045672978600147,0.2289874101323933,False,0.0
25,pressure_positive,71,25.01120370866047,53.000741655647396,202.14838239754485,215.68654310454778,Omega_safe_one_step_QP,False,True,,0.4623825995215278,0.46238259952152777,0.9999999999999999,-0.7396755218505859,-0.849317193031311,0.849317193031311,0.40795341187611883,1.6958199974407853,233.65538828079238,249.52860663022335,0.2024491741380163,0.14702925226301627,0.016970795693312002,-0.0659424780364169,-0.3150700588324753,-0.3384206352567557,46.238259952152774,True,False,0.21297173029943317,0.0,0.2903873607713422,0.021299197977607678,0.004166898589670399,0.04423512439690057,0.0,False,False,False,True,1.0,0.0,0.0,wait_Gm,0,0,0,False,,0.24671109872664554,0.1854902789869837,False,0.0
25,pressure_positive,72,25.009310165675632,52.99937561761122,209.2602543092144,221.98071797468393,Omega_safe_one_step_QP,False,True,,0.3679685762221057,0.3679685762221057,1.0,-0.5574776530265808,-0.7015762329101562,0.7015762329101562,0.4118290357842235,1.6957993650170995,233.65538828079238,249.52860663022335,0.21407387331978944,0.15865395144478942,0.04022051928389267,-0.06013756520365374,-0.2439513397157799,-0.2754788865553942,36.796857622210574,True,False,0.21879151664844315,0.0,-0.5746966735527985,0.02128054554706588,0.005057872208799414,0.003961663729585337,0.0,False,False,False,True,1.0,0.0,0.0,wait_Gm,0,0,0,False,,0.2312489086215967,0.17386557980521056,False,0.0
25,pressure_positive,73,25.013100746338946,52.998965808403916,209.6500978143661,211.46077932985628,Omega_safe_one_step_QP,False,True,,0.45004593607187143,0.45004593607187143,1.0,-0.28028687834739685,-0.608696460723877,0.608696460723877,0.4043864220543967,1.693911159717009,233.65538828079238,249.52860663022335,0.19074143674964578,0.13532151487464575,-0.006432652109168602,-0.29287965794679405,-0.24005290466426288,-0.38067827300367074,45.00459360718714,True,False,0.42820117282143977,0.0,-0.5885919291487699,0.02126631683723114,1.519779585089656e-05,0.011066910909093817,0.0,False,False,False,True,1.0,0.0,0.0,wait_Gm,0,0,0,False,,0.2622837392174854,0.19719801637535422,False,0.0
25,pressure_positive,74,25.017190855403754,52.998924032115106,199.72916901026113,197.16680368135172,Omega_safe_one_step_QP,False,True,,0.6239188057791357,0.6239188057791356,0.9999999999999998,-0.37088850140571594,-0.787349283695221,0.787349283695221,0.3963098424304873,1.6920991856358047,233.65538828079238,249.52860663022335,0.16557313346984182,0.11015321159484179,-0.04295214699568964,-0.33251953125,-0.3392621927053125,-0.5236180294887163,62.39188057791356,True,False,0.4426727428448418,0.0,0.6343200576282652,0.02126233359310465,0.009842482833611948,0.020431773984004125,0.0,False,False,False,True,1.0,0.0,0.0,wait_Gm,0,0,0,False,,0.29576048419111817,0.22236631965515818,False,0.0
25,pressure_positive,75,25.01335118407826,52.99775654780508,199.49111889075076,210.8264239176414,Omega_safe_one_step_QP,False,True,,0.5162418279908566,0.5162418279908567,1.0000000000000002,-0.679054856300354,-0.8594539165496826,0.8594539165496826,0.4039981132056341,1.6930071267063767,233.65538828079238,249.52860663022335,0.18917674579930813,0.1337568239243081,-0.009571905333818326,-0.11779178815097086,-0.34164269390041624,-0.38702182712581956,51.62418279908567,True,False,0.25154861207527895,0.0,0.620006872753961,0.02125224852292184,5.666785939890436e-06,0.018658522499965424,0.0,False,False,False,True,1.0,0.0,0.0,wait_Gm,0,0,0,False,,0.26436495857348147,0.19876270732569187,False,0.0
25,pressure_positive,76,25.009339618371317,52.996113943020326,207.53008084737795,221.18104917622566,Omega_safe_one_step_QP,False,True,,0.3855017123305835,0.3855017123305835,1.0,-0.6411901116371155,-0.7502744793891907,0.7502744793891907,0.41208098081072186,1.693726197037702,233.65538828079238,249.52860663022335,0.2138287628026512,0.15840884092765117,0.0397294559692469,-0.0453096263814293,-0.26125307433414435,-0.28347557453997696,38.55017123305835,True,False,0.20371846730908047,0.0,-0.3681040811772164,0.02123460548120059,0.006462490934009926,0.010721826424571125,0.0,False,False,False,True,1.0,0.0,0.0,wait_Gm,0,0,0,False,,0.23157493386684083,0.1741106903223488,False,0.0
25,pressure_positive,77,25.011760017911655,52.995453545028866,210.2902595148326,216.867827421129,Omega_safe_one_step_QP,False,True,,0.40157885163378465,0.40157885163378454,0.9999999999999998,-0.3442066013813019,-0.618100643157959,0.618100643157959,0.40736829223126125,1.6922770975797587,233.65538828079238,249.52860663022335,0.19892249259060868,0.14350257071560865,0.00992449674857207,-0.19588598928507125,-0.2336512876595978,-0.3266077920909436,40.15788516337846,True,False,0.3393885600006799,0.0,-0.6827949617594368,0.021217792918292996,0.0007618586276271745,0.0018603881908639136,0.0,False,False,False,True,1.0,0.0,0.0,wait_Gm,0,0,0,False,,0.25140199176938965,0.18901696053439132,False,0.0
25,pressure_positive,78,25.01637646163896,52.99535696059598,205.3355065251476,202.62457664200525,Omega_safe_one_step_QP,False,True,,0.5479054418227077,0.5479054418227076,0.9999999999999998,-0.2900999188423157,-0.7052823305130005,0.7052823305130005,0.3982598715315618,1.6902133402835864,233.65538828079238,249.52860663022335,0.17051444435601187,0.11509452248101185,-0.013600193204233751,-0.33251953125,-0.2831988175564479,-0.469040299882181,54.79054418227077,True,False,0.4476140537310118,0.0,-0.050051823372455145,0.021209178001845613,0.0024549577188792498,0.02028701927570091,0.0,False,False,False,True,1.0,0.0,0.0,wait_Gm,0,0,0,False,,0.28918797103691896,0.21742500876898813,False,0.0
25,pressure_positive,79,25.01702398035584,52.99490636755841,195.6985071943676,201.41815742362243,Omega_safe_one_step_QP,False,True,,0.6128083015650096,0.6128083015650096,1.0,-0.5584052205085754,-0.8571678400039673,0.8571678400039673,0.3970171837236815,1.68962606896856,233.65538828079238,249.52860663022335,0.16652127145421805,0.11110134957921802,-0.054877919564216865,-0.2287526836102572,-0.3795688108642477,-0.4811044920660092,61.28083015650096,True,False,0.3398540331894752,0.0,1.0986713576546663,0.021204788134308084,0.009287175610145389,0.00014554473304834138,0.0,False,False,False,True,1.0,0.0,0.0,wait_Gm,0,0,0,False,,0.29449935136401856,0.22141818167078195,False,0.0
25,pressure_positive,80,25.0099823367659,52.992957509633925,205.23926623801736,219.5901427449919,Omega_safe_one_step_QP,False,True,,0.41276962239937076,0.4127696223993708,1.0000000000000002,-0.7204625010490417,-0.7976598143577576,0.7976598143577576,0.4111088496539766,1.691452555898751,233.65538828079238,249.52860663022335,0.20981213307361127,0.15439221119861124,0.03169583233216264,-0.04280919092383362,-0.28416122042775016,-0.2993846388523144,41.27696223993708,True,False,0.19720140212244486,0.0,-0.09231591556384956,0.021188737058308173,0.009102608312898464,0.03302210505200678,0.0,False,False,False,True,1.0,0.0,0.0,wait_Gm,0,0,0,False,,0.2369175144782813,0.17812732005138873,False,0.0
25,pressure_positive,81,25.010582980550026,52.9919793824693,210.2722200856866,220.5517087589147,Omega_safe_one_step_QP,False,True,,0.37234838056380176,0.3723483805638018,1.0000000000000002,-0.4348970353603363,-0.6429780721664429,0.6429780721664429,0.41002032343384975,1.6905949520147183,233.65538828079238,249.52860663022335,0.20609706173439576,0.15067713985939574,0.024269691941406324,-0.1181474374333053,-0.23383168195105783,-0.2897689787130864,37.23483805638018,True,False,0.26882457729270104,0.0,-0.6935373472746733,0.02117037109977768,0.002533062443276854,9.246091991313928e-05,0.0,False,False,False,True,1.0,0.0,0.0,wait_Gm,0,0,0,False,,0.24185898766253908,0.18184239139060424,False,0.0
25,pressure_positive,82,25.01519984333767,52.99177777769657,208.70415722123778,207.47324239189226,Omega_safe_one_step_QP,False,True,,0.4890007763394634,0.4890007763394635,1.0000000000000002,-0.256280779838562,-0.6323743462562561,0.6323743462562561,0.4009228027570745,1.6884732526450583,233.65538828079238,249.52860663022335,0.17768437806977436,0.12226445619477433,-0.006624798370484353,-0.33251953125,-0.24951231059554602,-0.42055364238331094,48.900077633946346,True,False,0.45478398744477433,0.0,-0.46678186486414686,0.02115834144052862,0.00024588211468634365,0.017104628251333756,0.0,False,False,False,True,1.0,0.0,0.0,wait_Gm,0,0,0,False,,0.2796511325903467,0.21025507505522564,False,0.0
25,pressure_positive,83,25.01855060955545,52.991713852156565,195.7174351313204,194.5128178615724,Omega_safe_one_step_QP,False,True,,0.6682832710017775,0.6682832710017775,1.0,-0.4339071810245514,-0.8272565007209778,0.8272565007209778,0.3943048860847789,1.6869603484567703,233.65538828079238,249.52860663022335,0.15706500624856548,0.10164508437356545,-0.07066018454974723,-0.33251953125,-0.3793795314947198,-0.5501578876865096,66.82832710017776,True,False,0.43416461562356545,0.0,1.1162239489428247,0.021157239410561947,0.016865495064074802,0.0167972604006117,0.0,False,False,False,True,1.0,0.0,0.0,wait_Gm,0,0,0,False,,0.3070772742839795,0.23087444687643452,False,0.0
25,pressure_positive,84,25.011528053491503,52.9900035029903,201.74675220707616,215.24121586645887,Omega_safe_one_step_QP,False,True,,0.4683787165822062,0.46837871658220614,0.9999999999999999,-0.7397372722625732,-0.8500340580940247,0.8500340580940247,0.4083302568340104,1.6889099231864517,233.65538828079238,249.52860663022335,0.20024308869113103,0.144823166816131,0.012558775493531127,-0.07084537439442595,-0.31908636073716223,-0.3428739076376448,46.837871658220614,True,False,0.21566854121055695,0.0,0.334879743913034,0.02114444718098321,0.0036352664399999937,0.04296664838489821,0.0,False,False,False,True,1.0,0.0,0.0,wait_Gm,0,0,0,False,,0.24964544670493655,0.18769636443386897,False,0.0
25,pressure_positive,85,25.00934655171402,52.988596361385596,209.07443895090444,222.03244046090083,Omega_safe_one_step_QP,False,True,,0.3688173293067334,0.3688173293067335,1.0000000000000002,-0.5699600577354431,-0.7051553726196289,0.7051553726196289,0.41277627132436534,1.688987855188994,233.65538828079238,249.52860663022335,0.21363886680420285,0.15821894492920283,0.03935032958800527,-0.05741107464150941,-0.24580949329887944,-0.2749616616932252,36.88173293067335,True,False,0.21563001957071223,0.0,-0.5574333064696338,0.02112590074739439,0.005369499301567672,0.0046120731492153315,0.0,False,False,False,True,1.0,0.0,0.0,wait_Gm,0,0,0,False,,0.2318275174385303,0.17430058632079715,False,0.0
25,pressure_positive,86,25.01302246364033,52.98816549147002,209.78624698220585,212.2551412433838,Omega_safe_one_step_QP,False,True,,0.4426112434491259,0.44261124344912595,1.0000000000000002,-0.2854505777359009,-0.6060736775398254,0.6060736775398254,0.4055601146754142,1.687136277663456,233.65538828079238,249.52860663022335,0.1910116037639603,0.13559168188896029,-0.0058928841491769635,-0.2824793833727237,-0.23869141298586527,-0.37273465386839544,44.261124344912595,True,False,0.418071065261684,0.0,-0.6118607810492039,0.02111130989493909,5.066706734251978e-05,0.009559557998885904,0.0,False,False,False,True,1.0,0.0,0.0,wait_Gm,0,0,0,False,,0.26192438594197265,0.1969278493610397,False,0.0
25,pressure_positive,87,25.01725525354012,52.98813148853112,200.50364775496084,197.86895253189329,Omega_safe_one_step_QP,False,True,,0.6138206384157485,0.6138206384157485,1.0,-0.3581218719482422,-0.7767912745475769,0.7767912745475769,0.39719931047720347,1.6852684345221953,233.65538828079238,249.52860663022335,0.16496550112963695,0.10954557925463693,-0.03883851944092462,-0.33251953125,-0.3315174052583154,-0.5165965409833007,61.38206384157486,True,False,0.4420651105046369,0.0,0.5355154997972522,0.021106779793275597,0.008616664841364976,0.020696242564261724,0.0,False,False,False,True,1.0,0.0,0.0,wait_Gm,0,0,0,False,,0.2965687052559961,0.22297395199536305,False,0.0
25,pressure_positive,88,25.014066988843922,52.98707378571246,198.71113067947954,209.46519406928837,Omega_safe_one_step_QP,False,True,,0.5316181115551456,0.5316181115551457,1.0000000000000002,-0.6644498109817505,-0.8591338396072388,0.8591338396072388,0.4035885075875481,1.6859624000307643,233.65538828079238,249.52860663022335,0.18456299228938527,0.12914307041438525,-0.018798775429563236,-0.13380376686674436,-0.34944257601312845,-0.4006341256093498,53.16181115551456,True,False,0.2629468372811296,0.0,0.7123363855913339,0.021097710740414815,0.000321311746589203,0.013447281779360717,0.0,False,False,False,True,1.0,0.0,0.0,wait_Gm,0,0,0,False,,0.2705017826516455,0.20337646083561473,False,0.0
25,pressure_positive,89,25.009464019524902,52.98535810785439,207.22589553074098,221.13780435831583,Omega_safe_one_step_QP,False,True,,0.3878860323171702,0.3878860323171702,1.0,-0.6572300791740417,-0.7547781467437744,0.7547781467437744,0.41284390409076005,1.6868902543773692,233.65538828079238,249.52860663022335,0.21285263552349915,0.15743271364849912,0.037777052900879016,-0.043628114179185856,-0.264294927500514,-0.28390802271907517,38.78860323171702,True,False,0.20106082782768497,0.0,-0.3364578831022345,0.02108027623956128,0.007250122047227738,0.013624983095950973,0.0,False,False,False,True,1.0,0.0,0.0,wait_Gm,0,0,0,False,,0.23287329568706544,0.17508681760150085,False,0.0
25,pressure_positive,90,25.011674959045386,52.98466037370811,210.39654103965103,217.67448999160212,Omega_safe_one_step_QP,False,True,,0.3944183973667602,0.3944183973667601,0.9999999999999997,-0.3543751537799835,-0.616305410861969,0.616305410861969,0.4085466263640846,1.6855087760398737,233.65538828079238,249.52860663022335,0.1992344950424053,0.14381457316740529,0.010547873703177696,-0.18433649625217394,-0.23258847241141353,-0.3185411663862123,39.441839736676016,True,False,0.3281510694195792,0.0,-0.7025499298965314,0.02106312257633008,0.0010052992943171417,0.001199454640268564,0.0,False,False,False,True,1.0,0.0,0.0,wait_Gm,0,0,0,False,,0.250986992537417,0.1887049580825947,False,0.0
25,pressure_positive,91,25.016410245143753,52.98456741864242,206.1563071066019,203.70477850508365,Omega_safe_one_step_QP,False,True,,0.5344176914611887,0.5344176914611886,0.9999999999999998,-0.27926868200302124,-0.6890396475791931,0.6890396475791931,0.39920162944725185,1.6833969376681315,233.65538828079238,249.52860663022335,0.17009525044585375,0.11467532857085372,-0.011153418682931043,-0.33251953125,-0.27499081174190476,-0.458238281251397,53.44176914611886,True,False,0.4471948598208537,0.0,-0.15550566794751375,0.021053767190321895,0.0017979583806981257,0.019515283901656588,0.0,False,False,False,True,1.0,0.0,0.0,wait_Gm,0,0,0,False,,0.28974554726528323,0.21784420267914625,False,0.0
25,pressure_positive,92,25.017746349315253,52.98422284308922,195.08885523195886,199.45784645990526,Omega_safe_one_step_QP,False,True,,0.6320172857952764,0.6320172857952764,1.0,-0.5342586636543274,-0.853006899356842,0.853006899356842,0.39658718030433665,1.6825779954135565,233.65538828079238,249.52860663022335,0.16186711185332783,0.1064471899783278,-0.06418506166980706,-0.2544717370277935,-0.3856653304883352,-0.500707601703181,63.20172857952764,True,False,0.3609189270061213,0.0,1.1725689826601866,0.021050647850481902,0.012248849099753975,0.0018036431796363162,0.0,False,False,False,True,1.0,0.0,0.0,wait_Gm,0,0,0,False,,0.3006899202015967,0.22607234127167217,False,0.0
25,pressure_positive,93,25.010249015632333,52.98225119067811,204.56886630613346,218.99489598022845,Omega_safe_one_step_QP,False,True,,0.4217028867152712,0.4217028867152712,1.0,-0.7349465489387512,-0.8080827593803406,0.8080827593803406,0.41157807675697816,1.6845837965054764,233.65538828079238,249.52860663022335,0.20796150449578316,0.15254158262078313,0.02799461285934146,-0.0453342256276861,-0.2908652197465892,-0.305337106499949,42.17028867152712,True,False,0.19787580824846923,0.0,-0.015435321908553306,0.021035200739460653,0.008987060996647301,0.038169630395956076,0.0,False,False,False,True,1.0,0.0,0.0,wait_Gm,0,0,0,False,,0.23937906384172852,0.17997794862921684,False,0.0
25,pressure_positive,94,25.010347414663595,52.98119298471111,210.0816279584112,221.10375564588617,Omega_safe_one_step_QP,False,True,,0.3692823214315638,0.3692823214315638,1.0,-0.4623616337776184,-0.652661919593811,0.652661919593811,0.41148733571060886,1.6838936184035997,233.65538828079238,249.52860663022335,0.2073353049600147,0.15191538308501468,0.026745401278793185,-0.10300229300516123,-0.2357376032238119,-0.28424850984337185,36.928232143156386,True,False,0.2549176760901759,0.0,-0.6772820825925145,0.021016715631648072,0.003039054103482391,0.00044472890894379835,0.0,False,False,False,True,1.0,0.0,0.0,wait_Gm,0,0,0,False,,0.2402119814181592,0.1806041481649853,False,0.0
25,pressure_positive,95,25.014846710309172,52.980955501164374,208.85716264291224,208.21675497415896,Omega_safe_one_step_QP,False,True,,0.4818320331858278,0.48183203318582774,0.9999999999999999,-0.259644091129303,-0.6211943626403809,0.6211943626403809,0.4026240927087757,1.6818016833963536,233.65538828079238,249.52860663022335,0.17964533923661427,0.12422541736161424,-0.011262908153288453,-0.33251953125,-0.24798225637880136,-0.4131185165606439,48.18320331858278,True,False,0.45674494861161424,0.0,-0.49197647372685877,0.021004322564148564,0.00014993153088599346,0.016607478631309753,0.0,False,False,False,True,1.0,0.0,0.0,wait_Gm,0,0,0,False,,0.2770428281591748,0.20829411388838573,False,0.0
25,pressure_positive,96,25.018354581952238,52.98090297381952,196.39164793551544,195.01330910559233,Omega_safe_one_step_QP,False,True,,0.6603411246256938,0.6603411246256939,1.0000000000000002,-0.4232882261276245,-0.8197307586669922,0.8197307586669922,0.3956934447531491,1.6802288921330781,233.65538828079238,249.52860663022335,0.15805948086819865,0.10263955899319863,-0.06664566462602209,-0.33251953125,-0.3726374034527694,-0.5451529752463102,66.0341124625694,True,False,0.43515909024319865,0.0,1.029870712222314,0.021002831891694034,0.015538905692032609,0.017433098280416927,0.0,False,False,False,True,1.0,0.0,0.0,wait_Gm,0,0,0,False,,0.3057545083898291,0.22987997225680135,False,0.0
25,pressure_positive,97,25.0119043909544,52.97929294955327,201.2747804365225,214.48469956559853,Omega_safe_one_step_QP,False,True,,0.47713511573960404,0.47713511573960404,1.0,-0.730915904045105,-0.8511552214622498,0.8511552214622498,0.4085770241294944,1.6819926338335778,233.65538828079238,249.52860663022335,0.19771761984554437,0.14229769797054434,0.0075081636518375405,-0.07920216393528973,-0.3238060784426989,-0.3504390706462482,47.71351157396041,True,False,0.22149986190583407,0.0,0.3886925935946101,0.020990657199457318,0.002384498302239141,0.03791350464460207,0.0,False,False,False,True,1.0,0.0,0.0,wait_Gm,0,0,0,False,,0.25300461142800296,0.19022183327945563,False,0.0
25,pressure_positive,98,25.009378535461945,52.977842690093375,208.77881824550659,221.94599299611573,Omega_safe_one_step_QP,False,True,,0.3714356352867801,0.37143563528678003,0.9999999999999999,-0.5847501158714294,-0.7119712829589844,0.7119712829589844,0.41370535688334836,1.6821918585150093,233.65538828079238,249.52860663022335,0.2132314497916805,0.15781152791668046,0.03853533205009291,-0.05489235310961993,-0.24876570035285794,-0.27582613634107617,37.143563528678,True,False,0.2127038810263004,0.0,-0.5266959957309063,0.02097231774636422,0.005631058343866281,0.005567089965627915,0.0,False,False,False,True,1.0,0.0,0.0,wait_Gm,0,0,0,False,,0.23236942903422367,0.1747080033333195,False,0.0
25,pressure_positive,99,25.01285210860415,52.977377086165966,209.91077087082607,213.2462426955527,Omega_safe_one_step_QP,False,True,,0.4336146663379325,0.4336146663379325,1.0,-0.2944803237915039,-0.6054840087890625,0.6054840087890625,0.406890601579103,1.680406393194139,233.65538828079238,249.52860663022335,0.19184854866460851,0.1364286267896085,-0.004219828793185554,-0.26670957155047803,-0.2374461740996631,-0.3628236393467066,43.36146663379325,True,False,0.4031381983400865,0.0,-0.634357971553477,0.020957282126714823,0.0001281316745967675,0.007568565529214669,0.0,False,False,False,True,1.0,0.0,0.0,wait_Gm,0,0,0,False,,0.2608111527347754,0.19609090446039149,False,0.0
25,pressure_positive,100,25.017218572436498,52.97734328174793,201.51028101362738,198.82283942849796,Omega_safe_one_step_QP,False,True,,0.6003651179684838,0.6003651179684838,1.0,-0.3425990641117096,-0.7624479532241821,0.7624479532241821,0.39826471487749043,1.6784823952236194,233.65538828079238,249.52860663022335,0.16497992009085524,0.10955999821585521,-0.0336645020201638,-0.33251953125,-0.32145107267165,-0.5070576720172539,60.03651179684838,True,False,0.4420795294658552,0.0,0.4083436808510578,0.02095199137857802,0.00705682298408981,0.02080345618040853,0.0,False,False,False,True,1.0,0.0,0.0,wait_Gm,0,0,0,False,,0.29654952637735843,0.22295953303414476,False,0.0
25,pressure_positive,101,25.014867306349643,52.97642413457936,197.86108179621425,207.78305027675796,Omega_safe_one_step_QP,False,True,,0.5499021596586311,0.5499021596586311,1.0,-0.6441614031791687,-0.8583691120147705,0.8583691120147705,0.4029860662532267,1.678900146705532,233.65538828079238,249.52860663022335,0.17942985880276593,0.1240099369277659,-0.02906421095794276,-0.15381619273102615,-0.3579430648457813,-0.4174555635346539,54.99021596586311,True,False,0.27782612965879205,0.0,0.813992884371346,0.02094411654982582,0.0013316654928368576,0.008028537844527627,0.0,False,False,False,True,1.0,0.0,0.0,wait_Gm,0,0,0,False,,0.2773294419792041,0.20850959432223407,False,0.0
25,pressure_positive,102,25.00961660427733,52.97463457960468,206.84244630551822,220.98800205056386,Omega_safe_one_step_QP,False,True,,0.39159928078865247,0.3915992807886525,1.0000000000000002,-0.6738908290863037,-0.7607364058494568,0.7607364058494568,0.41352560756516027,1.6800601439937455,233.65538828079238,249.52860663022335,0.2117037201043068,0.15628379822930677,0.03547910327051684,-0.04265121593923629,-0.26812941975274157,-0.2854060457965949,39.15992807886525,True,False,0.19893501416854306,0.0,-0.2950513118244407,0.020926970366332485,0.0080664908448985,0.017437075134853968,0.0,False,False,False,True,1.0,0.0,0.0,wait_Gm,0,0,0,False,,0.23440148565019042,0.1762357330206932,False,0.0
25,pressure_positive,103,25.011554653681944,52.97388982736941,210.467340651384,218.5118816947913,Omega_safe_one_step_QP,False,True,,0.3872625438360859,0.38726254383608594,1.0000000000000002,-0.3677964210510254,-0.6161566376686096,0.6161566376686096,0.4097703903708872,1.678767752511417,233.65538828079238,249.52860663022335,0.19976382130292658,0.14434389942792655,0.011605803338373771,-0.17087072764247865,-0.23188047629408373,-0.3101672493543205,38.72625438360859,True,False,0.3152146270704052,0.0,-0.7181799205496054,0.020909476210768226,0.0013139859018689725,0.0006131172016271253,0.0,False,False,False,True,1.0,0.0,0.0,wait_Gm,0,0,0,False,,0.25028292758614745,0.18817563182207342,False,0.0
25,pressure_positive,104,25.016380515367747,52.97379409282859,207.00649244471657,204.889814734519,Omega_safe_one_step_QP,False,True,,0.5198831975732643,0.5198831975732644,1.0000000000000002,-0.2689121961593628,-0.671220600605011,0.671220600605011,0.40024575245025285,1.6766162910995637,233.65538828079238,249.52860663022335,0.17006718756073186,0.11464726568573183,-0.009081970413782392,-0.33251953125,-0.2664889583607581,-0.44638791895704344,51.98831975732644,True,False,0.4471667969357318,0.0,-0.264775273430555,0.020899317918151153,0.0011977470309593205,0.018556070827014198,0.0,False,False,False,True,1.0,0.0,0.0,wait_Gm,0,0,0,False,,0.28978287413885745,0.21787226556426814,False,0.0
25,pressure_positive,105,25.018428838104917,52.973557187453,194.6890589802443,197.32167843528802,Omega_safe_one_step_QP,False,True,,0.651455153537823,0.6514551535378229,0.9999999999999998,-0.5033072829246521,-0.8453668355941772,0.8453668355941772,0.3962132054073536,1.6755567141082708,233.65538828079238,249.52860663022335,0.15745869508111485,0.10203877320611482,-0.07300043308617452,-0.28504583796916266,-0.3896632930054807,-0.5220692819493533,65.1455153537823,True,False,0.3870846111752775,0.0,1.2220590239078866,0.020897481298135148,0.015171916715170108,0.0057276687043737685,0.0,False,False,False,True,1.0,0.0,0.0,wait_Gm,0,0,0,False,,0.3065536227489551,0.23048075804388515,False,0.0
25,pressure_positive,106,25.010643277346553,52.971603205868135,203.67373871911127,218.09918372172413,Omega_safe_one_step_QP,False,True,,0.4343625138983277,0.4343625138983277,1.0,-0.7486312389373779,-0.8209342360496521,0.8209342360496521,0.411768877489038,1.6776936442227282,233.65538828079238,249.52860663022335,0.20532696857593977,0.14990704670093974,0.02272567295725772,-0.050329928893580816,-0.2998164956168111,-0.3142942290849922,43.43625138983276,True,False,0.20023697559452056,0.0,0.0891099395472429,0.020882865789528672,0.008072447001000644,0.04317047259278805,0.0,False,False,False,True,1.0,0.0,0.0,wait_Gm,0,0,0,False,,0.24288330034882324,0.18261248454906023,False,0.0
25,pressure_positive,107,25.01005953930603,52.9704376891115,209.84020268032103,221.69220363136174,Omega_safe_one_step_QP,False,True,,0.3663370575166986,0.3663370575166987,1.0000000000000002,-0.4971854090690613,-0.6650921702384949,0.6650921702384949,0.413034191118735,1.6772317386642508,233.65538828079238,249.52860663022335,0.20889603085571895,0.15347610898071892,0.029865991037309414,-0.08601498538518715,-0.23815185600471353,-0.27836402998861615,36.63370575166987,True,False,0.23949109436590607,0.0,-0.6550952604404711,0.020864269937736452,0.0038025277784898733,0.0012909792071052217,0.0,False,False,False,True,1.0,0.0,0.0,wait_Gm,0,0,0,False,,0.23813603604471684,0.17904342226928105,False,0.0
25,pressure_positive,108,25.014400788483893,52.97015524850357,208.9448288925584,208.98531174013812,Omega_safe_one_step_QP,False,True,,0.4748021172892819,0.47480211728928184,0.9999999999999999,-0.26490628719329834,-0.6096377968788147,0.6096377968788147,0.40448651539690084,1.6751816941872353,233.65538828079238,249.52860663022335,0.18217768489655545,0.12675776302155542,-0.017392360531331003,-0.33251953125,-0.24710559388233974,-0.40543294890085235,47.48021172892819,True,False,0.4592772942715554,0.0,-0.5094953070678594,0.020851522841717464,8.016942198123858e-05,0.01614651015352446,0.0,False,False,False,True,1.0,0.0,0.0,wait_Gm,0,0,0,False,,0.2736745164821924,0.20576176822844455,False,0.0
25,pressure_positive,109,25.018013860598153,52.97010306830818,197.0197029317221,195.5497533009057,Omega_safe_one_step_QP,False,True,,0.6523718301508787,0.6523718301508787,1.0,-0.4148356318473816,-0.8116644024848938,0.8116644024848938,0.3973471737149779,1.6735648666573213,233.65538828079238,249.52860663022335,0.15994450797529347,0.10452458610029344,-0.06342548584375224,-0.33251953125,-0.36635685349070285,-0.5397885332931764,65.23718301508787,True,False,0.43704411735029347,0.0,0.9488637822484088,0.020849642445496863,0.014220862918181214,0.01805142305740292,0.0,False,False,False,True,1.0,0.0,0.0,wait_Gm,0,0,0,False,,0.3032472050138965,0.22799494514970653,False,0.0
25,pressure_positive,110,25.012099710729636,52.9685848803481,201.01353323494797,213.96029150547332,Omega_safe_one_step_QP,False,True,,0.4827624407146272,0.4827624407146272,1.0,-0.7222021818161011,-0.8517025113105774,0.8517025113105774,0.40916197353599076,1.675153473130843,233.65538828079238,249.52860663022335,0.1963060476913657,0.14088612581636567,0.004685269740992176,-0.08509477248169195,-0.3264185504584441,-0.3556831512475003,48.27624407146273,True,False,0.22598089829805762,0.0,0.41672410060948095,0.02083790460631044,0.0015950680490965303,0.03389479169818437,0.0,False,False,False,True,1.0,0.0,0.0,wait_Gm,0,0,0,False,,0.2548821651315088,0.1916334054336343,False,0.0
25,pressure_positive,111,25.00939821949807,52.96711840275637,208.56083576153205,221.8240035457153,Omega_safe_one_step_QP,False,True,,0.37380230044932145,0.3738023004493215,1.0000000000000002,-0.5934077501296997,-0.716850996017456,0.716850996017456,0.4146372499040634,1.6754178105999151,233.65538828079238,249.52860663022335,0.2129002915361365,0.15748036966113646,0.03787294476167388,-0.0539569225517523,-0.2509455251926033,-0.2770460308450805,37.38023004493215,True,False,0.21143729221288876,0.0,-0.505067299381335,0.02081975802707809,0.005696177542778238,0.006183796705184666,0.0,False,False,False,True,1.0,0.0,0.0,wait_Gm,0,0,0,False,,0.23280990769498536,0.1750391615888635,False,0.0
25,pressure_positive,112,25.01273133821585,52.966631429045464,209.96871298815825,213.99715045028242,Omega_safe_one_step_QP,False,True,,0.42702962013023704,0.42702962013023726,1.0000000000000004,-0.30279847979545593,-0.605650782585144,0.605650782585144,0.40810071520248736,1.673679816787874,233.65538828079238,249.52860663022335,0.19238122380219744,0.1369613019271974,-0.0031551507906514287,-0.2541462042135848,-0.23686675292634135,-0.35531456179940935,42.70296201302372,True,False,0.3911075061407822,0.0,-0.6481892807945678,0.020804409327928295,0.00019821182852526747,0.006125962937748727,0.0,False,False,False,True,1.0,0.0,0.0,wait_Gm,0,0,0,False,,0.2601026333884424,0.19555822932280256,False,0.0
25,pressure_positive,113,25.017178044321945,52.96659450955058,202.240213668845,199.59705273929472,Omega_safe_one_step_QP,False,True,,0.5899214583198218,0.5899214583198218,1.0,-0.3319959044456482,-0.7508063316345215,0.7508063316345215,0.3993158510436017,1.6717204063060378,233.65538828079238,249.52860663022335,0.16501878302669684,0.10959886115169681,-0.030479695572852072,-0.33251953125,-0.3141517461194738,-0.49931553890928626,58.99214583198218,True,False,0.4421183924016968,0.0,0.31460897082563405,0.020798544579204603,0.005972970172862527,0.020736281408599302,0.0,False,False,False,True,1.0,0.0,0.0,wait_Gm,0,0,0,False,,0.2964978341911817,0.22292067009830316,False,0.0
25,pressure_positive,114,25.015442917916854,52.96577595740081,197.26725629490824,206.5231123894729,Omega_safe_one_step_QP,False,True,,0.5633443604327059,0.5633443604327059,1.0,-0.6285671591758728,-0.8571919798851013,0.8571919798851013,0.4028095927612007,1.6719341307058215,233.65538828079238,249.52860663022335,0.1756794271800536,0.12025950530505358,-0.03656442511662372,-0.16918248241693756,-0.3638813198588414,-0.43005494240750436,56.33443604327058,True,False,0.28944198772199115,0.0,0.8838778072247396,0.020791586363381204,0.0024730305042992046,0.004797030227782642,0.0,False,False,False,True,1.0,0.0,0.0,wait_Gm,0,0,0,False,,0.28231794841848634,0.2122600259449464,False,0.0
25,pressure_positive,115,25.009749669939552,52.9639408410727,206.51688377963941,220.80572623044543,Omega_safe_one_step_QP,False,True,,0.39515848529660175,0.3951584852966018,1.0000000000000002,-0.685467541217804,-0.7655067443847656,0.7655067443847656,0.41422581316581214,1.6732555087508525,233.65538828079238,249.52860663022335,0.21067549406713065,0.15525557219213063,0.03342259615120474,-0.042694411807580546,-0.27138504501152966,-0.2872288039977792,39.515848529660175,True,False,0.19794998399971117,0.0,-0.2604171623580214,0.020774721646276993,0.008555560860629441,0.02039930581303397,0.0,False,False,False,True,1.0,0.0,0.0,wait_Gm,0,0,0,False,,0.235769144820044,0.17726395905786935,False,0.0
25,pressure_positive,116,25.011460976618,52.96315920881102,210.47033605373633,219.0988983923401,Omega_safe_one_step_QP,False,True,,0.38255898763641893,0.38255898763641893,1.0,-0.37987008690834045,-0.6172776222229004,0.6172776222229004,0.41092084884025637,1.672038410363193,233.65538828079238,249.52860663022335,0.20013007883345005,0.14471015695845002,0.012337756378509923,-0.1604467960939554,-0.23185052227056047,-0.30429708237883263,38.25589876364189,True,False,0.3051569530524054,0.0,-0.7249750012579852,0.020757018349119426,0.001562978488356209,0.000291326126893135,0.0,False,False,False,True,1.0,0.0,0.0,wait_Gm,0,0,0,False,,0.24979576284402832,0.18780937429154995,False,0.0
25,pressure_positive,117,25.01632309259984,52.96305714371339,207.55665005133298,205.77158563962627,Omega_safe_one_step_QP,False,True,,0.5094920041709584,0.5094920041709585,1.0000000000000002,-0.2631954252719879,-0.6579616665840149,0.6579616665840149,0.40132442730788936,1.6698683070029456,233.65538828079238,249.52860663022335,0.1702102391685186,0.11479031729351857,-0.008721014421050471,-0.33251953125,-0.260987382294594,-0.43757020990597084,50.949200417095845,True,False,0.4473098485435186,0.0,-0.3374705829799223,0.020746300345737764,0.000848956612060123,0.017761726520864853,0.0,False,False,False,True,1.0,0.0,0.0,wait_Gm,0,0,0,False,,0.28959259900798834,0.2177292139564814,False,0.0
25,pressure_positive,118,25.01884420544892,52.962889968570046,194.55588879376845,195.8588422889398,Omega_safe_one_step_QP,False,True,,0.6640191612133415,0.6640191612133415,1.0,-0.4802550971508026,-0.8382026553153992,0.8382026553153992,0.3963505947129271,1.6686481072755006,233.65538828079238,249.52860663022335,0.15469391413071718,0.09927399225571715,-0.07852887931319272,-0.30777627312309236,-0.39099499487023937,-0.5366976434128355,66.40191612133415,True,False,0.4070502653788095,0.0,1.2377724597469797,0.02074533452070356,0.016901979327619093,0.009826248073657881,0.0,False,False,False,True,1.0,0.0,0.0,wait_Gm,0,0,0,False,,0.31023110015950195,0.23324553899428282,False,0.0
25,pressure_positive,119,25.010984126401908,52.960974372151554,202.95818284330724,217.26865160184673,Omega_safe_one_step_QP,False,True,,0.44531147751928085,0.4453114775192808,0.9999999999999999,-0.7533422708511353,-0.8300477266311646,0.8300477266311646,0.4120476428878059,1.6708376314262687,233.65538828079238,249.52860663022335,0.20302146945783212,0.1476015475828321,0.018114870120924498,-0.05613227747559019,-0.30697205437485137,-0.32259955028376625,44.53114775192808,True,False,0.20373382505842227,0.0,0.17211655337783668,0.02073145915749953,0.007059854529491505,0.04583799348150363,0.0,False,False,False,True,1.0,0.0,0.0,wait_Gm,0,0,0,False,,0.24594987997252443,0.18491798366716788,False,0.0
25,pressure_positive,120,25.009861613490255,52.959728477701496,209.56563292845738,221.95830417346082,Omega_safe_one_step_QP,False,True,,0.36611991075229966,0.3661199107522997,1.0000000000000002,-0.5248888731002808,-0.6765688061714172,0.6765688061714172,0.4143835528313117,1.6705585014021676,233.65538828079238,249.52860663022335,0.2099041768292971,0.15448425495429707,0.031881722815873814,-0.07498229569318968,-0.24089755352335004,-0.27570302456762535,36.61199107522997,True,False,0.22946655064748675,0.0,-0.6279573970378988,0.02071290447678702,0.004365839662775051,0.0021992841242446646,0.0,False,False,False,True,1.0,0.0,0.0,wait_Gm,0,0,0,False,,0.23679508567158694,0.1780352762957029,False,0.0
25,pressure_positive,121,25.01401792890543,52.959404813710755,209.07726975220348,209.98763290749403,Omega_safe_one_step_QP,False,True,,0.4655719614997165,0.4655719614997166,1.0000000000000002,-0.2721695005893707,-0.6035768985748291,0.6035768985748291,0.4062043348156941,1.6685637779117761,233.65538828079238,249.52860663022335,0.18432296814821014,0.12890304627321011,-0.019268287705090814,-0.3225912560596831,-0.24578118528588902,-0.3954097372272932,46.55719614997165,True,False,0.4514943023328932,0.0,-0.5330021051630638,0.020699688260332926,2.384985919207961e-05,0.014329697055784284,0.0,False,False,False,True,1.0,0.0,0.0,wait_Gm,0,0,0,False,,0.2708210424312305,0.20361648497678986,False,0.0
25,pressure_positive,122,25.017771574701364,52.95935302685529,197.87901010210194,196.29426083254117,Omega_safe_one_step_QP,False,True,,0.6413926105040406,0.6413926105040406,1.0,-0.4021807312965393,-0.8004694581031799,0.8004694581031799,0.3987868783774872,1.6668881007344027,233.65538828079238,249.52860663022335,0.1612248131856003,0.10580489131060028,-0.05900299816436433,-0.33251953125,-0.3577637817869044,-0.5323434579768218,64.13926105040406,True,False,0.4383244225606003,0.0,0.8397961315179282,0.020697207054117088,0.01254010191910921,0.018750843878309883,0.0,False,False,False,True,1.0,0.0,0.0,wait_Gm,0,0,0,False,,0.3015442514805322,0.2267146399393997,False,0.0
25,pressure_positive,123,25.012577443295044,52.95795646148186,200.47467481111363,212.98528572474555,Omega_safe_one_step_QP,False,True,,0.49359639880753303,0.49359639880753303,1.0,-0.7082216143608093,-0.8517719507217407,0.8517719507217407,0.40916701752926143,1.6682405390707105,233.65538828079238,249.52860663022335,0.19315827752110024,0.1377383556461002,-0.001609808758575637,-0.09650752082084102,-0.3318071346967875,-0.365433209054778,49.3596398807533,True,False,0.23424587646694123,0.0,0.47920321398425586,0.020686214820973797,0.0006737475281608722,0.02785903119521863,0.0,False,False,False,True,1.0,0.0,0.0,wait_Gm,0,0,0,False,,0.25906906235752447,0.19478117560389976,False,0.0
25,pressure_positive,124,25.00947761290004,52.95644283522176,208.13801030003665,221.58866696968545,Omega_safe_one_step_QP,False,True,,0.37838826716049945,0.3783882671604996,1.0000000000000004,-0.6101744771003723,-0.726035475730896,0.726035475730896,0.4154322147099161,1.668646806236419,233.65538828079238,249.52860663022335,0.21220268049892677,0.15678275862392674,0.03647759163582831,-0.05230931795204355,-0.2551737798075573,-0.27939939660537905,37.83882671604996,True,False,0.2090920765759703,0.0,-0.4587210218902692,0.020668395969165965,0.005872671081578709,0.007401816884578356,0.0,False,False,False,True,1.0,0.0,0.0,wait_Gm,0,0,0,False,,0.23373781079894534,0.17573677262607323,False,0.0
25,pressure_positive,125,25.01250651092629,52.955904922857094,210.05503930538765,215.2619487611285,Omega_safe_one_step_QP,False,True,,0.416074550204466,0.41607455020446593,0.9999999999999999,-0.3188536465167999,-0.607084333896637,0.607084333896637,0.40950052422537986,1.6670090326102975,233.65538828079238,249.52860663022335,0.19355456268885118,0.13813464081385116,-0.0008096490618957897,-0.23192688839569517,-0.23600348975404728,-0.3426665786909484,41.607455020446594,True,False,0.3700615292095463,0.0,-0.6669583318169089,0.02065250568687633,0.00036750002073570345,0.004002736329048594,0.0,False,False,False,True,1.0,0.0,0.0,wait_Gm,0,0,0,False,,0.25854195739768066,0.19438489043614882,False,0.0
25,pressure_positive,126,25.01705640536853,52.95585439941781,203.54865463456727,201.02665624424304,Omega_safe_one_step_QP,False,True,,0.5708637842856068,0.5708637842856068,1.0,-0.3137456774711609,-0.7293097972869873,0.7293097972869873,0.40051297514604667,1.6649988318057116,233.65538828079238,249.52860663022335,0.16555691130603875,0.11013698943103872,-0.02487186187750426,-0.33251953125,-0.3010673364622511,-0.4850195038598031,57.086378428560685,True,False,0.4426565206810387,0.0,0.15014118416765995,0.020645528071170285,0.004233304148468644,0.02026435530412953,0.0,False,False,False,True,1.0,0.0,0.0,wait_Gm,0,0,0,False,,0.2957820615397852,0.22238254181896125,False,0.0
25,pressure_positive,127,25.016399290540278,52.955207318956454,196.30801179544977,204.20930079527693,Omega_safe_one_step_QP,False,True,,0.5872534386190795,0.5872534386190795,1.0,-0.5993627309799194,-0.8552451133728027,0.8552451133728027,0.40186053274291955,1.6648530758394269,233.65538828079238,249.52860663022335,0.1695876333709375,0.11416771149593746,-0.04874677753999554,-0.19737891688286485,-0.3734737648534261,-0.4531930583494642,58.72534386190795,True,False,0.3115466283788023,0.0,1.0004865324230423,0.02064011117647339,0.005242690872366351,0.00101292263382257,0.0,False,False,False,True,1.0,0.0,0.0,wait_Gm,0,0,0,False,,0.29042073649645017,0.2183518197540625,False,0.0
25,pressure_positive,128,25.009970308509416,52.95330218353841,205.8916137656215,220.35154662512574,Omega_safe_one_step_QP,False,True,,0.40275650284884523,0.4027565028488451,0.9999999999999998,-0.7045543193817139,-0.776285707950592,0.776285707950592,0.4147345761739327,1.6664458843715924,233.65538828079238,249.52860663022335,0.20910948834869358,0.15368956647369356,0.030290533006816556,-0.043335127753391656,-0.27763774515170864,-0.29177060005097616,40.27565028488451,True,False,0.1970246942270852,0.0,-0.1893059611372928,0.020623770730022934,0.009184542672267969,0.026057210043127107,0.0,False,False,False,True,1.0,0.0,0.0,wait_Gm,0,0,0,False,,0.23785211296940917,0.17882996477630642,False,0.0
25,pressure_positive,129,25.0112153146667,52.95244347075025,210.40170162696316,219.98612907678748,Omega_safe_one_step_QP,False,True,,0.37596434977132304,0.3759643497713231,1.0000000000000002,-0.4045824110507965,-0.6234245896339417,0.6234245896339417,0.4123571297114681,1.6653828904379424,233.65538828079238,249.52860663022335,0.20143182960784717,0.14601190773284714,0.014940263800703846,-0.14135458351314115,-0.2325368665382922,-0.29542477553435875,37.596434977132304,True,False,0.2873664912459883,0.0,-0.7241930714596038,0.020605759982767397,0.0020340892517021255,1.3352998463354265e-05,0.0,False,False,False,True,1.0,0.0,0.0,wait_Gm,0,0,0,False,,0.24806428423905763,0.18650762351715283,False,0.0
25,pressure_positive,130,25.01605698808045,52.95231521489414,208.3151390639337,207.08617537591095,Omega_safe_one_step_QP,False,True,,0.49431651814900335,0.4943165181490034,1.0000000000000002,-0.25707629323005676,-0.6381945610046387,0.6381945610046387,0.4028033032137111,1.6632071446963808,233.65538828079238,249.52860663022335,0.17163726533101875,0.11621734345601872,-0.009122050767610995,-0.33251953125,-0.2534024921685867,-0.42442431254312396,49.431651814900334,True,False,0.44873687470601875,0.0,-0.4362777536742033,0.02059420193023505,0.0004353743329436011,0.016640880548475793,0.0,False,False,False,True,1.0,0.0,0.0,wait_Gm,0,0,0,False,,0.2876944896919043,0.21630218779398125,False,0.0
25,pressure_positive,131,25.019217859956655,52.95223769041335,194.95803309218752,194.50927806162696,Omega_safe_one_step_QP,False,True,,0.6726523481511242,0.6726523481511241,0.9999999999999999,-0.4470973610877991,-0.8273097276687622,0.8273097276687622,0.3965569484648092,1.66176701795322,233.65538828079238,249.52860663022335,0.15218609552633922,0.09676617365133919,-0.07980985398937859,-0.33251953125,-0.3869735518860486,-0.5501932856859639,67.26523481511241,True,False,0.4292857049013392,0.0,1.1895317715045894,0.02059382761513967,0.017841227994045784,0.0158178346054044,0.0,False,False,False,True,1.0,0.0,0.0,wait_Gm,0,0,0,False,,0.3135667880260547,0.23575335759866078,False,0.0
25,pressure_positive,132,25.01171040397607,52.95044256354732,201.70972001039576,215.55866864587148,Omega_safe_one_step_QP,False,True,,0.46631345765514187,0.4663134576551418,0.9999999999999999,-0.7477400898933411,-0.842505693435669,0.842505693435669,0.41154391905902066,1.663874463908562,233.65538828079238,249.52860663022335,0.1983462305388869,0.14292630866388686,0.00876494404690914,-0.07068175568522828,-0.3194566827039662,-0.3396993798435187,46.63134576551418,True,False,0.21360806434911514,0.0,0.32123081048465335,0.020581297962879806,0.004558527624150422,0.04430768439680819,0.0,False,False,False,True,1.0,0.0,0.0,wait_Gm,0,0,0,False,,0.2521684867339453,0.1895932225861131,False,0.0
25,pressure_positive,133,25.009622351287156,52.9490569355317,209.04997034002952,222.14807026560433,Omega_safe_one_step_QP,False,True,,0.36811959519344234,0.36811959519344245,1.0000000000000002,-0.5678861737251282,-0.6959884762763977,0.6959884762763977,0.41579897836585833,1.6639252092984873,233.65538828079238,249.52860663022335,0.21116741390501115,0.15574749203001112,0.03440747983136014,-0.060885493372065586,-0.24605417940762864,-0.2738053636461902,36.81195951934424,True,False,0.2166329854020767,0.0,-0.5719351349265389,0.020562918845695378,0.005387927490168854,0.004342021370613796,0.0,False,False,False,True,1.0,0.0,0.0,wait_Gm,0,0,0,False,,0.23511483472300782,0.17677203921998885,False,0.0
25,pressure_positive,134,25.0134014108216,52.94865570545554,209.73786931303624,212.55193918832526,Omega_safe_one_step_QP,False,True,,0.4403772983115389,0.4403772983115388,0.9999999999999999,-0.28577935695648193,-0.5978730320930481,0.5978730320930481,0.4083718834598223,1.6620468457523065,233.65538828079238,249.52860663022335,0.18790603780561804,0.13248611593061801,-0.012103995632424452,-0.28595070334896333,-0.23917518967756138,-0.36976667441898087,44.03772983115388,True,False,0.4184368192795814,0.0,-0.6240299273745858,0.020548353863875598,4.732049970637065e-05,0.009208573165232114,0.0,False,False,False,True,1.0,0.0,0.0,wait_Gm,0,0,0,False,,0.2660551467019922,0.20003341531938196,False,0.0
25,pressure_positive,135,25.017717877885325,52.94864166468317,200.63272272295902,198.35264855489555,Omega_safe_one_step_QP,False,True,,0.6090546055545613,0.6090546055545613,1.0,-0.35548004508018494,-0.7695180773735046,0.7695180773735046,0.3998397538625971,1.6601551093316604,233.65538828079238,249.52860663022335,0.1613454391859975,0.10592551731099747,-0.04119491718823942,-0.33251953125,-0.33022665557833364,-0.511759580753278,60.90546055545613,True,False,0.4384450485609975,0.0,0.5017251720584318,0.020543844035784794,0.008290369442679494,0.020161985449260476,0.0,False,False,False,True,1.0,0.0,0.0,wait_Gm,0,0,0,False,,0.3013838049942627,0.2265940139390025,False,0.0
25,pressure_positive,136,25.014754396974098,52.947624671538115,198.03054103789972,208.64301484492717,Omega_safe_one_step_QP,False,True,,0.5422878715878972,0.542287871587897,0.9999999999999998,-0.6599290370941162,-0.8548403978347778,0.8548403978347778,0.40577709909154663,1.660777190986684,233.65538828079238,249.52860663022335,0.17956057564765893,0.1241406537726589,-0.028803219929838086,-0.1457638054857833,-0.35624847242892654,-0.4088559178529618,54.22878715878971,True,False,0.2699044592584422,0.0,0.77876279980243,0.020535851477162283,0.000677134952205802,0.010589163838301899,0.0,False,False,False,True,1.0,0.0,0.0,wait_Gm,0,0,0,False,,0.27715557350499026,0.20837887747734107,False,0.0
25,pressure_positive,137,25.009729300384873,52.94586220936499,206.94243668580057,221.15380853606626,Omega_safe_one_step_QP,False,True,,0.3897064215278669,0.389706421527867,1.0000000000000002,-0.6692586541175842,-0.7525321245193481,0.7525321245193481,0.4158663300907782,1.661857454812796,233.65538828079238,249.52860663022335,0.21044675944364705,0.15502683756864702,0.032965217147317344,-0.044538100838203754,-0.2671295159499181,-0.28374798094157083,38.9706421527867,True,False,0.19956493840685077,0.0,-0.31986853542267,0.020518781926948303,0.007942188403907409,0.01565199587822459,0.0,False,False,False,True,1.0,0.0,0.0,wait_Gm,0,0,0,False,,0.23607338824038576,0.17749269368135295,False,0.0
25,pressure_positive,138,25.011836655475538,52.945155525552586,210.43180896680795,218.3918785408437,Omega_safe_one_step_QP,False,True,,0.3884366708055369,0.38843667080553684,0.9999999999999999,-0.3625650405883789,-0.6096557974815369,0.6096557974815369,0.4117705529368449,1.6605150793396677,233.65538828079238,249.52860663022335,0.19746582511828537,0.14204590324328534,0.007010092493638986,-0.1782068198813138,-0.2322357931398443,-0.3113672808937966,38.84366708055368,True,False,0.3202527231245991,0.0,-0.7259753780950814,0.02050145756354246,0.0012175718915462624,0.0007628257298510163,0.0,False,False,False,True,1.0,0.0,0.0,wait_Gm,0,0,0,False,,0.2533395274441407,0.19047362800671463,False,0.0
25,pressure_positive,139,25.016723063294165,52.94508424785756,206.79413715864695,204.94905187940645,Omega_safe_one_step_QP,False,True,,0.5204674354489471,0.5204674354489472,1.0000000000000002,-0.2717149257659912,-0.6703298687934875,0.6703298687934875,0.4021214151276595,1.6583519527144859,233.65538828079238,249.52860663022335,0.1673971145586354,0.11197719268363537,-0.012777453172080344,-0.33251953125,-0.26861251122145435,-0.44579554750816897,52.046743544894724,True,False,0.4444967239336354,0.0,-0.25207441308896705,0.02049147588546727,0.0013232656183889333,0.018070958864944784,0.0,False,False,False,True,1.0,0.0,0.0,wait_Gm,0,0,0,False,,0.2933343790587891,0.2205423385663646,False,0.0
25,pressure_positive,140,25.018690540813058,52.944838091411455,194.44349559798917,197.40890356930106,Omega_safe_one_step_QP,False,True,,0.6522297122123761,0.652229712212376,0.9999999999999998,-0.5081722140312195,-0.8427489995956421,0.8427489995956421,0.3982471212597296,1.657321719164971,233.65538828079238,249.52860663022335,0.15528590215885058,0.09986598028385055,-0.07734609098857839,-0.28592917751061264,-0.3921189268280321,-0.5211970306092228,65.2229712212376,True,False,0.38579515779446316,0.0,1.2385979217051817,0.020490042320150663,0.015253834695984717,0.005685383653838522,0.0,False,False,False,True,1.0,0.0,0.0,wait_Gm,0,0,0,False,,0.30944368783437015,0.23265355096614942,False,0.0
25,pressure_positive,141,25.010797866587517,52.942868465993975,203.59320239484933,218.19153573962717,Omega_safe_one_step_QP,False,True,,0.4342518891430691,0.4342518891430691,1.0,-0.7525409460067749,-0.8163707852363586,0.8163707852363586,0.4140136337877206,1.659495546852457,233.65538828079238,249.52860663022335,0.2038129657704427,0.14839304389544267,0.019697639115948656,-0.05133877746597573,-0.3006218588594305,-0.3133707089059618,43.425188914306915,True,False,0.1997318213614184,0.0,0.08599159809106367,0.020475666798325527,0.0083717134468509,0.043191779992707374,0.0,False,False,False,True,1.0,0.0,0.0,wait_Gm,0,0,0,False,,0.24489709862657227,0.1841264873545573,False,0.0
25,pressure_positive,142,25.010239146277723,52.941714153005115,209.80205208817986,221.80159543663322,Omega_safe_one_step_QP,False,True,,0.36575521831510066,0.36575521831510077,1.0000000000000002,-0.49819451570510864,-0.6600096225738525,0.6600096225738525,0.41522619826725526,1.6590296746215332,233.65538828079238,249.52860663022335,0.20722830699531664,0.1518083851203166,0.02653053760659929,-0.08758057404032199,-0.23853336192612518,-0.2772701119359013,36.57552183151008,True,False,0.2393889591606386,0.0,-0.6632905270331594,0.020457169773162476,0.003854981451437068,0.001303253101594742,0.0,False,False,False,True,1.0,0.0,0.0,wait_Gm,0,0,0,False,,0.24035430104775882,0.18071114612968336,False,0.0
25,pressure_positive,143,25.014639148847362,52.941449279306134,208.96108718269684,209.39733176917258,Omega_safe_one_step_QP,False,True,,0.47120353656319347,0.4712035365631934,0.9999999999999999,-0.2658365070819855,-0.603442370891571,0.603442370891571,0.4065585675760019,1.6569649659331536,233.65538828079238,249.52860663022335,0.18014878047115215,0.12472885859615213,-0.021284398054199127,-0.33251953125,-0.24694301098095536,-0.4013127486105077,47.120353656319345,True,False,0.4572483898461521,0.0,-0.5250461137409502,0.020444332975365704,7.072219722540644e-05,0.015386575713188407,0.0,False,False,False,True,1.0,0.0,0.0,wait_Gm,0,0,0,False,,0.27637319327772947,0.20779067265384785,False,0.0
25,pressure_positive,144,25.018354161512292,52.9414135713325,197.29156969736897,195.98623481422152,Omega_safe_one_step_QP,False,True,,0.6472335653881925,0.6472335653881925,1.0,-0.4096357524394989,-0.8051011562347412,0.8051011562347412,0.39921430915710576,1.6553146962651166,233.65538828079238,249.52860663022335,0.15728865993294808,0.10186873805794805,-0.06372824480115868,-0.33251953125,-0.3636381858342341,-0.5354237181600183,64.72335653881926,True,False,0.43438826930794805,0.0,0.9028972685823191,0.02044239985260928,0.013617763834037296,0.017985752153509768,0.0,False,False,False,True,1.0,0.0,0.0,wait_Gm,0,0,0,False,,0.3067797890969971,0.23065079319205192,False,0.0
25,pressure_positive,145,25.01274533202146,52.939950209096025,200.3498808521996,213.14766544829945,Omega_safe_one_step_QP,False,True,,0.4932372356542697,0.49323723565426975,1.0000000000000002,-0.7165910005569458,-0.8489355444908142,0.8489355444908142,0.4104187881508983,1.6568053225664594,233.65538828079238,249.52860663022335,0.19177255920460234,0.13635263732960232,-0.004381349611198432,-0.09602821207419959,-0.3330550742859279,-0.36380941181923904,49.323723565426974,True,False,0.2323808494038019,0.0,0.48578329099158507,0.02043157385623386,0.0009353267119761395,0.029451470140826847,0.0,False,False,False,True,1.0,0.0,0.0,wait_Gm,0,0,0,False,,0.2609122274763428,0.19616689392039766,False,0.0
25,pressure_positive,146,25.00960163571576,52.93842849826486,208.1459729696036,221.73131574161988,Omega_safe_one_step_QP,False,True,,0.3772823412597455,0.3772823412597454,0.9999999999999997,-0.611531674861908,-0.7212287783622742,0.7212287783622742,0.4167703924465827,1.657225923130481,233.65538828079238,249.52860663022335,0.21108672198979875,0.15566680011479872,0.03424564505047836,-0.05289618873449656,-0.25509415311188777,-0.2779729088860347,37.72823412597454,True,False,0.20856298884929528,0.0,-0.4678703597304411,0.020413795223714063,0.006077905230304901,0.007367905235801993,0.0,False,False,False,True,1.0,0.0,0.0,wait_Gm,0,0,0,False,,0.23522216427333986,0.17685273113520125,False,0.0
25,pressure_positive,147,25.01269277866371,52.93790460747942,210.08476751840095,215.35430662732992,Omega_safe_one_step_QP,False,True,,0.4151453894495565,0.4151453894495566,1.0000000000000002,-0.3167099058628082,-0.6016806364059448,0.6016806364059448,0.41071334816359845,1.6555699632882068,233.65538828079238,249.52860663022335,0.1920558699038974,0.13663594802889736,-0.003806920884760978,-0.23546118700991966,-0.23570620762391428,-0.3417430000289343,41.51453894495565,True,False,0.37209713503881703,0.0,-0.6785214945803318,0.020397917257202296,0.00037589243024463073,0.004066624524373723,0.0,False,False,False,True,1.0,0.0,0.0,wait_Gm,0,0,0,False,,0.260535391584126,0.1958835832211026,False,0.0
25,pressure_positive,148,25.017322057585684,52.93787280088709,203.6320730826903,201.239924236028,Omega_safe_one_step_QP,False,True,,0.5686120208764548,0.5686120208764548,1.0,-0.3116118609905243,-0.7261029481887817,0.7261029481887817,0.4015661282525205,1.6535369452780273,233.65538828079238,249.52860663022335,0.1635701121275198,0.10815019025251976,-0.025546200293614374,-0.33251953125,-0.3002331519810207,-0.4828868239419535,56.86120208764548,True,False,0.44066972150251976,0.0,0.13186081490524884,0.02039091360649396,0.004163726548065106,0.019921579028789358,0.0,False,False,False,True,1.0,0.0,0.0,wait_Gm,0,0,0,False,,0.29842473350383303,0.2243693409974802,False,0.0
25,pressure_positive,149,25.016786801553472,52.937248596555655,195.9148393688605,203.66976885627972,Omega_safe_one_step_QP,False,True,,0.5939176739372892,0.5939176739372892,1.0,-0.5967928767204285,-0.8535528182983398,0.8535528182983398,0.4026698162364375,1.6533527789728628,233.65538828079238,249.52860663022335,0.16685145394941375,0.11143153207441372,-0.054218877359716866,-0.2047505332478097,-0.3774054891193188,-0.45858837773943634,59.39176739372893,True,False,0.3161820653222234,0.0,1.0411457633599683,0.020386114194914248,0.005955569619387149,0.0005904144878566196,0.0,False,False,False,True,1.0,0.0,0.0,wait_Gm,0,0,0,False,,0.2940601705801904,0.22108799917558625,False,0.0
25,pressure_positive,150,25.010098864126068,52.93531459553866,205.71078909632226,220.30682274953926,Omega_safe_one_step_QP,False,True,,0.4043282424899473,0.4043282424899473,1.0,-0.7113522291183472,-0.7763777375221252,0.7763777375221252,0.41605682882244927,1.6550390755850013,233.65538828079238,249.52860663022335,0.20796616224222958,0.15254624036722955,0.02800384660364788,-0.04386663322127751,-0.2794459918447012,-0.2922178388068409,40.432824248994734,True,False,0.19641287358850706,0.0,-0.17544537127655985,0.020369997617783953,0.009596063106295813,0.02767915622472227,0.0,False,False,False,True,1.0,0.0,0.0,wait_Gm,0,0,0,False,,0.23937286850408207,0.17997329088277042,False,0.0
25,pressure_positive,151,25.011255398111743,52.93444501930878,210.38360527229003,220.28345312978433,Omega_safe_one_step_QP,False,True,,0.37374521905424546,0.37374521905424546,1.0,-0.4109422564506531,-0.6219114065170288,0.6219114065170288,0.41385416939308806,1.6540076888589574,233.65538828079238,249.52860663022335,0.20083268259322914,0.14541276071822912,0.013741733568217063,-0.13772676418658697,-0.23271783008502353,-0.29245153500439014,37.37452190542455,True,False,0.2831395249048161,0.0,-0.730725204890332,0.02035193786839185,0.0021835211014386026,5.4613912749004633e-08,0.0,False,False,False,True,1.0,0.0,0.0,wait_Gm,0,0,0,False,,0.248861218842876,0.18710677053177086,False,0.0
25,pressure_positive,152,25.01613876920266,52.93432219598959,208.53761206247825,207.6411034314097,Omega_safe_one_step_QP,False,True,,0.48841228551132193,0.488412285511322,1.0000000000000002,-0.2554267644882202,-0.6298502683639526,0.6298502683639526,0.4042166209273608,1.6518177054410272,233.65538828079238,249.52860663022335,0.17078164826274794,0.11536172638774791,-0.01085018752337183,-0.33251953125,-0.25117776218314136,-0.41887503198813647,48.8412285511322,True,False,0.4478812576377479,0.0,-0.4721600874354317,0.02034010886146525,0.00034076909306711997,0.01598290058959931,0.0,False,False,False,True,1.0,0.0,0.0,wait_Gm,0,0,0,False,,0.2888325590356055,0.21715780486225206,False,0.0
25,pressure_positive,153,25.019533169262893,52.93427948727175,195.52190168845763,194.91422245471227,Omega_safe_one_step_QP,False,True,,0.666100124497668,0.6661001244976681,1.0000000000000002,-0.4352456033229828,-0.8212206959724426,0.8212206959724426,0.39750493860895597,1.6502987293451905,233.65538828079238,249.52860663022335,0.14989420180711652,0.09447427993211649,-0.07641180810544476,-0.33251953125,-0.3813348659233475,-0.5461438417551108,66.6100124497668,True,False,0.4269938111821165,0.0,1.1136054038057182,0.020339477737258638,0.016940871654038785,0.01619734993950229,0.0,False,False,False,True,1.0,0.0,0.0,wait_Gm,0,0,0,False,,0.3166152709027295,0.23804525131788348,False,0.0
25,pressure_positive,154,25.012530507484907,52.93257681936374,200.78567423238314,214.37663066788392,Omega_safe_one_step_QP,False,True,,0.48125663794706064,0.48125663794706053,0.9999999999999998,-0.7401059865951538,-0.8428856730461121,0.8428856730461121,0.4114850533293159,1.6522448058262367,233.65538828079238,249.52860663022335,0.19295002006911705,0.13753009819411702,-0.0020270049549088176,-0.08452369402281082,-0.3286971404840924,-0.3515197596233943,48.12566379470605,True,False,0.22205379221692784,0.0,0.42705121711009725,0.020328017033687952,0.002770730139418406,0.0378785333456131,0.0,False,False,False,True,1.0,0.0,0.0,wait_Gm,0,0,0,False,,0.2593460687771924,0.19498943305588295,False,0.0
25,pressure_positive,155,25.009758278208242,52.93109497442458,208.5462596882276,222.0873440827168,Omega_safe_one_step_QP,False,True,,0.3719531192071306,0.37195311920713064,1.0000000000000002,-0.5949686765670776,-0.7054936289787292,0.7054936289787292,0.4170993852638407,1.6525310672618896,233.65538828079238,249.52860663022335,0.2099792321887489,0.15455931031374887,0.03203080191701249,-0.05644588842686407,-0.2510912859256479,-0.2744126254750654,37.19531192071307,True,False,0.21100519874061294,0.0,-0.5196462188370969,0.020309967999662067,0.006022668661746439,0.005945510136568397,0.0,False,False,False,True,1.0,0.0,0.0,wait_Gm,0,0,0,False,,0.23669525338924807,0.1779602209362511,False,0.0
25,pressure_positive,156,25.01319117539937,52.9306317679116,209.97334412941018,214.20879407119412,Omega_safe_one_step_QP,False,True,,0.4252444443367808,0.4252444443367808,1.0,-0.29995718598365784,-0.5947818756103516,0.5947818756103516,0.41036120150738464,1.6507647270213757,233.65538828079238,249.52860663022335,0.18884666752510457,0.13342674565010454,-0.01022406063506942,-0.2613084585956025,-0.236820441513822,-0.3531981255902923,42.524444433678084,True,False,0.394735204245707,0.0,-0.6648606510595664,0.02029465426479392,0.00020365700022654146,0.0062071550284064185,0.0,False,False,False,True,1.0,0.0,0.0,wait_Gm,0,0,0,False,,0.264804000729917,0.19909278559989543,False,0.0
25,pressure_positive,157,25.017752622340684,52.930622640153366,202.35965471385967,200.0299468853646,Omega_safe_one_step_QP,False,True,,0.585622767319521,0.585622767319521,1.0,-0.32858964800834656,-0.7442970275878906,0.7442970275878906,0.4013447693427467,1.6487728916996953,233.65538828079238,249.52860663022335,0.16077874140955623,0.1053588195345562,-0.03253426109035262,-0.33251953125,-0.3129573356693271,-0.4949865974485874,58.562276731952096,True,False,0.43787835078455617,0.0,0.2836675092092764,0.020288774302750286,0.005796826651646587,0.020103970751910543,0.0,False,False,False,True,1.0,0.0,0.0,wait_Gm,0,0,0,False,,0.3021375783700635,0.22716071171544377,False,0.0
25,pressure_positive,158,25.01622324670009,52.9298418951081,196.48884672603725,205.54326532368134,Omega_safe_one_step_QP,False,True,,0.5758525905988727,0.5758525905988728,1.0000000000000002,-0.6243074536323547,-0.8533946871757507,0.8533946871757507,0.404426399869606,1.6489213863697818,233.65538828079238,249.52860663022335,0.17017408905061063,0.1147541671756106,-0.04757464267696904,-0.1828966292619476,-0.3716654155475513,-0.43985341306542014,57.585259059887285,True,False,0.2976507964375582,0.0,0.9639481861807053,0.020282990082388014,0.00344663864298795,0.003039668020228323,0.0,False,False,False,True,1.0,0.0,0.0,wait_Gm,0,0,0,False,,0.2896406828318701,0.21776536407438937,False,0.0
25,pressure_positive,159,25.010018477921303,52.92794664361666,206.19092167075172,220.77596055687175,Omega_safe_one_step_QP,False,True,,0.3976193635115698,0.3976193635115699,1.0000000000000002,-0.6989575028419495,-0.7645266056060791,0.7645266056060791,0.4168560937373792,1.6504257021210615,233.65538828079238,249.52860663022335,0.20831649623627824,0.1528965743612782,0.02870451730130591,-0.043564778472065385,-0.2746446661004066,-0.287526460733516,39.76193635115698,True,False,0.1964613528333436,0.0,-0.2371217565841698,0.02026652125031389,0.009413025823285626,0.023203500406726193,0.0,False,False,False,True,1.0,0.0,0.0,wait_Gm,0,0,0,False,,0.23890688390274906,0.17962295688872176,False,0.0
25,pressure_positive,160,25.011581334129094,52.92714730190691,210.4702828590741,219.7553859344804,Omega_safe_one_step_QP,False,True,,0.37735842166481554,0.37735842166481554,1.0,-0.39058223366737366,-0.6125621199607849,0.6125621199607849,0.4138439110338324,1.649262003991482,233.65538828079238,249.52860663022335,0.1986841877976179,0.14326426592261787,0.009445506695492656,-0.15352457310384066,-0.23185105421718277,-0.29773220695742963,37.735842166481554,True,False,0.29678883902645853,0.0,-0.7425167272305907,0.020248676127990722,0.0018312932180119957,0.00010415725598692771,0.0,False,False,False,True,1.0,0.0,0.0,wait_Gm,0,0,0,False,,0.2517189646159717,0.1892552653273821,False,0.0
25,pressure_positive,161,25.01655560254422,52.92706000754423,208.10315298166645,206.9567606070214,Omega_safe_one_step_QP,False,True,,0.49651574019411626,0.4965157401941163,1.0000000000000002,-0.2578269839286804,-0.6401405334472656,0.6401405334472656,0.40402275032662316,1.6470534393609741,233.65538828079238,249.52860663022335,0.16807453487145346,0.11265461299645343,-0.011226573146181112,-0.33251953125,-0.25552235299125925,-0.4257184602320194,49.65157401941163,True,False,0.4451741442464534,0.0,-0.42151816650896307,0.02023735338599209,0.0005603303856515951,0.016380481027267444,0.0,False,False,False,True,1.0,0.0,0.0,wait_Gm,0,0,0,False,,0.2924333319446485,0.21986491825354654,False,0.0
25,pressure_positive,162,25.019624616742494,52.92697599714521,194.56656199381231,194.56115813070397,Omega_safe_one_step_QP,False,True,,0.6744891945050727,0.6744891945050728,1.0000000000000002,-0.4540438950061798,-0.8265296220779419,0.8265296220779419,0.3979571526285867,1.6456489172022941,233.65538828079238,249.52860663022335,0.14918846177786285,0.09376853990286282,-0.08498765369433645,-0.33251953125,-0.39088826286980066,-0.5496744849951938,67.44891945050728,True,False,0.4262880711528628,0.0,1.2250474140462302,0.020237393128764485,0.018323929557245395,0.015365096075088694,0.0,False,False,False,True,1.0,0.0,0.0,wait_Gm,0,0,0,False,,0.31755398650438477,0.23875099134713715,False,0.0
25,pressure_positive,163,25.01188230719403,52.92513982646394,201.62746198118387,215.6972975999517,Omega_safe_one_step_QP,False,True,,0.46586967423893283,0.46586967423893294,1.0000000000000002,-0.7530092597007751,-0.8378106355667114,0.8378106355667114,0.4134108724602542,1.6478331803994488,233.65538828079238,249.52860663022335,0.1967929068888372,0.14137298501383716,0.005658243744742081,-0.07128662248052042,-0.3202792629960851,-0.33831309030271656,46.58696742389329,True,False,0.21265960749435758,0.0,0.3196684259574022,0.020225080298674158,0.004985630863166364,0.04467363916634914,0.0,False,False,False,True,1.0,0.0,0.0,wait_Gm,0,0,0,False,,0.25423458627057127,0.1911465462361628,False,0.0
25,pressure_positive,164,25.00980710754341,52.923760497625786,209.00624511929897,222.22969784320082,Omega_safe_one_step_QP,False,True,,0.3678057475839622,0.3678057475839622,1.0,-0.5685946941375732,-0.6908459067344666,0.6908459067344666,0.41763881482123527,1.6478824802438905,233.65538828079238,249.52860663022335,0.2095351256002449,0.15411520372524487,0.031142909623620346,-0.06263239077644303,-0.24649143161493414,-0.27298908787022524,36.78057475839622,True,False,0.2167475945016879,0.0,-0.5778985859926297,0.020206812011123183,0.005444644059933168,0.004267225293800127,0.0,False,False,False,True,1.0,0.0,0.0,wait_Gm,0,0,0,False,,0.23728596635271973,0.1784043275247551,False,0.0
25,pressure_positive,165,25.013629738906445,52.92337353683793,209.72303904178102,212.85333825131727,Omega_safe_one_step_QP,False,True,,0.43793066240705225,0.4379306624070523,1.0000000000000002,-0.2869839072227478,-0.5926140546798706,0.5926140546798706,0.41012313335895695,1.6459941235571245,233.65538828079238,249.52860663022335,0.18600592038467442,0.1305859985096744,-0.01590431416363755,-0.2863532087615074,-0.23932349239011358,-0.36675268378906084,43.79306624070523,True,False,0.4169392072711818,0.0,-0.6340724504304762,0.02019220596690319,5.137935273072093e-05,0.008791611919630678,0.0,False,False,False,True,1.0,0.0,0.0,wait_Gm,0,0,0,False,,0.2685825219344385,0.20193353274032558,False,0.0
25,pressure_positive,166,25.018012670778525,52.92337151673831,200.8158145125922,198.76120013493534,Omega_safe_one_step_QP,False,True,,0.6046294044730931,0.6046294044730932,1.0000000000000002,-0.35231438279151917,-0.7633748054504395,0.7633748054504395,0.4014575769984231,1.644081522756965,233.65538828079238,249.52860663022335,0.15903658226132233,0.1036166603863223,-0.042249931352035974,-0.33251953125,-0.3283957376820018,-0.5076740649528801,60.46294044730932,True,False,0.43613619163632233,0.0,0.46786203097646195,0.02018761320847045,0.007933864881338305,0.019858835669118453,0.0,False,False,False,True,1.0,0.0,0.0,wait_Gm,0,0,0,False,,0.3044548508872998,0.22890287086367767,False,0.0
25,pressure_positive,167,25.015273225848002,52.922393331622054,197.51844811827849,207.9610984123308,Omega_safe_one_step_QP,False,True,,0.5507936259393054,0.5507936259393053,0.9999999999999998,-0.6551409363746643,-0.8520539402961731,0.8520539402961731,0.4069477370693669,1.64463112674343,233.65538828079238,249.52860663022335,0.17587392821133568,0.12045400633633566,-0.036176186196528404,-0.15533113467666318,-0.361369401625139,-0.41567508217892535,55.079362593930526,True,False,0.27578514101299884,0.0,0.8308630059560892,0.02018041849347375,0.0010872625138349413,0.008463812831442426,0.0,False,False,False,True,1.0,0.0,0.0,wait_Gm,0,0,0,False,,0.28205923962421875,0.21206552491366432,False,0.0
25,pressure_positive,168,25.009916582310055,52.92059359838657,206.7186274839394,221.1330590344539,Omega_safe_one_step_QP,False,True,,0.3913944564618262,0.39139445646182613,0.9999999999999999,-0.6783798933029175,-0.7518588304519653,0.7518588304519653,0.4176940219620331,1.6458310173925854,233.65538828079238,249.52860663022335,0.20879947504933472,0.1533795531743347,0.02967059059584054,-0.04515173422812194,-0.26936760796852977,-0.28395547595769444,39.139445646182615,True,False,0.19853128740245662,0.0,-0.3041122932749431,0.020163615861592543,0.008464330036033288,0.01735005466307614,0.0,False,False,False,True,1.0,0.0,0.0,wait_Gm,0,0,0,False,,0.2382644663966748,0.17913997807566528,False,0.0
25,pressure_positive,169,25.011923735278934,52.91987528067207,210.44730240271807,218.90094624744907,Omega_safe_one_step_QP,False,True,,0.38427448921918217,0.38427448921918217,1.0,-0.3696226179599762,-0.6059685349464417,0.6059685349464417,0.41379623902174417,1.6445249600075802,233.65538828079238,249.52860663022335,0.19643488210372517,0.14101496022872514,0.004947853072275299,-0.1729136491292634,-0.23208085878074314,-0.3062766038277428,38.42744892191822,True,False,0.31392860935798855,0.0,-0.7402797326434893,0.020146161114749102,0.0013903016649929089,0.0004982327493910502,0.0,False,False,False,True,1.0,0.0,0.0,wait_Gm,0,0,0,False,,0.2547108005094141,0.19150457102127483,False,0.0
25,pressure_positive,170,25.01690126077732,52.91981538459547,207.24888861373447,205.83752184600058,Omega_safe_one_step_QP,False,True,,0.5105109317427465,0.5105109317427465,1.0,-0.2667155861854553,-0.656970202922821,0.656970202922821,0.40396524809313206,1.642330253949173,233.65538828079238,249.52860663022335,0.16580572411390698,0.11038580223890695,-0.01400418982222923,-0.33251953125,-0.26406499667057914,-0.43691084784222767,51.051093174274655,True,False,0.4429053334889069,0.0,-0.31969130975124244,0.02013570495507487,0.0010229850765560433,0.017065305709235975,0.0,False,False,False,True,1.0,0.0,0.0,wait_Gm,0,0,0,False,,0.29545111181994144,0.22213372901109302,False,0.0
25,pressure_positive,171,25.01931004730917,52.91963695081718,194.1157692289468,195.93668242238033,Omega_safe_one_step_QP,False,True,,0.6659936797796404,0.6659936797796404,1.0,-0.48768898844718933,-0.8343530297279358,0.8343530297279358,0.3992121367557504,1.6411519732159974,233.65538828079238,249.52860663022335,0.15098035107484564,0.09556042919984561,-0.08595609999282816,-0.30979759709216215,-0.3953961905184559,-0.5359192420784302,66.59936797796404,True,False,0.40535802629200773,0.0,1.2712113394518383,0.020135392151513828,0.01724788247750858,0.009802662129231305,0.0,False,False,False,True,1.0,0.0,0.0,wait_Gm,0,0,0,False,,0.3151705671536719,0.23695910205015436,False,0.0
25,pressure_positive,172,25.011232308166395,52.917688316845705,202.8270842227725,217.4326952508107,Omega_safe_one_step_QP,False,True,,0.4450316683528079,0.4450316683528079,1.0,-0.7604808807373047,-0.8230221271514893,0.8230221271514893,0.41534017161541287,1.6434158014559692,233.65538828079238,249.52860663022335,0.2006465774820425,0.14522665560704248,0.013365027468695834,-0.05745675639244549,-0.30828304058019884,-0.32095911379412656,44.50316683528079,True,False,0.20268341199948797,0.0,0.16850961280076263,0.020121886407299523,0.007588700892165263,0.04620785675200429,0.0,False,False,False,True,1.0,0.0,0.0,wait_Gm,0,0,0,False,,0.24910876009504396,0.1872928756429575,False,0.0
25,pressure_positive,173,25.01013962513048,52.9164569791089,209.5043388545392,222.11693316930356,Omega_safe_one_step_QP,False,True,,0.3653317711775719,0.3653317711775719,1.0,-0.5265091061592102,-0.6686817407608032,0.6686817407608032,0.4176136220797361,1.6431329459438617,233.65538828079238,249.52860663022335,0.2073460191101607,0.15192609723516068,0.026765400446741916,-0.07741649346830187,-0.24151049426253166,-0.27411673460919783,36.53317711775719,True,False,0.22934259070346255,0.0,-0.6398290262116643,0.020103490123644235,0.004458572941745004,0.00219420848770464,0.0,False,False,False,True,1.0,0.0,0.0,wait_Gm,0,0,0,False,,0.2401977303625928,0.1805934340148393,False,0.0
25,pressure_positive,174,25.014381375827845,52.91615935354468,209.08927337534539,210.5817035660603,Omega_safe_one_step_QP,False,True,,0.4604731544658102,0.46047315446581016,0.9999999999999999,-0.2737550735473633,-0.5942821502685547,0.5942821502685547,0.40926102299561135,1.641117405280844,233.65538828079238,249.52860663022335,0.18123961529818103,0.125819693423181,-0.025435151754948565,-0.32284094098634514,-0.24566114905446995,-0.3894690306416305,46.04731544658101,True,False,0.44866063440952614,0.0,-0.5548638910715136,0.020090155006954075,1.7227935201840207e-05,0.01330615219995398,0.0,False,False,False,True,1.0,0.0,0.0,wait_Gm,0,0,0,False,,0.27492225719822755,0.20669983782681897,False,0.0
25,pressure_positive,175,25.01827861472835,52.916131379780175,198.26278176043454,196.9667356154551,Omega_safe_one_step_QP,False,True,,0.6336708041939452,0.6336708041939452,1.0,-0.39507851004600525,-0.7903576493263245,0.7903576493263245,0.4015558439057538,1.6393952076929479,233.65538828079238,249.52860663022335,0.15725836169502228,0.10183843982002225,-0.05986549379397221,-0.33251953125,-0.35392606520357844,-0.5256187101476826,63.36708041939452,True,False,0.4343579710700223,0.0,0.7735661325312685,0.020087570833728897,0.011721292068773495,0.01853673522960069,0.0,False,False,False,True,1.0,0.0,0.0,wait_Gm,0,0,0,False,,0.3068200892471631,0.23068109142997772,False,0.0
25,pressure_positive,176,25.013523920880917,52.91481296049757,199.51514073616002,211.78881353790612,Omega_safe_one_step_QP,False,True,,0.50890553986567,0.50890553986567,1.0,-0.6998170614242554,-0.8473911881446838,0.8473911881446838,0.41105869361296027,1.6406064407969179,233.65538828079238,249.52860663022335,0.1864893850706815,0.13106946319568147,-0.014947053393678106,-0.11284494291861186,-0.34140247544632357,-0.3773979309231723,50.89055398656701,True,False,0.24391440611429333,0.0,0.5783650544831971,0.020077942249653775,0.0001568403004080187,0.02196939939392102,0.0,False,False,False,True,1.0,0.0,0.0,wait_Gm,0,0,0,False,,0.2679394581633545,0.2014500680543185,False,0.0
25,pressure_positive,177,25.009790108309254,52.913222036251014,207.53213608400887,221.41934626360347,Omega_safe_one_step_QP,False,True,,0.38373882051405506,0.38373882051405506,1.0,-0.6351631283760071,-0.7317422032356262,0.7317422032356262,0.4185810501609842,1.6412380111065175,233.65538828079238,249.52860663022335,0.20943332830961012,0.1540134064346101,0.030938694097142866,-0.05162204541902396,-0.2612325219678351,-0.2810926036661988,38.3738820514055,True,False,0.20563545185363405,0.0,-0.40486426442450013,0.0200606987276438,0.006427221440743008,0.009274716058072762,0.0,False,False,False,True,1.0,0.0,0.0,wait_Gm,0,0,0,False,,0.2374213684854053,0.17850612481538988,False,0.0
25,pressure_positive,178,25.012469696063622,52.91263239512739,210.1746986782922,216.9658593790737,Omega_safe_one_step_QP,False,True,,0.4014567589107469,0.4014567589107468,0.9999999999999998,-0.33946526050567627,-0.6020807027816772,0.6020807027816772,0.4133423599968369,1.6397197442990394,233.65538828079238,249.52860663022335,0.19293359264613105,0.13751367077113102,-0.0020529431437542323,-0.20831738813150963,-0.23480689602500177,-0.3256274725114966,40.145675891074674,True,False,0.34583105890264065,0.0,-0.705063778606227,0.020044185445560914,0.0006983137064705461,0.0019833545430678772,0.0,False,False,False,True,1.0,0.0,0.0,wait_Gm,0,0,0,False,,0.25936791914434576,0.19500586047886895,False,0.0
25,pressure_positive,179,25.017250510699753,52.91259140748269,205.16635437819787,203.39069954777557,Omega_safe_one_step_QP,False,True,,0.5422482386003449,0.5422482386003448,0.9999999999999998,-0.29321131110191345,-0.6937623620033264,0.6937623620033264,0.4038967944008408,1.6376184337883977,233.65538828079238,249.52860663022335,0.1635152171280305,0.10809529525303047,-0.02270597047983261,-0.33251953125,-0.2848903390259451,-0.4613790708244778,54.22482386003448,True,False,0.44061482650303047,0.0,-0.06790290641321008,0.020035706078592563,0.0025083512628287425,0.018428496444529006,0.0,False,False,False,True,1.0,0.0,0.0,wait_Gm,0,0,0,False,,0.2984977501808496,0.2244242359969695,False,0.0
25,pressure_positive,180,25.018018837572676,52.91216546811194,194.84163361641478,200.60217929408702,Omega_safe_one_step_QP,False,True,,0.6245240462163744,0.6245240462163744,1.0,-0.5567681193351746,-0.8469051122665405,0.8469051122665405,0.40240663035995083,1.6369949636808951,233.65538828079238,249.52860663022335,0.15877916365274083,0.1033592417777408,-0.07036164935036215,-0.24518895849091504,-0.388137546643776,-0.48926427336136324,62.45240462163744,True,False,0.34854820026865585,0.0,1.1673478732166678,0.020033038395501395,0.010659985880879465,0.0007775845205231232,0.0,False,False,False,True,1.0,0.0,0.0,wait_Gm,0,0,0,False,,0.3047972473126904,0.22916028947225917,False,0.0
25,pressure_positive,181,25.010548504527673,52.910183082455085,204.6494686292499,219.3910556350945,Omega_safe_one_step_QP,False,True,,0.41828403684765836,0.41828403684765825,0.9999999999999998,-0.7342382073402405,-0.7915307879447937,0.7915307879447937,0.41734107840157225,1.6389846559862817,233.65538828079238,249.52860663022335,0.20470720426532452,0.1492872823903245,0.021485992396627768,-0.04823067397424527,-0.29005919651542483,-0.30137550995128864,41.828403684765824,True,False,0.19751795636456976,0.0,-0.05735233342724769,0.020017955304439866,0.009619362763899434,0.03530218741576701,0.0,False,False,False,True,1.0,0.0,0.0,wait_Gm,0,0,0,False,,0.24370765833051272,0.18323224885967548,False,0.0
25,pressure_positive,182,25.01093539008062,52.909193468694504,210.06939763065333,221.21764152327526,Omega_safe_one_step_QP,False,True,,0.3684846944223435,0.36848469442234355,1.0000000000000002,-0.4535762667655945,-0.6353129744529724,0.6353129744529724,0.41666917423116184,1.6382119032109168,233.65538828079238,249.52860663022335,0.20230721691736112,0.1468872950423611,0.01668950863193433,-0.11310280365233483,-0.23585990650139052,-0.2831096510694809,36.848469442234354,True,False,0.2599900986946959,0.0,-0.7072185871329065,0.019999728829578386,0.0029375630380254003,0.0003336416006901144,0.0,False,False,False,True,1.0,0.0,0.0,wait_Gm,0,0,0,False,,0.24689991819341311,0.18563223620763888,False,0.0
25,pressure_positive,183,25.015648056459476,52.909017755059146,208.90028443032014,209.07535663998175,Omega_safe_one_step_QP,False,True,,0.4742658116943122,0.47426581169431214,0.9999999999999999,-0.2597499191761017,-0.6082838177680969,0.6082838177680969,0.4073737557248378,1.6360652880481705,233.65538828079238,249.52860663022335,0.17330553638518606,0.11788561451018603,-0.019026886063558263,-0.33251953125,-0.24755103850472238,-0.404532499902416,47.426581169431216,True,False,0.45040514576018603,0.0,-0.5306565071466502,0.019987185710214392,0.00013668256751933042,0.014743508218705818,0.0,False,False,False,True,1.0,0.0,0.0,wait_Gm,0,0,0,False,,0.2854754968568115,0.21463391673981394,False,0.0
25,pressure_positive,184,25.019412624579665,52.90901206318501,196.95436854875237,195.98604058107782,Omega_safe_one_step_QP,False,True,,0.6491356736845312,0.6491356736845313,1.0000000000000002,-0.4109106659889221,-0.8051040768623352,0.8051040768623352,0.3999273794878896,1.6344113798800957,233.65538828079238,249.52860663022335,0.15014107635309923,0.0947211544780992,-0.06791489896164962,-0.33251953125,-0.3670101973204001,-0.5354256604914553,64.91356736845312,True,False,0.4272406857280992,0.0,0.9291853265968121,0.01998567435914913,0.014270490624949311,0.017133019488988037,0.0,False,False,False,True,1.0,0.0,0.0,wait_Gm,0,0,0,False,,0.3162868992932666,0.23779837677190077,False,0.0
25,pressure_positive,185,25.013632198549608,52.907524516043324,199.50131562259418,212.41142617447423,Omega_safe_one_step_QP,False,True,,0.5043992232474318,0.5043992232474319,1.0000000000000002,-0.7194958329200745,-0.8443426489830017,0.8443426489830017,0.41147211680806717,1.6359616874168839,233.65538828079238,249.52860663022335,0.18568037926459044,0.1302604573895904,-0.016565432413309295,-0.10707901917803087,-0.34154072658198203,-0.3711718045574912,50.43992232474319,True,False,0.23733947656762128,0.0,0.5750007422896715,0.0199758635813097,0.0006486939396951342,0.026979329189175446,0.0,False,False,False,True,1.0,0.0,0.0,wait_Gm,0,0,0,False,,0.26901552915399907,0.20225907386040956,False,0.0
25,pressure_positive,186,25.009909776329923,52.90591934524142,207.74194783107978,221.75793231053126,Omega_safe_one_step_QP,False,True,,0.37983111353747817,0.3798311135374782,1.0000000000000002,-0.6317481398582458,-0.7223066687583923,0.7223066687583923,0.4189735834241926,1.6365808058506248,233.65538828079238,249.52860663022335,0.2085539557386926,0.15313403386369256,0.029179918282874806,-0.051952543020454184,-0.259134404497126,-0.2777067431969209,37.98311135374782,True,False,0.20508657688414675,0.0,-0.43394976245026556,0.01995843514719384,0.006790801919553037,0.00873571769513517,0.0,False,False,False,True,1.0,0.0,0.0,wait_Gm,0,0,0,False,,0.23859103538783205,0.1793854973863074,False,0.0
25,pressure_positive,187,25.012779183444977,52.90536044463501,210.2350233887769,216.6344381893195,Omega_safe_one_step_QP,False,True,,0.40379943153671055,0.40379943153671055,1.0,-0.32851070165634155,-0.5942967534065247,0.5942967534065247,0.41335696346159073,1.6349996948229597,233.65538828079238,249.52860663022335,0.19088681515652903,0.135466893281529,-0.00614590503604176,-0.22097782932539617,-0.23420364892015472,-0.32894168440903854,40.37994315367106,True,False,0.35644472260692517,0.0,-0.7143089610122751,0.019942065860602532,0.0006215425736386831,0.00262501920100915,0.0,False,False,False,True,1.0,0.0,0.0,wait_Gm,0,0,0,False,,0.2620903691743799,0.19705263796847097,False,0.0
25,pressure_positive,188,25.017629851469632,52.905345395368165,204.87857640236197,203.03099958534773,Omega_safe_one_step_QP,False,True,,0.5468210276485571,0.5468210276485571,1.0,-0.2947148084640503,-0.6991710662841797,0.6991710662841797,0.40377053492957526,1.632883412697305,233.65538828079238,249.52860663022335,0.1610391219170756,0.10561920004207556,-0.023645254339625082,-0.33251953125,-0.2877681187843041,-0.4649760704487562,54.682102764855706,True,False,0.4381387312920756,0.0,-0.03567072104929594,0.019933907596329428,0.002869152431827366,0.018505354185202938,0.0,False,False,False,True,1.0,0.0,0.0,wait_Gm,0,0,0,False,,0.30179124227654297,0.2269003312079244,False,0.0
25,pressure_positive,189,25.01818990135596,52.90489175160007,194.61821425646252,200.69513058943622,Omega_safe_one_step_QP,False,True,,0.6251887185508024,0.6251887185508025,1.0000000000000002,-0.5641860365867615,-0.8473606705665588,0.8473606705665588,0.40269412273858923,1.63233258515761,233.65538828079238,249.52860663022335,0.15758410730705735,0.10216418543205733,-0.07275190747625335,-0.2437814198920479,-0.39037174024329857,-0.4883347604078713,62.51887185508024,True,False,0.34594560532410523,0.0,1.1905060950954203,0.019931382108647314,0.010527503136500638,0.0005456283966060652,0.0,False,False,False,True,1.0,0.0,0.0,wait_Gm,0,0,0,False,,0.30638681002995116,0.23035534581794265,False,0.0
25,pressure_positive,190,25.01056344865364,52.90287732804841,204.74924301364456,219.67330004103195,Omega_safe_one_step_QP,False,True,,0.41556041266464094,0.41556041266464105,1.0000000000000002,-0.7392479777336121,-0.7877972722053528,0.7877972722053528,0.41794001445212936,1.6343705767255758,233.65538828079238,249.52860663022335,0.20447216455218653,0.1490522426771865,0.021015800467150597,-0.046452415499887934,-0.2890614526714782,-0.298553065891914,41.556041266464106,True,False,0.19550465817707444,0.0,-0.0732194214404899,0.019916194094476328,0.010263774367884941,0.03601709157334815,0.0,False,False,False,True,1.0,0.0,0.0,wait_Gm,0,0,0,False,,0.24402028824590333,0.18346728857281347,False,0.0
25,pressure_positive,191,25.011052714827887,52.90190239137636,210.1870183194409,221.3174362735298,Omega_safe_one_step_QP,False,True,,0.3669651920192498,0.36696519201924976,0.9999999999999999,-0.44809332489967346,-0.6292137503623962,0.6292137503623962,0.4170644599010433,1.6335629663933318,233.65538828079238,249.52860663022335,0.20144249056232313,0.1460225686873231,0.014960160351521257,-0.11583637865256158,-0.2346836996135147,-0.28211170356693543,36.69651920192498,True,False,0.2618589473398847,0.0,-0.7246256360707776,0.019897907676550385,0.002956940027632859,0.0002703183951012247,0.0,False,False,False,True,1.0,0.0,0.0,wait_Gm,0,0,0,False,,0.2480501039403223,0.18649696256267687,False,0.0
25,pressure_positive,192,25.015881639713744,52.90174939603705,209.02827579153967,209.21539080870758,Omega_safe_one_step_QP,False,True,,0.47240343345814234,0.47240343345814245,1.0000000000000002,-0.25668591260910034,-0.6061781644821167,0.6061781644821167,0.40753708988660137,1.6313800722314773,233.65538828079238,249.52860663022335,0.17172588670387798,0.11630596482887795,-0.018329098469771876,-0.33251953125,-0.2462711248925271,-0.4031321582151577,47.240343345814246,True,False,0.44882549607887795,0.0,-0.5493794034746634,0.019885280328358717,0.00013426842459669545,0.01464595044326242,0.0,False,False,False,True,1.0,0.0,0.0,wait_Gm,0,0,0,False,,0.2875766130509912,0.21621356642112202,False,0.0
25,pressure_positive,193,25.01977030883319,52.90176648068992,197.12387072828423,196.0917589064357,Omega_safe_one_step_QP,False,True,,0.6473058372473154,0.6473058372473154,1.0,-0.40564632415771484,-0.8035144209861755,0.8035144209861755,0.39984329823409903,1.6296866154960157,233.65538828079238,249.52860663022335,0.1477982476293069,0.09237832575430688,-0.066707241425572,-0.33251953125,-0.36531517552508147,-0.5343684772378765,64.73058372473155,True,False,0.4248978570043069,0.0,0.905672818404887,0.01988369769019903,0.014171485991006172,0.017222971430632828,0.0,False,False,False,True,1.0,0.0,0.0,wait_Gm,0,0,0,False,,0.3194031315979248,0.2401412054956931,False,0.0
25,pressure_positive,194,25.01414646107816,52.900308942986655,198.94117009184765,211.72462406102122,Omega_safe_one_step_QP,False,True,,0.5132463387655288,0.5132463387655288,1.0,-0.7167889475822449,-0.844389796257019,0.844389796257019,0.411075747582809,1.631187677179519,233.65538828079238,249.52860663022335,0.1823746721886934,0.12695475031369338,-0.02317657815373736,-0.11518818308736276,-0.3471421818894473,-0.3780398256920213,51.32463387655288,True,False,0.24214293340105614,0.0,0.6406282104061529,0.01987450468549014,0.0003302576976808016,0.02443864729414541,0.0,False,False,False,True,1.0,0.0,0.0,wait_Gm,0,0,0,False,,0.2734125006747803,0.2055647809363066,False,0.0
25,pressure_positive,195,25.009997911130903,52.89864163885368,207.48110923597284,221.71529701500975,Omega_safe_one_step_QP,False,True,,0.38192578798345267,0.38192578798345267,1.0,-0.645906388759613,-0.7268021106719971,0.7268021106719971,0.41942450350656174,1.6319522384823422,233.65538828079238,249.52860663022335,0.20786910444635537,0.15244918257135534,0.02781007732256935,-0.050161107768749824,-0.26174279044819543,-0.278133096152136,38.19257879834527,True,False,0.20261029034010516,0.0,-0.40595821929697196,0.01985725442503124,0.007293056058536159,0.009981354607355802,0.0,False,False,False,True,1.0,0.0,0.0,wait_Gm,0,0,0,False,,0.2395019665619092,0.18007034867864463,False,0.0
25,pressure_positive,196,25.01268168270885,52.89804906654305,210.3234621532826,217.37678219749682,Omega_safe_one_step_QP,False,True,,0.39725540791441,0.3972554079144101,1.0000000000000002,-0.3379283845424652,-0.5934272408485413,0.5934272408485413,0.41417772681943804,1.6304309594488786,233.65538828079238,249.52860663022335,0.19134356724058135,0.13592364536558132,-0.005233029050699584,-0.20927939909152998,-0.23331926127509775,-0.3215182443272653,39.72554079144101,True,False,0.3452030444571113,0.0,-0.7302447622104729,0.0198405625371516,0.0008078970106539348,0.0018822710821779257,0.0,False,False,False,True,1.0,0.0,0.0,wait_Gm,0,0,0,False,,0.2614828362457764,0.19659588588441865,False,0.0
25,pressure_positive,197,25.017626115750634,52.89803340082882,205.617586901227,204.00370331324126,Omega_safe_one_step_QP,False,True,,0.5346620547804495,0.5346620547804495,1.0,-0.2853127717971802,-0.6845448017120361,0.6845448017120361,0.40440645197334674,1.6282750415855416,233.65538828079238,249.52860663022335,0.16091890184380694,0.10549897996880692,-0.021643693360711896,-0.33251953125,-0.28037801379565364,-0.4552490331698209,53.466205478044955,True,False,0.4380185112188069,0.0,-0.1295843627593058,0.01983169190648444,0.0022145261887909274,0.017883923884452202,0.0,False,False,False,True,1.0,0.0,0.0,wait_Gm,0,0,0,False,,0.30195114883422364,0.22702055128119306,False,0.0
25,pressure_positive,198,25.018798768910035,52.89767310249996,194.12927423332192,199.06622297488536,Omega_safe_one_step_QP,False,True,,0.6409965566110447,0.6409965566110448,1.0000000000000002,-0.54315584897995,-0.8437346816062927,0.8437346816062927,0.40211131592300814,1.627517782713052,233.65538828079238,249.52860663022335,0.15369621111608972,0.09827628924108969,-0.08052669991046715,-0.2655640222110033,-0.39526114047470456,-0.5046238365533798,64.09965566110448,True,False,0.363840311452093,0.0,1.2505346952262197,0.019830201768238107,0.01319813279555486,0.0024378712091651066,0.0,False,False,False,True,1.0,0.0,0.0,wait_Gm,0,0,0,False,,0.311558160194253,0.23424324200891028,False,0.0
25,pressure_positive,199,25.010802502905417,52.895641211320594,204.17783027681756,219.212292884909,Omega_safe_one_step_QP,False,True,,0.42284811752945456,0.4228481175294547,1.0000000000000004,-0.7534891366958618,-0.7963700294494629,0.7963700294494629,0.41808823734848105,1.629702066529205,233.65538828079238,249.52860663022335,0.2028594818986499,0.14743956002364988,0.017790440556648024,-0.04816171772005795,-0.2947755800397482,-0.30316313745314344,42.28481175294547,True,False,0.19560127774370784,0.0,-0.007008928368654779,0.019815523662546863,0.010097347855927268,0.040586413281956,0.0,False,False,False,True,1.0,0.0,0.0,wait_Gm,0,0,0,False,,0.24616534210120605,0.1850799712263501,False,0.0
25,pressure_positive,200,25.010857732183354,52.8945949049404,210.03312879715133,221.73760452331757,Omega_safe_one_step_QP,False,True,,0.36473976218922327,0.3647397621892232,0.9999999999999999,-0.47077953815460205,-0.6369476318359375,0.6369476318359375,0.41807666635980667,1.629038153170454,233.65538828079238,249.52860663022335,0.20249914993008156,0.14707922805508153,0.01707286530910271,-0.10379580643013267,-0.23622259483641045,-0.2779100210690578,36.47397621892232,True,False,0.2508750344852142,0.0,-0.7108175624819342,0.01979715668194518,0.0034284520762222904,0.0006377198871081762,0.0,False,False,False,True,1.0,0.0,0.0,wait_Gm,0,0,0,False,,0.24664462515947755,0.18544030319491844,False,0.0
25,pressure_positive,201,25.015587358794573,52.89441242947332,209.1220573302215,209.77621720946814,Omega_safe_one_step_QP,False,True,,0.46713347045460246,0.46713347045460246,1.0,-0.25991368293762207,-0.5977451801300049,0.5977451801300049,0.40874845850368174,1.6268810452334959,233.65538828079238,249.52860663022335,0.1733929763272039,0.11797305445220388,-0.02249181033136216,-0.33251953125,-0.24533330950570872,-0.3975238942075521,46.713347045460246,True,False,0.45049258570220385,0.0,-0.5654621174489876,0.01978425741975387,8.300512178536654e-05,0.014307478647191804,0.0,False,False,False,True,1.0,0.0,0.0,wait_Gm,0,0,0,False,,0.2853591916533252,0.2145464767977961,False,0.0
25,pressure_positive,202,25.019574779681616,52.894434142153855,197.62323147153901,196.5058243293916,Omega_safe_one_step_QP,False,True,,0.6410718966892887,0.6410718966892887,1.0,-0.39840736985206604,-0.7972882390022278,0.7972882390022278,0.40085938768161483,1.6251487389886032,233.65538828079238,249.52860663022335,0.14885778306093914,0.09343786118593911,-0.063994427830601,-0.33251953125,-0.36032156809253363,-0.5302278230083175,64.10718966892887,True,False,0.4259573924359391,0.0,0.841864169447831,0.019782329954309695,0.01322229961283052,0.01761033271915862,0.0,False,False,False,True,1.0,0.0,0.0,wait_Gm,0,0,0,False,,0.3179938273195313,0.23908167006406086,False,0.0
25,pressure_positive,203,25.01437296907137,52.893048995505815,198.67118082283156,211.19481711348706,Omega_safe_one_step_QP,False,True,,0.5189772817932478,0.5189772817932479,1.0000000000000002,-0.7088947296142578,-0.8446462750434875,0.8446462750434875,0.41125127077620993,1.6265120890843743,233.65538828079238,249.52860663022335,0.18083872313638805,0.12541880126138802,-0.02624821917793671,-0.1213247660537751,-0.3498420745796082,-0.3833378951673629,51.897728179324794,True,False,0.24674356731516311,0.0,0.6712160525659238,0.01977356101566754,0.00010981978428744647,0.021576650901120854,0.0,False,False,False,True,1.0,0.0,0.0,wait_Gm,0,0,0,False,,0.2754554899909278,0.20710072998861195,False,0.0
25,pressure_positive,204,25.010030906883195,52.89136133794756,207.32257479804093,221.6330791704577,Omega_safe_one_step_QP,False,True,,0.3836114594450897,0.3836114594450895,0.9999999999999996,-0.652371346950531,-0.7298033833503723,0.7298033833503723,0.41998385462845345,1.62734712548563,233.65538828079238,249.52860663022335,0.20752348698074716,0.15210356510574713,0.02711879808962453,-0.049713931846638665,-0.2633281348275145,-0.27895527459765646,38.36114594450895,True,False,0.2018174969523858,0.0,-0.3900182431359326,0.019756457171126292,0.007484661771428904,0.0108957314769993,0.0,False,False,False,True,1.0,0.0,0.0,wait_Gm,0,0,0,False,,0.23996167763695317,0.18041596614425284,False,0.0
25,pressure_positive,205,25.012610844848712,52.890752552305145,210.35007479138383,217.76371413198186,Omega_safe_one_step_QP,False,True,,0.3939728457983426,0.39397284579834263,1.0000000000000002,-0.3439338803291321,-0.5936345458030701,0.5936345458030701,0.4149436311594376,1.62586083861593,233.65538828079238,249.52860663022335,0.19163654695452612,0.1362166250795261,-0.004647428049192354,-0.20257218001942873,-0.23305313489408547,-0.3176489249824149,39.39728457983426,True,False,0.3387888050989548,0.0,-0.7377504141285772,0.01973961437369523,0.000916575620969126,0.0014971985800979204,0.0,False,False,False,True,1.0,0.0,0.0,wait_Gm,0,0,0,False,,0.26109313944909673,0.19630290617047388,False,0.0
25,pressure_positive,206,25.017599562574134,52.890736758835864,206.00241045735774,204.5611405438413,Omega_safe_one_step_QP,False,True,,0.5278977352417121,0.527897735241712,0.9999999999999998,-0.28089001774787903,-0.6761627793312073,0.6761627793312073,0.4050850227265658,1.6236863916888808,233.65538828079238,249.52860663022335,0.16093938409349598,0.10551946221849595,-0.021029787252091175,-0.33251953125,-0.2765297782343464,-0.44967466086382046,52.78977352417121,True,False,0.43803899346849595,0.0,-0.18015858239440605,0.019730363975676072,0.0018902185161362541,0.017430794935026653,0.0,False,False,False,True,1.0,0.0,0.0,wait_Gm,0,0,0,False,,0.30192390508007816,0.22700006903150402,False,0.0
25,pressure_positive,207,25.01910221196788,52.89042678252903,193.94680592476774,198.2116230451887,Omega_safe_one_step_QP,False,True,,0.6488608723749573,0.6488608723749574,1.0000000000000002,-0.5303333401679993,-0.8404222130775452,0.8404222130775452,0.40213337496762647,1.6228180428212777,233.65538828079238,249.52860663022335,0.15168712787085842,0.09626720599585839,-0.08454427871992137,-0.27809002649975056,-0.39708582356024635,-0.5131698358503465,64.88608723749573,True,False,0.3743572324956089,0.0,1.27172701597789,0.019729428771591322,0.014533760064620446,0.004031637246569561,0.0,False,False,False,True,1.0,0.0,0.0,wait_Gm,0,0,0,False,,0.314230472533667,0.23625232525414158,False,0.0
25,pressure_positive,208,25.010981859180852,52.88840103577314,203.78966019800333,218.82685348446762,Omega_safe_one_step_QP,False,True,,0.42831756444699015,0.4283175644469902,1.0000000000000002,-0.7589710354804993,-0.8014637231826782,0.8014637231826782,0.41835415344553356,1.6250581408657383,233.65538828079238,249.52860663022335,0.20161405663872667,0.14619413476372664,0.015299653981131284,-0.05055149564360101,-0.29865728082789045,-0.30701753145755734,42.831756444699025,True,False,0.19674563040732765,0.0,0.037183810755418566,0.0197151471109091,0.009688178024415206,0.0424987726064572,0.0,False,False,False,True,1.0,0.0,0.0,wait_Gm,0,0,0,False,,0.24782190127924805,0.18632539648627333,False,0.0
25,pressure_positive,209,25.010749441986338,52.88731050284628,209.88192413574959,221.91723071341536,Omega_safe_one_step_QP,False,True,,0.36435774692943185,0.3643577469294319,1.0000000000000002,-0.48593735694885254,-0.6428394913673401,0.6428394913673401,0.41891480619686117,1.624491213981015,233.65538828079238,249.52860663022335,0.20302282065142557,0.14760289877642555,0.018119856409249485,-0.0970025545521295,-0.23773464145042794,-0.2761137591680799,36.43577469294319,True,False,0.24460545332855504,0.0,-0.6965730776164583,0.01969679847130273,0.0037115679887163486,0.000955043141719874,0.0,False,False,False,True,1.0,0.0,0.0,wait_Gm,0,0,0,False,,0.24594808272773439,0.18491663247357443,False,0.0
25,pressure_positive,210,25.015381552636114,52.88710569431296,209.08684015407982,210.0723593305466,Omega_safe_one_step_QP,False,True,,0.464802001719855,0.464802001719855,1.0,-0.26363813877105713,-0.5932921767234802,0.5932921767234802,0.4097814298504285,1.6223630751682896,233.65538828079238,249.52860663022335,0.17451625025274894,0.11909632837774892,-0.026165925145702873,-0.33251953125,-0.24568548126712556,-0.3945624729967676,46.480200171985494,True,False,0.4516158596277489,0.0,-0.5653844321608221,0.019683797947927257,6.321585379078431e-05,0.014030097807670363,0.0,False,False,False,True,1.0,0.0,0.0,wait_Gm,0,0,0,False,,0.28386510783279784,0.21342320287225106,False,0.0
25,pressure_positive,211,25.019364392269576,52.88711956763189,197.81352707662376,196.76264414872463,Omega_safe_one_step_QP,False,True,,0.6378781867392723,0.6378781867392722,0.9999999999999998,-0.39717841148376465,-0.793426513671875,0.793426513671875,0.4019022783771648,1.6206285768862116,233.65538828079238,249.52860663022335,0.15000909307364232,0.0945891711986423,-0.06379565512462412,-0.33251953125,-0.35841861204168624,-0.5276596248149872,63.78781867392722,True,False,0.4271087024486423,0.0,0.8152586913112418,0.019681737700053763,0.012708758774234196,0.01771485182212219,0.0,False,False,False,True,1.0,0.0,0.0,wait_Gm,0,0,0,False,,0.3164624522715235,0.23793036005135768,False,0.0
25,pressure_positive,212,25.014338032757554,52.88576287971427,198.71611298062248,211.16471445257423,Omega_safe_one_step_QP,False,True,,0.5188970207583918,0.5188970207583918,1.0,-0.7055422067642212,-0.8438560366630554,0.8438560366630554,0.4119449009456135,1.6219338896876405,233.65538828079238,249.52860663022335,0.18091099512760042,0.1254910732526004,-0.026103627473602814,-0.12210650104521592,-0.349392753001699,-0.38363892177649117,51.88970207583919,True,False,0.24759757429781631,0.0,0.6628030693235633,0.019673038386552502,8.146613140971988e-05,0.020741962903702647,0.0,False,False,False,True,1.0,0.0,0.0,wait_Gm,0,0,0,False,,0.27535935991122074,0.20702845799739958,False,0.0
25,pressure_positive,213,25.010054701325238,52.884090093809675,207.27816522805145,221.56594410351005,Omega_safe_one_step_QP,False,True,,0.384404525410004,0.3844045254100039,0.9999999999999997,-0.6515399217605591,-0.7298657894134521,0.7298657894134521,0.4205599248818138,1.622752564236725,233.65538828079238,249.52860663022335,0.20723466490440395,0.15181474302940393,0.026541187370707542,-0.05060107711808326,-0.2637722305274093,-0.279626625267133,38.4404525410004,True,False,0.20241582014748719,0.0,-0.387682994020397,0.019656021779938367,0.007330873868770339,0.010818557825150645,0.0,False,False,False,True,1.0,0.0,0.0,wait_Gm,0,0,0,False,,0.24034584429465822,0.18070478822059605,False,0.0
25,pressure_positive,214,25.01262185197009,52.88348287896748,210.31791951900826,217.81826958116767,Omega_safe_one_step_QP,False,True,,0.3937236243828864,0.3937236243828865,1.0000000000000002,-0.3457290530204773,-0.5938178896903992,0.5938178896903992,0.4155446977210193,1.6212727156370912,233.65538828079238,249.52860663022335,0.19142643929067565,0.13600651741567563,-0.005067715688180263,-0.20148824452766464,-0.23337468761784122,-0.3171033704905568,39.372362438288654,True,False,0.33749476194334027,0.0,-0.7372402695966821,0.019639190716130593,0.0009240106149390323,0.001404506432541418,0.0,False,False,False,True,1.0,0.0,0.0,wait_Gm,0,0,0,False,,0.2613726068657666,0.19651301383432435,False,0.0
25,pressure_positive,215,25.01760760147396,52.88346714685269,206.02940734891618,204.7038067698614,Omega_safe_one_step_QP,False,True,,0.5265413093927097,0.5265413093927097,1.0,-0.2812133729457855,-0.6740175485610962,0.6740175485610962,0.40569190826477597,1.6190997429595813,233.65538828079238,249.52860663022335,0.16074754185613357,0.10532761998113355,-0.02193089803800155,-0.33251953125,-0.276259809318762,-0.44824799860361964,52.65413093927098,True,False,0.43784715123113355,0.0,-0.18694357767732073,0.01962989535832327,0.001839133663302785,0.01719891348291355,0.0,False,False,False,True,1.0,0.0,0.0,wait_Gm,0,0,0,False,,0.30217907737284666,0.22719191126886643,False,0.0
25,pressure_positive,216,25.019154496520834,52.88316366226904,193.9418221306685,198.15255723911372,Omega_safe_one_step_QP,False,True,,0.6493585902564162,0.6493585902564162,1.0,-0.5284764766693115,-0.8388803005218506,0.8388803005218506,0.40265224876043687,1.6182165246361824,233.65538828079238,249.52860663022335,0.1512231579777438,0.09580323610274377,-0.08547214237222264,-0.27991646658127123,-0.3971356615012388,-0.5137604939110963,64.93585902564162,True,False,0.375719702684015,0.0,1.2693636481517843,0.01962907643611472,0.014610971640839986,0.004291887041412155,0.0,False,False,False,True,1.0,0.0,0.0,wait_Gm,0,0,0,False,,0.3148476059794776,0.2367162951472562,False,0.0
25,pressure_positive,217,25.011052665519763,52.881145816434774,203.69615297525894,218.72445855097834,Omega_safe_one_step_QP,False,True,,0.42970353954562385,0.42970353954562385,1.0,-0.7586929798126221,-0.8014876842498779,0.8014876842498779,0.41883556322362403,1.6204533595551769,233.65538828079238,249.52860663022335,0.20103627221006373,0.1456163503350637,0.014144123586372737,-0.05181760436144722,-0.2995923530553344,-0.3080414807924501,42.970353954562384,True,False,0.19743395469651093,0.0,0.045477633052814784,0.019614937711155564,0.009514697022572849,0.042320312358509735,0.0,False,False,False,True,1.0,0.0,0.0,wait_Gm,0,0,0,False,,0.2485904211813428,0.18690318091493627,False,0.0
25,pressure_positive,218,25.010768082186843,52.88005003383379,209.8293058645171,221.9466548665279,Omega_safe_one_step_QP,False,True,,0.3644785681493447,0.3644785681493447,1.0,-0.4891473650932312,-0.6433683633804321,0.6433683633804321,0.4194996537877429,1.619905702712985,233.65538828079238,249.52860663022335,0.2027659249719278,0.14734600309692777,0.017606005407947628,-0.09619212654387083,-0.23826082416275285,-0.27581951763695456,36.44785681493447,True,False,0.2435381296407986,0.0,-0.6935498481790455,0.019596627874550035,0.0037615564363015666,0.0010382549095941116,0.0,False,False,False,True,1.0,0.0,0.0,wait_Gm,0,0,0,False,,0.24628978359874512,0.1851735281530722,False,0.0
25,pressure_positive,219,25.015380843960312,52.87984276936351,209.06732725672683,210.1999189747167,Omega_safe_one_step_QP,False,True,,0.4638230716154138,0.46382307161541386,1.0000000000000002,-0.26487696170806885,-0.5913740992546082,0.5913740992546082,0.410404693419626,1.6177845524337224,233.65538828079238,249.52860663022335,0.17437836504797535,0.11895844317297533,-0.027839003440096904,-0.33251953125,-0.24588061024065552,-0.39328687655506656,46.382307161541384,True,False,0.4514779744229753,0.0,-0.5665964583249706,0.019583599610144654,5.8061139872999636e-05,0.013798580411196543,0.0,False,False,False,True,1.0,0.0,0.0,wait_Gm,0,0,0,False,,0.2840485110518555,0.21356108807702465,False,0.0
25,pressure_positive,220,25.01937082352705,52.87985637482595,197.89578737640178,196.90758964122693,Omega_safe_one_step_QP,False,True,,0.6362169823100875,0.6362169823100875,1.0,-0.39629843831062317,-0.7912470102310181,0.7912470102310181,0.40251148306915063,1.6160470927883845,233.65538828079238,249.52860663022335,0.1498272687909089,0.09440734691590888,-0.06400033864685106,-0.33251953125,-0.3575960090439059,-0.5262101698899642,63.62169823100875,True,False,0.4269268781659089,0.0,0.8019023513568391,0.019581498866250036,0.012480330329769284,0.017668601910995233,0.0,False,False,False,True,1.0,0.0,0.0,wait_Gm,0,0,0,False,,0.3167042995290674,0.2381121843340911,False,0.0
25,pressure_positive,221,25.014432775225863,52.878514604067306,198.63117147016018,211.0402079362724,Omega_safe_one_step_QP,False,True,,0.5203895269144737,0.5203895269144736,0.9999999999999998,-0.7037399411201477,-0.8429558873176575,0.8429558873176575,0.41237824296601294,1.617323616160541,233.65538828079238,249.52860663022335,0.18018606157862654,0.12476613970362652,-0.0275534254179286,-0.12406899577747749,-0.35024216810632197,-0.38488398693950954,52.03895269144736,True,False,0.248835135481104,0.0,0.6701545262613309,0.01957296788101284,5.4078976535286065e-05,0.019973089987345365,0.0,False,False,False,True,1.0,0.0,0.0,wait_Gm,0,0,0,False,,0.27632360510556153,0.20775339154637346,False,0.0
25,pressure_positive,222,25.010103991729416,52.87683875371536,207.22125440620377,221.54547436278463,Omega_safe_one_step_QP,False,True,,0.3849440381661527,0.3849440381661526,0.9999999999999997,-0.6530988812446594,-0.729642391204834,0.729642391204834,0.42108321953670186,1.6181599364004575,233.65538828079238,249.52860663022335,0.2067893494899193,0.15136942761491928,0.025650553888501182,-0.050998923882946884,-0.2643413387458861,-0.2798313226743872,38.494403816615254,True,False,0.20236835149786617,0.0,-0.3839880739250521,0.019556027004699283,0.00737895248481072,0.011036062269200517,0.0,False,False,False,True,1.0,0.0,0.0,wait_Gm,0,0,0,False,,0.24093816513637206,0.1811501036350807,False,0.0
25,pressure_positive,223,25.012648237795002,52.87622977710554,210.3198856301229,217.95013985056116,Omega_safe_one_step_QP,False,True,,0.3926506396421164,0.3926506396421163,0.9999999999999997,-0.34740498661994934,-0.5928493142127991,0.5928493142127991,0.41611334404433786,1.616688956264765,233.65538828079238,249.52860663022335,0.19112202709425644,0.1357021052192564,-0.0056766326362690245,-0.20013633968733802,-0.23335502650669468,-0.31578466779662195,39.26506396421163,True,False,0.3358384449065944,0.0,-0.7410066618139126,0.019539162496648933,0.0009601515461846639,0.0012926430254785201,0.0,False,False,False,True,1.0,0.0,0.0,wait_Gm,0,0,0,False,,0.26177751018295903,0.19681742603074356,False,0.0
25,pressure_positive,224,25.017658147421173,52.876217300376666,206.15754108342242,204.94785476901058,Omega_safe_one_step_QP,False,True,,0.5237914696709879,0.5237914696709878,0.9999999999999998,-0.27978697419166565,-0.6703478693962097,0.6703478693962097,0.40621253556219566,1.6145077940575598,233.65538828079238,249.52860663022335,0.16029453001768437,0.10487460814268434,-0.022263196167189414,-0.33251953125,-0.2749784719736996,-0.44580751861212775,52.379146967098784,True,False,0.43739413939268434,0.0,-0.20603300348295306,0.01952973416135635,0.0017325112125447354,0.016905941734191285,0.0,False,False,False,True,1.0,0.0,0.0,wait_Gm,0,0,0,False,,0.30278163534373537,0.22764492310731563,False,0.0
25,pressure_positive,225,25.01932979335327,52.87593318605714,193.8375760878266,197.78506111145603,Omega_safe_one_step_QP,False,True,,0.6529052512185087,0.6529052512185087,1.0,-0.5232940912246704,-0.8367691040039062,0.8367691040039062,0.4029246605712841,1.6135828926940123,233.65538828079238,249.52860663022335,0.15000290147024842,0.09458297959524839,-0.08791239181572708,-0.2858535094272494,-0.3981781219296579,-0.5174354551876732,65.29052512185088,True,False,0.38043648902249777,0.0,1.2797687733444763,0.019529214573871793,0.015178153749270644,0.005130561298070361,0.0,False,False,False,True,1.0,0.0,0.0,wait_Gm,0,0,0,False,,0.3164706878160059,0.23793655165475158,False,0.0
25,pressure_positive,226,25.011166725429817,52.873917727785354,203.4993064866165,218.54471111971634,Omega_safe_one_step_QP,False,True,,0.4323645510657693,0.43236455106576943,1.0000000000000002,-0.7613299489021301,-0.8031296730041504,0.8031296730041504,0.4192284113669384,1.6158470183598397,233.65538828079238,249.52860663022335,0.2001928688776991,0.14477294700269908,0.012457350946214696,-0.05326991909629414,-0.30156081794175893,-0.3098389551050701,43.23645510657694,True,False,0.19804286609899321,0.0,0.06630603862955922,0.01951530092252211,0.009334903429890082,0.04309630684654622,0.0,False,False,False,True,1.0,0.0,0.0,wait_Gm,0,0,0,False,,0.24971224484774418,0.1877465842473009,False,0.0
25,pressure_positive,227,25.01074730651987,52.87280238721962,209.76197634837231,222.05135511896665,Omega_safe_one_step_QP,False,True,,0.36412834061429106,0.3641283406142911,1.0000000000000002,-0.4962605834007263,-0.6451370120048523,0.6451370120048523,0.42016061268083676,1.6153455751543189,233.65538828079238,249.52860663022335,0.20275181631526534,0.14733189444026532,0.017577630941399275,-0.09339389488977992,-0.23893411932420064,-0.27477251511256695,36.41283406142911,True,False,0.24072578933004524,0.0,-0.6890092212410264,0.019497006062903173,0.003922103379734473,0.0012296552137478242,0.0,False,False,False,True,1.0,0.0,0.0,wait_Gm,0,0,0,False,,0.24630854973751465,0.18518763680973466,False,0.0
25,pressure_positive,228,25.01532907230655,52.872588214366125,209.06742219829613,210.40512034512545,Omega_safe_one_step_QP,False,True,,0.4620838944579468,0.4620838944579468,1.0,-0.26646021008491516,-0.5882885456085205,0.5882885456085205,0.41112756955436686,1.6132338716882728,233.65538828079238,249.52860663022335,0.1745548473077149,0.11913492543271487,-0.030018133607590147,-0.33251953125,-0.24587966082496251,-0.39123486285097897,46.20838944579468,True,False,0.45165445668271487,0.0,-0.5703810293446577,0.019483906825865302,4.824054673880535e-05,0.0135634784407428,0.0,False,False,False,True,1.0,0.0,0.0,wait_Gm,0,0,0,False,,0.28381376930109375,0.2133846058172851,False,0.0
25,pressure_positive,229,25.019341981395193,52.87260232253138,198.04674334885866,197.10117666243065,Omega_safe_one_step_QP,False,True,,0.6337673868949347,0.6337673868949346,0.9999999999999998,-0.39441874623298645,-0.7883360981941223,0.7883360981941223,0.4031890986774398,1.611487228324129,233.65538828079238,249.52860663022335,0.14986266969511142,0.09444274782011139,-0.06375424723331272,-0.33251953125,-0.35608644931933725,-0.524274299677927,63.376738689493465,True,False,0.4269622790701114,0.0,0.7802320090515695,0.01948171077580668,0.012145536230243847,0.01769949175123151,0.0,False,False,False,True,1.0,0.0,0.0,wait_Gm,0,0,0,False,,0.3166572122462696,0.23807678342988858,False,0.0
25,pressure_positive,230,25.014547151895307,52.87128479008976,198.5178381351918,210.84903279455943,Omega_safe_one_step_QP,False,True,,0.5225664419328102,0.5225664419328103,1.0000000000000002,-0.700936496257782,-0.8422563672065735,0.8422563672065735,0.4127706715896895,1.6127169704347022,233.65538828079238,249.52860663022335,0.17934067535397677,0.12392075347897674,-0.02924409708237599,-0.12671800427553764,-0.3513755014560058,-0.38679573835663916,52.25664419328103,True,False,0.2506387577545144,0.0,0.6810932827551324,0.019473389659941328,2.219302977102667e-05,0.018900354822971113,0.0,False,False,False,True,1.0,0.0,0.0,wait_Gm,0,0,0,False,,0.27744806624705565,0.20859877777102323,False,0.0
25,pressure_positive,231,25.010150137523183,52.869603352994346,207.1554742699454,221.52262490200326,Omega_safe_one_step_QP,False,True,,0.3855619866044476,0.3855619866044476,1.0,-0.6552602648735046,-0.7297433018684387,0.7297433018684387,0.42161081874787576,1.613579142813415,233.65538828079238,249.52860663022335,0.20636369584183603,0.150943773966836,0.024799237339579755,-0.051259006442822025,-0.2649991401084699,-0.2800598172822009,38.556198660444764,True,False,0.20220278040965803,0.0,-0.37922593316237907,0.01945652968153168,0.007460875799640097,0.01139255684760871,0.0,False,False,False,True,1.0,0.0,0.0,wait_Gm,0,0,0,False,,0.2415043335596924,0.18157575728316397,False,0.0
25,pressure_positive,232,25.012664363868932,52.868991252350874,210.3244788631307,218.10523176097237,Omega_safe_one_step_QP,False,True,,0.3913770333615156,0.39137703336151547,0.9999999999999997,-0.3495258092880249,-0.5920075178146362,0.5920075178146362,0.41670049709050444,1.612119280080002,233.65538828079238,249.52860663022335,0.1908810312600758,0.13546110938507577,-0.006158741840267934,-0.19827397936703872,-0.23330909417661672,-0.31423374869250975,39.137703336151546,True,False,0.3337350887521145,0.0,-0.7451513342686349,0.01943962064331219,0.001004259011162966,0.001167857588036494,0.0,False,False,False,True,1.0,0.0,0.0,wait_Gm,0,0,0,False,,0.2620980624260596,0.1970584218649242,False,0.0
25,pressure_positive,233,25.01770051824498,52.868981775329885,206.30644878204996,205.21910333616148,Omega_safe_one_step_QP,False,True,,0.5207011209775098,0.5207011209775099,1.0000000000000002,-0.27814823389053345,-0.6662691831588745,0.6662691831588745,0.40674760503976604,1.609928912053913,233.65538828079238,249.52860663022335,0.1598921022883961,0.10447218041339607,-0.022539377204166794,-0.33251953125,-0.27348939498742425,-0.4430950329406187,52.070112097750986,True,False,0.43699171166339607,0.0,-0.2276686503933979,0.019430037168332057,0.0016144565732469794,0.016605230578071922,0.0,False,False,False,True,1.0,0.0,0.0,wait_Gm,0,0,0,False,,0.3033169106210303,0.2280473508366039,False,0.0
25,pressure_positive,234,25.019513477052325,52.86871948653287,193.7410249900036,197.3744012336674,Omega_safe_one_step_QP,False,True,,0.6567509069240187,0.6567509069240187,1.0,-0.5171529054641724,-0.8343397378921509,0.8343397378921509,0.4031785904292485,1.6089567061049355,233.65538828079238,249.52860663022335,0.14873136700652126,0.09331144513152123,-0.09045515614564492,-0.2925760147001023,-0.3991436329078877,-0.5215420539655594,65.67509069240187,True,False,0.38588745983162354,0.0,1.289398965635628,0.019429832534607134,0.015788987507372437,0.006153935107687485,0.0,False,False,False,True,1.0,0.0,0.0,wait_Gm,0,0,0,False,,0.3181619752474365,0.23920808611847874,False,0.0
25,pressure_positive,235,25.011295223797582,52.866709122351914,203.27164354718423,218.32210917013202,Omega_safe_one_step_QP,False,True,,0.4355476354847708,0.43554763548477077,0.9999999999999999,-0.7638281583786011,-0.8051963448524475,0.8051963448524475,0.41959054351299996,1.6112470645451735,233.65538828079238,249.52860663022335,0.1992610036123608,0.14384108173736077,0.01059366749334778,-0.05504429289788437,-0.30383744733608153,-0.31206497460091326,43.55476354847708,True,False,0.19888537463524514,0.0,0.09093725774378073,0.019416177604691113,0.009083269008247555,0.04388064677914224,0.0,False,False,False,True,1.0,0.0,0.0,wait_Gm,0,0,0,False,,0.25095173308407714,0.1886784495126392,False,0.0
25,pressure_positive,236,25.010716274466834,52.865570521820004,209.6760839425753,222.15108295222382,Omega_safe_one_step_QP,False,True,,0.36394173150165954,0.36394173150165965,1.0000000000000002,-0.5046036839485168,-0.6476283073425293,0.6476283073425293,0.42083998804109213,1.61080019926534,233.65538828079238,249.52860663022335,0.2028011268983335,0.14738120502333346,0.01767607726032422,-0.09021559887950503,-0.23979304338217078,-0.2737752367799953,36.39417315016597,True,False,0.2375968039028385,0.0,-0.682243495852449,0.019397908398774352,0.004101685677811702,0.0014661040223946334,0.0,False,False,False,True,1.0,0.0,0.0,wait_Gm,0,0,0,False,,0.2462429609782178,0.1851383262266665,False,0.0
25,pressure_positive,237,25.01525221767778,52.86534660885364,209.04493527468296,210.604225173187,Omega_safe_one_step_QP,False,True,,0.46051947504734225,0.4605194750473422,0.9999999999999999,-0.26860469579696655,-0.5852946639060974,0.5852946639060974,0.41189843790098657,1.608702630271947,233.65538828079238,249.52860663022335,0.1748859251334494,0.11946600325844936,-0.032540256050306,-0.33251953125,-0.24610453006109423,-0.3892438145703636,46.05194750473422,True,False,0.45198553450844936,0.0,-0.5714643448591733,0.01938474975776041,3.983486409822845e-05,0.013332992456930329,0.0,False,False,False,True,1.0,0.0,0.0,wait_Gm,0,0,0,False,,0.28337339762184083,0.2130535279915506,False,0.0
25,pressure_positive,238,25.01927007718442,52.86535780950842,198.17102558455014,197.2940105347098,Omega_safe_one_step_QP,False,True,,0.6314739127802437,0.6314739127802437,1.0,-0.3934006989002228,-0.7854365110397339,0.7854365110397339,0.4039505648192541,1.6069525001116647,233.65538828079238,249.52860663022335,0.15016322939113066,0.09474330751613064,-0.06383942648513258,-0.33251953125,-0.35484362696242244,-0.5223459609551355,63.147391278024365,True,False,0.42726283876613064,0.0,0.7617272408644249,0.01938247135833767,0.011824191194916444,0.017716181372233252,0.0,False,False,False,True,1.0,0.0,0.0,wait_Gm,0,0,0,False,,0.3162574331980371,0.23777622373386934,False,0.0
25,pressure_positive,239,25.014597310848696,52.864060301670044,198.47755094654684,210.75372350519785,Omega_safe_one_step_QP,False,True,,0.5235429114097551,0.5235429114097551,1.0,-0.6985448002815247,-0.8414064645767212,0.8414064645767212,0.41328916547503186,1.6081420535375244,233.65538828079238,249.52860663022335,0.17889054143002595,0.12347061955502592,-0.030144300865910273,-0.1283146167801274,-0.3517783733424554,-0.38774883125025494,52.354291140975505,True,False,0.2517852363351533,0.0,0.6830502403678201,0.019374285356025384,9.395779754721116e-06,0.018116387324792437,0.0,False,False,False,True,1.0,0.0,0.0,wait_Gm,0,0,0,False,,0.27804679626307616,0.20904891169497405,False,0.0
25,pressure_positive,240,25.010190550121592,52.8623820378485,207.10387864478247,221.4872368514913,Omega_safe_one_step_QP,False,True,,0.3861736763450759,0.3861736763450759,1.0,-0.6559777855873108,-0.7295966148376465,0.7295966148376465,0.4221481705210278,1.609010271076992,233.65538828079238,249.52860663022335,0.20597359587706643,0.1505536740020664,0.024019047026099805,-0.051821201813460616,-0.2655150963600991,-0.2804136977873205,38.61736763450759,True,False,0.20237487581552702,0.0,-0.37610679173851624,0.019357504090804344,0.007441352955734719,0.01152083087550596,0.0,False,False,False,True,1.0,0.0,0.0,wait_Gm,0,0,0,False,,0.24202321148755374,0.18196585724793357,False,0.0
25,pressure_positive,241,25.012686046819358,52.861769417857055,210.31196427678827,218.2043716542242,Omega_safe_one_step_QP,False,True,,0.3906562608051129,0.39065626080511295,1.0000000000000002,-0.3512874245643616,-0.5914998650550842,0.5914998650550842,0.4172748519650782,1.6075582057885665,233.65538828079238,249.52860663022335,0.19060616942858574,0.13518624755358571,-0.006708549065672087,-0.19705345475705582,-0.23343424004004107,-0.3132423497599916,39.065626080511294,True,False,0.33223970231064154,0.0,-0.7470860279192357,0.01934058049796791,0.0010291813422282083,0.0010777203903427647,0.0,False,False,False,True,1.0,0.0,0.0,wait_Gm,0,0,0,False,,0.2624636603485401,0.19733328369641426,False,0.0
25,pressure_positive,242,25.017734722903743,52.86176180931203,206.38877665416607,205.4197937409063,Omega_safe_one_step_QP,False,True,,0.5185610363401839,0.5185610363401839,1.0,-0.2775284945964813,-0.6632514595985413,0.6632514595985413,0.4072970751673243,1.6053637897104283,233.65538828079238,249.52860663022335,0.15954022778379548,0.10412030590879545,-0.023165735292233258,-0.33251953125,-0.27266611626626314,-0.4410881288931705,51.85610363401839,True,False,0.43663983715879545,0.0,-0.24117545703590168,0.019330900789472437,0.0015391401122296093,0.016344543242169562,0.0,False,False,False,True,1.0,0.0,0.0,wait_Gm,0,0,0,False,,0.303784944277544,0.22839922534120452,False,0.0
25,pressure_positive,243,25.019635841588638,52.86151296938942,193.69516731358263,197.1401659192002,Omega_safe_one_step_QP,False,True,,0.6588905811954378,0.6588905811954378,1.0,-0.5130446553230286,-0.832188069820404,0.832188069820404,0.403552703257544,1.6043620553075664,233.65538828079238,249.52860663022335,0.14783728567136087,0.09241736379636084,-0.09224312117979169,-0.2970069257001603,-0.3996022096720975,-0.5238844071102315,65.88905811954378,True,False,0.38942428949652114,0.0,1.2924619575107819,0.019330907715400737,0.016112771809134705,0.006855223686596969,0.0,False,False,False,True,1.0,0.0,0.0,wait_Gm,0,0,0,False,,0.3193512064984424,0.24010216745363913,False,0.0
25,pressure_positive,244,25.011403056896327,52.85950985756748,203.10653724826525,218.14898919300413,Omega_safe_one_step_QP,False,True,,0.43793980064773363,0.43793980064773363,1.0,-0.7645498514175415,-0.8061344623565674,0.8061344623565674,0.41999247252941047,1.6066627171575751,233.65538828079238,249.52860663022335,0.19845647996066038,0.14303655808566035,0.008984670033059305,-0.056740808091992695,-0.30548851032527125,-0.31379617437219226,43.79398006477336,True,False,0.19977736617765304,0.0,0.10798512989631036,0.019317461799362428,0.008857388404744804,0.044137065534992546,0.0,False,False,False,True,1.0,0.0,0.0,wait_Gm,0,0,0,False,,0.2520218422921436,0.18948297316433962,False,0.0
25,pressure_positive,245,25.010714521416464,52.858356562695505,209.5965053471475,222.19975167896962,Omega_safe_one_step_QP,False,True,,0.3641011069691349,0.3641011069691349,1.0,-0.510535478591919,-0.6493196487426758,0.6493196487426758,0.4214597052247296,1.6062541116417122,233.65538828079238,249.52860663022335,0.20267062700252866,0.14725070512752864,0.01741496676097548,-0.08836492841747731,-0.24058882933644868,-0.27328854951253734,36.410110696913485,True,False,0.23561563354500595,0.0,-0.6760594098901583,0.019299236799912956,0.004211968592450939,0.0016408676717705336,0.0,False,False,False,True,1.0,0.0,0.0,wait_Gm,0,0,0,False,,0.24641654088533205,0.18526882612247134,False,0.0
25,pressure_positive,246,25.015209527050466,52.85812531935851,209.0031804389691,210.74938471854153,Omega_safe_one_step_QP,False,True,,0.45951707297465194,0.45951707297465194,1.0,-0.2706412076950073,-0.5831119418144226,0.5831119418144226,0.4125997458454568,1.604169946652026,233.65538828079238,249.52860663022335,0.1750071810311598,0.11958725915615978,-0.03483027724812496,-0.33251953125,-0.2465220784182327,-0.38779221911681816,45.95170729746519,True,False,0.45210679040615975,0.0,-0.5700785509553135,0.01928605159163705,3.5203444666490994e-05,0.01311109035284631,0.0,False,False,False,True,1.0,0.0,0.0,wait_Gm,0,0,0,False,,0.2832121132994092,0.2129322720938402,False,0.0
25,pressure_positive,247,25.019216784976685,52.85813216026361,198.24207844057787,197.45657574810508,Omega_safe_one_step_QP,False,True,,0.6297300146910032,0.6297300146910033,1.0000000000000002,-0.3932681083679199,-0.7829920649528503,0.7829920649528503,0.4046733114997138,1.602422080838833,233.65538828079238,249.52860663022335,0.15034963413265245,0.09492971225765243,-0.06434239525295252,-0.33251953125,-0.3541330984021451,-0.5207203088211827,62.97300146910033,True,False,0.42744924350765245,0.0,0.7496514139812734,0.019283728403570694,0.011580131621977994,0.017669877032451587,0.0,False,False,False,True,1.0,0.0,0.0,wait_Gm,0,0,0,False,,0.3160094934012598,0.23758981899234755,False,0.0
25,pressure_positive,248,25.01462348705241,52.85684719414236,198.47041341411216,210.72310046995065,Omega_safe_one_step_QP,False,True,,0.5238176939283248,0.5238176939283248,1.0,-0.6969290971755981,-0.8403618335723877,0.8403618335723877,0.4138538016025896,1.6035852673132573,233.65538828079238,249.52860663022335,0.1785882023835492,0.12316828050854917,-0.030748943480405994,-0.12925187018680806,-0.3518497486668022,-0.388055061602727,52.381769392832474,True,False,0.2524201506953572,0.0,0.6808723985764619,0.01927563397022126,5.213686013890406e-06,0.017600067819533972,0.0,False,False,False,True,1.0,0.0,0.0,wait_Gm,0,0,0,False,,0.27844894204899906,0.2093512507414508,False,0.0
25,pressure_positive,249,25.0102334760036,52.85517542148696,207.06259916208109,221.4532221653967,Omega_safe_one_step_QP,False,True,,0.38670449259868706,0.3867044925986869,0.9999999999999996,-0.6559625864028931,-0.7291070222854614,0.7291070222854614,0.42267905130016087,1.6044501993024296,233.65538828079238,249.52860663022335,0.20556831891549449,0.15014839704049446,0.02320851094653273,-0.05254581041714576,-0.26592789118711296,-0.2807538446482664,38.67044925986869,True,False,0.20269420745764022,0.0,-0.3742106407895699,0.019258925781318603,0.007382565592760034,0.011513551159908219,0.0,False,False,False,True,1.0,0.0,0.0,wait_Gm,0,0,0,False,,0.242562276569751,0.18237113420950551,False,0.0
25,pressure_positive,250,25.012718418602386,52.85456387534217,210.29384677514997,218.2727139938765,Omega_safe_one_step_QP,False,True,,0.3902169199323237,0.3902169199323236,0.9999999999999997,-0.35261598229408264,-0.5909397006034851,0.5909397006034851,0.41782644187808304,1.603003366354083,233.65538828079238,249.52860663022335,0.19026585556348138,0.13484593368848136,-0.0073892323869889365,-0.19639894561705473,-0.23361541505642408,-0.31255892636346855,39.021691993232366,True,False,0.3312448793055361,0.0,-0.7482525399391625,0.01924200272973341,0.0010440961136963384,0.0010115632229106867,0.0,False,False,False,True,1.0,0.0,0.0,wait_Gm,0,0,0,False,,0.2629163170250537,0.19767359756151862,False,0.0
25,pressure_positive,251,25.017775059228292,52.85455811080842,206.43952214804398,205.58395245886828,Omega_safe_one_step_QP,False,True,,0.5168980556740059,0.5168980556740058,0.9999999999999998,-0.277315616607666,-0.660783052444458,0.660783052444458,0.4078327774521351,1.6008068088159362,233.65538828079238,249.52860663022335,0.15915094217709078,0.10373102030209075,-0.02393349113511392,-0.33251953125,-0.272158661327484,-0.4394465417135507,51.689805567400576,True,False,0.43625055155209075,0.0,-0.2508108315490381,0.019232256155589815,0.0014855818331115773,0.016100466929230395,0.0,False,False,False,True,1.0,0.0,0.0,wait_Gm,0,0,0,False,,0.30430273901638183,0.22878851094790922,False,0.0
25,pressure_positive,252,25.01973906314363,52.8543188319582,193.65922920560595,196.97736279457806,Omega_safe_one_step_QP,False,True,,0.6604033592768184,0.6604033592768184,1.0,-0.5100326538085938,-0.8302531242370605,0.8302531242370605,0.4039633416475865,1.5997840515209252,233.65538828079238,249.52860663022335,0.1470612384457475,0.09164131657074748,-0.09379506743991647,-0.30043495337101095,-0.39996159075186427,-0.5255124383564529,66.04033592768184,True,False,0.3920762699417584,0.0,1.2941316573709083,0.01923243723279224,0.016333588769453115,0.007407338564946735,0.0,False,False,False,True,1.0,0.0,0.0,wait_Gm,0,0,0,False,,0.320383438779126,0.2408782146792525,False,0.0
25,pressure_positive,253,25.01149969641604,52.85232213721,202.9701167867085,218.0084506679781,Omega_safe_one_step_QP,False,True,,0.4398984108348086,0.4398984108348086,1.0,-0.7649756669998169,-0.8066037893295288,0.8066037893295288,0.420415364058457,1.602091211511227,233.65538828079238,249.52860663022335,0.19772105935789586,0.14230113748289583,0.007513872436985758,-0.05825666369505039,-0.30685271494083877,-0.3152015596224524,43.98984108348086,True,False,0.20055780117794622,0.0,0.12152853397389209,0.019219173717556274,0.008669262754792968,0.04423066571386748,0.0,False,False,False,True,1.0,0.0,0.0,wait_Gm,0,0,0,False,,0.2530000364779834,0.19021839376710414,False,0.0
25,pressure_positive,254,25.010724460642997,52.85115778517699,209.52796672433567,222.23654192675352,Omega_safe_one_step_QP,False,True,,0.3642786387837415,0.36427863878374145,0.9999999999999999,-0.5152820944786072,-0.6504595279693604,0.6504595279693604,0.42205485008216614,1.6017132305052801,233.65538828079238,249.52860663022335,0.202468478877319,0.14704855700231897,0.017010586393214067,-0.08706175751475484,-0.2412742155645671,-0.2729206470346983,36.42786387837415,True,False,0.23411031451707381,0.0,-0.671141987729352,0.019200993149197598,0.004300539580443665,0.0017876755692533006,0.0,False,False,False,True,1.0,0.0,0.0,wait_Gm,0,0,0,False,,0.24668542119602055,0.185470974247681,False,0.0
25,pressure_positive,255,25.015187251177846,52.85092128748831,208.96730234000302,210.88240271044384,Omega_safe_one_step_QP,False,True,,0.45858812291957396,0.45858812291957396,1.0,-0.27237406373023987,-0.5811117887496948,0.5811117887496948,0.41325905145362474,1.599639939419693,233.65538828079238,249.52860663022335,0.17500315772644762,0.11958323585144759,-0.036902830558619926,-0.33251953125,-0.24688085940789364,-0.3864620391977951,45.85881229195739,True,False,0.4521027671014476,0.0,-0.5693420865484814,0.019187784941664527,3.143445518591137e-05,0.01289164773433413,0.0,False,False,False,True,1.0,0.0,0.0,wait_Gm,0,0,0,False,,0.2832174647590137,0.21293629539855238,False,0.0
25,pressure_positive,256,25.019188476239588,52.85092505830663,198.31173664136733,197.61240622453812,Omega_safe_one_step_QP,False,True,,0.6280498050132891,0.6280498050132891,1.0,-0.39297086000442505,-0.7806488871574402,0.7806488871574402,0.405344906787001,1.5978931244169343,233.65538828079238,249.52860663022335,0.15038267245468603,0.094962750579686,-0.06480764253949409,-0.33251953125,-0.35343651639425044,-0.5191620040568523,62.804980501328906,True,False,0.427482281829686,0.0,0.7377756637009588,0.019185418950831784,0.011354108035794138,0.01760928067359502,0.0,False,False,False,True,1.0,0.0,0.0,wait_Gm,0,0,0,False,,0.3159655486242188,0.23755678067031397,False,0.0
25,pressure_positive,257,25.01467338612332,52.84965262107236,198.43843779793445,210.66459864127393,Omega_safe_one_step_QP,False,True,,0.5244658919583991,0.5244658919583991,1.0,-0.6953121423721313,-0.8393296599388123,0.8393296599388123,0.4143697821187585,1.599030468678302,233.65538828079238,249.52860663022335,0.17814025348106463,0.1227203316060646,-0.03164479563638986,-0.13051674452968143,-0.3521695048285792,-0.3886400798894942,52.44658919583991,True,False,0.25323707613574603,0.0,0.6817437126643244,0.019177439169919624,1.6053183075446502e-06,0.017035972688349568,0.0,False,False,False,True,1.0,0.0,0.0,wait_Gm,0,0,0,False,,0.279044765734585,0.20979919964393537,False,0.0
25,pressure_positive,258,25.01028016787532,52.84798420032895,207.01792620009698,221.42568358626306,Omega_safe_one_step_QP,False,True,,0.38721165655429846,0.3872116565542984,0.9999999999999999,-0.6563957333564758,-0.728621244430542,0.728621244430542,0.42320099729796923,1.5998987929720925,233.65538828079238,249.52860663022335,0.2051401703761424,0.14972024850114238,0.02235222540816237,-0.053180491344376746,-0.266374620806954,-0.2810292304396029,38.72116565542984,True,False,0.20290073984551912,0.0,-0.37192318780223105,0.01916080322857421,0.007360762124284127,0.011580094919327183,0.0,False,False,False,True,1.0,0.0,0.0,wait_Gm,0,0,0,False,,0.24313176348811524,0.1827992827488576,False,0.0
25,pressure_positive,259,25.012751788901063,52.84737298894487,210.28167096373699,218.35606598075665,Omega_safe_one_step_QP,False,True,,0.38962263175542944,0.3896226317554293,0.9999999999999997,-0.35398393869400024,-0.5902139544487,0.5902139544487,0.41837464848025496,1.5984579521900075,233.65538828079238,249.52860663022335,0.1899196846197717,0.13449976274477168,-0.008081636191467345,-0.1956370874559061,-0.23373717317055395,-0.31172540649466696,38.96226317554294,True,False,0.3301368502006778,0.0,-0.7501637056180789,0.0191438719683728,0.0010652029882187556,0.0009422552244034898,0.0,False,False,False,True,1.0,0.0,0.0,wait_Gm,0,0,0,False,,0.26337676428836426,0.1980197685052283,False,0.0
25,pressure_positive,260,25.017821086750637,52.84736957223875,206.51010412830072,205.76890997897323,Omega_safe_one_step_QP,False,True,,0.514954124435269,0.5149541244352691,1.0000000000000002,-0.2767857313156128,-0.6580018997192383,0.6580018997192383,0.4083557947068533,1.5962575552385232,233.65538828079238,249.52860663022335,0.15872693408806235,0.10330701221306232,-0.024601668170762536,-0.33251953125,-0.27145284152491655,-0.43759696651250124,51.49541244352691,True,False,0.4358265434630623,0.0,-0.2628580370444479,0.019134040139816132,0.0014224716394162687,0.015843649621323258,0.0,False,False,False,True,1.0,0.0,0.0,wait_Gm,0,0,0,False,,0.3048667186564893,0.22921251903693765,False,0.0
25,pressure_positive,261,25.019863740191024,52.847142352595185,193.60984294871702,196.75513283808746,Omega_safe_one_step_QP,False,True,,0.6624715267113416,0.6624715267113415,0.9999999999999998,-0.5063011646270752,-0.8281576633453369,0.8281576633453369,0.404329932153815,1.5952085118512502,233.65538828079238,249.52860663022335,0.14615351593568846,0.09073359406068843,-0.09561032374129966,-0.30471992360160166,-0.4004554533207536,-0.5277347379213588,66.24715267113415,True,False,0.3954535176622901,0.0,1.2975913216189248,0.019134427774367455,0.016641673850147445,0.008124817834555475,0.0,False,False,False,True,1.0,0.0,0.0,wait_Gm,0,0,0,False,,0.32159081436735354,0.24178593718931154,False,0.0
25,pressure_positive,262,25.011606925094785,52.84515193369666,202.81065694462765,217.8451310852721,Omega_safe_one_step_QP,False,True,,0.4421809667780496,0.44218096677804963,1.0000000000000002,-0.7657521367073059,-0.8073987364768982,0.8073987364768982,0.4208156542006476,1.5975266685164846,233.65538828079238,249.52860663022335,0.19692082402765237,0.14150090215265235,0.005913448591522791,-0.059894701192359096,-0.30844731336164727,-0.3168347554495125,44.218096677804965,True,False,0.20139560334501144,0.0,0.13788838358616431,0.019121368193417913,0.008465497818734503,0.04447880260662511,0.0,False,False,False,True,1.0,0.0,0.0,wait_Gm,0,0,0,False,,0.25406444172581544,0.19101862909734763,False,0.0
25,pressure_positive,263,25.010726518130546,52.84397348913385,209.45153284798988,222.27912740350388,Omega_safe_one_step_QP,False,True,,0.3644668346968513,0.3644668346968513,1.0,-0.5208874344825745,-0.6519808173179626,0.6519808173179626,0.42266417185629823,1.5971854211594592,233.65538828079238,249.52860663022335,0.2023151127265572,0.14689519085155717,0.016703754314576352,-0.08542956330795012,-0.24203855432802499,-0.27249479226719475,36.44668346968513,True,False,0.2323247541595073,0.0,-0.6652994851426729,0.019103233696075188,0.00441012327638571,0.001966032335009296,0.0,False,False,False,True,1.0,0.0,0.0,wait_Gm,0,0,0,False,,0.24688941585996094,0.1856243403984428,False,0.0
25,pressure_positive,264,25.015150774898512,52.843730304979466,209.00675276505643,211.19303803833606,Omega_safe_one_step_QP,False,True,,0.4557599205778077,0.4557599205778076,0.9999999999999999,-0.2743453085422516,-0.579041063785553,0.579041063785553,0.4139451668654317,1.5951248778494913,233.65538828079238,249.52860663022335,0.17508676872332743,0.1196668468483274,-0.03774081477504215,-0.3295331449671882,-0.24648635515735948,-0.3833556859188729,45.57599205778076,True,False,0.4491999918155156,0.0,-0.578089565032269,0.01908989405340553,1.9782932217428517e-05,0.01229013774124871,0.0,False,False,False,True,1.0,0.0,0.0,wait_Gm,0,0,0,False,,0.28310625249449706,0.21285268440167257,False,0.0
25,pressure_positive,265,25.019206090171615,52.843737628124224,198.60182026673888,197.9102568044928,Omega_safe_one_step_QP,False,True,,0.6239556610246734,0.6239556610246734,1.0,-0.3884478807449341,-0.7761701941490173,0.7761701941490173,0.4059240152632808,1.5933574404944282,233.65538828079238,249.52860663022335,0.1501335221474893,0.09471360027248926,-0.06368273332710617,-0.33251953125,-0.35053568014053493,-0.5161834982573055,62.39556610246734,True,False,0.42723313152248926,0.0,0.6992990843302459,0.01908730922086558,0.010826262029454468,0.017643227730613848,0.0,False,False,False,True,1.0,0.0,0.0,wait_Gm,0,0,0,False,,0.3162969472587305,0.2378059309775107,False,0.0
25,pressure_positive,266,25.014944850478024,52.84250807730965,198.15834305331487,210.20391176567185,Omega_safe_one_step_QP,False,True,,0.5297614412234688,0.5297614412234688,1.0,-0.6899648308753967,-0.8387678265571594,0.8387678265571594,0.4144434539760801,1.5944116796452743,233.65538828079238,249.52860663022335,0.17632993666669455,0.12091001479169453,-0.03526520618078363,-0.13631932521836546,-0.35497045227477514,-0.393246948645515,52.97614412234688,True,False,0.25722934001006,0.0,0.7133849353173537,0.019079733257052298,1.9667203882633175e-05,0.015113395230452213,0.0,False,False,False,True,1.0,0.0,0.0,wait_Gm,0,0,0,False,,0.28145269580488774,0.21160951645830545,False,0.0
25,pressure_positive,267,25.01034953599247,52.84081557482688,206.90260420631125,221.40444939942304,Omega_safe_one_step_QP,False,True,,0.38815971914646014,0.38815971914646014,1.0,-0.6616736650466919,-0.7295117974281311,0.7295117974281311,0.4236759549455614,1.5953520562929757,233.65538828079238,249.52860663022335,0.20457293165103044,0.1491530097760304,0.02121770621429675,-0.05300072119761026,-0.2675278407448113,-0.28124157230800306,38.81597191464601,True,False,0.20215373097364067,0.0,-0.3612445338248244,0.019063203570696248,0.00764621031118017,0.012545204328507685,0.0,False,False,False,True,1.0,0.0,0.0,wait_Gm,0,0,0,False,,0.2438862563896289,0.18336652147396956,False,0.0
25,pressure_positive,268,25.0127513292472,52.84019321803052,210.31069878933386,218.63200249241928,Omega_safe_one_step_QP,False,True,,0.38724342146778745,0.3872434214677876,1.0000000000000004,-0.35765811800956726,-0.589070737361908,0.589070737361908,0.41898861971685414,1.5939346883860745,233.65538828079238,249.52860663022335,0.18978189570818665,0.13436197383318663,-0.00835742619386226,-0.19197781988598242,-0.23344689491458526,-0.30896604137804073,38.72434214677877,True,False,0.32633979371916905,0.0,-0.7575544184163892,0.019046167621100417,0.001161510868682801,0.0007686461852154763,0.0,False,False,False,True,1.0,0.0,0.0,wait_Gm,0,0,0,False,,0.26356003942754885,0.19815755741681335,False,0.0
25,pressure_positive,269,25.01786624375532,52.840193197860536,206.80162576329124,206.2137752290019,Omega_safe_one_step_QP,False,True,,0.5096370454217972,0.5096370454217972,1.0,-0.2732519209384918,-0.6513125896453857,0.6513125896453857,0.4088794849049799,1.5917171515246393,233.65538828079238,249.52860663022335,0.15830852075456878,0.10288859887956875,-0.02436276464914086,-0.33251953125,-0.2685376251750114,-0.43314831401221454,50.96370454217971,True,False,0.43540813012956875,0.0,-0.30193682955760326,0.01903603724273655,0.0012313593502099867,0.015421236836588265,0.0,False,False,False,True,1.0,0.0,0.0,wait_Gm,0,0,0,False,,0.30542325662919434,0.22963093237043122,False,0.0
25,pressure_positive,270,25.020163832912004,52.84000508340163,193.47585683902793,195.94747857365718,Omega_safe_one_step_QP,False,True,,0.6697262150083331,0.6697262150083332,1.0000000000000002,-0.49436163902282715,-0.8241586089134216,0.8241586089134216,0.4043464940496169,1.590582467236666,233.65538828079238,249.52860663022335,0.1441671839501032,0.08874726207510317,-0.09958237831879835,-0.3176117356818351,-0.40179531441764454,-0.5358112805656617,66.97262150083331,True,False,0.40635899775693823,0.0,1.3129278186018019,0.019036934331930634,0.017757611742286187,0.010539684701554213,0.0,False,False,False,True,1.0,0.0,0.0,wait_Gm,0,0,0,False,,0.32423286490892583,0.2437722691748968,False,0.0
25,pressure_positive,271,25.011821272969662,52.83802736198058,202.40181558805386,217.40275900506674,Omega_safe_one_step_QP,False,True,,0.44820262066336386,0.44820262066336375,0.9999999999999998,-0.7689766883850098,-0.8119016289710999,0.8119016289710999,0.42099980506245727,1.5929439086867123,233.65538828079238,249.52860663022335,0.1954623506493391,0.14004242877433906,0.0029966031846038743,-0.06316692236469215,-0.3125357269273852,-0.3212584762515661,44.820262066336376,True,False,0.2032093511390312,0.0,0.18476746832662683,0.0190243196344712,0.007967273958931268,0.04603290583904261,0.0,False,False,False,True,1.0,0.0,0.0,wait_Gm,0,0,0,False,,0.2560043794651319,0.1924771024756609,False,0.0
25,pressure_positive,272,25.01063624040549,52.83680302649562,209.3137831699899,222.41447840274955,Omega_safe_one_step_QP,False,True,,0.36437476434381905,0.36437476434381905,1.0,-0.5352301597595215,-0.6571604013442993,0.6571604013442993,0.4234543020284085,1.5927058930456395,233.65538828079238,249.52860663022335,0.20273017963773374,0.1473102577627337,0.017533612161228396,-0.08007575251951257,-0.24341605110802475,-0.271141282274738,36.43747643438191,True,False,0.22738601028224628,0.0,-0.6524667361305319,0.01900622279818322,0.004777529585373474,0.0025117331321110148,0.0,False,False,False,True,1.0,0.0,0.0,wait_Gm,0,0,0,False,,0.24633732901365235,0.18520927348726626,False,0.0
25,pressure_positive,273,25.014973302769125,52.83654080214522,209.25967805345638,212.08189359652485,Omega_safe_one_step_QP,False,True,,0.4469235946472631,0.44692359464726306,0.9999999999999999,-0.27810153365135193,-0.575671374797821,0.575671374797821,0.4149094791712272,1.5906717943562887,233.65538828079238,249.52860663022335,0.17603799215472973,0.1206180702797297,-0.03583896100761014,-0.31796813711548005,-0.24395710227335995,-0.374467130336985,44.69235946472631,True,False,0.43858620739520976,0.0,-0.6139789462579165,0.018992409165387955,2.927363635105829e-07,0.010676230877782557,0.0,False,False,False,True,1.0,0.0,0.0,wait_Gm,0,0,0,False,,0.28184101566479003,0.21190146097027027,False,0.0
25,pressure_positive,274,25.01925353250877,52.83656834291893,199.57393916187704,198.67098082165654,Omega_safe_one_step_QP,False,True,,0.6122126490795022,0.6122126490795021,0.9999999999999998,-0.37166333198547363,-0.7647314071655273,0.7647314071655273,0.4064426074195793,1.5888209718220037,233.65538828079238,249.52860663022335,0.1497011854228668,0.09428126354786678,-0.057726159658422205,-0.33251953125,-0.3408144911891534,-0.5085762580856681,61.221264907950214,True,False,0.4268007947978668,0.0,0.5783986801490073,0.018989055395701778,0.009381353787585275,0.0179852581455126,0.0,False,False,False,True,1.0,0.0,0.0,wait_Gm,0,0,0,False,,0.3168720049433057,0.2382382677021332,False,0.0
25,pressure_positive,275,25.015790166656302,52.835474977534965,197.22290108985092,208.57944718612788,Omega_safe_one_step_QP,False,True,,0.5481021603767009,0.5481021603767009,1.0,-0.6728489398956299,-0.8396859765052795,0.8396859765052795,0.4133731637206137,1.5896143414471333,233.65538828079238,249.52860663022335,0.17099074575852982,0.1155708238835298,-0.04594283394821272,-0.15515277232381125,-0.3643248719094146,-0.40949159444095473,54.81021603767008,True,False,0.27072359620734104,0.0,0.826591814135154,0.01898269584941371,0.0005527380016116267,0.009817770569585983,0.0,False,False,False,True,1.0,0.0,0.0,wait_Gm,0,0,0,False,,0.28855443526053226,0.21694870736647018,False,0.0
25,pressure_positive,276,25.010467520297123,52.83368944545961,206.56241626270634,221.32970125811127,Omega_safe_one_step_QP,False,True,,0.3910508147233714,0.39105081472337133,0.9999999999999999,-0.6798151731491089,-0.7353168725967407,0.7353168725967407,0.4240505058518308,1.5908100143590687,233.65538828079238,249.52860663022335,0.20370737741035436,0.14828745553535433,0.019486436095642906,-0.05097371394820724,-0.2709297201808604,-0.2819890537211208,39.10508147233713,True,False,0.19926116948356157,0.0,-0.32365464608676575,0.01896641038775602,0.00872265436639965,0.016256897890012906,0.0,False,False,False,True,1.0,0.0,0.0,wait_Gm,0,0,0,False,,0.24503754331819336,0.18423207571464564,False,0.0
25,pressure_positive,277,25.01261980125041,52.83302150749274,210.40651934706136,219.39927095260612,Omega_safe_one_step_QP,False,True,,0.38056363135122917,0.3805636313512291,0.9999999999999999,-0.36976584792137146,-0.5886388421058655,0.5886388421058655,0.4198604676691106,1.5894728429230105,233.65538828079238,249.52860663022335,0.19045076163018088,0.13503083975518085,-0.007020363841168803,-0.17932803167719366,-0.23248868933731018,-0.30129335677617236,38.05636313512291,True,False,0.3143588714323745,0.0,-0.7743899988600242,0.018949040756202143,0.001477712852314783,0.00037265611644127255,0.0,False,False,False,True,1.0,0.0,0.0,wait_Gm,0,0,0,False,,0.2626703706363135,0.19748869149481912,False,0.0
25,pressure_positive,278,25.017834043478373,52.83302155611044,207.6150934173215,207.32780537061814,Omega_safe_one_step_QP,False,True,,0.4958835128867671,0.495883512886767,0.9999999999999999,-0.2634527385234833,-0.6345612406730652,0.6345612406730652,0.4095555645728013,1.587213721494116,233.65538828079238,249.52860663022335,0.15836619921002001,0.10294627733501999,-0.022427477509630478,-0.33251953125,-0.26040294863470875,-0.42200801259605214,49.588351288676705,True,False,0.43546580858502,0.0,-0.40506951001161723,0.018938084056478677,0.0007792058721224035,0.014572028129712039,0.0,False,False,False,True,1.0,0.0,0.0,wait_Gm,0,0,0,False,,0.3053465376331641,0.22957325391497999,False,0.0
25,pressure_positive,279,25.02080336230237,52.83293492632152,194.1759119818643,195.32418519800018,Omega_safe_one_step_QP,False,True,,0.6705779858927431,0.6705779858927431,1.0,-0.4621034860610962,-0.8150562047958374,0.8150562047958374,0.40368645416589494,1.5858522017769583,233.65538828079238,249.52860663022335,0.1400935259004785,0.08467360402547847,-0.09643789492325225,-0.33251953125,-0.3947947629892809,-0.5420442143222317,67.05779858927431,True,False,0.41719313527547847,0.0,1.2287135358832075,0.018938951557154356,0.018061159765513785,0.014408689724848074,0.0,False,False,False,True,1.0,0.0,0.0,wait_Gm,0,0,0,False,,0.3296512997594531,0.2478459272245215,False,0.0
25,pressure_positive,280,25.01303894851713,52.831096644746914,200.68326186632007,215.0366393835358,Omega_safe_one_step_QP,False,True,,0.47716421961820554,0.4771642196182054,0.9999999999999997,-0.7543485760688782,-0.823893666267395,0.823893666267395,0.419183668767736,1.5880470809776923,233.65538828079238,249.52860663022335,0.18783394268018502,0.132414020805185,-0.01225935607146747,-0.08612632875462314,-0.32972126414472314,-0.3449196724668755,47.716421961820544,True,False,0.21854034955980814,0.0,0.393395701587815,0.018928231904123453,0.0042345602518726625,0.03885808500168408,0.0,False,False,False,True,1.0,0.0,0.0,wait_Gm,0,0,0,False,,0.2661510415307813,0.20010551044481498,False,0.0
25,pressure_positive,281,25.010500360230793,52.829673223833254,208.42380166493413,222.31141574891717,Omega_safe_one_step_QP,False,True,,0.3711345366067422,0.37113453660674234,1.0000000000000002,-0.5907725691795349,-0.683757483959198,0.683757483959198,0.4243300108434464,1.5882697234944283,233.65538828079238,249.52860663022335,0.2034266463955631,0.14800672452056307,0.018925771991180257,-0.06553374816288482,-0.2523158661585825,-0.2721719088130618,37.11345366067423,True,False,0.2135404726834479,0.0,-0.54952453159578,0.01891064241844914,0.005991595637392828,0.005292237116631138,0.0,False,False,False,True,1.0,0.0,0.0,wait_Gm,0,0,0,False,,0.24541094793139162,0.1845128067294369,False,0.0
25,pressure_positive,282,25.014150099477607,52.8292785512109,209.92001464289183,215.10331841303795,Omega_safe_one_step_QP,False,True,,0.41814691563696,0.4181469156369598,0.9999999999999996,-0.30166611075401306,-0.5734087228775024,0.5734087228775024,0.4171557982754723,1.5864524014235148,233.65538828079238,249.52860663022335,0.18096113946424233,0.1255412175892423,-0.025995192284486768,-0.26784259865327475,-0.2373537363790055,-0.34425288217185396,41.81469156369599,True,False,0.39338381624251706,0.0,-0.7048915069045506,0.0188952757412085,0.000223865327540904,0.005195666720350906,0.0,False,False,False,True,1.0,0.0,0.0,wait_Gm,0,0,0,False,,0.27529266216271,0.20697831366075767,False,0.0
25,pressure_positive,283,25.018982744435878,52.8293284606047,202.95726545434925,201.74156502314332,Omega_safe_one_step_QP,False,True,,0.5679767680657535,0.5679767680657534,0.9999999999999998,-0.3195892870426178,-0.7185599207878113,0.7185599207878113,0.40759733148945665,1.5843814805621477,233.65538828079238,249.52860663022335,0.15122561898130304,0.09580569710630302,-0.03927784550733218,-0.33251953125,-0.30698122826443125,-0.4778704160708003,56.79767680657534,True,False,0.42832522835630304,0.0,0.1639144347725869,0.01888895432420976,0.0048479876262550285,0.01785364536523607,0.0,False,False,False,True,1.0,0.0,0.0,wait_Gm,0,0,0,False,,0.31484433256410643,0.23671383414369696,False,0.0
25,pressure_positive,284,25.01824264510698,52.828680188855394,194.63574427520118,202.92662678038897,Omega_safe_one_step_QP,False,True,,0.6078056551437669,0.607805655143767,1.0000000000000002,-0.6051518321037292,-0.8403483629226685,0.8403483629226685,0.40910699212382834,1.584273132502962,233.65538828079238,249.52860663022335,0.15576694252899287,0.10034702065399284,-0.07638755371159114,-0.2220359591392023,-0.39019644005591203,-0.4660197984983438,60.780565514376704,True,False,0.32238297979319513,0.0,1.1486965611366213,0.01888635017342463,0.006924771473501002,0.00014043713684861446,0.0,False,False,False,True,1.0,0.0,0.0,wait_Gm,0,0,0,False,,0.308803848681416,0.23217251059600713,False,0.0
25,pressure_positive,285,25.01086823228162,52.82666628146484,205.1491219051038,220.403321750113,Omega_safe_one_step_QP,False,True,,0.4075401136120586,0.40754011361205866,1.0000000000000002,-0.7311391830444336,-0.7628937363624573,0.7628937363624573,0.42385606362567896,1.5862073448314271,233.65538828079238,249.52860663022335,0.20110414418673578,0.14568422231173575,0.014279728094239164,-0.04925427933313822,-0.2850626637568857,-0.2912528488011034,40.75401136120587,True,False,0.19493850164487397,0.0,-0.15587379264233278,0.018871204198440655,0.011053110918893716,0.03054348670647774,0.0,False,False,False,True,1.0,0.0,0.0,wait_Gm,0,0,0,False,,0.24850014362827152,0.18683530893826422,False,0.0
25,pressure_positive,286,25.011913636051624,52.82580536006756,210.29404071306212,221.2766312934787,Omega_safe_one_step_QP,False,True,,0.36659605434433223,0.3665960543443321,0.9999999999999997,-0.42598429322242737,-0.6043484210968018,0.6043484210968018,0.42187085910762506,1.5852303213064018,233.65538828079238,249.52860663022335,0.19465464662759152,0.1392347247525915,0.0013851617224854285,-0.1349587370885119,-0.23361347567730262,-0.2825197533674466,36.65960543443322,True,False,0.2741934618411034,0.0,-0.7699756956570855,0.0188531504279811,0.002647018954048311,7.6266955853357e-05,0.0,False,False,False,True,1.0,0.0,0.0,wait_Gm,0,0,0,False,,0.2570787189334717,0.19328480649740848,False,0.0
25,pressure_positive,287,25.01706302520228,52.8257412510476,209.03543013499294,209.8850551569504,Omega_safe_one_step_QP,False,True,,0.46666406680983696,0.4666640668098369,0.9999999999999999,-0.2547156810760498,-0.596108615398407,0.596108615398407,0.4117014114590488,1.5829634306895841,233.65538828079238,249.52860663022335,0.16296788520552993,0.1075479633305299,-0.02507182552167403,-0.33251953125,-0.24619958145799445,-0.39643551473272964,46.66640668098369,True,False,0.4400674945805299,0.0,-0.5848878077390464,0.018840457725432434,0.0001584100587227638,0.012976800687432103,0.0,False,False,False,True,1.0,0.0,0.0,wait_Gm,0,0,0,False,,0.2992257647383008,0.22497156791947007,False,0.0
25,pressure_positive,288,25.021191198824788,52.82580911543946,197.45369698865727,197.0027757734661,Omega_safe_one_step_QP,False,True,,0.6379283156910125,0.6379283156910126,1.0000000000000002,-0.3961471915245056,-0.7898157238960266,0.7898157238960266,0.4035296425013022,1.5811991154899805,233.65538828079238,249.52860663022335,0.137567508321275,0.08214758644627501,-0.07041672030692814,-0.33251953125,-0.3620169129213511,-0.5252583085675724,63.79283156910126,True,False,0.414667117696275,0.0,0.831173413720585,0.018838943172760404,0.013413654267293023,0.016595312211414397,0.0,False,False,False,True,1.0,0.0,0.0,wait_Gm,0,0,0,False,,0.33301119435956544,0.250371944803725,False,0.0
25,pressure_positive,289,25.01606279181957,52.82444296417179,197.08174834944367,209.6448457951585,Omega_safe_one_step_QP,False,True,,0.5411418960103348,0.5411418960103347,0.9999999999999998,-0.7075628042221069,-0.8356438875198364,0.8356438875198364,0.4137748046221539,1.582543884174583,233.65538828079238,249.52860663022335,0.16909714930699568,0.11367722743199565,-0.049730713288806766,-0.14476225625207284,-0.36573639931348706,-0.39883760835064863,54.114189601033466,True,False,0.2584394836840685,0.0,0.8354408056466945,0.018832325676540744,1.383457902128481e-05,0.015982193443337307,0.0,False,False,False,True,1.0,0.0,0.0,wait_Gm,0,0,0,False,,0.2910731368506885,0.21884230381800432,False,0.0
25,pressure_positive,290,25.010661086482727,52.822612200418305,206.84644275806303,221.8758225268652,Omega_safe_one_step_QP,False,True,,0.38514880613960206,0.385148806139602,0.9999999999999999,-0.6793231964111328,-0.7220892310142517,0.7220892310142517,0.42461341255073165,1.5837482869506858,233.65538828079238,249.52860663022335,0.20229936515667293,0.1468794432816729,0.01667030284182361,-0.05043568973448784,-0.26808945522729344,-0.2765278410335816,38.5148806139602,True,False,0.19731513301616074,0.0,-0.36380116058417117,0.018815750460085046,0.009534925689372224,0.01495967918115508,0.0,False,False,False,True,1.0,0.0,0.0,wait_Gm,0,0,0,False,,0.24691036194024907,0.18564008796832707,False,0.0
25,pressure_positive,291,25.013073951418765,52.821984524297896,210.55126508640782,219.22910026846034,Omega_safe_one_step_QP,False,True,,0.38103288497816235,0.3810328849781624,1.0000000000000002,-0.35503900051116943,-0.5761906504631042,0.5761906504631042,0.41990501793957974,1.5823238443584946,233.65538828079238,249.52860663022335,0.18744009815263604,0.13202017627763601,-0.0130410760768358,-0.1933395110203014,-0.23104123194384557,-0.30299506361763007,38.103288497816244,True,False,0.3253596872979374,0.0,-0.7957484931656381,0.018798424753985188,0.0013725708484602108,0.0007005138713135669,0.0,False,False,False,True,1.0,0.0,0.0,wait_Gm,0,0,0,False,,0.2666749001589697,0.20049935497236396,False,0.0
25,pressure_positive,292,25.01843673061737,52.822022656846244,207.49407637909204,207.14283595868807,Omega_safe_one_step_QP,False,True,,0.49809314348202266,0.4980931434820227,1.0000000000000002,-0.2613777220249176,-0.6373425722122192,0.6373425722122192,0.40930290219549914,1.5800234323704834,233.65538828079238,249.52860663022335,0.15444229571937498,0.09902237384437496,-0.022535431847681114,-0.33251953125,-0.26161311901700346,-0.42385770671535283,49.80931434820227,True,False,0.43154190509437496,0.0,-0.3947514447532376,0.01878765160797941,0.000934640279213918,0.01460777849656751,0.0,False,False,False,True,1.0,0.0,0.0,wait_Gm,0,0,0,False,,0.31056578165626464,0.23349715740562502,False,0.0
25,pressure_positive,293,25.021341868082608,52.82193251052757,193.81448722694958,195.25736503262493,Omega_safe_one_step_QP,False,True,,0.6732507008037191,0.6732507008037191,1.0,-0.46721896529197693,-0.8160609602928162,0.8160609602928162,0.4035608223018206,1.5786873149016465,233.65538828079238,249.52860663022335,0.1365644778207203,0.08114455594572023,-0.10027041099528858,-0.33251953125,-0.398409010538428,-0.5427124159759842,67.32507008037192,True,False,0.41366408719572023,0.0,1.267225281044257,0.01878882825080636,0.018713115937141353,0.014126441913429209,0.0,False,False,False,True,1.0,0.0,0.0,wait_Gm,0,0,0,False,,0.3343453405650879,0.25137497530427977,False,0.0
25,pressure_positive,294,25.013321497223668,52.8200488470453,200.51249349206645,215.11377544871544,Omega_safe_one_step_QP,False,True,,0.47778992038638113,0.4777899203863812,1.0000000000000002,-0.7616832852363586,-0.8201478123664856,0.8201478123664856,0.41956805596421154,1.5809653254784852,233.65538828079238,249.52860663022335,0.1858789749944373,0.13045905311943728,-0.016169346398516915,-0.08709789212891555,-0.33142894788725924,-0.34414831181507904,47.77899203863812,True,False,0.21755694524835284,0.0,0.40873743064937573,0.018778266588650318,0.004486328792754489,0.03942770346122278,0.0,False,False,False,True,1.0,0.0,0.0,wait_Gm,0,0,0,False,,0.268751373935874,0.2020604781305627,False,0.0
25,pressure_positive,295,25.01068022257484,52.818606088136356,208.36668069942777,222.4050211093334,Omega_safe_one_step_QP,False,True,,0.37083791912974573,0.37083791912974573,1.0,-0.5941954851150513,-0.6804245710372925,0.6804245710372925,0.42491919931468575,1.581220883786376,233.65538828079238,249.52860663022335,0.20210315537048126,0.14668323349548124,0.01627874806238727,-0.06610783577086818,-0.25288707581364606,-0.2712358552088995,37.083791912974576,True,False,0.21279106926634941,0.0,-0.5477697079336076,0.018760723648187552,0.006168825668827823,0.005316226328348024,0.0,False,False,False,True,1.0,0.0,0.0,wait_Gm,0,0,0,False,,0.24717134357866702,0.18583629775451874,False,0.0
25,pressure_positive,296,25.014318394742652,52.81820994843236,209.92612987300998,215.34969012206022,Omega_safe_one_step_QP,False,True,,0.41608605338983623,0.41608605338983634,1.0000000000000002,-0.3029652237892151,-0.5698129534721375,0.5698129534721375,0.4177680556737148,1.5794079373208991,233.65538828079238,249.52860663022335,0.17970879489568883,0.1242888730206888,-0.028499981310263378,-0.26730741722309015,-0.23729258407782397,-0.34178916508163126,41.60860533898364,True,False,0.39159629024377896,0.0,-0.7111145256909094,0.01874528651398509,0.00024318817249862343,0.004977769533997714,0.0,False,False,False,True,1.0,0.0,0.0,wait_Gm,0,0,0,False,,0.2769584248196631,0.20823065822931117,False,0.0
25,pressure_positive,297,25.019189988091828,52.81826382772206,203.11455563301953,202.09711870254438,Omega_safe_one_step_QP,False,True,,0.5641354895637061,0.5641354895637061,1.0,-0.31749337911605835,-0.7132135629653931,0.7132135629653931,0.4081324337882807,1.577323111694805,233.65538828079238,249.52860663022335,0.14973369277309143,0.0943137708980914,-0.040274958849870895,-0.33251953125,-0.3054083264777284,-0.4743148792767897,56.41354895637061,True,False,0.4268333021480914,0.0,0.13940954240853898,0.018738792109417046,0.004639754362690146,0.017563064922936824,0.0,False,False,False,True,1.0,0.0,0.0,wait_Gm,0,0,0,False,,0.31682876642112306,0.23820576035190857,False,0.0
25,pressure_positive,298,25.0186092884268,52.817639238607846,194.31206469746502,202.41234049210794,Omega_safe_one_step_QP,False,True,,0.613827308400345,0.613827308400345,1.0,-0.6009333729743958,-0.8383918404579163,0.8383918404579163,0.40932516586084733,1.5771609809756084,233.65538828079238,249.52860663022335,0.15329465333122355,0.09787473145622352,-0.08133185516729777,-0.2294643033300364,-0.3934332358332736,-0.47116266138115404,61.382730840034505,True,False,0.3273390347862599,0.0,1.1840137937293593,0.018736698772970604,0.007748384667051942,9.936477661565698e-06,0.0,False,False,False,True,1.0,0.0,0.0,wait_Gm,0,0,0,False,,0.3120922783401563,0.23464479979377645,False,0.0
25,pressure_positive,299,25.011009793212295,52.815600477242505,204.9770581498267,220.3883423105149,Omega_safe_one_step_QP,False,True,,0.4088522500516695,0.4088522500516694,0.9999999999999999,-0.7392404675483704,-0.763055682182312,0.763055682182312,0.4245209788548862,1.5791766118288895,233.65538828079238,249.52860663022335,0.20001635761183303,0.144596435736833,0.012104100599392736,-0.049369562824607166,-0.2867833013096569,-0.29140264319708453,40.885225005166944,True,False,0.19396599856144017,0.0,-0.14014235607706269,0.018721722868273935,0.011374208533891731,0.032313664137537015,0.0,False,False,False,True,1.0,0.0,0.0,wait_Gm,0,0,0,False,,0.2499470251807471,0.18792309551316697,False,0.0
25,pressure_negative,0,25.39,49.125,176.82483663255752,206.80666331161234,Omega_safe_one_step_QP,False,True,,0.38128266006901945,0.3812826600690195,1.0000000000000002,-0.5894492268562317,0.09431682527065277,0.5894492268562317,0.11765791350074158,-0.5900544336111542,206.62723431836653,183.02470038022335,0.055419921875,0.0,-0.387939453125,0.07094122241368198,-0.2980239768580902,0.2378196293138899,38.128266006901946,True,False,0.443359375,0.0,1.738532930471788,0.0025089364509965437,0.03253191681102709,0.00896807142670887,0.0,False,False,False,True,1.0,0.0,-1.0,wait_Gm,2,0,0,True,0,0.515989780419375,0.33251953125,False,0.0
25,pressure_negative,1,25.378568350383514,49.12333026612892,167.58773210799654,205.70919088483976,Omega_safe_one_step_QP,False,True,,0.4713205311912744,0.4713205311912745,1.0000000000000002,-0.7819550037384033,-0.07481607049703598,0.7819550037384033,0.14040261615976882,-0.5862222414747428,208.90170458426925,183.02470038022335,0.055419921875,0.0,-0.387939453125,-0.04241984014033971,-0.4131397247627272,0.22684490504616406,47.13205311912744,True,False,0.443359375,0.0,2.8359485423154593,0.0025280062186085472,0.008532409999766486,0.00012044457275261031,0.0,False,False,False,True,1.0,0.0,0.0,wait_Gm,2,0,0,False,,0.515989780419375,0.33251953125,False,0.0
25,pressure_negative,2,25.35971368882858,49.120225497012676,162.82521464843953,208.87019953358873,Omega_safe_one_step_QP,False,True,,0.561349295309288,0.5613492953092879,0.9999999999999998,-0.8805821537971497,-0.07748967409133911,0.8805821537971497,0.17794891344025165,-0.5800537020310952,212.65633431231754,183.02470038022335,0.055419921875,0.0,-0.387939453125,-0.0390148418588142,-0.4983111966387802,0.2584549915336538,56.13492953092879,True,False,0.443359375,0.0,3.3864415126578478,0.0025562557911002464,0.0022681572552585424,0.0009991975677465822,0.0,False,False,False,True,1.0,0.0,0.0,wait_Gm,2,0,0,False,,0.515989780419375,0.33251953125,False,0.0
25,pressure_negative,3,25.337098234232215,49.11627455013659,160.7090466170743,211.69719373635786,Omega_safe_one_step_QP,False,True,,0.6331725222922522,0.6331725222922521,0.9999999999999998,-0.9240270256996155,-0.04631028696894646,0.9240270256996155,0.2230079270486403,-0.5727670350775159,217.1622356731564,183.02470038022335,0.055419921875,0.0,-0.387939453125,-0.02222023741251196,-0.564531890560821,0.2867249335613451,63.31725222922521,True,False,0.443359375,0.0,3.622223084271568,0.002592289262102868,0.00044781671369721496,0.0007991896222490261,0.0,False,False,False,True,1.0,0.0,0.0,wait_Gm,2,0,0,False,,0.515989780419375,0.33251953125,False,0.0
25,pressure_negative,4,25.312883950925382,49.11191389072946,159.98770360694746,213.12093688381907,Omega_safe_one_step_QP,False,True,,0.6891900271603246,0.6891900271603246,1.0,-0.9405313730239868,-0.026575926691293716,0.9405313730239868,0.27126627441538775,-0.5650325603935701,221.98807040983115,183.02470038022335,0.055419921875,0.0,-0.387939453125,-0.01252769082015226,-0.620003668028837,0.3009623650359572,68.91900271603247,True,False,0.443359375,0.0,3.695932849805281,0.0026347799724986336,5.203357382588566e-05,0.00020270445499427511,0.0,False,False,False,True,1.0,0.0,0.0,wait_Gm,2,0,0,False,,0.515989780419375,0.33251953125,False,0.0
25,pressure_negative,5,25.28820715377211,49.107409197919786,159.78452992511146,213.66091336410506,Omega_safe_one_step_QP,False,True,,0.7378322142811586,0.7378322142811586,1.0,-0.947528600692749,-0.019644642248749733,0.947528600692749,0.3204526077677677,-0.5571826467532683,226.90670374506914,183.02470038022335,0.055419921875,0.0,-0.387939453125,-0.009191950832024025,-0.6712217381995769,0.30636212983881705,73.78322142811585,True,False,0.443359375,0.0,3.710560722705259,0.002683011764371339,4.127954499079856e-06,2.9157459926204217e-05,1.7516296484494456e-05,False,False,False,True,1.0,0.0,0.0,wait_Gm,2,0,0,False,,0.515989780419375,0.33251953125,False,0.0
25,pressure_negative,6,25.263488817259866,49.10286926896127,159.74446082894147,213.78221972506623,Omega_safe_one_step_QP,False,True,,0.7837670257684758,0.7837670257684758,1.0,-0.9514697194099426,-0.019864408299326897,0.9514697194099426,0.36972424229208134,-0.5493347243639114,231.83386719750052,183.02470038022335,0.055419921875,0.0,-0.387939453125,-0.009256281591174675,-0.7208940636855905,0.30757519344842876,78.37670257684759,True,False,0.443359375,0.0,3.7070438644366868,0.002736641386038465,1.6055324678796308e-07,1.4715233209641879e-06,2.722874840687962e-05,False,False,False,True,1.0,0.0,0.0,wait_Gm,2,0,0,False,,0.515989780419375,0.33251953125,False,0.0
25,pressure_negative,7,25.23886071645059,49.098332269414556,159.60110724558703,213.7303335449124,Omega_safe_one_step_QP,False,True,,0.8016777686630475,0.8016777686630475,1.0,-0.9544566869735718,-0.02327493019402027,0.9544566869735718,0.418816924068226,-0.5415232903780762,233.65538828079238,183.02470038022335,0.055419921875,0.0,-0.387939453125,-0.010811552420162558,-0.7405428103520535,0.3070563316468906,80.16777686630475,True,False,0.443359375,0.0,3.7163444332370092,0.0027957992881948593,2.0550249860558292e-06,2.6921756909541534e-07,7.944823512161707e-05,False,False,False,True,1.0,0.0,0.0,wait_Gm,2,0,0,False,,0.515989780419375,0.33251953125,False,0.0
25,pressure_negative,8,25.214239330267812,49.09378666777075,159.35532832522526,213.64401359412483,Omega_safe_one_step_QP,False,True,,0.803619390700092,0.8036193907000919,0.9999999999999999,-0.9576244354248047,-0.027597693726420403,0.9576244354248047,0.4678966757829181,-0.5337195156458705,233.65538828079238,183.02470038022335,0.055419921875,0.0,-0.387939453125,-0.012777134531408845,-0.7430005995556712,0.3061931321390148,80.3619390700092,True,False,0.443359375,0.0,3.7379173045537435,0.0028607075309542303,6.040727769419835e-06,7.451133903970814e-07,0.00023252806218806586,False,False,False,True,1.0,0.0,0.0,wait_Gm,2,0,0,False,,0.515989780419375,0.33251953125,False,0.0
25,pressure_negative,9,25.189542479435065,49.08921711677599,159.09601782918557,213.56170919886978,Omega_safe_one_step_QP,False,True,,0.8057051960692588,0.8057051960692588,1.0,-0.9609665870666504,-0.03196068853139877,0.9609665870666504,0.5171273235962478,-0.5258972340872946,233.65538828079238,183.02470038022335,0.055419921875,0.0,-0.387939453125,-0.014745643691009856,-0.7455937045160681,0.3053700881864643,80.57051960692588,True,False,0.443359375,0.0,3.761057505873664,0.0029314494126205146,6.724193335634935e-06,6.774013478299599e-07,0.0004810641275616935,False,False,False,True,1.0,0.0,0.0,wait_Gm,2,0,0,False,,0.515989780419375,0.33251953125,False,0.0
25,pressure_negative,10,25.16475998356904,49.084621391276514,158.84808384584844,213.47795457902436,Omega_safe_one_step_QP,False,True,,0.8076839411625797,0.8076839411625797,1.0,-0.9641621112823486,-0.03624642267823219,0.9641621112823486,0.5665292125762279,-0.518053380199921,233.65538828079238,183.02470038022335,0.055419921875,0.0,-0.387939453125,-0.01666752003273939,-0.7480730443494394,0.30453254198801005,80.76839411625797,True,False,0.443359375,0.0,3.782818393673988,0.0030080513895698715,6.14712600934183e-06,7.014836345451154e-07,0.0008022615838945044,False,False,False,True,1.0,0.0,0.0,wait_Gm,2,0,0,False,,0.515989780419375,0.33251953125,False,0.0
25,pressure_negative,11,25.13990171814654,49.08000140387789,158.6133068456978,213.38379312571675,Omega_safe_one_step_QP,False,True,,0.8095053118072072,0.8095053118072072,1.0,-0.9671880602836609,-0.04063970223069191,0.9671880602836609,0.616082663033312,-0.5101910580702329,233.65538828079238,183.02470038022335,0.055419921875,0.0,-0.387939453125,-0.01862925497229699,-0.7504208143509459,0.303590927454934,80.95053118072072,True,False,0.443359375,0.0,3.803018582804011,0.0030905250687942626,5.512023979973516e-06,8.866379289000518e-07,0.0011817176652590417,False,False,False,True,1.0,0.0,0.0,wait_Gm,2,0,0,False,,0.515989780419375,0.33251953125,False,0.0
25,pressure_negative,12,25.114978908753773,49.07535960456423,158.38851435405317,213.26891512205663,Omega_safe_one_step_QP,False,True,,0.8111605781874376,0.8111605781874376,1.0,-0.9700853228569031,-0.04540373012423515,0.9700853228569031,0.6657652702076319,-0.502313644832856,233.65538828079238,183.02470038022335,0.055419921875,0.0,-0.387939453125,-0.02075092668268208,-0.7526687392673921,0.30244214741833275,81.11605781874376,True,False,0.443359375,0.0,3.82206985657991,0.0031788801493004013,5.0531664299796955e-06,1.3196955724935416e-06,0.0016136807770641309,False,False,False,True,1.0,0.0,0.0,wait_Gm,2,0,0,False,,0.515989780419375,0.33251953125,False,0.0
25,pressure_negative,13,25.090000154002457,49.0706982291633,158.18266421851817,213.13403325173027,Omega_safe_one_step_QP,False,True,,0.8125702433234553,0.8125702433234553,1.0,-0.9727384448051453,-0.05043584108352661,0.9727384448051453,0.715559833026267,-0.49442352931754235,233.65538828079238,183.02470038022335,0.055419921875,0.0,-0.387939453125,-0.02298788857355276,-0.7547272406227421,0.3010933287150692,81.25702433234552,True,False,0.443359375,0.0,3.8389086781880133,0.0032730906508982886,4.237427829977859e-06,1.819311894273517e-06,0.0020681474886265483,False,False,False,True,1.0,0.0,0.0,wait_Gm,2,0,0,False,,0.515989780419375,0.33251953125,False,0.0
25,pressure_negative,14,25.06498114537683,49.06602091881615,157.9966258636408,212.98012974646014,Omega_safe_one_step_QP,False,True,,0.813730672827969,0.8137306728279691,1.0000000000000002,-0.9751362204551697,-0.055705476552248,0.9751362204551697,0.7654350020916635,-0.48652531420112516,233.65538828079238,183.02470038022335,0.055419921875,0.0,-0.387939453125,-0.025327277102632512,-0.7565876241715159,0.29955429366236785,81.3730672827969,True,False,0.443359375,0.0,3.853434120160632,0.0033731140362831063,3.4610269485482915e-06,2.368628893443494e-06,0.0025273183150835597,False,False,False,True,1.0,0.0,0.0,wait_Gm,2,0,0,False,,0.515989780419375,0.33251953125,False,0.0
25,pressure_negative,15,25.039938143230952,49.06133141786521,157.82999694933764,212.81285553547974,Omega_safe_one_step_QP,False,True,,0.8146670582588864,0.8146670582588864,1.0,-0.9772838354110718,-0.06108906865119934,0.9772838354110718,0.8153582941530884,-0.47862378498767977,233.65538828079238,183.02470038022335,0.055419921875,0.0,-0.387939453125,-0.027713966316792096,-0.7582539133145474,0.2978815515525639,81.46670582588865,True,False,0.443359375,0.0,3.8656824898121567,0.003478895727151245,2.7765195081845274e-06,2.798066165911365e-06,0.0029776306989538147,False,False,False,True,1.0,0.0,0.0,wait_Gm,2,0,0,False,,0.515989780419375,0.33251953125,False,0.0
25,pressure_negative,16,25.014886956538618,49.05663323548165,177.76120781501422,218.2969658669864,Omega_safe_one_step_QP,False,True,,0.660930565378064,0.660930565378064,1.0,-0.979225754737854,-0.06667601317167282,0.979225754737854,0.8652981432204444,-0.47072366647564284,233.65538828079238,183.02470038022335,0.10253904118157293,0.04711911930657292,-0.18286028529427234,0.027686124249795344,-0.5589418046577816,0.3527226548676305,66.09305653780639,True,False,0.28539932647584526,0.0,1.4727529750145596,0.00351826012500689,0.039725316657206404,0.0030075466128138043,0.0,False,False,False,True,1.0,0.0,0.0,wait_Gm,2,0,0,False,,0.3796030940288232,0.2854004119434271,False,0.0
25,pressure_negative,17,25.0058516999056,49.0549731162994,192.6896605931756,220.94457265665247,Omega_safe_one_step_QP,False,True,,0.5582210635972696,0.5582210635972696,1.0,-0.891193151473999,-0.037638358771800995,0.891193151473999,0.8833065323658692,-0.46789678796172,233.65538828079238,183.02470038022335,0.15810276773515244,0.10268284586015242,-0.07173337559749468,0.09297602169170655,-0.40965727687616776,0.3791987227642912,55.822106359726966,True,False,0.22983614333264712,0.0,-0.31200499216810385,0.0035048681487642357,0.022285870234979438,0.0007009821712685879,0.0,False,False,False,True,1.0,0.0,0.0,wait_Gm,2,0,0,False,,0.30569693186487307,0.22983668538984756,False,0.0
25,pressure_negative,18,25.008760288492116,49.05562708648368,199.69976780070812,213.29805302602193,Omega_safe_one_step_QP,False,True,,0.45491318321240126,0.45491318321240126,1.0,-0.6853578090667725,0.06750071048736572,0.6853578090667725,0.8774962651136011,-0.46882664041653377,233.65538828079238,183.02470038022335,0.14021828788000132,0.08479836600500129,-0.10750424111582915,0.10919649277868557,-0.33955620480084264,0.3027335264579858,45.49131832124013,True,False,0.24772252899583047,0.0,-1.1209716291250833,0.0034658134861138526,0.00491416030610993,0.005846926246161814,0.0,False,False,False,True,1.0,0.0,0.0,wait_Gm,2,0,0,False,,0.3294853519437012,0.24772116524499868,False,0.0
25,pressure_negative,19,25.017249686451724,49.05761254509462,197.04300189663851,201.58733703113518,Omega_safe_one_step_QP,False,True,,0.4104921821638447,0.4104921821638447,1.0,-0.6103732585906982,-0.12414370477199554,0.6103732585906982,0.8605269001725568,-0.47137429931390273,233.65538828079238,183.02470038022335,0.08801974091433594,0.03259981903933595,-0.21189656309708765,-0.02840010285676666,-0.36612386384153867,0.18562636650911826,41.04921821638447,True,False,0.2999163040114236,0.0,-0.7670884085862645,0.0034348109450092375,0.0007058405069026766,0.013714086911289647,0.0,False,False,False,True,1.0,0.0,0.0,wait_Gm,2,0,0,False,,0.3989154372910254,0.29991971221066405,False,0.0
25,pressure_negative,20,25.023585839643136,48.05952305872634,185.90719546529232,196.88787759934297,Omega_safe_one_step_QP,False,True,,0.49719991952482134,0.4971999195248214,1.0000000000000002,-0.6660319566726685,-0.21550442278385162,0.6660319566726685,0.9654685693651432,-1.0228957004060901,233.65538828079238,183.02470038022335,0.055419921875,0.0,-0.3289659796719225,-0.12437370460863845,-0.4774819281550006,0.1386317721911962,49.71999195248214,True,False,0.3843859015469225,0.0,0.1394747284367395,0.011247953700729238,0.012400618487641133,0.002208491895106073,0.0,False,False,False,True,1.0,0.0,-1.0,wait_Gm,1,0,0,True,0,0.4767747389353272,0.33251953125,False,0.0
25,pressure_negative,21,25.02413380301027,48.06072977282986,179.5521322888885,199.64716474043922,Omega_safe_one_step_QP,False,True,,0.5659919284170164,0.5659919284170165,1.0000000000000002,-0.747692883014679,-0.21069137752056122,0.747692883014679,0.9642452900967331,-1.0225279025338947,233.65538828079238,183.02470038022335,0.055419921875,0.0,-0.33566320808746075,-0.11020279214724833,-0.5410325599190389,0.16622464360215872,56.59919284170165,True,False,0.39108312996246075,0.0,0.8869593320970216,0.011261716979724916,0.004038682797608396,0.0007613665527019125,0.0,False,False,False,True,1.0,0.0,0.0,wait_Gm,1,0,0,False,,0.4812281308206299,0.33251953125,False,0.0
25,pressure_negative,22,25.019604575435473,48.06083224200281,179.7621798298019,203.85944621469696,Omega_safe_one_step_QP,False,True,,0.5778031283342994,0.5778031283342991,0.9999999999999997,-0.8069535493850708,-0.1788640022277832,0.8069535493850708,0.9731604562145232,-1.020629550849668,233.65538828079238,183.02470038022335,0.055419921875,0.0,-0.27992065470969696,-0.07432938077169206,-0.5389320845099047,0.2083474583447361,57.78031283342992,True,False,0.33534057658469696,0.0,0.8482601776400361,0.011276049898940323,4.411996944377566e-06,0.0017743315218374928,0.0,False,False,False,True,1.0,0.0,0.0,wait_Gm,1,0,0,False,,0.4441558222421338,0.33251953125,False,0.0
25,pressure_negative,23,25.01525904428479,48.060837886051594,183.79284474514822,207.60241447660445,Omega_safe_one_step_QP,False,True,,0.5559080209933528,0.5559080209933528,1.0,-0.8115878701210022,-0.14533860981464386,0.8115878701210022,0.9817243602822259,-1.0188618532285871,233.65538828079238,183.02470038022335,0.08074663509100506,0.025326713216005048,-0.22644310939666512,-0.029684619575966256,-0.49862543535644166,0.245777140963811,55.590802099335285,True,False,0.30718974448767017,0.0,0.35699046103931326,0.011274227344841972,0.0016246259659803651,0.0014009811409646793,0.0,False,False,False,True,1.0,0.0,0.0,wait_Gm,1,0,0,False,,0.4085895065414942,0.30719281803399495,False,0.0
25,pressure_negative,24,25.01414467742386,48.061374741564144,187.68559192485543,208.4925870898524,Omega_safe_one_step_QP,False,True,,0.52553167653918,0.5255316765391801,1.0000000000000002,-0.7653356194496155,-0.08141070604324341,0.7653356194496155,0.9838554142301772,-1.0181626435887683,233.65538828079238,183.02470038022335,0.08761413325503917,0.03219421138003914,-0.21270940193542073,0.00024802931309068216,-0.4596979635593695,0.25467886709629056,52.55316765391802,True,False,0.3003235351904599,0.0,-0.10828687829569844,0.011255913630086743,0.001515348060511847,7.924072813766936e-05,0.0,False,False,False,True,1.0,0.0,0.0,wait_Gm,1,0,0,False,,0.3994549422400342,0.30032531986996086,False,0.0
25,pressure_negative,25,25.016138212948537,48.062506177915374,187.6427111024561,206.97278350847157,Omega_safe_one_step_QP,False,True,,0.5187173745533569,0.5187173745533569,1.0,-0.7360399961471558,-0.06382787227630615,0.7360399961471558,0.9797891680033975,-1.018445176972764,233.65538828079238,183.02470038022335,0.07536955973049571,0.019949637855495694,-0.23719881951225252,-0.00715564812400352,-0.46012677178336275,0.23948083128248215,51.87173745533568,True,False,0.3125683792427482,0.0,-0.0976422565286839,0.011237409469306372,1.8387649296425194e-07,0.00023098029259780326,0.0,False,False,False,True,1.0,0.0,0.0,wait_Gm,1,0,0,False,,0.41574163668524416,0.3125698933945043,False,0.0
25,pressure_negative,26,25.01808729993805,48.06367439668264,185.98233165317134,205.31342336281534,Omega_safe_one_step_QP,False,True,,0.5262611044353446,0.5262611044353446,1.0,-0.7344729900360107,-0.08381126821041107,0.7344729900360107,0.9758057301213307,-1.0186888344763498,233.65538828079238,183.02470038022335,0.06339920977950105,0.007979287904501031,-0.26113896465702957,-0.029054008555976903,-0.47673056627621035,0.2228872298259199,52.62611044353446,True,False,0.3245381744365306,0.0,0.10562916487271196,0.011225575465913927,0.0002756859915607167,0.000275347609299224,0.0,False,False,False,True,1.0,0.0,0.0,wait_Gm,1,0,0,False,,0.4316635821602637,0.32454024334549897,False,0.0
25,pressure_negative,27,25.01870124481824,48.064626047218674,184.7928890491048,204.71402272654106,Omega_safe_one_step_QP,False,True,,0.5345999003936635,0.5345999003936633,0.9999999999999998,-0.744178831577301,-0.10265506058931351,0.744178831577301,0.9744793615494348,-1.0184894620713245,233.65538828079238,183.02470038022335,0.05964008849130957,0.004220166616309529,-0.26865674604560286,-0.04106643656378359,-0.48862499231687595,0.21689322346317708,53.45999003936633,True,False,0.32829683453691244,0.0,0.24933202717036237,0.01121867507990816,0.0001414773708368631,3.592811227660145e-05,0.0,False,False,False,True,1.0,0.0,0.0,wait_Gm,1,0,0,False,,0.43666364685874515,0.32829936463369047,False,0.0
25,pressure_negative,28,25.018360994400126,48.06540507003232,184.65343606782125,204.92018469120123,Omega_safe_one_step_QP,False,True,,0.5367125444681339,0.5367125444681338,0.9999999999999998,-0.7511278986930847,-0.10902858525514603,0.7511278986930847,0.9750539126185546,-1.017983297798435,233.65538828079238,183.02470038022335,0.061748993484264644,0.006329071609264658,-0.26443882091103904,-0.04101811918589405,-0.49001952212971134,0.21895484310977878,53.67125444681338,True,False,0.3261878143953037,0.0,0.26553697149552136,0.011212451038970558,1.9447133988867388e-06,4.250275567254054e-06,0.0,False,False,False,True,1.0,0.0,0.0,wait_Gm,1,0,0,False,,0.4338585600856641,0.32619045964073534,False,0.0
25,pressure_negative,29,25.017908208391706,48.06615493761463,185.036932460883,205.26677213878006,Omega_safe_one_step_QP,False,True,,0.5346460513671885,0.5346460513671887,1.0000000000000004,-0.7517037987709045,-0.10636921226978302,0.7517037987709045,0.9758532843814816,-1.0174458391203123,233.65538828079238,183.02470038022335,0.06454978767811519,0.009129865803115145,-0.25883732117631925,-0.036630754381714224,-0.48618455819909373,0.22242071758556703,53.464605136718866,True,False,0.32338710885443445,0.0,0.21913909521196728,0.011204705802319895,1.4706948349138137e-05,1.2012285881920607e-05,0.0,False,False,False,True,1.0,0.0,0.0,wait_Gm,1,0,0,False,,0.4301331809090039,0.32338966544688486,False,0.0
25,pressure_negative,30,25.01776064067449,48.06695490173983,185.32055713279112,205.4063016677081,Omega_safe_one_step_QP,False,True,,0.5326529806823325,0.5326529806823324,0.9999999999999998,-0.7494591474533081,-0.10211548954248428,0.7494591474533081,0.9760446115622705,-1.0170094064717667,233.65538828079238,183.02470038022335,0.0654734769697561,0.010053555094756084,-0.25699004453000823,-0.033882822851172334,-0.48334831148001256,0.22381601287484756,53.265298068233236,True,False,0.3224635214997643,0.0,0.18532768081455286,0.011195806878096891,8.044295451498564e-06,1.946848944288386e-06,0.0,False,False,False,True,1.0,0.0,0.0,wait_Gm,1,0,0,False,,0.42890456765743656,0.3224659761552439,False,0.0
25,pressure_negative,31,25.017837391057476,48.067795190846724,185.38181934925925,205.350345492671,Omega_safe_one_step_QP,False,True,,0.5318620015637928,0.5318620015637928,1.0,-0.7474526762962341,-0.1005205288529396,0.7474526762962341,0.9757885376846182,-1.0166453075056552,233.65538828079238,183.02470038022335,0.06501766950628006,0.009597747631280074,-0.2579016878919481,-0.033829783785647514,-0.48273568931533134,0.22325645112447662,53.18620015637928,True,False,0.3229193573982282,0.0,0.17859921917653993,0.011186649711335381,3.753059166587122e-07,3.1310935247821305e-07,0.0,False,False,False,True,1.0,0.0,0.0,wait_Gm,1,0,0,False,,0.4295108441343896,0.3229217836187199,False,0.0
25,pressure_negative,32,25.017960134003243,48.068646151003264,185.31187318492636,205.24301775454202,Omega_safe_one_step_QP,False,True,,0.5320478435977517,0.5320478435977518,1.0000000000000002,-0.7468275427818298,-0.10124214738607407,0.7468275427818298,0.9754401074018869,-1.0162947604781931,233.65538828079238,183.02470038022335,0.0642790670590369,0.008859145184036854,-0.25937886772579616,-0.0350168803493852,-0.48343515095866024,0.22218317374318675,53.204784359775175,True,False,0.32365793478483307,0.0,0.18763221098386113,0.011177780722508855,4.892465904883687e-07,1.151924337188441e-06,0.0,False,False,False,True,1.0,0.0,0.0,wait_Gm,1,0,0,False,,0.4304932705423682,0.32366038606596315,False,0.0
25,pressure_negative,33,25.01802398308853,48.06948838251574,185.23747075379936,205.17837740974883,Omega_safe_one_step_QP,False,True,,0.5324547063909965,0.5324547063909965,1.0,-0.7471081614494324,-0.10254725068807602,0.7471081614494324,0.9752083825886209,-1.015924267480996,233.65538828079238,183.02470038022335,0.06390268261580352,0.008482760740803508,-0.2601316030532581,-0.0359938315903137,-0.4841791752699302,0.22153677029525481,53.24547063909965,True,False,0.3240342856690616,0.0,0.19704813569366253,0.01116923104227375,5.535721757607708e-07,4.178374174982518e-07,0.0,False,False,False,True,1.0,0.0,0.0,wait_Gm,1,0,0,False,,0.43099390524502446,0.3240367705091965,False,0.0
25,pressure_negative,34,25.018025611801896,48.07031990528453,185.21392606085985,205.16564936244532,Omega_safe_one_step_QP,False,True,,0.5326158919745547,0.5326158919745548,1.0000000000000002,-0.7474859356880188,-0.1033540591597557,0.7474859356880188,0.9751001626169036,-1.0155335150803424,233.65538828079238,183.02470038022335,0.06390894626990946,0.00848902439490945,-0.2601190575056366,-0.03631397171873652,-0.4844146221993253,0.2214094898222197,53.261589197455486,True,False,0.324028003775546,0.0,0.2002447969342711,0.011160798086952646,5.5435256561579134e-08,1.620031881604239e-08,0.0,False,False,False,True,1.0,0.0,0.0,wait_Gm,1,0,0,False,,0.43098557386176267,0.32403050685509055,False,0.0
25,pressure_negative,35,25.018005848441636,48.07114728613295,185.2283436189473,205.17340951299028,Omega_safe_one_step_QP,False,True,,0.5325170392511636,0.5325170392511634,0.9999999999999998,-0.747581422328949,-0.10357706993818283,0.747581422328949,0.9750341953418675,-1.0151360820912168,233.65538828079238,183.02470038022335,0.06404675969304831,0.008626837818048294,-0.25984342664453425,-0.0362480018724133,-0.48427044661845087,0.22148709132766925,53.251703925116345,True,False,0.32389018633758254,0.0,0.19886187639559466,0.011152325466076635,2.078659812048393e-08,6.0219936480343704e-09,0.0,False,False,False,True,1.0,0.0,0.0,wait_Gm,1,0,0,False,,0.43080226612236333,0.3238926934319517,False,0.0
25,pressure_negative,36,25.017995070785723,48.07197597026239,185.24900049576817,205.17572942773035,Omega_safe_one_step_QP,False,True,,0.5323388456854937,0.5323388456854938,1.0000000000000002,-0.7474530339241028,-0.10358711332082748,0.7474530339241028,0.9749499623245089,-1.0147417638149119,233.65538828079238,183.02470038022335,0.06412930730874573,0.00870938543374572,-0.2596783313783599,-0.03616607434830219,-0.4840638778502421,0.22151029047506995,53.23388456854938,True,False,0.3238076386871056,0.0,0.1967566835748221,0.011143784973929682,4.267065599929966e-08,5.382004401195525e-10,0.0,False,False,False,True,1.0,0.0,0.0,wait_Gm,1,0,0,False,,0.43069246827622565,0.3238101458162543,False,0.0
25,pressure_negative,37,25.01799822242349,48.0728071147124,185.25890727832254,205.16708813151487,Omega_safe_one_step_QP,False,True,,0.5322128060044187,0.5322128060044186,0.9999999999999998,-0.7472928762435913,-0.10367701947689056,0.7472928762435913,0.9748375898480155,-1.0143520041613507,233.65538828079238,183.02470038022335,0.06412619261083945,0.008706270735839405,-0.2596845580357096,-0.036218195385614174,-0.4839648100246984,0.22142387751291523,53.221280600441865,True,False,0.3238107506465491,0.0,0.1959663293918902,0.011135219433247745,9.814434057951144e-09,7.467200028353924e-09,0.0,False,False,False,True,1.0,0.0,0.0,wait_Gm,1,0,0,False,,0.4306966111836182,0.3238132605141606,False,0.0
25,pressure_negative,38,25.018006669975367,48.073639330743106,185.25899515276416,205.15396725308537,Omega_safe_one_step_QP,False,True,,0.5321574316058179,0.5321574316058177,0.9999999999999998,-0.7472091913223267,-0.1039002537727356,0.7472091913223267,0.9747142688771773,-1.0139639301728787,233.65538828079238,183.02470038022335,0.0640905117887456,0.008670589913745586,-0.25975591371573364,-0.03636060909193414,-0.48396393128028226,0.2212926687286202,53.21574316058177,True,False,0.32384642550447923,0.0,0.19635795382680954,0.011126669530227888,7.721917489744941e-13,1.7215745076182456e-08,0.0,False,False,False,True,1.0,0.0,0.0,wait_Gm,1,0,0,False,,0.43074407078853516,0.3238489413362544,False,0.0
25,pressure_negative,39,25.018012557103567,48.07447118511513,185.2567503997574,205.14295564416545,Omega_safe_one_step_QP,False,True,,0.5321320667522731,0.5321320667522731,1.0,-0.7471978664398193,-0.10417594760656357,0.7471978664398193,0.9745956636136512,-1.0135750205656013,233.65538828079238,183.02470038022335,0.0640705788239327,0.008650656948932689,-0.2597957727749402,-0.03650349242846048,-0.4839863788103497,0.22118255263942105,53.213206675227305,True,False,0.3238663515988729,0.0,0.1970196261215642,0.01111814584185315,5.038916061311072e-10,1.2125553100515734e-08,0.0,False,False,False,True,1.0,0.0,0.0,wait_Gm,1,0,0,False,,0.4307705839307666,0.3238688743010673,False,0.0
25,pressure_negative,40,25.018014032485997,47.07530224259949,183.31458585273248,207.81784407177526,Omega_safe_one_step_QP,False,True,,0.561150279623106,0.5611502796231062,1.0000000000000002,-0.7328751087188721,0.01195385493338108,0.7328751087188721,1.09214339603783,-1.5630238299417472,233.65538828079238,183.02470038022335,0.055419921875,0.0,-0.29895524188053646,0.005780178981562079,-0.503408024280599,0.24793143691551905,56.11502796231061,True,False,0.35437516375553646,0.0,-0.01307581215936807,0.023840573166975364,0.0003772003127720553,0.0007155028100160833,0.0,False,False,False,True,1.0,0.0,-1.0,wait_Gm,0,0,0,True,0,0.4568115891947315,0.33251953125,False,0.0
25,pressure_negative,41,25.019588976494376,47.07667087334426,181.43068570795134,209.63189562181472,Omega_safe_one_step_QP,False,True,,0.5861196462707825,0.5861196462707825,1.0,-0.7394911050796509,0.05399097502231598,0.7394911050796509,1.0888677075697473,-1.5630005238245117,233.65538828079238,183.02470038022335,0.055419921875,0.0,-0.3182854387513655,0.027284597005545377,-0.5222470257284104,0.2660719524159137,58.61196462707825,True,False,0.3737053606263655,0.0,0.20628726088433724,0.023824932337305375,0.00035490797555063887,0.00032907830262005874,0.0,False,False,False,True,1.0,0.0,0.0,wait_Gm,0,0,0,False,,0.4696661260449317,0.33251953125,False,0.0
25,pressure_negative,42,25.01965110922019,47.07768381103288,180.5996389549521,210.82691635698,Omega_safe_one_step_QP,False,True,,0.5989887936968958,0.5989887936968958,1.0,-0.7504875063896179,0.0760364681482315,0.7504875063896179,1.0886158371061725,-1.5625358529222524,233.65538828079238,183.02470038022335,0.055419921875,0.0,-0.31901101405967597,0.03793588259832936,-0.5305574932584028,0.27802215976756656,59.89887936968959,True,False,0.37443093593467597,0.0,0.3018908213615805,0.02381405505768576,6.906387056705834e-05,0.00014280745574749815,0.0,False,False,False,True,1.0,0.0,0.0,wait_Gm,0,0,0,False,,0.4701482661409424,0.33251953125,False,0.0
25,pressure_negative,43,25.019046768950822,47.078528499802225,180.59302765044006,211.47518249893955,Omega_safe_one_step_QP,False,True,,0.6020833869534148,0.6020833869534147,0.9999999999999998,-0.7585971355438232,0.08790169656276703,0.7585971355438232,1.0896972865254784,-1.5618831077255437,233.65538828079238,183.02470038022335,0.055419921875,0.0,-0.31154065488137894,0.04252119571399803,-0.5306236063035231,0.28450482118716197,60.208338695341475,True,False,0.36696057675637894,0.0,0.300943898300593,0.02380351299066577,4.370934735084935e-09,4.202489908111049e-05,0.0,False,False,False,True,1.0,0.0,0.0,wait_Gm,0,0,0,False,,0.4651800150790283,0.33251953125,False,0.0
25,pressure_negative,44,25.018436613179087,47.07935288467872,181.19658286437252,211.7666678495774,Omega_safe_one_step_QP,False,True,,0.5981661106855862,0.5981661106855861,0.9999999999999998,-0.7581421136856079,0.09827686846256256,0.7581421136856079,1.0907922516137314,-1.5612391148794817,233.65538828079238,183.02470038022335,0.055419921875,0.0,-0.30399949169100954,0.04659102006377387,-0.5245880541641986,0.2874196746935405,59.816611068558615,True,False,0.35941941356600954,0.0,0.22855796782623203,0.023790056535558927,3.642788962650482e-05,8.496370963647404e-06,0.0,False,False,False,True,1.0,0.0,0.0,wait_Gm,0,0,0,False,,0.46016469573448243,0.33251953125,False,0.0
25,pressure_negative,45,25.018307578027134,47.08026466351472,181.7959534812735,211.8799004519492,Omega_safe_one_step_QP,False,True,,0.5934663890149868,0.5934663890149868,1.0,-0.7512425184249878,0.10829968750476837,0.7512425184249878,1.0909281335615653,-1.5607496840858293,233.65538828079238,183.02470038022335,0.055419921875,0.0,-0.3023760379130262,0.05158013515628914,-0.5185943479951888,0.28855200071725845,59.346638901498686,True,False,0.3577959597880262,0.0,0.15735995965980693,0.02377363861878045,3.5924513640426616e-05,1.282162223988906e-06,0.0,False,False,False,True,1.0,0.0,0.0,wait_Gm,0,0,0,False,,0.45908485014837896,0.33251953125,False,0.0
25,pressure_negative,46,25.01865439870134,47.081268041113056,181.99937016997683,211.96414579708994,Omega_safe_one_step_QP,False,True,,0.592100980247517,0.592100980247517,1.0,-0.7437392473220825,0.1162533089518547,0.7437392473220825,1.0901148232850402,-1.5604102854112114,233.65538828079238,183.02470038022335,0.055419921875,0.0,-0.3066052854619294,0.05658788134206577,-0.5165601811081555,0.2893944541686659,59.2100980247517,True,False,0.3620252073369294,0.0,0.1334531428432956,0.023756264720582843,4.137834924302664e-06,7.097278177883023e-07,0.0,False,False,False,True,1.0,0.0,0.0,wait_Gm,0,0,0,False,,0.4618972788762305,0.33251953125,False,0.0
25,pressure_negative,47,25.019159229844707,47.08230041346416,181.76812457901335,212.09571086779113,Omega_safe_one_step_QP,False,True,,0.5947614467352631,0.5947614467352631,1.0,-0.7404877543449402,0.12081402540206909,0.7404877543449402,1.0889862859808614,-1.5601215090989053,233.65538828079238,183.02470038022335,0.055419921875,0.0,-0.3127779240000305,0.06007319316696141,-0.5188726370177903,0.2907101048756778,59.476144673526306,True,False,0.3681978458750305,0.0,0.16110355017184702,0.023740157988632594,5.347452334005006e-06,1.7309367828607943e-06,0.0,False,False,False,True,1.0,0.0,0.0,wait_Gm,0,0,0,False,,0.4660021951010157,0.33251953125,False,0.0
25,pressure_negative,48,25.019474603987234,47.08329098379015,181.3309436303573,212.24541039515492,Omega_safe_one_step_QP,False,True,,0.5993077174334706,0.5993077174334707,1.0000000000000002,-0.7426543235778809,0.12165355682373047,0.7426543235778809,1.0882358469818307,-1.559775977549359,233.65538828079238,183.02470038022335,0.055419921875,0.0,-0.3166204341500373,0.06094360613746087,-0.5232444465043509,0.2922071001493157,59.930771743347066,True,False,0.3720403560250373,0.0,0.21310606870899845,0.023726360716512213,1.911271818678033e-05,2.2409948492943173e-06,0.0,False,False,False,True,1.0,0.0,0.0,wait_Gm,0,0,0,False,,0.46855758210131837,0.33251953125,False,0.0
25,pressure_negative,49,25.019436959129713,47.0842064796011,181.0365295726489,212.3538720332213,Omega_safe_one_step_QP,False,True,,0.602407221204941,0.6024072212049408,0.9999999999999998,-0.7473625540733337,0.12052250653505325,0.7473625540733337,1.0881898696261725,-1.55932311538055,233.65538828079238,183.02470038022335,0.055419921875,0.0,-0.31612122560925127,0.05991612789756923,-0.5261885870814348,0.29329171652997954,60.24072212049409,True,False,0.37154114748425127,0.0,0.24815087819395557,0.023714124733037252,8.667963737632169e-06,1.176392693204402e-06,0.0,False,False,False,True,1.0,0.0,0.0,wait_Gm,0,0,0,False,,0.4682256271051026,0.33251953125,False,0.0
25,pressure_negative,50,25.019161653215395,47.08507105770548,181.07139491315692,212.39214058375129,Omega_safe_one_step_QP,False,True,,0.6022892081546305,0.6022892081546306,1.0000000000000002,-0.7505152225494385,0.11983468383550644,0.7505152225494385,1.0886181040264085,-1.5587982112948255,233.65538828079238,183.02470038022335,0.055419921875,0.0,-0.3126991453702037,0.05877753137011775,-0.5258399336763546,0.29367440203527934,60.228920815463056,True,False,0.3681190672452037,0.0,0.24420091524583767,0.023701750014701255,1.215591968740175e-07,1.4644819596654467e-07,0.0,False,False,False,True,1.0,0.0,0.0,wait_Gm,0,0,0,False,,0.46594985238360354,0.33251953125,False,0.0
25,pressure_negative,51,25.018912407320883,47.08593939898311,181.33518308591013,212.3810002687762,Omega_safe_one_step_QP,False,True,,0.5999330141591837,0.5999330141591837,1.0,-0.7500705122947693,0.1209527999162674,0.7500705122947693,1.0889942292483945,-1.5582822398869345,233.65538828079238,183.02470038022335,0.055419921875,0.0,-0.30959770287935434,0.058861004411108184,-0.5232020519488225,0.29356299888552856,59.99330141591836,True,False,0.36501762475435434,0.0,0.21320571968370586,0.0236880578516952,6.958420008447684e-06,1.2410661774399049e-08,0.0,False,False,False,True,1.0,0.0,0.0,wait_Gm,0,0,0,False,,0.463887268875249,0.33251953125,False,0.0
25,pressure_negative,52,25.018871787043942,47.08684943210381,181.5889988801436,212.36287122405653,Omega_safe_one_step_QP,False,True,,0.5976317573290375,0.5976317573290374,0.9999999999999998,-0.7470052242279053,0.12342958897352219,0.7470052242279053,1.0889538832322598,-1.557831215786075,233.65538828079238,183.02470038022335,0.055419921875,0.0,-0.30906222386412563,0.06022431969370303,-0.5206638940064877,0.29338170843833183,59.76317573290374,True,False,0.36448214573912563,0.0,0.1834848484084114,0.023673100429468158,6.442245740236967e-06,3.286622624478521e-08,0.0,False,False,False,True,1.0,0.0,0.0,wait_Gm,0,0,0,False,,0.463531103747124,0.33251953125,False,0.0
25,pressure_negative,53,25.01903099331131,47.08779965386052,181.65912893416512,212.3698995684281,Omega_safe_one_step_QP,False,True,,0.5970554163088327,0.5970554163088329,1.0000000000000002,-0.7439473867416382,0.12574893236160278,0.7439473867416382,1.0885145949965451,-1.557442259573429,233.65538828079238,183.02470038022335,0.055419921875,0.0,-0.31098442608051674,0.06193308342657919,-0.5199625934662726,0.2934519918820476,59.705541630883275,True,False,0.36640434795551674,0.0,0.17558035294273394,0.023657822283883422,4.918224477061119e-07,4.939762460547279e-09,0.0,False,False,False,True,1.0,0.0,0.0,wait_Gm,0,0,0,False,,0.46480937980819337,0.33251953125,False,0.0
25,pressure_negative,54,25.019242650281345,47.08875992707256,181.5401419662372,212.40560164996523,Omega_safe_one_step_QP,False,True,,0.5982671859503143,0.5982671859503141,0.9999999999999998,-0.7429209351539612,0.126766636967659,0.7429209351539612,1.0879704493760007,-1.5570698873393087,233.65538828079238,183.02470038022335,0.055419921875,0.0,-0.31355169954732237,0.06295863983765494,-0.5211524631455517,0.2938090126974188,59.826718595031416,True,False,0.36897162142232237,0.0,0.1900784763010188,0.023643192473792828,1.4157898536680833e-06,1.2746386260834707e-07,0.0,False,False,False,True,1.0,0.0,0.0,wait_Gm,0,0,0,False,,0.4665166788331494,0.33251953125,False,0.0
25,pressure_negative,55,25.01935564079456,47.08969922688448,181.35202069739242,212.44928433912432,Omega_safe_one_step_QP,False,True,,0.6001206880052267,0.6001206880052267,1.0,-0.7441665530204773,0.1263643503189087,0.7441665530204773,1.0876230110774443,-1.5566675279680573,233.65538828079238,183.02470038022335,0.055419921875,0.0,-0.3149054593627656,0.06288367303901757,-0.5230336758339996,0.2942458395890097,60.01206880052267,True,False,0.3703253812377656,0.0,0.21273466560682208,0.023629560863528583,3.5389611791770657e-06,1.9081773321691565e-07,0.0,False,False,False,True,1.0,0.0,0.0,wait_Gm,0,0,0,False,,0.46741698477788085,0.33251953125,False,0.0
25,pressure_negative,56,25.01931519819845,47.09060634736954,181.24466585807156,212.47428274126986,Omega_safe_one_step_QP,False,True,,0.6011789855036145,0.6011789855036146,1.0000000000000002,-0.7462602257728577,0.12533995509147644,0.7462602257728577,1.0875815697623188,-1.5562182821081176,233.65538828079238,183.02470038022335,0.055419921875,0.0,-0.31437216167990434,0.062109330693530584,-0.5241072242272082,0.2944958236104651,60.11789855036147,True,False,0.36979208355490434,0.0,0.22579910675705378,0.02361650784049783,1.1525061525608212e-06,6.249201098302304e-08,0.0,False,False,False,True,1.0,0.0,0.0,wait_Gm,0,0,0,False,,0.4670623497649805,0.33251953125,False,0.0
25,pressure_negative,57,25.019186393614287,47.09149479360739,181.27844500383432,212.47100152878596,Omega_safe_one_step_QP,False,True,,0.6008684413721128,0.6008684413721128,1.0,-0.7475035190582275,0.12467945367097855,0.7475035190582275,1.0877162622225076,-1.555742121772374,233.65538828079238,183.02470038022335,0.055419921875,0.0,-0.3127521415172199,0.06140906437268981,-0.5237694327695805,0.2944630114856261,60.08684413721128,True,False,0.3681720633922199,0.0,0.22214899000499827,0.02360330644601244,1.1410306884620928e-07,1.0766355364490337e-09,0.0,False,False,False,True,1.0,0.0,0.0,wait_Gm,0,0,0,False,,0.4659849990961963,0.33251953125,False,0.0
25,pressure_negative,58,25.019082205169376,47.09238794221343,181.40036463685766,212.4500172128367,Omega_safe_one_step_QP,False,True,,0.5997029903817269,0.5997029903817268,0.9999999999999998,-0.7471681237220764,0.12485912442207336,0.7471681237220764,1.0878016209548695,-1.5552737627723487,233.65538828079238,183.02470038022335,0.055419921875,0.0,-0.3114349177143534,0.06130504314470053,-0.5225502364393472,0.29425316832613363,59.97029903817269,True,False,0.3668548395893534,0.0,0.20808678772712028,0.023589504417846012,1.486439691654559e-06,4.4034151585791947e-08,0.0,False,False,False,True,1.0,0.0,0.0,wait_Gm,0,0,0,False,,0.4651089976790186,0.33251953125,False,0.0
25,pressure_negative,59,25.019072865747567,47.09330035052851,181.50714049098423,212.43010126604494,Omega_safe_one_step_QP,False,True,,0.5986749826744984,0.5986749826744983,0.9999999999999998,-0.7458020448684692,0.12560604512691498,0.7458020448684692,1.087697482956508,-1.5548347719759685,233.65538828079238,183.02470038022335,0.055419921875,0.0,-0.3112842637931415,0.061759367395384984,-0.5214824778980816,0.2940540088582159,59.867498267449825,True,False,0.3667041856681415,0.0,0.19585202248695624,0.023575180945708908,1.140108302445803e-06,3.96644936612596e-08,0.0,False,False,False,True,1.0,0.0,0.0,wait_Gm,0,0,0,False,,0.46500879005195805,0.33251953125,False,0.0
25,pressure_negative,60,25.01914590818795,47.09422952066031,181.52960999133788,212.42390613179847,Omega_safe_one_step_QP,False,True,,0.5984488333270285,0.5984488333270285,1.0,-0.7445622086524963,0.12626436352729797,0.7445622086524963,1.0874287246900614,-1.554421272547534,233.65538828079238,183.02470038022335,0.055419921875,0.0,-0.31214682151673057,0.062332710912298486,-0.521257782894545,0.29399205751575125,59.84488333270284,True,False,0.36756674339173057,0.0,0.1936208058091961,0.023560769617425037,5.0487844614272375e-08,3.837968833176205e-09,0.0,False,False,False,True,1.0,0.0,0.0,wait_Gm,0,0,0,False,,0.46558240332821776,0.33251953125,False,0.0
25,pressure_negative,61,25.019233727532736,47.09516156349437,181.47252199579725,212.43088751690425,Omega_safe_one_step_QP,False,True,,0.598980415008302,0.5989804150083022,1.0000000000000004,-0.744267463684082,0.1263619363307953,0.744267463684082,1.087130260115302,-1.5540124349044868,233.65538828079238,183.02470038022335,0.055419921875,0.0,-0.3131911058637387,0.06258288248607705,-0.5218286628499513,0.294061871366809,59.89804150083021,True,False,0.3686110277387387,0.0,0.20080819468436403,0.023546677967427206,3.2590392348466406e-07,4.8739737995130126e-09,0.0,False,False,False,True,1.0,0.0,0.0,wait_Gm,0,0,0,False,,0.46627688391275396,0.33251953125,False,0.0
25,pressure_negative,62,25.019272781020184,47.0960833996211,181.39496228683106,212.44047060520973,Omega_safe_one_step_QP,False,True,,0.5997032318571831,0.5997032318571831,1.0,-0.7449014186859131,0.12589821219444275,0.7449014186859131,1.0869288997086413,-1.5535886946868562,233.65538828079238,183.02470038022335,0.055419921875,0.0,-0.31363561013846347,0.06237527613107586,-0.5226042599396132,0.29415770224986376,59.97032318571831,True,False,0.36905553201346347,0.0,0.21040415367260265,0.023533009170049062,6.015508454920321e-07,9.183558147054971e-09,0.0,False,False,False,True,1.0,0.0,0.0,wait_Gm,0,0,0,False,,0.4665725043335303,0.33251953125,False,0.0
25,pressure_negative,63,25.019246930660547,47.096991714428945,181.358041749149,212.44179615750133,Omega_safe_one_step_QP,False,True,,0.6000314973582919,0.6000314973582918,0.9999999999999998,-0.745803713798523,0.1252412050962448,0.745803713798523,1.0868568523123754,-1.5531450785513647,233.65538828079238,183.02470038022335,0.055419921875,0.0,-0.31328186776763595,0.06191529433501908,-0.5229734653164337,0.2941709577727798,60.003149735829176,True,False,0.36870178964263595,0.0,0.21517451387627262,0.023519553073027655,1.3631261027316947e-07,1.7570888777766854e-10,0.0,False,False,False,True,1.0,0.0,0.0,wait_Gm,0,0,0,False,,0.466337268934248,0.33251953125,False,0.0
25,pressure_negative,64,25.019188867937984,47.09789326377807,181.38136219917476,212.43170720870455,Omega_safe_one_step_QP,False,True,,0.5997787803342145,0.5997787803342145,1.0,-0.7462692260742188,0.12480157613754272,0.7462692260742188,1.0868488805484668,-1.5526916359791378,233.65538828079238,183.02470038022335,0.055419921875,0.0,-0.3125319619513977,0.06153405961261689,-0.5227402608161762,0.294070068284812,59.97787803342145,True,False,0.3679518838263977,0.0,0.21281037877808104,0.023506000083797007,5.438433894035035e-08,1.0178688782400192e-08,0.0,False,False,False,True,1.0,0.0,0.0,wait_Gm,0,0,0,False,,0.4658385664394092,0.33251953125,False,0.0
25,pressure_negative,65,25.019146793285156,47.09879800397377,181.43778098809474,212.41532770083649,Omega_safe_one_step_QP,False,True,,0.5992067661228102,0.5992067661228101,0.9999999999999998,-0.7460530400276184,0.12473934888839722,0.7460530400276184,1.086808796418443,-1.55224318687502,233.65538828079238,183.02470038022335,0.055419921875,0.0,-0.3119787094062401,0.061428696874975076,-0.5221760729269763,0.29390627320613133,59.920676612281014,True,False,0.3673986312812401,0.0,0.206537483264201,0.023492180893141597,3.1830797431977437e-07,2.682882780000495e-08,0.0,False,False,False,True,1.0,0.0,0.0,wait_Gm,0,0,0,False,,0.46547063580263676,0.33251953125,False,0.0
25,pressure_negative,66,25.019147053162484,47.09971138779086,181.4828661835055,212.4006650131834,Omega_safe_one_step_QP,False,True,,0.5987419611242231,0.5987419611242231,1.0,-0.74544358253479,0.12490292638540268,0.74544358253479,1.0866840241051823,-1.5518078256295886,233.65538828079238,183.02470038022335,0.055419921875,0.0,-0.3119461360684915,0.0615540823837866,-0.5217252209728687,0.2937596463296006,59.87419611242232,True,False,0.3673660579434915,0.0,0.2016200790116318,0.023478154426300725,2.03267484522672e-07,2.1499440921154336e-08,0.0,False,False,False,True,1.0,0.0,0.0,wait_Gm,0,0,0,False,,0.46544896860054197,0.33251953125,False,0.0
25,pressure_negative,67,25.01918043279016,47.100631534943176,181.48994434485985,212.3925147228382,Omega_safe_one_step_QP,False,True,,0.5986402976993124,0.5986402976993125,1.0000000000000002,-0.7449435591697693,0.12500613927841187,0.7449435591697693,1.0864929550709121,-1.551382705376905,233.65538828079238,183.02470038022335,0.055419921875,0.0,-0.3123208994052009,0.061709185558357235,-0.5216544393593253,0.2936781434261485,59.86402976993125,True,False,0.3677408212802009,0.0,0.20121018378200461,0.023464115964937773,5.010036815811668e-09,6.642723271127725e-09,0.0,False,False,False,True,1.0,0.0,0.0,wait_Gm,0,0,0,False,,0.46569819509494637,0.33251953125,False,0.0
25,pressure_negative,68,25.019216470489184,47.10155217670525,181.4646993920298,212.3898856269403,Omega_safe_one_step_QP,False,True,,0.5988474022034002,0.5988474022034002,1.0,-0.744870662689209,0.12486221641302109,0.744870662689209,1.0862963826521796,-1.550958446066274,233.65538828079238,183.02470038022335,0.055419921875,0.0,-0.31272834738063904,0.06171247059445062,-0.5219068888876259,0.29365185246716946,59.88474022034002,True,False,0.36814826925563904,0.0,0.20462533593146418,0.023450230909839366,6.37307643392179e-08,6.912145240364251e-10,0.0,False,False,False,True,1.0,0.0,0.0,wait_Gm,0,0,0,False,,0.46596916379122555,0.33251953125,False,0.0
25,pressure_negative,69,25.019229363217217,47.10246799605554,181.43421305541867,212.38793192463697,Omega_safe_one_step_QP,False,True,,0.5991035393527593,0.5991035393527593,1.0,-0.7451751828193665,0.1244925782084465,0.7451751828193665,1.0861458041991148,-1.5505271059255965,233.65538828079238,183.02470038022335,0.055419921875,0.0,-0.3128511318190015,0.06152514738943069,-0.5222117522537372,0.2936323154441362,59.91035393527593,True,False,0.3682710536940015,0.0,0.20865360401577163,0.02343652540069524,9.294167199664678e-08,3.816952690017974e-10,0.0,False,False,False,True,1.0,0.0,0.0,wait_Gm,0,0,0,False,,0.46605082719972657,0.33251953125,False,0.0
25,pressure_negative,70,25.0192150223614,47.10337814984102,181.42347300632912,212.38225740299535,Omega_safe_one_step_QP,False,True,,0.5991693523190267,0.5991693523190266,0.9999999999999998,-0.7455541491508484,0.12406779080629349,0.7455541491508484,1.086049383285549,-1.5500874262823907,233.65538828079238,183.02470038022335,0.055419921875,0.0,-0.3126389734581396,0.0612487424053597,-0.5223191527446326,0.29357557022771996,59.916935231902656,True,False,0.3680588953331396,0.0,0.2103376974003868,0.02342289765082981,1.1534865444591415e-08,3.220019586124991e-09,0.0,False,False,False,True,1.0,0.0,0.0,wait_Gm,0,0,0,False,,0.4659097438744189,0.33251953125,False,0.0
25,pressure_negative,71,25.01918931498416,47.10428591008615,181.4382350181898,212.37193291529655,Omega_safe_one_step_QP,False,True,,0.5989900794101508,0.5989900794101507,0.9999999999999998,-0.7457180619239807,0.12375753372907639,0.7457180619239807,1.0859754590793644,-1.5496442882517245,233.65538828079238,183.02470038022335,0.055419921875,0.0,-0.3122870256045129,0.06102373977331733,-0.5221715326260258,0.29347232535073203,59.89900794101507,True,False,0.3677069474795129,0.0,0.20900171768369546,0.023409216860213505,2.1791699417492717e-08,1.0659504624258564e-08,0.0,False,False,False,True,1.0,0.0,0.0,wait_Gm,0,0,0,False,,0.4656756931657471,0.33251953125,False,0.0
25,pressure_negative,72,25.019172636755112,47.105195485291766,181.46507309421477,212.35939644750388,Omega_safe_one_step_QP,False,True,,0.5986946962045043,0.5986946962045043,1.0,-0.7455912828445435,0.12361222505569458,0.7455912828445435,1.085883332895698,-1.5492039648493505,233.65538828079238,183.02470038022335,0.055419921875,0.0,-0.3120461339846516,0.06092251591777595,-0.5219031518657761,0.2933469606728053,59.86946962045043,True,False,0.3674660558596516,0.0,0.2062404117040842,0.023395421437322594,7.202823247222134e-08,1.57163024716681e-08,0.0,False,False,False,True,1.0,0.0,0.0,wait_Gm,0,0,0,False,,0.46551549459273933,0.33251953125,False,0.0
25,pressure_negative,73,25.019174587408177,47.10610886088619,181.4850301618583,212.34801798243356,Omega_safe_one_step_QP,False,True,,0.5984649715278181,0.5984649715278182,1.0000000000000002,-0.7453187108039856,0.12355318665504456,0.7453187108039856,1.0857538503809503,-1.5487694057431136,233.65538828079238,183.02470038022335,0.055419921875,0.0,-0.3120343616026241,0.06091373665466251,-0.5217035811893408,0.2932331760221021,59.846497152781815,True,False,0.3674542834776241,0.0,0.20429939164816005,0.023381547000098302,3.9828454892848976e-08,1.294694673565461e-08,0.0,False,False,False,True,1.0,0.0,0.0,wait_Gm,0,0,0,False,,0.4655076658227246,0.33251953125,False,0.0
25,pressure_negative,74,25.01918960094007,47.107024895774245,181.4881008976241,212.33956876541296,Omega_safe_one_step_QP,False,True,,0.5983968065889941,0.598396806588994,0.9999999999999998,-0.7451163530349731,0.12345634400844574,0.7451163530349731,1.0855981223344655,-1.5483388940738656,233.65538828079238,183.02470038022335,0.055419921875,0.0,-0.3121832481240457,0.06090719017123387,-0.5216728738316829,0.29314868385189613,59.8396806588994,True,False,0.3676031699990457,0.0,0.2043603794796627,0.02336768019226021,9.429418143294946e-10,7.138926826115692e-09,0.0,False,False,False,True,1.0,0.0,0.0,wait_Gm,0,0,0,False,,0.4656066814204688,0.33251953125,False,0.0
25,pressure_negative,75,25.019204150061082,47.10794080463873,181.47827186842702,212.33334177467177,Omega_safe_one_step_QP,False,True,,0.598451997865986,0.598451997865986,1.0,-0.7451043725013733,0.12324978411197662,0.7451043725013733,1.0854431476240223,-1.5479082649056446,233.65538828079238,183.02470038022335,0.055419921875,0.0,-0.31232642019423346,0.06082994401957908,-0.5217711641236537,0.29308641394448415,59.84519978659861,True,False,0.36774634206923346,0.0,0.20594733363913748,0.02335388692790067,9.660981495701963e-09,3.8775413690957765e-09,0.0,False,False,False,True,1.0,0.0,0.0,wait_Gm,0,0,0,False,,0.46570189930932127,0.33251953125,False,0.0
25,pressure_negative,76,25.01920794329647,47.10885446579742,181.46770209994637,212.3271870194986,Omega_safe_one_step_QP,False,True,,0.598514019230575,0.598514019230575,1.0,-0.7452437281608582,0.12295277416706085,0.7452437281608582,1.0853094679524549,-1.5474743508829218,233.65538828079238,183.02470038022335,0.055419921875,0.0,-0.31233730478394395,0.06067380311846364,-0.5218768618084602,0.2930248663927526,59.8514019230575,True,False,0.36775722665894395,0.0,0.20761852572365114,0.023340170704669642,1.1172000573454336e-08,3.788101124149603e-09,0.0,False,False,False,True,1.0,0.0,0.0,wait_Gm,0,0,0,False,,0.4657091437893164,0.33251953125,False,0.0
25,pressure_negative,77,25.019200433186224,47.10976576482353,181.46647591516844,212.31935156837557,Omega_safe_one_step_QP,False,True,,0.5984863542422904,0.5984863542422904,1.0,-0.7453976273536682,0.12264329195022583,0.7453976273536682,1.0851981796625465,-1.5470369837723164,233.65538828079238,183.02470038022335,0.055419921875,0.0,-0.3122091715883155,0.06048750436607676,-0.5218891236562393,0.29294651188152215,59.84863542422904,True,False,0.3676290934633155,0.0,0.20818077550924044,0.023326483478008413,1.5035291096027815e-10,6.139429430159514e-09,0.0,False,False,False,True,1.0,0.0,0.0,wait_Gm,0,0,0,False,,0.4656239371324951,0.33251953125,False,0.0
25,pressure_negative,78,25.01918912134518,47.110676246888126,181.4759238809747,212.309618457083,Omega_safe_one_step_QP,False,True,,0.5983563262655642,0.598356326265564,0.9999999999999997,-0.745448887348175,0.12239039689302444,0.745448887348175,1.085094316007051,-1.5465984719533183,233.65538828079238,183.02470038022335,0.055419921875,0.0,-0.3120342846511535,0.06032991253998872,-0.5217946439981768,0.2928491807685964,59.8356326265564,True,False,0.3674542065261535,0.0,0.2074791063182056,0.02331277059859691,8.926405787625094e-09,9.473345543366681e-09,0.0,False,False,False,True,1.0,0.0,0.0,wait_Gm,0,0,0,False,,0.46550763634486814,0.33251953125,False,0.0
25,pressure_negative,79,25.019182540758845,47.11158767165306,181.4896077300579,212.29912135572627,Omega_safe_one_step_QP,False,True,,0.5981856220203183,0.5981856220203183,1.0,-0.7453776597976685,0.12220799177885056,0.7453776597976685,1.0849808517121253,-1.5461614401474666,233.65538828079238,183.02470038022335,0.055419921875,0.0,-0.3119175906841045,0.06022662354419397,-0.5216578055073446,0.2927442097550292,59.818562202031835,True,False,0.3673375125591045,0.0,0.20627795326262913,0.023299010527454915,1.872477257320024e-08,1.101891368932411e-08,0.0,False,False,False,True,1.0,0.0,0.0,wait_Gm,0,0,0,False,,0.46543003413706063,0.33251953125,False,0.0
25,pressure_negative,80,25.01918405242172,47.11250073439965,181.49951780983994,212.28927114700457,Omega_safe_one_step_QP,False,True,,0.5980509950452982,0.5980509950452984,1.0000000000000002,-0.7452543377876282,0.12205717712640762,0.7452543377876282,1.0848510826066087,-1.5457269206284328,233.65538828079238,183.02470038022335,0.055419921875,0.0,-0.311900424704937,0.06015944132272462,-0.5215587047095244,0.29264570766781217,59.805099504529835,True,False,0.367320346579937,0.0,0.20552593132760194,0.02328522273162196,9.820968128622533e-09,9.702661186108218e-09,0.0,False,False,False,True,1.0,0.0,0.0,wait_Gm,0,0,0,False,,0.46541862058703615,0.33251953125,False,0.0
25,pressure_negative,81,25.01919061237954,47.11341481012851,181.50201855876617,212.28070274542637,Omega_safe_one_step_QP,False,True,,0.5979872613823078,0.5979872613823077,0.9999999999999998,-0.7451707720756531,0.12188465148210526,0.7451707720756531,1.0847110863554275,-1.5452939747813463,233.65538828079238,183.02470038022335,0.055419921875,0.0,-0.31194534746580166,0.06008849179029187,-0.5215336972202621,0.29256002365203015,59.79872613823078,True,False,0.36736526934080166,0.0,0.2056521233072681,0.023271445170029072,6.253745192008741e-10,7.34175056053372e-09,0.0,False,False,False,True,1.0,0.0,0.0,wait_Gm,0,0,0,False,,0.46544849861411136,0.33251953125,False,0.0
25,pressure_negative,82,25.019196287973816,47.11432867717982,181.49946073685004,212.273007028769,Omega_safe_one_step_QP,False,True,,0.5979719240713834,0.5979719240713833,0.9999999999999998,-0.745171070098877,0.12166362255811691,0.745171070098877,1.0845727054810668,-1.544860775763956,233.65538828079238,183.02470038022335,0.055419921875,0.0,-0.31197939285249826,0.05998506027506679,-0.5215592754394234,0.2924830664854565,59.79719240713834,True,False,0.36739931472749826,0.0,0.20637647261859912,0.023257703647326634,6.542452954622273e-10,5.922405487046587e-09,0.0,False,False,False,True,1.0,0.0,0.0,wait_Gm,0,0,0,False,,0.46547114396896005,0.33251953125,False,0.0
25,pressure_negative,83,25.019197046349515,47.11524150390395,181.4972377679362,212.26524651816806,Omega_safe_one_step_QP,False,True,,0.5979533596667077,0.5979533596667078,1.0000000000000002,-0.7452309727668762,0.1214069128036499,0.7452309727668762,1.0844439913260857,-1.5444260822265448,233.65538828079238,183.02470038022335,0.055419921875,0.0,-0.3119529616951274,0.05984937458574497,-0.5215815051285617,0.29240546137944706,59.79533596667077,True,False,0.3673728835701274,0.0,0.2070595932442302,0.02324399633033026,4.941590791841711e-10,6.022552478739114e-09,0.0,False,False,False,True,1.0,0.0,0.0,wait_Gm,0,0,0,False,,0.46545357125941406,0.33251953125,False,0.0
25,pressure_negative,84,25.019193174687206,47.11615334828162,181.4993424682911,212.25672802841217,Omega_safe_one_step_QP,False,True,,0.5978933479492982,0.5978933479492983,1.0000000000000002,-0.74528968334198,0.12114939093589783,0.74528968334198,1.084324374082468,-1.5439899826544512,233.65538828079238,183.02470038022335,0.055419921875,0.0,-0.3118695872823016,0.05970416782374046,-0.5215604581250127,0.2923202764818882,59.789334794929836,True,False,0.3672895091573016,0.0,0.20722921737607977,0.023230301011188198,4.42976358388049e-10,7.256466772113632e-09,0.0,False,False,False,True,1.0,0.0,0.0,wait_Gm,0,0,0,False,,0.4653981294134179,0.33251953125,False,0.0
25,pressure_negative,85,25.019188145100603,47.11706492511456,181.50585845238365,212.24743560366727,Omega_safe_one_step_QP,False,True,,0.5977910768206232,0.5977910768206232,1.0,-0.7453005313873291,0.12091870605945587,0.7453005313873291,1.0842069278985504,-1.5435535454337252,233.65538828079238,183.02470038022335,0.055419921875,0.0,-0.3117719737719556,0.05957377866684219,-0.5214952982840872,0.2922273522344392,59.77910768206232,True,False,0.3671918956469556,0.0,0.2068766031875657,0.023216595141678672,4.245804869429445e-09,8.634915763961326e-09,0.0,False,False,False,True,1.0,0.0,0.0,wait_Gm,0,0,0,False,,0.4653332174610498,0.33251953125,False,0.0
25,pressure_negative,86,25.019185482373352,47.11797696113618,181.51376625182857,212.23789944426449,Omega_safe_one_step_QP,False,True,,0.5976754761044338,0.5976754761044338,1.0,-0.74526047706604,0.12071779370307922,0.74526047706604,1.0840846216251885,-1.5431178545778415,233.65538828079238,183.02470038022335,0.055419921875,0.0,-0.3117034721812798,0.05946689447659124,-0.5214162202896381,0.29213199064041134,59.767547610443394,True,False,0.3671233940562798,0.0,0.20636010825993253,0.023202871673894128,6.253329206111102e-09,9.093833615532402e-09,0.0,False,False,False,True,1.0,0.0,0.0,wait_Gm,0,0,0,False,,0.4652876652014649,0.33251953125,False,0.0
25,pressure_negative,87,25.01918628762205,47.11888968418917,181.51972502236762,212.22869254047086,Omega_safe_one_step_QP,False,True,,0.597578492040306,0.5975784920403059,0.9999999999999998,-0.7452028393745422,0.12052769958972931,0.7452028393745422,1.083955260710642,-1.5426832479208732,233.65538828079238,183.02470038022335,0.055419921875,0.0,-0.3116776243163963,0.05937366369218226,-0.5213566325842476,0.2920399216024751,59.757849204030585,True,False,0.3670975461913963,0.0,0.20607534937309083,0.02318914063167517,3.5506946337082333e-09,8.476707746507641e-09,0.0,False,False,False,True,1.0,0.0,0.0,wait_Gm,0,0,0,False,,0.46527047882641115,0.33251953125,False,0.0
25,pressure_negative,88,25.019188991660457,47.11980277201982,181.52247129029968,212.22003651340427,Omega_safe_one_step_QP,False,True,,0.5975122330017204,0.5975122330017204,1.0,-0.7451662421226501,0.12032587081193924,0.7451662421226501,1.0838219794383845,-1.542249241424689,233.65538828079238,183.02470038022335,0.055419921875,0.0,-0.31167513008517056,0.059276748329389964,-0.5213291699049271,0.29195336133180916,59.751223300172036,True,False,0.36709505196017056,0.0,0.2061712749562139,0.02317541844632672,7.541987554625791e-10,7.492680457758615e-09,0.0,False,False,False,True,1.0,0.0,0.0,wait_Gm,0,0,0,False,,0.46526882366721684,0.33251953125,False,0.0
25,pressure_negative,89,25.019191023453473,47.12071569525977,181.52328990531097,212.21171353804633,Omega_safe_one_step_QP,False,True,,0.5974644272344423,0.5974644272344424,1.0000000000000002,-0.745166003704071,0.1201028823852539,0.745166003704071,1.083689911423611,-1.5418150431066178,233.65538828079238,183.02470038022335,0.055419921875,0.0,-0.3116643682563186,0.059165180783830915,-0.5213209837548141,0.2918701315782297,59.74644272344423,True,False,0.3670842901313186,0.0,0.20649501930523,0.023161714932494016,6.70130536721855e-11,6.927191880890455e-09,0.0,False,False,False,True,1.0,0.0,0.0,wait_Gm,0,0,0,False,,0.46526167077640135,0.33251953125,False,0.0
25,pressure_negative,90,25.01919084762149,47.12162813718433,181.52452635472633,212.20332242346717,Omega_safe_one_step_QP,False,True,,0.5974126504767904,0.5974126504767903,0.9999999999999998,-0.7451887130737305,0.11986610293388367,0.7451887130737305,1.083562123539234,-1.5413801801433176,233.65538828079238,183.02470038022335,0.055419921875,0.0,-0.31162645563706837,0.05904064043978296,-0.5213086192606604,0.2917862204324382,59.741265047679036,True,False,0.36704637751206837,0.0,0.2067685792891416,0.023148027906160204,1.528807156740921e-10,7.041080388050164e-09,0.0,False,False,False,True,1.0,0.0,0.0,wait_Gm,0,0,0,False,,0.4652364620318115,0.33251953125,False,0.0
25,pressure_negative,91,25.01918880659426,47.12254016765333,181.52772672764374,212.19459028742676,Omega_safe_one_step_QP,False,True,,0.5973420775567361,0.5973420775567362,1.0000000000000002,-0.7452077865600586,0.11963075399398804,0.7452077865600586,1.0834379352495613,-1.5409447578250832,233.65538828079238,183.02470038022335,0.055419921875,0.0,-0.31156560430031577,0.05891344131533064,-0.5212766155314864,0.2916988990720341,59.73420775567362,True,False,0.36698552617531577,0.0,0.2068091741337048,0.023134347305688356,1.0242386810459696e-09,7.625019982818476e-09,0.0,False,False,False,True,1.0,0.0,0.0,wait_Gm,0,0,0,False,,0.46519599824213376,0.33251953125,False,0.0
25,pressure_negative,92,25.01918647512816,47.12345211086694,181.53271927120883,212.18555089081275,Omega_safe_one_step_QP,False,True,,0.5972543701961119,0.5972543701961119,1.0,-0.7452050447463989,0.11940788477659225,0.7452050447463989,1.0833142066601507,-1.5405092604842314,233.65538828079238,183.02470038022335,0.055419921875,0.0,-0.31150118240265456,0.058793580707168024,-0.5212266900958354,0.291608505105894,59.72543701961119,True,False,0.36692110427765456,0.0,0.20663763045314681,0.023120663986394632,2.49254912493697e-09,8.171069114544948e-09,0.0,False,False,False,True,1.0,0.0,0.0,wait_Gm,0,0,0,False,,0.46515315961791504,0.33251953125,False,0.0
25,pressure_negative,93,25.01918528455643,47.12436426180516,181.53812506079547,212.17643921545746,Omega_safe_one_step_QP,False,True,,0.59716270836851,0.5971627083685099,0.9999999999999998,-0.7451814413070679,0.119197316467762,0.7451814413070679,1.083188084002117,-1.5400741281398087,233.65538828079238,183.02470038022335,0.055419921875,0.0,-0.3114507937467132,0.05868370086621063,-0.5211726321999691,0.29151738835234114,59.71627083685099,True,False,0.3668707156217132,0.0,0.20641756485445967,0.023106975867545433,2.9222561054940933e-09,8.302262778011428e-09,0.0,False,False,False,True,1.0,0.0,0.0,wait_Gm,0,0,0,False,,0.46511965327737304,0.33251953125,False,0.0
25,pressure_negative,94,25.01918556009931,47.1252766879123,181.54257038898982,212.1674881587297,Omega_safe_one_step_QP,False,True,,0.5970802180718463,0.5970802180718464,1.0000000000000002,-0.7451523542404175,0.11899019032716751,0.7451523542404175,1.083058920790325,-1.539639460192582,233.65538828079238,183.02470038022335,0.055419921875,0.0,-0.3114184378518668,0.05857884766089384,-0.5211281789180257,0.29142787778506346,59.708021807184636,True,False,0.3668383597268668,0.0,0.20631161538176002,0.02309328787649058,1.9760942755486545e-09,8.012141654370434e-09,0.0,False,False,False,True,1.0,0.0,0.0,wait_Gm,0,0,0,False,,0.4650981392404248,0.33251953125,False,0.0
25,pressure_negative,95,25.01918652950241,47.12618923058329,181.5456376333573,212.15877506370674,Omega_safe_one_step_QP,False,True,,0.5970109228649546,0.5970109228649547,1.0000000000000002,-0.7451338768005371,0.11877713352441788,0.7451338768005371,1.0829282606200568,-1.539205018244865,233.65538828079238,183.02470038022335,0.055419921875,0.0,-0.311394616494602,0.05847161263114445,-0.5210975064743508,0.2913407468348339,59.70109228649547,True,False,0.366814538369602,0.0,0.20636891877913513,0.023079607051687805,9.407988009874319e-10,7.591802487904372e-09,0.0,False,False,False,True,1.0,0.0,0.0,wait_Gm,0,0,0,False,,0.4650823010924121,0.33251953125,False,0.0
25,pressure_negative,96,25.019187090390993,47.12710166277268,181.54798703934802,212.1501821959381,Omega_safe_one_step_QP,False,True,,0.5969484864822431,0.5969484864822431,1.0,-0.7451310157775879,0.11855479329824448,0.7451310157775879,1.082798305880246,-1.5387704625399556,233.65538828079238,183.02470038022335,0.055419921875,0.0,-0.311365771568502,0.058357793663399354,-0.5210740124144436,0.2912548181571475,59.694848648224315,True,False,0.366785693443502,0.0,0.20651101162266058,0.02306593703801607,5.519708509201181e-10,7.383737648935108e-09,0.0,False,False,False,True,1.0,0.0,0.0,wait_Gm,0,0,0,False,,0.46506312232018066,0.33251953125,False,0.0
25,pressure_negative,97,25.019186671697216,47.1280138667561,181.5506255600822,212.14154314631082,Omega_safe_one_step_QP,False,True,,0.5968833077617909,0.596883307761791,1.0000000000000002,-0.7451368570327759,0.11832715570926666,0.7451368570327759,1.0826701986424199,-1.5383356169308937,233.65538828079238,183.02470038022335,0.055419921875,0.0,-0.3113248797144405,0.05823879040965089,-0.5210476272071017,0.2911684276608747,59.68833077617909,True,False,0.3667448015894405,0.0,0.20661855453260614,0.023052276339088962,6.96179166477466e-10,7.463317846255519e-09,0.0,False,False,False,True,1.0,0.0,0.0,wait_Gm,0,0,0,False,,0.46503593206177735,0.33251953125,False,0.0
25,pressure_negative,98,25.019185508168437,47.128925890564204,181.55414669232482,212.1327542864615,Omega_safe_one_step_QP,False,True,,0.5968096997593394,0.5968096997593394,1.0,-0.7451398372650146,0.11810092628002167,0.7451398372650146,1.0825434728626822,-1.537900553434106,233.65538828079238,183.02470038022335,0.055419921875,0.0,-0.31127482831379205,0.05811927841393217,-0.5210124158846756,0.2910805390623815,59.680969975933934,True,False,0.36669475018879205,0.0,0.20662141418772081,0.023038620440679974,1.239837226995299e-09,7.72440574509538e-09,0.0,False,False,False,True,1.0,0.0,0.0,wait_Gm,0,0,0,False,,0.4650026503647803,0.33251953125,False,0.0
25,pressure_negative,99,25.019184307186986,47.1298378797752,181.55839386263773,212.12384415745635,Omega_safe_one_step_QP,False,True,,0.5967291677112253,0.5967291677112251,0.9999999999999997,-0.7451329231262207,0.1178804486989975,0.7451329231262207,1.0824167192313308,-1.537465489444811,233.65538828079238,183.02470038022335,0.055419921875,0.0,-0.31122431754266344,0.05800332546591236,-0.5209699441815465,0.29099143777232994,59.672916771122516,True,False,0.36664423941766344,0.0,0.20653834298964738,0.02302496564442883,1.803845566684798e-09,7.939039888857128e-09,0.0,False,False,False,True,1.0,0.0,0.0,wait_Gm,0,0,0,False,,0.46496906303910646,0.33251953125,False,0.0
25,pressure_negative,100,25.019183648334504,47.13074995378469,181.56272744344741,212.11492161363577,Omega_safe_one_step_QP,False,True,,0.5966478261523738,0.5966478261523738,1.0,-0.7451176643371582,0.11766500025987625,0.7451176643371582,1.0822887834161001,-1.5370306029514496,233.65538828079238,183.02470038022335,0.055419921875,0.0,-0.31118047558700496,0.057891575958020684,-0.5209266083734496,0.2909022123341242,59.664782615237385,True,False,0.36660039746200496,0.0,0.20644520865987942,0.023011311523145665,1.8779922634075298e-09,7.961178823007124e-09,0.0,False,False,False,True,1.0,0.0,0.0,wait_Gm,0,0,0,False,,0.464939910579624,0.33251953125,False,0.0
25,pressure_negative,101,25.019183598452987,47.13166212649149,181.56660275790674,212.10607004683047,Omega_safe_one_step_QP,False,True,,0.5965708372804557,0.5965708372804556,0.9999999999999998,-0.7451009750366211,0.11745033413171768,0.7451009750366211,1.0821595342544492,-1.5365959140646575,233.65538828079238,183.02470038022335,0.055419921875,0.0,-0.3111441243770363,0.05778152378724247,-0.5208878552288565,0.29081369666607115,59.657083728045556,True,False,0.3665640462520363,0.0,0.20640650385202208,0.022997660420119814,1.501806215862663e-09,7.83502349087748e-09,0.0,False,False,False,True,1.0,0.0,0.0,wait_Gm,0,0,0,False,,0.4649157396949951,0.33251953125,False,0.0
25,pressure_negative,102,25.019183789485336,47.132574322453735,181.5698987821745,212.09731518380158,Omega_safe_one_step_QP,False,True,,0.5964993837237278,0.5964993837237277,0.9999999999999998,-0.7450894117355347,0.11723266541957855,0.7450894117355347,1.0820297084005746,-1.536161308909115,233.65538828079238,183.02470038022335,0.055419921875,0.0,-0.31111073707023174,0.05767008016669514,-0.5208548949861788,0.29072614803578234,59.649938372372766,True,False,0.36653065894523174,0.0,0.2064364105371669,0.022984015287600485,1.0863775973721324e-09,7.664762665451326e-09,0.0,False,False,False,True,1.0,0.0,0.0,wait_Gm,0,0,0,False,,0.46489353997284666,0.33251953125,False,0.0
25,pressure_negative,103,25.01918375829126,47.133486446378285,181.57299415596572,212.08859753902865,Omega_safe_one_step_QP,False,True,,0.5964298697945459,0.5964298697945459,1.0,-0.7450836300849915,0.11701159924268723,0.7450836300849915,1.081900232245394,-1.5357266444969144,233.65538828079238,183.02470038022335,0.055419921875,0.0,-0.31107461753557336,0.057556105702190066,-0.5208239412482667,0.290638971588053,59.64298697945459,True,False,0.36649453941057336,0.0,0.2064899628857347,0.022970377141353766,9.581338907318353e-10,7.599733038697864e-09,0.0,False,False,False,True,1.0,0.0,0.0,wait_Gm,0,0,0,False,,0.46486952330745124,0.33251953125,False,0.0
25,pressure_negative,104,25.01918334574207,47.13439846534602,181.57638054568625,212.0798255318683,Omega_safe_one_step_QP,False,True,,0.5963575558547903,0.5963575558547904,1.0000000000000002,-0.7450786828994751,0.11678974330425262,0.7450786828994751,1.081771425477034,-1.5352918715580324,233.65538828079238,183.02470038022335,0.055419921875,0.0,-0.31103380876514775,0.05744096310446026,-0.5207900773510613,0.29055125151644945,59.635755585479046,True,False,0.36645373064014775,0.0,0.20650896146828926,0.022956744487950865,1.1467635339326012e-09,7.694810962140471e-09,0.0,False,False,False,True,1.0,0.0,0.0,wait_Gm,0,0,0,False,,0.46484238815750983,0.33251953125,False,0.0
25,pressure_negative,105,25.019182785680957,47.13531042760368,181.5801311138977,212.07100108509076,Omega_safe_one_step_QP,False,True,,0.5962818120348631,0.596281812034863,0.9999999999999998,-0.7450704574584961,0.11656995862722397,0.7450704574584961,1.0816428234965396,-1.534857061664937,233.65538828079238,183.02470038022335,0.055419921875,0.0,-0.3109911868647829,0.05732683044775137,-0.5207525716689468,0.29046300704867406,59.6281812034863,True,False,0.3664111087397829,0.0,0.2064847840870516,0.02294311547375638,1.40667619086962e-09,7.787086092960504e-09,0.0,False,False,False,True,1.0,0.0,0.0,wait_Gm,0,0,0,False,,0.464814047172041,0.33251953125,False,0.0
25,pressure_negative,106,25.019182369385693,47.136222392892364,181.58405388575753,212.062141217197,Omega_safe_one_step_QP,False,True,,0.596204397504772,0.5962043975047722,1.0000000000000002,-0.7450578808784485,0.11635254323482513,0.7450578808784485,1.081513847086258,-1.5344223042605576,233.65538828079238,183.02470038022335,0.055419921875,0.0,-0.31095033425153207,0.057214495893468435,-0.5207133439503485,0.29037440836973644,59.620439750477225,True,False,0.36637025612653207,0.0,0.20644028708455608,0.022929489222317762,1.5388139064305724e-09,7.84972590949054e-09,0.0,False,False,False,True,1.0,0.0,0.0,wait_Gm,0,0,0,False,,0.46478688276370606,0.33251953125,False,0.0
25,pressure_negative,107,25.01918223376812,47.137134389674486,181.58787757130065,212.0532992260683,Omega_safe_one_step_QP,False,True,,0.5961279411700166,0.5961279411700166,1.0,-0.7450430393218994,0.11613652855157852,0.7450430393218994,1.0813842249817132,-1.533987640996531,233.65538828079238,183.02470038022335,0.055419921875,0.0,-0.3109129347435042,0.057103581963235575,-0.5206751070949173,0.29028598845844955,59.612794117001656,True,False,0.3663328566185042,0.0,0.20640759149162477,0.022915866243516967,1.4620571132703632e-09,7.818080711984243e-09,0.0,False,False,False,True,1.0,0.0,0.0,wait_Gm,0,0,0,False,,0.4647620147518799,0.33251953125,False,0.0
25,pressure_negative,108,25.019182298708294,47.13804640152098,181.59142982880334,212.0445012399697,Omega_safe_one_step_QP,False,True,,0.5960540757036877,0.5960540757036877,1.0,-0.7450294494628906,0.11591975390911102,0.7450294494628906,1.0812541190120295,-1.5335530468320588,233.65538828079238,183.02470038022335,0.055419921875,0.0,-0.31087800287654693,0.05699259985659445,-0.5206395845198903,0.2901980085974634,59.605407570368776,True,False,0.36629792475154693,0.0,0.20640707086100066,0.022902247920296763,1.2618533365419393e-09,7.740455939140203e-09,0.0,False,False,False,True,1.0,0.0,0.0,wait_Gm,0,0,0,False,,0.4647387878170459,0.33251953125,False,0.0
25,pressure_negative,109,25.019182346889107,47.13895838379582,181.59478069266547,212.03573887261547,Omega_safe_one_step_QP,False,True,,0.5959821487974278,0.595982148797428,1.0000000000000002,-0.7450189590454102,0.11570116132497787,0.7450189590454102,1.0811239647535769,-1.5331184544748355,233.65538828079238,183.02470038022335,0.055419921875,0.0,-0.3108428658488951,0.05688047179910164,-0.5206060758812692,0.29011038492392116,59.59821487974279,True,False,0.3662627877238951,0.0,0.20643035688839972,0.022888635275548613,1.1228288622490195e-09,7.677908165034478e-09,0.0,False,False,False,True,1.0,0.0,0.0,wait_Gm,0,0,0,False,,0.4647154244893506,0.33251953125,False,0.0
25,pressure_negative,110,25.019182217756914,47.139870303395845,181.59811895511586,212.02697526385467,Omega_safe_one_step_QP,False,True,,0.5959103320191499,0.5959103320191498,0.9999999999999998,-0.7450109720230103,0.11548090726137161,0.7450109720230103,1.0809940844857022,-1.5326838141986818,233.65538828079238,183.02470038022335,0.055419921875,0.0,-0.3108055490367761,0.056767015831021526,-0.5205726932567651,0.2900227488363132,59.591033201914975,True,False,0.3662254709117761,0.0,0.2064550741954963,0.02287502836629565,1.1143996187741183e-09,7.680083851240284e-09,0.0,False,False,False,True,1.0,0.0,0.0,wait_Gm,0,0,0,False,,0.46469061156936037,0.33251953125,False,0.0
25,pressure_negative,111,25.01918190205541,47.14078215848678,181.60160304269667,212.01819166122945,Omega_safe_one_step_QP,False,True,,0.595837150090154,0.5958371500901541,1.0000000000000002,-0.745003342628479,0.11526045948266983,0.745003342628479,1.0808644985075733,-1.532249122795862,233.65538828079238,183.02470038022335,0.055419921875,0.0,-0.31076593864468616,0.05665310224064819,-0.5205378523809572,0.289934912810061,59.58371500901541,True,False,0.36618586051968616,0.0,0.20646245106345304,0.022861426447517538,1.2138866270695544e-09,7.715167507768078e-09,0.0,False,False,False,True,1.0,0.0,0.0,wait_Gm,0,0,0,False,,0.4646642733423779,0.33251953125,False,0.0
25,pressure_negative,112,25.019181516983206,47.141693973057684,181.60527131897328,212.00937989862175,Omega_safe_one_step_QP,False,True,,0.5957622279503219,0.5957622279503219,1.0,-0.7449939846992493,0.11504103243350983,0.7449939846992493,1.080734974753392,-1.5318144161110512,233.65538828079238,183.02470038022335,0.055419921875,0.0,-0.31072547613387863,0.056539711021591846,-0.520501169618191,0.28984679518398393,59.57622279503218,True,False,0.36614539800887863,0.0,0.20644799211605458,0.022847828581448775,1.3456250841564445e-09,7.764716025457343e-09,0.0,False,False,False,True,1.0,0.0,0.0,wait_Gm,0,0,0,False,,0.46463736840900877,0.33251953125,False,0.0
25,pressure_negative,113,25.019181209877456,47.14260577739054,181.6090137477492,212.00055193527558,Omega_safe_one_step_QP,False,True,,0.5956865849903142,0.5956865849903141,0.9999999999999998,-0.7449825406074524,0.11482270807027817,0.7449825406074524,1.0806052209667916,-1.5313797392252164,233.65538828079238,183.02470038022335,0.055419921875,0.0,-0.310685973594464,0.05642718864796644,-0.5204637453304317,0.2897585155505223,59.56865849903142,True,False,0.366105895469464,0.0,0.20642478507805662,0.02283423439030877,1.40057731428508e-09,7.793293684121279e-09,0.0,False,False,False,True,1.0,0.0,0.0,wait_Gm,0,0,0,False,,0.46461110185661125,0.33251953125,False,0.0
25,pressure_negative,114,25.019181039675054,47.14351758378621,181.61270552333883,211.99173060380332,Omega_safe_one_step_QP,False,True,,0.5956114227050006,0.5956114227050006,1.0,-0.7449700236320496,0.11460496485233307,0.7449700236320496,1.0804751212421513,-1.5309451098908167,233.65538828079238,183.02470038022335,0.055419921875,0.0,-0.3106481558598969,0.05631531182668127,-0.5204268275745355,0.2896703022357997,59.561142270500056,True,False,0.3660680777348969,0.0,0.20640761084296172,0.022820644132621207,1.3629207004186033e-09,7.781588894352487e-09,0.0,False,False,False,True,1.0,0.0,0.0,wait_Gm,0,0,0,False,,0.4645859557420752,0.33251953125,False,0.0
25,pressure_negative,115,25.01918096548461,47.144429383943525,181.6162633611451,211.982930967713,Omega_safe_one_step_QP,False,True,,0.5955375421550583,0.5955375421550583,1.0,-0.7449581623077393,0.11438680440187454,0.7449581623077393,1.0803447588625985,-1.5305105151609193,233.65538828079238,183.02470038022335,0.055419921875,0.0,-0.31061151997179703,0.056203380353284454,-0.520391249196473,0.28958230587489653,59.55375421550582,True,False,0.36603144184679703,0.0,0.20640630696320386,0.022807058489375354,1.2658209855619474e-09,7.743359532199535e-09,0.0,False,False,False,True,1.0,0.0,0.0,wait_Gm,0,0,0,False,,0.4645615956072803,0.33251953125,False,0.0
25,pressure_negative,116,25.01918088012247,47.145341155861345,181.6197188605861,211.97414998192914,Omega_safe_one_step_QP,False,True,,0.5954646525404085,0.5954646525404086,1.0000000000000002,-0.7449479103088379,0.11416769027709961,0.7449479103088379,1.0802143493764746,-1.5300759217145998,233.65538828079238,183.02470038022335,0.055419921875,0.0,-0.3105747476683618,0.05609085614881847,-0.5203566942020629,0.28949449601705796,59.54646525404086,True,False,0.3659946695433618,0.0,0.20641709244180675,0.02279347797935823,1.194047638677194e-09,7.710571133631431e-09,0.0,False,False,False,True,1.0,0.0,0.0,wait_Gm,0,0,0,False,,0.46453714477113284,0.33251953125,False,0.0
25,pressure_negative,117,25.019180702053507,47.14625288272593,181.62317171980712,211.96537089144053,Omega_safe_one_step_QP,False,True,,0.5953918012441979,0.5953918012441979,1.0,-0.7449389100074768,0.1139478012919426,0.7449389100074768,1.0800840571259198,-1.5296413041840426,233.65538828079238,183.02470038022335,0.055419921875,0.0,-0.3105368361651249,0.055977701508679596,-0.5203221656098527,0.28940670511217176,59.53918012441979,True,False,0.3659567580401249,0.0,0.20642814410822666,0.022779902613055583,1.1922236800237348e-09,7.707242980731228e-09,0.0,False,False,False,True,1.0,0.0,0.0,wait_Gm,0,0,0,False,,0.4645119363457617,0.33251953125,False,0.0
25,pressure_negative,118,25.019180429627255,47.14716456415706,181.62670672047955,211.95657762901996,Omega_safe_one_step_QP,False,True,,0.595318169220785,0.595318169220785,1.0,-0.7449299693107605,0.11372778564691544,0.7449299693107605,1.0799538870044934,-1.5292066618073192,233.65538828079238,183.02470038022335,0.055419921875,0.0,-0.31049776518764066,0.05586432281302762,-0.5202868156031284,0.2893187724879661,59.5318169220785,True,False,0.36591768706264066,0.0,0.20642943553837084,0.022766331969687567,1.2496229754070818e-09,7.732146399696939e-09,0.0,False,False,False,True,1.0,0.0,0.0,wait_Gm,0,0,0,False,,0.464485956830874,0.33251953125,False,0.0
25,pressure_negative,119,25.019180128851954,47.148076213765044,181.63032998802345,211.94777503634594,Omega_safe_one_step_QP,False,True,,0.5952437263785018,0.5952437263785018,1.0,-0.7449201345443726,0.11350838840007782,0.7449201345443726,1.079823708847208,-1.528772014623706,233.65538828079238,183.02470038022335,0.055419921875,0.0,-0.3104583465879834,0.05575128215489312,-0.5202505829276893,0.28923074656122594,59.52437263785017,True,False,0.3658782684629834,0.0,0.20642024607772327,0.02275276560153806,1.3128067694686136e-09,7.748563778463734e-09,0.0,False,False,False,True,1.0,0.0,0.0,wait_Gm,0,0,0,False,,0.46445974612513186,0.33251953125,False,0.0
25,pressure_negative,120,25.01917987035678,47.148987845963454,181.6339851286015,211.93896110148756,Omega_safe_one_step_QP,False,True,,0.5951689557579443,0.5951689557579443,1.0,-0.7449092864990234,0.11328939348459244,0.7449092864990234,1.0796933832538982,-1.5283373841820247,233.65538828079238,183.02470038022335,0.055419921875,0.0,-0.3104194490264914,0.055638614249265576,-0.5202140315219088,0.2891426072126421,59.51689557579442,True,False,0.3658393709014914,0.0,0.2064073060891269,0.02273920334399757,1.3360052645286974e-09,7.768544768778174e-09,0.0,False,False,False,True,1.0,0.0,0.0,wait_Gm,0,0,0,False,,0.4644338819147168,0.33251953125,False,0.0
25,pressure_negative,121,25.019179679485237,47.14989946618635,181.63760729165847,211.93015640403087,Omega_safe_one_step_QP,False,True,,0.5950945241705532,0.5950945241705532,1.0,-0.7448980212211609,0.11307072639465332,0.7448980212211609,1.0795628611255494,-1.5279027779059933,233.65538828079238,183.02470038022335,0.055419921875,0.0,-0.31038138418716904,0.05552628442314268,-0.5201778098913391,0.2890545602380752,59.50945241705532,True,False,0.36580130606216904,0.0,0.2063982679638093,0.022725645366334556,1.312006521130839e-09,7.75226973039566e-09,0.0,False,False,False,True,1.0,0.0,0.0,wait_Gm,0,0,0,False,,0.46440857148232906,0.33251953125,False,0.0
25,pressure_negative,122,25.0191795297302,47.150811068915566,181.6411624913636,211.92135960997203,Omega_safe_one_step_QP,False,True,,0.595020722253763,0.5950207222537631,1.0000000000000002,-0.7448871731758118,0.11285169422626495,0.7448871731758118,1.0794321968390066,-1.5274681874145781,233.65538828079238,183.02470038022335,0.055419921875,0.0,-0.31034382604152355,0.05541384000874151,-0.5201422578942879,0.2889665922974868,59.50207222537631,True,False,0.36576374791652355,0.0,0.20639716534634772,0.022712092006599727,1.2639444943275658e-09,7.73835857136161e-09,0.0,False,False,False,True,1.0,0.0,0.0,wait_Gm,0,0,0,False,,0.4643835980285596,0.33251953125,False,0.0
25,pressure_negative,123,25.01917936757249,47.15172264326204,181.64467895518112,211.91256937130322,Omega_safe_one_step_QP,False,True,,0.5949472967750185,0.5949472967750186,1.0000000000000002,-0.7448770403862,0.11263219267129898,0.7448770403862,1.0793014986246883,-1.5270335959115018,233.65538828079238,183.02470038022335,0.055419921875,0.0,-0.3103061163537561,0.055301107926933595,-0.5201070932561126,0.2888786899107987,59.49472967750185,True,False,0.3657260382287561,0.0,0.2064006305383373,0.022698543459742985,1.2365517780019619e-09,7.726829585461745e-09,0.0,False,False,False,True,1.0,0.0,0.0,wait_Gm,0,0,0,False,,0.46435852380142095,0.33251953125,False,0.0
25,pressure_negative,124,25.019179162233492,47.15263418290852,181.64819321040596,211.9037788463881,Omega_safe_one_step_QP,False,True,,0.5948738952201654,0.5948738952201655,1.0000000000000002,-0.7448675036430359,0.11241225898265839,0.7448675036430359,1.0791708293162519,-1.5265989936668747,233.65538828079238,183.02470038022335,0.055419921875,0.0,-0.310267876581652,0.05518805868943842,-0.5200719507038641,0.2887907846616474,59.48738952201656,True,False,0.365687798456652,0.0,0.20640433361134455,0.02268499973435301,1.234998978533671e-09,7.727332828348018e-09,0.0,False,False,False,True,1.0,0.0,0.0,wait_Gm,0,0,0,False,,0.4643330970603516,0.33251953125,False,0.0
25,pressure_negative,125,25.01917891220618,47.15354568757935,181.65174825623453,211.8949805793927,Omega_safe_one_step_QP,False,True,,0.594800105462528,0.594800105462528,1.0,-0.7448579668998718,0.11219223588705063,0.7448579668998718,1.0790401933030758,-1.5261643799588893,233.65538828079238,183.02470038022335,0.055419921875,0.0,-0.3102290882010605,0.05507490261674878,-0.5200364002455785,0.2887028019916934,59.48001054625281,True,False,0.3656490100760605,0.0,0.20640318712252337,0.022671460620795288,1.2638350843181035e-09,7.740950212232317e-09,0.0,False,False,False,True,1.0,0.0,0.0,wait_Gm,0,0,0,False,,0.46430730547885257,0.33251953125,False,0.0
25,pressure_negative,126,25.019178650300944,47.15445716407513,181.65534732245038,211.8861823384442,Omega_safe_one_step_QP,False,True,,0.5947259369233827,0.5947259369233826,0.9999999999999998,-0.7448479533195496,0.11197264492511749,0.7448479533195496,1.0789095264618864,-1.5257297646293966,233.65538828079238,183.02470038022335,0.055419921875,0.0,-0.3101901547579837,0.05496199205411121,-0.52000040958342,0.28861481958220847,59.472593692338265,True,False,0.3656100766329837,0.0,0.2063967947349329,0.022657925897416924,1.2953277626111514e-09,7.740904378775107e-09,0.0,False,False,False,True,1.0,0.0,0.0,wait_Gm,0,0,0,False,,0.46428141741348633,0.33251953125,False,0.0
25,pressure_negative,127,25.019178411772874,47.1553686194715,181.6591453285879,211.87765142030634,Omega_safe_one_step_QP,False,True,,0.5946513318631433,0.5946513318631431,0.9999999999999997,-0.7448347806930542,0.1117631047964096,0.7448347806930542,1.0787787597906309,-1.5252951584031784,233.65538828079238,183.02470038022335,0.055419921875,0.0,-0.3101515101329591,0.0548543104123871,-0.5199624295220449,0.28852951040082986,59.46513318631432,True,False,0.3655714320079591,0.0,0.20636595432481955,0.02264439468270131,1.4424850620602606e-09,7.2776564274950166e-09,0.0,False,False,False,True,1.0,0.0,0.0,wait_Gm,0,0,0,False,,0.4642557212285156,0.33251953125,False,0.0
25,pressure_negative,128,25.019178355366996,47.15628007788483,181.6630592041151,211.86943830069342,Omega_safe_one_step_QP,False,True,,0.5945772606245641,0.594577260624564,0.9999999999999998,-0.7448175549507141,0.11156521737575531,0.7448175549507141,1.0786475788107042,-1.5248606146362584,233.65538828079238,183.02470038022335,0.055419921875,0.0,-0.31011510709703616,0.05475299916691246,-0.5199232907667729,0.28844737920470065,59.457726062456395,True,False,0.36553502897203616,0.0,0.20632043344245632,0.022630866535448716,1.531842164233091e-09,6.745533377610264e-09,0.0,False,False,False,True,1.0,0.0,0.0,wait_Gm,0,0,0,False,,0.46423151555236813,0.33251953125,False,0.0
25,pressure_negative,129,25.019178572927867,47.15719154864884,181.66681338698558,211.86140710373476,Omega_safe_one_step_QP,False,True,,0.5945054729896747,0.5945054729896746,0.9999999999999998,-0.744799017906189,0.1113724336028099,0.744799017906189,1.0785158026428419,-1.5244261666485035,233.65538828079238,183.02470038022335,0.055419921875,0.0,-0.3100820754205038,0.05465480746728795,-0.5198857489380679,0.2883670672351141,59.45054729896746,True,False,0.3655019972955038,0.0,0.2062934114878999,0.022617342335743425,1.4093889025114774e-09,6.450012458870319e-09,0.0,False,False,False,True,1.0,0.0,0.0,wait_Gm,0,0,0,False,,0.4642095518459326,0.33251953125,False,0.0
25,pressure_negative,130,25.019178936063987,47.15810300097638,181.67031330710037,211.85350713804635,Omega_safe_one_step_QP,False,True,,0.5944365499445908,0.5944365499445908,1.0,-0.7447822093963623,0.11118108779191971,0.7447822093963623,1.0783836892709662,-1.523991777092603,233.65538828079238,183.02470038022335,0.055419921875,0.0,-0.3100508360875381,0.054557474539228504,-0.51985074973692,0.28828806757823,59.44365499445909,True,False,0.3654707579625381,0.0,0.20629623429702407,0.022603823411279183,1.2249440809919811e-09,6.240945787804482e-09,0.0,False,False,False,True,1.0,0.0,0.0,wait_Gm,0,0,0,False,,0.46418878008900877,0.33251953125,False,0.0
25,pressure_negative,131,25.019179241451265,47.15901439051452,181.67366202447886,211.84568237600436,Omega_safe_one_step_QP,False,True,,0.5943693185038615,0.5943693185038615,1.0,-0.7447683215141296,0.11098932474851608,0.7447683215141296,1.0782516459705154,-1.52355738453386,233.65538828079238,183.02470038022335,0.055419921875,0.0,-0.31001888847891773,0.05445962942626697,-0.5198172625631352,0.28820981995781014,59.43693185038615,True,False,0.36543881035391773,0.0,0.2063167562733179,0.022590310545851977,1.1213908080976152e-09,6.122690101379196e-09,0.0,False,False,False,True,1.0,0.0,0.0,wait_Gm,0,0,0,False,,0.4641675373181689,0.33251953125,False,0.0
25,pressure_negative,132,25.019179368831644,47.159925691074214,181.67703627123757,211.83789102588395,Omega_safe_one_step_QP,False,True,,0.5943020303526124,0.5943020303526123,0.9999999999999998,-0.7447564005851746,0.11079731583595276,0.7447564005851746,1.078119914100984,-1.5231229525301637,233.65538828079238,183.02470038022335,0.055419921875,0.0,-0.30998475361849454,0.05436120751265212,-0.5197835200955481,0.28813190645660597,59.430203035261236,True,False,0.36540467549349454,0.0,0.2063340626473655,0.022576803619598983,1.1385541188667248e-09,6.070513669886986e-09,0.0,False,False,False,True,1.0,0.0,0.0,wait_Gm,0,0,0,False,,0.46414483995726563,0.33251953125,False,0.0
25,pressure_negative,133,25.01917933946191,47.16083690593326,181.68057465422254,211.83008447689315,Omega_safe_one_step_QP,False,True,,0.5942332374138414,0.5942332374138413,0.9999999999999998,-0.7447441816329956,0.11060570925474167,0.7447441816329956,1.07798845255194,-1.5226884880273295,233.65538828079238,183.02470038022335,0.055419921875,0.0,-0.3099486930113689,0.054262733144579384,-0.5197481362656984,0.28805384096669795,59.42332374138413,True,False,0.3653686148863689,0.0,0.20633183630316126,0.022563301800215617,1.2520154148329926e-09,6.09422071457591e-09,0.0,False,False,False,True,1.0,0.0,0.0,wait_Gm,0,0,0,False,,0.4641208619040381,0.33251953125,False,0.0
25,pressure_negative,134,25.01917928511722,47.16174806187156,181.68425629059985,211.82226528216844,Omega_safe_one_step_QP,False,True,,0.594163134553445,0.5941631345534452,1.0000000000000002,-0.7447302341461182,0.11041538417339325,0.7447302341461182,1.0778569995510092,-1.5222540315874014,233.65538828079238,183.02470038022335,0.055419921875,0.0,-0.3099123273896022,0.0541649832435384,-0.5197113199019253,0.28797564901945094,59.416313455344515,True,False,0.3653322492646022,0.0,0.20631259430256704,0.02254980436405544,1.355444641472089e-09,6.113980614283094e-09,0.0,False,False,False,True,1.0,0.0,0.0,wait_Gm,0,0,0,False,,0.4640966809773193,0.33251953125,False,0.0
25,pressure_negative,135,25.019179320377024,47.16265918219274,181.68798037428357,211.81443311574188,Omega_safe_one_step_QP,False,True,,0.5940926018310665,0.5940926018310665,1.0,-0.7447144985198975,0.11022596061229706,0.7447144985198975,1.077725327611037,-1.5218196184475625,233.65538828079238,183.02470038022335,0.055419921875,0.0,-0.30987706595436265,0.05406798373376139,-0.5196740790650881,0.28789732735518525,59.40926018310665,True,False,0.36529698782936265,0.0,0.20628835369127047,0.02253631109353236,1.3868799283359556e-09,6.134283093344728e-09,0.0,False,False,False,True,1.0,0.0,0.0,wait_Gm,0,0,0,False,,0.46407323435348147,0.33251953125,False,0.0
25,pressure_negative,136,25.019179478918513,47.16357027406179,181.69163286699555,211.80660815353457,Omega_safe_one_step_QP,False,True,,0.5940227345629369,0.5940227345629367,0.9999999999999998,-0.744698166847229,0.11003678292036057,0.744698166847229,1.077593370609911,-1.521385258658265,233.65538828079238,183.02470038022335,0.055419921875,0.0,-0.30984332286586586,0.05397138620670521,-0.5196375541379683,0.28781907773311216,59.40227345629368,True,False,0.36526324474086586,0.0,0.20627261561103297,0.022522822349802938,1.334070301105634e-09,6.123003354581057e-09,0.0,False,False,False,True,1.0,0.0,0.0,wait_Gm,0,0,0,False,,0.46405079746842776,0.33251953125,False,0.0
25,pressure_negative,137,25.0191797032845,47.16448132584861,181.6951582648088,211.79880305378452,Omega_safe_one_step_QP,False,True,,0.5939540797050359,0.5939540797050358,0.9999999999999998,-0.744682788848877,0.10984700173139572,0.744682788848877,1.0774612442749518,-1.5209509342354903,233.65538828079238,183.02470038022335,0.055419921875,0.0,-0.3098103914269758,0.05387455633244402,-0.5196023001598357,0.28774102673561175,59.39540797050358,True,False,0.3652303133019758,0.0,0.20627191836407746,0.02250933877502162,1.2428429741759529e-09,6.091958210813792e-09,0.0,False,False,False,True,1.0,0.0,0.0,wait_Gm,0,0,0,False,,0.4640289003756298,0.33251953125,False,0.0
25,pressure_negative,138,25.019179891960142,47.1653923167335,181.6986204437806,211.79101442190125,Omega_safe_one_step_QP,False,True,,0.5938860621039677,0.5938860621039674,0.9999999999999997,-0.7446687817573547,0.10965652018785477,0.7446687817573547,1.0773291522472483,-1.5205166137011348,233.65538828079238,183.02470038022335,0.055419921875,0.0,-0.3097770231102228,0.05377723244394548,-0.5195676783701176,0.287663140416779,59.38860621039675,True,False,0.3651969449852228,0.0,0.20627864858052816,0.022495860688560302,1.1986683232785716e-09,6.066278661312895e-09,0.0,False,False,False,True,1.0,0.0,0.0,wait_Gm,0,0,0,False,,0.46400671275719235,0.33251953125,False,0.0
25,pressure_negative,139,25.019179994811672,47.16630323624195,181.70209859720535,211.78323410434527,Omega_safe_one_step_QP,False,True,,0.5938179494515273,0.5938179494515274,1.0000000000000002,-0.7446556687355042,0.10946573317050934,0.7446556687355042,1.0771971956380408,-1.520082281526996,233.65538828079238,183.02470038022335,0.055419921875,0.0,-0.3097426013446669,0.053679552857647014,-0.5195328968358703,0.28758533724121915,59.38179494515275,True,False,0.3651625232196669,0.0,0.2062834039943391,0.02248238800987889,1.2097551246011315e-09,6.053334127194708e-09,0.0,False,False,False,True,1.0,0.0,0.0,wait_Gm,0,0,0,False,,0.46398382456998044,0.33251953125,False,0.0
25,pressure_negative,140,25.019180025101587,47.167214086798005,181.70565543123777,211.77544459428444,Omega_safe_one_step_QP,False,True,,0.5937491082942744,0.5937491082942744,1.0,-0.7446423768997192,0.10927508771419525,0.7446423768997192,1.0770653490422635,-1.5196479417898274,233.65538828079238,183.02470038022335,0.055419921875,0.0,-0.30970728927293717,0.053581839098587256,-0.5194973284955461,0.28750744214061086,59.37491082942744,True,False,0.36512721114793717,0.0,0.20627879046847283,0.022468920338461564,1.2651068334204162e-09,6.067646698779698e-09,0.0,False,False,False,True,1.0,0.0,0.0,wait_Gm,0,0,0,False,,0.46396034429184085,0.33251953125,False,0.0
25,pressure_negative,141,25.019180046076087,47.16812488132767,181.70928707299504,211.76763763738006,Omega_safe_one_step_QP,False,True,,0.5936795324802406,0.5936795324802407,1.0000000000000002,-0.7446281313896179,0.1090848296880722,0.7446281313896179,1.0769334872621346,-1.5192136138415655,233.65538828079238,183.02470038022335,0.055419921875,0.0,-0.3096718647667377,0.05348438191826717,-0.5194610120779735,0.2874293725715671,59.36795324802407,True,False,0.3650917866417377,0.0,0.20626531389585578,0.022455457291194053,1.3188821853120835e-09,6.094857610676582e-09,0.0,False,False,False,True,1.0,0.0,0.0,wait_Gm,0,0,0,False,,0.4639367892333838,0.33251953125,False,0.0
25,pressure_negative,142,25.019180117634974,47.169035632341824,181.7129303406715,211.75983011793136,Omega_safe_one_step_QP,False,True,,0.5936098565475592,0.5936098565475592,1.0,-0.7446130514144897,0.10889509320259094,0.7446130514144897,1.0768014917257336,-1.5187793158569394,233.65538828079238,183.02470038022335,0.055419921875,0.0,-0.3096370645233192,0.05338734592764132,-0.5194245794012088,0.2873512973770801,59.360985654755915,True,False,0.3650569863983192,0.0,0.20625045089456762,0.022441998808779094,1.327339936238318e-09,6.095735994189385e-09,0.0,False,False,False,True,1.0,0.0,0.0,wait_Gm,0,0,0,False,,0.46391364931891116,0.33251953125,False,0.0
25,pressure_negative,143,25.01918024901914,47.16994634175199,181.71652687517994,211.7520249848418,Omega_safe_one_step_QP,False,True,,0.5935406054391336,0.5935406054391337,1.0000000000000002,-0.744597852230072,0.10870527476072311,0.744597852230072,1.076669344956396,-1.5183450505118623,233.65538828079238,183.02470038022335,0.055419921875,0.0,-0.3096030021756089,0.05329039982326376,-0.5193886140561245,0.2872732460461844,59.35406054391337,True,False,0.3650229240506089,0.0,0.206241130208914,0.02242854512445601,1.293506047034303e-09,6.092010254577375e-09,0.0,False,False,False,True,1.0,0.0,0.0,wait_Gm,0,0,0,False,,0.4638910001301123,0.33251953125,False,0.0
25,pressure_negative,144,25.01918040286381,47.170857002067216,181.72006932196405,211.74423077512583,Omega_safe_one_step_QP,False,True,,0.5934718848824231,0.5934718848824231,1.0,-0.7445831298828125,0.10851520299911499,0.7445831298828125,1.0765371224418154,-1.517910806031914,233.65538828079238,183.02470038022335,0.055419921875,0.0,-0.30956921816335237,0.05319334945175001,-0.5193531895882834,0.28719530394902476,59.34718848824232,True,False,0.36498914003835237,0.0,0.20623818779183695,0.02241509651082763,1.254892921824875e-09,6.074970509648656e-09,0.0,False,False,False,True,1.0,0.0,0.0,wait_Gm,0,0,0,False,,0.46386853604828615,0.33251953125,False,0.0
25,pressure_negative,145,25.019180536086484,47.17176760439786,181.72357635358804,211.73644104086952,Omega_safe_one_step_QP,False,True,,0.5934035003104317,0.5934035003104317,1.0,-0.7445691823959351,0.10832458734512329,0.7445691823959351,1.076404911087213,-1.517476569007602,233.65538828079238,183.02470038022335,0.055419921875,0.0,-0.3095351826112513,0.053095954046546844,-0.5193181192720433,0.28711740660646173,59.34035003104317,True,False,0.3649551044862513,0.0,0.20623941005749202,0.022401653143587913,1.2299270811712798e-09,6.067995978387102e-09,0.0,False,False,False,True,1.0,0.0,0.0,wait_Gm,0,0,0,False,,0.463845904695835,0.33251953125,False,0.0
25,pressure_negative,146,25.019180620678764,47.17267814304226,181.7271027234108,211.72865451665834,Omega_safe_one_step_QP,False,True,,0.593334966439323,0.593334966439323,1.0,-0.7445555925369263,0.10813387483358383,0.7445555925369263,1.0762727676875337,-1.5170423306268743,233.65538828079238,183.02470038022335,0.055419921875,0.0,-0.30950055105851804,0.052998412932407354,-0.5192828555738157,0.2870395413643499,59.33349664393231,True,False,0.36492047293351804,0.0,0.20623828548353684,0.022388214924243883,1.24352841269092e-09,6.062995929135597e-09,0.0,False,False,False,True,1.0,0.0,0.0,wait_Gm,0,0,0,False,,0.46382287698675295,0.33251953125,False,0.0
25,pressure_negative,147,25.019180672436473,47.17358862108758,181.73067137907876,211.7208628372772,Omega_safe_one_step_QP,False,True,,0.5932660419309983,0.5932660419309983,1.0,-0.7445418238639832,0.10794326663017273,0.7445418238639832,1.0761406616309688,-1.516608095692505,233.65538828079238,183.02470038022335,0.055419921875,0.0,-0.309465517790368,0.05290089158303891,-0.5192471690171362,0.2869616245705384,59.32660419309983,True,False,0.364885439665368,0.0,0.20623211763448127,0.022374781636769633,1.2735303276377036e-09,6.071026757852206e-09,0.0,False,False,False,True,1.0,0.0,0.0,wait_Gm,0,0,0,False,,0.46379958211817873,0.33251953125,False,0.0
25,pressure_negative,148,25.019180725403032,47.174499045514686,181.73427608336607,211.71306380927277,Omega_safe_one_step_QP,False,True,,0.5931967707308385,0.5931967707308387,1.0000000000000002,-0.7445275187492371,0.10775290429592133,0.7445275187492371,1.0760085258569754,-1.5161738745527658,233.65538828079238,183.02470038022335,0.055419921875,0.0,-0.3094305015094607,0.05280354555506141,-0.5192111219742631,0.2868836342904942,59.31967707308387,True,False,0.3648504233844607,0.0,0.2062216654835038,0.022361353096146293,1.2993892998966872e-09,6.082483781384524e-09,0.0,False,False,False,True,1.0,0.0,0.0,wait_Gm,0,0,0,False,,0.4637762985419678,0.33251953125,False,0.0
25,pressure_negative,149,25.019180808507027,47.17540942235377,181.7378820293906,211.70526005555644,Omega_safe_one_step_QP,False,True,,0.5931274701659573,0.5931274701659573,1.0,-0.7445127964019775,0.10756264626979828,0.7445127964019775,1.075876303482747,-1.5157396759281045,233.65538828079238,183.02470038022335,0.055419921875,0.0,-0.3093958579979868,0.052706348196776866,-0.5191750625140179,0.28680559675333084,59.312747016595736,True,False,0.3648157798729868,0.0,0.20621106666818834,0.022347929292632622,1.3002846731760568e-09,6.0898572065151916e-09,0.0,False,False,False,True,1.0,0.0,0.0,wait_Gm,0,0,0,False,,0.4637532628657178,0.33251953125,False,0.0
25,pressure_negative,150,25.01918092278528,47.17631975198969,181.74145085964156,211.6974689847579,Omega_safe_one_step_QP,False,True,,0.5930585601790387,0.5930585601790388,1.0000000000000002,-0.7444981932640076,0.1073724776506424,0.7444981932640076,1.075743993257812,-1.5153054999020417,233.65538828079238,183.02470038022335,0.055419921875,0.0,-0.3093615999984632,0.05260925568268841,-0.5191393742115082,0.28672768604534554,59.30585601790388,True,False,0.3647815218734632,0.0,0.20620482703010112,0.022334510414990374,1.2736549360236937e-09,6.070078418774543e-09,0.0,False,False,False,True,1.0,0.0,0.0,wait_Gm,0,0,0,False,,0.4637304835653516,0.33251953125,False,0.0
25,pressure_negative,151,25.019181038662797,47.17723002818571,181.74499718914936,211.68967876151842,Omega_safe_one_step_QP,False,True,,0.5929898556372989,0.5929898556372988,0.9999999999999998,-0.7444838881492615,0.10718201845884323,0.7444838881492615,1.0756116550414931,-1.5148713373125686,233.65538828079238,183.02470038022335,0.055419921875,0.0,-0.3093273637659455,0.052512016612699025,-0.5191039109164302,0.2866497838129507,59.29898556372988,True,False,0.3647472856409455,0.0,0.20620123575491106,0.022321096573425653,1.2576452977884998e-09,6.068757812096504e-09,0.0,False,False,False,True,1.0,0.0,0.0,wait_Gm,0,0,0,False,,0.46370771874621086,0.33251953125,False,0.0
25,pressure_negative,152,25.019181138346422,47.178140247393216,181.74853315710402,211.68189201722382,Omega_safe_one_step_QP,False,True,,0.5929212630148577,0.5929212630148578,1.0000000000000002,-0.744469940662384,0.10699135065078735,0.744469940662384,1.0754793251340216,-1.5144371824833902,233.65538828079238,183.02470038022335,0.055419921875,0.0,-0.30929293046196904,0.0524146356218424,-0.5190685512368836,0.2865719163700047,59.29212630148578,True,False,0.36471285233696904,0.0,0.20619883664317967,0.022307687818354238,1.2503069376393742e-09,6.063338670957591e-09,0.0,False,False,False,True,1.0,0.0,0.0,wait_Gm,0,0,0,False,,0.46368482287447266,0.33251953125,False,0.0
25,pressure_negative,153,25.019181213801385,47.179050407934646,181.75207858957694,211.6741047528117,Omega_safe_one_step_QP,False,True,,0.5928525894188456,0.5928525894188456,1.0,-0.7444561719894409,0.10680055618286133,0.7444561719894409,1.0753470203620017,-1.514003032821102,233.65538828079238,183.02470038022335,0.055419921875,0.0,-0.30925820127165954,0.052317151560048666,-0.5190330969121544,0.2864940437258835,59.28525894188456,True,False,0.36467812314665954,0.0,0.20619528322861697,0.022294284099564726,1.2570091420026546e-09,6.064148702420441e-09,0.0,False,False,False,True,1.0,0.0,0.0,wait_Gm,0,0,0,False,,0.4636617302276514,0.33251953125,False,0.0
25,pressure_negative,154,25.019181272845785,47.17996051141546,181.75565126101077,211.66631427029859,Omega_safe_one_step_QP,False,True,,0.5927836661844388,0.5927836661844387,0.9999999999999998,-0.7444422245025635,0.10660985857248306,0.7444422245025635,1.075214725898074,-1.5135688906049147,233.65538828079238,183.02470038022335,0.055419921875,0.0,-0.3092232723566321,0.05221971307770561,-0.5189973701978161,0.28641613890075235,59.27836661844387,True,False,0.3646431942316321,0.0,0.20618847415158142,0.02228088527739648,1.2763981174101727e-09,6.06916177871607e-09,0.0,False,False,False,True,1.0,0.0,0.0,wait_Gm,0,0,0,False,,0.46363850475590335,0.33251953125,False,0.0
25,pressure_negative,155,25.019181337449332,47.1808705623508,181.7592352091284,211.65852256023732,Omega_safe_one_step_QP,False,True,,0.5927146426632498,0.5927146426632497,0.9999999999999998,-0.7444280385971069,0.10641928762197495,0.7444280385971069,1.0750823986589693,-1.5131347624755453,233.65538828079238,183.02470038022335,0.055419921875,0.0,-0.3091884139212703,0.05212237764390905,-0.5189615307166398,0.2863382218001397,59.27146426632497,True,False,0.3646083357962703,0.0,0.20618030739433835,0.02226749129304868,1.2844684109911913e-09,6.071074567888744e-09,0.0,False,False,False,True,1.0,0.0,0.0,wait_Gm,0,0,0,False,,0.4636153261527832,0.33251953125,False,0.0
25,pressure_negative,156,25.019181416755647,47.18178056263958,181.76281375064545,211.65073070135392,Omega_safe_one_step_QP,False,True,,0.5926456701363083,0.5926456701363084,1.0000000000000002,-0.7444137334823608,0.10622873157262802,0.7444137334823608,1.0749500211391803,-1.5127006511143974,233.65538828079238,183.02470038022335,0.055419921875,0.0,-0.3091537384177449,0.05202509808157126,-0.5189257453014693,0.2862603032113057,59.264567013630845,True,False,0.3645736602927449,0.0,0.20617276513879915,0.022254102171452746,1.2805959389205655e-09,6.071306485872355e-09,0.0,False,False,False,True,1.0,0.0,0.0,wait_Gm,0,0,0,False,,0.4635922692052588,0.33251953125,False,0.0
25,pressure_negative,157,25.019181506558706,47.182690511482505,181.76638658141033,211.64293740039744,Omega_safe_one_step_QP,False,True,,0.5925767450298176,0.5925767450298177,1.0000000000000002,-0.74439936876297,0.10603811591863632,0.74439936876297,1.0748176024530238,-1.512266555068148,233.65538828079238,183.02470038022335,0.055419921875,0.0,-0.3091191941117688,0.05192782619109213,-0.5188900169938205,0.2861823702017409,59.25767450298177,True,False,0.3645391159867688,0.0,0.20616588606294953,0.02224071793840529,1.2765119674480288e-09,6.07355397982532e-09,0.0,False,False,False,True,1.0,0.0,0.0,wait_Gm,0,0,0,False,,0.463569299504209,0.33251953125,False,0.0
25,pressure_negative,158,25.01918160242654,47.183600408071094,181.7699328318891,211.63515179265954,Omega_safe_one_step_QP,False,True,,0.5925080942201127,0.5925080942201127,1.0,-0.744385302066803,0.10584738105535507,0.744385302066803,1.074685152146812,-1.511832472795964,233.65538828079238,183.02470038022335,0.055419921875,0.0,-0.3090847264879253,0.05183050001739063,-0.5188545544890328,0.2861045141243619,59.25080942201127,True,False,0.3645046483629253,0.0,0.20616212107206594,0.02222733872730872,1.2575892458127612e-09,6.0615687848464646e-09,0.0,False,False,False,True,1.0,0.0,0.0,wait_Gm,0,0,0,False,,0.46354638080500493,0.33251953125,False,0.0
25,pressure_negative,159,25.01918168329208,47.18451024800641,181.77348010090233,211.6273655441768,Omega_safe_one_step_QP,False,True,,0.5924394357964177,0.5924394357964178,1.0000000000000002,-0.7443714141845703,0.10565648227930069,0.7443714141845703,1.074552712969105,-1.5113983977294085,233.65538828079238,183.02470038022335,0.055419921875,0.0,-0.3090500764463986,0.05173306925168033,-0.5188190817989005,0.28602665163953445,59.24394357964177,True,False,0.3644699983213986,0.0,0.20615820883735977,0.022213964530195876,1.258311745228863e-09,6.0625665435047175e-09,0.0,False,False,False,True,1.0,0.0,0.0,wait_Gm,0,0,0,False,,0.4635233407960254,0.33251953125,False,0.0
25,pressure_negative,160,25.019181750196157,47.185420031544496,181.77703574489777,211.61957891106596,Omega_safe_one_step_QP,False,True,,0.5923707065708268,0.5923707065708268,1.0,-0.7443575859069824,0.10546553134918213,0.7443575859069824,1.0744202835238452,-1.5109643300517055,233.65538828079238,183.02470038022335,0.055419921875,0.0,-0.30901525679015507,0.05163559892174958,-0.5187835253589461,0.28594878530842605,59.23707065708268,True,False,0.36443517866515507,0.0,0.20615327481188614,0.022200595302637405,1.2642604222312117e-09,6.063165520282362e-09,0.0,False,False,False,True,1.0,0.0,0.0,wait_Gm,0,0,0,False,,0.4635001879864453,0.33251953125,False,0.0
25,pressure_negative,161,25.019181810045442,47.18632976010736,181.7806017485643,211.6117950784334,Omega_safe_one_step_QP,False,True,,0.59230190452578,0.59230190452578,1.0,-0.7443436980247498,0.10527469962835312,0.7443436980247498,1.0742878507003524,-1.5105302717772533,233.65538828079238,183.02470038022335,0.055419921875,0.0,-0.3089803524686685,0.05153819334780425,-0.5187478653222809,0.2858709469821005,59.230190452578,True,False,0.3644002743436685,0.0,0.2061470758470523,0.022187230991847957,1.2716382149638369e-09,6.058805045162463e-09,0.0,False,False,False,True,1.0,0.0,0.0,wait_Gm,0,0,0,False,,0.46347697886800787,0.33251953125,False,0.0
25,pressure_negative,162,25.01918187130251,47.18723943533852,181.7841786711732,211.60401009379686,Omega_safe_one_step_QP,False,True,,0.592233005671704,0.592233005671704,1.0,-0.7443296313285828,0.10508395731449127,0.7443296313285828,1.0741553982812049,-1.5100962254561774,233.65538828079238,183.02470038022335,0.055419921875,0.0,-0.30894546756574615,0.05144086090261638,-0.5187120960961917,0.2857930971357351,59.2233005671704,True,False,0.36436538944074615,0.0,0.20613956014323775,0.022173871540801374,1.2794375350163006e-09,6.0605985791224054e-09,0.0,False,False,False,True,1.0,0.0,0.0,wait_Gm,0,0,0,False,,0.4634537826613037,0.33251953125,False,0.0
25,pressure_negative,163,25.019181942842106,47.18814905907979,181.78774592661034,211.59622398822344,Omega_safe_one_step_QP,False,True,,0.5921641904627335,0.5921641904627335,1.0,-0.7443155646324158,0.10489311069250107,0.7443155646324158,1.0740229091999847,-1.5096621937054362,233.65538828079238,183.02470038022335,0.055419921875,0.0,-0.30891071122427244,0.05134350971852112,-0.5186764235418204,0.28571523608000093,59.21641904627335,True,False,0.36433063309927244,0.0,0.2061331767064121,0.022160516995077054,1.2725311353755654e-09,6.062344000038094e-09,0.0,False,False,False,True,1.0,0.0,0.0,wait_Gm,0,0,0,False,,0.46343067195534665,0.33251953125,False,0.0
25,pressure_negative,164,25.019182017076062,47.18905862988223,181.7913104620776,211.5884346925553,Omega_safe_one_step_QP,False,True,,0.5920953880795891,0.5920953880795891,1.0,-0.7443014979362488,0.10470212996006012,0.7443014979362488,1.0738903992191744,-1.5092281740218676,233.65538828079238,183.02470038022335,0.055419921875,0.0,-0.30887599011299105,0.051246111994459886,-0.5186407781871478,0.28563734312331945,59.2095388079589,True,False,0.36429591198799105,0.0,0.20612710380711632,0.02214716736465549,1.2705913097371794e-09,6.067312700580861e-09,0.0,False,False,False,True,1.0,0.0,0.0,wait_Gm,0,0,0,False,,0.46340758467871584,0.33251953125,False,0.0
25,pressure_negative,165,25.01918209199008,47.18996814746896,181.7948699684219,211.58065207110727,Omega_safe_one_step_QP,False,True,,0.5920266663419654,0.5920266663419655,1.0000000000000002,-0.7442874908447266,0.10451123863458633,0.7442874908447266,1.0737578729625505,-1.5087941656070172,233.65538828079238,183.02470038022335,0.055419921875,0.0,-0.30884127945874335,0.05114876953622481,-0.5186051831237048,0.2855595169088392,59.20266663419656,True,False,0.36426120133374335,0.0,0.20612158551180074,0.022133822675109428,1.2670085415029126e-09,6.0569196603331254e-09,0.0,False,False,False,True,1.0,0.0,0.0,wait_Gm,0,0,0,False,,0.46338450435839357,0.33251953125,False,0.0
25,pressure_negative,166,25.019182163735397,47.19087761091209,181.79842796935827,211.572868572928,Omega_safe_one_step_QP,False,True,,0.5919579579582156,0.5919579579582157,1.0000000000000002,-0.7442735433578491,0.10432024300098419,0.7442735433578491,1.0736253387345278,-1.5083601672501659,233.65538828079238,183.02470038022335,0.055419921875,0.0,-0.30880653192610513,0.0510513809163432,-0.5185696031143411,0.2854816819270465,59.19579579582157,True,False,0.36422645380110513,0.0,0.20611622452993741,0.0221204829312135,1.2659370663279625e-09,6.058284390661885e-09,0.0,False,False,False,True,1.0,0.0,0.0,wait_Gm,0,0,0,False,,0.4633613995081055,0.33251953125,False,0.0
25,pressure_negative,167,25.019182231290717,47.191787020065235,181.80198124776567,211.56508469563482,Omega_safe_one_step_QP,False,True,,0.5918892935173038,0.5918892935173037,0.9999999999999998,-0.7442597150802612,0.10412910580635071,0.7442597150802612,1.073492799161472,-1.5079261785035687,233.65538828079238,183.02470038022335,0.055419921875,0.0,-0.3087717349504533,0.05095392213090315,-0.5185340703302671,0.2854038431541147,59.18892935173037,True,False,0.3641916568254533,0.0,0.20611140133068148,0.0221071481539179,1.262578744045994e-09,6.058874571525861e-09,0.0,False,False,False,True,1.0,0.0,0.0,wait_Gm,0,0,0,False,,0.46333826178493653,0.33251953125,False,0.0
25,pressure_negative,168,25.01918229107154,47.192696374254815,181.8055413906393,211.55730063380523,Omega_safe_one_step_QP,False,True,,0.5918205724510613,0.5918205724510612,0.9999999999999998,-0.7442458868026733,0.10393795371055603,0.7442458868026733,1.0733602619729186,-1.5074921981322178,233.65538828079238,183.02470038022335,0.055419921875,0.0,-0.30873684444787963,0.0508564572443362,-0.5184984689015308,0.28532600253581875,59.18205724510613,True,False,0.36415676632287963,0.0,0.20610573733717047,0.022093818306590244,1.2674617280617691e-09,6.059161856698225e-09,0.0,False,False,False,True,1.0,0.0,0.0,wait_Gm,0,0,0,False,,0.46331506185733884,0.33251953125,False,0.0
25,pressure_negative,169,25.01918234875368,47.19360567465258,181.8091032023717,211.5495176597618,Omega_safe_one_step_QP,False,True,,0.5917518464072523,0.5917518464072523,1.0,-0.7442320585250854,0.10374680161476135,0.7442320585250854,1.0732277164140918,-1.5070582277876514,233.65538828079238,183.02470038022335,0.055419921875,0.0,-0.3087019302248295,0.05075900335208037,-0.518462850784207,0.2852481727953844,59.17518464072523,True,False,0.3641218520998295,0.0,0.20609984796381922,0.022080493379089912,1.2686502817036188e-09,6.057468496081023e-09,0.0,False,False,False,True,1.0,0.0,0.0,wait_Gm,0,0,0,False,,0.46329184615833985,0.33251953125,False,0.0
25,pressure_negative,170,25.019182405844127,47.19451492156153,181.8126653035021,211.5417356955329,Omega_safe_one_step_QP,False,True,,0.5916831270937744,0.5916831270937744,1.0,-0.7442182302474976,0.10355564206838608,0.7442182302474976,1.0730951600393328,-1.5066242678458022,233.65538828079238,183.02470038022335,0.055419921875,0.0,-0.3086670108156839,0.05066155940704976,-0.5184272297729029,0.2851703531530956,59.16831270937743,True,False,0.3640869326906839,0.0,0.2060938978553895,0.022067173368133627,1.2688564463188318e-09,6.055896725961456e-09,0.0,False,False,False,True,1.0,0.0,0.0,wait_Gm,0,0,0,False,,0.46326862700778804,0.33251953125,False,0.0
25,pressure_negative,171,25.019182462743032,47.195424115065954,181.81623147961736,211.5339530816368,Omega_safe_one_step_QP,False,True,,0.5916143733421174,0.5916143733421173,0.9999999999999998,-0.7442043423652649,0.1033644825220108,0.7442043423652649,1.0729625925995219,-1.5061903183388023,233.65538828079238,183.02470038022335,0.055419921875,0.0,-0.3086320911422293,0.05056413379291053,-0.5183915680117502,0.28509252701413457,59.161437334211726,True,False,0.3640520130172293,0.0,0.20608744231790296,0.022053858250947057,1.27176120851293e-09,6.0569079055725955e-09,0.0,False,False,False,True,1.0,0.0,0.0,wait_Gm,0,0,0,False,,0.463245407681001,0.33251953125,False,0.0
25,pressure_negative,172,25.01918252286961,47.19633325590174,181.81979444901214,211.52617223391408,Omega_safe_one_step_QP,False,True,,0.5915456605977275,0.5915456605977276,1.0000000000000002,-0.7441904544830322,0.10317332297563553,0.7441904544830322,1.072830007806205,-1.505756380213662,233.65538828079238,183.02470038022335,0.055419921875,0.0,-0.30859721325550254,0.05046672827532379,-0.5183559383178025,0.2850147185369073,59.154566059772755,True,False,0.36401713513050254,0.0,0.20608134047139628,0.022040548042021678,1.2694750908126792e-09,6.054159128428014e-09,0.0,False,False,False,True,1.0,0.0,0.0,wait_Gm,0,0,0,False,,0.46322221614287107,0.33251953125,False,0.0
25,pressure_negative,173,25.01918258381871,47.197242343571446,181.82334811054915,211.51839165666803,Omega_safe_one_step_QP,False,True,,0.5914770351219943,0.5914770351219942,0.9999999999999998,-0.7441766858100891,0.10298202186822891,0.7441766858100891,1.0726974109872986,-1.5053224526450497,233.65538828079238,183.02470038022335,0.055419921875,0.0,-0.308562347570629,0.05036926142196159,-0.5183204017024323,0.28493691276444677,59.14770351219942,True,False,0.363982269445629,0.0,0.20607632100049614,0.022027242785455314,1.2628510319638321e-09,6.0537382281785065e-09,0.0,False,False,False,True,1.0,0.0,0.0,wait_Gm,0,0,0,False,,0.4631990327248681,0.33251953125,False,0.0
25,pressure_negative,174,25.01918263832638,47.1981513766483,181.82690741612132,211.51061270516968,Omega_safe_one_step_QP,False,True,,0.5914083724233284,0.5914083724233284,1.0,-0.744162917137146,0.10279075056314468,0.744162917137146,1.072564817148066,-1.5048885332746555,233.65538828079238,183.02470038022335,0.055419921875,0.0,-0.30852740475148965,0.05027181280855502,-0.5182848086467107,0.2848591232494633,59.14083724233284,True,False,0.36394732662648965,0.0,0.20607060078235462,0.02201394245150403,1.2668656156063747e-09,6.0512086413715486e-09,0.0,False,False,False,True,1.0,0.0,0.0,wait_Gm,0,0,0,False,,0.463175798005752,0.33251953125,False,0.0
25,pressure_negative,175,25.01918269108896,47.19906035605642,181.83046806736886,211.50283109567968,Omega_safe_one_step_QP,False,True,,0.5913396895333791,0.5913396895333791,1.0,-0.7441491484642029,0.1025993749499321,0.7441491484642029,1.0724322174285958,-1.5044546234893506,233.65538828079238,183.02470038022335,0.055419921875,0.0,-0.3084924425558772,0.05017432487051485,-0.5182492021342353,0.2847813071545633,59.133968953337906,True,False,0.3639123644308772,0.0,0.20606470500948945,0.022000647030075836,1.2678237306605889e-09,6.0553446254793385e-09,0.0,False,False,False,True,1.0,0.0,0.0,wait_Gm,0,0,0,False,,0.46315255040150394,0.33251953125,False,0.0
25,pressure_negative,176,25.01918274335379,47.199969282154704,181.83402892271204,211.49505105414454,Omega_safe_one_step_QP,False,True,,0.5912710168116941,0.591271016811694,0.9999999999999998,-0.7441353797912598,0.10240800678730011,0.7441353797912598,1.0722996098246418,-1.504020723536369,233.65538828079238,183.02470038022335,0.055419921875,0.0,-0.3084574763237377,0.05007685439568065,-0.5182135935808034,0.2847035067392119,59.12710168116941,True,False,0.3638773981987377,0.0,0.2060587570564303,0.021987356518556468,1.2679690775063538e-09,6.052904628853298e-09,0.0,False,False,False,True,1.0,0.0,0.0,wait_Gm,0,0,0,False,,0.46312930011382325,0.33251953125,False,0.0
25,pressure_negative,177,25.019182795452107,47.20087815499757,181.83758967902912,211.48727126693532,Omega_safe_one_step_QP,False,True,,0.5912023505885273,0.5912023505885274,1.0000000000000002,-0.7441216111183167,0.10221660882234573,0.7441216111183167,1.0721669941638512,-1.5035868334463867,233.65538828079238,183.02470038022335,0.055419921875,0.0,-0.30842251012839783,0.04997938373160466,-0.5181779860176325,0.28462570886711974,59.12023505885275,True,False,0.36384243200339783,0.0,0.20605279700255325,0.021974070915291657,1.2678985549665246e-09,6.052508902068457e-09,0.0,False,False,False,True,1.0,0.0,0.0,wait_Gm,0,0,0,False,,0.46310604984941894,0.33251953125,False,0.0
25,pressure_negative,178,25.0191828474719,47.201786974628675,181.84113780461848,211.47949769129946,Omega_safe_one_step_QP,False,True,,0.5911338293840162,0.5911338293840162,1.0,-0.7441080212593079,0.10202518105506897,0.7441080212593079,1.0720343707449302,-1.5031529531553045,233.65538828079238,183.02470038022335,0.055419921875,0.0,-0.3083875450504113,0.04988190104366089,-0.518142504761739,0.2845479731107611,59.113382938401614,True,False,0.3638074669254113,0.0,0.20604829603325925,0.02196079028331453,1.258919519788162e-09,6.042847816653472e-09,0.0,False,False,False,True,1.0,0.0,0.0,wait_Gm,0,0,0,False,,0.46308280032985843,0.33251953125,False,0.0
25,pressure_negative,179,25.019182889501167,47.202695738920454,181.84469897298172,211.47172034512482,Omega_safe_one_step_QP,False,True,,0.5910651801141722,0.5910651801141723,1.0000000000000002,-0.7440943717956543,0.10183370113372803,0.7440943717956543,1.0719017598262743,-1.5027190795839886,233.65538828079238,183.02470038022335,0.055419921875,0.0,-0.3083524591868845,0.049784394746011866,-0.5181068930781066,0.2844701996490147,59.10651801141723,True,False,0.3637723810618845,0.0,0.206042230232797,0.02194751455384395,1.2681920111298346e-09,6.048711352010434e-09,0.0,False,False,False,True,1.0,0.0,0.0,wait_Gm,0,0,0,False,,0.46305947048355467,0.33251953125,False,0.0
25,pressure_negative,180,25.01918293215433,47.20360445013484,181.84826346942788,211.4639432728362,Omega_safe_one_step_QP,False,True,,0.59099650739453,0.5909965073945301,1.0000000000000002,-0.744080662727356,0.10164224356412888,0.744080662727356,1.0717691406751728,-1.5022852158842193,233.65538828079238,183.02470038022335,0.055419921875,0.0,-0.3083173830823873,0.04968691916858136,-0.518071248113645,0.28439242892612837,59.09965073945302,True,False,0.3637373049573873,0.0,0.20603574531047797,0.021934243708254395,1.2705634914684686e-09,6.048285338261992e-09,0.0,False,False,False,True,1.0,0.0,0.0,wait_Gm,0,0,0,False,,0.46303614712803226,0.33251953125,False,0.0
25,pressure_negative,181,25.019182978250846,47.20451310886137,181.85182456336096,211.4561707042652,Omega_safe_one_step_QP,False,True,,0.5909278905765786,0.5909278905765786,1.0,-0.7440669536590576,0.1014508605003357,0.7440669536590576,1.0716365081133343,-1.5018513628468377,233.65538828079238,183.02470038022335,0.055419921875,0.0,-0.30828235141395793,0.0495895005276638,-0.5180356371743142,0.2843147032404184,59.09278905765785,True,False,0.36370227328895793,0.0,0.20602962922776896,0.021920977763148778,1.2681390000265957e-09,6.041282219088585e-09,0.0,False,False,False,True,1.0,0.0,0.0,wait_Gm,0,0,0,False,,0.4630128533201953,0.33251953125,False,0.0
25,pressure_negative,182,25.01918302522816,47.2054217144923,181.85538460012717,211.44839527213628,Omega_safe_one_step_QP,False,True,,0.5908592736536753,0.5908592736536753,1.0,-0.7440532445907593,0.10125935822725296,0.7440532445907593,1.0715038677043391,-1.5014175196564605,233.65538828079238,183.02470038022335,0.055419921875,0.0,-0.30824733266283727,0.049492039810971604,-0.5180000368066522,0.2842369489191293,59.085927365367525,True,False,0.36366725453783727,0.0,0.20602362461022494,0.021907716720340226,1.267386177671538e-09,6.045734479127326e-09,0.0,False,False,False,True,1.0,0.0,0.0,wait_Gm,0,0,0,False,,0.4629895681046631,0.33251953125,False,0.0
25,pressure_negative,183,25.019183072405497,47.20633026700757,181.85893590442598,211.4406195015823,Omega_safe_one_step_QP,False,True,,0.5907907360723258,0.5907907360723259,1.0000000000000002,-0.7440396547317505,0.10106769949197769,0.7440396547317505,1.071371221224117,-1.50098368596848,233.65538828079238,183.02470038022335,0.055419921875,0.0,-0.30821231845014047,0.04939450976443717,-0.5179645237636641,0.2841591912135894,59.07907360723258,True,False,0.36363224032514047,0.0,0.20601863570321258,0.021894460620745536,1.2611762222746455e-09,6.0462607708312306e-09,0.0,False,False,False,True,1.0,0.0,0.0,wait_Gm,0,0,0,False,,0.4629662859084082,0.33251953125,False,0.0
25,pressure_negative,184,25.019183112979977,47.20723876508991,181.86248885155553,211.43284923687466,Omega_safe_one_step_QP,False,True,,0.5907222149833796,0.5907222149833797,1.0000000000000002,-0.7440261244773865,0.10087612271308899,0.7440261244773865,1.0712385826615833,-1.5005498595753208,233.65538828079238,183.02470038022335,0.055419921875,0.0,-0.30817722511149137,0.04929701956809869,-0.5179289942923686,0.2840814885665131,59.07222149833797,True,False,0.36359714698649137,0.0,0.20601340983756472,0.021881209456131194,1.2623433305370559e-09,6.037701362665211e-09,0.0,False,False,False,True,1.0,0.0,0.0,wait_Gm,0,0,0,False,,0.4629429510909375,0.33251953125,False,0.0
25,pressure_negative,185,25.01918314845535,47.20814720891315,181.86605036386652,211.4250709524588,Omega_safe_one_step_QP,False,True,,0.5906535846427948,0.5906535846427948,1.0,-0.7440125346183777,0.10068435966968536,0.7440125346183777,1.071105949446268,-1.5001160409486058,233.65538828079238,183.02470038022335,0.055419921875,0.0,-0.30814207113977443,0.04919944861641719,-0.5178933791692586,0.2840037057223546,59.065358464279484,True,False,0.36356199301477443,0.0,0.20600716564122196,0.02186796317831003,1.268436994136813e-09,6.050170845384186e-09,0.0,False,False,False,True,1.0,0.0,0.0,wait_Gm,0,0,0,False,,0.46291957595214844,0.33251953125,False,0.0
25,pressure_negative,186,25.019183185852878,47.209055600144296,181.86960986734996,211.41729346217204,Omega_safe_one_step_QP,False,True,,0.590584980151314,0.590584980151314,1.0,-0.7439989447593689,0.10049257427453995,0.7439989447593689,1.070973307946645,-1.4996822320635959,233.65538828079238,183.02470038022335,0.055419921875,0.0,-0.3081069428842237,0.04910188477407366,-0.5178577841344242,0.2839259308194869,59.0584980151314,True,False,0.3635268647592237,0.0,0.20600113544215218,0.021854721795380328,1.2670065048652533e-09,6.048935516080507e-09,0.0,False,False,False,True,1.0,0.0,0.0,wait_Gm,0,0,0,False,,0.46289621791483887,0.33251953125,False,0.0
25,pressure_negative,187,25.01918322372745,47.20996393850538,181.87316453578404,211.40952127670943,Omega_safe_one_step_QP,False,True,,0.5905164479761507,0.5905164479761507,1.0,-0.7439854145050049,0.10030084103345871,0.7439854145050049,1.0708406614423098,-1.4992484324016158,233.65538828079238,183.02470038022335,0.055419921875,0.0,-0.30807182257266347,0.04900435810435425,-0.5178222374500834,0.28384820896486074,59.05164479761506,True,False,0.36349174444766347,0.0,0.2059956410120458,0.0218414853313015,1.2635667676225256e-09,6.040686686525874e-09,0.0,False,False,False,True,1.0,0.0,0.0,wait_Gm,0,0,0,False,,0.4628728651612647,0.33251953125,False,0.0
25,pressure_negative,188,25.019183258384718,47.21087222313833,181.87671775006183,211.40175069066396,Omega_safe_one_step_QP,False,True,,0.5904479406561787,0.5904479406561786,0.9999999999999998,-0.7439719438552856,0.10010907053947449,0.7439719438552856,1.0707080177072439,-1.4988146408173069,233.65538828079238,183.02470038022335,0.055419921875,0.0,-0.30803666477014363,0.048906818826991716,-0.5177867053073055,0.2837705031044061,59.04479406561786,True,False,0.36345658664514363,0.0,0.2059902905143008,0.021828253791632793,1.262533170386772e-09,6.0382007490007984e-09,0.0,False,False,False,True,1.0,0.0,0.0,wait_Gm,0,0,0,False,,0.46284948747537596,0.33251953125,False,0.0
25,pressure_negative,189,25.019183288843255,47.21178045383332,181.880278704771,211.3939792466785,Omega_safe_one_step_QP,False,True,,0.5903793657481365,0.5903793657481365,1.0,-0.7439584136009216,0.09991730749607086,0.7439584136009216,1.0705753790831785,-1.4983808569525543,233.65538828079238,183.02470038022335,0.055419921875,0.0,-0.3080014574081372,0.04880929503669563,-0.5177510957602138,0.2836927886645515,59.03793657481365,True,False,0.3634213792831372,0.0,0.20598399846876872,0.021815027135329904,1.2680398440777039e-09,6.039534161916885e-09,0.0,False,False,False,True,1.0,0.0,0.0,wait_Gm,0,0,0,False,,0.46282607682682614,0.33251953125,False,0.0
25,pressure_negative,190,25.019183321462457,47.21268863191905,181.88383328487348,211.3862081717473,Omega_safe_one_step_QP,False,True,,0.5903108529329383,0.5903108529329382,0.9999999999999998,-0.7439449429512024,0.09972545504570007,0.7439449429512024,1.0704427332516506,-1.4979470826955619,233.65538828079238,183.02470038022335,0.055419921875,0.0,-0.3079662786962696,0.048711742115672814,-0.517715549959189,0.28361507791523966,59.03108529329383,True,False,0.3633862005712696,0.0,0.2059784405189066,0.021801805391936487,1.2635039704903307e-09,6.038960558608862e-09,0.0,False,False,False,True,1.0,0.0,0.0,wait_Gm,0,0,0,False,,0.4628026852349707,0.33251953125,False,0.0
25,pressure_negative,191,25.0191833513127,47.21359675643299,181.88739429678478,211.37843722926092,Omega_safe_one_step_QP,False,True,,0.5902422887622267,0.5902422887622267,1.0,-0.7439314126968384,0.09953363239765167,0.7439314126968384,1.0703100904111822,-1.4975133164423637,233.65538828079238,183.02470038022335,0.055419921875,0.0,-0.3079310680073523,0.04861421797900457,-0.517679939840076,0.28353736849037575,59.02422887622267,True,False,0.3633509898823523,0.0,0.20597209403895703,0.021788588527353027,1.2680805832432217e-09,6.03875471267551e-09,0.0,False,False,False,True,1.0,0.0,0.0,wait_Gm,0,0,0,False,,0.46277927237516603,0.33251953125,False,0.0
25,pressure_negative,192,25.019183383703187,47.21450482846567,181.89094858745028,211.37066643156962,Omega_safe_one_step_QP,False,True,,0.5901737886546408,0.5901737886546408,1.0,-0.7439179420471191,0.09934171289205551,0.7439179420471191,1.0701774403268316,-1.4970795597725641,233.65538828079238,183.02470038022335,0.055419921875,0.0,-0.3078958906347743,0.04851666171160018,-0.517644396933421,0.28345966051346266,59.017378865464075,True,False,0.3633158125097743,0.0,0.205966523666807,0.02177537657274796,1.2632982134897946e-09,6.038529675923008e-09,0.0,False,False,False,True,1.0,0.0,0.0,wait_Gm,0,0,0,False,,0.4627558816744629,0.33251953125,False,0.0
25,pressure_negative,193,25.01918341342599,47.21541284700545,181.8945050695829,211.36289911539257,Omega_safe_one_step_QP,False,True,,0.5901052904658978,0.5901052904658977,0.9999999999999998,-0.7439044713973999,0.09914986044168472,0.7439044713973999,1.0700447937369904,-1.4966458109946017,233.65538828079238,183.02470038022335,0.055419921875,0.0,-0.3078606825292244,0.04841914871164682,-0.5176088321120949,0.2833819873516922,59.01052904658977,True,False,0.3632806044042244,0.0,0.20596065859675491,0.021762169516432395,1.2648565159567502e-09,6.033120059429297e-09,0.0,False,False,False,True,1.0,0.0,0.0,wait_Gm,0,0,0,False,,0.4627324705337842,0.33251953125,False,0.0
25,pressure_negative,194,25.019183442406227,47.21632081236965,181.89806198177274,211.35513118586763,Omega_safe_one_step_QP,False,True,,0.5900367899764036,0.5900367899764037,1.0000000000000002,-0.7438910007476807,0.09895795583724976,0.7438910007476807,1.0699121471547224,-1.4962120706908713,233.65538828079238,183.02470038022335,0.055419921875,0.0,-0.3078254673673655,0.048321623934960166,-0.5175732629901963,0.28330430805644286,59.003678997640385,True,False,0.3632453892423655,0.0,0.20595472106675972,0.02174896735376811,1.2651624326306627e-09,6.034072910429639e-09,0.0,False,False,False,True,1.0,0.0,0.0,wait_Gm,0,0,0,False,,0.4627090546979297,0.33251953125,False,0.0
25,pressure_negative,195,25.01918347115576,47.21722872471143,181.90160641537705,211.34736675771285,Omega_safe_one_step_QP,False,True,,0.589968420180569,0.5899684201805693,1.0000000000000004,-0.7438777089118958,0.09876594692468643,0.7438777089118958,1.069779499891559,-1.49577833894019,233.65538828079238,183.02470038022335,0.055419921875,0.0,-0.3077902514405255,0.04822405117187897,-0.5175378186541534,0.28322666377489497,58.996842018056924,True,False,0.3632101733155255,0.0,0.20595023275267976,0.021735770145745542,1.2563009575321083e-09,6.028634457083624e-09,0.0,False,False,False,True,1.0,0.0,0.0,wait_Gm,0,0,0,False,,0.46268563835664556,0.33251953125,False,0.0
25,pressure_negative,196,25.019183489883787,47.2181365820052,181.90516391617552,211.33959617604108,Omega_safe_one_step_QP,False,True,,0.5898999106387627,0.5898999106387626,0.9999999999999998,-0.7438643574714661,0.09857381880283356,0.7438643574714661,1.0696468718190095,-1.4953446126825507,233.65538828079238,183.02470038022335,0.055419921875,0.0,-0.3077549143336794,0.048126422698719445,-0.5175022436461686,0.28314895795817735,58.98999106387626,True,False,0.3631748362086794,0.0,0.20594418400313316,0.02172257782265012,1.2655811931178303e-09,6.0381939517553375e-09,0.0,False,False,False,True,1.0,0.0,0.0,wait_Gm,0,0,0,False,,0.46266214142925294,0.33251953125,False,0.0
25,pressure_negative,197,25.019183509223307,47.21904438658527,181.90872060892008,211.3318313755731,Omega_safe_one_step_QP,False,True,,0.5898314403565721,0.5898314403565721,1.0,-0.7438510060310364,0.09838180989027023,0.7438510060310364,1.0695142420259756,-1.4949108950614445,233.65538828079238,183.02470038022335,0.055419921875,0.0,-0.30771958682141143,0.048028868440793425,-0.517466676718723,0.2830713099534975,58.98314403565721,True,False,0.36313950869641143,0.0,0.20593819117593284,0.02170939038868558,1.2650063279155575e-09,6.0292126307566635e-09,0.0,False,False,False,True,1.0,0.0,0.0,wait_Gm,0,0,0,False,,0.4626386508795849,0.33251953125,False,0.0
25,pressure_negative,198,25.019183528692444,47.219952138222155,181.91228108078556,211.3240621983107,Omega_safe_one_step_QP,False,True,,0.5897629203351477,0.5897629203351478,1.0000000000000002,-0.7438375949859619,0.09818969666957855,0.7438375949859619,1.0693816118080905,-1.4944771859512058,233.65538828079238,183.02470038022335,0.055419921875,0.0,-0.3076842629764069,0.0479312823260662,-0.5174310720000682,0.28299361818087365,58.976292033514774,True,False,0.3631041848514069,0.0,0.20593173958112856,0.021696207821096738,1.2676959904901728e-09,6.036011533442764e-09,0.0,False,False,False,True,1.0,0.0,0.0,wait_Gm,0,0,0,False,,0.4626151627706104,0.33251953125,False,0.0
25,pressure_negative,199,25.01918355147162,47.22085983771136,181.91583412961435,211.31630029610855,Omega_safe_one_step_QP,False,True,,0.5896945047703258,0.5896945047703259,1.0000000000000002,-0.7438242435455322,0.09799768030643463,0.7438242435455322,1.0692489751142427,-1.4940434862057652,233.65538828079238,183.02470038022335,0.055419921875,0.0,-0.3076489819138326,0.04783376001985301,-0.5173955415117802,0.282915999158852,58.96945047703259,True,False,0.3630689037888326,0.0,0.20592612633504814,0.021683030157497386,1.2624155979778897e-09,6.02471257959307e-09,0.0,False,False,False,True,1.0,0.0,0.0,wait_Gm,0,0,0,False,,0.46259170310868164,0.33251953125,False,0.0
25,pressure_negative,200,25.019183571789565,47.22176748372327,181.91938918168088,211.3085340633935,Omega_safe_one_step_QP,False,True,,0.5896260552757565,0.5896260552757566,1.0000000000000002,-0.7438108921051025,0.09780551493167877,0.7438108921051025,1.069116343784247,-1.4936097940794684,233.65538828079238,183.02470038022335,0.055419921875,0.0,-0.3076136726525808,0.04773617599196319,-0.517359990991115,0.28283833683170145,58.962605527575654,True,False,0.3630335945275808,0.0,0.20592026434776017,0.021669857383880203,1.263839519574677e-09,6.031437058441037e-09,0.0,False,False,False,True,1.0,0.0,0.0,wait_Gm,0,0,0,False,,0.4625682246959766,0.33251953125,False,0.0
25,pressure_negative,201,25.019183591420095,47.22267507677006,181.9229404688146,211.30076975508643,Omega_safe_one_step_QP,False,True,,0.5895576524743849,0.5895576524743847,0.9999999999999998,-0.7437976002693176,0.09761331230401993,0.7437976002693176,1.0689837145608803,-1.493176109991969,233.65538828079238,183.02470038022335,0.055419921875,0.0,-0.30757835700568975,0.04763858386928457,-0.5173244781197778,0.28276069374863083,58.95576524743848,True,False,0.36299827888068975,0.0,0.2059148208337092,0.02165668951742615,1.2611640306107819e-09,6.0284483487077264e-09,0.0,False,False,False,True,1.0,0.0,0.0,wait_Gm,0,0,0,False,,0.46254474204032225,0.33251953125,False,0.0
25,pressure_negative,202,25.019183607526887,47.22358261626215,181.92648644087032,211.29300793235973,Omega_safe_one_step_QP,False,True,,0.5894893126619398,0.5894893126619398,1.0,-0.7437844276428223,0.09742104262113571,0.7437844276428223,1.068851093398858,-1.4927424330286498,233.65538828079238,183.02470038022335,0.055419921875,0.0,-0.3075430000887574,0.04754096076276518,-0.5172890183992206,0.2826830755213638,58.94893126619398,True,False,0.3629629219637574,0.0,0.20590997736148892,0.021643526583144702,1.257391781993644e-09,6.024589204082015e-09,0.0,False,False,False,True,1.0,0.0,0.0,wait_Gm,0,0,0,False,,0.46252123193518063,0.33251953125,False,0.0
25,pressure_negative,203,25.01918361604818,47.22449010134794,181.93004739518304,211.28523883270884,Omega_safe_one_step_QP,False,True,,0.5894208109116017,0.5894208109116016,0.9999999999999998,-0.7437711358070374,0.09722866863012314,0.7437711358070374,1.0687184886936272,-1.4923087619040298,233.65538828079238,183.02470038022335,0.055419921875,0.0,-0.3075075519471204,0.04744329725935132,-0.5172534088560934,0.2826053845248549,58.94208109116016,True,False,0.3629274738221204,0.0,0.20590335014343963,0.021630368501521374,1.2680395617264692e-09,6.035890938540234e-09,0.0,False,False,False,True,1.0,0.0,0.0,wait_Gm,0,0,0,False,,0.46249766116517577,0.33251953125,False,0.0
25,pressure_negative,204,25.019183629134783,47.22539753469835,181.933599780558,211.27747634753467,Omega_safe_one_step_QP,False,True,,0.5893524205025429,0.5893524205025428,0.9999999999999998,-0.7437579035758972,0.09703636914491653,0.7437579035758972,1.068585876459341,-1.4918751002232347,233.65538828079238,183.02470038022335,0.055419921875,0.0,-0.3074721620196907,0.04734568875607225,-0.5172178850023437,0.2825277596731132,58.93524205025428,True,False,0.3628920838946907,0.0,0.20589769990776405,0.0216172153155651,1.2619441852327103e-09,6.0256176079191776e-09,0.0,False,False,False,True,1.0,0.0,0.0,wait_Gm,0,0,0,False,,0.46247412911041996,0.33251953125,False,0.0
25,pressure_negative,205,25.01918364009544,47.226304914819075,181.93715386319542,211.26971255711163,Omega_safe_one_step_QP,False,True,,0.5892840133709789,0.5892840133709787,0.9999999999999997,-0.7437446713447571,0.09684400260448456,0.7437446713447571,1.0684532703393452,-1.491441445949042,233.65538828079238,183.02470038022335,0.055419921875,0.0,-0.30743674801249216,0.04724805922992594,-0.5171823441759696,0.2824501217688828,58.92840133709787,True,False,0.36285666988749216,0.0,0.20589182836307374,0.02160406701406951,1.2631503393520872e-09,6.0276441732909784e-09,0.0,False,False,False,True,1.0,0.0,0.0,wait_Gm,0,0,0,False,,0.46245058103819825,0.33251953125,False,0.0
25,pressure_negative,206,25.01918365045804,47.22721224208596,181.94070824516024,211.26195575488478,Omega_safe_one_step_QP,False,True,,0.5892156415338661,0.5892156415338663,1.0000000000000004,-0.7437314391136169,0.09665179252624512,0.7437314391136169,1.0683206675483905,-1.4910077994776378,233.65538828079238,183.02470038022335,0.055419921875,0.0,-0.3074013287204731,0.04715052019107848,-0.5171468003563214,0.2823725537466143,58.92156415338662,True,False,0.3628212505954731,0.0,0.2058858771669975,0.021590923596237533,1.263363115182543e-09,6.016798078647789e-09,0.0,False,False,False,True,1.0,0.0,0.0,wait_Gm,0,0,0,False,,0.46242702945124514,0.33251953125,False,0.0
25,pressure_negative,207,25.019183660628965,47.2281195164119,181.94426255475892,211.25419625702773,Omega_safe_one_step_QP,False,True,,0.5891472618380023,0.5891472618380021,0.9999999999999998,-0.7437182068824768,0.09645947068929672,0.7437182068824768,1.0681880675611486,-1.4905741609885228,233.65538828079238,183.02470038022335,0.055419921875,0.0,-0.30736590914112677,0.04705294143608622,-0.5171112572603346,0.2822949587680438,58.91472618380022,True,False,0.36278583101612677,0.0,0.2058799197190774,0.021577785059071982,1.263311672329621e-09,6.020980699358924e-09,0.0,False,False,False,True,1.0,0.0,0.0,wait_Gm,0,0,0,False,,0.46240347767475587,0.33251953125,False,0.0
25,pressure_negative,208,25.01918367071645,47.22902673792949,181.94781254916694,211.24643660003062,Omega_safe_one_step_QP,False,True,,0.589078923685287,0.589078923685287,1.0,-0.7437050342559814,0.09626705199480057,0.7437050342559814,1.0680554704088838,-1.4901405304157984,233.65538828079238,183.02470038022335,0.055419921875,0.0,-0.3073304906014778,0.04695532665574071,-0.5170757573162544,0.2822173621980727,58.9078923685287,True,False,0.3627504124764778,0.0,0.20587445261931406,0.021564651421601123,1.2602460296963471e-09,6.021227671278626e-09,0.0,False,False,False,True,1.0,0.0,0.0,wait_Gm,0,0,0,False,,0.46237992658990723,0.33251953125,False,0.0
25,pressure_negative,209,25.019183677442452,47.22993390602098,181.9513612277501,211.2386715330824,Omega_safe_one_step_QP,False,True,,0.5890105756025175,0.5890105756025174,0.9999999999999998,-0.7436919212341309,0.09607440233230591,0.7436919212341309,1.067922882881549,-1.4897069066812443,233.65538828079238,183.02470038022335,0.055419921875,0.0,-0.3072950327793412,0.04685760526694555,-0.5170402705304227,0.28213971152859046,58.90105756025174,True,False,0.3627149546543412,0.0,0.20586913422643646,0.021551522685769216,1.2593119686665087e-09,6.029626471039886e-09,0.0,False,False,False,True,1.0,0.0,0.0,wait_Gm,0,0,0,False,,0.4623563493856494,0.33251953125,False,0.0
25,pressure_negative,210,25.019183679935153,47.23084102070037,181.9549176754597,211.23091266680566,Omega_safe_one_step_QP,False,True,,0.5889421934594781,0.5889421934594782,1.0000000000000002,-0.7436787486076355,0.09588195383548737,0.7436787486076355,1.067790306946059,-1.4892732893733618,233.65538828079238,183.02470038022335,0.055419921875,0.0,-0.30725952495699704,0.046759994208968036,-0.5170047060533267,0.28206212286582316,58.894219345947825,True,False,0.36267944683199704,0.0,0.2058628498313692,0.021538398813479156,1.264832031111085e-09,6.020000590019618e-09,0.0,False,False,False,True,1.0,0.0,0.0,wait_Gm,0,0,0,False,,0.4623327389227881,0.33251953125,False,0.0
25,pressure_negative,211,25.019183684575637,47.23174808309699,181.95845948147056,211.2231549010327,Omega_safe_one_step_QP,False,True,,0.5888739495549368,0.5888739495549369,1.0000000000000002,-0.7436657547950745,0.0956893265247345,0.7436657547950745,1.0676577301348904,-1.4888396805221518,233.65538828079238,183.02470038022335,0.055419921875,0.0,-0.30722404561063155,0.046662303317328485,-0.5169692879932183,0.28198454520809346,58.88739495549369,True,False,0.36264396748563155,0.0,0.2058582798119505,0.021525279875323742,1.2544389818451284e-09,6.018292978818463e-09,0.0,False,False,False,True,1.0,0.0,0.0,wait_Gm,0,0,0,False,,0.46230914740023926,0.33251953125,False,0.0
25,pressure_negative,212,25.01918367983651,47.23265509090765,181.9620137635418,211.21539976087624,Omega_safe_one_step_QP,False,True,,0.5888056131314542,0.5888056131314541,0.9999999999999998,-0.7436527013778687,0.09549681842327118,0.7436527013778687,1.0675251756838058,-1.4884060765053606,233.65538828079238,183.02470038022335,0.055419921875,0.0,-0.30718845297244457,0.04656467470286044,-0.5169337451725059,0.2819069938065289,58.88056131314541,True,False,0.36260837484744457,0.0,0.20585219350663464,0.021512165808360396,1.2632921041903224e-09,6.0142198846368646e-09,0.0,False,False,False,True,1.0,0.0,0.0,wait_Gm,0,0,0,False,,0.462285480535415,0.33251953125,False,0.0
25,pressure_negative,213,25.019183675875833,47.23356204611873,181.9655712300467,211.20764384993524,Omega_safe_one_step_QP,False,True,,0.5887372494888136,0.5887372494888136,1.0,-0.7436395883560181,0.09530430287122726,0.7436395883560181,1.0673926235688476,-1.4879724804738077,233.65538828079238,183.02470038022335,0.055419921875,0.0,-0.30715287197589486,0.04646706267269033,-0.5168981705074569,0.28182943469711885,58.87372494888136,True,False,0.36257279385089486,0.0,0.2058457085399732,0.021499056594348462,1.2655567933493857e-09,6.015415452472918e-09,0.0,False,False,False,True,1.0,0.0,0.0,wait_Gm,0,0,0,False,,0.4622618214116455,0.33251953125,False,0.0
25,pressure_negative,214,25.01918367539637,47.234468949326406,181.96912526579882,211.19988919561774,Omega_safe_one_step_QP,False,True,,0.5886689264126497,0.5886689264126497,1.0,-0.7436264753341675,0.09511177241802216,0.7436264753341675,1.0672600686221099,-1.4875388932044369,233.65538828079238,183.02470038022335,0.055419921875,0.0,-0.3071173358599135,0.04636946409854729,-0.5168626301499356,0.2817518881539439,58.866892641264975,True,False,0.3625372577349135,0.0,0.20583960576929713,0.021485952248611884,1.2631170127427586e-09,6.013466358383871e-09,0.0,False,False,False,True,1.0,0.0,0.0,wait_Gm,0,0,0,False,,0.4622381921315039,0.33251953125,False,0.0
25,pressure_negative,215,25.01918367581124,47.23537580001126,181.9726740946125,211.1921307232933,Omega_safe_one_step_QP,False,True,,0.5886006352172971,0.5886006352172971,1.0,-0.7436134219169617,0.09491904079914093,0.7436134219169617,1.0671275162301717,-1.4871053138611818,233.65538828079238,183.02470038022335,0.055419921875,0.0,-0.30708181280302704,0.04627178037610158,-0.5168271418617988,0.28167430343069955,58.860063521729714,True,False,0.36250173467802704,0.0,0.20583411069107116,0.021472852793063463,1.2594185948788172e-09,6.019389280910041e-09,0.0,False,False,False,True,1.0,0.0,0.0,wait_Gm,0,0,0,False,,0.46221457154342294,0.33251953125,False,0.0
25,pressure_negative,216,25.01918367312643,47.23628259751817,181.9762255122035,211.18437651935724,Omega_safe_one_step_QP,False,True,,0.5885323461563695,0.5885323461563696,1.0000000000000002,-0.7436003684997559,0.09472639858722687,0.7436003684997559,1.0669949745650416,-1.4866717410909147,233.65538828079238,183.02470038022335,0.055419921875,0.0,-0.307046253684878,0.04617415062575244,-0.5167916276858887,0.28159676139133893,58.853234615636964,True,False,0.362466175559878,0.0,0.205828271366031,0.02145975821442289,1.261256690575158e-09,6.012767868199927e-09,0.0,False,False,False,True,1.0,0.0,0.0,wait_Gm,0,0,0,False,,0.46219092696738284,0.33251953125,False,0.0
25,pressure_negative,217,25.019183669584624,47.23718934220482,181.9797774675489,211.17661928478114,Omega_safe_one_step_QP,False,True,,0.5884640423110494,0.5884640423110493,0.9999999999999998,-0.74358731508255,0.09453363716602325,0.74358731508255,1.0668624393802217,-1.4862381756104102,233.65538828079238,183.02470038022335,0.055419921875,0.0,-0.3070106860863806,0.04607647669067453,-0.5167561081324348,0.2815191890455779,58.846404231104934,True,False,0.3624306079613806,0.0,0.20582235419231892,0.021446668506542747,1.2616386775620865e-09,6.017468826870512e-09,0.0,False,False,False,True,1.0,0.0,0.0,wait_Gm,0,0,0,False,,0.46216727675513675,0.33251953125,False,0.0
25,pressure_negative,218,25.019183665782784,47.23809603431101,181.98332527268064,211.1688672826848,Omega_safe_one_step_QP,False,True,,0.5883958043823796,0.5883958043823796,1.0,-0.743574321269989,0.09434092789888382,0.743574321269989,1.066729909683062,-1.4858046175091009,233.65538828079238,183.02470038022335,0.055419921875,0.0,-0.30697511734938565,0.04597883935527564,-0.5167206300811173,0.2814416690246145,58.83958043823797,True,False,0.36239503922438565,0.0,0.20581689157707386,0.021433583689858746,1.258692125283944e-09,6.009353650164554e-09,0.0,False,False,False,True,1.0,0.0,0.0,wait_Gm,0,0,0,False,,0.46214362578474616,0.33251953125,False,0.0
25,pressure_negative,219,25.019183658574637,47.23900267308967,181.98687180530328,211.16111825843655,Omega_safe_one_step_QP,False,True,,0.5883275963096857,0.5883275963096856,0.9999999999999998,-0.7435613870620728,0.09414821863174438,0.7435613870620728,1.0665973919720715,-1.4853710658436856,233.65538828079238,183.02470038022335,0.055419921875,0.0,-0.30693950878074777,0.045881208322889666,-0.516685164754891,0.28136417878213194,58.83275963096855,True,False,0.36235943065574777,0.0,0.20581154728519324,0.021420503769593452,1.257789364342013e-09,6.004737680005033e-09,0.0,False,False,False,True,1.0,0.0,0.0,wait_Gm,0,0,0,False,,0.4621199483225244,0.33251953125,False,0.0
25,pressure_negative,220,25.019183647123157,47.23990925831974,181.9904219729263,211.15336743612428,Omega_safe_one_step_QP,False,True,,0.5882593521512993,0.5882593521512993,1.0,-0.7435484528541565,0.09395543485879898,0.7435484528541565,1.0664648881272847,-1.4849375203547048,233.65538828079238,183.02470038022335,0.055419921875,0.0,-0.3069038500860677,0.04578354971166844,-0.5166496630786608,0.28128667055900936,58.82593521512993,True,False,0.3623237719610677,0.0,0.20580575226736528,0.02140742872475941,1.2603690151527382e-09,6.007524651623756e-09,0.0,False,False,False,True,1.0,0.0,0.0,wait_Gm,0,0,0,False,,0.4620962375252197,0.33251953125,False,0.0
25,pressure_negative,221,25.01918363451065,47.24081579070156,181.9939688153883,211.14561958618066,Omega_safe_one_step_QP,False,True,,0.5881911558471794,0.5881911558471794,1.0,-0.743535578250885,0.09376264363527298,0.743535578250885,1.0663323921897392,-1.4845039819270665,233.65538828079238,183.02470038022335,0.055419921875,0.0,-0.30686817917329456,0.04568589736055523,-0.5166141946540407,0.28120919205957307,58.81911558471794,True,False,0.36228810104829456,0.0,0.2058003202459895,0.02139435857075061,1.258009145035167e-09,6.002917874895721e-09,0.0,False,False,False,True,1.0,0.0,0.0,wait_Gm,0,0,0,False,,0.4620725186044629,0.33251953125,False,0.0
25,pressure_negative,222,25.01918361825301,47.24172226968543,181.9975187460577,211.13786974255555,Omega_safe_one_step_QP,False,True,,0.5881229273258138,0.5881229273258138,1.0,-0.7435227036476135,0.09356977045536041,0.7435227036476135,1.0661999093170158,-1.4840704497899408,233.65538828079238,183.02470038022335,0.055419921875,0.0,-0.3068324654903798,0.04558821481361188,-0.5165786953473469,0.281131693623322,58.812292732581376,True,False,0.3622523873653798,0.0,0.20579450327048107,0.02138129328921566,1.260200775740022e-09,6.006007621359957e-09,0.0,False,False,False,True,1.0,0.0,0.0,wait_Gm,0,0,0,False,,0.46204877123998533,0.33251953125,False,0.0
25,pressure_negative,223,25.019183600993703,47.24262869588974,182.00107762947462,211.1301161373409,Omega_safe_one_step_QP,False,True,,0.5880546066262274,0.5880546066262274,1.0,-0.7435097098350525,0.09337686747312546,0.7435097098350525,1.0660674344169334,-1.4836369246899375,233.65538828079238,183.02470038022335,0.055419921875,0.0,-0.30679674154792846,0.04549053889895269,-0.5165431065131776,0.2810541575711756,58.80546066262274,True,False,0.36221666342292846,0.0,0.205787610711468,0.021368232832228964,1.266565117529147e-09,6.011839382457993e-09,0.0,False,False,False,True,1.0,0.0,0.0,wait_Gm,0,0,0,False,,0.4620250170555323,0.33251953125,False,0.0
25,pressure_negative,224,25.01918359004488,47.24353507091826,182.00462635611444,211.12236501563973,Omega_safe_one_step_QP,False,True,,0.5879863914551158,0.5879863914551159,1.0000000000000002,-0.7434967756271362,0.09318391978740692,0.7434967756271362,1.0659349530737778,-1.483203408798324,233.65538828079238,183.02470038022335,0.055419921875,0.0,-0.3067610972722863,0.045392862676875104,-0.5165076192467793,0.2809766463541638,58.79863914551159,True,False,0.3621810191472863,0.0,0.20578189691844728,0.02135517724882777,1.259346076417271e-09,6.007988762644292e-09,0.0,False,False,False,True,1.0,0.0,0.0,wait_Gm,0,0,0,False,,0.4620013158480909,0.33251953125,False,0.0
25,pressure_negative,225,25.01918357744038,47.244441393141074,182.00816807081603,211.1146155554588,Omega_safe_one_step_QP,False,True,,0.5879182502669664,0.5879182502669664,1.0,-0.7434839606285095,0.09299087524414062,0.7434839606285095,1.065802481367798,-1.482769899632028,233.65538828079238,183.02470038022335,0.055419921875,0.0,-0.30672543468664853,0.04529514482572112,-0.5164722020997635,0.2808991517523546,58.79182502669664,True,False,0.36214535656164853,0.0,0.20577698805499495,0.02134212657201365,1.254374302741261e-09,6.005413309563087e-09,0.0,False,False,False,True,1.0,0.0,0.0,wait_Gm,0,0,0,False,,0.46197760246710934,0.33251953125,False,0.0
25,pressure_negative,226,25.019183557755678,47.245347661458084,182.01171187507708,211.10686812555434,Omega_safe_one_step_QP,False,True,,0.5878501048715687,0.5878501048715687,1.0,-0.7434712052345276,0.09279781579971313,0.7434712052345276,1.06567003030268,-1.4823363954874844,233.65538828079238,183.02470038022335,0.055419921875,0.0,-0.3066896870771996,0.045197420632117596,-0.516436764057153,0.28082167745330994,58.78501048715687,True,False,0.3621096089521996,0.0,0.20577179973331566,0.021329080789962956,1.2558548640682158e-09,6.00226701246687e-09,0.0,False,False,False,True,1.0,0.0,0.0,wait_Gm,0,0,0,False,,0.4619538325411816,0.33251953125,False,0.0
25,pressure_negative,227,25.019183532850818,47.24625387621388,182.01525606822435,211.09912483124654,Omega_safe_one_step_QP,False,True,,0.587781980260344,0.5877819802603441,1.0000000000000002,-0.7434585094451904,0.09260479360818863,0.7434585094451904,1.0655375963478564,-1.4819028969346484,233.65538828079238,183.02470038022335,0.055419921875,0.0,-0.30665387732332217,0.0450997184371662,-0.5164013221256804,0.2807442445102319,58.77819802603441,True,False,0.36207379919832217,0.0,0.20576652829237901,0.02131603990014915,1.2561305065108036e-09,5.995860673722108e-09,0.0,False,False,False,True,1.0,0.0,0.0,wait_Gm,0,0,0,False,,0.46193002128640137,0.33251953125,False,0.0
25,pressure_negative,228,25.019183503221456,47.2471600374199,182.01881261705768,211.0913752005944,Omega_safe_one_step_QP,False,True,,0.5877137212749971,0.5877137212749971,1.0,-0.7434456944465637,0.09241168200969696,0.7434456944465637,1.0654051786981058,-1.481469404152797,233.65538828079238,183.02470038022335,0.055419921875,0.0,-0.30661801152174933,0.045001988210334555,-0.5163657566373471,0.2806667482037105,58.7713721274997,True,False,0.36203793339674933,0.0,0.20575978343697443,0.021303003836763305,1.2649039603864204e-09,6.00567752446268e-09,0.0,False,False,False,True,1.0,0.0,0.0,wait_Gm,0,0,0,False,,0.46190617275950685,0.33251953125,False,0.0
25,pressure_negative,229,25.01918347891012,47.24806614729932,182.0223681981827,211.08362991073201,Omega_safe_one_step_QP,False,True,,0.5876454959624233,0.5876454959624234,1.0000000000000002,-0.7434328198432922,0.09221868962049484,0.7434328198432922,1.0652727574640088,-1.481035920125509,233.65538828079238,183.02470038022335,0.055419921875,0.0,-0.3065822131836432,0.04490434326260486,-0.5163302008260968,0.28058929530508664,58.76454959624233,True,False,0.3620021350586432,0.0,0.20575311954823064,0.021289972604299635,1.2642157136652742e-09,5.998951505235846e-09,0.0,False,False,False,True,1.0,0.0,0.0,wait_Gm,0,0,0,False,,0.46188236909614744,0.33251953125,False,0.0
25,pressure_negative,230,25.01918345928712,47.24897220563542,182.02592338689945,211.07588537929374,Omega_safe_one_step_QP,False,True,,0.5875772821579979,0.5875772821579979,1.0,-0.743419885635376,0.09202571958303452,0.743419885635376,1.0651403340787315,-1.4806024446849066,233.65538828079238,183.02470038022335,0.055419921875,0.0,-0.30654647456533834,0.0448067353872717,-0.5162946489389293,0.2805118499907039,58.75772821579978,True,False,0.36196639644033834,0.0,0.20574647881203417,0.021276946202914516,1.2639366811676368e-09,5.997776719846293e-09,0.0,False,False,False,True,1.0,0.0,0.0,wait_Gm,0,0,0,False,,0.46185860514559574,0.33251953125,False,0.0
25,pressure_negative,231,25.0191834441845,47.249878212407104,182.0294659193179,211.06813674306423,Omega_safe_one_step_QP,False,True,,0.5875091644144539,0.5875091644144539,1.0,-0.7434070706367493,0.0918324738740921,0.7434070706367493,1.065007909038827,-1.480168977750565,233.65538828079238,183.02470038022335,0.055419921875,0.0,-0.30651079359185485,0.044709008408909776,-0.516259223614745,0.2804343636284088,58.75091644144539,True,False,0.36193071546685485,0.0,0.2057413330978943,0.021263924691125154,1.2549535935669589e-09,6.0041363417237924e-09,0.0,False,False,False,True,1.0,0.0,0.0,wait_Gm,0,0,0,False,,0.46183487953787106,0.33251953125,False,0.0
25,pressure_negative,232,25.019183423648578,47.250784165776714,182.03300489751055,211.0603936651263,Omega_safe_one_step_QP,False,True,,0.5874411088897068,0.5874411088897068,1.0,-0.7433943748474121,0.09163925051689148,0.7433943748474121,1.0648755023426102,-1.4797355161211276,233.65538828079238,183.02470038022335,0.055419921875,0.0,-0.3064750478439876,0.04461129235432849,-0.5162238338328182,0.28035693284902946,58.74411088897068,True,False,0.3618949697189876,0.0,0.2057365685402374,0.021250908086409365,1.2524366648160938e-09,5.995525595287805e-09,0.0,False,False,False,True,1.0,0.0,0.0,wait_Gm,0,0,0,False,,0.461811110848916,0.33251953125,False,0.0
25,pressure_negative,233,25.01918339502885,47.251690065085285,182.03653860687854,211.05265405839592,Omega_safe_one_step_QP,False,True,,0.587373120685983,0.587373120685983,1.0,-0.7433818578720093,0.09144594520330429,0.7433818578720093,1.0647431194491848,-1.4793020590227621,233.65538828079238,183.02470038022335,0.055419921875,0.0,-0.3064392047249104,0.044513528964905506,-0.5161884967391385,0.2802795367817257,58.737312068598285,True,False,0.3618591265999104,0.0,0.20573239424163603,0.02123789641374939,1.2487101897389848e-09,5.990151234097931e-09,0.0,False,False,False,True,1.0,0.0,0.0,wait_Gm,0,0,0,False,,0.4617872774084326,0.33251953125,False,0.0
25,pressure_negative,234,25.019183354317608,47.25259590946199,182.0400914055257,211.0449140397318,Omega_safe_one_step_QP,False,True,,0.5873049672058306,0.5873049672058307,1.0000000000000002,-0.7433692216873169,0.09125273674726486,0.7433692216873169,1.064610768514974,-1.4788686052272273,233.65538828079238,183.02470038022335,0.055419921875,0.0,-0.3064032149519627,0.04441581718839107,-0.5161529687526669,0.2802021365950844,58.730496720583076,True,False,0.3618231368269627,0.0,0.20572592618293128,0.021224889576542044,1.2622378227185911e-09,5.990788892096887e-09,0.0,False,False,False,True,1.0,0.0,0.0,wait_Gm,0,0,0,False,,0.46176334643332034,0.33251953125,False,0.0
25,pressure_negative,235,25.019183316960188,47.25350170203736,182.04364917081224,211.03717238127982,Omega_safe_one_step_QP,False,True,,0.5872367666935226,0.5872367666935225,0.9999999999999998,-0.743356466293335,0.09105954319238663,0.743356466293335,1.064478418873234,-1.4784351594975502,233.65538828079238,183.02470038022335,0.055419921875,0.0,-0.3063672684851098,0.04431814046270576,-0.5161173910998014,0.28012472001056465,58.72367666935225,True,False,0.3617871903601098,0.0,0.20571885127434597,0.021211887547548842,1.2657693834239822e-09,5.993327558706257e-09,0.0,False,False,False,True,1.0,0.0,0.0,wait_Gm,0,0,0,False,,0.46173944426104974,0.33251953125,False,0.0
25,pressure_negative,236,25.01918328707019,47.25440744371544,182.047195726796,211.02943063447674,Omega_safe_one_step_QP,False,True,,0.58716866872338,0.58716866872338,1.0,-0.7433437705039978,0.09086623042821884,0.7433437705039978,1.0643460624552552,-1.4780017230502167,233.65538828079238,183.02470038022335,0.055419921875,0.0,-0.3063314159105378,0.04422042898758687,-0.5160819255399639,0.2800473025425339,58.716866872337995,True,False,0.3617513377855378,0.0,0.2057130883461332,0.021198890379862372,1.2578059345845994e-09,5.993464356295877e-09,0.0,False,False,False,True,1.0,0.0,0.0,wait_Gm,0,0,0,False,,0.4617156045292969,0.33251953125,False,0.0
25,pressure_negative,237,25.019183255836662,47.255313132771875,182.05073912953227,211.0216932025706,Omega_safe_one_step_QP,False,True,,0.5871006234981542,0.5871006234981541,0.9999999999999998,-0.7433311343193054,0.09067294746637344,0.7433311343193054,1.064213716977764,-1.477568293105473,233.65538828079238,183.02470038022335,0.055419921875,0.0,-0.3062955488639362,0.044122742021454824,-0.5160464915126011,0.2799699282234724,58.71006234981541,True,False,0.3617154707389362,0.0,0.20570766399633159,0.0211858980885548,1.2555702951504594e-09,5.9867852502315836e-09,0.0,False,False,False,True,1.0,0.0,0.0,wait_Gm,0,0,0,False,,0.4616917551711035,0.33251953125,False,0.0
25,pressure_negative,238,25.019183220912645,47.25621876864536,182.05428566284635,211.0139551482287,Omega_safe_one_step_QP,False,True,,0.5870325522367653,0.5870325522367653,1.0,-0.743318498134613,0.09047961980104446,0.743318498134613,1.0640813872747386,-1.4771348689662918,233.65538828079238,183.02470038022335,0.055419921875,0.0,-0.3062596384816401,0.04402504336028426,-0.5160110261794603,0.2798925476800534,58.70325522367653,True,False,0.3616795603566401,0.0,0.20570184560900998,0.021172910655686248,1.257789854787338e-09,5.987748499819233e-09,0.0,False,False,False,True,1.0,0.0,0.0,wait_Gm,0,0,0,False,,0.4616678769967676,0.33251953125,False,0.0
25,pressure_negative,239,25.019183184974963,47.2571243519213,182.05783287956814,211.00621677167356,Omega_safe_one_step_QP,False,True,,0.5869644778815325,0.5869644778815325,1.0,-0.7433058619499207,0.0902862474322319,0.7433058619499207,1.0639490681386197,-1.4767014514209507,233.65538828079238,183.02470038022335,0.055419921875,0.0,-0.3062237176842268,0.0439273370424961,-0.5159755540122424,0.2798151639145021,58.69644778815326,True,False,0.3616436395592268,0.0,0.20569592396514963,0.021159928075543465,1.2582746471309047e-09,5.9882471708903e-09,0.0,False,False,False,True,1.0,0.0,0.0,wait_Gm,0,0,0,False,,0.4616439918927246,0.33251953125,False,0.0
25,pressure_negative,240,25.01918314873677,47.25802988278442,182.0613718535636,210.99847592026285,Omega_safe_one_step_QP,False,True,,0.5868964686431216,0.5868964686431216,1.0,-0.7432933449745178,0.09009265899658203,0.7432933449745178,1.0638167582773184,-1.4762680406517081,233.65538828079238,183.02470038022335,0.055419921875,0.0,-0.3061877952361106,0.04382953374799913,-0.5159401642722878,0.27973775540039497,58.68964686431215,True,False,0.3616077171111106,0.0,0.2056909664579007,0.021146950385431615,1.252433694054914e-09,5.9920780562787476e-09,0.0,False,False,False,True,1.0,0.0,0.0,wait_Gm,0,0,0,False,,0.46162010569469236,0.33251953125,False,0.0
25,pressure_negative,241,25.01918310578538,47.25893536005681,182.0649208591807,210.99073994991713,Omega_safe_one_step_QP,False,True,,0.5868283989373771,0.5868283989373771,1.0,-0.7432807683944702,0.08989924192428589,0.7432807683944702,1.0636844706040118,-1.4758346345901745,233.65538828079238,183.02470038022335,0.055419921875,0.0,-0.3061517922740988,0.04373182300072329,-0.5159046742161169,0.2796603956969378,58.68283989373772,True,False,0.3615717141490988,0.0,0.20568477740597702,0.021133977535703785,1.259544087012641e-09,5.984523718986678e-09,0.0,False,False,False,True,1.0,0.0,0.0,wait_Gm,0,0,0,False,,0.46159616595104,0.33251953125,False,0.0
25,pressure_negative,242,25.019183064316213,47.25984078526758,182.0684641299249,210.9830067280968,Omega_safe_one_step_QP,False,True,,0.5867603971970922,0.5867603971970923,1.0000000000000002,-0.7432682514190674,0.08970580250024796,0.7432682514190674,1.0635521889126294,-1.4754012358308344,233.65538828079238,183.02470038022335,0.055419921875,0.0,-0.30611580959308793,0.04363411576095067,-0.5158692415086747,0.27958306347873446,58.67603971970922,True,False,0.36153573146808793,0.0,0.2056792393383148,0.021121009553529337,1.2554767566823367e-09,5.980271972244322e-09,0.0,False,False,False,True,1.0,0.0,0.0,wait_Gm,0,0,0,False,,0.4615722396943799,0.33251953125,False,0.0
25,pressure_negative,243,25.01918301991083,47.260746157487155,182.0720139790979,210.9752658780271,Omega_safe_one_step_QP,False,True,,0.5866923057272638,0.5866923057272638,1.0,-0.7432556748390198,0.0895121768116951,0.7432556748390198,1.0634199221503788,-1.474967843009381,233.65538828079238,183.02470038022335,0.055419921875,0.0,-0.3060797928480201,0.04353633275477218,-0.5158337430169447,0.27950565497803753,58.66923057272638,True,False,0.3614997147230201,0.0,0.20567291890889008,0.02110804640115858,1.2601429151035754e-09,5.9920759801492694e-09,0.0,False,False,False,True,1.0,0.0,0.0,wait_Gm,0,0,0,False,,0.46154829078648923,0.33251953125,False,0.0
25,pressure_negative,244,25.019182977993836,47.26165147805312,182.0755571744293,210.96753246667893,Omega_safe_one_step_QP,False,True,,0.5866243126544272,0.5866243126544273,1.0000000000000002,-0.7432431578636169,0.0893186554312706,0.7432431578636169,1.0632876595907987,-1.4745344576598742,233.65538828079238,183.02470038022335,0.055419921875,0.0,-0.3060438087542549,0.043438616373916654,-0.5157983110636308,0.2794283208645558,58.66243126544273,True,False,0.3614637306292549,0.0,0.20566734495064792,0.0210950881122389,1.2554233156376206e-09,5.98056510800005e-09,0.0,False,False,False,True,1.0,0.0,0.0,wait_Gm,0,0,0,False,,0.46152436358879884,0.33251953125,False,0.0
25,pressure_negative,245,25.019182933409006,47.262556745752995,182.07910256606266,210.95979801961823,Omega_safe_one_step_QP,False,True,,0.5865562997914147,0.5865562997914147,1.0,-0.7432306408882141,0.08912507444620132,0.7432306408882141,1.0631554116637087,-1.474101078263815,233.65538828079238,183.02470038022335,0.055419921875,0.0,-0.3060077938977055,0.04334088276644096,-0.5157628571472972,0.27935097639394885,58.65562997914146,True,False,0.3614277157727055,0.0,0.20566148959961084,0.021082134673297132,1.2569801833945423e-09,5.98216713347525e-09,0.0,False,False,False,True,1.0,0.0,0.0,wait_Gm,0,0,0,False,,0.4615004159345068,0.33251953125,False,0.0
25,pressure_negative,246,25.019182888083158,47.263461961034395,182.0826483927155,210.95206382704316,Omega_safe_one_step_QP,False,True,,0.5864882887708845,0.5864882887708844,0.9999999999999998,-0.7432181239128113,0.08893146365880966,0.7432181239128113,1.0630231746377776,-1.4736677053727292,233.65538828079238,183.02470038022335,0.055419921875,0.0,-0.3059717719748741,0.04324314929109029,-0.5157273988807688,0.2792736344681981,58.64882887708844,True,False,0.3613916938498741,0.0,0.20565555891294024,0.0210691860800958,1.257288665198643e-09,5.981773478829226e-09,0.0,False,False,False,True,1.0,0.0,0.0,wait_Gm,0,0,0,False,,0.4614764635817139,0.33251953125,False,0.0
25,pressure_negative,247,25.019182842529776,47.26436712402548,182.08618591344813,210.94433417888985,Omega_safe_one_step_QP,False,True,,0.5864203768846836,0.5864203768846836,1.0,-0.743205726146698,0.08873783051967621,0.743205726146698,1.0628909476030302,-1.4732343391191214,233.65538828079238,183.02470038022335,0.055419921875,0.0,-0.30593574929997747,0.04314541341372772,-0.5156920236734425,0.279196337986665,58.64203768846836,True,False,0.36135567117497747,0.0,0.20565057879669438,0.021056242373118567,1.2514052933824995e-09,5.9747460574051225e-09,0.0,False,False,False,True,1.0,0.0,0.0,wait_Gm,0,0,0,False,,0.46145251072681637,0.33251953125,False,0.0
25,pressure_negative,248,25.01918279028544,47.265272233335274,182.08972930857973,210.93660117719372,Omega_safe_one_step_QP,False,True,,0.5863524018317354,0.5863524018317355,1.0000000000000002,-0.7431933283805847,0.0885440856218338,0.7431933283805847,1.0627587435799415,-1.4728009775335424,233.65538828079238,183.02470038022335,0.055419921875,0.0,-0.305899646380562,0.043047629152129896,-0.5156565897221265,0.27911900796970374,58.63524018317354,True,False,0.361319568255562,0.0,0.20564488589495342,0.0210433035197819,1.2555649058652578e-09,5.979931523225852e-09,0.0,False,False,False,True,1.0,0.0,0.0,wait_Gm,0,0,0,False,,0.4614285045091846,0.33251953125,False,0.0
25,pressure_negative,249,25.01918273622809,47.26617729006746,182.09327411918127,210.92887154895095,Omega_safe_one_step_QP,False,True,,0.5862844348461476,0.5862844348461475,0.9999999999999998,-0.7431809306144714,0.08835040032863617,0.7431809306144714,1.0626265529350438,-1.4723676220506314,233.65538828079238,183.02470038022335,0.055419921875,0.0,-0.30586352321050553,0.042949887020138924,-0.5156211416161111,0.279041711687276,58.62844348461474,True,False,0.36128344508550553,0.0,0.20563899143151956,0.021030369512300303,1.25656822007864e-09,5.974715277144331e-09,0.0,False,False,False,True,1.0,0.0,0.0,wait_Gm,0,0,0,False,,0.46140448482118657,0.33251953125,False,0.0
25,pressure_negative,250,25.01918268165785,47.26708229441703,182.09681915676515,210.92114301331307,Omega_safe_one_step_QP,False,True,,0.5862164755189297,0.5862164755189297,1.0,-0.7431685328483582,0.08815670758485794,0.7431685328483582,1.0624943731926906,-1.4719342730986211,233.65538828079238,183.02470038022335,0.055419921875,0.0,-0.3058273957809619,0.04285215632899934,-0.5155856912402723,0.2789644263308972,58.62164755189298,True,False,0.3612473176559619,0.0,0.20563304389824225,0.021017440347811413,1.2567291471095975e-09,5.973026310599506e-09,0.0,False,False,False,True,1.0,0.0,0.0,wait_Gm,0,0,0,False,,0.4613804623034472,0.33251953125,False,0.0
25,pressure_negative,251,25.01918262692135,47.267987246454595,182.10036823942434,210.91341389526428,Omega_safe_one_step_QP,False,True,,0.5861484822969252,0.5861484822969251,0.9999999999999998,-0.7431560754776001,0.08796301484107971,0.7431560754776001,1.062362203769326,-1.471500930773048,233.65538828079238,183.02470038022335,0.055419921875,0.0,-0.30579126835548387,0.04275444463881775,-0.5155502004136804,0.2788871351504093,58.614848229692505,True,False,0.36121119023048387,0.0,0.20562659476664977,0.02100451600402691,1.2595987721770769e-09,5.9739265812072225e-09,0.0,False,False,False,True,1.0,0.0,0.0,wait_Gm,0,0,0,False,,0.46135643978570806,0.33251953125,False,0.0
25,pressure_negative,252,25.019182575410436,47.26889214690829,182.10391413191786,210.90568412101698,Omega_safe_one_step_QP,False,True,,0.5860805184679384,0.5860805184679385,1.0000000000000002,-0.743143618106842,0.08776925504207611,0.743143618106842,1.0622300379985523,-1.471067596090517,233.65538828079238,183.02470038022335,0.055419921875,0.0,-0.30575518264677526,0.042656720842703465,-0.5155147414887452,0.27880983740793625,58.608051846793856,True,False,0.36117510452177526,0.0,0.2056205051256211,0.020991596494226324,1.2573353575600678e-09,5.974940991436531e-09,0.0,False,False,False,True,1.0,0.0,0.0,wait_Gm,0,0,0,False,,0.4613324450100732,0.33251953125,False,0.0
25,pressure_negative,253,25.019182524729683,47.26979699535195,182.10744662059616,210.89795587882313,Omega_safe_one_step_QP,False,True,,0.5860126842904696,0.5860126842904696,1.0,-0.7431313395500183,0.08757533133029938,0.7431313395500183,1.0620978807565142,-1.4706342682659308,233.65538828079238,183.02470038022335,0.055419921875,0.0,-0.30571910918794976,0.04255892413418043,-0.5154794166019622,0.27873255498599775,58.601268429046954,True,False,0.36113903106294976,0.0,0.20561598126828357,0.020978681882660326,1.2478476262339052e-09,5.9725727406790396e-09,0.0,False,False,False,True,1.0,0.0,0.0,wait_Gm,0,0,0,False,,0.4613084583844922,0.33251953125,False,0.0
25,pressure_negative,254,25.019182464343128,47.27070178966748,182.1109877395181,210.89022801050493,Omega_safe_one_step_QP,False,True,,0.5859447804420911,0.5859447804420911,1.0,-0.7431190609931946,0.08738140761852264,0.7431190609931946,1.0619657531643534,-1.4702009440172352,233.65538828079238,183.02470038022335,0.055419921875,0.0,-0.30568291840163103,0.042461129225034824,-0.5154440054127428,0.2786552763028158,58.594478044209104,True,False,0.36110284027663103,0.0,0.2056104050110389,0.02096577212472415,1.2539523219252947e-09,5.9719948743419465e-09,0.0,False,False,False,True,1.0,0.0,0.0,wait_Gm,0,0,0,False,,0.4612843937332031,0.33251953125,False,0.0
25,pressure_negative,255,25.019182401339595,47.27160653129205,182.11453100917623,210.88250612534802,Omega_safe_one_step_QP,False,True,,0.5858768905859154,0.5858768905859155,1.0000000000000002,-0.7431067824363708,0.08718761801719666,0.7431067824363708,1.0618336411777527,-1.4697676255289307,233.65538828079238,183.02470038022335,0.055419921875,0.0,-0.30564669747684,0.042363411599603204,-0.5154085727161615,0.27857805745124664,58.58768905859155,True,False,0.36106661935184,0.0,0.20560453171880455,0.020952867210089876,1.2554759870282197e-09,5.962751037652879e-09,0.0,False,False,False,True,1.0,0.0,0.0,wait_Gm,0,0,0,False,,0.46126030903431153,0.33251953125,False,0.0
25,pressure_negative,256,25.019182337609138,47.27251122046287,182.11807470233094,210.87477832135477,Omega_safe_one_step_QP,False,True,,0.5858089733190983,0.5858089733190983,1.0,-0.7430945038795471,0.08699362725019455,0.7430945038795471,1.0617015411402713,-1.469334313456708,233.65538828079238,183.02470038022335,0.055419921875,0.0,-0.3056104696559581,0.04226561109369607,-0.5153731357846143,0.2785007794113142,58.580897331909824,True,False,0.3610303915309581,0.0,0.20559860304565972,0.020939967132037732,1.2557761174745856e-09,5.971895455806001e-09,0.0,False,False,False,True,1.0,0.0,0.0,wait_Gm,0,0,0,False,,0.4612362197533008,0.33251953125,False,0.0
25,pressure_negative,257,25.019182273655826,47.27341585748477,182.12162249185744,210.86705450727467,Omega_safe_one_step_QP,False,True,,0.5857410434419748,0.5857410434419746,0.9999999999999998,-0.7430821657180786,0.08679976314306259,0.7430821657180786,1.0615694521178083,-1.4689010078358367,233.65538828079238,183.02470038022335,0.055419921875,0.0,-0.3055742411396875,0.042167891104509476,-0.5153376578893494,0.2784235412705132,58.57410434419747,True,False,0.3609941630146875,0.0,0.20559215296156252,0.020927071869936968,1.258681052429528e-09,5.965730394386405e-09,0.0,False,False,False,True,1.0,0.0,0.0,wait_Gm,0,0,0,False,,0.4612121300067627,0.33251953125,False,0.0
25,pressure_negative,258,25.019182212912327,47.274320442961724,182.12516297336245,210.85932986753994,Omega_safe_one_step_QP,False,True,,0.5856731783965085,0.5856731783965087,1.0000000000000004,-0.7430698871612549,0.08660577237606049,0.7430698871612549,1.0614373673657431,-1.46846770977057,233.65538828079238,183.02470038022335,0.055419921875,0.0,-0.3055380541427283,0.04207012671142043,-0.5153022530742993,0.2783462948731659,58.56731783965086,True,False,0.3609579760177283,0.0,0.20558655219973387,0.02091418145718143,1.253500928733805e-09,5.967005903140608e-09,0.0,False,False,False,True,1.0,0.0,0.0,wait_Gm,0,0,0,False,,0.4611880678726465,0.33251953125,False,0.0
25,pressure_negative,259,25.019182149697244,47.27522497581529,182.12870133972353,210.85160890655789,Omega_safe_one_step_QP,False,True,,0.5856053539078946,0.5856053539078945,0.9999999999999998,-0.7430576682090759,0.08641179651021957,0.7430576682090759,1.061305298302731,-1.4680344174530144,233.65538828079238,183.02470038022335,0.055419921875,0.0,-0.30550183879059145,0.04197237855564374,-0.5152668694106884,0.2782690852633454,58.560535390789454,True,False,0.36092176066559145,0.0,0.2055811683066031,0.020901295903421078,1.2520036505253653e-09,5.961323848642588e-09,0.0,False,False,False,True,1.0,0.0,0.0,wait_Gm,0,0,0,False,,0.46116398688134763,0.33251953125,False,0.0
25,pressure_negative,260,25.019182082495803,47.27612945566841,182.13224724162302,210.84388696351158,Omega_safe_one_step_QP,False,True,,0.5855374629089023,0.5855374629089024,1.0000000000000002,-0.7430453896522522,0.08621782064437866,0.7430453896522522,1.061173248049044,-1.4676011304443497,233.65538828079238,183.02470038022335,0.055419921875,0.0,-0.30546557645579536,0.04187464400095874,-0.5152314103916936,0.2781918658328823,58.55374629089023,True,False,0.36088549833079536,0.0,0.2055748680434772,0.02088841516903366,1.2573420280776088e-09,5.962840441039395e-09,0.0,False,False,False,True,1.0,0.0,0.0,wait_Gm,0,0,0,False,,0.4611398746431885,0.33251953125,False,0.0
25,pressure_negative,261,25.01918201750025,47.27703388381973,182.1357867542445,210.83616382080555,Omega_safe_one_step_QP,False,True,,0.585469626894608,0.5854696268946081,1.0000000000000002,-0.7430331707000732,0.086023710668087,0.7430331707000732,1.0610412043325177,-1.4671678506297954,233.65538828079238,183.02470038022335,0.055419921875,0.0,-0.3054293432910064,0.0417768600454075,-0.5151960152654789,0.278114634405822,58.546962689460806,True,False,0.3608492651660064,0.0,0.2055693087490954,0.020875539282718875,1.2528149597561998e-09,5.964693325765681e-09,0.0,False,False,False,True,1.0,0.0,0.0,wait_Gm,0,0,0,False,,0.4611157818075439,0.33251953125,False,0.0
25,pressure_negative,262,25.019181949766192,47.27793825934876,182.13932439672672,210.8284432574876,Omega_safe_one_step_QP,False,True,,0.5854018240569597,0.5854018240569597,1.0,-0.7430210113525391,0.08582958579063416,0.7430210113525391,1.0609091770947747,-1.4667345764259183,233.65538828079238,183.02470038022335,0.055419921875,0.0,-0.3053930784852397,0.041679077570663484,-0.5151606388406565,0.27803742877264254,58.54018240569598,True,False,0.3608130003602397,0.0,0.20556394045861454,0.020862668252464533,1.2514914332070476e-09,5.96070979464136e-09,0.0,False,False,False,True,1.0,0.0,0.0,wait_Gm,0,0,0,False,,0.46109166793006345,0.33251953125,False,0.0
25,pressure_negative,263,25.01918187797522,47.27884258194939,182.14286550655237,210.82072476755513,Omega_safe_one_step_QP,False,True,,0.5853340050183091,0.5853340050183091,1.0,-0.7430088520050049,0.08563549071550369,0.7430088520050049,1.0607771690552115,-1.4663013074385143,233.65538828079238,183.02470038022335,0.055419921875,0.0,-0.3053567658262788,0.04158131980075646,-0.5151252277424001,0.27796024387331786,58.53340050183091,True,False,0.3607766877012788,0.0,0.20555813001480602,0.020849802059860614,1.253945879729714e-09,5.957508683767222e-09,0.0,False,False,False,True,1.0,0.0,0.0,wait_Gm,0,0,0,False,,0.4610675222238135,0.33251953125,False,0.0
25,pressure_negative,264,25.019181805073462,47.27974685218265,182.14640739146319,210.81300463146025,Omega_safe_one_step_QP,False,True,,0.5852661758052135,0.5852661758052135,1.0,-0.7429966926574707,0.08544131368398666,0.7429966926574707,1.0606451744224563,-1.4658680445925238,233.65538828079238,183.02470038022335,0.055419921875,0.0,-0.30532044154690513,0.041483536675466295,-0.5150898088932919,0.27788304251236895,58.526617580521346,True,False,0.36074036342190513,0.0,0.20555220948559963,0.02083694069822925,1.2544948721472168e-09,5.960050132360929e-09,0.0,False,False,False,True,1.0,0.0,0.0,wait_Gm,0,0,0,False,,0.46104336879646,0.33251953125,False,0.0
25,pressure_negative,265,25.019181731846768,47.280651070286,182.1499493333995,210.80528535186437,Omega_safe_one_step_QP,False,True,,0.585198354622617,0.5851983546226172,1.0000000000000002,-0.7429845333099365,0.08524712175130844,0.7429845333099365,1.0605131917002142,-1.4654347880814897,233.65538828079238,183.02470038022335,0.055419921875,0.0,-0.3052841153110787,0.04138576187744568,-0.5150543894739289,0.2778058497164102,58.51983546226171,True,False,0.3607040371860787,0.0,0.20554625694781406,0.020824084165462265,1.254535268015738e-09,5.958727747929443e-09,0.0,False,False,False,True,1.0,0.0,0.0,wait_Gm,0,0,0,False,,0.4610192140623046,0.33251953125,False,0.0
25,pressure_negative,266,25.019181658504703,47.28155523630941,182.15348287756208,210.79756930258114,Omega_safe_one_step_QP,False,True,,0.5851306271544627,0.5851306271544627,1.0,-0.7429724931716919,0.08505287021398544,0.7429724931716919,1.0603812205486673,-1.4650015379596961,233.65538828079238,183.02470038022335,0.055419921875,0.0,-0.3052477896943493,0.04128796738023273,-0.515019054032303,0.27772868922357785,58.513062715446274,True,False,0.3606677115693493,0.0,0.20554126997194544,0.020811232501846615,1.2485934348996593e-09,5.953741654126499e-09,0.0,False,False,False,True,1.0,0.0,0.0,wait_Gm,0,0,0,False,,0.46099505974379884,0.33251953125,False,0.0
25,pressure_negative,267,25.01918157850946,47.282459348884835,182.15702226201168,210.78985398750905,Omega_safe_one_step_QP,False,True,,0.5850628562334544,0.5850628562334544,1.0,-0.7429604530334473,0.08485861867666245,0.7429604530334473,1.0602492740948075,-1.464568292220372,233.65538828079238,183.02470038022335,0.055419921875,0.0,-0.3052113842919454,0.04119017959561547,-0.5149836601878071,0.277651536072857,58.506285623345434,True,False,0.3606313061669454,0.0,0.20553556205954465,0.020798385676749707,1.2527242282039665e-09,5.952608666162427e-09,0.0,False,False,False,True,1.0,0.0,0.0,wait_Gm,0,0,0,False,,0.4609708523618261,0.33251953125,False,0.0
25,pressure_negative,268,25.01918149671108,47.28336340899208,182.16056305471756,210.78213991632694,Omega_safe_one_step_QP,False,True,,0.5849950832839912,0.5849950832839913,1.0000000000000002,-0.7429484128952026,0.08466436713933945,0.7429484128952026,1.0601173427380524,-1.464135052361012,233.65538828079238,183.02470038022335,0.055419921875,0.0,-0.30517495875461026,0.041092405384138,-0.5149482522607483,0.2775743953610359,58.49950832839912,True,False,0.36059488062961026,0.0,0.205529659907761,0.02078554368157046,1.2537212985992038e-09,5.9506894202618595e-09,0.0,False,False,False,True,1.0,0.0,0.0,wait_Gm,0,0,0,False,,0.46094663158929206,0.33251953125,False,0.0
25,pressure_negative,269,25.019181414403466,47.28426741688634,182.16410820426339,210.77442685449645,Omega_safe_one_step_QP,False,True,,0.5849272812338747,0.5849272812338748,1.0000000000000002,-0.7429363131523132,0.08447016030550003,0.7429363131523132,1.0599854239719908,-1.463701818780474,233.65538828079238,183.02470038022335,0.055419921875,0.0,-0.3051385289977084,0.04099467155602125,-0.5149128007652899,0.27749726474273106,58.49272812338749,True,False,0.3605584508727084,0.0,0.2055232142769637,0.02077270649320633,1.25680853022913e-09,5.949132280090572e-09,0.0,False,False,False,True,1.0,0.0,0.0,wait_Gm,0,0,0,False,,0.46092240801029305,0.33251953125,False,0.0
25,pressure_negative,270,25.019181335228172,47.285171373299434,182.16765025210367,210.766710983131,Omega_safe_one_step_QP,False,True,,0.5848594976233795,0.5848594976233794,0.9999999999999998,-0.7429242134094238,0.08427582681179047,0.7429242134094238,1.0598535106044829,-1.4632685926043085,233.65538828079238,183.02470038022335,0.055419921875,0.0,-0.305102139804129,0.04089689672714403,-0.5148773802868871,0.2774201060290764,58.485949762337945,True,False,0.360522061679129,0.0,0.20551712413447604,0.020759874123588033,1.2546102902861347e-09,5.953467092836553e-09,0.0,False,False,False,True,1.0,0.0,0.0,wait_Gm,0,0,0,False,,0.4608982114086035,0.33251953125,False,0.0
25,pressure_negative,271,25.019181256860257,47.286075277881565,182.17119132269474,210.7589985068096,Omega_safe_one_step_QP,False,True,,0.5847917431867995,0.5847917431867995,1.0,-0.7429121136665344,0.08408154547214508,0.7429121136665344,1.059721607331354,-1.462835373040827,233.65538828079238,183.02470038022335,0.055419921875,0.0,-0.30506576257951845,0.04079916441250149,-0.5148419695809764,0.27734298126586254,58.479174318679945,True,False,0.36048568445451845,0.0,0.2055111176366745,0.020747046576743446,1.2539180930935377e-09,5.948229100796108e-09,0.0,False,False,False,True,1.0,0.0,0.0,wait_Gm,0,0,0,False,,0.46087402276410644,0.33251953125,False,0.0
25,pressure_negative,272,25.0191811786793,47.28697913044347,182.1747278528318,210.7512830169669,Omega_safe_one_step_QP,False,True,,0.5847240189021787,0.5847240189021788,1.0000000000000002,-0.7429000735282898,0.08388708531856537,0.7429000735282898,1.0595897154678102,-1.4624021599280248,233.65538828079238,183.02470038022335,0.055419921875,0.0,-0.305029389689365,0.04070135840559532,-0.5148066042796058,0.2772658263674356,58.472401890217874,True,False,0.360449311564365,0.0,0.20550563725966187,0.020734223871489914,1.2507045410396531e-09,5.95287835127364e-09,0.0,False,False,False,True,1.0,0.0,0.0,wait_Gm,0,0,0,False,,0.4608498370092041,0.33251953125,False,0.0
25,pressure_negative,273,25.019181097223992,47.28788293041319,182.17825887535253,210.7435758080323,Omega_safe_one_step_QP,False,True,,0.5846563868467349,0.5846563868467349,1.0,-0.7428881525993347,0.08369271457195282,0.7428881525993347,1.0594578419730933,-1.4619689521184032,233.65538828079238,183.02470038022335,0.055419921875,0.0,-0.3049929785650668,0.040603600823404994,-0.5147712940543985,0.2771887542780894,58.4656386846735,True,False,0.3604129004400668,0.0,0.20550076282102508,0.020721406035933025,1.2468120041820186e-09,5.9401069561868584e-09,0.0,False,False,False,True,1.0,0.0,0.0,wait_Gm,0,0,0,False,,0.46082562581988284,0.33251953125,False,0.0
25,pressure_negative,274,25.019181008275336,47.28878667673918,182.18179237589013,210.73586855901857,Omega_safe_one_step_QP,False,True,,0.5845887372516377,0.5845887372516377,1.0,-0.7428762912750244,0.0834982693195343,0.7428762912750244,1.0593259953551388,-1.461535748409381,233.65538828079238,183.02470038022335,0.055419921875,0.0,-0.30495647732065106,0.04050580963459822,-0.5147359590490226,0.2771116817879522,58.45887372516377,True,False,0.36037639919565106,0.0,0.20549556901632968,0.020708593055583292,1.2485626049218223e-09,5.9401687359484445e-09,0.0,False,False,False,True,1.0,0.0,0.0,wait_Gm,0,0,0,False,,0.46080135470056643,0.33251953125,False,0.0
25,pressure_negative,275,25.019180914003847,47.28969036988755,182.1853305015587,210.72815871097413,Omega_safe_one_step_QP,False,True,,0.5845210390808271,0.5845210390808271,1.0,-0.7428644299507141,0.08330372720956802,0.7428644299507141,1.0591941713457913,-1.4611025494544942,233.65538828079238,183.02470038022335,0.055419921875,0.0,-0.30491991264983603,0.04040798033631704,-0.5147005777923368,0.27703458330750774,58.45210390808271,True,False,0.36033983452483603,0.0,0.20548980914627463,0.020695784904452705,1.2518333246591022e-09,5.944175686838566e-09,0.0,False,False,False,True,1.0,0.0,0.0,wait_Gm,0,0,0,False,,0.4607770414011475,0.33251953125,False,0.0
25,pressure_negative,276,25.019180818284394,47.29059401073997,182.18887384134572,210.72045166239667,Omega_safe_one_step_QP,False,True,,0.5844533127316309,0.5844533127316309,1.0,-0.742852509021759,0.0831092819571495,0.742852509021759,1.0590623622667232,-1.4606693563966644,233.65538828079238,183.02470038022335,0.055419921875,0.0,-0.3048833322112361,0.04031021551420023,-0.5146651443944665,0.2769575128217332,58.4453312731631,True,False,0.3603032540862361,0.0,0.20548339827541895,0.02068298155598543,1.2555256846344517e-09,5.939859777530368e-09,0.0,False,False,False,True,1.0,0.0,0.0,wait_Gm,0,0,0,False,,0.46075271761406256,0.33251953125,False,0.0
25,pressure_negative,277,25.019180725446137,47.291497600113615,182.1924225688346,210.71273943055735,Omega_safe_one_step_QP,False,True,,0.5843855188420537,0.5843855188420537,1.0,-0.7428404688835144,0.08291475474834442,0.7428404688835144,1.0589305595502672,-1.4602361706057896,233.65538828079238,183.02470038022335,0.055419921875,0.0,-0.30484678924688324,0.04021243759317556,-0.5146296571195779,0.27688039050334,58.43855188420538,True,False,0.36026671112188324,0.0,0.20547634122246108,0.020670182979607935,1.259346679020741e-09,5.947851994343338e-09,0.0,False,False,False,True,1.0,0.0,0.0,wait_Gm,0,0,0,False,,0.46072841874931647,0.33251953125,False,0.0
25,pressure_negative,278,25.019180639939112,47.292401139082244,182.1959602301948,210.70503378063768,Omega_safe_one_step_QP,False,True,,0.5843178580578146,0.5843178580578144,0.9999999999999998,-0.7428284883499146,0.08272029459476471,0.7428284883499146,1.0587987543589734,-1.4598029933618093,233.65538828079238,183.02470038022335,0.055419921875,0.0,-0.30481033848446326,0.04011471520845451,-0.5145942805059758,0.27680333400414325,58.43178580578145,True,False,0.36023026035946326,0.0,0.20547055922284016,0.020657389230138132,1.251504789954053e-09,5.937704068453318e-09,0.0,False,False,False,True,1.0,0.0,0.0,wait_Gm,0,0,0,False,,0.46070418120117185,0.33251953125,False,0.0
25,pressure_negative,279,25.019180553065834,47.29330462575069,182.19949064334403,210.69733097515058,Omega_safe_one_step_QP,False,True,,0.5842502790516121,0.584250279051612,0.9999999999999998,-0.7428166270256042,0.08252576738595963,0.7428166270256042,1.0586669641221251,-1.4593698220414815,233.65538828079238,183.02470038022335,0.055419921875,0.0,-0.3047738729550679,0.040016968178322225,-0.5145589763744834,0.2767263059492723,58.4250279051612,True,False,0.3601937948300679,0.0,0.2054656069530756,0.02064460034197854,1.2463817004293515e-09,5.933321237208771e-09,0.0,False,False,False,True,1.0,0.0,0.0,wait_Gm,0,0,0,False,,0.46067993383372563,0.33251953125,False,0.0
25,pressure_negative,280,25.019180459210727,47.29420805894605,182.20302719693152,210.68962782483467,Omega_safe_one_step_QP,False,True,,0.5841826488025478,0.5841826488025478,1.0,-0.742804765701294,0.08233121037483215,0.742804765701294,1.0585352001071666,-1.4589366549223204,233.65538828079238,183.02470038022335,0.055419921875,0.0,-0.3047373235955136,0.03991921338422999,-0.5145236108386086,0.2766492744461132,58.418264880254775,True,False,0.3601572454705136,0.0,0.20545990124169294,0.020631816282639718,1.2507211277119668e-09,5.933852478942499e-09,0.0,False,False,False,True,1.0,0.0,0.0,wait_Gm,0,0,0,False,,0.4606556307127295,0.33251953125,False,0.0
25,pressure_negative,281,25.019180363464493,47.29511143972736,182.20656111194614,210.6819211965699,Omega_safe_one_step_QP,False,True,,0.5841150297958412,0.5841150297958411,0.9999999999999998,-0.7427929639816284,0.08213646709918976,0.7427929639816284,1.0584034522116024,-1.4585034935627768,233.65538828079238,183.02470038022335,0.055419921875,0.0,-0.3047007530108074,0.03982137876743231,-0.5144882716884623,0.2765722081634655,58.411502979584114,True,False,0.3601206748858074,0.0,0.2054544963863782,0.020619037061382104,1.2488555330616886e-09,5.939211921136176e-09,0.0,False,False,False,True,1.0,0.0,0.0,wait_Gm,0,0,0,False,,0.4606313134796045,0.33251953125,False,0.0
25,pressure_negative,282,25.019180263891734,47.29601476784073,182.21009828524964,210.67421642856215,Omega_safe_one_step_QP,False,True,,0.5840473953741112,0.5840473953741113,1.0000000000000002,-0.7427811622619629,0.08194174617528915,0.7427811622619629,1.058271724337286,-1.458070337285041,233.65538828079238,183.02470038022335,0.055419921875,0.0,-0.3046641373979256,0.03972356608621658,-0.5144528999554274,0.27649516048338796,58.404739537411125,True,False,0.3600840592729256,0.0,0.2054486750291744,0.020606262660793843,1.2511594978987657e-09,5.936345005333337e-09,0.0,False,False,False,True,1.0,0.0,0.0,wait_Gm,0,0,0,False,,0.4606069663030957,0.33251953125,False,0.0
25,pressure_negative,283,25.019180163270146,47.296918043819566,182.2136361789339,210.666516485056,Omega_safe_one_step_QP,False,True,,0.5839797819173577,0.5839797819173577,1.0,-0.7427693605422974,0.08174712210893631,0.7427693605422974,1.0581400110009742,-1.4576371869631073,233.65538828079238,183.02470038022335,0.055419921875,0.0,-0.3046275109229078,0.039625815249636355,-0.5144175210185847,0.27641816104832656,58.39797819173577,True,False,0.3600474327979078,0.0,0.20544273070931923,0.020593493077143796,1.2516691721180581e-09,5.9289129997740805e-09,0.0,False,False,False,True,1.0,0.0,0.0,wait_Gm,0,0,0,False,,0.4605826118976123,0.33251953125,False,0.0
25,pressure_negative,284,25.019180062341285,47.297821267704926,182.217174115655,210.65881366134798,Omega_safe_one_step_QP,False,True,,0.5839121589188366,0.5839121589188366,1.0,-0.7427575588226318,0.08155237883329391,0.7427575588226318,1.0580083107901899,-1.4572040428845467,233.65538828079238,183.02470038022335,0.055419921875,0.0,-0.3045908827045495,0.03952802252957129,-0.5143821416513736,0.2763411328112463,58.39121589188366,True,False,0.3600108045795495,0.0,0.20543676732017957,0.02058072830687066,1.2516996242522974e-09,5.9333493076987236e-09,0.0,False,False,False,True,1.0,0.0,0.0,wait_Gm,0,0,0,False,,0.4605582563382862,0.33251953125,False,0.0
25,pressure_negative,285,25.019179961303212,47.29872443965268,182.22071191466176,210.65111066066456,Omega_safe_one_step_QP,False,True,,0.5838445407702176,0.5838445407702176,1.0,-0.7427457571029663,0.08135759085416794,0.7427457571029663,1.0578766233492316,-1.456770905045167,233.65538828079238,183.02470038022335,0.055419921875,0.0,-0.30455425517632206,0.03943022431906977,-0.5143467636613062,0.27626410280441205,58.384454077021765,True,False,0.35997417705132206,0.0,0.20543079831125396,0.020567968348411327,1.251602181216284e-09,5.933621952877929e-09,0.0,False,False,False,True,1.0,0.0,0.0,wait_Gm,0,0,0,False,,0.4605339012345117,0.33251953125,False,0.0
25,pressure_negative,286,25.01917986020872,47.299627559711354,182.22424127283864,210.64341681617324,Omega_safe_one_step_QP,False,True,,0.5837770447802104,0.5837770447802104,1.0,-0.7427340745925903,0.08116290718317032,0.7427340745925903,1.0577449486203012,-1.4563377734388263,233.65538828079238,183.02470038022335,0.055419921875,0.0,-0.3045176289896872,0.039332486595007356,-0.5143114700795374,0.2761871643594989,58.377704478021045,True,False,0.3599375508646872,0.0,0.20542578222505653,0.02055521324457523,1.2456369140688116e-09,5.9195243056521855e-09,0.0,False,False,False,True,1.0,0.0,0.0,wait_Gm,0,0,0,False,,0.4605095470218897,0.33251953125,False,0.0
25,pressure_negative,287,25.01917975248511,47.300530626333924,182.22778057681782,210.63571560478098,Omega_safe_one_step_QP,False,True,,0.5837094307859568,0.5837094307859568,1.0,-0.7427223324775696,0.08096805214881897,0.7427223324775696,1.0576132997935612,-1.4559046461471667,233.65538828079238,183.02470038022335,0.055419921875,0.0,-0.3044809233085804,0.03923467644230047,-0.5142760770397456,0.27611015224557633,58.37094307859568,True,False,0.3599008451835804,0.0,0.20541958177665492,0.020542462941459963,1.2526672657048874e-09,5.9308656908263045e-09,0.0,False,False,False,True,1.0,0.0,0.0,wait_Gm,0,0,0,False,,0.4604851399453125,0.33251953125,False,0.0
25,pressure_negative,288,25.019179646257985,47.30143364139002,182.2313141495924,210.62802038399187,Omega_safe_one_step_QP,False,True,,0.5836419000964203,0.5836419000964201,0.9999999999999998,-0.7427106499671936,0.080773264169693,0.7427106499671936,1.0574816606802193,-1.4554715255622206,233.65538828079238,183.02470038022335,0.055419921875,0.0,-0.304444238067141,0.03913691402903021,-0.5142407413119997,0.27603320003768517,58.36419000964202,True,False,0.359864159942141,0.0,0.20541402232740893,0.020529717467374635,1.248613655329534e-09,5.9216422993255e-09,0.0,False,False,False,True,1.0,0.0,0.0,wait_Gm,0,0,0,False,,0.4604607464588086,0.33251953125,False,0.0
25,pressure_negative,289,25.019179537110396,47.30233660385589,182.23485015318568,210.6203228341421,Omega_safe_one_step_QP,False,True,,0.5835743414469041,0.5835743414469041,1.0,-0.7426989674568176,0.08057837933301926,0.7426989674568176,1.0573500401569644,-1.4550384103859768,233.65538828079238,183.02470038022335,0.055419921875,0.0,-0.3044075189420699,0.03903911718077513,-0.5142053812760671,0.27595622453918733,58.357434144690416,True,False,0.3598274408170699,0.0,0.20540815757363817,0.02051697680726965,1.2503321411606562e-09,5.925227368985142e-09,0.0,False,False,False,True,1.0,0.0,0.0,wait_Gm,0,0,0,False,,0.46043633044078136,0.33251953125,False,0.0
25,pressure_negative,290,25.019179427156235,47.303239514253875,182.2383825299458,210.61263292313745,Omega_safe_one_step_QP,False,True,,0.5835068553474732,0.5835068553474732,1.0,-0.7426873445510864,0.08038361370563507,0.7426873445510864,1.0572184340427897,-1.4546053012203601,233.65538828079238,183.02470038022335,0.055419921875,0.0,-0.3043707919341147,0.03894139029821209,-0.5141700575084658,0.27587932542914106,58.35068553474731,True,False,0.3597907138091147,0.0,0.2054026780278309,0.020504240979792022,1.2477685575434875e-09,5.913473125917075e-09,0.0,False,False,False,True,1.0,0.0,0.0,wait_Gm,0,0,0,False,,0.46041190917892094,0.33251953125,False,0.0
25,pressure_negative,291,25.019179313667237,47.30414237184949,182.24192202496556,210.60493864403344,Omega_safe_one_step_QP,False,True,,0.58343929034027,0.5834392903402699,0.9999999999999998,-0.7426756620407104,0.08018875122070312,0.7426756620407104,1.0570868478492637,-1.4541721973196997,233.65538828079238,183.02470038022335,0.055419921875,0.0,-0.3043340234899986,0.03884363134544047,-0.5141346625582682,0.27580238263810086,58.343929034026985,True,False,0.3597539453649986,0.0,0.20539634209078486,0.020491509946170227,1.2528024994945354e-09,5.920193093048684e-09,0.0,False,False,False,True,1.0,0.0,0.0,wait_Gm,0,0,0,False,,0.46038746036116707,0.33251953125,False,0.0
25,pressure_negative,292,25.01917920250036,47.305045177972595,182.2454591620638,210.59724255847797,Omega_safe_one_step_QP,False,True,,0.5833717420448411,0.5833717420448411,1.0,-0.7426639795303345,0.07999379187822342,0.7426639795303345,1.0569552699193783,-1.4537391004182985,233.65538828079238,183.02470038022335,0.055419921875,0.0,-0.30429728563861363,0.03874584499312503,-0.5140992911872857,0.2757254217825462,58.33717420448411,True,False,0.35971720751361363,0.0,0.20539027004800572,0.02047878371506799,1.2511338851808486e-09,5.922973287705195e-09,0.0,False,False,False,True,1.0,0.0,0.0,wait_Gm,0,0,0,False,,0.46036303188695804,0.33251953125,False,0.0
25,pressure_negative,293,25.01917909192695,47.30594793236334,182.2489913946915,210.58954701400162,Omega_safe_one_step_QP,False,True,,0.5833042440060796,0.5833042440060795,0.9999999999999998,-0.7426523566246033,0.07979875057935715,0.7426523566246033,1.0568237037362926,-1.4533060099307562,233.65538828079238,183.02470038022335,0.055419921875,0.0,-0.30426055711594047,0.0386480330604675,-0.5140639688610088,0.2756484663377827,58.33042440060795,True,False,0.35968047899094047,0.0,0.20538475689470034,0.02046606230849282,1.2476667336126284e-09,5.922140478745729e-09,0.0,False,False,False,True,1.0,0.0,0.0,wait_Gm,0,0,0,False,,0.4603386096208887,0.33251953125,False,0.0
25,pressure_negative,294,25.0191789781931,47.306850634288296,182.25269130845433,210.58165489319077,Omega_safe_one_step_QP,False,True,,0.5832343438155686,0.5832343438155684,0.9999999999999997,-0.742638349533081,0.07960041612386703,0.742638349533081,1.056692156830467,-1.4528729246794767,233.65538828079238,183.02470038022335,0.055419921875,0.0,-0.30422379167183106,0.03854876235877091,-0.5140269697233805,0.27556954512967424,58.323434381556844,True,False,0.35964371354683106,0.0,0.20535988759145765,0.02045334482599463,1.368936185237859e-09,6.22855708930692e-09,0.0,False,False,False,True,1.0,0.0,0.0,wait_Gm,0,0,0,False,,0.4603141628547803,0.33251953125,False,0.0
25,pressure_negative,295,25.019178995267932,47.3077533162723,182.25641590148518,210.57365004546233,Omega_safe_one_step_QP,False,True,,0.5831636982277495,0.5831636982277493,0.9999999999999997,-0.7426222562789917,0.07940047979354858,0.7426222562789917,1.0565603613144499,-1.4524398831894574,233.65538828079238,183.02470038022335,0.055419921875,0.0,-0.30418863682545,0.03844901207479467,-0.513989723793072,0.2754894966523898,58.31636982277494,True,False,0.35960855870045,0.0,0.205332448216609,0.02044063110231248,1.3872593245478211e-09,6.40775871555681e-09,0.0,False,False,False,True,1.0,0.0,0.0,wait_Gm,0,0,0,False,,0.4602907872138868,0.33251953125,False,0.0
25,pressure_negative,296,25.019179162456677,47.30865598551314,182.2600320308887,210.5656042326154,Omega_safe_one_step_QP,False,True,,0.5830938199862196,0.5830938199862193,0.9999999999999997,-0.7426057457923889,0.07919934391975403,0.7426057457923889,1.056428278325455,-1.4520068896317213,233.65538828079238,183.02470038022335,0.055419921875,0.0,-0.3041553298888704,0.03834891419954159,-0.5139535624990367,0.2754090385239206,58.30938199862194,True,False,0.3595752517638704,0.0,0.2053180511806886,0.020427921651361147,1.3076391863040184e-09,6.473510436759982e-09,0.0,False,False,False,True,1.0,0.0,0.0,wait_Gm,0,0,0,False,,0.4602686405186279,0.33251953125,False,0.0
25,pressure_negative,297,25.01917939273654,47.30955862586816,182.26349543548625,210.5575546967926,Omega_safe_one_step_QP,False,True,,0.5830252753561249,0.583025275356125,1.0000000000000002,-0.742590606212616,0.07899662852287292,0.742590606212616,1.0562960813585065,-1.451573916240885,233.65538828079238,183.02470038022335,0.055419921875,0.0,-0.30412280049569523,0.03824807725764321,-0.5139189284530613,0.27532854316569255,58.3025275356125,True,False,0.35954272237069523,0.0,0.20532181571913952,0.020415217215988594,1.1995171406257506e-09,6.479502696264222e-09,0.0,False,False,False,True,1.0,0.0,0.0,wait_Gm,0,0,0,False,,0.4602470109510938,0.33251953125,False,0.0
25,pressure_negative,298,25.019179564114214,47.31046121309704,182.2668804254201,210.54952108244973,Omega_safe_one_step_QP,False,True,,0.5829575022496379,0.582957502249638,1.0000000000000002,-0.7425773739814758,0.07879271358251572,0.7425773739814758,1.0561640138005322,-1.4511409249795832,233.65538828079238,183.02470038022335,0.055419921875,0.0,-0.30408954824145135,0.03814649853551042,-0.5138850785537227,0.27524820702226377,58.295750224963804,True,False,0.35950947011645135,0.0,0.20533481280255272,0.02040251818180707,1.1458156852356412e-09,6.453895941009643e-09,0.0,False,False,False,True,1.0,0.0,0.0,wait_Gm,0,0,0,False,,0.4602249006766992,0.33251953125,False,0.0
25,pressure_negative,299,25.019179614384882,47.311363734313005,182.27030156980504,210.5414881662411,Omega_safe_one_step_QP,False,True,,0.5828894188743199,0.5828894188743199,1.0,-0.7425652146339417,0.07858811318874359,0.7425652146339417,1.0560321998361744,-1.45070789674228,233.65538828079238,183.02470038022335,0.055419921875,0.0,-0.3040548080971388,0.03804439019065814,-0.5138508671098734,0.27516787786017743,58.28894188743198,True,False,0.3594747299721388,0.0,0.20534345394720277,0.0203898243682205,1.1704228902538959e-09,6.452774281494018e-09,0.0,False,False,False,True,1.0,0.0,0.0,wait_Gm,0,0,0,False,,0.4602018009172852,0.33251953125,False,0.0
25,concentration_positive,0,26.39,50.125,160.84770183810846,206.89093737298577,Omega_safe_one_step_QP,False,True,,0.24340246921905576,0.24340246921905576,1.0,-0.33473584055900574,0.3588697016239166,0.3588697016239166,-1.9713760271714313,-0.4612714095936162,156.06749765579238,183.02470038022335,0.055419921875,0.0,-0.2547377879890121,0.33251953125,0.047802041823160835,0.23866236992762424,24.340246921905575,True,False,0.33251953125,0.0,4.310408568913408,0.004163909461831337,0.1156934585671165,0.008809166731494468,0.0,False,False,False,True,1.0,1.0,0.0,recover_Bj,2,5,4,True,,0.15181312898006838,0.11445075801659475,False,0.0
25,concentration_positive,1,26.35791664178875,50.119501966341296,156.06749765579238,213.38379791547965,Omega_safe_one_step_QP,False,True,,0.30359097535256296,0.30359097535256296,1.0,-0.7131078243255615,0.14992058277130127,0.7131078243255615,-1.9074686115032926,-0.45084863904839434,156.06749765579238,183.02470038022335,0.055419921875,0.0,-0.387939453125,0.09320988160518955,0.0,0.30359097535256296,30.359097535256296,True,False,0.443359375,0.0,4.8487128906134425,0.0038607962867794887,0.0022850352024632176,0.0042157238024273826,0.009999999999999995,False,False,False,True,1.0,0.0,0.0,recover_Bj,2,4,3,False,,0.16193132109254885,0.12203425034047842,False,0.0
25,concentration_positive,2,26.3219865982544,50.11306348648893,156.06749765579238,216.12238217919554,Omega_safe_one_step_QP,False,True,,0.3309768179897219,0.3309768179897219,1.0,-0.7497739791870117,0.18418991565704346,0.7497739791870117,-1.8358680780843646,-0.43932341083623133,156.06749765579238,183.02470038022335,0.055419921875,0.0,-0.387939453125,0.1089159242036605,0.0,0.3309768179897219,33.09768179897219,True,False,0.443359375,0.0,4.829034485492116,0.003570905105766749,0.0,0.000749984376947232,0.009999999999999995,False,False,False,True,1.0,0.0,0.0,recover_Bj,2,3,2,False,,0.2043893023165137,0.15390104346433559,False,0.0
25,concentration_positive,3,26.28624911390451,50.10656454512995,156.06749765579238,216.97438718535892,Omega_safe_one_step_QP,False,True,,0.3394968680513557,0.3394968680513557,1.0,-0.7425569891929626,0.2088196873664856,0.7425569891929626,-1.7646408178775774,-0.4279126205596403,156.06749765579238,183.02470038022335,0.055419921875,0.0,-0.387939453125,0.12468021636847298,0.0,0.3394968680513557,33.94968680513557,True,False,0.443359375,0.0,4.815059619051576,0.0032940434856651305,0.0,7.25912530527463e-05,0.009999999999999995,False,False,False,True,1.0,0.0,0.0,recover_Bj,2,2,0,False,4,0.24621027720121585,0.18529342904333068,False,0.0
25,concentration_positive,4,26.250703144517505,50.100059847908014,156.06749765579238,217.09567124914798,Omega_safe_one_step_QP,False,True,,0.3407097086892463,0.3407097086892463,1.0,-0.7354167103767395,0.2169104665517807,0.7354167103767395,-1.6937911932091887,-0.41658574645829427,156.06749765579238,183.02470038022335,0.055419921875,0.0,-0.387939453125,0.13076843036662883,0.0,0.3407097086892463,34.07097086892463,True,False,0.443359375,0.0,4.803329439489034,0.003030018684056517,0.0,1.470982412918931e-06,0.009999999999999995,False,False,False,True,1.0,0.0,0.0,wait_Gm,2,0,0,False,,0.28743781574093263,0.21624401673739188,False,0.0
25,concentration_positive,5,26.215347530167932,50.0935701243779,156.06749765579238,216.92401407478798,Omega_safe_one_step_QP,False,True,,0.33899313694564626,0.33899313694564626,1.0,-0.7305229902267456,0.21670901775360107,0.7305229902267456,-1.6233193410646742,-0.40533089949140716,156.06749765579238,183.02470038022335,0.055419921875,0.0,-0.387939453125,0.13152217788283213,0.0,0.33899313694564626,33.899313694564626,True,False,0.443359375,0.0,4.79253388773699,0.0027786397984598723,0.0,2.946618550926186e-06,0.009999999999999995,False,False,False,True,1.0,0.0,0.0,wait_Gm,2,0,0,False,,0.515989780419375,0.33251953125,False,0.0
25,concentration_positive,6,26.180181072437584,50.087103593489346,156.06749765579238,216.62856167956676,Omega_safe_one_step_QP,False,True,,0.33603861299343407,0.33603861299343407,1.0,-0.7283118963241577,0.21170338988304138,0.7283118963241577,-1.5532238508787741,-0.39414305328459737,156.06749765579238,183.02470038022335,0.055419921875,0.0,-0.387939453125,0.12887429561105362,0.0,0.33603861299343407,33.60386129934341,True,False,0.443359375,0.0,4.782166725079801,0.0025397183211702296,0.0,8.729211784195508e-06,0.009999999999999995,False,False,False,True,1.0,0.0,0.0,wait_Gm,2,0,0,False,,0.515989780419375,0.33251953125,False,0.0
25,concentration_positive,7,26.145202563060167,50.080663689109365,156.06749765579238,216.2754722505943,Omega_safe_one_step_QP,False,True,,0.33250771870370954,0.33250771870370954,1.0,-0.7285875082015991,0.20353272557258606,0.7285875082015991,-1.4835027299676955,-0.38301980839563066,156.06749765579238,183.02470038022335,0.055419921875,0.0,-0.387939453125,0.12385353987834158,0.0,0.33250771870370954,33.250771870370954,True,False,0.443359375,0.0,4.772029866598377,0.002313068240958208,0.0,1.2467214485209285e-05,0.009999999999999995,False,False,False,True,1.0,0.0,0.0,wait_Gm,2,0,0,False,,0.515989780419375,0.33251953125,False,0.0
25,concentration_positive,8,26.11041079487226,50.07425198027521,156.06749765579238,215.89020090020682,Omega_safe_one_step_QP,False,True,,0.3286550051998347,0.3286550051998347,1.0,-0.7309507727622986,0.1930704563856125,0.7309507727622986,-1.4141537687025252,-0.37195979125507417,156.06749765579238,183.02470038022335,0.055419921875,0.0,-0.387939453125,0.11710719799994858,0.0,0.3286550051998347,32.86550051998347,True,False,0.443359375,0.0,4.762047027181539,0.0020985060207833013,0.0,1.4843401342939534e-05,0.009999999999999995,False,False,False,True,1.0,0.0,0.0,wait_Gm,2,0,0,False,,0.515989780419375,0.33251953125,False,0.0
25,concentration_positive,9,26.075804566009282,50.06786932068297,156.06749765579238,215.48170217272315,Omega_safe_one_step_QP,False,True,,0.32457001792499796,0.32457001792499796,1.0,-0.7349700331687927,0.1808422952890396,0.7349700331687927,-1.3451746840216925,-0.36096202389822674,156.06749765579238,183.02470038022335,0.055419921875,0.0,-0.387939453125,0.10909033483614207,0.0,0.32457001792499796,32.457001792499796,True,False,0.443359375,0.0,4.752191316936496,0.0018958505463439182,0.0,1.6687121035578168e-05,0.009999999999999995,False,False,False,True,1.0,0.0,0.0,wait_Gm,2,0,0,False,,0.515989780419375,0.33251953125,False,0.0
25,concentration_positive,10,26.041382681424725,50.06151631506435,156.06749765579238,215.05229431338563,Omega_safe_one_step_QP,False,True,,0.3202759393316228,0.3202759393316228,1.0,-0.7402483224868774,0.16719825565814972,0.7402483224868774,-1.276563177293155,-0.3500256681716187,156.06749765579238,183.02470038022335,0.055419921875,0.0,-0.387939453125,0.10014060400792273,0.0,0.3202759393316228,32.02759393316228,True,False,0.443359375,0.0,4.742455730312958,0.0017049230732033576,0.0,1.8439110966082803e-05,0.009999999999999995,False,False,False,True,1.0,0.0,0.0,wait_Gm,2,0,0,False,,0.515989780419375,0.33251953125,False,0.0
25,concentration_positive,11,26.007143953328228,50.05519350757782,156.06749765579238,214.60175468080166,Omega_safe_one_step_QP,False,True,,0.3157705430057831,0.3157705430057831,1.0,-0.7464456558227539,0.1523883044719696,0.7464456558227539,-1.2083169573381698,-0.3391499223316316,156.06749765579238,183.02470038022335,0.055419921875,0.0,-0.387939453125,0.09051266210871373,0.0,0.3157705430057831,31.57705430057831,True,False,0.443359375,0.0,4.732840891508454,0.001525547179051183,0.0,2.0298596052889718e-05,0.009999999999999995,False,False,False,True,1.0,0.0,0.0,wait_Gm,2,0,0,False,,0.515989780419375,0.33251953125,False,0.0
25,concentration_positive,12,25.973087201194765,50.04890145465695,156.06749765579238,214.2324050480214,Omega_safe_one_step_QP,False,True,,0.30789149642052005,0.3078914964205201,1.0000000000000002,-0.7532832622528076,0.13660025596618652,0.7532832622528076,-1.1404337490151129,-0.3283339809925396,156.06749765579238,183.4432554059694,0.055419921875,0.0,-0.387939453125,0.08039871207132049,0.0,0.3078914964205201,30.789149642051996,True,False,0.443359375,0.0,4.723038511315154,0.0013575499769102927,0.0,1.364191512349102e-05,0.009999999999999995,False,False,False,True,1.0,0.0,0.0,wait_Gm,2,0,0,False,,0.515989780419375,0.33251953125,False,0.0
25,concentration_positive,13,25.939211256467946,50.04263775866504,156.06749765579238,214.02925925502916,Omega_safe_one_step_QP,False,True,,0.29510472561663126,0.2951047256166312,0.9999999999999998,-0.7607970833778381,0.12065111100673676,0.7607970833778381,-1.0729109534720873,-0.3175786681185731,156.06749765579238,184.51878669336605,0.055419921875,0.0,-0.387939453125,0.07031020798805633,0.0,0.2951047256166312,29.510472561663107,True,False,0.443359375,0.0,4.7127911523231525,0.0012007623690911285,0.0,4.126821321044819e-06,0.009999999999999995,False,False,False,True,1.0,0.0,0.0,wait_Gm,2,0,0,False,,0.515989780419375,0.33251953125,False,0.0
25,concentration_positive,14,25.905514971240894,50.03639754232649,156.06749765579238,213.8745587309868,Omega_safe_one_step_QP,False,True,,0.2828652320748266,0.2828652320748265,0.9999999999999996,-0.7693870067596436,0.10544717311859131,0.7693870067596436,-1.0057457210755598,-0.3068861798171921,156.06749765579238,185.58803552350415,0.055419921875,0.0,-0.387939453125,0.060763948908199396,0.0,0.2828652320748265,28.286523207482645,True,False,0.443359375,0.0,4.7024511741512285,0.0010550165867644866,0.0,2.393225213898349e-06,0.009999999999999995,False,False,False,True,1.0,0.0,0.0,wait_Gm,2,0,0,False,,0.515989780419375,0.33251953125,False,0.0
25,concentration_positive,15,25.87199721656575,50.030179324852945,156.06749765579238,214.11241774378283,Omega_safe_one_step_QP,False,True,,0.2746144950880953,0.2746144950880954,1.0000000000000002,-0.7862033247947693,0.0940464437007904,0.7862033247947693,-0.9389356394453439,-0.29625685270250063,156.06749765579238,186.65096823497328,0.055419921875,0.0,-0.387939453125,0.053035100698715,0.0,0.2746144950880954,27.46144950880955,True,False,0.443359375,0.0,4.690980992416935,0.0009201524077856671,0.0,5.657690996830505e-06,0.009999999999999995,False,False,False,True,1.0,0.0,0.0,wait_Gm,2,0,0,False,,0.515989780419375,0.33251953125,False,0.0
25,concentration_positive,16,25.838656892909174,50.02397165021101,156.06749765579238,214.66285350747313,Omega_safe_one_step_QP,False,True,,0.2695585206203816,0.2695585206203817,1.0000000000000004,-0.8056274652481079,0.0888524278998375,0.8056274652481079,-0.8724771807711781,-0.2856965205978839,156.06749765579238,187.70700144543497,0.055419921875,0.0,-0.387939453125,0.048897981511557005,0.0,0.2695585206203817,26.95585206203816,True,False,0.443359375,0.0,4.678616357138313,0.0007960120595215365,0.0,3.029795299493263e-05,0.009999999999999995,False,False,False,True,1.0,0.0,0.0,wait_Gm,2,0,0,False,,0.515989780419375,0.33251953125,False,0.0
25,concentration_positive,17,25.805492942102777,50.017765441265944,156.06749765579238,215.2581566607891,Omega_safe_one_step_QP,False,True,,0.26502475833138706,0.265024758331387,0.9999999999999998,-0.8245025873184204,0.08596553653478622,0.8245025873184204,-0.8063671789293183,-0.2752097267757295,156.06749765579238,188.7556808276504,0.055419921875,0.0,-0.387939453125,0.04622620612211993,0.0,0.265024758331387,26.502475833138703,True,False,0.443359375,0.0,4.666159589736116,0.0006824366391309251,0.0,3.5438584434793416e-05,0.009999999999999995,False,False,False,True,1.0,0.0,0.0,wait_Gm,2,0,0,False,,0.515989780419375,0.33251953125,False,0.0
25,concentration_positive,18,25.77250433054765,50.01155941610594,156.06749765579238,215.79127198169414,Omega_safe_one_step_QP,False,True,,0.2599429235425951,0.2599429235425949,0.9999999999999993,-0.8419904112815857,0.08342353999614716,0.8419904112815857,-0.7406034336409482,-0.26479673877788706,156.06749765579238,189.79697962743464,0.055419921875,0.0,-0.387939453125,0.04392758879128129,0.0,0.2599429235425949,25.9942923542595,True,False,0.443359375,0.0,4.653932386934007,0.000579267619368058,0.0,2.8421194538368363e-05,0.009999999999999995,False,False,False,True,1.0,0.0,0.0,wait_Gm,2,0,0,False,,0.515989780419375,0.33251953125,False,0.0
25,concentration_positive,19,25.73969003149584,50.00535536893504,156.06749765579238,216.2307524432276,Omega_safe_one_step_QP,False,True,,0.25399712508393957,0.2539971250839396,1.0000000000000002,-0.8579151630401611,0.08051109313964844,0.8579151630401611,-0.6751841202972367,-0.25445613570389713,156.06749765579238,190.83103993483363,0.055419921875,0.0,-0.387939453125,0.04160708362872277,0.0,0.2539971250839396,25.399712508393975,True,False,0.443359375,0.0,4.6420299996246515,0.0004863477145093583,0.0,1.931430760696661e-05,0.009999999999999995,False,False,False,True,1.0,0.0,0.0,wait_Gm,2,0,0,False,,0.515989780419375,0.33251953125,False,0.0
25,concentration_positive,20,26.707049018647535,49.99915596574072,156.06749765579238,220.389708129982,Omega_safe_one_step_QP,False,True,,0.3736500774975866,0.3736500774975866,1.0,-0.6632475852966309,0.345334529876709,0.6632475852966309,-2.5814835451466256,-0.6652420896803221,156.06749765579238,183.02470038022335,0.055419921875,0.0,-0.387939453125,0.2308448680798149,0.0,0.3736500774975866,37.36500774975866,True,False,0.443359375,0.0,4.859433455610497,0.007323916907568971,0.0,0.001729691240438685,0.009999999999999995,False,False,False,True,1.0,1.0,0.0,recover_Bj,1,4,3,True,,0.2071313384618555,0.15576346955256765,False,0.0
25,concentration_positive,21,26.669846610695515,49.99250961598518,156.06749765579238,221.54330831970043,Omega_safe_one_step_QP,False,True,,0.3851860793947708,0.3851860793947708,1.0,-0.647711455821991,0.38300615549087524,0.647711455821991,-2.507362672271394,-0.6532971902730519,156.06749765579238,183.02470038022335,0.055419921875,0.0,-0.387939453125,0.26216823586065396,0.0,0.3851860793947708,38.51860793947708,True,False,0.443359375,0.0,4.844134887520613,0.006913577832141585,0.0,0.00013307933977183697,0.009999999999999995,False,False,False,True,1.0,0.0,0.0,recover_Bj,1,3,1,False,,0.2531160883847168,0.19032161120202412,False,0.0
25,concentration_positive,22,26.632844957486363,49.98585068686189,156.06749765579238,221.62720184266988,Omega_safe_one_step_QP,False,True,,0.38602501462446526,0.38602501462446526,1.0,-0.6303293704986572,0.3979349434375763,0.6303293704986572,-2.4336366126980433,-0.6414438077263839,156.06749765579238,183.02470038022335,0.055419921875,0.0,-0.387939453125,0.27989840878518923,0.0,0.38602501462446526,38.602501462446526,True,False,0.443359375,0.0,4.832100963117464,0.006517757103228261,0.0,7.038123196225144e-07,0.009999999999999995,False,False,False,True,1.0,0.0,0.0,recover_Bj,1,1,0,False,3,0.04219216422950686,0.031729972426523353,False,0.0
25,concentration_positive,23,26.596042837002443,49.97920852918434,156.06749765579238,221.29944530449762,Omega_safe_one_step_QP,False,True,,0.38274744924274273,0.38274744924274273,1.0,-0.6169305443763733,0.40059149265289307,0.6169305443763733,-2.360306400014564,-0.629665287378283,156.06749765579238,183.02470038022335,0.055419921875,0.0,-0.387939453125,0.2878865302291646,0.0,0.38274744924274273,38.27474492427427,True,False,0.443359375,0.0,4.821362060213369,0.006136235404868709,0.0,1.0742434831465919e-05,0.009999999999999995,False,False,False,True,1.0,0.0,0.0,wait_Gm,1,0,0,False,,0.34322751825947756,0.258052725550175,False,0.0
25,concentration_positive,24,26.55943896942584,49.9725943256601,156.06749765579238,220.84471446421418,Omega_safe_one_step_QP,False,True,,0.37820014083990827,0.37820014083990827,1.0,-0.6081932783126831,0.39688795804977417,0.6081932783126831,-2.287370816453861,-0.6179549398023306,156.06749765579238,183.02470038022335,0.055419921875,0.0,-0.387939453125,0.28932249549707756,0.0,0.37820014083990827,37.82001408399083,True,False,0.443359375,0.0,4.811065322364252,0.0057688006999942485,0.0,2.0678013710488888e-05,0.009999999999999995,False,False,False,True,1.0,0.0,0.0,wait_Gm,1,0,0,False,,0.515989780419375,0.33251953125,False,0.0
25,concentration_positive,25,26.523032060713806,49.96601149227649,156.06749765579238,220.4117522704783,Omega_safe_one_step_QP,False,True,,0.3738705189025495,0.3738705189025495,1.0,-0.6034308075904846,0.3906943202018738,0.6034308075904846,-2.2148277025984733,-0.6063103400661652,156.06749765579238,183.02470038022335,0.055419921875,0.0,-0.387939453125,0.287055263738384,0.0,0.3738705189025495,37.38705189025495,True,False,0.443359375,0.0,4.800763923606524,0.00541524665513314,0.0,1.874562612045815e-05,0.009999999999999995,False,False,False,True,1.0,0.0,0.0,wait_Gm,1,0,0,False,,0.515989780419375,0.33251953125,False,0.0
25,concentration_positive,26,26.486820822343812,49.95945937146965,156.06749765579238,220.0252098161164,Omega_safe_one_step_QP,False,True,,0.37000509435893036,0.37000509435893036,1.0,-0.6026868224143982,0.38253381848335266,0.6026868224143982,-2.1426744308319408,-0.5947313053958155,156.06749765579238,183.02470038022335,0.055419921875,0.0,-0.387939453125,0.2814064425694849,0.0,0.37000509435893036,37.000509435893036,True,False,0.443359375,0.0,4.790383018616257,0.005075370438085704,0.0,1.494150690241336e-05,0.009999999999999995,False,False,False,True,1.0,0.0,0.0,wait_Gm,1,0,0,False,,0.515989780419375,0.33251953125,False,0.0
25,concentration_positive,27,26.450803979125713,49.95293661922115,156.06749765579238,219.68248014879833,Omega_safe_one_step_QP,False,True,,0.36657779768574983,0.36657779768574983,1.0,-0.6053141355514526,0.3728330433368683,0.6053141355514526,-2.0709083192541797,-0.5832180361061554,156.06749765579238,183.02470038022335,0.055419921875,0.0,-0.387939453125,0.27307973722204804,0.0,0.36657779768574983,36.65777976857498,True,False,0.443359375,0.0,4.779929567142826,0.004748972123585481,0.0,1.1746362485994365e-05,0.009999999999999995,False,False,False,True,1.0,0.0,0.0,wait_Gm,1,0,0,False,,0.515989780419375,0.33251953125,False,0.0
25,concentration_positive,28,26.414980270097658,49.94644195482319,156.06749765579238,219.37356158293738,Omega_safe_one_step_QP,False,True,,0.36348861202714033,0.36348861202714033,1.0,-0.6106110215187073,0.3618927001953125,0.6106110215187073,-1.9995267216595167,-0.571770703727239,156.06749765579238,183.02470038022335,0.055419921875,0.0,-0.387939453125,0.262767155719839,0.0,0.36348861202714033,36.34886120271403,True,False,0.443359375,0.0,4.769432833963711,0.004435854438735634,0.0,9.543068033358578e-06,0.009999999999999995,False,False,False,True,1.0,0.0,0.0,wait_Gm,1,0,0,False,,0.515989780419375,0.33251953125,False,0.0
25,concentration_positive,29,26.3793484478346,49.93997436822473,156.06749765579238,219.08644998172718,Omega_safe_one_step_QP,False,True,,0.36061749601503834,0.36061749601503834,1.0,-0.6179481744766235,0.349914014339447,0.6179481744766235,-1.928527050565509,-0.5603893367054379,156.06749765579238,183.02470038022335,0.055419921875,0.0,-0.387939453125,0.25105286350699785,0.0,0.36061749601503834,36.061749601503834,True,False,0.443359375,0.0,4.7589282373161135,0.004135822608941904,0.0,8.24330715494845e-06,0.009999999999999995,False,False,False,True,1.0,0.0,0.0,wait_Gm,1,0,0,False,,0.515989780419375,0.33251953125,False,0.0
25,concentration_positive,30,26.343907277326867,49.93353317885441,156.06749765579238,218.80959441903002,Omega_safe_one_step_QP,False,True,,0.3578489403880667,0.3578489403880667,1.0,-0.6267872452735901,0.3370402157306671,0.6267872452735901,-1.8579067819193618,-0.5490737875874206,156.06749765579238,183.02470038022335,0.055419921875,0.0,-0.387939453125,0.23840615858573858,0.0,0.3578489403880667,35.78489403880667,True,False,0.443359375,0.0,4.748449977377491,0.0038486842630279534,0.0,7.66490025963637e-06,0.009999999999999995,False,False,False,True,1.0,0.0,0.0,wait_Gm,1,0,0,False,,0.515989780419375,0.33251953125,False,0.0
25,concentration_positive,31,26.308655534791114,49.927118025843946,156.06749765579238,218.53293176816265,Omega_safe_one_step_QP,False,True,,0.35508231387939304,0.35508231387939304,1.0,-0.6366815567016602,0.3233793377876282,0.6366815567016602,-1.7876634515998597,-0.5378237378944098,156.06749765579238,183.02470038022335,0.055419921875,0.0,-0.387939453125,0.22518833721552162,0.0,0.35508231387939304,35.508231387939304,True,False,0.443359375,0.0,4.738027915210392,0.0035742493743545654,0.0,7.654222238495766e-06,0.009999999999999995,False,False,False,True,1.0,0.0,0.0,wait_Gm,1,0,0,False,,0.515989780419375,0.33251953125,False,0.0
25,concentration_positive,32,26.27359200657544,49.920728828832246,156.06749765579238,218.24821703037202,Omega_safe_one_step_QP,False,True,,0.3522351665014867,0.3522351665014867,1.0,-0.6472705006599426,0.3090158700942993,0.6472705006599426,-1.7177946486435431,-0.5266387192119403,156.06749765579238,183.02470038022335,0.055419921875,0.0,-0.387939453125,0.2116658844955894,0.0,0.3522351665014867,35.22351665014867,True,False,0.443359375,0.0,4.727686560294514,0.003312330223948731,0.0,8.106248191519101e-06,0.009999999999999995,False,False,False,True,1.0,0.0,0.0,wait_Gm,1,0,0,False,,0.515989780419375,0.33251953125,False,0.0
25,concentration_positive,33,26.238715488221533,49.914365739026785,156.06749765579238,217.94903522666033,Omega_safe_one_step_QP,False,True,,0.3492433484643698,0.3492433484643698,1.0,-0.6582682132720947,0.29401952028274536,0.6582682132720947,-1.648298007634249,-0.5155181397027055,156.06749765579238,183.02470038022335,0.055419921875,0.0,-0.387939453125,0.19802917431237882,0.0,0.3492433484643698,34.92433484643698,True,False,0.443359375,0.0,4.7174450130929015,0.003062741377642795,0.0,8.950975167218022e-06,0.009999999999999995,False,False,False,True,1.0,0.0,0.0,wait_Gm,1,0,0,False,,0.515989780419375,0.33251953125,False,0.0
25,concentration_positive,34,26.204024783698976,49.908029089534146,156.06749765579238,217.6306111285831,Omega_safe_one_step_QP,False,True,,0.3460591074835975,0.3460591074835975,1.0,-0.6694534420967102,0.27844852209091187,0.6694534420967102,-1.5791712013461303,-0.5044613110937405,156.06749765579238,183.02470038022335,0.055419921875,0.0,-0.387939453125,0.18440828735938625,0.0,0.3460591074835975,34.60591074835975,True,False,0.443359375,0.0,4.707317516323228,0.00282529967036004,0.0,1.0139390623629748e-05,0.009999999999999995,False,False,False,True,1.0,0.0,0.0,wait_Gm,1,0,0,False,,0.515989780419375,0.33251953125,False,0.0
25,concentration_positive,35,26.169518704802503,49.90171935071539,156.06749765579238,217.30840410880234,Omega_safe_one_step_QP,False,True,,0.34283703728578985,0.34283703728578985,1.0,-0.6807944774627686,0.26267534494400024,0.6807944774627686,-1.5104119342991604,-0.4934674729693814,156.06749765579238,183.02470038022335,0.055419921875,0.0,-0.387939453125,0.17106422072680563,0.0,0.34283703728578985,34.283703728578985,True,False,0.443359375,0.0,4.697257423077344,0.0025998248099509615,0.0,1.0381736359600066e-05,0.009999999999999995,False,False,False,True,1.0,0.0,0.0,wait_Gm,1,0,0,False,,0.515989780419375,0.33251953125,False,0.0
25,concentration_positive,36,26.135196071560028,49.89543656051649,156.06749765579238,216.96995285590134,Omega_safe_one_step_QP,False,True,,0.3394525247567799,0.3394525247567799,1.0,-0.6921349763870239,0.24653618037700653,0.6921349763870239,-1.4420178765340144,-0.4825361061690658,156.06749765579238,183.02470038022335,0.055419921875,0.0,-0.387939453125,0.157923137214376,0.0,0.3394525247567799,33.94525247567799,True,False,0.443359375,0.0,4.687302004125704,0.0023861384869277623,0.0,1.1454925059025348e-05,0.009999999999999995,False,False,False,True,1.0,0.0,0.0,wait_Gm,1,0,0,False,,0.515989780419375,0.33251953125,False,0.0
25,concentration_positive,37,26.10105571228139,49.88918111058318,156.06749765579238,216.60895470256406,Omega_safe_one_step_QP,False,True,,0.3358425432234071,0.3358425432234071,1.0,-0.703295111656189,0.23002374172210693,0.703295111656189,-1.3739867561974755,-0.4716665005705838,156.06749765579238,183.02470038022335,0.055419921875,0.0,-0.387939453125,0.14500766559419795,0.0,0.3358425432234071,33.58425432234071,True,False,0.443359375,0.0,4.677470135267481,0.002184064489440759,0.0,1.3031966671292449e-05,0.009999999999999995,False,False,False,True,1.0,0.0,0.0,wait_Gm,1,0,0,False,,0.515989780419375,0.33251953125,False,0.0
25,concentration_positive,38,26.06709646260624,49.882953574883615,156.06749765579238,216.22287404741115,Omega_safe_one_step_QP,False,True,,0.331981736671878,0.331981736671878,1.0,-0.7141924500465393,0.21314266324043274,0.7141924500465393,-1.3063163374983184,-0.46085784891858506,156.06749765579238,183.02470038022335,0.055419921875,0.0,-0.387939453125,0.1323155935825923,0.0,0.331981736671878,33.1981736671878,True,False,0.443359375,0.0,4.667769426290975,0.00199342877329429,0.0,1.4905827228329978e-05,0.009999999999999995,False,False,False,True,1.0,0.0,0.0,wait_Gm,1,0,0,False,,0.515989780419375,0.33251953125,False,0.0
25,concentration_positive,39,26.033317165012335,49.876754604592925,156.06749765579238,215.81086723151572,Omega_safe_one_step_QP,False,True,,0.32786166851292364,0.32786166851292364,1.0,-0.7247768044471741,0.19591155648231506,0.7247768044471741,-1.2390044073671214,-0.4501093044135368,156.06749765579238,183.02470038022335,0.055419921875,0.0,-0.387939453125,0.11984272220677451,0.0,0.32786166851292364,32.786166851292364,True,False,0.443359375,0.0,4.658202425829781,0.0018140594805682554,0.0,1.697496163442975e-05,0.009999999999999995,False,False,False,True,1.0,0.0,0.0,wait_Gm,1,0,0,False,,0.515989780419375,0.33251953125,False,0.0
25,concentration_positive,40,26.999716668576546,49.87058488099512,160.06160303228722,217.54841285135086,Omega_safe_one_step_QP,False,True,,0.3475398682953698,0.34753986829536987,1.0000000000000002,-0.5191230773925781,0.47109493613243103,0.5191230773925781,-3.1434247966119875,-0.8604760786448782,156.06749765579238,183.02470038022335,0.055419921875,0.0,-0.3109999844241248,0.33251953125,0.03994105376494844,0.3452371247112751,34.753986829536984,True,False,0.3664199062991248,0.0,4.408132223912421,0.01119401024477177,0.0015952877758545017,0.0003019064781008301,0.0,False,False,False,True,1.0,1.0,0.0,wait_Gm,0,0,0,True,0,0.515989780419375,0.33251953125,False,0.0
25,concentration_positive,41,26.96497036581999,49.86467319047868,162.5530434045207,215.97200080129738,Omega_safe_one_step_QP,False,True,,0.3357956087704771,0.3357956087704771,1.0,-0.4655161499977112,0.4954190254211426,0.4954190254211426,-3.0742410625214913,-0.8491624962916291,156.06749765579238,183.02470038022335,0.055419921875,0.0,-0.25702914455913217,0.33251953125,0.06485545748728327,0.32947300421074033,33.57956087704771,True,False,0.33251953125,0.0,4.1059537158756845,0.010751936659637364,0.0006207275128394921,0.0002485074951553807,0.0,False,False,False,True,1.0,0.0,0.0,wait_Gm,0,0,0,False,,0.515989780419375,0.33251953125,False,0.0
25,concentration_positive,42,26.932547143761322,49.85922128605525,163.0604295948136,215.00309452956031,Omega_safe_one_step_QP,False,True,,0.3273406160979923,0.3273406160979923,1.0,-0.43083176016807556,0.48084986209869385,0.48084986209869385,-3.009691443494761,-0.8385742924454822,156.06749765579238,183.02470038022335,0.055419921875,0.0,-0.2425108590831881,0.33251953125,0.06992931939021219,0.31978394149336964,32.73406160979923,True,False,0.33251953125,0.0,4.038430230972026,0.010327285202369038,2.574407460999339e-05,9.387793634114268e-05,0.0,False,False,False,True,1.0,0.0,0.0,wait_Gm,0,0,0,False,,0.515989780419375,0.33251953125,False,0.0
25,concentration_positive,43,26.900727111496884,49.85389439492227,162.88542288971016,214.12793547922234,Omega_safe_one_step_QP,False,True,,0.3184172322784833,0.3184172322784833,1.0,-0.4185487926006317,0.4676903486251831,0.4676903486251831,-2.9463459919904977,-0.8281713665036098,156.06749765579238,183.02470038022335,0.055419921875,0.0,-0.2421608358420121,0.33251953125,0.06817925233917776,0.31103235098998994,31.841723227848327,True,False,0.33251953125,0.0,4.051899595665077,0.009911941489066604,3.0627346831163138e-06,7.65903363388458e-05,0.0,False,False,False,True,1.0,0.0,0.0,wait_Gm,0,0,0,False,,0.515989780419375,0.33251953125,False,0.0
25,concentration_positive,44,26.868921084117193,49.84858079502767,162.44961227352846,213.35130416398357,Omega_safe_one_step_QP,False,True,,0.3099087420598361,0.3099087420598361,1.0,-0.4160844683647156,0.4560123682022095,0.4560123682022095,-2.8830300509863362,-0.8177670664901365,156.06749765579238,183.02470038022335,0.055419921875,0.0,-0.24798459525794192,0.33251953125,0.06382114617736079,0.3032660378376022,30.99087420598361,True,False,0.33251953125,0.0,4.096067993480201,0.00950308461822183,1.8993089317667102e-05,6.031561998095077e-05,0.0,False,False,False,True,1.0,0.0,0.0,wait_Gm,0,0,0,False,,0.515989780419375,0.33251953125,False,0.0
25,concentration_positive,45,26.836905898011704,49.84323615436135,161.86520603518815,212.61182687437582,Omega_safe_one_step_QP,False,True,,0.30149817190714356,0.30149817190714356,1.0,-0.41883382201194763,0.4448930621147156,0.4448930621147156,-2.819298458185304,-0.8072918022647165,156.06749765579238,183.02470038022335,0.055419921875,0.0,-0.25762255513073923,0.33251953125,0.05797708379395772,0.2958712649415247,30.14981719071436,True,False,0.33251953125,0.0,4.157715911378859,0.00909935582569823,3.415306514110677e-05,5.468266618456218e-05,0.0,False,False,False,True,1.0,0.0,0.0,wait_Gm,0,0,0,False,,0.515989780419375,0.33251953125,False,0.0
25,concentration_positive,46,26.80455629161348,49.83783590865516,161.19917034525074,211.90118726069528,Omega_safe_one_step_QP,False,True,,0.29328920183835616,0.29328920183835616,1.0,-0.4246162176132202,0.43420737981796265,0.43420737981796265,-2.754901379000225,-0.7967063368839181,156.06749765579238,183.02470038022335,0.055419921875,0.0,-0.26975461961043007,0.33251953125,0.05131672689458355,0.2887648688047193,29.328920183835617,True,False,0.33251953125,0.0,4.2288713317496605,0.008700245612221116,4.4360354027041036e-05,5.050086605320293e-05,0.0,False,False,False,True,1.0,0.0,0.0,wait_Gm,0,0,0,False,,0.515989780419375,0.33251953125,False,0.0
25,concentration_positive,47,26.771805313097357,49.83236647280815,160.60619641472624,211.74798289564393,Omega_safe_one_step_QP,False,True,,0.2907966204901655,0.29079662049016547,0.9999999999999998,-0.4319036900997162,0.4245571196079254,0.4319036900997162,-2.6897052211909367,-0.7859899483236488,156.06749765579238,183.02470038022335,0.055419921875,0.0,-0.28285355404675894,0.33251953125,0.04538698758933862,0.2872328251542058,29.079662049016548,True,False,0.33827347592175894,0.0,4.289540494375483,0.008306903548677242,3.51618082281667e-05,2.347157747078777e-06,0.0,False,False,False,True,1.0,0.0,0.0,wait_Gm,0,0,0,False,,0.515989780419375,0.33251953125,False,0.0
25,concentration_positive,48,26.73871858506446,49.82682338789354,160.18001759988172,212.33665598690465,Omega_safe_one_step_QP,False,True,,0.2959904663631225,0.2959904663631225,1.0,-0.4407553970813751,0.4186785817146301,0.4407553970813751,-2.6238388204610668,-0.7751727179230491,156.06749765579238,183.02470038022335,0.055419921875,0.0,-0.2946332798751223,0.33251953125,0.041125199440893434,0.29311955606681295,29.599046636312252,True,False,0.3500532017501223,0.0,4.328044763412131,0.007921319281730356,1.8162838222227895e-05,3.465360083744477e-05,0.0,False,False,False,True,1.0,0.0,0.0,wait_Gm,0,0,0,False,,0.515989780419375,0.33251953125,False,0.0
25,concentration_positive,49,26.70544106882038,49.821211673547296,159.8981414788036,212.98365848040163,Omega_safe_one_step_QP,False,True,,0.3020286414476302,0.30202864144763025,1.0000000000000002,-0.45048418641090393,0.4180411696434021,0.45048418641090393,-2.557588534290924,-0.7643129214030935,156.06749765579238,183.02470038022335,0.055419921875,0.0,-0.30290552877061344,0.33251953125,0.038306438230112316,0.2995895810017828,30.202864144763023,True,False,0.35832545064561344,0.0,4.349152836724156,0.007545054247571132,7.94541476340432e-06,4.1861222659131514e-05,1.5791884550135174e-06,False,False,False,True,1.0,0.0,0.0,wait_Gm,0,0,0,False,,0.515989780419375,0.33251953125,False,0.0
25,concentration_positive,50,26.6720973425137,49.815552865695196,159.6033858534464,213.6013575348207,Omega_safe_one_step_QP,False,True,,0.30780423455438327,0.30780423455438327,1.0,-0.45977234840393066,0.4171961843967438,0.45977234840393066,-2.4912024806921553,-0.7534511707533368,156.06749765579238,183.02470038022335,0.055419921875,0.0,-0.31103425841443016,0.33251953125,0.0353588819765403,0.3057665715459734,30.780423455438328,True,False,0.36645418028943016,0.0,4.371843265259777,0.0071780610653854205,8.688087867971255e-06,3.815521218302046e-05,7.840461012217583e-05,False,False,False,True,1.0,0.0,0.0,wait_Gm,0,0,0,False,,0.515989780419375,0.33251953125,False,0.0
25,concentration_positive,51,26.63867732500878,49.8098459206585,159.24739964339142,214.26263418240893,Omega_safe_one_step_QP,False,True,,0.31399367587269406,0.3139936758726941,1.0000000000000002,-0.46971577405929565,0.4157729744911194,0.46971577405929565,-2.4246606570462195,-0.7425837940254134,156.06749765579238,183.02470038022335,0.055419921875,0.0,-0.32024102434714075,0.33251953125,0.031799019875990375,0.3123793380218558,31.39936758726941,True,False,0.37566094622214075,0.0,4.401638393844014,0.006819878272169341,1.2672618174931796e-05,4.372868046455389e-05,0.0003251159530790769,False,False,False,True,1.0,0.0,0.0,wait_Gm,0,0,0,False,,0.515989780419375,0.33251953125,False,0.0
25,concentration_positive,52,26.605130002729304,49.80407996785579,158.8013179145534,215.01540455053515,Omega_safe_one_step_QP,False,True,,0.3210730332057828,0.3210730332057828,1.0,-0.4810349643230438,0.4138220250606537,0.4810349643230438,-2.3578612114106727,-0.7316952876551478,156.06749765579238,183.02470038022335,0.055419921875,0.0,-0.3311074042819746,0.33251953125,0.027338202587610272,0.319907041703118,32.10730332057828,True,False,0.3865273261569746,0.0,4.441806515361936,0.006469864686491208,1.989889088031078e-05,5.666632271288863e-05,0.0008720042562781715,False,False,False,True,1.0,0.0,0.0,wait_Gm,0,0,0,False,,0.515989780419375,0.33251953125,False,0.0
25,concentration_positive,53,26.57138037427978,49.79823820234961,158.31330749813912,215.794493509633,Omega_safe_one_step_QP,False,True,,0.3284665894108998,0.3284665894108998,1.0,-0.4927498996257782,0.4119061231613159,0.4927498996257782,-2.2906543047263104,-0.7207633108235608,156.06749765579238,183.02470038022335,0.055419921875,0.0,-0.34236237956187304,0.33251953125,0.022458098423467465,0.32769793129409663,32.84665894108998,True,False,0.39778230143687304,0.0,4.486795830573596,0.006127878916918786,2.381541665288424e-05,6.069796061881905e-05,0.0017731905577880597,False,False,False,True,1.0,0.0,0.0,wait_Gm,0,0,0,False,,0.515989780419375,0.33251953125,False,0.0
25,concentration_positive,54,26.53739490345809,49.7923134492913,157.7664184931133,216.56432864681307,Omega_safe_one_step_QP,False,True,,0.33582629382948964,0.33582629382948964,1.0,-0.5043256878852844,0.40934693813323975,0.5043256878852844,-2.222972974594764,-0.7097776869045515,156.06749765579238,183.02470038022335,0.055419921875,0.0,-0.35425247508418756,0.33251953125,0.016989208373209108,0.33539628266589716,33.582629382948966,True,False,0.40967239695918756,0.0,4.538716255923391,0.005793686631076035,2.9908758381814496e-05,5.9264613843703055e-05,0.0031591758775806416,False,False,False,True,1.0,0.0,0.0,wait_Gm,0,0,0,False,,0.515989780419375,0.33251953125,False,0.0
25,concentration_positive,55,26.503126047647594,49.78629686799846,156.75478472215775,217.74685570114713,Omega_safe_one_step_QP,False,True,,0.3472895670246874,0.3472895670246874,1.0,-0.5221070051193237,0.40356236696243286,0.5221070051193237,-2.154722450823519,-0.6987232577469934,156.06749765579238,183.02470038022335,0.055419921875,0.0,-0.3747757326687253,0.33251953125,0.0068728706636537185,0.34722155320923775,34.728956702468736,True,False,0.4301956545437253,0.0,4.644504490749959,0.00546396700271093,0.00010234028865377281,0.00013983702342319873,0.006770599255308084,False,False,False,True,1.0,0.0,0.0,wait_Gm,0,0,0,False,,0.515989780419375,0.33251953125,False,0.0
25,concentration_positive,56,26.46818411399645,49.780102999115776,156.06749765579238,218.9440665168823,Omega_safe_one_step_QP,False,True,,0.35919366136658937,0.35919366136658937,1.0,-0.5533746480941772,0.3951326906681061,0.5533746480941772,-2.0851244417674186,-0.6874829287274337,156.06749765579238,183.02470038022335,0.055419921875,0.0,-0.387939453125,0.3165771749392926,0.0,0.35919366136658937,35.91936613665894,True,False,0.443359375,0.0,4.711473200229912,0.005141860368744552,4.723635115931185e-05,0.00014333137373132504,0.009999999999999995,False,False,False,True,1.0,0.0,0.0,wait_Gm,0,0,0,False,,0.515989780419375,0.33251953125,False,0.0
25,concentration_positive,57,26.432848338279655,49.773783887196025,156.06749765579238,219.46884813503317,Omega_safe_one_step_QP,False,True,,0.3644414775480982,0.3644414775480982,1.0,-0.5793302655220032,0.3875024616718292,0.5793302655220032,-2.0147355441727783,-0.6761456566775731,156.06749765579238,183.02470038022335,0.055419921875,0.0,-0.387939453125,0.296554244517126,0.0,0.3644414775480982,36.44414775480982,True,False,0.443359375,0.0,4.69865852322876,0.004832732898091634,0.0,2.7539574674905856e-05,0.009999999999999995,False,False,False,True,1.0,0.0,0.0,wait_Gm,0,0,0,False,,0.515989780419375,0.33251953125,False,0.0
25,concentration_positive,58,26.3977009281817,49.76746835997079,156.06749765579238,219.55332237546287,Omega_safe_one_step_QP,False,True,,0.3652862199523952,0.3652862199523952,1.0,-0.5944251418113708,0.3780866265296936,0.5944251418113708,-1.9447186606013396,-0.6648857482168025,156.06749765579238,183.02470038022335,0.055419921875,0.0,-0.387939453125,0.28200060637283225,0.0,0.3652862199523952,36.52862199523952,True,False,0.443359375,0.0,4.68721687326236,0.00453637560225203,0.0,7.135897296174664e-07,0.009999999999999995,False,False,False,True,1.0,0.0,0.0,wait_Gm,0,0,0,False,,0.515989780419375,0.33251953125,False,0.0
25,concentration_positive,59,26.36274073216556,49.76116858973122,156.06749765579238,219.4710553899077,Omega_safe_one_step_QP,False,True,,0.3644635500968434,0.3644635500968434,1.0,-0.6079477071762085,0.3660891652107239,0.6079477071762085,-1.875072947899994,-0.6536960247627587,156.06749765579238,183.02470038022335,0.055419921875,0.0,-0.387939453125,0.2669786587994391,0.0,0.3644635500968434,36.44635500968434,True,False,0.443359375,0.0,4.676329242005913,0.004252594294121462,0.0,6.767856912336099e-07,0.009999999999999995,False,False,False,True,1.0,0.0,0.0,wait_Gm,0,0,0,False,,0.515989780419375,0.33251953125,False,0.0
25,concentration_positive,60,26.327966579960403,49.75488911918552,156.06749765579238,219.30596712761513,Omega_safe_one_step_QP,False,True,,0.3628126674739178,0.3628126674739178,1.0,-0.6212589144706726,0.35238218307495117,0.6212589144706726,-1.8057966284067555,-0.6425734949064751,156.06749765579238,183.02470038022335,0.055419921875,0.0,-0.387939453125,0.2514763825680622,0.0,0.3628126674739178,36.28126674739178,True,False,0.443359375,0.0,4.665744548699163,0.003981200955913064,0.0,2.725413434677592e-06,0.009999999999999995,False,False,False,True,1.0,0.0,0.0,wait_Gm,0,0,0,False,,0.515989780419375,0.33251953125,False,0.0
25,concentration_positive,61,26.2933772991065,49.7486321644644,156.06749765579238,219.0909028095794,Omega_safe_one_step_QP,False,True,,0.36066202429356053,0.36066202429356053,1.0,-0.6344300508499146,0.3376530408859253,0.6344300508499146,-1.7368876465054932,-0.6315164455786396,156.06749765579238,183.02470038022335,0.055419921875,0.0,-0.387939453125,0.23596240590035952,0.0,0.36066202429356053,36.06620242935605,True,False,0.443359375,0.0,4.655364543625397,0.003722011416023373,0.0,4.625266089217329e-06,0.009999999999999995,False,False,False,True,1.0,0.0,0.0,wait_Gm,0,0,0,False,,0.515989780419375,0.33251953125,False,0.0
25,concentration_positive,62,26.258971720285246,49.74239903479297,156.06749765579238,218.83820615027986,Omega_safe_one_step_QP,False,True,,0.3581350577005651,0.3581350577005651,1.0,-0.6474170088768005,0.32221323251724243,0.6474170088768005,-1.6683438461670639,-0.6205236637023537,156.06749765579238,183.02470038022335,0.055419921875,0.0,-0.387939453125,0.2206557063327926,0.0,0.3581350577005651,35.81350577005651,True,False,0.443359375,0.0,4.645152335943226,0.0034748443777270505,0.0,6.385560162115032e-06,0.009999999999999995,False,False,False,True,1.0,0.0,0.0,wait_Gm,0,0,0,False,,0.515989780419375,0.33251953125,False,0.0
25,concentration_positive,63,26.22474867933124,49.736190701200954,156.06749765579238,218.55206042953256,Omega_safe_one_step_QP,False,True,,0.3552736004930921,0.3552736004930921,1.0,-0.6601535081863403,0.3062068223953247,0.6601535081863403,-1.6001630418271318,-0.6095941243408788,156.06749765579238,183.02470038022335,0.055419921875,0.0,-0.387939453125,0.2056486312871438,0.0,0.3552736004930921,35.52736004930921,True,False,0.443359375,0.0,4.635095469107214,0.0032395210033636353,0.0,8.187937350199151e-06,0.009999999999999995,False,False,False,True,1.0,0.0,0.0,wait_Gm,0,0,0,False,,0.515989780419375,0.33251953125,False,0.0
25,concentration_positive,64,26.190707017920104,49.7300080232369,156.06749765579238,218.2383778663953,Omega_safe_one_step_QP,False,True,,0.35213677486171946,0.35213677486171946,1.0,-0.6724979877471924,0.289873331785202,0.6724979877471924,-1.5323430464149417,-0.5987268663305675,156.06749765579238,183.02470038022335,0.055419921875,0.0,-0.387939453125,0.1911054925829276,0.0,0.35213677486171946,35.213677486171946,True,False,0.443359375,0.0,4.625176231798846,0.0030158650049223455,0.0,9.839675041636303e-06,0.009999999999999995,False,False,False,True,1.0,0.0,0.0,wait_Gm,0,0,0,False,,0.515989780419375,0.33251953125,False,0.0
25,concentration_positive,65,26.15684558395747,49.72385170052304,156.06749765579238,217.90486700617663,Omega_safe_one_step_QP,False,True,,0.3488016662595328,0.3488016662595328,1.0,-0.6845210194587708,0.27333369851112366,0.6845210194587708,-1.4648816664182809,-0.5879210190813284,156.06749765579238,183.02470038022335,0.055419921875,0.0,-0.387939453125,0.17703628419496517,0.0,0.3488016662595328,34.88016662595328,True,False,0.443359375,0.0,4.615371433677406,0.0028037027494728856,0.0,1.1122949388379491e-05,0.009999999999999995,False,False,False,True,1.0,0.0,0.0,wait_Gm,0,0,0,False,,0.515989780419375,0.33251953125,False,0.0
25,concentration_positive,66,26.12316323212615,49.71772222159593,156.06749765579238,217.54672817612487,Omega_safe_one_step_QP,False,True,,0.3452202779590152,0.3452202779590152,1.0,-0.6961712837219238,0.25651815533638,0.6961712837219238,-1.3977766969410321,-0.5771758309361281,156.06749765579238,183.02470038022335,0.055419921875,0.0,-0.387939453125,0.16336457950126845,0.0,0.3452202779590152,34.52202779590152,True,False,0.443359375,0.0,4.6056954711087155,0.0026028625404130763,0.0,1.2826342159084157e-05,0.009999999999999995,False,False,False,True,1.0,0.0,0.0,wait_Gm,0,0,0,False,,0.515989780419375,0.33251953125,False,0.0
25,concentration_positive,67,26.08965882393922,49.71162021405776,156.06749765579238,217.16551920533135,Omega_safe_one_step_QP,False,True,,0.34140818825108,0.34140818825108,1.0,-0.7074158191680908,0.23948656022548676,0.7074158191680908,-1.3310259630040653,-0.5664904766661089,156.06749765579238,183.02470038022335,0.055419921875,0.0,-0.387939453125,0.15009363486857835,0.0,0.34140818825108,34.140818825108,True,False,0.443359375,0.0,4.596143652806768,0.002413174939875472,0.0,1.4532027941345698e-05,0.009999999999999995,False,False,False,True,1.0,0.0,0.0,wait_Gm,0,0,0,False,,0.515989780419375,0.33251953125,False,0.0
25,concentration_positive,68,26.056331227512146,49.705546266963246,156.06749765579238,216.77509803400795,Omega_safe_one_step_QP,False,True,,0.33750397653784603,0.33750397653784603,1.0,-0.7182814478874207,0.22253136336803436,0.7182814478874207,-1.2646272981966304,-0.5558641550329803,156.06749765579238,183.02470038022335,0.055419921875,0.0,-0.387939453125,0.13735753091065944,0.0,0.33750397653784603,33.7503976537846,True,False,0.443359375,0.0,4.586674221042472,0.00223447349149731,0.0,1.5242869101753273e-05,0.009999999999999995,False,False,False,True,1.0,0.0,0.0,wait_Gm,0,0,0,False,,0.515989780419375,0.33251953125,False,0.0
25,concentration_positive,69,26.02317931819228,49.69950058289539,156.06749765579238,216.36522183678068,Omega_safe_one_step_QP,False,True,,0.33340521456557326,0.33340521456557326,1.0,-0.7287675738334656,0.20542198419570923,0.7287675738334656,-1.1985785049795727,-0.5452962803560988,156.06749765579238,183.02470038022335,0.055419921875,0.0,-0.387939453125,0.12497230364571862,0.0,0.33340521456557326,33.340521456557326,True,False,0.443359375,0.0,4.5773178494698366,0.00206659328519296,0.0,1.6799849705349355e-05,0.009999999999999995,False,False,False,True,1.0,0.0,0.0,wait_Gm,0,0,0,False,,0.515989780419375,0.33251953125,False,0.0
25,concentration_positive,70,25.99020197864145,49.693483657570596,156.06749765579238,215.93261771911244,Omega_safe_one_step_QP,False,True,,0.3290791733888909,0.3290791733888909,1.0,-0.7388463020324707,0.1881055235862732,0.7388463020324707,-1.1328774348073383,-0.5347861088734751,156.06749765579238,183.02470038022335,0.055419921875,0.0,-0.387939453125,0.11287644959694562,0.0,0.3290791733888909,32.90791733888909,True,False,0.443359375,0.0,4.568084346220362,0.0019093713081593023,0.0,1.8714632262351108e-05,0.009999999999999995,False,False,False,True,1.0,0.0,0.0,wait_Gm,0,0,0,False,,0.515989780419375,0.33251953125,False,0.0
25,concentration_positive,71,25.957398098132355,49.68749608495135,156.06749765579238,215.4758883915511,Omega_safe_one_step_QP,False,True,,0.3245118801132776,0.3245118801132776,1.0,-0.7485751509666443,0.17050732672214508,0.7485751509666443,-1.0675219638091917,-0.5243328456018908,156.06749765579238,183.02470038022335,0.055419921875,0.0,-0.387939453125,0.10098654986187154,0.0,0.3245118801132776,32.45118801132776,True,False,0.443359375,0.0,4.558977914181141,0.0017626465181996799,0.0,2.0860167865462812e-05,0.009999999999999995,False,False,False,True,1.0,0.0,0.0,wait_Gm,0,0,0,False,,0.515989780419375,0.33251953125,False,0.0
25,concentration_positive,72,25.92476657225261,49.68153850514918,156.06749765579238,214.99532652512613,Omega_safe_one_step_QP,False,True,,0.3197062614490278,0.3197062614490278,1.0,-0.7579251527786255,0.1526557207107544,0.7579251527786255,-1.0025099860745268,-0.5139356728569797,156.06749765579238,183.02470038022335,0.055419921875,0.0,-0.387939453125,0.08929819082579381,0.0,0.3197062614490278,31.97062614490278,True,False,0.443359375,0.0,4.549997687265322,0.0016262599177303244,0.0,2.309397074618582e-05,0.009999999999999995,False,False,False,True,1.0,0.0,0.0,wait_Gm,0,0,0,False,,0.515989780419375,0.33251953125,False,0.0
25,concentration_positive,73,25.892306302773214,49.67561155692331,156.06749765579238,214.49195812008298,Omega_safe_one_step_QP,False,True,,0.31467257739859633,0.31467257739859633,1.0,-0.7668823599815369,0.13458430767059326,0.7668823599815369,-0.9378394078030113,-0.5035937763156516,156.06749765579238,183.02470038022335,0.055419921875,0.0,-0.387939453125,0.07780751996313816,0.0,0.31467257739859633,31.467257739859633,True,False,0.443359375,0.0,4.541140591282328,0.0015000545763964724,0.0,2.533797511956822e-05,0.009999999999999995,False,False,False,True,1.0,0.0,0.0,wait_Gm,0,0,0,False,,0.515989780419375,0.33251953125,False,0.0
25,concentration_positive,74,25.86001619762867,49.669715856915914,156.06749765579238,213.95977780473373,Omega_safe_one_step_QP,False,True,,0.3093507742451038,0.3093507742451038,1.0,-0.7756107449531555,0.11603465676307678,0.7756107449531555,-0.873508144820722,-0.4933063564247174,156.06749765579238,183.02470038022335,0.055419921875,0.0,-0.387939453125,0.06632844276019456,0.0,0.3093507742451038,30.935077424510382,True,False,0.443359375,0.0,4.5324247261648045,0.0013838751403946322,0.0,2.8321588804522827e-05,0.009999999999999995,False,False,False,True,1.0,0.0,0.0,wait_Gm,0,0,0,False,,0.515989780419375,0.33251953125,False,0.0
25,concentration_positive,75,25.827895170602797,49.663852202720136,156.06749765579238,213.61955103627594,Omega_safe_one_step_QP,False,True,,0.30594850656052586,0.30594850656052586,1.0,-0.7889955043792725,0.09832224994897842,0.7889955043792725,-0.8095141458517369,-0.4830725166135833,156.06749765579238,183.02470038022335,0.055419921875,0.0,-0.387939453125,0.05525011364959313,0.0,0.30594850656052586,30.594850656052586,True,False,0.443359375,0.0,4.523185108968278,0.001277583154416766,0.0,1.1575425397523502e-05,0.009999999999999995,False,False,False,True,1.0,0.0,0.0,wait_Gm,0,0,0,False,,0.515989780419375,0.33251953125,False,0.0
25,concentration_positive,76,25.79594215128739,49.65801500466277,156.06749765579238,213.65979825775327,Omega_safe_one_step_QP,False,True,,0.30635097877529915,0.30635097877529915,1.0,-0.8062769174575806,0.08626896888017654,0.8062769174575806,-0.7458546393461634,-0.47289487894980414,156.06749765579238,183.02470038022335,0.055419921875,0.0,-0.387939453125,0.04743798972345232,0.0,0.30635097877529915,30.635097877529915,True,False,0.443359375,0.0,4.512851112779677,0.0011810559099657044,0.0,1.6198388366452316e-07,0.009999999999999995,False,False,False,True,1.0,0.0,0.0,wait_Gm,0,0,0,False,,0.515989780419375,0.33251953125,False,0.0
25,concentration_positive,77,25.764156104066522,49.65219317633793,156.06749765579238,214.0138971705474,Omega_safe_one_step_QP,False,True,,0.3098919679032406,0.3098919679032406,1.0,-0.8249712586402893,0.08023493736982346,0.8249712586402893,-0.6825262756821597,-0.46277910248205395,156.06749765579238,183.02470038022335,0.055419921875,0.0,-0.387939453125,0.04312018305229208,0.0,0.3098919679032406,30.98919679032406,True,False,0.443359375,0.0,4.5016183934023,0.0010941693799147497,0.0,1.2538604004199406e-05,0.009999999999999995,False,False,False,True,1.0,0.0,0.0,wait_Gm,0,0,0,False,,0.515989780419375,0.33251953125,False,0.0
25,concentration_positive,78,25.7325360334892,49.64637757633938,156.06749765579238,214.4196720094206,Omega_safe_one_step_QP,False,True,,0.31394971629197244,0.31394971629197244,1.0,-0.8424209952354431,0.07629991322755814,0.8424209952354431,-0.6195260133347307,-0.4527297937466711,156.06749765579238,183.02470038022335,0.055419921875,0.0,-0.387939453125,0.040156028912444124,0.0,0.31394971629197244,31.394971629197244,True,False,0.443359375,0.0,4.490272582331377,0.0010167840704910958,0.0,1.646532198625594e-05,0.009999999999999995,False,False,False,True,1.0,0.0,0.0,wait_Gm,0,0,0,False,,0.515989780419375,0.33251953125,False,0.0
25,concentration_positive,79,25.701080968519985,49.64056668270343,156.06749765579238,214.78829315299123,Omega_safe_one_step_QP,False,True,,0.3176359277276788,0.3176359277276788,1.0,-0.8582141995429993,0.07276928424835205,0.8582141995429993,-0.5568517554694324,-0.44274738010548637,156.06749765579238,183.02470038022335,0.055419921875,0.0,-0.387939453125,0.03759311416745003,0.0,0.3176359277276788,31.76359277276788,True,False,0.443359375,0.0,4.479080387875119,0.0009487562164298857,0.0,1.3588154748732304e-05,0.009999999999999995,False,False,False,True,1.0,0.0,0.0,wait_Gm,0,0,0,False,,0.515989780419375,0.33251953125,False,0.0
25,concentration_positive,80,25.669789945979897,49.634761536800184,156.06749765579238,215.0982819831134,Omega_safe_one_step_QP,False,True,,0.32073581602890044,0.32073581602890044,1.0,-0.8723395466804504,0.06916709244251251,0.8723395466804504,-0.4945017224055792,-0.43283088281952,156.06749765579238,183.02470038022335,0.055419921875,0.0,-0.387939453125,0.03515360388345765,0.0,0.32073581602890044,32.073581602890044,True,False,0.443359375,0.0,4.468106728677344,0.0008899422299724568,0.0,9.60930748005087e-06,0.009999999999999995,False,False,False,True,1.0,0.0,0.0,wait_Gm,0,0,0,False,,0.515989780419375,0.33251953125,False,0.0
25,concentration_positive,81,25.638662005400676,49.62896378480972,156.06749765579238,215.34394330653782,Omega_safe_one_step_QP,False,True,,0.32319242926314473,0.32319242926314473,1.0,-0.8849762082099915,0.06523050367832184,0.8849762082099915,-0.43247421103485373,-0.42297899175507386,156.06749765579238,183.02470038022335,0.055419921875,0.0,-0.387939453125,0.032679472141124,0.0,0.32319242926314473,32.31924292631447,True,False,0.443359375,0.0,4.4573692383097026,0.0008401997364853277,0.0,6.034948582664176e-06,0.009999999999999995,False,False,False,True,1.0,0.0,0.0,wait_Gm,0,0,0,False,,0.515989780419375,0.33251953125,False,0.0
25,concentration_positive,82,25.607696187795487,49.62317522220775,156.24561152244047,215.52840979336366,Omega_safe_one_step_QP,False,True,,0.3254012731024655,0.3254012731024656,1.0000000000000002,-0.89627605676651,0.060916271060705185,0.89627605676651,-0.3707675388016931,-0.41319031532547484,157.78468908812306,183.02470038022335,0.055419921875,0.0,-0.387939453125,0.030133349720666114,-0.015390775656826006,0.32503709413140314,32.540127310246554,True,False,0.443359375,0.0,4.425695237705863,0.0007995575077861064,3.1724549492333555e-06,3.4027884761868004e-06,0.009102823845084703,False,False,False,True,1.0,0.0,0.0,wait_Gm,0,0,0,False,,0.515989780419375,0.33251953125,False,0.0
25,concentration_positive,83,25.577036832282715,49.61742596577835,156.8103351432573,215.59020268966748,Omega_safe_one_step_QP,False,True,,0.33327118359245644,0.33327118359245644,1.0,-0.9050925374031067,0.05569765344262123,0.9050925374031067,-0.309669792643187,-0.4035090684425313,163.89446370397368,183.02470038022335,0.055419921875,0.0,-0.387939453125,0.027283482957598394,-0.07084128560716374,0.3256550230944413,33.327118359245645,True,False,0.443359375,0.0,4.348543678700562,0.0007680309348170152,3.189127679084766e-05,3.818362033613898e-07,0.006536999958716825,False,False,False,True,1.0,0.0,0.0,wait_Gm,0,0,0,False,,0.515989780419375,0.33251953125,False,0.0
25,concentration_positive,84,25.54699688157758,49.61178106987586,157.30576564974956,215.45084734595918,Omega_safe_one_step_QP,False,True,,0.3477914180975096,0.34779141809750946,0.9999999999999997,-0.9103574156761169,0.04860582575201988,0.9103574156761169,-0.24980555133082047,-0.39403124755561036,169.88088783521033,183.02470038022335,0.055419921875,0.0,-0.387939453125,0.0236718547635156,-0.12575122185460771,0.32426146965735825,34.779141809750946,True,False,0.443359375,0.0,4.280425480759472,0.000745060651471298,2.4545138676317242e-05,1.9419911820059214e-06,0.004635008333625526,False,False,False,True,1.0,0.0,0.0,wait_Gm,0,0,0,False,,0.515989780419375,0.33251953125,False,0.0
25,concentration_positive,85,25.517515514879232,49.6062349021487,157.73178581376916,215.2633438191279,Omega_safe_one_step_QP,False,True,,0.3693511988963915,0.3693511988963915,1.0,-0.9154691100120544,0.04054290056228638,0.9154691100120544,-0.19105424841295712,-0.3847343400417278,175.75601812699668,183.02470038022335,0.055419921875,0.0,-0.387939453125,0.01963482422006107,-0.18024232313227503,0.32238643438904546,36.935119889639154,True,False,0.443359375,0.0,4.220876670805082,0.0007301725674726292,1.814931801512906e-05,3.5157572574168005e-06,0.0032603278576770634,False,False,False,True,1.0,0.0,0.0,wait_Gm,0,0,0,False,,0.515989780419375,0.33251953125,False,0.0
25,concentration_positive,86,25.48853235175351,49.60077748008988,158.0908294579191,215.07368522932126,Omega_safe_one_step_QP,False,True,,0.3970667542814279,0.3970667542814279,1.0,-0.9205426573753357,0.03245997801423073,0.9205426573753357,-0.13329567379746515,-0.3755984105934181,181.53187558854586,183.02470038022335,0.055419921875,0.0,-0.387939453125,0.015633643318535766,-0.23441046130626753,0.32048984849097906,39.70667542814279,True,False,0.443359375,0.0,4.169450715222247,0.0007229671408001398,1.2891233840447534e-05,3.5970380687443527e-06,0.002289061185843875,False,False,False,True,1.0,0.0,0.0,wait_Gm,0,0,0,False,,0.515989780419375,0.33251953125,False,0.0
25,concentration_positive,87,25.459989519067555,49.595397929005856,158.3863227005275,214.89356380068244,Omega_safe_one_step_QP,False,True,,0.4297679902597113,0.42976799025971124,0.9999999999999999,-0.9255653619766235,0.02463029883801937,0.9255653619766235,-0.07641445531324556,-0.3666050701874189,187.21999743696782,183.02470038022335,0.055419921875,0.0,-0.387939453125,0.011798274165712887,-0.2883367473644032,0.3186886342045909,42.97679902597112,True,False,0.443359375,0.0,4.125686711205949,0.0007231110586258842,8.731625642721915e-06,3.2443729054887034e-06,0.0016182228284093176,False,False,False,True,1.0,0.0,0.0,wait_Gm,0,0,0,False,,0.515989780419375,0.33251953125,False,0.0
25,concentration_positive,88,25.431832426475513,49.59008561634429,158.62271024999654,214.72411074307644,Omega_safe_one_step_QP,False,True,,0.46637734049806107,0.4663773404980611,1.0000000000000002,-0.9304964542388916,0.017109954729676247,0.9304964542388916,-0.020301720945588728,-0.35773717890965717,192.8312708737335,183.02470038022335,0.055419921875,0.0,-0.387939453125,0.008152485483066648,-0.3420856062373696,0.31699410362853087,46.637734049806106,True,False,0.443359375,0.0,4.089035427171984,0.0007303298385946216,5.587907354397938e-06,2.87143387320244e-06,0.001165111316263926,False,False,False,True,1.0,0.0,0.0,wait_Gm,0,0,0,False,,0.515989780419375,0.33251953125,False,0.0
25,concentration_positive,89,25.40401055456322,49.58483061414714,158.8051308198378,214.5633240594853,Omega_safe_one_step_QP,False,True,,0.5060158543381323,0.5060158543381322,0.9999999999999998,-0.9352931976318359,0.00988584291189909,0.9352931976318359,0.03514329302416514,-0.3489789235333766,198.3757722707089,183.02470038022335,0.055419921875,0.0,-0.387939453125,0.004686210854377512,-0.3957064145087108,0.31538623679261946,50.60158543381323,True,False,0.443359375,0.0,4.058875885064376,0.0007444003779899662,3.3277264301213572e-06,2.585235762023766e-06,0.0008662091952272012,False,False,False,True,1.0,0.0,0.0,wait_Gm,0,0,0,False,,0.515989780419375,0.33251953125,False,0.0
25,concentration_positive,90,25.3764779728927,49.57962389763369,158.93910485018768,214.4084380334553,Omega_safe_one_step_QP,False,True,,0.5480022846364209,0.548002284636421,1.0000000000000002,-0.9399184584617615,0.0029234327375888824,0.9399184584617615,0.09001219739443504,-0.3403159264559818,203.8626627077359,183.02470038022335,0.055419921875,0.0,-0.387939453125,0.0013789827188979246,-0.4492355785754821,0.31383737653231947,54.80022846364211,True,False,0.443359375,0.0,4.034545538837806,0.0007651435353100897,1.7949040808185622e-06,2.3989681059365496e-06,0.0006748541074832766,False,False,False,True,1.0,0.0,0.0,wait_Gm,0,0,0,False,,0.515989780419375,0.33251953125,False,0.0
25,concentration_positive,91,25.349193601360714,49.57445742596782,159.03024592166975,214.26109925946304,Omega_safe_one_step_QP,False,True,,0.5914288902182747,0.5914288902182746,0.9999999999999998,-0.9443433880805969,-0.0038169464096426964,0.9443433880805969,0.14438692530560668,-0.3317353113364565,209.30013549885305,183.10312237157768,0.055419921875,0.0,-0.387939453125,-0.0017920165439261264,-0.502698895771833,0.31157976887885336,59.14288902182747,True,False,0.443359375,0.0,4.01535907039894,0.0007924173602998372,8.306694910899867e-07,2.1708714321542277e-06,0.0005583103105831846,False,False,False,True,1.0,0.0,0.0,wait_Gm,0,0,0,False,,0.515989780419375,0.33251953125,False,0.0
25,concentration_positive,92,25.322121237122683,49.56932402788402,159.0850299158712,214.1531664720929,Omega_safe_one_step_QP,False,True,,0.6328111645822166,0.6328111645822169,1.0000000000000004,-0.9485307931900024,-0.010372389107942581,0.9485307931900024,0.1983396926209725,-0.3232257773189338,214.69541223038962,183.95407577332998,0.055419921875,0.0,-0.387939453125,-0.004848230532071987,-0.5561038231451845,0.3019909069876292,63.28111645822167,True,False,0.443359375,0.0,4.000439229771505,0.0008261118208860353,3.001286020663786e-07,1.1649486589489125e-06,0.0004935689610120779,False,False,False,True,1.0,0.0,0.0,wait_Gm,0,0,0,False,,0.515989780419375,0.33251953125,False,0.0
25,concentration_positive,93,25.29523020431979,49.56421666608044,159.107760430627,214.04664386727472,Omega_safe_one_step_QP,False,True,,0.6760144198998032,0.6760144198998032,1.0,-0.9524863362312317,-0.016564050689339638,0.9524863362312317,0.25193180362136847,-0.3147782770694969,220.05462333042922,184.79882579827367,0.055419921875,0.0,-0.387939453125,-0.007710165365890463,-0.6094686289980222,0.29247818069001064,67.60144198998032,True,False,0.443359375,0.0,3.989378704444271,0.0008661388252250724,5.166763010639602e-08,1.13470653372474e-06,0.00046787777455153105,False,False,False,True,1.0,0.0,0.0,wait_Gm,0,0,0,False,,0.515989780419375,0.33251953125,False,0.0
25,concentration_positive,94,25.26849355040252,49.55913009994349,159.10333679884027,213.93172656989861,Omega_safe_one_step_QP,False,True,,0.7206618772013617,0.7206618772013615,0.9999999999999999,-0.9562026858329773,-0.022623764351010323,0.9562026858329773,0.3052170110980349,-0.30638434309608337,225.38314407809588,185.63821919561502,0.055419921875,0.0,-0.387939453125,-0.010489886894715611,-0.662798072792556,0.282935073742836,72.06618772013617,True,False,0.443359375,0.0,3.9816161397413907,0.0009124285964438811,1.956851818449437e-09,1.3205985236229222e-06,0.00047282377838277553,False,False,False,True,1.0,0.0,0.0,wait_Gm,0,0,0,False,,0.515989780419375,0.33251953125,False,0.0
25,concentration_positive,95,25.24188848822332,49.55406016774818,159.0747202961349,213.80490840275326,Omega_safe_one_step_QP,False,True,,0.7664946179354728,0.7664946179354726,0.9999999999999997,-0.9596984386444092,-0.028658710420131683,0.9596984386444092,0.3582407292776196,-0.298036668568404,230.68551589605434,186.47298664838294,0.055419921875,0.0,-0.387939453125,-0.013239688040050551,-0.7161079559991943,0.27331921754370303,76.64946179354727,True,False,0.443359375,0.0,3.976802959863453,0.0009649281873611898,8.189042270867646e-08,1.6082847518108212e-06,0.000505447756289882,False,False,False,True,1.0,0.0,0.0,wait_Gm,0,0,0,False,,0.515989780419375,0.33251953125,False,0.0
25,concentration_positive,96,25.215394797766283,49.54900329397672,158.93141448909532,213.6624876785326,Omega_safe_one_step_QP,False,True,,0.792366933472411,0.792366933472411,1.0,-0.9630880951881409,-0.03484130650758743,0.9630880951881409,0.41104324258282215,-0.289728705251863,233.65538828079238,187.30378298003706,0.055419921875,0.0,-0.387939453125,-0.016039259497200777,-0.7472397379169706,0.2635870469849556,79.2366933472411,True,False,0.443359375,0.0,3.9856971266145047,0.0010237756801521058,2.05365543312658e-06,2.0283662687532198e-06,0.0006851929426153436,False,False,False,True,1.0,0.0,0.0,wait_Gm,0,0,0,False,,0.515989780419375,0.33251953125,False,0.0
25,concentration_positive,97,25.188919720051228,49.5439415802177,158.66599489822633,213.52324539494404,Omega_safe_one_step_QP,False,True,,0.7917099708107223,0.7917099708107223,1.0,-0.9665089845657349,-0.040844209492206573,0.9665089845657349,0.4638095221640833,-0.28143123723611907,233.65538828079238,188.13352978161146,0.055419921875,0.0,-0.387939453125,-0.01873615608547109,-0.7498939338256605,0.253897156133326,79.17099708107222,True,False,0.443359375,0.0,4.009094279934329,0.0010892138387044057,7.044755921706052e-06,1.9388413538960443e-06,0.0010901862855666863,False,False,False,True,1.0,0.0,0.0,wait_Gm,0,0,0,False,,0.515989780419375,0.33251953125,False,0.0
25,concentration_positive,98,25.162365298528176,49.538855449918785,158.39968275981605,213.39166864882594,Omega_safe_one_step_QP,False,True,,0.791206035709461,0.791206035709461,1.0,-0.9699413776397705,-0.04655461385846138,0.9699413776397705,0.5167349829346409,-0.27311378285860166,233.65538828079238,188.96527521936318,0.055419921875,0.0,-0.387939453125,-0.02128007421838177,-0.7525570552097633,0.24426393429462756,79.1206035709461,True,False,0.443359375,0.0,4.032544814386238,0.0011613015543909088,7.092215506465886e-06,1.7312440119026855e-06,0.001590634168687755,False,False,False,True,1.0,0.0,0.0,wait_Gm,0,0,0,False,,0.515989780419375,0.33251953125,False,0.0
25,concentration_positive,99,25.135731565818865,49.533744592707606,158.15939786266185,213.24697504428005,Omega_safe_one_step_QP,False,True,,0.7905347595721757,0.7905347595721756,0.9999999999999999,-0.9730383157730103,-0.05223293974995613,0.9730383157730103,0.5698195994378425,-0.26477652610193764,233.65538828079238,189.7990008950296,0.055419921875,0.0,-0.387939453125,-0.02379964195300556,-0.7549599041813053,0.2344797414925046,79.05347595721756,True,False,0.443359375,0.0,4.05291246144388,0.0012400294413594103,5.773683180040308e-06,2.0936239196483163e-06,0.00212305597462773,False,False,False,True,1.0,0.0,0.0,wait_Gm,0,0,0,False,,0.515989780419375,0.33251953125,False,0.0
25,concentration_positive,100,25.109040115574516,49.52861359632536,157.94767911142785,213.08073211019598,Omega_safe_one_step_QP,False,True,,0.7896525039860828,0.7896525039860828,1.0,-0.9757670760154724,-0.05806860700249672,0.9757670760154724,0.6230202649722035,-0.25642603618505794,233.65538828079238,190.63404988671755,0.055419921875,0.0,-0.387939453125,-0.026384638240591073,-0.7570770916936453,0.22446682223478426,78.96525039860829,True,False,0.443359375,0.0,4.069928104043601,0.0013253602783442075,4.48248296240854e-06,2.7636713132879585e-06,0.002655768825548532,False,False,False,True,1.0,0.0,0.0,wait_Gm,0,0,0,False,,0.515989780419375,0.33251953125,False,0.0
25,concentration_positive,101,25.082314395430956,49.5234676879562,157.76231594795476,212.89574670332212,Omega_safe_one_step_QP,False,True,,0.7885957739520344,0.7885957739520344,1.0,-0.9781561493873596,-0.06403446197509766,0.9781561493873596,0.6762901426544471,-0.24806931137572055,233.65538828079238,191.4697223676513,0.055419921875,0.0,-0.387939453125,-0.029024281100233338,-0.7589307233283762,0.21426024335670824,78.85957739520344,True,False,0.443359375,0.0,4.083853844826353,0.001417241257089423,3.4359502372749473e-06,3.4219600756288886e-06,0.0031710749932932435,False,False,False,True,1.0,0.0,0.0,wait_Gm,0,0,0,False,,0.515989780419375,0.33251953125,False,0.0
25,concentration_positive,102,25.055575892747665,49.51831164971557,157.59974280667606,212.69660904625212,Omega_safe_one_step_QP,False,True,,0.7874175239406702,0.7874175239406702,1.0,-0.9802514910697937,-0.07007063925266266,0.9802514910697937,0.7295863123644073,-0.23971276927953802,233.65538828079238,192.30537657726956,0.055419921875,0.0,-0.387939453125,-0.03169235151176022,-0.7605564547411632,0.20391232468982573,78.74175239406702,True,False,0.443359375,0.0,4.09510676114372,0.0015156105519209312,2.6430026265223838e-06,3.965580646332772e-06,0.0036606108477832294,False,False,False,True,1.0,0.0,0.0,wait_Gm,0,0,0,False,,0.515989780419375,0.33251953125,False,0.0
25,concentration_positive,103,25.02884307047367,49.51314955140645,162.48473391889883,212.87223576038167,Omega_safe_one_step_QP,False,True,,0.7385529811096743,0.738552981109674,0.9999999999999997,-0.9821113348007202,-0.07626008242368698,0.9821113348007202,0.7828718999977146,-0.2313619457207516,233.65538828079238,193.14045893314818,0.055419921875,0.0,-0.336730468094622,-0.030450133301467765,-0.7117065436189356,0.1973177682723348,73.85529811096741,True,False,0.392150389969622,0.0,3.5054471755583427,0.0016042074659767798,0.00238631381664954,3.0844742715942523e-06,0.0,False,False,False,True,1.0,0.0,0.0,wait_Gm,0,0,0,False,,0.48193493662398923,0.33251953125,False,0.0
25,concentration_positive,104,25.006141428488384,49.50877597591376,190.23795980230267,224.2950411074966,Omega_safe_one_step_QP,False,True,,0.5302852639872503,0.5302852639872503,1.0,-0.9746605157852173,-0.09490862488746643,0.9746605157852173,0.828117644742822,-0.22427490876356798,233.65538828079238,193.84916262886657,0.16520781546199978,0.10978789358699975,-0.05752261059173189,0.08809927676606603,-0.4341742847848971,0.30445878478630034,53.02852639872501,True,False,0.22273042605373167,0.0,0.16587584123666602,0.0016065702993335843,0.0770241546935237,0.013048048199807715,0.0,False,False,False,True,1.0,0.0,0.0,wait_Gm,0,0,0,False,,0.29624639925833496,0.22273163766300022,False,0.0
25,concentration_positive,105,25.005675965030893,49.508524925625814,202.66989262801053,218.86500796274797,Omega_safe_one_step_QP,False,True,,0.3982383752257842,0.39823837522578426,1.0000000000000002,-0.704622745513916,0.05802510306239128,0.704622745513916,0.8290423798023873,-0.22428381823936294,233.65538828079238,193.84827168128706,0.16806701405509464,0.11264709218009461,-0.05180643714118202,0.1307534898908901,-0.30985495652781847,0.2501673628146091,39.82383752257843,True,False,0.21987345119627666,0.0,-1.2952279126770145,0.0015688834048321401,0.015455295378291265,0.002948525995306859,0.0,False,False,False,True,1.0,0.0,0.0,wait_Gm,0,0,0,False,,0.29244333549880375,0.21987243906990536,False,0.0
25,concentration_positive,106,25.01512929596899,49.51040604718378,204.96196088354827,206.41320783644773,Omega_safe_one_step_QP,False,True,,0.314460268305059,0.31446026830505913,1.0000000000000004,-0.5160624384880066,-0.060324132442474365,0.5160624384880066,0.8101624838248178,-0.22729673850491464,233.65538828079238,193.5469796547319,0.10993509796486237,0.05451517608986234,-0.16806744172501034,0.02201860053452697,-0.2869342739724411,0.12866228181715839,31.446026830505907,True,False,0.2780025396898727,0.0,-1.526980157214125,0.001523978769506197,0.0005253576888043831,0.01550473263853307,0.0,False,False,False,True,1.0,0.0,0.0,wait_Gm,0,0,0,False,,0.3697654858305176,0.27800435516013766,False,0.0
25,concentration_positive,107,25.026377011419438,49.513010827525505,195.34663974126389,190.3003747862143,Omega_safe_one_step_QP,False,True,,0.3841907980015434,0.38419079800154343,1.0000000000000002,-0.5517513751983643,-0.4321996569633484,0.5517513751983643,0.7876599483859514,-0.23066729264918082,233.65538828079238,193.20992424030527,0.055419921875,0.0,-0.306372337683964,-0.283400273206682,-0.3830874853952849,-0.02909549454090979,38.41907980015434,True,False,0.361792259558964,0.0,-0.33202697210876975,0.001507771324531408,0.009245440066926113,0.025962338890469484,0.0,False,False,False,True,1.0,0.0,0.0,wait_Gm,0,0,0,False,,0.46175499424431155,0.33251953125,False,0.0
25,concentration_positive,108,25.029905379072588,49.51460062327291,182.40494665957672,185.7236801559377,Omega_safe_one_step_QP,False,True,,0.5178455912836991,0.5178455912836991,1.0,-0.7332335710525513,-0.6653504371643066,0.7332335710525513,0.7804944843917176,-0.23134563967888222,233.65538828079238,193.14208953733512,0.055419921875,0.0,-0.3110252921422691,-0.33251953125,-0.5125044162121566,-0.07418409381397428,51.78455912836991,True,False,0.3664452140172691,0.0,1.2211201954102808,0.0015307683814049036,0.01674874198205894,0.002094613373880259,0.00035466093757590273,False,False,False,True,1.0,0.0,0.0,wait_Gm,0,0,0,False,,0.4905916413932666,0.33251953125,False,0.0
25,concentration_positive,109,25.023086274070746,49.51428500403643,178.8756704130393,194.7445605117705,Omega_safe_one_step_QP,False,True,,0.5479608967020256,0.5479608967020257,1.0000000000000002,-0.8379086256027222,-0.5597372651100159,0.8379086256027222,0.7939518822755914,-0.22871478477268525,233.65538828079238,193.40517502795484,0.06104975083520402,0.005629828960204031,-0.2658277500512302,-0.21272992147267786,-0.5477971786775307,0.01339385483815661,54.796089670202576,True,False,0.32687750088643425,0.0,1.6115126168809137,0.0015661549941304957,0.0012455790824373266,0.008137628239424988,0.0,False,False,False,True,1.0,0.0,0.0,wait_Gm,0,0,0,False,,0.43478863342157226,0.32688970228979597,False,0.0
25,concentration_positive,110,25.013477951018412,49.513094385912964,185.67699700004349,209.69297668674406,Omega_safe_one_step_QP,False,True,,0.5056184654048101,0.5056184654048103,1.0000000000000002,-0.8958297967910767,-0.3747192323207855,0.8958297967910767,0.8130107453678987,-0.2253906135456965,233.65538828079238,193.7375921506537,0.12014889661705012,0.06472897474205008,-0.1476354010784519,-0.047283292342007635,-0.47978391280748894,0.1595538453609036,50.56184654048102,True,False,0.26778429769550205,0.0,0.7554589608740571,0.0015818531699284713,0.004625804334308997,0.022345514614021154,0.0,False,False,False,True,1.0,0.0,0.0,wait_Gm,0,0,0,False,,0.3561799560919775,0.2677905565079499,False,0.0
25,concentration_positive,111,25.009334933415815,49.512520782659905,193.86006304443154,212.86663985208224,Omega_safe_one_step_QP,False,True,,0.4409529759466675,0.4409529759466674,0.9999999999999998,-0.8211776614189148,-0.2811258137226105,0.8211776614189148,0.8212227585346531,-0.22402837542560095,233.65538828079238,193.87381596266326,0.1456307073009011,0.09021078542590108,-0.09667340358128709,0.007259259172267191,-0.3979532523636084,0.1899282388941899,44.09529759466674,True,False,0.2423041108821882,0.0,-0.22770981497667436,0.0015717942704179663,0.0066962569886816785,0.0010072137887024379,0.0,False,False,False,True,1.0,0.0,0.0,wait_Gm,0,0,0,False,,0.32228621012544434,0.2423087458240989,False,0.0
25,concentration_positive,112,25.011735622274937,49.5131615734151,196.35667527028363,207.93393746810708,Omega_safe_one_step_QP,False,True,,0.39886411590676163,0.3988641159067616,0.9999999999999999,-0.725471556186676,-0.2974517345428467,0.725471556186676,0.8163917032894525,-0.22475367498909662,233.65538828079238,193.8012860063137,0.13087120598880256,0.07545128411380253,-0.12619115189228572,-0.029947257821214893,-0.3729871301050875,0.14132651461793388,39.88641159067616,True,False,0.2570623578810883,0.0,-0.5086549987476292,0.0015535259894987191,0.0006233072606274125,0.0024331552808874316,0.0,False,False,False,True,1.0,0.0,0.0,wait_Gm,0,0,0,False,,0.3419180484680274,0.25706824713619747,False,0.0
25,concentration_positive,113,25.0161180212269,49.51434554075386,193.8237127536472,201.67618848708133,Omega_safe_one_step_QP,False,True,,0.406273120401424,0.40627312040142394,0.9999999999999999,-0.7012456059455872,-0.39611712098121643,0.7012456059455872,0.8075899657151269,-0.2260147172400858,233.65538828079238,193.67518178121477,0.10392837486505027,0.048508452990050244,-0.18007373924908412,-0.11191764999247461,-0.39831675527145194,0.08001006705866562,40.62731204014239,True,False,0.2840021141141344,0.0,-0.18724769444752837,0.0015428015718438003,0.0006415899110685234,0.003915942230952871,0.0,False,False,False,True,1.0,0.0,0.0,wait_Gm,0,0,0,False,,0.3777551200590967,0.28401107825994976,False,0.0
25,concentration_positive,114,25.018461034419406,49.5153164380396,189.60861567074383,198.29304034015527,Omega_safe_one_step_QP,False,True,,0.4429362574526775,0.44293625745267756,1.0000000000000002,-0.7380399703979492,-0.488166481256485,0.7380399703979492,0.80283361790767,-0.2265342090206574,233.65538828079238,193.62323260315762,0.0895302318552498,0.034110309980249776,-0.20886796079187284,-0.16326110831745674,-0.4404677261004855,0.04669807736997661,44.293625745267754,True,False,0.29839819264712264,0.0,0.32479673095836004,0.0015449772989279396,0.0017767043418300376,0.0011445691384049238,0.0,False,False,False,True,1.0,0.0,0.0,wait_Gm,0,0,0,False,,0.39690631019777345,0.2984092212697502,False,0.0
25,concentration_positive,115,25.01742960629546,49.515721820156735,188.1158193100931,200.53425921705463,Omega_safe_one_step_QP,False,True,,0.4605216669100634,0.46052166691006335,0.9999999999999999,-0.7796545624732971,-0.4765945374965668,0.7796545624732971,0.8047960260381117,-0.22594380489202343,233.65538828079238,193.682273016021,0.0958848118670851,0.040464889992085085,-0.19615985396087388,-0.13805890649167193,-0.45539568970699296,0.06851986201033616,46.05216669100633,True,False,0.29204466582795896,0.0,0.495351897569567,0.0015520629668684758,0.0002228440974372104,0.0005023062054169998,0.0,False,False,False,True,1.0,0.0,0.0,wait_Gm,0,0,0,False,,0.3884539861742139,0.2920546412579149,False,0.0
25,concentration_positive,116,25.015209541016702,49.51581653279821,189.67357348563465,204.32129974263046,Omega_safe_one_step_QP,False,True,,0.4522874793982888,0.45228747939828884,1.0000000000000002,-0.7899370789527893,-0.4132479131221771,0.7899370789527893,0.8091381652300772,-0.22502372655579678,233.65538828079238,193.77428084964367,0.10954729516893168,0.05412737329393169,-0.1688367252190261,-0.0915065240595063,-0.4398181479515773,0.10547018892986786,45.228747939828885,True,False,0.2783840203879578,0.0,0.29834373663624775,0.001554613882855346,0.00024265980714171682,0.001434167594235368,0.0,False,False,False,True,1.0,0.0,0.0,wait_Gm,0,0,0,False,,0.37028130825635747,0.2783921579560683,False,0.0
25,concentration_positive,117,25.014239870548874,49.51604103585461,191.64655873852686,205.81274976024997,Omega_safe_one_step_QP,False,True,,0.4368694496288661,0.4368694496288661,1.0,-0.7710375785827637,-0.3654792904853821,0.7710375785827637,0.8109999643725512,-0.22455876088135446,233.65538828079238,193.8207774170879,0.11551832200561261,0.06009840013061263,-0.1568955939486007,-0.06902843815435611,-0.42008829542265513,0.11991972343162066,43.68694496288661,True,False,0.2724139159542133,0.0,0.05927122025284007,0.0015510861141788809,0.00038926708081301584,0.00022244231550572468,0.0,False,False,False,True,1.0,0.0,0.0,wait_Gm,0,0,0,False,,0.362339154175752,0.27242113111938737,False,0.0
25,concentration_positive,118,25.014846954296814,49.5165344355733,192.3520950986556,204.72195158806298,Omega_safe_one_step_QP,False,True,,0.4271895375989462,0.4271895375989463,1.0000000000000002,-0.7478599548339844,-0.3660202622413635,0.7478599548339844,0.809721681002908,-0.22460983714843286,233.65538828079238,193.81566979038007,0.11179244407965405,0.05637252220465405,-0.16434701328040574,-0.07877662697068022,-0.4130329318213677,0.10906281797682914,42.718953759894625,True,False,0.2761394573600598,0.0,-0.020917926749702928,0.0015452598062411361,4.977815554637207e-05,0.0001189840652446485,0.0,False,False,False,True,1.0,0.0,0.0,wait_Gm,0,0,0,False,,0.36729500136467286,0.27614700904534595,False,0.0
25,concentration_positive,119,25.01601330659116,49.51717340256744,191.67155435147035,202.83411226213929,Omega_safe_one_step_QP,False,True,,0.42945867362636087,0.42945867362636087,1.0,-0.7409597635269165,-0.3976317346096039,0.7409597635269165,0.8073236742194897,-0.22481634788580732,233.65538828079238,193.79501871664263,0.10462809499828779,0.04920817312328779,-0.17867476799656168,-0.1028246556180488,-0.41983833929322034,0.09039093545496665,42.945867362636086,True,False,0.28330286299484947,0.0,0.06619472212014443,0.001541422190080416,4.631357085794744e-05,0.0003563937320504024,0.0,False,False,False,True,1.0,0.0,0.0,wait_Gm,0,0,0,False,,0.37682441161088387,0.2833113581267122,False,0.0
25,concentration_positive,120,25.016630658171916,49.51776169444358,190.59801610549596,202.02093318317114,Omega_safe_one_step_QP,False,True,,0.4383615217345983,0.4383615217345983,1.0,-0.7498826384544373,-0.41933366656303406,0.7498826384544373,0.8060138504760183,-0.2248195510673569,233.65538828079238,193.79469839848767,0.10084089495840219,0.045420973083402205,-0.18624869268993455,-0.11511925447643515,-0.4305737217529642,0.08226234784683478,43.83615217345983,True,False,0.28708958764833675,0.0,0.19661311243435192,0.0015408883937232409,0.00011524843655697704,6.612602144714846e-05,0.0,False,False,False,True,1.0,0.0,0.0,wait_Gm,0,0,0,False,,0.38186182428462895,0.2870985581665978,False,0.0
25,concentration_positive,121,25.016387482678578,49.51820356627653,190.22441645654266,202.5912731191897,Omega_safe_one_step_QP,False,True,,0.4430733142657645,0.44307331426576463,1.0000000000000002,-0.7603748440742493,-0.4157414436340332,0.7603748440742493,0.8064176120214797,-0.22454092067102682,233.65538828079238,193.82256143812066,0.10234586998990476,0.04692594811490475,-0.1832389881755747,-0.10922001349734359,-0.43430971824249726,0.08768711681069039,44.30733142657646,True,False,0.28558485816547946,0.0,0.23942047817987713,0.0015415851596813925,1.3957669769803065e-05,3.252876426176664e-05,0.0,False,False,False,True,1.0,0.0,0.0,wait_Gm,0,0,0,False,,0.3798600339854443,0.28559358313509525,False,0.0
25,concentration_positive,122,25.015845703446683,49.51856748357628,190.59811216913693,203.55019507292533,Omega_safe_one_step_QP,False,True,,0.4413449745576938,0.44134497455769384,1.0000000000000002,-0.7627543807029724,-0.3983078598976135,0.7627543807029724,0.8074191426261077,-0.2241794126610518,233.65538828079238,193.85871223911818,0.10568670328838226,0.050266781413382255,-0.17655781101359264,-0.09712038712159474,-0.4305727611165545,0.09691482833807163,44.134497455769385,True,False,0.2822445143019749,0.0,0.192153078123074,0.001541200966341946,1.3964848561133885e-05,9.195313133561497e-05,0.0,False,False,False,True,1.0,0.0,0.0,wait_Gm,0,0,0,False,,0.3754163405377002,0.28225274983661774,False,0.0
25,concentration_positive,123,25.015602840038348,49.51896078742256,191.10806703431874,203.9451503996107,Omega_safe_one_step_QP,False,True,,0.4372074366825233,0.4372074366825233,1.0,-0.7577529549598694,-0.38575276732444763,0.7577529549598694,0.8078278784647228,-0.22392759570607415,233.65538828079238,193.88389393461594,0.10718880676726569,0.051768884892265665,-0.17355385373682478,-0.09115006710471629,-0.42547321246473646,0.10061256464994761,43.72074366825233,True,False,0.28074266050409047,0.0,0.13047886285874027,0.001539256924258926,2.600539645225992e-05,1.559897100771416e-05,0.0,False,False,False,True,1.0,0.0,0.0,wait_Gm,0,0,0,False,,0.37341836973741216,0.28075064635773433,False,0.0
25,concentration_positive,124,25.01576646170396,49.519422858536956,191.29149344639123,203.66149047846326,Omega_safe_one_step_QP,False,True,,0.4347492860754329,0.43474928607543273,0.9999999999999997,-0.7518144249916077,-0.3860856890678406,0.7518144249916077,0.8074271280564581,-0.22380910918794994,233.65538828079238,193.89574258642836,0.10619105065115984,0.05077112877615986,-0.17554926731121745,-0.09391338535764543,-0.4236389483440115,0.09765747892034907,43.474928607543276,True,False,0.2817403179623773,0.0,0.10977741657948627,0.0015367204852921729,3.36452486457878e-06,8.046295086536746e-06,0.0,False,False,False,True,1.0,0.0,0.0,wait_Gm,0,0,0,False,,0.3747455004026367,0.28174840247384014,False,0.0
25,concentration_positive,125,25.01607441858002,49.51992256693806,191.11016447929265,203.18301741441772,Omega_safe_one_step_QP,False,True,,0.4354542389980267,0.4354542389980268,1.0000000000000002,-0.7500143647193909,-0.39373114705085754,0.7500143647193909,0.8067373514324544,-0.2237306895568521,233.65538828079238,193.90358454953815,0.10430590027734822,0.04888597840234821,-0.17931933287728574,-0.10000728769439082,-0.4254522380149973,0.09279432864879578,43.54542389980268,True,False,0.28362523315463395,0.0,0.13305654235652128,0.0015347193705037997,3.2880194309037766e-06,2.289364730171322e-05,0.0,False,False,False,True,1.0,0.0,0.0,wait_Gm,0,0,0,False,,0.37725296773397465,0.2836335528476518,False,0.0
25,concentration_positive,126,25.01623506895847,49.52040774484047,190.8439861663825,202.9772576965672,Omega_safe_one_step_QP,False,True,,0.4375965583873756,0.43759655838737566,1.0000000000000002,-0.7521107792854309,-0.399142861366272,0.7521107792854309,0.8063396233757529,-0.22359822295475673,233.65538828079238,193.91683120974767,0.10332687980074239,0.0479069579257424,-0.18127725395483107,-0.10313157447209964,-0.42811402114409874,0.09060426486819514,43.75965583873757,True,False,0.2846041337555735,0.0,0.16555437380565308,0.0015335423592405645,7.085089426368961e-06,4.233706148992814e-06,0.0,False,False,False,True,1.0,0.0,0.0,wait_Gm,0,0,0,False,,0.37855517783931153,0.2846125733242576,False,0.0
25,concentration_positive,127,25.016181271383434,49.520856398285424,190.74691826985665,203.1157892235068,Omega_safe_one_step_QP,False,True,,0.4387921066848063,0.4387921066848062,0.9999999999999999,-0.7547171115875244,-0.398313045501709,0.7547171115875244,0.8063688940376891,-0.22339553197326062,233.65538828079238,193.93710030789728,0.10366669698116161,0.0482467751061616,-0.18059767624628298,-0.10177792486346018,-0.4290847001093573,0.09178688915609506,43.879210668480624,True,False,0.2842643732274446,0.0,0.1768524724912777,0.0015326889012648296,9.422176535954504e-07,1.919098395621759e-06,0.0,False,False,False,True,1.0,0.0,0.0,wait_Gm,0,0,0,False,,0.3781031818126025,0.2842727561438384,False,0.0
25,concentration_positive,128,25.016048814571718,49.52128481520009,190.8342045929334,203.35792705329055,Omega_safe_one_step_QP,False,True,,0.438404252741666,0.4384042527416659,0.9999999999999998,-0.7553697228431702,-0.3939410448074341,0.7553697228431702,0.8065555576986877,-0.22317083531253848,233.65538828079238,193.9595699739695,0.10449012818620122,0.04907020631120118,-0.17895093700981257,-0.09875021326342925,-0.4282118368785899,0.09398357079321049,43.84042527416659,True,False,0.2834410651960138,0.0,0.16590456817442828,0.0015315898155262796,7.618902196256918e-07,5.863072861238804e-06,0.0,False,False,False,True,1.0,0.0,0.0,wait_Gm,0,0,0,False,,0.37700792337761724,0.2834493249387988,False,0.0
25,concentration_positive,129,25.01598512434827,49.521719219549,190.9635103814422,203.4681979475205,Omega_safe_one_step_QP,False,True,,0.4373365189381483,0.4373365189381484,1.0000000000000002,-0.7541540265083313,-0.3906727731227875,0.7541540265083313,0.8066058984437849,-0.22297178833062417,233.65538828079238,193.97947467216093,0.10489053828597267,0.04947061641097267,-0.1781501837229249,-0.09715235434455169,-0.4269187789935017,0.09488723275359576,43.733651893814844,True,False,0.28304072200889757,0.0,0.15038020784855688,0.001530101838821267,1.6719986941886655e-06,1.2159670114274085e-06,0.0,False,False,False,True,1.0,0.0,0.0,wait_Gm,0,0,0,False,,0.3764753317823291,0.28304891483902733,False,0.0
25,concentration_positive,130,25.016023466733785,49.52217042570378,191.01316754047835,203.40913377597087,Omega_safe_one_step_QP,False,True,,0.4366882091226345,0.4366882091226344,0.9999999999999998,-0.7526729702949524,-0.39056119322776794,0.7526729702949524,0.8064530652945056,-0.2228064515079386,233.65538828079238,193.99600835442948,0.10466344476559637,0.04924352289059636,-0.17860435040236322,-0.09774383078100285,-0.4264222074031403,0.09413125421541382,43.66882091226344,True,False,0.2832677951679596,0.0,0.14486232598662355,0.0015284602048818308,2.465833443540907e-07,3.488576360844837e-07,0.0,False,False,False,True,1.0,0.0,0.0,wait_Gm,0,0,0,False,,0.37677739234495605,0.28327600835940364,False,0.0
25,concentration_positive,131,25.016099885299944,49.52263097272232,190.97307322013341,203.29612768808596,Omega_safe_one_step_QP,False,True,,0.436804898022526,0.43680489802252603,1.0000000000000002,-0.752156138420105,-0.3923260271549225,0.752156138420105,0.8062240194880297,-0.2226519977088174,233.65538828079238,194.01145373434161,0.10420224172943567,0.04878231985443565,-0.17952670024991835,-0.09921121886671833,-0.42682315060658965,0.09284673953744352,43.6804898022526,True,False,0.283728941979354,0.0,0.1501850258837294,0.0015269416216562915,1.607554523922223e-07,1.2770375899052494e-06,0.0,False,False,False,True,1.0,0.0,0.0,wait_Gm,0,0,0,False,,0.377390845554375,0.28373721139556435,False,0.0
25,concentration_positive,132,25.016142609237285,49.52308820691288,190.9099963741757,203.24499338587617,Omega_safe_one_step_QP,False,True,,0.4372778258971245,0.43727782589712444,0.9999999999999999,-0.7525941729545593,-0.39366692304611206,0.7525941729545593,0.8060617382888452,-0.22248516468607932,233.65538828079238,194.02813703661542,0.1039483054625915,0.048528383587591484,-0.18003454192741175,-0.10001735028516626,-0.42745391906616675,0.09216856349260752,43.72778258971244,True,False,0.28398284739000323,0.0,0.1580426428647934,0.0015256233492041606,3.97868849597265e-07,2.614716862482031e-07,0.0,False,False,False,True,1.0,0.0,0.0,wait_Gm,0,0,0,False,,0.37772861006582514,0.2839911476624085,False,0.0
25,concentration_positive,133,25.016133429433257,49.52353653886379,190.88473104229777,203.27788320023575,Omega_safe_one_step_QP,False,True,,0.4375553942484698,0.43755539424846973,0.9999999999999999,-0.7532120943069458,-0.3935217261314392,0.7532120943069458,0.8060027775237747,-0.2223013584571594,233.65538828079238,194.0465176595074,0.10401357181272237,0.04859364993772236,-0.1799040210009597,-0.09974138351115966,-0.4277065723849461,0.09231365540728337,43.75553942484697,True,False,0.28391759281368206,0.0,0.1611377004072574,0.0015243940788678013,6.38336994902064e-08,1.0817398886074994e-07,0.0,False,False,False,True,1.0,0.0,0.0,wait_Gm,0,0,0,False,,0.3776417982939991,0.28392588131227764,False,0.0
25,concentration_positive,134,25.016102722954706,49.52397939548965,190.90457154133244,203.340252002046,Omega_safe_one_step_QP,False,True,,0.437453227646636,0.4374532276466361,1.0000000000000002,-0.7533870339393616,-0.3924543559551239,0.7533870339393616,0.8059868505247176,-0.2221114850208296,233.65538828079238,194.0655050031404,0.10421119005055181,0.048791268175551794,-0.1795088146786219,-0.09900414999796386,-0.42750816739459935,0.09274746998905598,43.745322764663605,True,False,0.2837200047291737,0.0,0.15877662052167124,0.0015231149871168534,3.936454019448073e-08,3.8898674392446307e-07,0.0,False,False,False,True,1.0,0.0,0.0,wait_Gm,0,0,0,False,,0.3773789432538428,0.2837282630744482,False,0.0
25,concentration_positive,135,25.016086569989017,49.52442306410702,190.9372636096864,203.37405069213392,Omega_safe_one_step_QP,False,True,,0.4371663984638633,0.43716639846386335,1.0000000000000002,-0.7530977725982666,-0.39158323407173157,0.7530977725982666,0.8059420910565321,-0.2219272789526672,233.65538828079238,194.08392560995662,0.10431927271195085,0.04889935083695085,-0.179292667662238,-0.09856846127716984,-0.42718124671105984,0.09290125082177289,43.716639846386336,True,False,0.28361194037418885,0.0,0.1549783952434109,0.0015217433473841847,1.0687713332595133e-07,1.1423514516602316e-07,0.0,False,False,False,True,1.0,0.0,0.0,wait_Gm,0,0,0,False,,0.37723518085524904,0.28362018041304915,False,0.0
25,concentration_positive,136,25.016095170857433,49.52487048522979,190.95232495482358,203.36656128480695,Omega_safe_one_step_QP,False,True,,0.4369659896869693,0.4369659896869694,1.0000000000000002,-0.7527150511741638,-0.3914570212364197,0.7527150511741638,0.8058480455870481,-0.22175141816043242,233.65538828079238,194.10151168918011,0.1042751122072351,0.048855190332235066,-0.17938098585594084,-0.09866301198103883,-0.427030633259688,0.0926504959562684,43.69659896869694,True,False,0.28365609806317593,0.0,0.15340716931466886,0.0015203308608440218,2.2684411734137413e-08,5.609122210929868e-09,0.0,False,False,False,True,1.0,0.0,0.0,wait_Gm,0,0,0,False,,0.3772939194162598,0.28366434091776493,False,0.0
25,concentration_positive,137,25.016114360662154,49.525320126309104,190.9452357422154,203.34365551082044,Omega_safe_one_step_QP,False,True,,0.4369502880925285,0.43695028809252845,0.9999999999999999,-0.7525501251220703,-0.39181697368621826,0.7525501251220703,0.8057328198619362,-0.22157878089717015,233.65538828079238,194.11877541550632,0.10416583875289052,0.04874591687789054,-0.1795995201978604,-0.09899717752798923,-0.4271015253857698,0.09224880095314103,43.69502880925285,True,False,0.28376535895075095,0.0,0.1545179751448768,0.001518945586520574,5.025693540396043e-09,5.2467448192100455e-08,0.0,False,False,False,True,1.0,0.0,0.0,wait_Gm,0,0,0,False,,0.377439265708462,0.28377361437210946,False,0.0
25,concentration_positive,138,25.016126422531006,49.525768929691964,190.93129093240128,203.33412092161046,Omega_safe_one_step_QP,False,True,,0.4370295758961676,0.4370295758961677,1.0000000000000002,-0.7526223063468933,-0.39211052656173706,0.7526223063468933,0.8056317013229097,-0.22140358840128205,233.65538828079238,194.13629466509514,0.10410040890091465,0.048680487025914654,-0.17973037260428154,-0.09919320240886995,-0.427240973483911,0.09197826256515318,43.70295758961677,True,False,0.2838307815051962,0.0,0.15640102959926025,0.0015176101222366097,1.94457720751982e-08,9.090839140301336e-09,0.0,False,False,False,True,1.0,0.0,0.0,wait_Gm,0,0,0,False,,0.3775262949547119,0.28383904422408535,False,0.0
25,concentration_positive,139,25.016125914135966,49.526215385898595,190.92569849603098,203.3450738924941,Omega_safe_one_step_QP,False,True,,0.4370695900023919,0.4370695900023919,1.0,-0.7527523040771484,-0.3920523226261139,0.7527523040771484,0.8055555974935261,-0.22122437894013222,233.65538828079238,194.15421561121013,0.10411228112131549,0.048692359246315486,-0.17970663116227037,-0.09912766490148575,-0.42729689784761404,0.0919085828128397,43.70695900023919,True,False,0.28381891228358586,0.0,0.15722582040076305,0.001516300047874122,3.127534455593299e-09,1.1996757117778294e-08,0.0,False,False,False,True,1.0,0.0,0.0,wait_Gm,0,0,0,False,,0.37751050353566895,0.2838271720036845,False,0.0
25,concentration_positive,140,25.01611955065801,49.52666019261217,190.93118590968868,203.36427270533346,Omega_safe_one_step_QP,False,True,,0.4370182997157042,0.4370182997157044,1.0000000000000004,-0.7527825832366943,-0.3917551636695862,0.7527825832366943,0.8054911891645546,-0.2210435961932963,233.65538828079238,194.1722938858937,0.10416014885575,0.04874022698074998,-0.1796109036779561,-0.09893690796576676,-0.42724202371103703,0.09191978819439742,43.70182997157043,True,False,0.2837710525337061,0.0,0.15670706319691363,0.001514981364200151,3.0111708650757603e-09,3.6859441444089724e-08,0.0,False,False,False,True,1.0,0.0,0.0,wait_Gm,0,0,0,False,,0.3774468339294727,0.28377930426925,False,0.0
25,concentration_positive,141,25.01611619780875,49.527104863294504,190.94042965235028,203.37736893336233,Omega_safe_one_step_QP,False,True,,0.4369177312964353,0.43691773129643524,0.9999999999999999,-0.7526975274085999,-0.3914874792098999,0.7526975274085999,0.805420821619021,-0.22086414079096606,233.65538828079238,194.19023942612674,0.10418948875917472,0.04876956688417472,-0.17955222943043386,-0.09880808011988598,-0.42714958628442107,0.09187129507235589,43.69177312964352,True,False,0.2837417181896086,0.0,0.1557610132185664,0.0015136417842940512,8.544677839380783e-09,1.7151118858419522e-08,0.0,False,False,False,True,1.0,0.0,0.0,wait_Gm,0,0,0,False,,0.37740780847630373,0.2837499643658253,False,0.0
25,concentration_positive,142,25.016118842513087,49.52755018763279,190.94581105560778,203.38040444492063,Omega_safe_one_step_QP,False,True,,0.4368342411246795,0.43683424112467956,1.0000000000000002,-0.7525826692581177,-0.3913955092430115,0.7525826692581177,0.805338514576933,-0.22068683602764147,233.65538828079238,194.2079699024592,0.10418193698639626,0.04876201511139622,-0.1795673334355638,-0.09880740779813635,-0.42709577225184603,0.09172434542461425,43.683424112467954,True,False,0.2837492704219601,0.0,0.155305955673316,0.0015122925378262143,2.895950101985223e-09,9.214330420542276e-10,0.0,False,False,False,True,1.0,0.0,0.0,wait_Gm,0,0,0,False,,0.3774178532030274,0.2837575161386038,False,0.0
25,concentration_positive,143,25.01612438020205,49.52799586164606,190.9457444568836,203.37913890957233,Omega_safe_one_step_QP,False,True,,0.43679525664457286,0.4367952566445729,1.0000000000000002,-0.7525166273117065,-0.39142897725105286,0.7525166273117065,0.8052504250424242,-0.22051054168233533,233.65538828079238,194.22559933698983,0.10415659078923581,0.04873666891423578,-0.1796180236643817,-0.09887150753524074,-0.4270964382390878,0.09153539572582517,43.67952566445729,True,False,0.2837746144536175,0.0,0.15551207197172062,0.001510950305605559,4.4353900616821143e-13,1.6015797177855223e-10,0.0,False,False,False,True,1.0,0.0,0.0,wait_Gm,0,0,0,False,,0.37745156656690426,0.2837828623357642,False,0.0
25,concentration_positive,144,25.01612845295652,49.52844114929772,190.94369810726695,203.38070071297554,Omega_safe_one_step_QP,False,True,,0.43678153617919596,0.4367815361791959,0.9999999999999999,-0.752509355545044,-0.3914552927017212,0.752509355545044,0.8051652316596118,-0.22033382736786597,233.65538828079238,194.24327076843676,0.10414025114098192,0.04872032926598191,-0.17965070185173482,-0.09890769655357826,-0.42711690173525424,0.09137429944538786,43.6781536179196,True,False,0.2837909529927167,0.0,0.1559443935795207,0.001509621516172355,4.187546753557516e-10,2.4392298702654864e-10,0.0,False,False,False,True,1.0,0.0,0.0,wait_Gm,0,0,0,False,,0.3774733001831251,0.2837992019840181,False,0.0
25,concentration_positive,145,25.016129487531316,49.52888564699539,190.94348175824163,203.38724013860553,Omega_safe_one_step_QP,False,True,,0.43676019758827794,0.43676019758827783,0.9999999999999998,-0.7525193691253662,-0.3913986384868622,0.7525193691253662,0.8050860842996292,-0.22015625241344483,233.65538828079238,194.26102826387887,0.10414259071633063,0.048722668841330585,-0.179646024072666,-0.09888081088781564,-0.42711906522550747,0.09126211874726667,43.676019758827785,True,False,0.28378861478899664,0.0,0.15614318931906837,0.001508300857580298,4.680690075795914e-12,4.276408757023971e-09,0.0,False,False,False,True,1.0,0.0,0.0,wait_Gm,0,0,0,False,,0.37747018827914064,0.2837968624086694,False,0.0
25,concentration_positive,146,25.016128957071196,49.52932949269674,190.94596107863958,203.3960331575356,Omega_safe_one_step_QP,False,True,,0.4367171619216646,0.43671716192166476,1.0000000000000004,-0.7525073885917664,-0.39128077030181885,0.7525073885917664,0.8050100635174325,-0.21997836108716232,233.65538828079238,194.27881739650712,0.10415454758152445,0.048734625706524426,-0.17962211304219353,-0.0988205372671154,-0.42709427202152794,0.09117215761028494,43.67171619216648,True,False,0.283776660623718,0.0,0.15601421882290198,0.0015069800792647649,6.147029635704501e-10,7.731718190470615e-09,0.0,False,False,False,True,1.0,0.0,0.0,wait_Gm,0,0,0,False,,0.3774542842689844,0.2837849055434756,False,0.0
25,concentration_positive,147,25.016129019831443,49.52977304717183,190.94951392089567,203.4035582538895,Omega_safe_one_step_QP,False,True,,0.4366610804653619,0.43666108046536195,1.0000000000000002,-0.7524667978286743,-0.39116543531417847,0.7524667978286743,0.8049328730237665,-0.21980086361930676,233.65538828079238,194.29656714329266,0.10416284850665335,0.04874292663165336,-0.17960551341876246,-0.09877238585954284,-0.4270587435989671,0.0910699111059684,43.6661080465362,True,False,0.2837683619254158,0.0,0.15576152372564592,0.0015056557089365595,1.2622688096619113e-09,5.662707513550875e-09,0.0,False,False,False,True,1.0,0.0,0.0,wait_Gm,0,0,0,False,,0.3774432430809814,0.28377660461834664,False,0.0
25,concentration_positive,148,25.01613053116777,49.53021652150894,190.9522325665876,203.40863476594612,Omega_safe_one_step_QP,False,True,,0.43660820945698864,0.43660820945698875,1.0000000000000002,-0.752417266368866,-0.3910914957523346,0.752417266368866,0.8048528026278677,-0.21962400395044615,233.65538828079238,194.31425311017873,0.10416223440387891,0.048742312528878895,-0.1796067426220539,-0.09875514484442802,-0.42703155714204766,0.09094381655767383,43.66082094569888,True,False,0.2837689770259328,0.0,0.1556156459643171,0.0015043301429846544,7.391034398316733e-10,2.577097466084667e-09,0.0,False,False,False,True,1.0,0.0,0.0,wait_Gm,0,0,0,False,,0.3774440599085596,0.2837772187211211,False,0.0
25,concentration_positive,149,25.016132820705078,49.53065985882739,190.9536180297944,203.4125316426702,Omega_safe_one_step_QP,False,True,,0.4365660369452851,0.4365660369452852,1.0000000000000002,-0.752378523349762,-0.39104974269866943,0.752378523349762,0.8047711814394237,-0.21944753094582395,233.65538828079238,194.33190041064097,0.10415682914831467,0.048736907273314645,-0.17961755343175137,-0.09875520719899264,-0.42701770250997984,0.09080631232029232,43.65660369452851,True,False,0.28377438258006604,0.0,0.1556318678843263,0.001503007445548415,1.9195082973620768e-10,1.5185648202601286e-09,0.0,False,False,False,True,1.0,0.0,0.0,wait_Gm,0,0,0,False,,0.3774512495228321,0.28378262397668536,False,0.0
25,concentration_positive,150,25.01613482246536,49.53110288317044,190.95444364385463,203.41700626817854,Omega_safe_one_step_QP,False,True,,0.43653058770459896,0.4365305877045989,0.9999999999999999,-0.7523543238639832,-0.39100849628448486,0.7523543238639832,0.8046901324433923,-0.21927109237538803,233.65538828079238,194.34954426768454,0.1041531885285444,0.04873326665354438,-0.1796248351698006,-0.09874992684363684,-0.4270094463693775,0.09067462000493992,43.65305877045989,True,False,0.283778023698345,0.0,0.1557126684690229,0.0015016894099680476,6.816385764539869e-11,2.002227343998529e-09,0.0,False,False,False,True,1.0,0.0,0.0,wait_Gm,0,0,0,False,,0.3774560919681885,0.2837862645964556,False,0.0
25,concentration_positive,151,25.016136091749722,49.531545487504616,190.95565524537798,203.42268292996914,Omega_safe_one_step_QP,False,True,,0.4364938736163255,0.4364938736163255,1.0,-0.752335250377655,-0.39094796776771545,0.752335250377655,0.8046105457239368,-0.21909455970868716,233.65538828079238,194.36719753435463,0.1041540467941269,0.048734124919126875,-0.17962311973038744,-0.09872953107193436,-0.426997330354144,0.09055485395614507,43.64938736163255,True,False,0.28377716652451435,0.0,0.15574362296867547,0.0015003749241622789,1.46797825138803e-10,3.222448908488197e-09,0.0,False,False,False,True,1.0,0.0,0.0,wait_Gm,0,0,0,False,,0.3774549503754346,0.2837854063308731,False,0.0
25,concentration_positive,152,25.016136940388183,49.531987696445114,190.95752911327364,203.42897367333606,Omega_safe_one_step_QP,False,True,,0.4364519880334448,0.4364519880334449,1.0000000000000002,-0.7523113489151001,-0.39087164402008057,0.7523113489151001,0.8045318044563692,-0.21891805057369246,233.65538828079238,194.3848484478541,0.10415748565743889,0.048737563782438875,-0.17961624345053145,-0.09870020142753247,-0.4269785916751874,0.09044125225481955,43.64519880334449,True,False,0.28377372910797033,0.0,0.1556937598705963,0.001499061962834423,3.51138089036201e-10,3.9573452108424695e-09,0.0,False,False,False,True,1.0,0.0,0.0,wait_Gm,0,0,0,False,,0.3774503762899658,0.2837819674675611,False,0.0
25,concentration_positive,153,25.016137899477563,49.5324295969731,190.95970573376934,203.43500494144953,Omega_safe_one_step_QP,False,True,,0.4364066710141857,0.43640667101418573,1.0000000000000002,-0.7522802948951721,-0.3907948136329651,0.7522802948951721,0.8044528522047997,-0.21874174063359741,233.65538828079238,194.40247944186362,0.10416023884772797,0.04874031697272796,-0.17961073842923364,-0.09867312311325438,-0.4269568254702304,0.09032525499585925,43.64066710141858,True,False,0.2837709772769616,0.0,0.15560859684926526,0.001497749551449191,4.737676782315325e-10,3.6376195056616095e-09,0.0,False,False,False,True,1.0,0.0,0.0,wait_Gm,0,0,0,False,,0.3774467142290918,0.28377921427727204,False,0.0
25,concentration_positive,154,25.016139211149213,49.53287124577927,190.96169727529173,203.44043857597097,Omega_safe_one_step_QP,False,True,,0.4363620123529583,0.43636201235295835,1.0000000000000002,-0.7522467374801636,-0.3907277286052704,0.7522467374801636,0.8043732057411292,-0.2185657005386173,233.65538828079238,194.42008345136162,0.10416081757929438,0.04874089570429435,-0.17960958202952546,-0.0986535138161429,-0.42693691005500656,0.0902035512460935,43.636201235295836,True,False,0.28377039960881983,0.0,0.15554720289787838,0.0014964382122374283,3.966237635388908e-10,2.9524384112563632e-09,0.0,False,False,False,True,1.0,0.0,0.0,wait_Gm,0,0,0,False,,0.37744594444970214,0.28377863554570565,False,0.0
25,concentration_positive,155,25.016140727292694,49.53331263215304,190.9633600703383,203.4455522075716,Omega_safe_one_step_QP,False,True,,0.4363199839788207,0.4363199839788206,0.9999999999999998,-0.7522156238555908,-0.39066898822784424,0.7522156238555908,0.8042931590654424,-0.2183898736878827,233.65538828079238,194.43766613643507,0.1041601330036982,0.048740211128698196,-0.17961095205842176,-0.0986384914317511,-0.4269202821045408,0.09007886071136528,43.631998397882064,True,False,0.28377108506211995,0.0,0.15552577248208307,0.0014951289397150827,2.7648873668990884e-10,2.6149228147026994e-09,0.0,False,False,False,True,1.0,0.0,0.0,wait_Gm,0,0,0,False,,0.3774468550145361,0.2837793201213018,False,0.0
25,concentration_positive,156,25.01614218572117,49.53375371382733,190.96487580975852,203.45077899886775,Omega_safe_one_step_QP,False,True,,0.4362796860770562,0.43627968607705614,0.9999999999999999,-0.7521880269050598,-0.3906109035015106,0.7521880269050598,0.8042132347630708,-0.21821417280165842,233.65538828079238,194.45523622505752,0.10415979759566464,0.04873987572066463,-0.179611623787079,-0.09862249556075434,-0.42690512471033853,0.08995542773810239,43.62796860770561,True,False,0.28377142138274364,0.0,0.15552132919628092,0.0014938221968125174,2.2974659900320415e-10,2.7319347253387556e-09,0.0,False,False,False,True,1.0,0.0,0.0,wait_Gm,0,0,0,False,,0.37744730114601566,0.2837796555293354,False,0.0
25,concentration_positive,157,25.016143470258157,49.53419446410146,190.96647372199806,203.45629536638387,Omega_safe_one_step_QP,False,True,,0.4362392309683019,0.43623923096830186,0.9999999999999999,-0.7521618008613586,-0.39054813981056213,0.7521618008613586,0.8041336657317086,-0.2180385635223678,233.65538828079238,194.47279715298657,0.10416052569579169,0.048740603820791706,-0.17961016864398566,-0.09860284898449048,-0.4268891455879432,0.08983498213397301,43.62392309683019,True,False,0.28377069433977736,0.0,0.15550606355976015,0.001492517744943411,2.5533235252468314e-10,3.0430310572931525e-09,0.0,False,False,False,True,1.0,0.0,0.0,wait_Gm,0,0,0,False,,0.3774463326895313,0.2837789274292083,False,0.0
25,concentration_positive,158,25.01614464810815,49.5346348873992,190.96822353388978,203.4619566839049,Omega_safe_one_step_QP,False,True,,0.4361976416935128,0.43619764169351266,0.9999999999999997,-0.7521346211433411,-0.3904819190502167,0.7521346211433411,0.8040543196796526,-0.21786307159525137,233.65538828079238,194.4903463456982,0.10416190386434397,0.048741981989343985,-0.17960741344541048,-0.0985810961881268,-0.42687164746902595,0.08971610338206687,43.61976416935127,True,False,0.28376931730975447,0.0,0.15547214415453708,0.0014912151154264195,3.061841656430637e-10,3.205051607393945e-09,0.0,False,False,False,True,1.0,0.0,0.0,wait_Gm,0,0,0,False,,0.3774444995658838,0.283777549260656,False,0.0
25,concentration_positive,159,25.016145841858744,49.53507500377091,190.9700524290598,203.46757644637833,Omega_safe_one_step_QP,False,True,,0.43615525464728583,0.436155254647286,1.0000000000000004,-0.7521057724952698,-0.3904150724411011,0.7521057724952698,0.8039749532814425,-0.21768773749536136,233.65538828079238,194.5078797556872,0.10416317818121551,0.04874325630621551,-0.17960486594218322,-0.09855959065285774,-0.42685335851732586,0.08959696690691116,43.6155254647286,True,False,0.28376804412339873,0.0,0.1554288237089304,0.0014899140516801686,3.344857542875563e-10,3.158173025776697e-09,0.0,False,False,False,True,1.0,0.0,0.0,wait_Gm,0,0,0,False,,0.3774428045775,0.2837762749437845,False,0.0
25,concentration_positive,160,25.016147115510925,49.53551482742276,190.9718437109632,203.47305426169544,Omega_safe_one_step_QP,False,True,,0.4361130099763057,0.43611300997630553,0.9999999999999997,-0.752076268196106,-0.39035049080848694,0.752076268196106,0.8038954393815467,-0.21751258024535308,233.65538828079238,194.52539548068805,0.10416395511025571,0.04874403323525567,-0.17960331314533962,-0.0985398223032786,-0.4268354456982917,0.08947658781007395,43.61130099763055,True,False,0.28376726825559534,0.0,0.1553902929085143,0.001488614653249686,3.208690857528072e-10,3.0006460648333327e-09,0.0,False,False,False,True,1.0,0.0,0.0,wait_Gm,0,0,0,False,,0.3774417711699756,0.28377549801474433,False,0.0
25,concentration_positive,161,25.016148439690372,49.535954357044496,190.97356029515964,203.47844885703014,Omega_safe_one_step_QP,False,True,,0.43607138960816794,0.43607138960816794,1.0,-0.7520472407341003,-0.3902879059314728,0.7520472407341003,0.8038158367142251,-0.21733758808559758,233.65538828079238,194.54289469666358,0.10416441537349223,0.04874449349849219,-0.17960239363411412,-0.09852119363085235,-0.42681827985632736,0.08935554160366552,43.6071389608168,True,False,0.28376680900760637,0.0,0.1553607737286393,0.0014873171404316055,2.946661303433053e-10,2.9101658825239985e-09,0.0,False,False,False,True,1.0,0.0,0.0,wait_Gm,0,0,0,False,,0.3774411589682666,0.2837750377515078,False,0.0
25,concentration_positive,162,25.01614975554125,49.53639358358125,190.9752397121808,203.48386071952424,Omega_safe_one_step_QP,False,True,,0.43603022840058325,0.4360302284005832,0.9999999999999999,-0.7520189881324768,-0.39022552967071533,0.7520189881324768,0.803736263030712,-0.21716274110377903,233.65538828079238,194.56037939484546,0.10416492094856362,0.04874499907356361,-0.17960138350468596,-0.09850242180999513,-0.4268014856861157,0.08923481324678798,43.603022840058316,True,False,0.2837663044532496,0.0,0.15533548564685135,0.0014860216247074309,2.8204415309799433e-10,2.928825565504357e-09,0.0,False,False,False,True,1.0,0.0,0.0,wait_Gm,0,0,0,False,,0.3774404864940675,0.2837745321764364,False,0.0
25,concentration_positive,163,25.01615103438555,49.53683250085155,190.9769253958002,203.4893216957334,Omega_safe_one_step_QP,False,True,,0.4359891643063646,0.43598916430636464,1.0000000000000002,-0.7519912123680115,-0.3901626765727997,0.7519912123680115,0.803656776239183,-0.21698803051656854,233.65538828079238,194.5778504535665,0.10416564817749392,0.04874572630249391,-0.17959993008930897,-0.09848303876134865,-0.42678462884992174,0.08911471242166899,43.59891643063646,True,False,0.2837655782668029,0.0,0.15530916204728784,0.0014847280844651149,2.8415292647116957e-10,2.9822261156904523e-09,0.0,False,False,False,True,1.0,0.0,0.0,wait_Gm,0,0,0,False,,0.37743951919807617,0.2837738049475061,False,0.0
25,concentration_positive,164,25.016152282318064,49.53727110862438,190.9786489118535,203.49483029041582,Omega_safe_one_step_QP,False,True,,0.43594788530657275,0.43594788530657264,0.9999999999999998,-0.7519632577896118,-0.3900986313819885,0.7519632577896118,0.8035773649845743,-0.21681345891242954,233.65538828079238,194.5953076139804,0.10416655955297854,0.048746637677978544,-0.17959810840941226,-0.09846295994529283,-0.4267673936893888,0.08899522676435423,43.59478853065726,True,False,0.2837646679623908,0.0,0.15527805796209576,0.0014834363995423032,2.970507585945344e-10,3.034461537524019e-09,0.0,False,False,False,True,1.0,0.0,0.0,wait_Gm,0,0,0,False,,0.37743830696154784,0.28377289357202146,False,0.0
25,concentration_positive,165,25.01615353059881,49.53770941175102,190.9803914949146,203.5003299503055,Omega_safe_one_step_QP,False,True,,0.43590646140514216,0.43590646140514216,1.0,-0.7519349455833435,-0.39003443717956543,0.7519349455833435,0.8034979676910938,-0.21663903668359802,233.65538828079238,194.61274983686354,0.10416746281913672,0.04874754094413669,-0.17959630294723497,-0.09844290594589078,-0.42674996785877767,0.08887580113441965,43.59064614051422,True,False,0.2837637657663717,0.0,0.15524458326764942,0.0014821465036286975,3.036595724888288e-10,3.0246258902303254e-09,0.0,False,False,False,True,1.0,0.0,0.0,wait_Gm,0,0,0,False,,0.37743710551527837,0.2837719903058633,False,0.0
25,concentration_positive,166,25.016154795391216,49.538147413842324,190.98212805227047,203.50578690852737,Omega_safe_one_step_QP,False,True,,0.4358650704046501,0.43586507040465006,0.9999999999999999,-0.7519064545631409,-0.3899710476398468,0.7519064545631409,0.8034185526775962,-0.21646476855002472,233.65538828079238,194.63017665022087,0.10416825858900021,0.048748336714000196,-0.17959471245567943,-0.09842335256745771,-0.42673260228521914,0.0887561025830649,43.586507040465,True,False,0.2837629710446796,0.0,0.1552118268453569,0.0014808584058729733,3.0156314501740537e-10,2.9778393035084108e-09,0.0,False,False,False,True,1.0,0.0,0.0,wait_Gm,0,0,0,False,,0.377436047049082,0.2837711945359998,False,0.0
25,concentration_positive,167,25.016156072770137,49.538585115552294,190.98384530444858,203.51122964509875,Omega_safe_one_step_QP,False,True,,0.4358239000439436,0.43582390004394367,1.0000000000000002,-0.7518780827522278,-0.3899078369140625,0.7518780827522278,0.8033391282008425,-0.21629065240120637,233.65538828079238,194.6475882651027,0.10416897102779443,0.04874904915279443,-0.17959328862145252,-0.09840396859801673,-0.426715429763438,0.08863641379996037,43.58239000439436,True,False,0.28376225964924695,0.0,0.1551812801530059,0.0014795721594144423,2.9489550432255456e-10,2.96233813854597e-09,0.0,False,False,False,True,1.0,0.0,0.0,wait_Gm,0,0,0,False,,0.3774350994249463,0.28377048209720557,False,0.0
25,concentration_positive,168,25.01615734822789,49.53902251452543,190.98555328657875,203.516667504912,Omega_safe_one_step_QP,False,True,,0.43578287007959393,0.43578287007959376,0.9999999999999997,-0.751849889755249,-0.3898448944091797,0.751849889755249,0.8032597237219694,-0.21611668332764508,233.65538828079238,194.66498517245884,0.10416968935886942,0.04874976748386939,-0.17959185299920558,-0.09838464062780966,-0.4266983499421363,0.08851682332453151,43.57828700795938,True,False,0.283761542358075,0.0,0.15515171808128797,0.0014782877867223804,2.917202956982267e-10,2.9570319348468294e-09,0.0,False,False,False,True,1.0,0.0,0.0,wait_Gm,0,0,0,False,,0.37743414395999997,0.2837697637661306,False,0.0
25,concentration_positive,169,25.016158615320666,49.53945960972248,190.9872579570708,203.5221126677857,Omega_safe_one_step_QP,False,True,,0.43574194636947056,0.43574194636947056,1.0,-0.7518218755722046,-0.3897819519042969,0.7518218755722046,0.8031803526386652,-0.2159428590935321,233.65538828079238,194.68236759587015,0.10417045321225107,0.048750531337251046,-0.17959032633569041,-0.09836520727024986,-0.42668130323721587,0.08839745071915567,43.57419463694705,True,False,0.2837607795479415,0.0,0.1551223939096917,0.0014770052926984132,2.905901486452468e-10,2.9649798721258722e-09,0.0,False,False,False,True,1.0,0.0,0.0,wait_Gm,0,0,0,False,,0.37743312794657224,0.28376899991274895,False,0.0
25,concentration_positive,170,25.016159872384446,49.5398964006772,190.98897776635096,203.52757533277008,Omega_safe_one_step_QP,False,True,,0.43570096863894464,0.43570096863894453,0.9999999999999998,-0.7517937421798706,-0.3897184133529663,0.7517937421798706,0.8031010188470392,-0.21576917916258526,233.65538828079238,194.6997355889648,0.10417127281796959,0.04875135094296956,-0.1795886881804549,-0.09834548635279394,-0.4266641051444142,0.0882783974380526,43.570096863894456,True,False,0.2837599609984245,0.0,0.1550910839099879,0.0014757246256204642,2.957743960126828e-10,2.984070873155285e-09,0.0,False,False,False,True,1.0,0.0,0.0,wait_Gm,0,0,0,False,,0.37743203777796386,0.28376818030703044,False,0.0
25,concentration_positive,171,25.0161611324838,49.54033288954968,190.99069725195906,203.53301905112525,Omega_safe_one_step_QP,False,True,,0.4356600151520615,0.43566001515206154,1.0000000000000002,-0.7517655491828918,-0.38965529203414917,0.7517655491828918,0.8030216968874064,-0.21559564775801782,233.65538828079238,194.71708872942156,0.10417206782868664,0.0487521459536866,-0.1795870992051296,-0.09832597064544105,-0.4266469102883332,0.08815930321703683,43.566001515206146,True,False,0.28375916703381626,0.0,0.15505973934667963,0.0014744457788556193,2.9566307564843385e-10,2.9634069530382034e-09,0.0,False,False,False,True,1.0,0.0,0.0,wait_Gm,0,0,0,False,,0.3774309803193017,0.2837673852963134,False,0.0
25,concentration_positive,172,25.016162396293335,49.54076907716612,190.9924090266759,203.53845411988425,Omega_safe_one_step_QP,False,True,,0.43561917905511,0.4356191790551099,0.9999999999999998,-0.7517374157905579,-0.38959231972694397,0.7517374157905579,0.802942385871331,-0.21542226462154812,233.65538828079238,194.73442704306854,0.10417283410953244,0.04875291223453243,-0.1795855676862944,-0.09830654187204199,-0.42662979254116495,0.08804027076815713,43.56191790551099,True,False,0.28375840179582684,0.0,0.155029207502771,0.001473168769764163,2.930172681158796e-10,2.9539972415044708e-09,0.0,False,False,False,True,1.0,0.0,0.0,wait_Gm,0,0,0,False,,0.37742996108043464,0.28376661901546757,False,0.0
25,concentration_positive,173,25.01616365858927,49.54120496285071,190.9943716312307,203.5437061929382,Omega_safe_one_step_QP,False,True,,0.43557557582918055,0.43557557582918066,1.0000000000000002,-0.7517048716545105,-0.38953161239624023,0.7517048716545105,0.8028630967043092,-0.2152490278391059,233.65538828079238,194.75175072131276,0.10417360379055915,0.04875368191555912,-0.17958402927128017,-0.09828882439816955,-0.4266101664956167,0.08791955471625443,43.55755758291806,True,False,0.2837576330618393,0.0,0.15496929087610625,0.0014718927939441503,3.8518166385976046e-10,2.7584271364056037e-09,0.0,False,False,False,True,1.0,0.0,0.0,wait_Gm,0,0,0,False,,0.37742893731265137,0.2837658493344409,False,0.0
25,concentration_positive,174,25.016165120440224,49.5416405926407,190.99633832666126,203.54845998796395,Omega_safe_one_step_QP,False,True,,0.4355309995096891,0.435530999509689,0.9999999999999998,-0.7516689896583557,-0.38948026299476624,0.7516689896583557,0.8027834281052424,-0.21507599667451596,233.65538828079238,194.76905383777176,0.1041731405468759,0.048753218671875875,-0.1795849564361857,-0.09827716273322812,-0.42659049954131123,0.08779406150192198,43.5530999509689,True,False,0.2837580969830616,0.0,0.15491032694915702,0.0014706177907354017,3.8678909165600167e-10,2.259856714683823e-09,0.0,False,False,False,True,1.0,0.0,0.0,wait_Gm,0,0,0,False,,0.37742955348131835,0.2837663125781241,False,0.0
25,concentration_positive,175,25.016166785206558,49.54207598294626,190.99804222564757,203.55280232526457,Omega_safe_one_step_QP,False,True,,0.43548824139532855,0.43548824139532855,1.0,-0.751634418964386,-0.3894394636154175,0.751634418964386,0.8027033720258807,-0.21490316343728116,233.65538828079238,194.78633716149523,0.10417142402271115,0.04875150214771112,-0.17958838991761614,-0.0982711287328577,-0.4265734605514481,0.0876646516376933,43.54882413953286,True,False,0.2837598139403273,0.0,0.15488377514780496,0.0014693445394072663,2.903271755537136e-10,1.8855893232299407e-09,0.0,False,False,False,True,1.0,0.0,0.0,wait_Gm,0,0,0,False,,0.3774318366568506,0.2837680291022889,False,0.0
25,concentration_positive,176,25.016168443249626,49.54251110485477,190.99954523261235,203.55712682980217,Omega_safe_one_step_QP,False,True,,0.43544747549434304,0.435447475494343,0.9999999999999999,-0.7516034841537476,-0.38940274715423584,0.7516034841537476,0.8026233456415811,-0.21473045567443708,233.65538828079238,194.80360793777965,0.10416974361190338,0.04874982173690334,-0.17959175112703335,-0.0982658692724945,-0.4265584304818003,0.0875351889202253,43.54474754943429,True,False,0.28376149473893675,0.0,0.1548810303981145,0.0014680736588967395,2.2590299361835502e-10,1.8701339495781797e-09,0.0,False,False,False,True,1.0,0.0,0.0,wait_Gm,0,0,0,False,,0.37743407179661137,0.28376970951309666,False,0.0
25,concentration_positive,177,25.016169935145175,49.5429459271207,191.00106235126637,203.56169260249163,Omega_safe_one_step_QP,False,True,,0.4354071060319898,0.4354071060319898,1.0,-0.7515749931335449,-0.3893638551235199,0.7515749931335449,0.8025436674008145,-0.21455782336057597,233.65538828079238,194.82087116916574,0.10416907968062805,0.04874915780562805,-0.17959307947945963,-0.09825776663725791,-0.4265432592952601,0.0874082143332588,43.54071060319898,True,False,0.2837621591600877,0.0,0.15487571193161784,0.0014668051192059123,2.3016490103799702e-10,2.0846280251821955e-09,0.0,False,False,False,True,1.0,0.0,0.0,wait_Gm,0,0,0,False,,0.3774349549019824,0.28377037344437195,False,0.0
25,concentration_positive,178,25.01617127366606,49.5433804447902,191.0027305767083,203.566455981547,Omega_safe_one_step_QP,False,True,,0.4353657028935838,0.4353657028935837,0.9999999999999998,-0.751546323299408,-0.38932156562805176,0.751546323299408,0.802464313183653,-0.21438527452046324,233.65538828079238,194.83812605317704,0.10416935353722637,0.04874943166222634,-0.17959253235304937,-0.09824699191865094,-0.4265265770408408,0.08728329928369968,43.536570289358366,True,False,0.28376188589027573,0.0,0.15485167367889516,0.0014655384596912392,2.7829761251100044e-10,2.2689780025059837e-09,0.0,False,False,False,True,1.0,0.0,0.0,wait_Gm,0,0,0,False,,0.37743459064013674,0.28377009958777366,False,0.0
25,concentration_positive,179,25.0161725808589,49.543814676137224,191.00452164678595,203.57121669869068,Omega_safe_one_step_QP,False,True,,0.4353231483730728,0.4353231483730728,1.0,-0.7515159845352173,-0.38927850127220154,0.7515159845352173,0.8023850407080277,-0.21421285041939278,233.65538828079238,194.85536846328407,0.10416981455560409,0.04874989268060409,-0.1795916109066492,-0.09823596616460195,-0.42650866634006435,0.08715848235406604,43.53231483730728,True,False,0.2837614254622533,0.0,0.15481291474384762,0.0014642732914887885,3.207932023031713e-10,2.266442772215069e-09,0.0,False,False,False,True,1.0,0.0,0.0,wait_Gm,0,0,0,False,,0.37743397743421875,0.2837696385693959,False,0.0
25,concentration_positive,180,25.016173955738694,49.54424864112937,191.0063068416944,203.5758279810216,Omega_safe_one_step_QP,False,True,,0.43528041606277484,0.4352804160627748,0.9999999999999999,-0.7514846324920654,-0.3892379701137543,0.7514846324920654,0.8023056528872338,-0.21404058169547452,233.65538828079238,194.8725953356759,0.10416985386225705,0.04874993198725702,-0.17959153280701515,-0.09822673442511681,-0.42649081439097986,0.08703232645345704,43.528041606277476,True,False,0.2837613866692722,0.0,0.15477520518526944,0.0014630096149674846,3.1869208611564966e-10,2.126392473552162e-09,0.0,False,False,False,True,1.0,0.0,0.0,wait_Gm,0,0,0,False,,0.3774339251521729,0.283769599262743,False,0.0
25,concentration_positive,181,25.016175394212677,49.544682343729825,191.00800877950422,203.5803143685936,Omega_safe_one_step_QP,False,True,,0.43523831351018544,0.4352383135101854,0.9999999999999999,-0.751453697681427,-0.3892005383968353,0.751453697681427,0.8022261577726352,-0.2138684643741554,233.65538828079238,194.8898070678078,0.10416949671863533,0.04874957484363529,-0.1795922475356599,-0.09821919246824914,-0.4264737950128816,0.08690507300785796,43.52383135101854,True,False,0.28376174425429523,0.0,0.15474766676485616,0.0014617476737145013,2.8965923085182454e-10,2.0127673446206367e-09,0.0,False,False,False,True,1.0,0.0,0.0,wait_Gm,0,0,0,False,,0.37743440019290037,0.2837699564063647,False,0.0
25,concentration_positive,182,25.016176830450323,49.545115774783206,191.0096443362145,203.58479789598252,Omega_safe_one_step_QP,False,True,,0.4351969151891602,0.4351969151891602,1.0,-0.7514239549636841,-0.3891642689704895,0.7514239549636841,0.8021466866584667,-0.21369647570051506,233.65538828079238,194.90700593517184,0.1041691480174628,0.0487492261424628,-0.17959294536819048,-0.09821184277807829,-0.42645743944577874,0.08677791960810674,43.51969151891602,True,False,0.2837620933856533,0.0,0.15472790659862767,0.0014604876687973483,2.6750457525533227e-10,2.0102017847137007e-09,0.0,False,False,False,True,1.0,0.0,0.0,wait_Gm,0,0,0,False,,0.37743486400776854,0.2837703051075372,False,0.0
25,concentration_positive,183,25.01617821234448,49.54554892404248,191.01128534081516,203.5893611684143,Omega_safe_one_step_QP,False,True,,0.43515567846151515,0.43515567846151515,1.0,-0.7513949871063232,-0.3891271650791168,0.7513949871063232,0.8020673439046733,-0.21352459929974332,233.65538828079238,194.924193575249,0.10416912818664799,0.048749206311647975,-0.17959298549563507,-0.09820352660353765,-0.42644102939977213,0.08665167593165296,43.51556784615151,True,False,0.28376211368228305,0.0,0.15470712361424377,0.0014592295842647334,2.692896099377342e-10,2.0823455286784265e-09,0.0,False,False,False,True,1.0,0.0,0.0,wait_Gm,0,0,0,False,,0.37743489038321776,0.283770324938352,False,0.0
25,concentration_positive,184,25.016179545311356,49.54598179016785,191.01297751716783,203.59398359313587,Omega_safe_one_step_QP,False,True,,0.43511411411690154,0.43511411411690154,1.0,-0.7513659000396729,-0.3890889883041382,0.7513659000396729,0.8019881194144072,-0.2133528381215703,233.65538828079238,194.94136969306632,0.10416940387266216,0.04874948199766216,-0.17959243461934665,-0.09819437937846401,-0.42642410763624555,0.08652613900069553,43.511411411690155,True,False,0.2837618384920088,0.0,0.15467994741049096,0.0014579732600137755,2.863460808510162e-10,2.136681030649359e-09,0.0,False,False,False,True,1.0,0.0,0.0,wait_Gm,0,0,0,False,,0.37743452369065433,0.28377004925233784,False,0.0
25,concentration_positive,185,25.016180871233473,49.54641437975954,191.01470583492298,203.5986025329248,Omega_safe_one_step_QP,False,True,,0.43507224719624954,0.4350722471962495,0.9999999999999999,-0.7513362765312195,-0.38905051350593567,0.7513362765312195,0.8019089302593323,-0.21318120610586713,233.65538828079238,194.95853289463665,0.10416971749089993,0.04874979561589993,-0.1795918078801727,-0.09818516627430526,-0.42640682445869404,0.0864006963828815,43.50722471962494,True,False,0.28376152537107263,0.0,0.15464836568879492,0.0014567185777339788,2.987082262773373e-10,2.133460477359681e-09,0.0,False,False,False,True,1.0,0.0,0.0,wait_Gm,0,0,0,False,,0.37743410654157716,0.2837697356341001,False,0.0
25,concentration_positive,186,25.01618221983494,49.54684669895705,191.01642929988316,203.60316597733004,Omega_safe_one_step_QP,False,True,,0.4350303780259434,0.4350303780259434,1.0,-0.7513063549995422,-0.38901305198669434,0.7513063549995422,0.801829717525853,-0.21300971232792013,233.65538828079238,194.97568227243133,0.10416988626159407,0.04874996438659407,-0.17959147080729126,-0.09817661331994013,-0.42638958980909225,0.08627483704898697,43.503037802594335,True,False,0.28376135706888533,0.0,0.1546174161786712,0.0014554655425071705,2.9703314689646097e-10,2.0825024839803725e-09,0.0,False,False,False,True,1.0,0.0,0.0,wait_Gm,0,0,0,False,,0.3774338820576416,0.28376956686340593,False,0.0
25,concentration_positive,187,25.01618358800906,49.54727874896805,191.01812711092293,203.6076862449294,Omega_safe_one_step_QP,False,True,,0.43498873484595274,0.43498873484595285,1.0000000000000002,-0.7512765526771545,-0.3889766335487366,0.7512765526771545,0.8017504875943707,-0.21283835475256388,233.65538828079238,194.99281802996697,0.10416992932466482,0.04875000744966479,-0.17959138512534414,-0.09816862116027261,-0.42637261169869445,0.08614868214962434,43.498873484595286,True,False,0.28376131445000896,0.0,0.1545895332463897,0.001454214225242485,2.8825623267847287e-10,2.0432819169830596e-09,0.0,False,False,False,True,1.0,0.0,0.0,wait_Gm,0,0,0,False,,0.37743382477782716,0.2837695238003352,False,0.0
25,concentration_positive,188,25.016184956060005,49.54771052729548,191.0198039395623,203.61220469100653,Omega_safe_one_step_QP,False,True,,0.4349473525661751,0.4349473525661751,1.0,-0.7512471079826355,-0.3889405131340027,0.7512471079826355,0.8016712799766534,-0.2126671263980969,233.65538828079238,195.00994086541365,0.10416996782469216,0.04875004594969212,-0.17959130856700456,-0.09816067793145344,-0.4263558434123007,0.08602263825592865,43.49473525661751,True,False,0.28376127639169674,0.0,0.15456403134291122,0.0014529646857401072,2.8117542858301305e-10,2.041635495191474e-09,0.0,False,False,False,True,1.0,0.0,0.0,wait_Gm,0,0,0,False,,0.37743377356981933,0.2837694853003079,False,0.0
25,concentration_positive,189,25.01618630809604,49.54814203090396,191.02147446783871,203.61674355794298,Omega_safe_one_step_QP,False,True,,0.43490613013837154,0.43490613013837154,1.0,-0.7512180209159851,-0.38890430331230164,0.7512180209159851,0.8015921267407017,-0.21249602218193228,233.65538828079238,195.02705128703013,0.10417009948813409,0.04875017761313405,-0.17959104569036016,-0.09815248898980838,-0.42633913812953667,0.0858969227091286,43.49061301383715,True,False,0.28376114517849427,0.0,0.1545390936904232,0.0014517169398627645,2.7906647222735305e-10,2.060131306686253e-09,0.0,False,False,False,True,1.0,0.0,0.0,wait_Gm,0,0,0,False,,0.37743359844175783,0.28376935363686595,False,0.0
25,concentration_positive,190,25.016187640004386,49.548573258414095,191.0231594053977,203.6213097907496,Omega_safe_one_step_QP,False,True,,0.4348648777823349,0.43486487778233496,1.0000000000000002,-0.7511889934539795,-0.38886758685112,0.7511889934539795,0.8015130365312672,-0.21232504107192074,233.65538828079238,195.04414939803127,0.10417034959492391,0.04875042771992388,-0.17959054594182552,-0.09814391664835345,-0.42632228875394673,0.08577160392718317,43.486487778233496,True,False,0.28376089553674944,0.0,0.15451223692790336,0.0014504709395958442,2.8390145776997314e-10,2.0850482044161984e-09,0.0,False,False,False,True,1.0,0.0,0.0,wait_Gm,0,0,0,False,,0.37743326576926756,0.2837691035300761,False,0.0
25,concentration_positive,191,25.016188964214475,49.549004211536975,191.02486417974282,203.6258800220066,Omega_safe_one_step_QP,False,True,,0.43482349675918375,0.4348234967591838,1.0000000000000002,-0.7511597275733948,-0.38883060216903687,0.7511597275733948,0.8014339850110858,-0.2121541873031668,233.65538828079238,195.06123477490667,0.10417064169713029,0.048750719822130306,-0.1795899622067636,-0.09813522525407181,-0.4263052410104956,0.08564645247099942,43.48234967591838,True,False,0.2837606039038939,0.0,0.154482890280251,0.001449226618136532,2.906255567760237e-10,2.0887013742642068e-09,0.0,False,False,False,True,1.0,0.0,0.0,wait_Gm,0,0,0,False,,0.3774328772401465,0.2837688114278697,False,0.0
25,concentration_positive,192,25.016190297437376,49.54943489357442,191.02656658818407,203.6304260776039,Omega_safe_one_step_QP,False,True,,0.43478215019796196,0.4347821501979619,0.9999999999999999,-0.7511303424835205,-0.38879403471946716,0.7511303424835205,0.8013549392076602,-0.21198346604024718,233.65538828079238,195.07830690119863,0.10417087303194184,0.048750951156941835,-0.17958949999465873,-0.09812680638077015,-0.4262882169260831,0.08552119176405254,43.478215019796195,True,False,0.28376037302660057,0.0,0.1544537823625069,0.0014479839754836525,2.8981945008287566e-10,2.0666621493504765e-09,0.0,False,False,False,True,1.0,0.0,0.0,wait_Gm,0,0,0,False,,0.3774325695365478,0.28376858009305816,False,0.0
25,concentration_positive,193,25.0161916386008,49.54986530515695,191.02826085916476,203.63495269018279,Omega_safe_one_step_QP,False,True,,0.43474090392002057,0.43474090392002046,0.9999999999999998,-0.7511009573936462,-0.3887578547000885,0.7511009573936462,0.8012759015132764,-0.21181287643001684,233.65538828079238,195.09536586222166,0.10417105020976282,0.048751128334762805,-0.17958914608682447,-0.09811861544020425,-0.4262712742162762,0.08539586827961118,43.47409039200205,True,False,0.2837601962965873,0.0,0.15442558473834198,0.0014467430300095338,2.870554156017186e-10,2.0490221439454423e-09,0.0,False,False,False,True,1.0,0.0,0.0,wait_Gm,0,0,0,False,,0.3774323338699805,0.2837684029152372,False,0.0
25,concentration_positive,194,25.016192982029434,49.55029544584586,191.02994885489767,203.63947136538476,Omega_safe_one_step_QP,False,True,,0.4346997618758028,0.4346997618758027,0.9999999999999999,-0.7510716319084167,-0.38872185349464417,0.7510716319084167,0.8011968835132697,-0.21164241627034427,233.65538828079238,195.11241187818894,0.10417120814368196,0.04875128626868197,-0.17958883066314774,-0.09811050899368134,-0.4262543942589471,0.0852705948719584,43.46997618758027,True,False,0.2837600388068297,0.0,0.15439803989888787,0.001445503795248764,2.8493295943160235e-10,2.04184255809781e-09,0.0,False,False,False,True,1.0,0.0,0.0,wait_Gm,0,0,0,False,,0.37743212380076663,0.28376824498131803,False,0.0
25,concentration_positive,195,25.016194323555,49.55072531514232,191.0316242780569,203.64399732356512,Omega_safe_one_step_QP,False,True,,0.43465881531234857,0.4346588153123486,1.0000000000000002,-0.7510425448417664,-0.38868576288223267,0.7510425448417664,0.8011178938221838,-0.21147208402794462,233.65538828079238,195.1294451024289,0.10417137247238767,0.04875145059738767,-0.17958850245460922,-0.09810231184106905,-0.4262376400273547,0.08514552221136229,43.465881531234864,True,False,0.2837598749269969,0.0,0.1543718490428546,0.0014442663056152695,2.807042762522829e-10,2.048429745029576e-09,0.0,False,False,False,True,1.0,0.0,0.0,wait_Gm,0,0,0,False,,0.3774319052257031,0.28376808065261233,False,0.0
25,concentration_positive,196,25.01619565400127,49.55115491106878,191.03331251744572,203.64853014776207,Omega_safe_one_step_QP,False,True,,0.4346178137454633,0.4346178137454632,0.9999999999999998,-0.7510133981704712,-0.3886495530605316,0.7510133981704712,0.8010389510943212,-0.21130187687516602,233.65538828079238,195.14646581770674,0.10417159962080935,0.04875167774580935,-0.17958804861035466,-0.09809398536794325,-0.42622075763346656,0.08502064330055326,43.46178137454633,True,False,0.283759648231164,0.0,0.1543439935111428,0.0014430305164071181,2.8501522339378766e-10,2.054649520051985e-09,0.0,False,False,False,True,1.0,0.0,0.0,wait_Gm,0,0,0,False,,0.3774316030918067,0.28376785350419065,False,0.0
25,concentration_positive,197,25.016196984486317,49.55158423571726,191.0349931551421,203.65305730541144,Omega_safe_one_step_QP,False,True,,0.43457693345005743,0.4345769334500573,0.9999999999999998,-0.7509843707084656,-0.3886135518550873,0.7509843707084656,0.8009600334908273,-0.21113179829295844,233.65538828079238,195.1634736759275,0.10417182121758646,0.04875189934258645,-0.17958760586616052,-0.09808572222782005,-0.4262039512565028,0.0848958362948393,43.45769334500573,True,False,0.28375942708374696,0.0,0.1543169408343465,0.0014417964454497842,2.824543066498117e-10,2.0495156382188545e-09,0.0,False,False,False,True,1.0,0.0,0.0,wait_Gm,0,0,0,False,,0.3774313083431689,0.28376763190741355,False,0.0
25,concentration_positive,198,25.016198309792422,49.552013288307414,191.03667777566275,203.65759377145602,Omega_safe_one_step_QP,False,True,,0.4345360896295326,0.4345360896295327,1.0000000000000002,-0.75095534324646,-0.38857725262641907,0.75095534324646,0.8008811517082823,-0.21096184646448904,233.65538828079238,195.18046885877445,0.1041720693534072,0.04875214747840717,-0.17958711005097247,-0.09807730560705202,-0.42618710505129626,0.08477124912681575,43.453608962953275,True,False,0.28375917940437967,0.0,0.15428926774860885,0.0014405640758224363,2.837946298592061e-10,2.057952417366479e-09,0.0,False,False,False,True,1.0,0.0,0.0,wait_Gm,0,0,0,False,,0.37743097829093264,0.28376738377159283,False,0.0
25,concentration_positive,199,25.01619963396571,49.55244206944209,191.0383727902464,203.66211935013774,Omega_safe_one_step_QP,False,True,,0.4344951801390902,0.43449518013909016,0.9999999999999999,-0.75092613697052,-0.3885411024093628,0.75092613697052,0.8008022980116142,-0.21079202271412892,233.65538828079238,195.19745123381045,0.10417231914323664,0.04875239726823666,-0.17958661092274875,-0.09806897713635082,-0.42617015490545984,0.08464668116327284,43.449518013909014,True,False,0.2837589300659854,0.0,0.15426027452875132,0.0014393333689429622,2.8730744387728627e-10,2.0480862404458523e-09,0.0,False,False,False,True,1.0,0.0,0.0,wait_Gm,0,0,0,False,,0.3774306460440674,0.28376713398176334,False,0.0
25,concentration_positive,200,25.016200966150983,49.55287058137639,191.04005284121834,203.66663361775187,Omega_safe_one_step_QP,False,True,,0.43445445336197,0.43445445336197014,1.0000000000000002,-0.7508970499038696,-0.38850516080856323,0.7508970499038696,0.8007234544136727,-0.2106223296057059,233.65538828079238,195.21442054465277,0.10417251436091729,0.04875259248591729,-0.17958622093417603,-0.0980607863930755,-0.4261533543957404,0.0845221307309911,43.44544533619701,True,False,0.2837587352950933,0.0,0.15423297878101494,0.0014381043651453809,2.8225712683221915e-10,2.0378612091953762e-09,0.0,False,False,False,True,1.0,0.0,0.0,wait_Gm,0,0,0,False,,0.37743038637956544,0.2837669387640827,False,0.0
25,concentration_positive,201,25.01620229522279,49.55329882232683,191.04173158703819,203.67115052299286,Omega_safe_one_step_QP,False,True,,0.4344138017059826,0.43441380170598254,0.9999999999999999,-0.750868022441864,-0.3884691596031189,0.750868022441864,0.8006446433566521,-0.21045276338980415,233.65538828079238,195.23137716624294,0.1041727234292803,0.0487528015542803,-0.1795858032465824,-0.09805253985513662,-0.4261365669375419,0.08439773356749924,43.44138017059826,True,False,0.2837585266758627,0.0,0.15420571203886538,0.0014368770633971485,2.8181875276472694e-10,2.0402432956086133e-09,0.0,False,False,False,True,1.0,0.0,0.0,wait_Gm,0,0,0,False,,0.3774301082968067,0.2837667296957197,False,0.0
25,concentration_positive,202,25.016203620997434,49.553726792259134,191.043415962629,203.67566710481526,Omega_safe_one_step_QP,False,True,,0.434373151262718,0.434373151262718,1.0,-0.7508389353752136,-0.3884330987930298,0.7508389353752136,0.8005658655006063,-0.2102833239633827,233.65538828079238,195.24832110888508,0.10417294747798589,0.04875302560298589,-0.17958535559937788,-0.09804425911362485,-0.42611972318163366,0.0842734599593018,43.437315126271805,True,False,0.28375830307736377,0.0,0.15417765911744938,0.0014356514408569514,2.837121130973479e-10,2.039951135844013e-09,0.0,False,False,False,True,1.0,0.0,0.0,wait_Gm,0,0,0,False,,0.37742981028615236,0.2837665056470141,False,0.0
25,concentration_positive,203,25.016204948824956,49.55415449233831,191.04509426258159,203.6801784357858,Omega_safe_one_step_QP,False,True,,0.4343326075264834,0.4343326075264833,0.9999999999999998,-0.750809907913208,-0.38839712738990784,0.750809907913208,0.8004871104495107,-0.21011401289504567,233.65538828079238,195.2652522157188,0.10417315360967587,0.04875323173467583,-0.17958494378448325,-0.09803602709095122,-0.4261029401821079,0.08414926220067007,43.43326075264833,True,False,0.28375809739415914,0.0,0.1541502275655057,0.0014344275106960066,2.81669073080677e-10,2.035210712566338e-09,0.0,False,False,False,True,1.0,0.0,0.0,wait_Gm,0,0,0,False,,0.3774295361071729,0.28376629951532417,False,0.0
25,concentration_positive,204,25.016206274693946,49.55458192201248,191.04677019178544,203.68468904950035,Omega_safe_one_step_QP,False,True,,0.4342921426013223,0.4342921426013222,0.9999999999999998,-0.7507809400558472,-0.3883611857891083,0.7507809400558472,0.8004083864585162,-0.20994482875674395,233.65538828079238,195.28217062954894,0.10417336649678145,0.04875344462178144,-0.17958451845900814,-0.0980277838284806,-0.4260861808900694,0.08402518419951394,43.42921426013222,True,False,0.2837578849557896,0.0,0.154122962278675,0.0014332052749216478,2.8087386963365024e-10,2.0345636081959404e-09,0.0,False,False,False,True,1.0,0.0,0.0,wait_Gm,0,0,0,False,,0.37742925294351565,0.28376608662821856,False,0.0
25,concentration_positive,205,25.0162075975646,49.555009081181204,191.0484480933113,203.68919729427606,Omega_safe_one_step_QP,False,True,,0.434251710518369,0.43425171051836886,0.9999999999999997,-0.7507519721984863,-0.3883253037929535,0.7507519721984863,0.8003296958658402,-0.2097757711244221,233.65538828079238,195.29907639278113,0.10417359253551872,0.04875367066051872,-0.1795840668294243,-0.09801954254036041,-0.42606940187481085,0.08390120901494916,43.42517105183689,True,False,0.283757659364943,0.0,0.15409535187089204,0.001431984721893465,2.8153535304568766e-10,2.0324270957687392e-09,0.0,False,False,False,True,1.0,0.0,0.0,wait_Gm,0,0,0,False,,0.37742895228600587,0.2837658605894813,False,0.0
25,concentration_positive,206,25.016208919866077,49.55543597048917,191.05012910735707,203.6936999121282,Omega_safe_one_step_QP,False,True,,0.4342112938484173,0.4342112938484175,1.0000000000000004,-0.7507229447364807,-0.3882894814014435,0.7507229447364807,0.8002510340778393,-0.20960684062594218,233.65538828079238,195.31596944262913,0.10417381679124578,0.048753894916245766,-0.1795836187639327,-0.09801133754138111,-0.42605259173435317,0.08377730469499076,43.42112938484175,True,False,0.28375743555517846,0.0,0.15406727153932478,0.0014307658361864752,2.8258082220832336e-10,2.0273567522534903e-09,0.0,False,False,False,True,1.0,0.0,0.0,wait_Gm,0,0,0,False,,0.3774286539993604,0.28376563633375423,False,0.0
25,concentration_positive,207,25.016210244926835,49.55586259086337,191.05180339611468,203.69820016794455,Omega_safe_one_step_QP,False,True,,0.4341709955282696,0.4341709955282697,1.0000000000000002,-0.7506939768791199,-0.3882536292076111,0.7506939768791199,0.8001723946893805,-0.20943803811356354,233.65538828079238,195.332849693867,0.10417401880130245,0.04875409692630245,-0.17958321519045284,-0.09800314278038078,-0.42603584884677703,0.08365350474077551,43.41709955282697,True,False,0.2837572339917553,0.0,0.15403988163520807,0.0014295486332712927,2.803242843868899e-10,2.025230241249254e-09,0.0,False,False,False,True,1.0,0.0,0.0,wait_Gm,0,0,0,False,,0.377428385303628,0.28376543432369755,False,0.0
25,concentration_positive,208,25.016211568211986,49.55628894155683,191.0534751472684,203.70269789008583,Omega_safe_one_step_QP,False,True,,0.43413077377340303,0.434130773773403,0.9999999999999999,-0.7506650686264038,-0.38821786642074585,0.7506650686264038,0.8000937869885516,-0.20926936204999533,233.65538828079238,195.34971730022383,0.10417422645537026,0.04875430458037022,-0.1795828003279099,-0.0979949610025797,-0.42601913133523994,0.08352980589862011,43.413077377340294,True,False,0.2837570267832802,0.0,0.154012683654596,0.0014283331155320995,2.794751919924367e-10,2.0229504460167065e-09,0.0,False,False,False,True,1.0,0.0,0.0,wait_Gm,0,0,0,False,,0.37742810909960445,0.2837652266696298,False,0.0
25,concentration_positive,209,25.016212888545624,49.55671502249849,191.05515221197263,203.70719591048817,Omega_safe_one_step_QP,False,True,,0.43409055681348024,0.4340905568134801,0.9999999999999997,-0.750636100769043,-0.38818201422691345,0.750636100769043,0.8000152135568739,-0.20910081194155114,233.65538828079238,195.36657231106824,0.10417444698770671,0.048754525112706726,-0.17958235971047248,-0.09798673694735913,-0.4260023606881975,0.0834062359941993,43.409055681348015,True,False,0.2837568066981792,0.0,0.15398473582821226,0.0014271192612186076,2.812546022205011e-10,2.0232187539844297e-09,0.0,False,False,False,True,1.0,0.0,0.0,wait_Gm,0,0,0,False,,0.37742781576417483,0.2837650061372933,False,0.0
25,concentration_positive,210,25.016214211020387,49.55714083478215,191.0568197413295,203.7116859330234,Omega_safe_one_step_QP,False,True,,0.4340504746467966,0.4340504746467966,1.0,-0.7506072521209717,-0.38814640045166016,0.7506072521209717,0.799936664476035,-0.20893238929437086,233.65538828079238,195.38341457578628,0.10417464908343461,0.0487547272084346,-0.1795819559620186,-0.09797860709063966,-0.4259856853946289,0.08328271357237138,43.405047464679654,True,False,0.2837566050454532,0.0,0.15395782929188045,0.001425907094020464,2.7806541560076546e-10,2.0160302366931147e-09,0.0,False,False,False,True,1.0,0.0,0.0,wait_Gm,0,0,0,False,,0.3774275469553857,0.2837648040415654,False,0.0
25,concentration_positive,211,25.0162155288603,49.55756637738844,191.05849075608347,203.71618659727832,Omega_safe_one_step_QP,False,True,,0.43401043473279854,0.4340104347327985,0.9999999999999999,-0.7505784034729004,-0.3881104290485382,0.7505784034729004,0.7998581534688312,-0.20876409178005312,233.65538828079238,195.40024432721805,0.10417487441688505,0.048754952541885055,-0.17958150574637882,-0.09797030619306155,-0.4259689752470891,0.08315942270060284,43.40104347327985,True,False,0.2837563801632639,0.0,0.15393035859819976,0.001424696598762798,2.7922903080226035e-10,2.0255978735511756e-09,0.0,False,False,False,True,1.0,0.0,0.0,wait_Gm,0,0,0,False,,0.3774272472355811,0.28376457870811495,False,0.0
25,concentration_positive,212,25.01621684570538,49.557991650796815,191.06016189598841,203.72068010029585,Omega_safe_one_step_QP,False,True,,0.43397043604326346,0.43397043604326335,0.9999999999999998,-0.7505495548248291,-0.3880746364593506,0.7505495548248291,0.7997796735429565,-0.20859592063265664,233.65538828079238,195.41706144195769,0.1041751005995093,0.048755178724509296,-0.17958105382867184,-0.0979620710092812,-0.42595226384803964,0.08303618658338163,43.397043604326335,True,False,0.28375615442818114,0.0,0.15390277776615677,0.0014234877691812766,2.792708581891963e-10,2.0191569368534636e-09,0.0,False,False,False,True,1.0,0.0,0.0,wait_Gm,0,0,0,False,,0.37742694638520996,0.2837643525254907,False,0.0
25,concentration_positive,213,25.01621816249985,49.55841665550495,191.0618322900126,203.7251725434159,Omega_safe_one_step_QP,False,True,,0.4339304987681854,0.43393049876818557,1.0000000000000004,-0.7505207061767578,-0.3880387842655182,0.7505207061767578,0.7997012230135526,-0.20842787594200868,233.65538828079238,195.43386591102248,0.10417532183099086,0.048755399955990875,-0.1795806118143996,-0.0979538202076862,-0.42593555990779775,0.08291306632393425,43.39304987681856,True,False,0.2837559336453905,0.0,0.1538751723530868,0.0014222806022760413,2.790216196043738e-10,2.0182045186947766e-09,0.0,False,False,False,True,1.0,0.0,0.0,wait_Gm,0,0,0,False,,0.3774266521220508,0.2837641312940091,False,0.0
25,concentration_positive,214,25.0162194794885,49.55884139168013,191.06350509566425,203.72965714937064,Omega_safe_one_step_QP,False,True,,0.43389057889423616,0.4338905788942362,1.0000000000000002,-0.7504917979240417,-0.38800305128097534,0.7504917979240417,0.7996228016087583,-0.2082599576859302,233.65538828079238,195.45065773663032,0.10417553660835675,0.04875561473335677,-0.17958018270503612,-0.0979456353223668,-0.42591883185128127,0.08278999412740307,43.389057889423626,True,False,0.2837557193133929,0.0,0.1538471877200891,0.0014210750846616986,2.7982787481964893e-10,2.0111690569196714e-09,0.0,False,False,False,True,1.0,0.0,0.0,wait_Gm,0,0,0,False,,0.3774263664445459,0.28376391651664323,False,0.0
25,concentration_positive,215,25.016220799433714,49.559265860204974,191.06516761618445,203.73413825500518,Omega_safe_one_step_QP,False,True,,0.4338508094160199,0.43385080941602,1.0000000000000002,-0.7504630088806152,-0.38796737790107727,0.7504630088806152,0.7995444040047962,-0.20809216650980228,233.65538828079238,195.46743685424312,0.1041757279512602,0.04875580607626018,-0.17957980046399644,-0.09793748462757876,-0.42590220664607925,0.08266701400762055,43.385080941602006,True,False,0.28375552841525664,0.0,0.15382032055018044,0.0014198712427739698,2.763974480082739e-10,2.0080307707901813e-09,0.0,False,False,False,True,1.0,0.0,0.0,wait_Gm,0,0,0,False,,0.3774261119340967,0.2837637251737398,False,0.0
25,concentration_positive,216,25.016222114955575,49.55969005979868,191.06683004613532,203.73862377916993,Omega_safe_one_step_QP,False,True,,0.4338111048060909,0.4338111048060909,1.0,-0.7504342794418335,-0.38793161511421204,0.7504342794418335,0.799466045122163,-0.20792449997885745,233.65538828079238,195.4842035073376,0.10417594124510834,0.04875601937010832,-0.1795793743242746,-0.09792925458612467,-0.4258855823465706,0.08254420271832322,43.38111048060909,True,False,0.28375531556938294,0.0,0.15379333326875894,0.0014186690720089353,2.7636733415469107e-10,2.0119927032553286e-09,0.0,False,False,False,True,1.0,0.0,0.0,wait_Gm,0,0,0,False,,0.37742582823175785,0.2837635118798917,False,0.0
25,concentration_positive,217,25.016223426837595,49.560113990563714,191.06849842738544,203.74310925929268,Omega_safe_one_step_QP,False,True,,0.4337713971875089,0.43377139718750884,0.9999999999999999,-0.750405490398407,-0.387895792722702,0.750405490398407,0.7993877236209727,-0.20775695833581803,233.65538828079238,195.50095767164154,0.10417617167075954,0.04875624979575954,-0.17957891392208308,-0.0979209870761304,-0.42586889853406945,0.08242151587651134,43.37713971875088,True,False,0.2837550855928426,0.0,0.15376552162615098,0.001417468548645539,2.783495995728002e-10,2.0119531931611913e-09,0.0,False,False,False,True,1.0,0.0,0.0,wait_Gm,0,0,0,False,,0.37742552173853033,0.28376328145424046,False,0.0
25,concentration_positive,218,25.016224740680695,49.56053765370571,191.07016759139947,203.747584815883,Omega_safe_one_step_QP,False,True,,0.4337317187771443,0.4337317187771441,0.9999999999999997,-0.7503766417503357,-0.38786011934280396,0.7503766417503357,0.7993094285302522,-0.20758954324600343,233.65538828079238,195.517699180623,0.10417638478793197,0.04875646291293195,-0.17957848813258276,-0.09791281322329284,-0.4258522068939291,0.08229885635259979,43.37317187771442,True,False,0.2837548729205147,0.0,0.1537375314218798,0.0014162696642173581,2.786108505740341e-10,2.0030606793044053e-09,0.0,False,False,False,True,1.0,0.0,0.0,wait_Gm,0,0,0,False,,0.3774252382656299,0.28376306833706805,False,0.0
25,concentration_positive,219,25.016226057938677,49.560961049911,191.07182605003152,203.75205147329416,Omega_safe_one_step_QP,False,True,,0.43369218434093776,0.4336921843409377,0.9999999999999999,-0.750347912311554,-0.387824684381485,0.750347912311554,0.7992311571113819,-0.20742225491485833,233.65538828079238,195.5344280137375,0.10417657166445013,0.0487566497894501,-0.1795781148199301,-0.0979047454406056,-0.42583562230760863,0.08217623459556642,43.36921843409377,True,False,0.28375468648438024,0.0,0.1537107253065642,0.0014150724460015003,2.750485034222805e-10,1.9951028428774016e-09,0.0,False,False,False,True,1.0,0.0,0.0,wait_Gm,0,0,0,False,,0.37742498970062993,0.2837628814605499,False,0.0
25,concentration_positive,220,25.016227370892274,49.56138417799949,191.07348769291352,203.75652094389653,Omega_safe_one_step_QP,False,True,,0.4336526791506636,0.4336526791506637,1.0000000000000002,-0.7503191828727722,-0.38778916001319885,0.7503191828727722,0.7991529249247225,-0.20725509071243134,233.65538828079238,195.55114443398023,0.10417677977583271,0.04875685790083273,-0.17957769904008392,-0.09789661105181399,-0.4258190058787886,0.08205376509916315,43.36526791506637,True,False,0.28375447881591664,0.0,0.15368341516533746,0.001413876879122943,2.7610570672968107e-10,1.9976167465479588e-09,0.0,False,False,False,True,1.0,0.0,0.0,wait_Gm,0,0,0,False,,0.37742471288809565,0.28376267334916727,False,0.0
25,concentration_positive,221,25.016228682934837,49.56180703864557,191.0751426228552,203.7609972581309,Omega_safe_one_step_QP,False,True,,0.4336133080882333,0.43361330808823323,0.9999999999999999,-0.75029057264328,-0.387753427028656,0.75029057264328,0.7990747254011746,-0.20708805166887095,233.65538828079238,195.56784833833626,0.10417698825511995,0.04875706638011995,-0.1795772825301825,-0.09788837332385142,-0.4258024565793718,0.08193148919794657,43.361330808823325,True,False,0.28375427078530246,0.0,0.15365676600476946,0.0014126829797975371,2.73879311186726e-10,2.0037389124922913e-09,0.0,False,False,False,True,1.0,0.0,0.0,wait_Gm,0,0,0,False,,0.37742443558675776,0.28376246486988005,False,0.0
25,concentration_positive,222,25.01622998954961,49.56222963081656,191.07681192106534,203.7654692186426,Omega_safe_one_step_QP,False,True,,0.4335738426086663,0.43357384260866644,1.0000000000000002,-0.7502617835998535,-0.38771772384643555,0.7502617835998535,0.7989965677622605,-0.20692113642304352,233.65538828079238,195.584539862919,0.10417722487484406,0.04875730299984404,-0.17957680973767026,-0.09788013854000543,-0.4257857635972704,0.0818092935572361,43.357384260866645,True,False,0.2837540346125143,0.0,0.15362830503846453,0.0014114906978412141,2.7865565143968155e-10,1.999843081814913e-09,0.0,False,False,False,True,1.0,0.0,0.0,wait_Gm,0,0,0,False,,0.37742412085369625,0.28376222825015596,False,0.0
25,concentration_positive,223,25.016231303057925,49.562651957196145,191.0784706886121,203.7699282918964,Omega_safe_one_step_QP,False,True,,0.43353451177991115,0.4335345117799112,1.0000000000000002,-0.7502330541610718,-0.3876822590827942,0.7502330541610718,0.7989184275940967,-0.2067543486609029,233.65538828079238,195.60121863913307,0.10417741387127778,0.04875749199627777,-0.17957643218600894,-0.09787205391986689,-0.4257691759218028,0.08168709652763345,43.35345117799112,True,False,0.2837538460572867,0.0,0.15360102075203486,0.0014103000596994123,2.7515097741763746e-10,1.9883334282739814e-09,0.0,False,False,False,True,1.0,0.0,0.0,wait_Gm,0,0,0,False,,0.3774238694689307,0.28376203925372223,False,0.0
25,concentration_positive,224,25.016232615864297,49.56307401675433,191.08012593522105,203.77438746739705,Omega_safe_one_step_QP,False,True,,0.43349527072301813,0.4334952707230181,0.9999999999999999,-0.7502043843269348,-0.38764676451683044,0.7502043843269348,0.7988403201793974,-0.20658768572491723,233.65538828079238,195.6178849327316,0.1041776019611863,0.048757680086186306,-0.1795760564486854,-0.09786394716688099,-0.4257526234557133,0.08156502534665419,43.34952707230181,True,False,0.2837536584098717,0.0,0.1535740387882879,0.0014091110711176992,2.7398413364334933e-10,1.98842461455279e-09,0.0,False,False,False,True,1.0,0.0,0.0,wait_Gm,0,0,0,False,,0.37742361928788576,0.2837618511638137,False,0.0
25,concentration_positive,225,25.016233925995785,49.563495809177674,191.0817794814913,203.778846447494,Omega_safe_one_step_QP,False,True,,0.4334561007825964,0.4334561007825963,0.9999999999999998,-0.7501757740974426,-0.3876112997531891,0.7501757740974426,0.7987622496286374,-0.20642114693163854,233.65538828079238,195.6345388120595,0.10417780127844971,0.04875787940344967,-0.17957565825703015,-0.09785582242175067,-0.4257360879930107,0.08144307635434508,43.345610078259625,True,False,0.28375345953547987,0.0,0.15354714309894915,0.0014079237321445023,2.7342152678975057e-10,1.9882503505050733e-09,0.0,False,False,False,True,1.0,0.0,0.0,wait_Gm,0,0,0,False,,0.37742335417006345,0.28376165184655033,False,0.0
25,concentration_positive,226,25.016235232939724,49.56391733445356,191.08343518297997,203.78330745516718,Omega_safe_one_step_QP,False,True,,0.4334169681291718,0.4334169681291717,0.9999999999999998,-0.7501471638679504,-0.38757574558258057,0.7501471638679504,0.7986842171344208,-0.2062547320477373,233.65538828079238,195.65118030044962,0.10417801497737277,0.04875809310237278,-0.17957523130439323,-0.09784764146052197,-0.4257195309781241,0.08132127154717556,43.34169681291717,True,False,0.283753246281766,0.0,0.1535198687156435,0.0014067380310719155,2.7413474195465646e-10,1.9900589460094823e-09,0.0,False,False,False,True,1.0,0.0,0.0,wait_Gm,0,0,0,False,,0.3774230699257178,0.2837614381476272,False,0.0
25,concentration_positive,227,25.016236539261577,49.56433859311541,191.08508728993777,203.7877727311626,Omega_safe_one_step_QP,False,True,,0.43337793347432946,0.4333779334743295,1.0000000000000002,-0.750118613243103,-0.3875400125980377,0.750118613243103,0.7986062177533222,-0.2060884418363642,233.65538828079238,195.66780932158693,0.10417822728246678,0.048758305407466784,-0.1795748071438376,-0.09783938273797202,-0.42570300990854604,0.0811996340957566,43.33779334743296,True,False,0.2837530344263044,0.0,0.15349289295422294,0.0014055539742433,2.7294574000315065e-10,1.9938689715226613e-09,0.0,False,False,False,True,1.0,0.0,0.0,wait_Gm,0,0,0,False,,0.37742278753683106,0.2837612258425332,False,0.0
25,concentration_positive,228,25.016237842928962,49.564759584707744,191.0867444430283,203.79223137092703,Omega_safe_one_step_QP,False,True,,0.4333388912986572,0.43333889129865716,0.9999999999999999,-0.7500900030136108,-0.3875044286251068,0.7500900030136108,0.7985282557187666,-0.2059222756690777,233.65538828079238,195.68442593831557,0.10417845069056206,0.04875852881556203,-0.1795743607738323,-0.09783117460071264,-0.42568643837764086,0.08107805432611447,43.33388912986572,True,False,0.28375281146439435,0.0,0.1534652212540459,0.00140437154025299,2.746156365418709e-10,1.9879468549015362e-09,0.0,False,False,False,True,1.0,0.0,0.0,wait_Gm,0,0,0,False,,0.37742249037742676,0.28376100243443797,False,0.0
25,concentration_positive,229,25.016239148811433,49.56518031049557,191.08840215069117,203.79668416538308,Omega_safe_one_step_QP,False,True,,0.43329988740869685,0.4332998874086969,1.0000000000000002,-0.7500613331794739,-0.3874688446521759,0.7500613331794739,0.798450321451949,-0.20575623487817757,233.65538828079238,195.7010300174056,0.1041786552628386,0.04875873338783859,-0.17957395207430277,-0.09782300608926772,-0.42566986130101214,0.08095654147977491,43.329988740869695,True,False,0.28375260733714136,0.0,0.15343738666622359,0.0014031907217632684,2.747994695544876e-10,1.9827378467892516e-09,0.0,False,False,False,True,1.0,0.0,0.0,wait_Gm,0,0,0,False,,0.3774222182733692,0.2837607978621614,False,0.0
25,concentration_positive,230,25.016240458174373,49.565600770999566,191.09005248189618,203.801124802469,Omega_safe_one_step_QP,False,True,,0.4332609879420725,0.4332609879420724,0.9999999999999998,-0.7500327229499817,-0.38743355870246887,0.7500327229499817,0.7983724125633784,-0.205590319688273,233.65538828079238,195.71762153639605,0.1041788332232614,0.04875891134826138,-0.17957359659209632,-0.09781497844343501,-0.425653357988962,0.08083503266072939,43.32609879420725,True,False,0.2837524298153577,0.0,0.1534103511551166,0.0014020115354750557,2.7235930862407977e-10,1.971925772872794e-09,0.0,False,False,False,True,1.0,0.0,0.0,wait_Gm,0,0,0,False,,0.3774219815660156,0.2837606199017386,False,0.0
25,concentration_positive,231,25.016241765949005,49.566020965670894,191.091700113355,203.80556617311026,Omega_safe_one_step_QP,False,True,,0.4332221706385191,0.4332221706385192,1.0000000000000002,-0.7500041723251343,-0.38739824295043945,0.7500041723251343,0.7982945392730519,-0.2054245282455936,233.65538828079238,195.734200680664,0.10417901575056256,0.04875909387556254,-0.1795732319775783,-0.09780692036717684,-0.4256368816743739,0.08071365492446274,43.322217063851916,True,False,0.28375224772814084,0.0,0.15338351870022507,0.0014008339846570213,2.7146894240569866e-10,1.972577317317092e-09,0.0,False,False,False,True,1.0,0.0,0.0,wait_Gm,0,0,0,False,,0.37742173878353025,0.28376043737443746,False,0.0
25,concentration_positive,232,25.01624307081755,49.566440894306815,191.0933462606859,203.8100083609434,Omega_safe_one_step_QP,False,True,,0.43318342353216754,0.43318342353216754,1.0,-0.7499756813049316,-0.38736292719841003,0.7499756813049316,0.7982167043623216,-0.20525886008603547,233.65538828079238,195.7507674966198,0.10417921094940648,0.048759289074406464,-0.17957284202102392,-0.09779883084480995,-0.4256204202010647,0.08059240864323611,43.31834235321676,True,False,0.2837520529704304,0.0,0.15335674419727638,0.0013996580688019455,2.7098010350831613e-10,1.973303274497782e-09,0.0,False,False,False,True,1.0,0.0,0.0,wait_Gm,0,0,0,False,,0.3774214791456299,0.28376024217559354,False,0.0
25,concentration_positive,233,25.016244372437246,49.56686055689662,191.09499123974686,203.8144558336227,Omega_safe_one_step_QP,False,True,,0.433144751696903,0.43314475169690303,1.0000000000000002,-0.7499472498893738,-0.3873274624347687,0.7499472498893738,0.7981389086645816,-0.2050933150510197,233.65538828079238,195.7673220001214,0.1041794209286643,0.04875949905366428,-0.17957242250790192,-0.09779065030108736,-0.42560397041045517,0.0804713383350132,43.3144751696903,True,False,0.28375184343656623,0.0,0.15332997656355474,0.0013984837868095592,2.7059561109824347e-10,1.9780013233017333e-09,0.0,False,False,False,True,1.0,0.0,0.0,wait_Gm,0,0,0,False,,0.3774211998491748,0.2837600321963357,False,0.0
25,concentration_positive,234,25.016245670718774,49.56727995334068,191.09664189784235,203.8189047794276,Omega_safe_one_step_QP,False,True,,0.43310608064761136,0.43310608064761147,1.0000000000000002,-0.7499187588691711,-0.38729187846183777,0.7499187588691711,0.7980611525209036,-0.2049278931381335,233.65538828079238,195.78386419141,0.10417964623600881,0.04875972436100878,-0.17957197234095132,-0.09778241247121539,-0.42558746382950036,0.08035040588017611,43.31060806476114,True,False,0.28375161857696013,0.0,0.15330241358349667,0.0013973111160513977,2.7246721481913855e-10,1.979311877502588e-09,0.0,False,False,False,True,1.0,0.0,0.0,wait_Gm,0,0,0,False,,0.3774209001659473,0.2837598068889912,False,0.0
25,concentration_positive,235,25.01624697103649,49.56769908475117,191.0982932786289,203.8233454817799,Omega_safe_one_step_QP,False,True,,0.43306744128258057,0.4330674412825806,1.0000000000000002,-0.7498902082443237,-0.387256383895874,0.7498902082443237,0.7979834253557087,-0.2047625959797295,233.65538828079238,195.8003939072504,0.10417985382343106,0.048759931948431035,-0.17957155761082547,-0.09777424640101978,-0.4255709500216349,0.0802295157452951,43.30674412825807,True,False,0.28375141143425653,0.0,0.15327467525667998,0.0013961400484871767,2.7270585021561523e-10,1.971983738170389e-09,0.0,False,False,False,True,1.0,0.0,0.0,wait_Gm,0,0,0,False,,0.3774206240517042,0.28375959930156897,False,0.0
25,concentration_positive,236,25.016248274788,49.568117951749734,191.0999373293018,203.82777744407116,Omega_safe_one_step_QP,False,True,,0.4330289118372516,0.43302891183725156,0.9999999999999999,-0.7498617172241211,-0.3872210681438446,0.7498617172241211,0.7979057244877634,-0.204597423803977,233.65538828079238,195.81691112482565,0.10418003510328326,0.04876011322828322,-0.1795711954919832,-0.09776617565197684,-0.4255545095149057,0.08010866319245509,43.30289118372515,True,False,0.28375123059526647,0.0,0.15324772056787425,0.0013949706009861516,2.702902615136937e-10,1.9642289751058825e-09,0.0,False,False,False,True,1.0,0.0,0.0,wait_Gm,0,0,0,False,,0.3774203829284912,0.2837594180217168,False,0.0
25,concentration_positive,237,25.016249576939106,49.56853655368739,191.10157869362862,203.83220761045598,Omega_safe_one_step_QP,False,True,,0.43299045916194046,0.4329904591619404,0.9999999999999999,-0.7498332858085632,-0.38718581199645996,0.7498332858085632,0.7978280600618566,-0.20443237483006801,233.65538828079238,195.83341602221654,0.10418022103956433,0.048760299164564314,-0.17957082405984065,-0.09775810816805744,-0.42553809587163755,0.07998791588239432,43.29904591619404,True,False,0.28375104509940496,0.0,0.15322097529703116,0.0013938027765748667,2.6940768533413985e-10,1.962637419720357e-09,0.0,False,False,False,True,1.0,0.0,0.0,wait_Gm,0,0,0,False,,0.3774201356104395,0.2837592320854357,False,0.0
25,concentration_positive,238,25.01625087618022,49.568954890441766,191.10322196201403,203.8366396252582,Omega_safe_one_step_QP,False,True,,0.4329520446999663,0.4329520446999663,1.0,-0.7498048543930054,-0.38715046644210815,0.7498048543930054,0.7977504348152821,-0.2042674485564235,233.65538828079238,195.849908649581,0.10418041968810195,0.04876049781310193,-0.17957042720547478,-0.0977499869944718,-0.4255216631877835,0.07986730975677186,43.29520446999663,True,False,0.2837508468935767,0.0,0.1531938826341093,0.0013926365643748188,2.7003309864805503e-10,1.964275520696627e-09,0.0,False,False,False,True,1.0,0.0,0.0,wait_Gm,0,0,0,False,,0.3774198713837696,0.28375903343689807,False,0.0
25,concentration_positive,239,25.01625217486931,49.56937296250986,191.1048649602843,203.84106674747466,Omega_safe_one_step_QP,False,True,,0.43291367742720616,0.4329136774272061,0.9999999999999999,-0.7497764229774475,-0.3871152102947235,0.7497764229774475,0.7976728441794597,-0.20410264568567604,233.65538828079238,195.86638893665574,0.10418061654942873,0.04876069467442873,-0.1795700339236208,-0.0977419017835065,-0.42550523320508093,0.0797467781081891,43.29136774272061,True,False,0.28375065047304954,0.0,0.1531667220248073,0.0013914719596913832,2.699443316064726e-10,1.959941111955844e-09,0.0,False,False,False,True,1.0,0.0,0.0,wait_Gm,0,0,0,False,,0.3774196095379394,0.28375883657557127,False,0.0
25,concentration_positive,240,25.01625347361975,49.56979077025082,191.10650712345216,203.8454910835791,Omega_safe_one_step_QP,False,True,,0.43287536673011207,0.43287536673011195,0.9999999999999998,-0.7497479915618896,-0.38707995414733887,0.7497479915618896,0.7975952870384931,-0.20393796626216723,233.65538828079238,195.88285687900662,0.10418080785638487,0.04876088598138484,-0.17956965175038034,-0.09773382441465694,-0.4254888115734022,0.07962634204572477,43.287536673011196,True,False,0.2837504596067652,0.0,0.1531395545596297,0.0013903089597759517,2.696699869916939e-10,1.95747499651342e-09,0.0,False,False,False,True,1.0,0.0,0.0,wait_Gm,0,0,0,False,,0.3774193550773682,0.28375864526861516,False,0.0
25,concentration_positive,241,25.016254772591,49.57020831386733,191.10814153960465,203.84991807028592,Omega_safe_one_step_QP,False,True,,0.43283719046143776,0.4328371904614377,0.9999999999999999,-0.7497196793556213,-0.38704460859298706,0.7497196793556213,0.7975177631869399,-0.20377341022563997,233.65538828079238,195.89931248265935,0.10418099263167672,0.04876107075667668,-0.1795692826435047,-0.09772569924038124,-0.42547246741187733,0.07950605587626569,43.28371904614377,True,False,0.28375027527518143,0.0,0.15311318529581514,0.0013891475837351699,2.671316159501138e-10,1.95982113023439e-09,0.0,False,False,False,True,1.0,0.0,0.0,wait_Gm,0,0,0,False,,0.37741910930553224,0.2837584604933233,False,0.0
25,concentration_positive,242,25.01625606642682,49.570625592289176,191.10978329559512,203.85434274611853,Omega_safe_one_step_QP,False,True,,0.43279899080499706,0.43279899080499706,1.0,-0.7496913075447083,-0.38700932264328003,0.7496913075447083,0.7974402834399849,-0.20360897589378654,233.65538828079238,195.9157559158447,0.10418120381270919,0.04876128193770918,-0.17956886072403083,-0.09771756765172926,-0.4254560498519726,0.07938586830273836,43.2798990804997,True,False,0.28375006453674,0.0,0.1530858347215053,0.0013879878035015925,2.695362732266024e-10,1.9577756223679784e-09,0.0,False,False,False,True,1.0,0.0,0.0,wait_Gm,0,0,0,False,,0.37741882840965824,0.2837582493122908,False,0.0
25,concentration_positive,243,25.01625736182963,49.57104260701136,191.11142282911783,203.85876526417462,Omega_safe_one_step_QP,False,True,,0.4327608623301725,0.4327608623301726,1.0000000000000002,-0.7496629357337952,-0.3869739770889282,0.7496629357337952,0.7973628345361672,-0.20344466525167787,233.65538828079238,195.93218698005558,0.10418140018702902,0.04876147831202904,-0.1795684684188481,-0.09770943537319599,-0.42543965451674554,0.07926578284119058,43.27608623301725,True,False,0.28374986860587714,0.0,0.1530586408872159,0.0013868296207059593,2.688070172076616e-10,1.9558665956429865e-09,0.0,False,False,False,True,1.0,0.0,0.0,wait_Gm,0,0,0,False,,0.37741856720891603,0.28375805293797096,False,0.0
25,concentration_positive,244,25.01625865784491,49.57145935799445,191.1130576385529,203.86318188398133,Omega_safe_one_step_QP,False,True,,0.4327228226488495,0.4327228226488495,1.0,-0.7496346235275269,-0.38693878054618835,0.7496346235275269,0.7972854184866943,-0.20328047790453396,233.65538828079238,195.94860571476994,0.10418158762728016,0.04876166575228014,-0.17956809397907667,-0.09770136081455674,-0.4254233064223948,0.07914576169211372,43.27228226488495,True,False,0.28374968160635683,0.0,0.15303191207547115,0.0013856730443801743,2.6726018890091223e-10,1.95065305169754e-09,0.0,False,False,False,True,1.0,0.0,0.0,wait_Gm,0,0,0,False,,0.3774183178924219,0.28375786549771986,False,0.0
25,concentration_positive,245,25.016259951525363,49.57187584491691,191.1146938242476,203.86759995275082,Omega_safe_one_step_QP,False,True,,0.4326848249702532,0.43268482497025307,0.9999999999999998,-0.7496063113212585,-0.3869034945964813,0.7496063113212585,0.7972080412619399,-0.20311641277407078,233.65538828079238,195.96501222781626,0.10418178426265073,0.048761862387650734,-0.17956770115125492,-0.09769323789437379,-0.4254069445654477,0.0790258772493455,43.2684824970253,True,False,0.28374948541390566,0.0,0.15300490041648573,0.0013845180652865344,2.6771036275642776e-10,1.9519331651997056e-09,0.0,False,False,False,True,1.0,0.0,0.0,wait_Gm,0,0,0,False,,0.37741805634253417,0.28375766886234927,False,0.0
25,concentration_positive,246,25.01626124480236,49.57229206820272,191.11632960568167,203.87201810545548,Omega_safe_one_step_QP,False,True,,0.4326468843137149,0.432646884313715,1.0000000000000002,-0.7495779991149902,-0.38686811923980713,0.7495779991149902,0.7971306991243671,-0.20295247042672324,233.65538828079238,195.98140646255104,0.104181978217194,0.04876205634219399,-0.17956731368693418,-0.09768508461469677,-0.4253905867511071,0.07890611642904455,43.264688431371496,True,False,0.2837492919041282,0.0,0.1529778222445384,0.0013833646796078693,2.675780900018157e-10,1.9520073321685202e-09,0.0,False,False,False,True,1.0,0.0,0.0,wait_Gm,0,0,0,False,,0.37741779836058104,0.283757474907806,False,0.0
25,concentration_positive,247,25.016262538178697,49.572708028033254,191.11796790277177,203.8764260319852,Omega_safe_one_step_QP,False,True,,0.4326089531215452,0.43260895312154535,1.0000000000000004,-0.7495496273040771,-0.38683295249938965,0.7495496273040771,0.7970533911788219,-0.2027886509612389,233.65538828079238,195.99778840909946,0.10418216640066374,0.048762244525663745,-0.17956693775956295,-0.09767703011735934,-0.42537420378020613,0.07878637622885744,43.26089531215453,True,False,0.2837491041602267,0.0,0.1529503618672834,0.0013822128736267693,2.684017355418103e-10,1.9429816291433836e-09,0.0,False,False,False,True,1.0,0.0,0.0,wait_Gm,0,0,0,False,,0.37741754805650396,0.28375728672433626,False,0.0
25,concentration_positive,248,25.01626383448409,49.57312372537721,191.11959934292224,203.8808272753388,Omega_safe_one_step_QP,False,True,,0.43257113010574694,0.43257113010574705,1.0000000000000002,-0.7495213150978088,-0.3867979049682617,0.7495213150978088,0.7969761118478725,-0.20262495502365468,233.65538828079238,196.01415800285787,0.10418233142004973,0.048762409545049734,-0.17956660815785253,-0.09766904364367804,-0.4253578893787014,0.07866669272480906,43.2571130105747,True,False,0.28374893957790226,0.0,0.15292362341660465,0.0013810626629535063,2.6615969645844445e-10,1.9370943057467774e-09,0.0,False,False,False,True,1.0,0.0,0.0,wait_Gm,0,0,0,False,,0.37741732856036136,0.28375712170495027,False,0.0
25,concentration_positive,249,25.016265129057665,49.573539159595164,191.12122484068658,203.88523170099248,Omega_safe_one_step_QP,False,True,,0.4325334238671033,0.4325334238671033,1.0,-0.7494931221008301,-0.386762797832489,0.7494931221008301,0.7968988705077218,-0.20246138099066713,233.65538828079238,196.03051540615664,0.10418250194236854,0.048762580067368555,-0.17956626755302957,-0.09766100239854536,-0.425341634401058,0.0785471629483584,43.25334238671033,True,False,0.2837487694953981,0.0,0.1528974670904745,0.001379914061148842,2.6422429818648113e-10,1.9398965338876053e-09,0.0,False,False,False,True,1.0,0.0,0.0,wait_Gm,0,0,0,False,,0.37741710174546383,0.28375695118263145,False,0.0
25,concentration_positive,250,25.016266417986582,49.57395432988801,191.1228547679468,203.88963653664246,Omega_safe_one_step_QP,False,True,,0.4324957270542584,0.43249572705425837,0.9999999999999999,-0.7494649291038513,-0.3867277204990387,0.7494649291038513,0.7968216750764129,-0.20229792764214907,233.65538828079238,196.04686074100846,0.1041827020286821,0.04876278015368207,-0.1795658678204712,-0.0976529270413638,-0.4253253351284559,0.07842775795634013,43.24957270542584,True,False,0.2837485698491533,0.0,0.15287066750597206,0.0013787670494233952,2.656662873579463e-10,1.9402577103322594e-09,0.0,False,False,False,True,1.0,0.0,0.0,wait_Gm,0,0,0,False,,0.37741683561013184,0.2837567510963179,False,0.0
25,concentration_positive,251,25.016267705649096,49.574369237200386,191.1244850885663,203.89404629966768,Omega_safe_one_step_QP,False,True,,0.43245808768309785,0.43245808768309785,1.0,-0.7494367361068726,-0.3866924047470093,0.7494367361068726,0.7967445169197026,-0.20213459629060593,233.65538828079238,196.06319387616276,0.10418290475697575,0.048762982881975725,-0.179565462809105,-0.09764475683885787,-0.42530903192226077,0.0783085242350492,43.245808768309786,True,False,0.28374836756608074,0.0,0.152843692111137,0.001377621621919755,2.6579453224054994e-10,1.944600993861902e-09,0.0,False,False,False,True,1.0,0.0,0.0,wait_Gm,0,0,0,False,,0.3774165659567432,0.2837565483680243,False,0.0
25,concentration_positive,252,25.01626899318551,49.57478388168951,191.1261181346208,203.8984468495906,Omega_safe_one_step_QP,False,True,,0.43242045719167616,0.4324204571916762,1.0000000000000002,-0.749408483505249,-0.3866572678089142,0.749408483505249,0.7966673938770031,-0.20197138731852748,233.65538828079238,196.0795147733706,0.10418310311374766,0.04876318123874768,-0.1795650665362548,-0.09763667202883516,-0.4252927014617157,0.0781893207622001,43.24204571916762,True,False,0.2837481696500025,0.0,0.15281630675032376,0.0013764777643840564,2.6668394161433574e-10,1.9364839624236725e-09,0.0,False,False,False,True,1.0,0.0,0.0,wait_Gm,0,0,0,False,,0.37741630211912114,0.2837563500112523,False,0.0
25,concentration_positive,253,25.016270283591762,49.575198264325394,191.12774438081107,203.90283991099597,Omega_safe_one_step_QP,False,True,,0.43238293249121873,0.43238293249121873,1.0,-0.7493802905082703,-0.38662227988243103,0.7493802905082703,0.7965903000317762,-0.20180830144321293,233.65538828079238,196.09582336090205,0.10418327868321596,0.048763356808215974,-0.17956471583488504,-0.09762866596335845,-0.42527643899981316,0.07807016550093908,43.238293249121874,True,False,0.283747994518101,0.0,0.15278963922101865,0.001375335492191216,2.644676671320991e-10,1.929898851119529e-09,0.0,False,False,False,True,1.0,0.0,0.0,wait_Gm,0,0,0,False,,0.37741606859065424,0.283756174441784,False,0.0
25,concentration_positive,254,25.016271572250705,49.57561238450222,191.12937146574538,203.90723571046325,Omega_safe_one_step_QP,False,True,,0.4323454565734677,0.4323454565734676,0.9999999999999999,-0.7493520975112915,-0.38658714294433594,0.7493520975112915,0.7965132446590297,-0.20164533704324322,233.65538828079238,196.11211980089902,0.10418345986401364,0.04876353798901362,-0.17956435391420308,-0.09762059439618917,-0.42526016815047,0.07795115909564226,43.234545657346764,True,False,0.28374781377821673,0.0,0.15276274966572145,0.0013741947979293199,2.647405383468213e-10,1.9323052956621835e-09,0.0,False,False,False,True,1.0,0.0,0.0,wait_Gm,0,0,0,False,,0.3774158276004493,0.2837559932609864,False,0.0
25,concentration_positive,255,25.016272860657903,49.576026242516264,191.13099462900811,203.91162453501497,Omega_safe_one_step_QP,False,True,,0.432308058750502,0.4323080587505019,0.9999999999999998,-0.7493239641189575,-0.38655221462249756,0.7493239641189575,0.7964362248750982,-0.20148249457536507,233.65538828079238,196.12840404768684,0.10418363745935234,0.04876371558435233,-0.17956399916060445,-0.09761259503892761,-0.42524393651784265,0.07783220487328121,43.230805875050194,True,False,0.2837476366199568,0.0,0.1527362335043881,0.0013730556880838466,2.634658977493378e-10,1.9261780945700976e-09,0.0,False,False,False,True,1.0,0.0,0.0,wait_Gm,0,0,0,False,,0.37741559137857417,0.28375581566564767,False,0.0
25,concentration_positive,256,25.01627414650424,49.57643983820635,191.1326193817473,203.91601244531608,Omega_safe_one_step_QP,False,True,,0.43227069551676073,0.4322706955167607,0.9999999999999999,-0.7492958307266235,-0.3865172863006592,0.7492958307266235,0.7963592453485527,-0.20131977314622077,233.65538828079238,196.14467619060127,0.10418382567464786,0.048763903799647845,-0.1795636231674302,-0.09760457901283534,-0.42522768899045077,0.0777133625471481,43.22706955167607,True,False,0.28374744884207803,0.0,0.1527094169795555,0.0013719181526089426,2.6398214635044865e-10,1.9253756810668785e-09,0.0,False,False,False,True,1.0,0.0,0.0,wait_Gm,0,0,0,False,,0.3774153410312695,0.28375562745035215,False,0.0
25,concentration_positive,257,25.01627543188644,49.57685317210263,191.13423702656058,203.92040432311515,Omega_safe_one_step_QP,False,True,,0.4322334612199815,0.43223346121998146,0.9999999999999999,-0.7492678165435791,-0.38648223876953125,0.7492678165435791,0.7962823019790644,-0.20115717333779018,233.65538828079238,196.16093617144435,0.10418401161861297,0.04876408974361296,-0.17956325172070686,-0.09759649743066587,-0.425211512542318,0.07759468151670817,43.22334612199814,True,False,0.2837472633393198,0.0,0.15268331959181525,0.001370782208766704,2.616774741930519e-10,1.928859060192415e-09,0.0,False,False,False,True,1.0,0.0,0.0,wait_Gm,0,0,0,False,,0.3774150937032422,0.28375544150638704,False,0.0
25,concentration_positive,258,25.016276711953275,49.57726624319385,191.13586556396746,203.92479932356048,Omega_safe_one_step_QP,False,True,,0.43219617688065803,0.4321961768806581,1.0000000000000002,-0.7492396831512451,-0.386447012424469,0.7492396831512451,0.7962054045427348,-0.2009946936544559,233.65538828079238,196.17718413977775,0.10418422512230152,0.04876430324730152,-0.17956282515784577,-0.09758832906900278,-0.4251952271682492,0.07747615183782718,43.21961768806582,True,False,0.2837470502801473,0.0,0.15265580335154028,0.0013696478180958021,2.6521340855845223e-10,1.9316028914432644e-09,0.0,False,False,False,True,1.0,0.0,0.0,wait_Gm,0,0,0,False,,0.3774148097182617,0.2837552280026985,False,0.0
25,concentration_positive,259,25.016277996235214,49.577679053370225,191.13749282969553,203.92918459835863,Omega_safe_one_step_QP,False,True,,0.4321589395835318,0.4321589395835318,1.0,-0.7492114901542664,-0.3864118754863739,0.7492114901542664,0.796128534120615,-0.2008323370610887,233.65538828079238,196.19341979911448,0.1041844075792931,0.04876448570429309,-0.17956246068497367,-0.09758025269100878,-0.4251789545109685,0.07735764799244149,43.21589395835318,True,False,0.28374686826426676,0.0,0.15262835552279286,0.0013685149787488501,2.6479937497679305e-10,1.923063505531763e-09,0.0,False,False,False,True,1.0,0.0,0.0,wait_Gm,0,0,0,False,,0.3774145670288819,0.2837550455457069,False,0.0
25,concentration_positive,260,25.016279284518266,49.578091602976535,191.1391122575167,203.93355989849516,Omega_safe_one_step_QP,False,True,,0.43212181342632566,0.4321218134263258,1.0000000000000002,-0.7491833567619324,-0.3863769471645355,0.7491833567619324,0.7960516911837219,-0.20067010326967777,233.65538828079238,196.2096431782556,0.10418456031310205,0.048764638438102026,-0.17956215565387798,-0.09757228815505292,-0.4251627602327568,0.07723916720239588,43.212181342632576,True,False,0.28374671596698003,0.0,0.152601757192283,0.0013673837091299295,2.622546467974648e-10,1.914325128472218e-09,0.0,False,False,False,True,1.0,0.0,0.0,wait_Gm,0,0,0,False,,0.37741436387607424,0.283754892811898,False,0.0
25,concentration_positive,261,25.016280571349068,49.57850389131721,191.14072887330857,203.93793330552734,Omega_safe_one_step_QP,False,True,,0.4320847630395436,0.4320847630395435,0.9999999999999999,-0.7491552829742432,-0.3863420784473419,0.7491552829742432,0.7959748866523961,-0.2005079903584866,233.65538828079238,196.2258544693747,0.104184716866034,0.04876479499103398,-0.17956184298406733,-0.09756432819094887,-0.42514659407483807,0.07712078836152647,43.20847630395435,True,False,0.28374655985010133,0.0,0.15257538518670116,0.0013662540127385354,2.61344661853855e-10,1.9126689069087773e-09,0.0,False,False,False,True,1.0,0.0,0.0,wait_Gm,0,0,0,False,,0.37741415564236813,0.283754736258966,False,0.0
25,concentration_positive,262,25.016281855305383,49.57891591824916,191.14234398761207,203.94230835886617,Omega_safe_one_step_QP,False,True,,0.4320477816742408,0.43204778167424074,0.9999999999999999,-0.7491272687911987,-0.3863071799278259,0.7491272687911987,0.7958981234333046,-0.20034599779965917,233.65538828079238,196.24205372525745,0.10418488598667136,0.04876496411167136,-0.17956150518052133,-0.0975563256784725,-0.42513044293180313,0.07700254633608737,43.204778167424074,True,False,0.2837463911671927,0.0,0.15254907270916193,0.0013651258893111408,2.608594213339192e-10,1.9141091717637e-09,0.0,False,False,False,True,1.0,0.0,0.0,wait_Gm,0,0,0,False,,0.37741393069290524,0.28375456713832864,False,0.0
25,concentration_positive,263,25.016283136016078,49.57932768372865,191.14396132484575,203.94668383322556,Omega_safe_one_step_QP,False,True,,0.4320108303790219,0.432010830379022,1.0000000000000002,-0.7490992546081543,-0.38627225160598755,0.7490992546081543,0.7958214023475334,-0.2001841254535878,233.65538828079238,196.25824095986457,0.104185069957841,0.04876514808284099,-0.17956113767700116,-0.09754828879956895,-0.4251142695594663,0.07688442873360993,43.2010830379022,True,False,0.28374620763484215,0.0,0.15252238078610844,0.0013639993269839831,2.6157797274550897e-10,1.914477586969883e-09,0.0,False,False,False,True,1.0,0.0,0.0,wait_Gm,0,0,0,False,,0.3774136859917822,0.283754383167159,False,0.0
25,concentration_positive,264,25.01628441608296,49.57973918834469,191.14557510563316,203.95105599231903,Omega_safe_one_step_QP,False,True,,0.43197395943197264,0.43197395943197275,1.0000000000000002,-0.7490713000297546,-0.38623741269111633,0.7490713000297546,0.7957447182791983,-0.2000223740848467,233.65538828079238,196.2744160967387,0.10418525278148699,0.04876533090648699,-0.1795607724672852,-0.09754027531433695,-0.4250981317515922,0.07676639895580345,43.19739594319728,True,False,0.2837460252487722,0.0,0.15249600829866722,0.0013628743314523532,2.604288429809812e-10,1.911577513855801e-09,0.0,False,False,False,True,1.0,0.0,0.0,wait_Gm,0,0,0,False,,0.3774134428135987,0.283754200343513,False,0.0
25,concentration_positive,265,25.01628569348577,49.58015043187909,191.14719057386571,203.9554315444526,Omega_safe_one_step_QP,False,True,,0.4319371289442341,0.43193712894423414,1.0000000000000002,-0.749043345451355,-0.3862024247646332,0.749043345451355,0.7956680753175235,-0.19986074295598494,233.65538828079238,196.29057920962487,0.10418544688452012,0.04876552500952014,-0.1795603847023058,-0.09753218772118602,-0.42508197706926665,0.07664852334827751,43.19371289442341,True,False,0.2837458315868259,0.0,0.15246931133961425,0.0013617508927749769,2.609737610403291e-10,1.9145456473686074e-09,0.0,False,False,False,True,1.0,0.0,0.0,wait_Gm,0,0,0,False,,0.3774131846321338,0.28375400624047986,False,0.0
25,concentration_positive,266,25.016286970396074,49.580561414742164,191.14880911173168,203.95980324638526,Omega_safe_one_step_QP,False,True,,0.4319003124848618,0.43190031248486166,0.9999999999999997,-0.7490153312683105,-0.38616743683815,0.7490153312683105,0.7955914692124456,-0.19969923274926907,233.65538828079238,196.30673023029644,0.10418563891276417,0.04876571703776417,-0.17956000108622627,-0.09752411434241554,-0.425065791690607,0.0765307301608882,43.19003124848617,True,False,0.28374563999899044,0.0,0.15244214819744228,0.001360628996170295,2.6196648235646837e-10,1.9111777787979586e-09,0.0,False,False,False,True,1.0,0.0,0.0,wait_Gm,0,0,0,False,,0.37741292921390623,0.28375381421223583,False,0.0
25,concentration_positive,267,25.01628825007922,49.58097213778955,191.15042094683685,203.96417091301802,Omega_safe_one_step_QP,False,True,,0.4318636060069305,0.43186360600693063,1.0000000000000002,-0.7489873766899109,-0.38613247871398926,0.7489873766899109,0.7955148935036163,-0.199537844362936,233.65538828079238,196.32286906892975,0.10418580879045264,0.04876588691545264,-0.17955966177067134,-0.0975160736108254,-0.42504967333955535,0.07641301844088273,43.18636060069306,True,False,0.283745470561124,0.0,0.15241568180121248,0.001359508657040077,2.5980124062452887e-10,1.9076511814924137e-09,0.0,False,False,False,True,1.0,0.0,0.0,wait_Gm,0,0,0,False,,0.3774127032569092,0.28375364433454736,False,0.0
25,concentration_positive,268,25.016289527989663,49.58138260032126,191.15203703246345,203.96853225770943,Omega_safe_one_step_QP,False,True,,0.4318268973434334,0.4318268973434333,0.9999999999999999,-0.7489593625068665,-0.38609763979911804,0.7489593625068665,0.7954383573103317,-0.19937657626202807,233.65538828079238,196.33899587902056,0.10418598447379246,0.04876606259879246,-0.1795593108408387,-0.09750808031116875,-0.42503351248328924,0.07629536378688882,43.182689734343334,True,False,0.28374529531463116,0.0,0.15238861610950608,0.001358389856745085,2.6117327525299743e-10,1.9021327517235247e-09,0.0,False,False,False,True,1.0,0.0,0.0,wait_Gm,0,0,0,False,,0.37741246957880864,0.28375346865120754,False,0.0
25,concentration_positive,269,25.0162908083387,49.58179280345873,191.15364672534892,203.97288473403376,Omega_safe_one_step_QP,False,True,,0.431790286925679,0.4317902869256789,0.9999999999999998,-0.7489314079284668,-0.38606300950050354,0.7489314079284668,0.7953618522729763,-0.19921542959749625,233.65538828079238,196.35511054547374,0.10418614007155591,0.04876621819655591,-0.17955900007784614,-0.0975001842770912,-0.4250174155544346,0.0761777418856003,43.17902869256788,True,False,0.28374514014940205,0.0,0.15236222499199356,0.001357272609326003,2.5911111855215607e-10,1.8944050153838702e-09,0.0,False,False,False,True,1.0,0.0,0.0,wait_Gm,0,0,0,False,,0.3774122626153272,0.2837533130534441,False,0.0
25,concentration_positive,270,25.016292086827715,49.58220274670184,191.1552472204057,203.97724278818427,Omega_safe_one_step_QP,False,True,,0.43175382753480374,0.43175382753480374,1.0,-0.7489036321640015,-0.3860282897949219,0.7489036321640015,0.7952853869974179,-0.19905440282900919,233.65538828079238,196.37121322232244,0.10418630202441137,0.04876638014941137,-0.17955867660872832,-0.09749220925433308,-0.4250014106038668,0.07606029565861838,43.17538275348037,True,False,0.2837449786331397,0.0,0.1523367969802257,0.0013561569386289576,2.5615844267695897e-10,1.899263597882141e-09,0.0,False,False,False,True,1.0,0.0,0.0,wait_Gm,0,0,0,False,,0.37741204719919924,0.28375315110058863,False,0.0
25,concentration_positive,271,25.0162933569369,49.58261242865432,191.15686481736356,203.98160722666734,Omega_safe_one_step_QP,False,True,,0.4317172612292063,0.4317172612292064,1.0000000000000002,-0.7488756775856018,-0.3859933018684387,0.7488756775856018,0.7952089745722726,-0.1988934939739831,233.65538828079238,196.38730410782503,0.1041865104230811,0.04876658854808108,-0.17955826025307853,-0.09748409657805521,-0.4249852346342883,0.07594303118842294,43.17172612292064,True,False,0.2837447706761596,0.0,0.15230920237781448,0.0013550427873819707,2.6166199180679094e-10,1.904832327246456e-09,0.0,False,False,False,True,1.0,0.0,0.0,wait_Gm,0,0,0,False,,0.37741177000426757,0.2837529427019189,False,0.0
25,concentration_positive,272,25.01629463315681,49.58302185209522,191.1584692572832,203.98596505809246,Omega_safe_one_step_QP,False,True,,0.43168086372035225,0.43168086372035214,0.9999999999999998,-0.7488478422164917,-0.38595840334892273,0.7488478422164917,0.7951325861740761,-0.19873270760089734,233.65538828079238,196.40338274513363,0.10418667615788062,0.048766754282880576,-0.1795579292233802,-0.09747605857971059,-0.4249691902350918,0.07582582312958844,43.16808637203521,True,False,0.28374460538126084,0.0,0.15228308057586218,0.001353930190728889,2.57422745575361e-10,1.8990694729806234e-09,0.0,False,False,False,True,1.0,0.0,0.0,wait_Gm,0,0,0,False,,0.3774115495604443,0.2837527769671194,False,0.0
25,concentration_positive,273,25.016295905776662,49.58343101537237,191.1600762502777,203.99031426553094,Omega_safe_one_step_QP,False,True,,0.4316444762283342,0.43164447622833424,1.0000000000000002,-0.7488200068473816,-0.3859238028526306,0.7488200068473816,0.7950562412092396,-0.1985720405248131,233.65538828079238,196.41944945274204,0.10418685894941199,0.04876693707441199,-0.17955756407443108,-0.09746810708875123,-0.4249531203051467,0.075708648127889,43.16444762283342,True,False,0.28374442302384306,0.0,0.1522565678288993,0.0013528191350696394,2.5824264844054777e-10,1.891560534293069e-09,0.0,False,False,False,True,1.0,0.0,0.0,wait_Gm,0,0,0,False,,0.37741130642548837,0.283752594175588,False,0.0
25,concentration_positive,274,25.016297177658412,49.583839919408355,191.1616865432942,203.9946657360326,Omega_safe_one_step_QP,False,True,,0.4316081105665504,0.4316081105665504,1.0,-0.7487921118736267,-0.3858889937400818,0.7487921118736267,0.7949799339941981,-0.19841149343917117,233.65538828079238,196.43550416130623,0.10418704120537663,0.048767119330376585,-0.17955720000039815,-0.09746008843823128,-0.42493701737498185,0.07559161574726367,43.16081105665504,True,False,0.2837442412057748,0.0,0.15222954366053273,0.0013517096054737818,2.593043598935242e-10,1.8935295526821617e-09,0.0,False,False,False,True,1.0,0.0,0.0,wait_Gm,0,0,0,False,,0.37741106400212404,0.2837524119196234,False,0.0
25,concentration_positive,275,25.0162984522479,49.58424856490368,191.16329696349206,203.9990119670299,Omega_safe_one_step_QP,False,True,,0.43157178493255877,0.4315717849325586,0.9999999999999997,-0.748764157295227,-0.38585415482521057,0.748764157295227,0.7949036577190813,-0.19825106740561516,233.65538828079238,196.45154676466183,0.10418720173637754,0.04876727986137752,-0.1795568793756796,-0.09745210248678271,-0.42492091317300323,0.07547465202368066,43.15717849325586,True,False,0.2837440811120571,0.0,0.15220240882901634,0.0013506015962153491,2.5934532136867297e-10,1.8889723881886763e-09,0.0,False,False,False,True,1.0,0.0,0.0,wait_Gm,0,0,0,False,,0.37741085047803224,0.2837522513886225,False,0.0
25,concentration_positive,276,25.01629973044516,49.58465695228458,191.1648931531905,204.0033514505318,Omega_safe_one_step_QP,False,True,,0.4315356380427072,0.4315356380427072,1.0,-0.7487363815307617,-0.38581952452659607,0.7487363815307617,0.7948274106236536,-0.19809076256490857,233.65538828079238,196.46757724873248,0.10418733501260283,0.0487674131376028,-0.17955661325729286,-0.09744420140285145,-0.4249049512760189,0.07535774201799302,43.15356380427072,True,False,0.2837439482698957,0.0,0.15217687434558683,0.0013494951457009758,2.5478215533811624e-10,1.8831117063213616e-09,0.0,False,False,False,True,1.0,0.0,0.0,wait_Gm,0,0,0,False,,0.3774106732052197,0.2837521181123972,False,0.0
25,concentration_positive,277,25.016301001690188,49.5850650797324,191.1664916021129,204.007696301358,Omega_safe_one_step_QP,False,True,,0.43149952803457764,0.43149952803457764,1.0,-0.7487086653709412,-0.3857848346233368,0.7487086653709412,0.7947512138025209,-0.19793057546705814,233.65538828079238,196.48359595851753,0.1041875059768362,0.04876758410183618,-0.1795562717659192,-0.09743620842092926,-0.42488896678679483,0.07524100342840473,43.149952803457765,True,False,0.2837437777427554,0.0,0.1521509409637838,0.0013483902423853315,2.555038957547694e-10,1.88777287020568e-09,0.0,False,False,False,True,1.0,0.0,0.0,wait_Gm,0,0,0,False,,0.3774104458050879,0.2837519471481638,False,0.0
25,concentration_positive,278,25.016302268621857,49.58547294768757,191.16809664477123,204.01204171323877,Omega_safe_one_step_QP,False,True,,0.43146340388002463,0.43146340388002463,1.0,-0.7486808896064758,-0.38575008511543274,0.7486808896064758,0.7946750620632337,-0.19777050697763415,233.65538828079238,196.49960280745995,0.10418769840006026,0.04876777652506026,-0.17955588735782524,-0.09742817141023974,-0.4248729163602115,0.07512438905778837,43.146340388002464,True,False,0.2837435857578855,0.0,0.1521241089410114,0.001347286861010261,2.5761619350471025e-10,1.888260441347706e-09,0.0,False,False,False,True,1.0,0.0,0.0,wait_Gm,0,0,0,False,,0.37741018985815433,0.28375175472493974,False,0.0
25,concentration_positive,279,25.01630353732683,49.58588055743072,191.1697026770891,204.0163783217779,Omega_safe_one_step_QP,False,True,,0.4314273047110957,0.4314273047110957,1.0,-0.7486530542373657,-0.38571545481681824,0.7486530542373657,0.7945989433162998,-0.1976105589521719,233.65538828079238,196.51559761000615,0.10418787485455039,0.04876795297955039,-0.17955553488359605,-0.09742021484928731,-0.4248568560370327,0.0750078071177173,43.14273047110957,True,False,0.28374340973814643,0.0,0.15209707442735634,0.0013461849928969377,2.5793398060769015e-10,1.8806173621567455e-09,0.0,False,False,False,True,1.0,0.0,0.0,wait_Gm,0,0,0,False,,0.37740995515589354,0.2837515782704496,False,0.0
25,concentration_positive,280,25.016304809395272,49.58628790963681,191.17130147087153,204.02071302201807,Omega_safe_one_step_QP,False,True,,0.43139132356279447,0.43139132356279436,0.9999999999999998,-0.7486252784729004,-0.38568076491355896,0.7486252784729004,0.7945228544065271,-0.19745073168617183,233.65538828079238,196.53158033660617,0.10418802556884944,0.04876810369384943,-0.17955523389095207,-0.09741226249783813,-0.4248408680992085,0.07489132685411903,43.13913235627945,True,False,0.2837432594598015,0.0,0.15207079504300056,0.001345084655320041,2.5561415587069963e-10,1.8789626172206065e-09,0.0,False,False,False,True,1.0,0.0,0.0,wait_Gm,0,0,0,False,,0.3774097546865186,0.28375142755615057,False,0.0
25,concentration_positive,281,25.016306079845126,49.58669500345161,191.17289761404578,204.02504425318844,Omega_safe_one_step_QP,False,True,,0.4313554122012887,0.4313554122012886,0.9999999999999998,-0.7485975623130798,-0.38564619421958923,0.7485975623130798,0.7944468053137237,-0.19729102354888595,233.65538828079238,196.54755115033475,0.10418818118208668,0.04876825930708667,-0.17955492309872995,-0.09740433570356241,-0.424824906667466,0.07477493102853684,43.135541220128864,True,False,0.2837431042808166,0.0,0.1520447287567822,0.0013439858512170671,2.54767303271744e-10,1.8759563451173504e-09,0.0,False,False,False,True,1.0,0.0,0.0,wait_Gm,0,0,0,False,,0.377409547703086,0.28375127194291333,False,0.0
25,concentration_positive,282,25.01630734737445,49.58710183880421,191.17449568822596,204.02937231261518,Omega_safe_one_step_QP,False,True,,0.4313195258742242,0.4313195258742241,0.9999999999999999,-0.7485698461532593,-0.38561171293258667,0.7485698461532593,0.7943707986694349,-0.19713143402861574,233.65538828079238,196.56351010236176,0.10418834970405334,0.04876842782905333,-0.17955458648755818,-0.09739642267838727,-0.4248089259256642,0.07465862210253404,43.13195258742241,True,False,0.2837429361916115,0.0,0.1520183299136579,0.0013428885694264136,2.553841085357227e-10,1.8732098401393697e-09,0.0,False,False,False,True,1.0,0.0,0.0,wait_Gm,0,0,0,False,,0.3774093235483447,0.28375110342094667,False,0.0
25,concentration_positive,283,25.01630861434151,49.58750841634607,191.17608675728437,204.03370354188786,Omega_safe_one_step_QP,False,True,,0.4312837636061209,0.4312837636061209,1.0,-0.7485422492027283,-0.38557714223861694,0.7485422492027283,0.7942948298033802,-0.19697196375783488,233.65538828079238,196.57945712943987,0.10418851663649245,0.04876859476149242,-0.1795542530586213,-0.09738845433819282,-0.4247930152350801,0.07454246412447997,43.128376360612094,True,False,0.28374276969511375,0.0,0.1519926420972979,0.0013417928268726674,2.531500748618378e-10,1.8759547012516597e-09,0.0,False,False,False,True,1.0,0.0,0.0,wait_Gm,0,0,0,False,,0.37740910151175294,0.2837509364885076,False,0.0
25,concentration_positive,284,25.016309875964946,49.587914735103524,191.17768875289173,204.03803798764102,Omega_safe_one_step_QP,False,True,,0.431247948497154,0.4312479484971541,1.0000000000000002,-0.7485145330429077,-0.3855423927307129,0.7485145330429077,0.7942189083102192,-0.19681261125659424,233.65538828079238,196.59539237956392,0.10418871138128075,0.04876878950628072,-0.17955386400830484,-0.09738039879412144,-0.42477699527900653,0.07442645608077092,43.12479484971541,True,False,0.2837425753895856,0.0,0.15196553284571565,0.0013406985852037145,2.5663899259981264e-10,1.8787419987077126e-09,0.0,False,False,False,True,1.0,0.0,0.0,wait_Gm,0,0,0,False,,0.3774088424757129,0.2837507417437193,False,0.0
25,concentration_positive,285,25.01631114178987,49.58832079696556,191.1792861234094,204.04236170153973,Omega_safe_one_step_QP,False,True,,0.4312122100912925,0.4312122100912925,1.0,-0.7484868168830872,-0.38550782203674316,0.7484868168830872,0.7941430152037836,-0.19665337950339964,233.65538828079238,196.6113155548834,0.10418887524188596,0.048768953366885914,-0.17955353672170948,-0.09737245726082303,-0.42476102157382967,0.07431046146656346,43.12122100912925,True,False,0.28374241196359545,0.0,0.15193889524793122,0.0013396058529321886,2.5515925707729466e-10,1.869450187793069e-09,0.0,False,False,False,True,1.0,0.0,0.0,wait_Gm,0,0,0,False,,0.377408624522461,0.2837505778831141,False,0.0
25,concentration_positive,286,25.01631240891413,49.58872660176912,191.180874776707,204.04668219674895,Omega_safe_one_step_QP,False,True,,0.43117660143566205,0.43117660143566205,1.0,-0.7484592199325562,-0.3854733407497406,0.7484592199325562,0.7940671562764772,-0.19649426736424996,233.65538828079238,196.62722676879835,0.10418902607281476,0.04876910419781477,-0.17955323549352986,-0.09736454552557486,-0.4247451350408539,0.07419455427950593,43.11766014356621,True,False,0.28374226156634463,0.0,0.15191319214477061,0.0013385146517537775,2.523819299893325e-10,1.8666678852840775e-09,0.0,False,False,False,True,1.0,0.0,0.0,wait_Gm,0,0,0,False,,0.37740842390012697,0.28375042705218523,False,0.0
25,concentration_positive,287,25.016313671181322,49.589132148465076,191.18246714510508,204.05100596225606,Omega_safe_one_step_QP,False,True,,0.4311410108108136,0.4311410108108134,0.9999999999999997,-0.7484316229820251,-0.3854387700557709,0.7484316229820251,0.7939913438391963,-0.196335272822305,233.65538828079238,196.64312622299286,0.10418920173540858,0.048769279860408576,-0.17955288460466018,-0.09735656171777529,-0.424729211356873,0.07407879739263207,43.11410108108134,True,False,0.28374208634006876,0.0,0.15188692476199775,0.0013374249655475848,2.535637115245134e-10,1.8694948160470357e-09,0.0,False,False,False,True,1.0,0.0,0.0,wait_Gm,0,0,0,False,,0.377408190248628,0.2837502513895914,False,0.0
25,concentration_positive,288,25.016314932378993,49.589537437789154,191.18406650692253,204.05533078838405,Omega_safe_one_step_QP,False,True,,0.4311054022200776,0.4311054022200777,1.0000000000000002,-0.7484039068222046,-0.38540399074554443,0.7484039068222046,0.7939155703885219,-0.19617639706649742,233.65538828079238,196.6590137985736,0.10418937893837057,0.04876945706337055,-0.17955253063824858,-0.0973485192001734,-0.42471321773869847,0.07396316989810446,43.11054022200777,True,False,0.28374190957661916,0.0,0.15185971143973803,0.0013363367679838968,2.557958223132295e-10,1.8704121037418055e-09,0.0,False,False,False,True,1.0,0.0,0.0,wait_Gm,0,0,0,False,,0.3774079545488086,0.28375007418662945,False,0.0
25,concentration_positive,289,25.016316198895062,49.589942471067076,191.18565345357538,204.0596411013448,Omega_safe_one_step_QP,False,True,,0.4310699404351699,0.4310699404351699,1.0,-0.7483763098716736,-0.38536959886550903,0.7483763098716736,0.7938398232242365,-0.196017642056442,233.65538828079238,196.67488929957915,0.10418951840115505,0.048769596526155035,-0.17955225214423032,-0.09734065690398666,-0.42469734827217,0.07384751801765645,43.10699404351699,True,False,0.28374177054538535,0.0,0.15183390746643455,0.0013352500912621086,2.5183996789917373e-10,1.8578797819525361e-09,0.0,False,False,False,True,1.0,0.0,0.0,wait_Gm,0,0,0,False,,0.3774077690461377,0.28374993472384497,False,0.0
25,concentration_positive,290,25.016317461605258,49.59034724700924,191.1872431491234,204.063955640569,Omega_safe_one_step_QP,False,True,,0.43103450761194156,0.43103450761194145,0.9999999999999998,-0.7483487129211426,-0.3853350579738617,0.7483487129211426,0.7937641205331684,-0.19585900465843864,233.65538828079238,196.6907530393795,0.10418967624247338,0.048769754367473384,-0.17955193689686128,-0.09733270971221539,-0.4246814513166899,0.07373202601189505,43.103450761194146,True,False,0.28374161313933466,0.0,0.15180765173043256,0.0013341649223483818,2.5271319353498446e-10,1.8615248717132538e-09,0.0,False,False,False,True,1.0,0.0,0.0,wait_Gm,0,0,0,False,,0.37740755909995605,0.2837497768825266,False,0.0
25,concentration_positive,291,25.01631872352027,49.5907517661663,191.1888328229191,204.06826128893118,Omega_safe_one_step_QP,False,True,,0.43099910869140645,0.43099910869140645,1.0,-0.7483211159706116,-0.38530075550079346,0.7483211159706116,0.7936884563620448,-0.1957004858366227,233.65538828079238,196.70660492156108,0.104189833947565,0.04876991207256498,-0.1795516219169216,-0.09732485256558163,-0.42466555457873284,0.07361656367370101,43.09991086914064,True,False,0.28374145586448657,0.0,0.1517813139488726,0.001333081255692426,2.5270627767556036e-10,1.853860781883847e-09,0.0,False,False,False,True,1.0,0.0,0.0,wait_Gm,0,0,0,False,,0.37740734933333503,0.283749619177435,False,0.0
25,concentration_positive,292,25.016319985427565,49.59115602905395,191.19041498554563,204.07257224680487,Omega_safe_one_step_QP,False,True,,0.43096384168186885,0.4309638416818688,0.9999999999999999,-0.7482936382293701,-0.3852662742137909,0.7482936382293701,0.7936128291435313,-0.19554208563841755,233.65538828079238,196.72244494138158,0.10418998668107061,0.0487700648060706,-0.17955131688513093,-0.09731691132295361,-0.4246497329524675,0.07350127305423271,43.09638416818688,True,False,0.28374130356620153,0.0,0.15175574167889408,0.001331999109979522,2.503238576799527e-10,1.8584357788683494e-09,0.0,False,False,False,True,1.0,0.0,0.0,wait_Gm,0,0,0,False,,0.3774071461805274,0.2837494664439294,False,0.0
25,concentration_positive,293,25.01632124213541,49.591560034549474,191.19200456255803,204.07688188081332,Omega_safe_one_step_QP,False,True,,0.4309285478305916,0.43092854783059154,0.9999999999999999,-0.7482661008834839,-0.3852318227291107,0.7482661008834839,0.7935372492893251,-0.1953838024947062,233.65538828079238,196.73827325575274,0.10419016636701922,0.04877024449201922,-0.17955095794797915,-0.09730895163087797,-0.42463383718234354,0.07338608625060586,43.09285478305915,True,False,0.28374112431499837,0.0,0.15172917963020155,0.0013309184573553356,2.526755078338264e-10,1.8572945286791425e-09,0.0,False,False,False,True,1.0,0.0,0.0,wait_Gm,0,0,0,False,,0.3774069071787891,0.2837492867579808,False,0.0
25,concentration_positive,294,25.016322500381612,49.591963784121525,191.19359197094641,204.08118859086187,Omega_safe_one_step_QP,False,True,,0.43089331911458073,0.4308933191145807,0.9999999999999999,-0.7482385635375977,-0.38519734144210815,0.7482385635375977,0.7934617033876956,-0.19522563843470447,233.65538828079238,196.75408966175291,0.10419033157477278,0.048770409699772754,-0.17955062796746354,-0.09730100201303754,-0.42461796309845967,0.07327098929108967,43.08933191145806,True,False,0.2837409595422363,0.0,0.15170277359377907,0.0013298392994168344,2.5198653915267053e-10,1.8547751442307266e-09,0.0,False,False,False,True,1.0,0.0,0.0,wait_Gm,0,0,0,False,,0.3774066874332569,0.28374912155022725,False,0.0
25,concentration_positive,295,25.01632375923036,49.59236727775564,191.19517469016353,204.08549195514098,Omega_safe_one_step_QP,False,True,,0.43085817953314137,0.43085817953314126,0.9999999999999998,-0.7482110857963562,-0.38516291975975037,0.7482110857963562,0.7933861933280415,-0.1950675930722447,233.65538828079238,196.7698941979989,0.10419048806230204,0.04877056618730202,-0.17955031542656408,-0.09729307601392326,-0.42460213590628854,0.07315597757142099,43.08581795331412,True,False,0.2837408034888661,0.0,0.1516768241156842,0.0013287616454655546,2.5050001202144093e-10,1.8518944118721268e-09,0.0,False,False,False,True,1.0,0.0,0.0,wait_Gm,0,0,0,False,,0.37740647928600585,0.283748965062698,False,0.0
25,concentration_positive,296,25.016325015737984,49.59277051504862,191.19675881189326,204.08979597744417,Omega_safe_one_step_QP,False,True,,0.43082307561510025,0.4308230756151002,0.9999999999999999,-0.7481836080551147,-0.3851284384727478,0.7481836080551147,0.7933107250028448,-0.19490966538964233,233.65538828079238,196.7856869662591,0.10419065393487544,0.04877073205987542,-0.17954998411714046,-0.09728511263885548,-0.4245862946889912,0.0730410901118505,43.08230756151002,True,False,0.2837406380520159,0.0,0.15165059439666492,0.001327685486361604,2.5094416546185723e-10,1.8524607986340157e-09,0.0,False,False,False,True,1.0,0.0,0.0,wait_Gm,0,0,0,False,,0.37740625865597166,0.2837487991901246,False,0.0
25,concentration_positive,297,25.016326271832668,49.593173496446006,191.19834594473096,204.09409446494897,Omega_safe_one_step_QP,False,True,,0.43078798102995663,0.4307879810299566,0.9999999999999999,-0.7481560707092285,-0.38509401679039,0.7481560707092285,0.793235294599566,-0.19475185595401873,233.65538828079238,196.80146790982147,0.10419081733660009,0.04877089546160007,-0.17954965774746107,-0.09727718668862989,-0.4245704233606142,0.07292626555127489,43.07879810299566,True,False,0.28374047508406114,0.0,0.15162391261321317,0.0013266108075422884,2.5189906445019905e-10,1.8476994828902618e-09,0.0,False,False,False,True,1.0,0.0,0.0,wait_Gm,0,0,0,False,,0.3774060413145557,0.2837486357883999,False,0.0
25,concentration_positive,298,25.016327530717795,49.5935762228419,191.1999263770237,204.09838722180095,Omega_safe_one_step_QP,False,True,,0.4307529912659778,0.4307529912659778,1.0,-0.7481285929679871,-0.3850596845149994,0.7481285929679871,0.7931598957381197,-0.1945941656229472,233.65538828079238,196.81723694292862,0.10419095857375801,0.048771036698757986,-0.17954937570506416,-0.09726931602741956,-0.42455461903768676,0.07281150278872318,43.07529912659779,True,False,0.28374033427882217,0.0,0.15159793451089626,0.0013255376243398933,2.4977662319381065e-10,1.8427761390234069e-09,0.0,False,False,False,True,1.0,0.0,0.0,wait_Gm,0,0,0,False,,0.3774058534509961,0.283748494551242,False,0.0
25,concentration_positive,299,25.01632878783439,49.59397869358476,191.20150430416527,204.10268168910144,Omega_safe_one_step_QP,False,True,,0.43071807723558087,0.43071807723558087,1.0,-0.7481011748313904,-0.385025292634964,0.7481011748313904,0.7930845375219443,-0.1944365928356107,233.65538828079238,196.8329942216623,0.1041911056861388,0.04877118381113876,-0.17954908191433488,-0.09726140167142575,-0.4245388397662711,0.07269687467439165,43.07180772355809,True,False,0.2837401876004737,0.0,0.15157213776404205,0.001324465939737388,2.4898540640973537e-10,1.8442449395035952e-09,0.0,False,False,False,True,1.0,0.0,0.0,wait_Gm,0,0,0,False,,0.37740565777655277,0.28374834743886124,False,0.0
