geometry,validation_seed,step,mode,X2,P2,delta_ell,g_t,raw_actor_rho,mapping_saturation,QP_modification,raw_actor_P100,scaled_actor_P100,mapped_residual_P100,applied_residual_P100,QP_input_P100,final_input_P100,local_zero_input_P100,paired_baseline_input_P100,paired_input_difference_P100,negative_authority_P100,positive_authority_P100,authority_utilization_P100,raw_actor_F200,scaled_actor_F200,mapped_residual_F200,applied_residual_F200,QP_input_F200,final_input_F200,local_zero_input_F200,paired_baseline_input_F200,paired_input_difference_F200,negative_authority_F200,positive_authority_F200,authority_utilization_F200,F1,X1,T1,T200,component_gain_flow_F2,component_gain_recirculation_F3,component_gain_steam_F100,component_gain_cooling_F200
baseline,420000,0,Z_mode_existing_controller,25.39,50.125,-70.76813311958267,1.1184205550987745,0.8999048471450806,False,False,-0.8999048471450806,-0.08999048918485641,-2.9301707910968067,-2.930170791096799,191.93127217719558,191.93127217719558,194.86144296829238,194.86144296829238,-2.930170791096799,-3.2560894130464355,3.107448612665206,0.8999048918485616,-8.514896035194397e-05,-8.514895853295457e-06,-0.09157275938501269,-0.09157275938501824,212.1635470002715,212.16354700027148,212.2551197596565,212.2551197596565,-0.09157275938503062,-0.6072241742754312,0.40481612279545515,0.15080552333787967,10.931334583126754,3.4280658297523763,41.268283504121975,27.009802329778847,-1.1486331296469459,0.0,71.86182259359884,0.054943655631021215
baseline,420000,1,Z_mode_existing_controller,25.359345924931755,50.12622048536847,-70.09987626153816,1.0845113640922723,0.9053421020507812,False,False,-0.9053421020507812,-0.09053421020507812,-2.952070580018872,-2.9520705800188662,197.51249625761523,197.51249625761523,200.4645668376341,200.41124542499188,-2.89874916737665,-3.2607238449773193,3.1028141807343217,0.9053421020507795,-0.06943126022815704,-0.006943126209080219,-0.4983191243312223,-0.49831912433122916,213.03396433057492,213.03396433057492,213.53228345490615,213.53123131361406,-0.49726698303913963,-0.6072241742754312,0.40481612279545515,0.8206509975098526,10.935402417008735,2.7786650440283283,43.44665738815961,25.701928298728618,-1.1336186493144886,0.0,70.9351347210295,0.2983601898234838
baseline,420000,2,Omega_safe_one_step_QP,25.32833750424001,50.1277258461136,-106.7779817719993,1.658142625820768,0.9201896786689758,False,False,-0.9201896786689758,-0.0920189693570137,-4.6075762078515075,-4.607576207851495,201.53194724922005,201.53194724922005,206.13952345707156,206.03542053282416,-4.503473283604109,-5.007202580127917,2.7515864823720833,0.9201896935701346,-0.43311572074890137,-0.043311573565006256,-1.7880906869812423,-1.7880906869812359,213.052244496628,213.052244496628,214.84033518360923,214.83857288559406,-1.7863283889660693,-3.181563480338588,3.468827144661412,0.5620163476326249,9.429954438579422,5.114050535251514,38.84973905491686,23.091027103962123,-1.716737610541884,0.0,107.42292234916204,1.071797033379653
baseline,420000,3,Omega_safe_one_step_QP,25.343203597601036,50.127501513777226,-81.92819307240552,1.2523945086213122,0.8937869668006897,False,False,-0.8937869668006897,-0.08937869966030121,-4.215269124447914,-4.215269124447926,199.01412661745172,199.0141266174517,203.22939574189962,202.39286335068564,-3.37873673323395,-4.716189808610724,3.0425992538892763,0.8937869966030147,-0.27682504057884216,-0.027682503685355186,-1.0416068107824872,-1.041606810782493,213.15711377350095,213.15711377350095,214.19872058428345,214.0788240316916,-0.9217102581906431,-3.1174020204060096,3.532988604593991,0.3341265592196012,11.219648440701649,4.515291163145866,43.56828910585275,22.05890819771989,-1.3210869790538027,0.0,82.69625389654539,0.5530261549143916
baseline,420000,4,Omega_safe_one_step_QP,25.32486735971606,50.12715589918828,-67.63493597002343,1.0750449509469453,0.8544995188713074,False,False,-0.8544995188713074,-0.0854499563574791,-4.340705252320312,-4.340705252320315,202.5250073745952,202.5250073745952,206.8657126269155,205.46538963108094,-2.940382256485748,-5.079821497112313,2.678967565387688,0.8544995635747914,-0.28568848967552185,-0.028568848967552185,-1.1531250185893516,-1.1531250185893553,213.79524596290574,213.79524596290574,214.9483709814951,214.7383929584833,-0.943146995577564,-3.1923670601271743,3.458023564872826,0.36121316780640456,8.180747852859035,5.124322915443516,41.963232760660105,21.97674872425784,-1.088781590759844,0.0,68.15782936343658,0.5658881973465384
baseline,420000,5,Z_mode_existing_controller,25.3607920931644,50.12622568457028,-26.033638020366197,0.41470651505558914,0.9234200716018677,False,False,-0.9234200716018677,-0.09234201163053513,-3.014727029528025,-3.0147270295280375,196.79690074285287,196.79690074285284,199.8116277723809,197.94010278487806,-1.143202042025223,-3.2647404754296403,3.0987975502820007,0.9234201163053547,0.011022084392607212,0.0011022085091099143,-0.02889177275451904,-0.02889177275453153,213.3522255674803,213.3522255674803,213.38111734023482,213.09525730469926,0.2569682627810437,-0.6072241742754312,0.40481612279545515,0.047580076647980245,9.735425558453946,5.45683832502704,39.43963098006137,24.250146546411344,-0.42437504579843477,0.0,26.61219402383358,-0.15418095766864326
baseline,420000,6,Z_mode_existing_controller,25.37004946876346,50.12605917008725,-32.54710458902173,0.5106494646585824,0.920558512210846,False,False,-0.920558512210846,-0.09205584973096848,-3.0096193143568057,-3.009619314356797,194.55654322063089,194.55654322063089,197.56616253498768,195.94397254096114,-1.3874293203302557,-3.269340648261206,3.094197377450435,0.9205584973096818,0.005149553529918194,0.0005149553762748837,-0.06300062263211309,-0.06300062263210685,212.8392459031884,212.8392459031884,212.90224652582052,212.6632757449798,0.17597015820859951,-0.6072241742754312,0.40481612279545515,0.10375183548527558,11.129038518884824,5.806353995408957,39.76582947013406,25.319382245548915,-0.5291555166812643,0.0,33.181842200629035,-0.10558209492515402
baseline,420000,7,Z_mode_existing_controller,25.35968219019454,50.12660142908605,-37.09508861138238,0.5730336338150332,0.9121392369270325,False,False,-0.9121392369270325,-0.09121392667293549,-2.9861997705665857,-2.9861997705665755,196.20400576546564,196.20400576546564,199.1902055360322,197.76797701976406,-1.5639712542984228,-3.273841922488615,3.0896961032230266,0.9121392667293515,0.0028451865073293447,0.00028451866819523275,-0.07564643397509202,-0.07564643397510278,213.21457051200844,213.21457051200844,213.29021694598353,213.09031942293137,0.12425108907706317,-0.6072241742754312,0.40481612279545515,0.12457744137964814,11.651923300642322,4.61661721404893,41.25323727973476,20.821333125796535,-0.6023639094960416,0.0,37.7720031743238,-0.0745506534462379
baseline,420000,8,Omega_safe_one_step_QP,25.332096823345804,50.12497637552407,-72.17369421992953,1.1639844871619822,0.9242721199989319,False,False,-0.9242721199989319,-0.09242721647024155,-4.452972683031656,-4.4529726830316685,199.79267912571376,199.79267912571373,204.2456518087454,202.98288253539593,-3.190203409682198,-4.8178154152953026,2.9409736472046974,0.924272164702418,-0.11548029631376266,-0.011548030190169811,-0.3280045332287523,-0.3280045332287478,213.95802090206925,213.95802090206925,214.286025435298,214.11866524399392,-0.16064434192466592,-3.1261325055074645,3.5242581194925355,0.10492342619862906,7.85775791346149,3.3433466226028337,34.92319977136132,23.277455100198804,-1.1698312876007753,0.0,73.24713890237581,0.09638660515480524
baseline,420000,9,Z_mode_existing_controller,25.357036276356613,50.12388554526233,-30.36510575905959,0.4586235164413472,0.9349603056907654,False,False,-0.9349603056907654,-0.09349603205919266,-3.0645881960723518,-3.0645881960723624,196.31850272874078,196.31850272874078,199.38309092481313,197.59017330162894,-1.271670572888155,-3.2777735360278726,3.0857644896837684,0.9349603205919296,0.009670749306678772,0.0009670749423094094,-0.03797516071958815,-0.037975160719589535,213.13879301960648,213.13879301960648,213.17676818032606,212.92508705649752,0.21370596310896417,-0.6072241742754312,0.40481612279545515,0.06253894744046266,13.117016278383195,7.257014951399635,38.16756877277266,27.738175271813045,-0.49335219333460145,0.0,30.986681530259375,-0.12822357786536998
baseline,420000,10,Omega_safe_one_step_QP,25.333706453224895,50.12656660990058,-64.6771845216781,1.0096278529100609,0.914503812789917,False,False,-0.914503812789917,-0.09145038574934006,-4.3417965448430875,-4.3417965448430875,199.20277306932996,199.20277306932996,203.54456961417304,201.96748202647424,-2.764708957144279,-4.747707195838068,3.011081866661933,0.9145038574934004,-0.1744379997253418,-0.01744380034506321,-0.5861739230680414,-0.586173923068052,213.64332234756148,213.64332234756145,214.2294962706295,214.0196460690409,-0.3763237214794515,-3.1204795890406154,3.529911035959385,0.18784738253912756,10.04160401780957,5.518794861095725,42.146754758562814,26.0872690764906,-1.0453629087386176,0.0,65.49675319752805,0.2257942328876652
baseline,420000,11,Omega_safe_one_step_QP,25.34191672161682,50.12818249712274,-54.69631328909327,0.826442798994081,0.9451241493225098,False,False,-0.9451241493225098,-0.09451241791248322,-4.33696300962527,-4.33696300962527,197.6182931589291,197.6182931589291,201.95525616855437,199.8995592152299,-2.281266056300808,-4.5887758512762,3.170013211223801,0.9451241791248319,-0.002356401877477765,-0.00023564019647892565,0.20711269494191226,0.20711269494190707,214.18184621154592,214.18184621154592,213.974733516604,213.68852004457426,0.49332616697165577,-3.0950033136380664,3.555387311361934,0.05825320191700016,12.523056251527546,4.724571177482252,38.21251000049988,25.13415195873804,-0.891074443501239,0.0,55.8833834327761,-0.29599570018299914
baseline,420000,12,Omega_safe_one_step_QP,25.301542640019267,50.1293325221895,-56.209931753175624,0.8463158232001492,0.8944922089576721,False,False,-0.8944922089576721,-0.08944921940565109,-4.819588037708986,-4.819588037708998,205.1286261825535,205.1286261825535,209.94821422026249,207.4891297671374,-2.3605035845839097,-5.3880716564470115,2.3707174060529894,0.8944921940565131,-0.38097238540649414,-0.03809724003076553,-1.6410603315496302,-1.6410603315496333,214.0987911568877,214.0987911568877,215.73985148843732,215.39107124299827,-1.2922800861105657,-3.2715151108213982,3.378875514178602,0.5016208930600362,10.980917736364011,4.8137246690121005,39.842974130452305,24.20774347142913,-0.8983945068766843,0.0,56.33295820838612,0.7753680516663621
baseline,420000,13,Omega_safe_one_step_QP,25.29329182412619,50.13087150706436,-45.682236551821006,0.7201507181612351,0.8844335079193115,False,False,-0.8844335079193115,-0.08844335377216339,-4.911737264589464,-4.911737264589466,206.691163054047,206.691163054047,211.60290031863647,208.73331289938415,-2.04214984533715,-5.553540266284409,2.205248796215592,0.8844335377216342,-0.25450921058654785,-0.025450920686125755,-1.1192770970171086,-1.1192770970171142,215.05433495340233,215.05433495340233,216.17361205041945,215.75788346561205,-0.7035485122097214,-3.3148911670196095,3.3354994579803905,0.3376512351756775,7.9504007004491015,4.779745319431752,37.35718828257699,21.04253026795486,-0.7336137610449711,0.0,45.99372120553926,0.4221291073258442
baseline,420000,14,Omega_safe_one_step_QP,25.33233398074095,50.129639750157075,-25.910031908890232,0.4227037279298936,0.9274623990058899,False,False,-0.9274623990058899,-0.09274624288082123,-4.442405288708449,-4.442405288708439,199.5235856183624,199.5235856183624,203.96599090707085,200.7436040422787,-1.2200184239162866,-4.789849325127847,2.9689397373721538,0.9274624288082103,-0.04618970304727554,-0.004618970211595297,-0.03662841575690079,-0.03662841575689038,214.42692782929137,214.42692782929137,214.46355624504827,213.99017845695363,0.4367493723377436,-3.1438855864824915,3.5065050385175094,0.011650683445472251,7.689981108257118,3.9376451446230645,38.343600019276266,24.51604764647447,-0.42350113527469135,0.0,26.595582667568124,-0.26204962340264615
baseline,420000,15,Z_mode_existing_controller,25.364723583665576,50.12939146398012,12.091471027350053,-0.19721087073890442,0.9201492071151733,False,False,-0.9201492071151733,-0.09201492369174957,-3.0178106444020694,-3.0178106444020747,194.61021506859862,194.61021506859862,197.62802571300068,194.18263849718886,0.4275765714097588,-3.27969694841214,3.083841077299501,0.9201492369174972,0.0026365569792687893,0.000263655703747645,-0.077679127076416,-0.07767912707640837,213.00983879958633,213.00983879958633,213.08751792666274,212.57878493135766,0.4310538682286733,-0.6072241742754312,0.40481612279545515,0.12792495814103383,9.191717858518619,3.7139239089128857,42.10163184470773,23.144069550879568,0.1942477328169545,0.0,-12.027086439229606,-0.25863232093719546
baseline,420000,16,Z_mode_existing_controller,25.36806559732995,50.12825591098384,0.4453231673296614,-0.006954040770020132,0.9221814870834351,False,False,-0.9221814870834351,-0.09221815317869186,-3.028454611044209,-3.028454611044203,193.55790932095917,193.55790932095917,196.58636393200337,193.624016108779,-0.0661067878198196,-3.28401134338046,3.079526682331181,0.9221815317869169,0.002120018471032381,0.0002120018471032381,-0.08091043738589002,-0.08091043738588655,212.72814569869706,212.72814569869706,212.80905613608294,212.38372108982423,0.3444246088728278,-0.6072241742754312,0.40481612279545515,0.13324640357481277,11.987180815770644,6.332820621401006,40.33726951267451,29.072961242703016,0.006486695791558361,0.0,-0.2451550977975785,-0.20665476532369098
baseline,420000,17,Z_mode_existing_controller,25.349610813063656,50.131182369069506,-11.274357176011108,0.17168238399111133,0.9390292763710022,False,False,-0.9390292763710022,-0.09390293061733246,-3.087770206979955,-3.0877702069799624,196.71237288350108,196.71237288350108,199.80014309048104,197.24806780311192,-0.5356949196108474,-3.288257551367646,3.075280474343995,0.9390293061733266,-0.002421923913061619,-0.00024219240003731102,-0.10922000920191577,-0.10922000920190918,213.5636058848292,213.5636058848292,213.67282589403112,213.31982200775806,0.24378387707113802,-0.6072241742754312,0.40481612279545515,0.17986768944473547,12.676209749090782,4.726062781580947,39.15893519062662,26.784013115654705,-0.1827543861677583,0.0,11.603381888421609,-0.14627032624268566
baseline,420000,18,Omega_safe_one_step_QP,25.30648157845997,50.13331969000991,-60.97954232016673,0.9372846617891104,0.930229127407074,False,False,-0.930229127407074,-0.0930229127407074,-4.8203571186055685,-4.820357118605561,203.06617067271762,203.06617067271762,207.88652779132318,205.66902395482774,-2.602853282110118,-5.18190301355308,2.5768860489469207,0.9302291274070726,-0.3863685429096222,-0.03863685578107834,-1.6437279857159415,-1.6437279857159492,213.8882354711152,213.8882354711152,215.53196345683114,215.23945547128486,-1.3512200001696613,-3.2507263076607797,3.3996643173392203,0.5056494549671192,10.12946966595472,3.5263349018999106,39.16666502926264,24.267876262701584,-0.9751450897569356,0.0,61.1439554098215,0.8107320001018081
baseline,420000,19,Omega_safe_one_step_QP,25.29862835249396,50.13425532531889,-51.23927623009149,0.7625976264371827,0.9043334722518921,False,False,-0.9043334722518921,-0.09043335169553757,-4.831201986922476,-4.831201986922465,204.65908600387493,204.65908600387496,209.4902879907974,206.8077583067015,-2.148672302826526,-5.342279033500505,2.4165100289994954,0.9043335169553733,-0.3149464726448059,-0.03149464726448059,-1.3640412435603038,-1.3640412435603173,214.5554047874669,214.5554047874669,215.9194460310272,215.55079088606922,-0.9953860986023244,-3.2894745650803867,3.3609160599196137,0.414668427000585,11.863829337127763,4.556472352765624,43.88048729842209,25.02321516201445,-0.8198088114584898,0.0,51.461853382388654,0.5972316591613946
baseline,420000,20,Omega_safe_one_step_QP,25.275592021881643,50.13682458074098,-54.39247607386642,0.8375760834988907,0.9421603083610535,False,False,-0.9421603083610535,-0.09421603381633759,-5.464446563503703,-5.464446563503706,208.60216591552523,208.60216591552523,214.06661247902895,210.99316003399423,-2.3909941184689956,-5.799911482323656,1.9588775801763443,0.9421603381633764,-0.3323823809623718,-0.0332382395863533,-1.5451725274976247,-1.5451725274976331,215.49063004917218,215.49063004917215,217.0358025766698,216.60371018000666,-1.1130801308345042,-3.401110219644644,3.2492804053553566,0.45431415852764584,8.853303700665847,5.741231926016103,38.86858949120485,22.306221189980768,-0.8705139827309805,0.0,54.59514197809676,0.6678480785006968
baseline,420000,21,Omega_safe_one_step_QP,25.309648108969228,50.13700424508021,-24.423379720371486,0.3953311352021715,0.9085850715637207,False,False,-0.9085850715637207,-0.09085851162672043,-4.665325075527585,-4.6653250755275835,202.74931652968831,202.74931652968831,207.4146416052159,203.91613889912293,-1.1668223694346125,-5.134714394942352,2.624074667557648,0.9085851162672041,-0.1067652478814125,-0.010676524601876736,-0.41338418535203614,-0.41338418535204513,215.20323713311967,215.20323713311967,215.61662131847172,215.11468491902232,0.08855221409734781,-3.2591920938248364,3.3911985311751636,0.1268363979328744,7.459176426082062,4.90185007129531,39.296552995982395,20.718492608000165,-0.3956509152154952,0.0,24.872161964046427,-0.05313132845842006
baseline,420000,22,Z_mode_existing_controller,25.354599600371678,50.13492553779173,18.878546434209056,-0.3010883123280831,0.9259353876113892,False,False,-0.9259353876113892,-0.09259354323148727,-3.0460662397927307,-3.0460662397927236,195.5939604552194,195.5939604552194,198.64002669501212,194.90947539043765,0.6844850647817395,-3.289717763772636,3.0738202619390056,0.9259354323148702,0.0019063851796090603,0.00019063851505052298,-0.08254170822569393,-0.08254170822568699,213.53173357107931,213.53173357107934,213.61427527930502,213.07445506253617,0.457278508543169,-0.6072241742754312,0.40481612279545515,0.1359328427992507,10.369452493583278,4.348944059935537,39.83904910238336,19.325063261912863,0.3049866018928462,0.0,-18.909165930976087,-0.27436710512590423
baseline,420000,23,Z_mode_existing_controller,25.343872545238433,50.13179973137835,5.327569273749759,-0.08299412948093667,0.9379296898841858,False,False,-0.9379296898841858,-0.09379296749830246,-3.089430056499919,-3.089430056499908,197.31965290306633,197.31965290306633,200.40908295956623,197.20101019497073,0.1186427080955923,-3.2938824081409237,3.0696556175707173,0.9379296749830213,0.0031609542202204466,0.00031609542202204466,-0.07640691311540312,-0.07640691311541596,213.74483577380386,213.74483577380383,213.82124268691925,213.37118035522644,0.3736554185773855,-0.6072241742754312,0.40481612279545515,0.1258298275205995,11.265991194229585,4.136902953870246,38.77077777198832,26.595106225472176,0.08586181523786252,0.0,-5.189237837841574,-0.2241932511464313
baseline,420000,24,Omega_safe_one_step_QP,25.317775095143222,50.13349407521481,-39.75938681277876,0.6551154554927567,0.9452600479125977,False,False,-0.9452600479125977,-0.094526007771492,-4.639831312676714,-4.639831312676704,200.51290142352954,200.51290142352954,205.15273273620625,202.37830473238665,-1.8654033088571111,-4.9085235080413865,2.850265554458614,0.9452600777149183,-0.0635606199502945,-0.006356061901897192,-0.1555174460177283,-0.15551744601774217,214.78515964183487,214.78515964183487,214.9406770878526,214.56638002304337,0.2187796187915012,-3.191597670762926,3.458792954237074,0.048727146106911076,6.762924479377055,4.4343071744893,35.88568772598753,25.195402746389238,-0.646237960217455,0.0,40.53689254427172,-0.1312677712749064
baseline,420000,25,Z_mode_existing_controller,25.368315520972242,50.133410383433,4.361120871217281,-0.07148706451500322,0.9242372512817383,False,False,-0.9242372512817383,-0.09242372959852219,-3.047401415784293,-3.047401415784295,192.21921923781977,192.21921923781977,195.26662065360406,192.13830433968923,0.08091489813054409,-3.29720671197954,3.0663313137321015,0.9242372959852221,0.006270367652177811,0.0006270367885008454,-0.056807743109837244,-0.05680774310984765,212.7583487724225,212.75834877242247,212.81515651553232,212.3836068187904,0.37474195363205354,-0.6072241742754312,0.40481612279545515,0.09355316457490079,9.378053505667134,5.7356553993107,40.43209007639597,28.35166244827295,0.06974576696447521,0.0,-4.206021466003222,-0.2248451721792435
baseline,420000,26,Z_mode_existing_controller,25.381808724443385,50.13496725270222,-0.33243303596191254,0.005482878995360183,0.859191358089447,False,False,-0.859191358089447,-0.08591913431882858,-2.8363853984114096,-2.836385398411398,189.38276217183292,189.38276217183292,192.21914757024433,189.49715290649405,-0.11439073466112859,-3.301226695192431,3.06231133051921,0.859191343188282,-0.007398453541100025,-0.0007398453890345991,-0.13029019873776748,-0.13029019873775846,212.13191199931424,212.13191199931424,212.262202198052,211.90137433666467,0.2305376626495672,-0.6072241742754312,0.40481612279545515,0.21456688362782483,9.630160823947547,7.224600631330433,37.31901312814872,24.168364759179077,-0.00503558556369299,0.0,0.4757912191153082,-0.13832259758973464
baseline,420000,27,Omega_safe_one_step_QP,25.399982749901955,50.13341013297256,-4.753648612283541,0.07845796774410464,0.8294841051101685,False,False,-0.8294841051101685,-0.08294840902090073,-2.6755912519101255,-2.6755912519101255,185.6479952607035,185.6479952607035,188.32358651261364,185.94076173245026,-0.2927664717467451,-3.225608885682126,4.533180176817875,0.8294840902090065,-0.16104662418365479,-0.01610466279089451,-0.30514705994438424,-0.30514705994439606,211.04231891971395,211.04231891971392,211.34746597965832,211.04620002044283,-0.00388110072890413,-2.832276559943497,3.8181140650565033,0.1077391467556698,10.448139251788062,6.428865147068505,40.942031589421475,23.455056701219174,-0.07434991727717488,0.0,4.825669869122976,0.002328660437342478
baseline,420000,28,Omega_safe_one_step_QP,25.398224629515386,50.13133889377321,-4.808712934672258,0.0792965764023926,0.8500248193740845,False,False,-0.8500248193740845,-0.08500248193740845,-2.780907652669679,-2.780907652669672,186.00219535118066,186.00219535118066,188.78310300385033,186.2955571916316,-0.2933618404509275,-3.2715605348057952,4.487228527694205,0.8500248193740823,-0.18683001399040222,-0.018683001399040222,-0.40673777606401795,-0.4067377760640145,210.9101710644485,210.9101710644485,211.3169088405125,210.99808375908958,-0.08791269464109064,-2.829220846028915,3.821169778971085,0.14376317657736415,10.403204452875865,4.863135367887592,38.58343686893549,24.50049296895633,-0.07443002866946102,0.0,4.830395346556543,0.052747616784657225
baseline,420000,29,Z_mode_existing_controller,25.38292945253217,50.129764185360074,-5.7492155313484545,0.09586709083575241,0.8889432549476624,False,False,-0.8889432549476624,-0.0888943299651146,-2.936119488665114,-2.9361194886651116,188.9675099915222,188.96750999152223,191.90362948018733,189.31310046370677,-0.34559047218454,-3.3029322453044596,3.0606057804071813,0.888943299651145,-0.011210817843675613,-0.001121081761084497,-0.15563220515257062,-0.155632205152572,211.72768650251385,211.72768650251382,211.8833187076664,211.54709980142323,0.18058670109058994,-0.6072241742754312,0.40481612279545515,0.25630106926865975,9.000910012392438,5.482904133718861,32.223634266168695,23.813269234557914,-0.09269764292023375,0.0,5.950265194922395,-0.10835202065435112
baseline,420000,30,Omega_safe_one_step_QP,25.39472093732807,50.12744667529143,-11.860901693965388,0.19675685293724712,0.8675661087036133,False,False,-0.8675661087036133,-0.08675660938024521,-2.8799873943058247,-2.879987394305837,186.38368303586432,186.38368303586432,189.26367043017015,186.9842668524537,-0.6005838165893636,-3.319617277437778,4.439171785062222,0.8675660938024561,-0.11717522144317627,-0.011717522516846657,-0.07850829227137937,-0.07850829227136827,211.11496991552278,211.11496991552278,211.19347820779416,210.91240454619225,0.2025653693305287,-2.8168777827570795,3.8335128422429205,0.02787067751108697,9.879599859137663,4.987150302743058,41.93036530096121,20.965117150251967,-0.19193613398261533,0.0,12.17437704954682,-0.12153922159831154
baseline,420000,31,Omega_safe_one_step_QP,25.39034902842992,50.12392891305879,-13.409415679258927,0.21441646758769559,0.9068516492843628,False,False,-0.9068516492843628,-0.0906851664185524,-3.1006302788395494,-3.1006302788395397,187.15801904258203,187.15801904258205,190.2586493214216,187.81870802852464,-0.6606889859425848,-3.4191151665629214,4.339673895937079,0.9068516641855209,-0.010347592644393444,-0.0010347593342885375,0.41504324363163325,0.4150432436316347,211.6090543828826,211.6090543828826,211.19401113925096,210.8867454377055,0.7223089451770761,-2.816931075902761,3.83345954909724,0.10826858567723122,11.926560860374142,4.92215502867499,40.865161009920904,24.187496791178756,-0.22155552820283475,0.0,14.064356574567682,-0.43338536710624
baseline,420000,32,Z_mode_existing_controller,25.353591263438396,50.12292446848632,-7.998921010705089,0.1313229087059997,0.922565758228302,False,False,-0.922565758228302,-0.0922565758228302,-3.048798990139012,-3.048798990139022,194.5578545254523,194.55785452545229,197.60665351559132,195.0066280901058,-0.44877356465352136,-3.3046955872218104,3.0588424384898305,0.9225657582283047,0.003483731998130679,0.0003483731998130679,-0.07296134628422754,-0.07296134628423448,212.62306953062512,212.6230695306251,212.69603087690933,212.36418488683333,0.25888464379175957,-0.6072241742754312,0.40481612279545515,0.12015553625034023,8.61654637778561,5.835379639722783,40.66408862584549,26.928083756726057,-0.13004590648102976,0.0,8.284297703460652,-0.15533078627505859
baseline,420000,33,Z_mode_existing_controller,25.3811893566323,50.1238130343388,-14.39876382638522,0.24182288347560602,0.9128537178039551,False,False,-0.9128537178039551,-0.09128537029027939,-3.020243517909824,-3.0202435179098175,188.7792559516169,188.7792559516169,191.79949946952672,189.50428406936828,-0.7250281177513784,-3.3085734420594655,3.0549645836521755,0.9128537029027914,0.006236162967979908,0.0006236163317225873,-0.05585603152977667,-0.055856031529775974,211.4588947323698,211.4588947323698,211.51475076389957,211.23701876354227,0.2218759688275327,-0.6072241742754312,0.40481612279545515,0.09198584953641882,8.536874795992112,5.13911492122231,37.40940406945905,21.442347365653077,-0.2336503598087898,0.0,14.765539767489827,-0.1331255812965253
baseline,420000,34,Omega_safe_one_step_QP,25.399327299769347,50.12029572194655,-15.3221370317342,0.24899057733603971,0.8760417103767395,False,False,-0.8760417103767395,-0.08760417252779007,-2.790439253464415,-2.7904392534644136,185.12987057950164,185.12987057950164,187.92030983296607,185.876385392129,-0.7465148126273675,-3.1852812177173675,4.573507844782633,0.8760417252779003,-0.010952802374958992,-0.001095280284062028,0.4582393247534386,0.4582393247534483,210.949784788327,210.949784788327,210.49154546357357,210.25932693600686,0.6904578523201508,-2.7466845083350213,3.9037061166649787,0.1173857127198223,11.40358715331012,5.435759677636435,38.91983814382837,26.904639210946915,-0.25235726987633456,0.0,15.988769013002639,-0.41427471139209615
baseline,420000,35,Z_mode_existing_controller,25.373069852106077,50.12030490524951,-15.890403097625494,0.2564521464274986,0.9051064848899841,False,False,-0.9051064848899841,-0.09051065146923065,-2.9970113598541808,-2.9970113598541817,190.20135135320058,190.20135135320058,193.19836271305476,190.9678287201904,-0.7664773669898182,-3.311225045013651,3.052312980697991,0.9051065146923066,-0.004209795501083136,-0.00042097954428754747,-0.11625937507624903,-0.1162593750762407,211.49305648668292,211.49305648668292,211.60931586175917,211.34790284943787,0.14515363724504482,-0.6072241742754312,0.40481612279545515,0.19146038646265515,10.5954653087214,5.835822760225612,42.82478336144681,27.802186018942322,-0.25646795306394665,0.0,16.233963233035865,-0.08709218234703542
baseline,420000,36,Z_mode_existing_controller,25.36859036027197,50.121778791779924,-23.367653861154395,0.3720397581673419,0.9214312434196472,False,False,-0.9214312434196472,-0.09214312583208084,-3.0544459289422816,-3.0544459289422705,190.67287575811432,190.67287575811432,193.7273216870566,191.74129048260767,-1.0684147244933513,-3.314892892290872,3.0486451334207696,0.921431258320805,-0.0026854434981942177,-0.00026854436146095395,-0.10898258676545272,-0.10898258676544093,211.7052234157738,211.7052234157738,211.81420600253924,211.59763161493814,0.10759180083564956,-0.6072241742754312,0.40481612279545515,0.17947669309359124,11.220366672205119,3.8481236706233357,38.0284562300074,22.501866790750025,-0.37733388246341093,0.0,23.80954282411949,-0.06455508050137837
baseline,420000,37,Z_mode_existing_controller,25.334668613965707,50.1199136806338,-28.5237952819125,0.4477932254627152,0.9283143877983093,False,False,-0.9283143877983093,-0.09283144026994705,-3.080685204137292,-3.0806852041372976,197.01732482279257,197.01732482279257,200.09801002692987,198.31194988934598,-1.294625066553408,-3.3185795622462453,3.044958463465396,0.9283144026994717,-0.007143156137317419,-0.0007143156253732741,-0.13579032016130116,-0.13579032016130185,212.9391393690296,212.9391393690296,213.0749296891909,212.89640298598061,0.04273638304897531,-0.6072241742754312,0.40481612279545515,0.2236246939992686,10.543561292280632,5.437101708462703,44.383902704635496,24.141862137990856,-0.46059755412720804,0.0,29.01003466587008,-0.025641829829382345
baseline,420000,38,Z_mode_existing_controller,25.33380260821086,50.12036573787275,-35.15716199446433,0.5340192731728517,0.9498259425163269,False,False,-0.9498259425163269,-0.09498259425163269,-3.155545134042951,-3.1555451340429435,196.7722176322505,196.7722176322505,199.92776276629343,198.29819338493763,-1.5259757526871454,-3.3222351515090462,3.0413028742025947,0.9498259425163244,-0.001263938145712018,-0.00012639381748158485,-0.10352974958955999,-0.10352974958955236,212.96818191138053,212.96818191138055,213.0717116609701,212.92393481929344,0.044247092087118745,-0.6072241742754312,0.40481612279545515,0.17049675223007876,12.580686139179122,5.034954552439745,39.51508608022721,28.101310083519934,-0.5676492961393009,0.0,35.75135954585585,-0.026548255252265562
baseline,420000,39,Omega_safe_one_step_QP,25.295748113078982,50.12334558609163,-77.1135947655257,1.1708375354878178,0.9350211024284363,False,False,-0.9350211024284363,-0.09350211173295975,-4.767413303096755,-4.767413303096759,202.28731036008674,202.28731036008674,207.0547236631835,205.55451548701998,-3.2672051269332485,-5.098722600739112,2.660066461760889,0.935021117329598,-0.41091057658195496,-0.041091058403253555,-1.681184035338773,-1.6811840353387861,213.09147603882334,213.09147603882332,214.7726600741621,214.65212751961036,-1.560651480787044,-3.1747959693938754,3.475594655606125,0.5295408119280666,10.906267914898603,5.199647286498072,40.352472235646474,20.395446020603142,-1.2339654678736167,0.0,77.41116934492675,0.9363908884722179
baseline,420000,40,Omega_safe_one_step_QP,25.29008681811321,50.12218566096276,-62.07868197536118,0.9418077228230172,0.9192470908164978,False,False,-0.9192470908164978,-0.09192471206188202,-4.802450953627633,-4.802450953627633,203.50835370751835,203.50835370751835,208.310804661146,206.18516650077856,-2.6768127932602113,-5.2243307005353605,2.5344583619646395,0.9192471206188201,-0.2294197976589203,-0.02294198051095009,-0.8964260411514883,-0.8964260411514821,214.06688994905258,214.0668899490526,214.96331599020408,214.7400973195184,-0.6732073704658035,-3.1938615609980743,3.4565290640019257,0.280671539461263,10.812218914883413,4.218110850116076,41.65905306544529,25.044649668017026,-0.99821255690782,0.0,62.672970109989365,0.40392442227945935
baseline,420000,41,Omega_safe_one_step_QP,25.27858659241179,50.12407635716164,-56.90598670913823,0.8407610671378254,0.9285928010940552,False,False,-0.9285928010940552,-0.09285928308963776,-5.071231843739585,-5.071231843739585,205.60827308809743,205.60827308809743,210.67950493183702,208.02900379014244,-2.420730702045006,-5.4612007276044645,2.2975883348955364,0.9285928308963772,-0.240116149187088,-0.02401161566376686,-0.9986893255543237,-0.9986893255543114,214.56841567147237,214.56841567147237,215.5671049970267,215.25868221829907,-0.690266546826706,-3.254240461680333,3.3961501633196676,0.30688860805284085,12.03938646102129,5.169671342360242,43.13220870198957,29.37228627530113,-0.9134083220102198,0.0,57.4052351030532,0.4141599280960122
baseline,420000,42,Omega_safe_one_step_QP,25.2595260119223,50.129429591315464,-54.61144745549427,0.8436629151549927,0.9585910439491272,False,False,-0.9585910439491272,-0.0958591029047966,-5.600844975546004,-5.60084497554601,208.8945411730955,208.8945411730955,214.4953861486415,211.366373658711,-2.471832485615522,-5.842788849284912,1.9160002132150882,0.9585910290479668,-0.15288826823234558,-0.015288827009499073,-0.7164290162567705,-0.7164290162567708,215.96273751429322,215.96273751429322,216.67916653055,216.29339478307008,-0.33065726877686075,-3.3654466150326647,3.2849440099673353,0.2128778430347549,8.580685467806987,5.337164349517408,38.3594483882835,25.98623128157348,-0.8807717428253873,0.0,55.29382483705376,0.19839436126611076
baseline,420000,43,Omega_safe_one_step_QP,25.294824351507717,50.13175693373831,-28.226142274992526,0.43442455678211905,0.9519878029823303,False,False,-0.9519878029823303,-0.09519878029823303,-4.908518087284554,-4.908518087284548,202.71970410623237,202.7197041062324,207.62822219351693,204.0126392996744,-1.2929351934419913,-5.156072453772457,2.6027166087275435,0.9519878029823292,-0.2854667901992798,-0.028546679764986038,-1.1760568123216748,-1.176056812321676,214.159544745696,214.15954474569597,215.33560155801766,214.87041081631892,-0.7108660706229557,-3.23109011777943,3.4193005072205707,0.36398143334049815,10.438320721719217,5.820649931614055,40.411271416769644,26.042251640891728,-0.44762403768476844,0.0,28.247246670302957,0.42651964237376205
baseline,420000,44,Omega_safe_one_step_QP,25.302014704970272,50.13388952867231,-18.30319343618794,0.2807886800084595,0.9494672417640686,False,False,-0.9494672417640686,-0.0949467271566391,-4.76960912659191,-4.769609126591896,201.53247027232058,201.5324702723206,206.3020793989125,202.3984498866395,-0.8659796143188885,-5.023458174312012,2.7353308881879874,0.9494672715663883,-0.370050847530365,-0.03700508549809456,-1.53505083173722,-1.5350508317372196,213.62935447651316,213.62935447651316,215.16440530825037,214.65118601373754,-1.0218315372243865,-3.213970492802703,3.436420132197298,0.4776182093689969,11.006265036959613,4.616961283250459,42.47732531797554,22.754957952285025,-0.28312006643647436,0.0,17.973214580290005,0.6130989223346432
baseline,420000,45,Omega_safe_one_step_QP,25.289714029918766,50.13420696824799,-18.455722838580186,0.2758446044141314,0.9441616535186768,False,False,-0.9441616535186768,-0.09441616386175156,-4.98232651662309,-4.982326516623095,203.8550180895118,203.8550180895118,208.83734460613488,204.7214058641688,-0.8663877746569995,-5.276984695034251,2.4818043674657497,0.9441616386175167,-0.31523171067237854,-0.031523171812295914,-1.3444544157874967,-1.3444544157875036,214.3692132900758,214.3692132900758,215.71366770586332,215.16398778392787,-0.79477449385206,-3.268896732563996,3.381493892436004,0.4112869037416687,12.07390287668138,3.8055789127066557,39.75980055347043,27.116918509137538,-0.2873522041133896,0.0,18.26621034638265,0.47686469631122463
baseline,420000,46,Omega_safe_one_step_QP,25.25334205529924,50.13760921637128,-31.509561888555254,0.4729755804680222,0.9604471325874329,False,False,-0.9604471325874329,-0.09604471176862717,-5.76382167535423,-5.763821675354219,210.31553472014,210.31553472014,216.07935639549422,211.7595583524441,-1.444023632304095,-6.001185873970183,1.7576031885298171,0.9604471176862696,-0.22575658559799194,-0.022575659677386284,-1.11319101990477,-1.1131910199047599,216.33248034543126,216.3324803454313,217.44567136533604,216.86185728101322,-0.5293769355819222,-3.44209709851127,3.20829352648873,0.3234048860464228,10.232899914727952,7.291971892119073,42.23290622013429,23.271098951902232,-0.5026619334176381,0.0,31.694597660624822,0.31762616134915334
baseline,420000,47,Omega_safe_one_step_QP,25.283054103663087,50.13931020806865,-7.6414909079348945,0.1193357636616858,0.9386453032493591,False,False,-0.9386453032493591,-0.09386453032493591,-5.091584836612502,-5.091584836612492,205.21988356070162,205.21988356070162,210.31146839731412,205.68401107622776,-0.46412751552614395,-5.424397074152173,2.3343919883478272,0.9386453032493571,-0.15330834686756134,-0.015330835245549679,-0.6820131860475894,-0.6820131860475913,215.61921011961175,215.61921011961175,216.30122330565933,215.66651655117968,-0.04730643156793235,-3.3276522925435996,3.322738332456401,0.20495326016357085,9.186385088998655,6.143631244180207,39.683772691206116,22.716411604512906,-0.11999199917479153,0.0,7.733099048169606,0.028383858940742357
baseline,420000,48,Omega_safe_one_step_QP,25.312847916669377,50.1393547859851,7.776435897029842,-0.12697639020868332,0.9484149217605591,False,False,-0.9484149217605591,-0.09484149515628815,-4.597652724541981,-4.597652724541976,199.94707229850738,199.94707229850738,204.54472502304935,199.76548956606086,0.18158273244651468,-4.847722736725698,2.9110663257743026,0.9484149515628801,-0.023488545790314674,-0.002348854672163725,0.011073936855701336,0.0110739368556911,215.0729362727973,215.0729362727973,215.0618623359416,214.40119235704483,0.6717439157524723,-3.2037161955718263,3.4466744294281737,0.0032129338243091156,7.854577679108331,2.3702189715016537,35.21220387728947,25.738912565432383,0.122935908506977,0.0,-7.496325456086197,-0.4030463494515004
baseline,420000,49,Z_mode_existing_controller,25.331668703872094,50.13974950933706,44.167520333889115,-0.7158381564778944,0.9362794160842896,False,False,-0.9362794160842896,-0.0936279445886612,-3.1022770280913257,-3.102277028091311,197.83259951905723,197.83259951905723,200.93487654714855,196.0992570855242,1.7333424335330392,-3.3134093050110884,3.0501287207005525,0.9362794458866075,-0.009401141665875912,-0.0009401142015121877,-0.14982260656077953,-0.14982260656078508,214.15357084577576,214.15357084577576,214.30339345233654,213.63246539794483,0.5211054478309336,-0.6072241742754312,0.40481612279545515,0.24673360005727796,9.122050810093777,2.4682767191132498,37.1131842873514,26.543643876627797,0.716029356461231,0.0,-44.570886421653086,-0.3126632686985431
baseline,420000,50,Omega_safe_one_step_QP,25.32758193156124,50.140772992796606,1.7308186747332002,-0.027004190283809116,0.9402892589569092,False,False,-0.9402892589569092,-0.09402892738580704,-4.260646239993409,-4.260646239993418,197.11893099011644,197.11893099011644,201.37957723010985,197.20001308394183,-0.08108209382538689,-4.531207957431748,3.227581105068252,0.9402892738580725,-0.005982871633023024,-0.0005982871516607702,0.14383519377698106,0.14383519377699322,214.6086971548826,214.6086971548826,214.4648619611056,213.90370013782254,0.7049970170600659,-3.1440161580882267,3.5063744669117733,0.041021058969687156,11.195574862313373,5.637617359175248,42.886460637035874,27.248547816336785,0.025584274569439458,0.0,-1.3334047390662818,-0.4229982102360168
baseline,420000,51,Omega_safe_one_step_QP,25.318237555348905,50.14312810018846,-0.8975771182304015,0.013684009522087304,0.9407996535301208,False,False,-0.9407996535301208,-0.09407996386289597,-4.443991075820766,-4.443991075820766,198.85982442440718,198.85982442440718,203.30381550022796,199.04722359083718,-0.18739916642999788,-4.723631784443557,3.0351572780564435,0.9407996386289595,-0.005112515762448311,-0.0005112515646032989,0.09735207055485764,0.0973520705548658,215.0982941166965,215.09829411669654,215.00094204614166,214.42762863032954,0.6706654863669996,-3.197624166591832,3.452766458408168,0.02819538237745397,12.183507831371768,5.989078966853077,37.77393437958164,28.24243613332791,-0.01640655066965735,0.0,1.3163829607201478,-0.4023992918201884
baseline,420000,52,Omega_safe_one_step_QP,25.296919600566657,50.14618977559988,-10.699512368782052,0.16446277630652756,0.9502801895141602,False,False,-0.9502801895141602,-0.09502802044153214,-4.89493641184105,-4.894936411841052,202.68301457232258,202.68301457232258,207.57795098416364,203.23659559729646,-0.5535810249738802,-5.151045332837126,2.6077437296628747,0.9502802044153217,-0.37081554532051086,-0.037081554532051086,-1.62532288066547,-1.6253228806654627,214.45430870004134,214.45430870004134,216.0796315807068,215.49335474053183,-1.03904604049049,-3.3054931200483453,3.344897504951655,0.49170360416351166,10.694076351314628,3.778029716701478,40.58552123153401,27.169507297034137,-0.15954482875457288,0.0,10.235629573242477,0.623427624294294
baseline,420000,53,Omega_safe_one_step_QP,25.28217196774048,50.14906807767641,-12.883909393260183,0.1994783948277565,0.944595456123352,False,False,-0.944595456123352,-0.09445954859256744,-5.14703478213972,-5.147034782139724,205.4097639430494,205.4097639430494,210.5567987251891,206.06081951317853,-0.651055570129131,-5.448930106939675,2.309858955560326,0.9445954859256753,-0.389275461435318,-0.03892754763364792,-1.7820502715887052,-1.7820502715887132,215.08915353068568,215.08915353068568,216.87120380227438,216.2576673726787,-1.1685138419930183,-3.384650342205104,3.265740282794896,0.526509414980723,9.61748585945533,4.322904807175763,38.9666668761675,27.25645753092839,-0.1941654278494287,0.0,12.37696651591341,0.7011083051957883
baseline,420000,54,Omega_safe_one_step_QP,25.291036197734392,50.15196902245472,-5.002823547335538,0.0749794113438844,0.9437407851219177,False,False,-0.9437407851219177,-0.09437408298254013,-4.983985167299071,-4.983985167299064,203.89446449764972,203.89446449764972,208.8784496649488,204.20699058085933,-0.3125260832096046,-5.281095200915641,2.47769386158436,0.9437408298253999,-0.38559287786483765,-0.038559287786483765,-1.7466319426963022,-1.746631942696314,214.92281763724074,214.9228176372407,216.66944957993704,216.02475317351116,-1.101935536270446,-3.364474919971368,3.2859157050286325,0.5191395341746753,12.024294436009836,5.84080363053291,33.160571970012086,25.213302113415697,-0.06583476111127595,0.0,4.407496986684237,0.6611613217622789
baseline,420000,55,Omega_safe_one_step_QP,25.272758149373818,50.15357827423876,-12.06648338836112,0.1764997525805239,0.9488127827644348,False,False,-0.9488127827644348,-0.09488128125667572,-5.360456758129603,-5.360456758129592,207.20350349947287,207.20350349947287,212.56396025760247,207.7923713084164,-0.5888678089435189,-5.649646260181009,2.109142802318992,0.948812812566755,-0.42649170756340027,-0.042649172246456146,-2.0106776660407966,-2.010677666040798,215.528465439962,215.528465439962,217.5391431060028,216.87629032374124,-1.3478248837792535,-3.4514442725779437,3.1989463524220567,0.5825612431340194,12.722876668109551,3.5933770987776743,40.38224189523323,26.59492357863787,-0.1779045143802307,0.0,11.435692972474499,0.8086949302675634
baseline,420000,56,Omega_safe_one_step_QP,25.22668783844457,50.15743619273021,-31.822088491485374,0.4595904749120603,0.965215802192688,False,False,-0.965215802192688,-0.09652157872915268,-6.334938591324541,-6.334938591324535,215.36491480018253,215.36491480018253,221.69985339150708,216.7864447298665,-1.4215299296839703,-6.563235573571468,1.1955534889285313,0.965215787291526,-0.2761264145374298,-0.02761264145374298,-1.5548833352037292,-1.5548833352037228,218.1474392675849,218.1474392675849,219.70232260278863,219.0146637532473,-0.8672244856624047,-3.667762222256527,2.982628402743473,0.42393242554505284,11.498611580485449,5.7325905767678895,45.193017979031225,26.286086212676697,-0.5039434569581829,0.0,31.805697257045722,0.5203346913974372
baseline,420000,57,Omega_safe_one_step_QP,25.230208585567457,50.1624110152133,-6.265894439233307,0.09294336622026857,0.8598103523254395,False,False,-0.8598103523254395,-0.08598103374242783,-5.586774672466518,-5.586774672466518,215.45754902618017,215.45754902618017,221.04432369864668,215.84265890776535,-0.3851098815851799,-6.497682604285431,1.2611064582145688,0.859810337424278,-0.25282564759254456,-0.025282565504312515,-1.4271770496784284,-1.4271770496784284,218.41131785602172,218.41131785602172,219.83849490570014,219.10321450371848,-0.6918966476967512,-3.6813794525476804,2.96901117245232,0.3876745301793755,10.054761256369668,3.3921563648246424,41.013939394362886,23.797934019561424,-0.09102216560808785,0.0,5.941778616223019,0.4151379886180564
baseline,420000,58,Omega_safe_one_step_QP,25.233318440224764,50.165029011247626,-14.869041642130469,0.21866912553732498,0.942858099937439,False,False,-0.942858099937439,-0.09428580850362778,-6.0746507300924515,-6.0746507300924595,214.42089634799152,214.42089634799152,220.49554707808397,215.1696065872594,-0.7487102392678935,-6.442804942229159,1.3159841202708407,0.942858085036279,-0.17438451945781708,-0.017438452690839767,-1.1112003037189635,-1.1112003037189555,218.75083005180926,218.75083005180926,219.86203035552822,219.1044927771306,-0.35366272532132825,-3.6837329975304867,2.9666576274695133,0.30165060943990396,10.739059029247443,4.810774798787405,43.96794753374044,29.064186528528737,-0.23378043274973592,0.0,14.890624439687599,0.2121976351927799
baseline,420000,59,Omega_safe_one_step_QP,25.238182863789476,50.17112363809495,-9.51688690143692,0.1399167562307442,0.9505814909934998,False,False,-0.9505814909934998,-0.0950581505894661,-6.035292934970543,-6.03529293497054,213.52274075108355,213.52274075108357,219.5580336860541,214.05522078836927,-0.5324800372856942,-6.3490536030261735,1.4097354594738265,0.9505815058946605,-0.1163463145494461,-0.011634632013738155,-0.8700047908479607,-0.8700047908479662,219.13249937373604,219.13249937373604,220.002504164584,219.21541127758186,-0.08291190384582592,-3.6977803784360654,2.952610246563935,0.23527757243817843,10.993951524525198,2.8154754141203138,42.333446800952615,27.326712443215897,-0.14934223516230816,0.0,9.616481994291462,0.04974714230749555
baseline,420000,60,Omega_safe_one_step_QP,25.21947455691097,50.175963549032105,9.122898482082746,-0.13533912516568272,0.8038051724433899,False,False,-0.8038051724433899,-0.08038052171468735,-5.402612426265829,-5.4026124262658435,217.87784069456492,217.8778406945649,223.28045312083074,217.64041506387113,0.23742563069376388,-6.7212955465038355,1.037493515996164,0.8038052171468756,-0.03236581012606621,-0.0032365811057388783,-0.5284828274073103,-0.5284828274073117,220.5377137359727,220.5377137359727,221.06619656338,220.25634065981203,0.2813730761606621,-3.804149618315665,2.8462410066843353,0.13892272398089958,9.671870816439332,4.4737378387239595,41.909019618009864,24.713299287596996,0.14937551905332924,0.0,-9.103450155440441,-0.1688238456963802
baseline,420000,61,Omega_safe_one_step_QP,25.239846766333674,50.17938361717177,-5.143952477620587,0.0775054328206768,0.950262725353241,False,False,-0.950262725353241,-0.09502627700567245,-6.010029770674905,-6.010029770674899,213.3034453142463,213.30344531424632,219.3134750849212,213.65096498981586,-0.34751967556954355,-6.324597742912884,1.4341913195871165,0.9502627700567237,-0.19136694073677063,-0.019136695191264153,-1.2408380304970368,-1.2408380304970368,219.16514391844905,219.16514391844905,220.40598194894608,219.59128402228924,-0.42614010384019707,-3.738128156872274,2.9122624681277265,0.3319410085542004,9.594652075111707,4.349979597869374,40.1141836742271,21.01378159830477,-0.07553673814435591,0.0,4.9638051534593615,0.25568406230411256
baseline,420000,62,Omega_safe_one_step_QP,25.256054673647338,50.179710828870654,6.137575136272062,-0.0933788055392269,0.9403232336044312,False,False,-0.9403232336044312,-0.09403232485055923,-5.6545871260039124,-5.654587126003902,210.54741358488636,210.54741358488639,216.20200071089027,210.42639819558283,0.12101538930355105,-6.013450305509791,1.7453387569902095,0.9403232485055903,-0.1348148137331009,-0.013481481932103634,-0.9243893865173867,-0.9243893865173846,218.82633802560372,218.82633802560372,219.7507274121211,218.9159331860629,-0.08959516045916871,-3.6726027031897748,2.9777879218102252,0.2516987164755181,9.71658774956454,4.515277883902408,38.565079742478446,27.981481068926804,0.10449705226323402,0.0,-6.29582928480977,0.05375709627548986
baseline,420000,63,Omega_safe_one_step_QP,25.268843894283762,50.18374516553783,10.528618305609598,-0.1601734422216354,0.9533442258834839,False,False,-0.9533442258834839,-0.09533442556858063,-5.496179555083913,-5.496179555083899,208.22289068117294,208.22289068117294,213.71907023625684,207.90921256207665,0.31367811909629495,-5.765157258046447,1.993631804453554,0.9533442556858038,-0.23427462577819824,-0.023427462205290794,-1.3405340683892166,-1.3405340683892204,218.10240031041727,218.10240031041727,219.44293437880648,218.60113591818046,-0.49873560776319437,-3.641823399858314,3.0085672251416864,0.368094199307241,10.269074617714777,2.8373543658440044,36.47946032982743,24.48377012897889,0.18000974684082394,0.0,-11.00786941710794,0.2992413646579166
baseline,420000,64,Omega_safe_one_step_QP,25.255867642022714,50.18531545018478,5.218349965361995,-0.07881507564903195,0.9475806355476379,False,False,-0.9475806355476379,-0.0947580635547638,-5.711563333179259,-5.7115633331792734,210.63115649279138,210.63115649279138,216.34271982597065,210.53725738054789,0.09389911224349134,-6.027522217017827,1.7312668454821731,0.9475806355476402,-0.2297152876853943,-0.02297152951359749,-1.3792618052603927,-1.3792618052603935,218.70495693432017,218.70495693432017,220.08421873958056,219.2411388957617,-0.5361819614415424,-3.705951835935721,2.9444387890642796,0.37217477892886375,10.137002346887112,4.442563955718012,40.621447045253916,22.6995404037823,0.09402753403431774,0.0,-5.634086676261177,0.3217091768649425
baseline,420000,65,Omega_safe_one_step_QP,25.262290210608715,50.18645497396891,10.679983922053907,-0.16302968183456215,0.9345847964286804,False,False,-0.9345847964286804,-0.09345848113298416,-5.521338537476198,-5.521338537476203,209.6241418818041,209.6241418818041,215.1454804192803,209.30771674436465,0.31642513743943823,-5.9077982763487915,1.8509907861512087,0.9345848113298424,-0.14564800262451172,-0.014564800076186657,-0.9829480110512225,-0.9829480110512111,218.90176696794677,218.9017669679468,219.884714978998,219.03441624153308,-0.13264927358628142,-3.686001459877466,2.9643891651225345,0.2666705430669817,9.774214559261553,4.826924430026442,42.61355681985671,26.971092709387477,0.17865010971777195,0.0,-10.938223595922864,0.07958956415177454
baseline,420000,66,Omega_safe_one_step_QP,25.277442551936122,50.19003774447215,16.974927571152875,-0.2548361179300115,0.939694344997406,False,False,-0.939694344997406,-0.0939694344997406,-5.274442721976513,-5.2744427219765,206.92239901315128,206.9223990131513,212.1968417351278,206.36086361528302,0.5615353978682833,-5.612934407933543,2.1458546545664574,0.9396943449974037,-0.13230937719345093,-0.013230937533080578,-0.8849614727852155,-0.8849614727852291,218.566718623164,218.566718623164,219.45168009594923,218.60006574558088,-0.033347122416870434,-3.6426979715725887,3.0076926534274113,0.2429412154648612,11.45268775758052,4.83644967118599,41.02626995903727,22.336156199071418,0.28055171704832915,0.0,-17.27548756165197,0.020008273450116576
baseline,420000,67,Omega_safe_one_step_QP,25.26399900322648,50.190806734821095,9.606783221509431,-0.14030174292587852,0.9371771812438965,False,False,-0.9371771812438965,-0.09371771663427353,-5.515239296330899,-5.5152392963308845,209.40174268752844,209.40174268752844,214.91698198385933,209.1404622805683,0.26128040696013954,-5.884948432806695,1.8738406296933057,0.9371771663427327,-0.18535953760147095,-0.018535954877734184,-1.1770960196531552,-1.1770960196531552,218.89059183265735,218.89059183265735,220.0676878523105,219.22474581929276,-0.33415398663541396,-3.7042987472087154,2.946091877791285,0.3177648726469828,12.529524203789217,5.002857458939068,38.84997917400568,25.284102744004905,0.16414857809783,0.0,-9.971424191588994,0.2004923919812427
baseline,420000,68,Omega_safe_one_step_QP,25.236816802526477,50.1939030559423,-3.6231141565804137,0.05520859481998461,0.9396315813064575,False,False,-0.9396315813064575,-0.09396316111087799,-6.037041653188749,-6.037041653188763,214.27948276815644,214.2794827681564,220.31652442134518,214.55976392972516,-0.2802811615687517,-6.424902676555281,1.3338863859447203,0.9396316111087818,-0.162042498588562,-0.01620425097644329,-1.1988827115034815,-1.1988827115034808,220.19096672388486,220.19096672388486,221.38984943538833,220.54933432932876,-0.35836760544390245,-3.8365149055164993,2.813875719483501,0.3124926504989243,8.743921277357884,4.442087264965528,43.35193709223392,29.098259972172535,-0.05200304309929327,0.0,3.460096636414164,0.21502056326633578
baseline,420000,69,Omega_safe_one_step_QP,25.268900125016287,50.19916933559586,11.759440953857847,-0.17641532414840164,0.9491618275642395,False,False,-0.9491618275642395,-0.09491618722677231,-5.499252826682302,-5.499252826682291,208.50623188229386,208.50623188229386,214.00548470897616,208.14978632433932,0.3564455579545438,-5.793798705318378,1.964990357181623,0.9491618722677213,-0.1457735300064087,-0.014577353373169899,-1.0315634384345969,-1.031563438434587,219.3040690631306,219.30406906313064,220.33563250156521,219.47728343920747,-0.1732143760768281,-3.731093212134188,2.919297412865812,0.27647753078903436,11.092372631957709,4.029571966569294,42.82377270853054,22.468339696133295,0.196965394653553,0.0,-12.06033497415774,0.10392862564609118
baseline,420000,70,Omega_safe_one_step_QP,25.255625109471666,50.20028561630428,5.3737754484272955,-0.08074791970940946,0.9443939328193665,False,False,-0.9443939328193665,-0.09443939477205276,-5.724543375732713,-5.724543375732704,210.9590074594556,210.9590074594556,216.6835508351883,210.85324912355702,0.10575833589857098,-6.061605317939592,1.6971837445604085,0.9443939477205258,-0.21556319296360016,-0.021556319668889046,-1.3982762815593277,-1.398276281559334,219.56452161348815,219.56452161348815,220.9627978950475,220.10743546990088,-0.5429138564127243,-3.793809751482414,2.8565808735175864,0.3685678442396759,10.39133103583837,6.402687547314466,39.059405697090476,27.501460600737737,0.09653475661504984,0.0,-5.796058518890277,0.3257483138476118
baseline,420000,71,Omega_safe_one_step_QP,25.27459844237927,50.20430232558647,13.784962023072694,-0.20684172599278083,0.9501008987426758,False,False,-0.9501008987426758,-0.09501009434461594,-5.406179452261423,-5.406179452261436,207.56242423393223,207.56242423393223,212.96860368619366,207.11798873072445,0.44443550320778513,-5.69011060304013,2.068678459459871,0.9501009434461619,-0.18357349932193756,-0.018357349559664726,-1.2048265346026752,-1.204826534602687,219.18650799011047,219.18650799011047,220.39133452471316,219.53099340369323,-0.34448541358275975,-3.736663414448981,2.9137272105510195,0.3224337867691929,11.318310254118472,4.704486909601417,40.811562309060996,26.28971452316146,0.2315521507560767,0.0,-14.223205421978491,0.2066912481496388
baseline,420000,72,Omega_safe_one_step_QP,25.26237736075257,50.20747600841764,6.01391863574645,-0.09531812710160388,0.9515859484672546,False,False,-0.9515859484672546,-0.09515859931707382,-5.647108550058847,-5.647108550058855,209.76456388958425,209.76456388958425,215.4116724396431,209.60586639774573,0.15869749183852377,-5.934417478385073,1.8243715841149273,0.9515859931707394,-0.30353930592536926,-0.030353931710124016,-1.8034886428199774,-1.8034886428199726,219.28322540265478,219.28322540265478,221.08671404547476,220.23233109024247,-0.9491056875876893,-3.80620136652514,2.8441892584748603,0.47382901458691395,7.491789757740177,4.757103698722563,39.20776838236808,26.287360242868175,0.10974705064693602,0.0,-6.6931290989450645,0.5694634125526079
baseline,420000,73,Omega_safe_one_step_QP,25.311158661144276,50.20967250744954,31.76446061209026,-0.49868396615949456,0.9333889484405518,False,False,-0.9333889484405518,-0.09333889931440353,-4.645608824463386,-4.645608824463372,201.19330094981862,201.19330094981862,205.838909774282,200.0007770479676,1.1925239018510183,-4.977141211848961,2.781647850651039,0.9333889931440327,-0.039485152810811996,-0.0039485152810812,-0.4441487390132875,-0.44414873901327323,218.71541440270664,218.71541440270664,219.15956314171993,218.29656823229044,0.4188461704162023,-3.613486276149657,3.0369043488503435,0.12291419008419067,10.1789551647225,4.385843312362989,38.72550027894458,24.21355159939047,0.5156786250075989,0.0,-32.028831534847995,-0.25130770224970433
baseline,420000,74,Omega_safe_one_step_QP,25.30781501868669,50.210042563802496,26.813845313671663,-0.42309491000805677,0.9270951151847839,False,False,-0.9270951151847839,-0.0927095115184784,-4.6813194037418375,-4.68131940374183,201.88066718923776,201.88066718923776,206.5619865929796,200.88393567682738,0.9967315124103777,-5.049448893718721,2.7093401687812797,0.9270951151847825,-0.026398777961730957,-0.0026398778427392244,-0.39978995126646355,-0.3997899512664639,218.92669617190555,218.92669617190555,219.326486123172,218.48844379431407,0.43825237759148195,-3.6301785742948662,3.020212050705134,0.11012955508507455,9.676286754208034,5.105214705615777,40.406792893866914,21.25801745008247,0.4348050565822632,0.0,-26.98569894369848,-0.2629514265548778
baseline,420000,75,Omega_safe_one_step_QP,25.319482174623563,50.20870702898065,25.92466962870185,-0.41379363468828895,0.9510548114776611,False,False,-0.9510548114776611,-0.09510548412799835,-4.591410570843711,-4.591410570843709,199.7531198232956,199.7531198232956,204.34453039413933,198.78989920187144,0.9632206214241705,-4.827703273834693,2.931085788665307,0.9510548412799831,-0.011798713356256485,-0.0011798713821917772,-0.2891888201078965,-0.28918882010790203,218.47815298159895,218.47815298159895,218.76734180170686,217.9483667068656,0.5297862747333397,-3.5742641421483508,3.0761264828516497,0.08090863142926026,9.46301655796642,3.0554617384071303,42.5480589279884,26.554382140048634,0.4193238040412641,0.0,-26.02612166790368,-0.3178717648400209
baseline,420000,76,Omega_safe_one_step_QP,25.317313006334903,50.21034035755174,23.092889364925213,-0.3627128776839168,0.9445976614952087,False,False,-0.9445976614952087,-0.09445976465940475,-4.605000939819096,-4.60500093981909,200.21342211181172,200.21342211181172,204.81842305163082,199.38077031531913,0.8326517964925984,-4.875092539583844,2.8836965229161566,0.944597646594046,-0.009671106934547424,-0.0009671106818132102,-0.2957585496358786,-0.2957585496358741,218.65802200331242,218.65802200331242,218.9537805529483,218.15289869786332,0.5051233054491036,-3.592908017272495,3.0574826077275055,0.08231731739695218,10.306010250707343,5.170291313583973,43.226149509046316,23.2240266932587,0.37378521562843403,0.0,-23.16360059728413,-0.30307398326945645
baseline,420000,77,Omega_safe_one_step_QP,25.319622954221003,50.210339725836306,20.712221116895307,-0.3223539279016769,0.9525132179260254,False,False,-0.9525132179260254,-0.09525132179260254,-4.606324216627381,-4.606324216627388,199.82086157721582,199.8208615772158,204.4271857938432,199.0939708923774,0.7268906848383949,-4.8359688138050805,2.92282024869492,0.9525132179260268,-0.010116172023117542,-0.001011617248877883,-0.2910651660495117,-0.2910651660495197,218.5704781054853,218.5704781054853,218.86154327153483,218.07712255972382,0.49335554576148866,-3.583684289131148,3.0667063358688527,0.08121953346512215,10.927423369384908,3.498947408865032,42.990638635298566,28.422418022005036,0.3353700280534291,0.0,-20.751577817492944,-0.29601332745690456
baseline,420000,78,Omega_safe_one_step_QP,25.296883894880978,50.21360121650613,7.48210210574598,-0.112338369092398,0.9505355358123779,False,False,-0.9505355358123779,-0.09505355358123779,-5.025181481365429,-5.025181481365439,203.90916114798856,203.90916114798853,208.93434262935398,203.69465680280038,0.21450434518814632,-5.286684497356159,2.4721045651438414,0.9505355358123799,-0.3426435589790344,-0.03426435589790344,-1.8733581318090637,-1.8733581318090757,218.1297819370032,218.12978193700317,220.00314006881226,219.2336255304992,-1.1038435934960376,-3.69784396885889,2.9525466561411102,0.5066082148369205,12.064485109090358,4.705872015069327,36.65566590655719,23.65634141303036,0.13633878086614004,0.0,-8.280747042709663,0.6623061560976282
baseline,420000,79,Omega_safe_one_step_QP,25.268017101502945,50.2144506893796,-3.506073994909457,0.05354482892112563,0.9310485124588013,False,False,-0.9310485124588013,-0.09310485422611237,-5.456790642872009,-5.456790642871995,209.21979553176138,209.2197955317614,214.6765861746334,209.45581237959433,-0.23601684783292853,-5.860908851884103,1.897880210615898,0.931048542261121,-0.31795236468315125,-0.031795237213373184,-1.874566906080654,-1.8745669060806585,219.39533061477513,219.39533061477513,221.26989752085578,220.5014690090076,-1.1061383942324596,-3.8245197140632445,2.825870910936756,0.4901443962199065,9.734217638360237,6.170253826740302,44.63520958431156,26.173991001645447,-0.04293326854411994,0.0,2.8853242269142356,0.663683036539453
baseline,420000,80,Omega_safe_one_step_QP,25.294989854259363,50.2175790684427,9.244039952073763,-0.14146888814280847,0.9410163164138794,False,False,-0.9410163164138794,-0.09410163015127182,-5.017044508828813,-5.017044508828807,204.36562421003367,204.36562421003367,209.38266871886248,204.08972229572925,0.275901914304427,-5.33151710630701,2.4272719561929903,0.9410163015127172,-0.16217300295829773,-0.016217300668358803,-1.0986078738730378,-1.0986078738730425,219.2119677261297,219.2119677261297,220.31057560000275,219.528091228461,-0.31612350233129405,-3.728587521977939,2.921803103022061,0.2946445181713888,10.791867555154974,3.605796942980784,37.51892301686005,24.112497099042514,0.15682836543764722,0.0,-9.590542418910445,0.18967410139879348
baseline,420000,81,Omega_safe_one_step_QP,25.27698624440291,50.21846309094208,1.5277372120117434,-0.022649155282555393,0.9322435259819031,False,False,-0.9322435259819031,-0.09322435408830643,-5.305672463164301,-5.305672463164293,207.67476940180458,207.6747694018046,212.9804418649689,207.7086011578088,-0.03383175600419008,-5.691294420917652,2.0674946415823476,0.9322435408830629,-0.24535474181175232,-0.02453547529876232,-1.5394504679054004,-1.5394504679054086,219.58193672245412,219.58193672245412,221.1213871903595,220.34119139851242,-0.7592546760583048,-3.8096686810136178,2.8407219439863822,0.4040903807666066,11.941090688604605,3.776276869335847,44.67239645938966,26.194095832274375,0.036147019611661335,0.0,-2.0194370372591948,0.45555280563499423
baseline,420000,82,Omega_safe_one_step_QP,25.247690962559822,50.222121381314636,-12.827794658853236,0.19028649007910792,0.9465069770812988,False,False,-0.9465069770812988,-0.09465070068836212,-5.934870152920984,-5.934870152920976,212.83549298362016,212.83549298362016,218.77036313654114,213.4757585369506,-0.6402655533304369,-6.270286548074876,1.4885025144251247,0.94650700688362,-0.12000445276498795,-0.012000445276498795,-1.1267709165721735,-1.126770916572182,221.43319502581178,221.43319502581178,222.55996594238397,221.7748443742265,-0.3416493484147054,-3.9535265562160617,2.6968640687839383,0.28500400858584835,10.594250219956594,6.520364617297658,33.75508741448474,24.995715360708033,-0.201563618582977,0.0,12.824368668387251,0.20498960904882324
baseline,420000,83,Omega_safe_one_step_QP,25.264176704890083,50.22449306578018,0.07940636451621685,-0.0012562719200320328,0.9294314980506897,False,False,-0.9294314980506897,-0.09294315427541733,-5.528404183910974,-5.528404183910984,210.0206575204688,210.02065752046877,215.54906170437977,210.1252533156739,-0.10459579520511397,-5.948156404858738,1.8106326576412621,0.929431542754175,-0.1257140338420868,-0.012571403756737709,-1.0893064731331836,-1.089306473133196,220.91064646209338,220.91064646209335,221.99995293522656,221.19342768365493,-0.2827812215615779,-3.89752525550032,2.7528653694996805,0.27948670033527806,7.4863832487783135,2.865569257023778,37.37794384068003,26.479282637373345,0.006528470331604197,0.0,-0.2556035677844193,0.1696687329369695
baseline,420000,84,Omega_safe_one_step_QP,25.300867908873272,50.22668169876688,15.868885829519968,-0.25372920976129665,0.939120352268219,False,False,-0.939120352268219,-0.0939120352268219,-4.909531931565263,-4.909531931565265,203.43595032659965,203.43595032659965,208.3454822581649,202.86102880333127,0.5749215232683866,-5.2277984602372545,2.5309906022627464,0.9391203522682193,-0.13803167641162872,-0.013803168199956417,-1.0160095714757642,-1.0160095714757753,219.56289516155522,219.56289516155522,220.57890473303098,219.76073447037948,-0.19783930882425693,-3.7554204352807643,2.894970189719236,0.27054482686698594,8.46570194496423,7.003999930502822,43.30246335887492,27.29827775155959,0.2625108384796597,0.0,-16.250100253293567,0.11870358529455416
baseline,420000,85,Z_mode_existing_controller,25.34658280960239,50.229031789493746,57.09692695805643,-0.9393299141226112,0.9456525444984436,False,False,-0.9456525444984436,-0.0945652574300766,-3.1085932086333985,-3.1085932086333883,196.25134781915986,196.2513478191599,199.35994102779327,193.9303424619393,2.3210053572205993,-3.287246598923451,3.0762914267881905,0.9456525743007628,-0.00744134234264493,-0.0007441342459060252,-0.1392916439547552,-0.1392916439547514,218.6472913101535,218.6472913101535,218.78658295410824,217.97544482094077,0.6718464892127258,-0.6072241742754312,0.40481612279545515,0.22939080796801417,8.782975122532225,4.756292452598798,36.52999447539562,29.080299591871118,0.9238131305106947,0.0,-57.61763219503973,-0.40310789352761844
baseline,420000,86,Z_mode_existing_controller,25.363461326213002,50.23099932448844,43.23286559319786,-0.6822656601833591,0.9124017953872681,False,False,-0.9124017953872681,-0.09124018251895905,-3.003260833761998,-3.0032608337619995,192.60646687098858,192.60646687098858,195.60972770475058,190.97010225806255,1.6363646129260303,-3.2915988886124197,3.0719391370992217,0.9124018251895906,0.006947576999664307,0.0006947577348910272,-0.05164317927739276,-0.051643179277382004,218.05662226389973,218.05662226389973,218.10826544317712,217.42895297468405,0.6276692892156746,-0.6072241742754312,0.40481612279545515,0.08504796328144397,12.021820194084075,5.017306260352669,38.59858663568572,26.736765379594985,0.6998648043998799,0.0,-43.556128824068765,-0.37660157352939905
baseline,420000,87,Omega_safe_one_step_QP,25.32945293815601,50.231972009791534,-4.595810441118374,0.0751980842916393,0.9283433556556702,False,False,-0.9283433556556702,-0.09283433854579926,-4.257257079332513,-4.257257079332511,197.66888669836035,197.66888669836035,201.92614377769286,197.97892688429147,-0.3100401859311148,-4.585864612190049,3.1729244503099516,0.928343385457992,-0.0043486361391842365,-0.00043486361391842365,-0.32056728762348413,-0.32056728762348935,219.20151464780443,219.20151464780443,219.5220819354279,218.95981208370483,0.24170256409959734,-3.6497381555204567,3.000652469479544,0.08783295512271512,8.190339624052426,5.431837305872604,40.46027842649908,25.752949871609705,-0.07455810619998227,0.0,4.815390085777835,-0.1450215384597584
baseline,420000,88,Z_mode_existing_controller,25.362716057528115,50.232225796476456,25.91169574045216,-0.435536288719619,0.9226104021072388,False,False,-0.9226104021072388,-0.09226103872060776,-3.039962089643477,-3.0399620896434887,192.3942004000371,192.39420040003708,195.43416248968057,191.38632857913356,1.0078718209035173,-3.2949575810102614,3.0685804447013796,0.9226103872060808,0.0028353442903608084,0.00028353443485684693,-0.07676380516509346,-0.07676380516509519,218.06455433886865,218.06455433886865,218.14131814403373,217.5620910841362,0.5024632547324472,-0.6072241742754312,0.40481612279545515,0.12641757100117665,8.107642308012451,4.116028419514622,39.19799896110087,27.27608679359829,0.41845904957633895,0.0,-26.028676837189778,-0.30147795283946266
baseline,420000,89,Z_mode_existing_controller,25.383756524073505,50.232505371732195,18.838308356125708,-0.31714202655727897,0.8491569757461548,False,False,-0.8491569757461548,-0.08491569757461548,-2.80141129072775,-2.8014112907277586,188.1057994720308,188.10579947203078,190.90721076275855,187.41029052707884,0.6955089449519392,-3.2990499645441282,3.064488061167513,0.8491569757461571,-0.009443587623536587,-0.0009443587623536587,-0.14125408776025014,-0.14125408776026088,217.05801159122043,217.0580115912204,217.19926567898068,216.71339374102888,0.3446178501915256,-0.6072241742754312,0.40481612279545515,0.23262263550164483,8.957029051580463,5.534591126753814,43.776940004790426,26.91001999098975,0.30528312991822304,0.0,-18.936820775928027,-0.20677071011493808
baseline,420000,90,Omega_safe_one_step_QP,25.39958020540205,50.23244510086123,11.33000517637538,-0.1945915947950894,0.8430261015892029,False,False,-0.8430261015892029,-0.08430261164903641,-2.646036845534501,-2.646036845534501,184.80882584884438,184.80882584884438,187.45486269437887,184.42463133300538,0.384194515838999,-3.13873650385865,4.62005255864135,0.8430261164903643,-0.04859013855457306,-0.004859013948589563,-0.23134449385301234,-0.2313444938530181,216.2340997831554,216.2340997831554,216.4654442770084,216.0591432277757,0.1749565553796799,-3.344074389678505,3.306316235321495,0.06918042689692058,8.46437653642818,4.39283494002233,36.24220264804246,23.822797098522575,0.18478406329555597,0.0,-11.409815306444216,-0.10497393322779658
baseline,420000,91,Omega_safe_one_step_QP,25.409698993675555,50.22940308665309,21.38039864736311,-0.34494235659573064,0.7693014740943909,False,False,-0.7693014740943909,-0.07693015038967133,-2.2701590697275345,-2.2701590697275313,183.30669295790196,183.30669295790196,185.57685202762949,182.54684722501574,0.7598457328862196,-2.9509354371837113,4.807853625316289,0.7693015038967123,-0.08641938865184784,-0.008641938678920269,-0.3526504405261748,-0.3526504405261787,215.52756535507638,215.52756535507635,215.88021579560254,215.47269594447565,0.05486941060070194,-3.2855515415379175,3.3648390834620825,0.10733371127123098,12.753889227658801,4.331760200025909,40.95337560904283,26.511428251838417,0.3503778648268323,0.0,-21.697854865829868,-0.032921646360421164
baseline,420000,92,Z_mode_existing_controller,25.350043402082218,50.229162016057366,-0.836170347613006,0.0132582047160365,0.9309924244880676,False,False,-0.9309924244880676,-0.09309924393892288,-3.0731554767137728,-3.0731554767137688,194.3462248551445,194.3462248551445,197.41938033185826,194.4837747442976,-0.1375498891530924,-3.300945686229092,3.062592339482549,0.9309924393892273,-0.010374965146183968,-0.0010374964913353324,-0.1549917252547245,-0.1549917252547245,218.23160173359128,218.23160173359128,218.386593458846,217.9937682372583,0.2378334963329678,-0.6072241742754312,0.40481612279545515,0.2552463024708593,10.890487493442851,6.46936822614716,41.41646454895984,25.088827805130705,-0.012868682098503115,0.0,0.991739127512119,-0.142700097799775
baseline,420000,93,Z_mode_existing_controller,25.3494964050541,50.229355838934,-10.917724269688733,0.17552482735785,0.9436278939247131,False,False,-0.9436278939247131,-0.0943627879023552,-3.1186656544172218,-3.1186656544172235,194.03636010151803,194.03636010151803,197.15502575593524,194.59780555930146,-0.5614454577834351,-3.3049740514707535,3.058563974240888,0.9436278790235523,-0.004995746072381735,-0.00049957464216277,-0.12476161413219333,-0.12476161413218362,218.22496774104792,218.22496774104792,218.3497293551801,218.023590089769,0.20137765127893203,-0.6072241742754312,0.40481612279545515,0.20546219899933188,9.997847545845326,4.031228920863612,35.427932416730634,25.524742814169777,-0.17652579404227708,0.0,11.215076654498262,-0.1208265907673649
baseline,420000,94,Z_mode_existing_controller,25.338860436855096,50.229058137672894,-18.3152335766772,0.29658725338733627,0.947838544845581,False,False,-0.947838544845581,-0.09478385746479034,-3.1363933270972693,-3.1363933270972755,195.7496324527799,195.7496324527799,198.88602577987717,196.6340133906956,-0.8843809379156937,-3.308995235040266,3.054542790671375,0.9478385746479051,-0.0016578532522544265,-0.0001657853281358257,-0.10563598473931138,-0.10563598473930548,218.60520137880522,218.60520137880522,218.71083736354453,218.4395297761702,0.16567160263502956,-0.6072241742754312,0.40481612279545515,0.17396538085025248,9.113072835821704,6.561613488270703,40.83740835709728,26.936478737983553,-0.29656682908739995,0.0,18.71120336734475,-0.09940296158103479
baseline,420000,95,Z_mode_existing_controller,25.36532261700597,50.23003296943584,-23.750565022087358,0.38162468271079836,0.934529185295105,False,False,-0.934529185295105,-0.09345292299985886,-3.096062920248713,-3.09606292024872,190.19724437504698,190.19724437504698,193.2933072952957,191.28594326615308,-1.0886988911061053,-3.31296531008815,3.0505727156234914,0.9345292299985904,0.0008172651869244874,8.172651723725721e-05,-0.08979097488998264,-0.0897909748899724,217.49096282677777,217.49096282677777,217.58075380166775,217.35425592595092,0.13670690082685155,-0.6072241742754312,0.40481612279545515,0.14787121246797408,10.825762560272192,3.592556022498277,40.10981562596741,22.874974807966222,-0.3840361903110825,0.0,24.21662535289488,-0.08202414049611662
baseline,420000,96,Z_mode_existing_controller,25.33579391220037,50.228111635361884,-28.937697839938664,0.45599061361604937,0.937317967414856,False,False,-0.937317967414856,-0.09373179823160172,-3.1088899634053466,-3.1088899634053604,195.67674273140605,195.67674273140605,198.7856326948114,196.98415280783365,-1.307410076427601,-3.316793256994384,3.0467447687172573,0.9373179823160211,-0.005447108298540115,-0.0005447108414955437,-0.12676688812838233,-0.12676688812838616,218.52451919865052,218.52451919865052,218.6512860867789,218.4638318943384,0.060687304312125434,-0.6072241742754312,0.40481612279545515,0.20876456092949602,10.66207231716275,4.304433449166889,38.607153136355436,21.80406779843617,-0.4675380908380653,0.0,29.441648313364567,-0.03641238258728663
baseline,420000,97,Omega_safe_one_step_QP,25.319309174365575,50.22624276477507,-63.095441760763606,0.9697748969580293,0.9467493295669556,False,False,-0.9467493295669556,-0.09467493742704391,-4.321291710046466,-4.321291710046474,197.38966584638152,197.38966584638152,201.71095755642799,200.07385225438549,-2.684186408003967,-4.564345990063562,3.194443072436439,0.9467493742704409,-0.07027778774499893,-0.007027778774499893,-0.586110037916077,-0.5861100379160673,218.5902219341409,218.59022193414094,219.176331972057,219.02114319651957,-0.43092126237863226,-3.6151631591833664,3.035227465816634,0.1621254732105824,11.488068395943614,5.523563453621791,45.16009644343741,23.795290422540106,-1.0172572084116815,0.0,63.85414621174823,0.2585527574271964
baseline,420000,98,Omega_safe_one_step_QP,25.30552293599151,50.2266544532959,-54.38947102847942,0.8404488685810315,0.9284179210662842,False,False,-0.9284179210662842,-0.09284179657697678,-4.5000077500648565,-4.500007750064867,200.03712229089814,200.03712229089814,204.537130040963,202.37934947208097,-2.3422271811828352,-4.846963238517063,2.9118258239829378,0.9284179657697699,-0.27625057101249695,-0.027625057846307755,-1.551273846345521,-1.551273846345517,218.24201785713842,218.24201785713842,219.79329170348393,219.55433884040139,-1.312320983262964,-3.676859132326059,2.9735314926739416,0.42190189792888483,10.613652811314534,5.733194591342347,40.17486343475592,26.112106515555777,-0.8673565079894452,0.0,54.46943494651077,0.7873925899577898
baseline,420000,99,Omega_safe_one_step_QP,25.306741274127184,50.228224013406965,-44.04774002070553,0.6987318883433175,0.9478415250778198,False,False,-0.9478415250778198,-0.09478415548801422,-4.580152053839169,-4.580152053839159,199.80926217395185,199.80926217395185,204.389414227791,201.7718886334583,-1.9626264595064526,-4.832191657199863,2.926597405300137,0.94784155488014,-0.27256956696510315,-0.027256956323981285,-1.5463756468329057,-1.546375646832895,218.29535614676928,218.29535614676928,219.84173179360218,219.52701659876976,-1.231660452000483,-3.6817031413378825,2.9686874836621175,0.4200163857510148,9.155820371003962,3.9310367198823606,36.73752965097503,22.860334468186807,-0.7005047538834344,0.0,44.009248503389244,0.7389962712002784
baseline,420000,100,Omega_safe_one_step_QP,25.314440095906406,50.22712491719928,-33.239495887953126,0.5026699879326759,0.9525561928749084,False,False,-0.9525561928749084,-0.09525562077760696,-4.46994615422775,-4.469946154227753,198.52335092146154,198.52335092146154,202.9932970756893,199.97972048300701,-1.456369561545472,-4.692579941989692,3.066209120510308,0.9525562077760704,-0.05495498329401016,-0.005495498422533274,-0.5478489473956228,-0.5478489473956093,218.9223260562919,218.92232605629192,219.47017500368753,219.0892615065187,-0.1669354502267879,-3.6445474623464182,3.0058431626535818,0.150320157181571,12.518386363758133,6.028058768687229,40.792428083404864,27.01670432790379,-0.5340467036658865,0.0,33.67338132148325,0.10016127013608411
baseline,420000,101,Omega_safe_one_step_QP,25.289511794919303,50.229584644722145,-33.889543931270964,0.5296511159472478,0.9327788949012756,False,False,-0.9327788949012756,-0.09327789396047592,-4.842767574451816,-4.84276757445182,203.142364247736,203.142364247736,207.9851318221878,204.66912370439118,-1.526759456655185,-5.191763416639543,2.5670256458604563,0.9327789396047601,-0.30704909563064575,-0.030704909935593605,-1.7709176050692845,-1.7709176050692907,218.8967724022778,218.8967724022778,220.6676900073471,220.2383345415642,-1.3415621392863954,-3.764298962712375,2.8860916622876256,0.4704508389507011,9.41168068913997,5.362366255618176,42.61366020583631,23.621771250457794,-0.5341603761733147,0.0,33.61876702387235,0.8049372835718316
baseline,420000,102,Omega_safe_one_step_QP,25.30903424079641,50.22994477371827,-19.701610668307694,0.3013233356170677,0.9465601444244385,False,False,-0.9465601444244385,-0.09465601295232773,-4.559494384836086,-4.559494384836095,199.6770972632462,199.6770972632462,204.23659164808228,200.59902080103595,-0.9219235377897519,-4.816909399228991,2.941879663271009,0.9465601295232793,-0.11031747609376907,-0.011031747795641422,-0.8299684993671514,-0.8299684993671609,219.0477834247755,219.04778342477547,219.87775192414264,219.39384813035613,-0.34606470558065894,-3.685305154391929,2.9650854706080714,0.22521025114516052,11.652733636349627,4.854635784065705,36.53606153405965,29.13070028438178,-0.31251298745545597,0.0,19.806484832415663,0.20763882334838968
baseline,420000,103,Omega_safe_one_step_QP,25.284408576536425,50.23324067339341,-26.4318056658376,0.40205516399496627,0.9470919370651245,False,False,-0.9470919370651245,-0.09470919519662857,-5.027840589287186,-5.027840589287175,204.12680007145562,204.12680007145565,209.1546406607428,205.30724582625916,-1.1804457548035145,-5.308714300495045,2.450074762004956,0.9470919519662834,-0.38026779890060425,-0.038026779890060425,-2.143501379014074,-2.143501379014085,218.964239979212,218.964239979212,221.1077413582261,220.58949553138538,-1.6252555521733711,-3.8083040978002747,2.8420865271997253,0.562849321894278,10.898382086469804,4.668113734466848,37.022156163435085,25.884737943326506,-0.4095948203102431,0.0,25.86624715484413,0.9751533313040284
baseline,420000,104,Omega_safe_one_step_QP,25.273851956582558,50.235141829244874,-24.5863220951951,0.3759153144853951,0.9462176561355591,False,False,-0.9462176561355591,-0.09462177008390427,-5.22747288668567,-5.227472886685663,206.08600972637709,206.08600972637709,211.31348261306275,207.21201136442593,-1.126001638048848,-5.524598495727037,2.234190566772963,0.9462177008390412,-0.3062968850135803,-0.030629688873887062,-1.8681620229752747,-1.8681620229752818,219.8001265252809,219.8001265252809,221.66828854825616,221.1064383843167,-1.3063118590358158,-3.8643588168032816,2.7860318081967184,0.4834338920216223,10.162446804754147,5.934477903955411,39.044707900613936,24.298255993451928,-0.3829341868090381,0.0,24.18546916658306,0.7837871154214895
baseline,420000,105,Omega_safe_one_step_QP,25.287989080496008,50.23632211009016,-11.39175698787676,0.17607044171180095,0.9395785331726074,False,False,-0.9395785331726074,-0.09395785629749298,-4.936846876666026,-4.936846876666033,203.67385547969752,203.67385547969752,208.61070235636356,204.26245544238733,-0.5885999626898126,-5.254320470057118,2.5044685924428824,0.9395785629749314,-0.1986040323972702,-0.01986040361225605,-1.3383336165987498,-1.338333616598749,219.81075973943894,219.81075973943894,221.1490933560377,220.54494301117688,-0.7341832717379475,-3.812439297581434,2.8379513274185664,0.3510439149674519,10.170917357967737,5.330460544786413,38.90426260461882,26.501757656224985,-0.17412015961087235,0.0,11.125367184444258,0.44050996304275714
baseline,420000,106,Omega_safe_one_step_QP,25.29483409681234,50.23843658502441,-6.133123428240651,0.09572937213531164,0.9491229057312012,False,False,-0.9491229057312012,-0.09491229057312012,-4.865677014940337,-4.8656770149403465,202.46680419102606,202.46680419102603,207.3324812059664,202.8273866369496,-0.36058244592356914,-5.126498355017399,2.6322907074826007,0.9491229057312031,-0.2888300120830536,-0.02888300083577633,-1.7277147525817624,-1.7277147525817687,219.26023409715594,219.26023409715594,220.9879488497377,220.3566354214774,-1.096401324321448,-3.7963248469514363,2.854065778048564,0.4551019267935345,9.91212727703872,6.997048217702059,39.83605419331941,28.28418373192985,-0.08524460895069197,0.0,5.560527242598255,0.6578407945928859
baseline,420000,107,Omega_safe_one_step_QP,25.318693136865942,50.24143933916297,9.387084368327123,-0.14939528085636125,0.9359988570213318,False,False,-0.9359988570213318,-0.09359988570213318,-4.363649968552521,-4.363649968552531,198.32409658838858,198.32409658838858,202.6877465569411,198.06342639488258,0.2606701935060016,-4.662024890114874,3.0967641723851265,0.9359988570213338,-0.01852649822831154,-0.0018526498461142182,-0.44551802103127214,-0.44551802103126525,219.71339506729632,219.71339506729632,220.15891308832758,219.50577957317364,0.20761549412267755,-3.7134212708104233,2.936969354189577,0.11997508188292212,9.825767269383547,4.391231765349193,42.9049071094359,23.957686511335755,0.1541320188259121,0.0,-9.416647090679362,-0.12456929647359516
baseline,420000,108,Omega_safe_one_step_QP,25.320175646296583,50.2413472983733,9.17636164886153,-0.14540768906117216,0.9460827112197876,False,False,-0.9460827112197876,-0.09460826963186264,-4.391835373731881,-4.391835373731877,198.096925357913,198.096925357913,202.48876073164487,197.8469894164215,0.24993594149148635,-4.64212630758525,3.116662754914751,0.9460826963186252,-0.011663718149065971,-0.0011663718614727259,-0.4135791434408856,-0.41357914344088764,219.6879720678388,219.6879720678388,220.1015512112797,219.44456508242584,0.24340698541297456,-3.707685083105635,2.942705541894365,0.11154645935961342,10.136913550911164,4.812564518602141,41.31296701683765,23.2562778022152,0.15044587558110223,0.0,-9.1807633331955,-0.1460441912477961
baseline,420000,109,Omega_safe_one_step_QP,25.319470715672352,50.24076821863166,9.920516704538386,-0.1565092177342354,0.9378707408905029,False,False,-0.9378707408905029,-0.09378707408905029,-4.3758566153539,-4.375856615353899,198.34899396307097,198.34899396307097,202.72485057842488,198.06832859462628,0.28066536844468715,-4.665735292263249,3.093053770236751,0.9378707408905026,-0.012632595375180244,-0.0012632595608010888,-0.4154493089548725,-0.4154493089548662,219.6937313916433,219.6937313916433,220.10918070059816,219.44900423335355,0.24472715828974856,-3.7084480320374813,2.9419425929625187,0.11202780930615108,10.358703015805828,6.416542198080865,40.934438655993695,24.71856162411189,0.16257216755234438,0.0,-9.936252577117557,-0.14683629497383777
baseline,420000,110,Z_mode_existing_controller,25.329190752099997,50.24114906930308,40.48497693340596,-0.6448812659266849,0.9389621019363403,False,False,-0.9389621019363403,-0.09389621019363403,-3.1045919431303046,-3.104591943130308,197.7880570347355,197.7880570347355,200.8926489778658,196.22970736524462,1.558349669490866,-3.3064081465353854,3.0571298791762556,0.9389621019363414,-0.010926195420324802,-0.0010926196118816733,-0.15902713382874092,-0.15902713382872774,219.57128804169488,219.5712880416949,219.73031517552363,219.06836714172542,0.5029208999694958,-0.6072241742754312,0.40481612279545515,0.26189196768802314,10.193301747890589,4.401897833640728,40.09833153707208,23.867987169079715,0.6564457220079696,0.0,-40.839670115431545,-0.3017525399816918
baseline,420000,111,Omega_safe_one_step_QP,25.323369864158085,50.24081483085064,-3.9404696731771764,0.05878472221797564,0.9411654472351074,False,False,-0.9411654472351074,-0.09411654621362686,-4.29275597260402,-4.292755972604019,197.38580738103357,197.38580738103357,201.6785633536376,197.66856638580646,-0.28275900477288474,-4.5611065697845214,3.197682492715479,0.9411654621362684,-0.007396352477371693,-0.0007396352593787014,-0.3726145727174987,-0.3726145727174862,219.5146915090842,219.51469150908423,219.8873060818017,219.3353294745273,0.1793620345569309,-3.6862605701578364,2.9641300548421636,0.1010819950531961,13.930194673618798,4.354705659927922,36.01667294223433,24.079538534011288,-0.06083671848331562,0.0,4.108923612394392,-0.1076172207341699
baseline,420000,112,Omega_safe_one_step_QP,25.254935172305853,50.24118663511039,-35.48135076176732,0.5414017255146036,0.9591387510299683,False,False,-0.9591387510299683,-0.09591387957334518,-5.677296651986474,-5.6772966519864685,209.58180786238424,209.58180786238424,215.2591045143707,211.16857182702987,-1.5867639646456269,-5.9191606858578325,1.8396283766421673,0.9591387957334508,-0.3761422336101532,-0.03761422261595726,-2.293308795372907,-2.2933087953729134,220.5063523823981,220.50635238239806,222.799661177771,222.2354886597701,-1.7291362773720493,-3.977496079754763,2.6728945452452373,0.5765709756561997,9.409797566306306,4.716596173843947,40.746868121078705,23.83181274914349,-0.5561815152563163,0.0,35.000050510599976,1.0374817664232125
baseline,420000,113,Omega_safe_one_step_QP,25.273951557644445,50.242514139155155,-11.593330401533422,0.18160415647787498,0.905265748500824,False,False,-0.905265748500824,-0.09052657335996628,-5.025953262396906,-5.0259532623969205,206.56063758177788,206.56063758177788,211.5865908441748,207.1765392285266,-0.6159016467487106,-5.551909318838242,2.2068797436617578,0.9052657335996654,-0.09730388969182968,-0.009730389341711998,-0.9569481284871805,-0.9569481284871797,221.12509682453378,221.12509682453378,222.08204495302095,221.4632579977582,-0.33816117322442096,-3.9057344572797614,2.7446561677202386,0.24501105719144772,8.718481011696882,5.891956508919494,36.797630310217315,24.198465143705494,-0.18187049971622082,0.0,11.572304197314224,0.2028967039346412
baseline,420000,114,Omega_safe_one_step_QP,25.30846146558518,50.243081485741335,1.0148926314586788,-0.0156137386766116,0.9549516439437866,False,False,-0.9549516439437866,-0.09549516439437866,-4.660096306187852,-4.660096306187849,200.2066922429366,200.2066922429366,204.86678854912446,200.2914458285625,-0.08475358562589008,-4.879929089333208,2.878859973166792,0.9549516439437858,-0.05508895590901375,-0.005508895497769117,-0.6637792958952026,-0.6637792958952067,220.00615686476672,220.00615686476672,220.66993616066193,220.02275688108446,-0.016600016317738664,-3.764523578043858,2.8858670469561423,0.1763249139324353,11.363013836735453,3.4423039930146766,38.9463434617476,21.83543386656615,0.020787968533053203,0.0,-1.0456406097828221,0.00996000979063183
baseline,420000,115,Omega_safe_one_step_QP,25.27648308509757,50.242142661272126,-11.825949492082145,0.19167578214451278,0.9519594311714172,False,False,-0.9519594311714172,-0.0951959416270256,-5.255074180854738,-5.255074180854725,206.01513580740175,206.01513580740175,211.27020998825648,206.63602199168804,-0.6208861842862916,-5.52027123324641,2.2385178292535906,0.9519594162702536,-0.2892877459526062,-0.02892877534031868,-1.8249692610792048,-1.8249692610792172,220.14924735838213,220.14924735838213,221.97421661946134,221.3170108640612,-1.167763505679062,-3.8949516239237996,2.755439001076201,0.468547349823239,6.848323090547818,5.165150825635794,38.2885510937926,24.017520097827035,-0.17823341731382847,0.0,11.303524805988673,0.7006581034074486
baseline,420000,116,Z_mode_existing_controller,25.334372454064482,50.242089869343474,45.630223917452895,-0.7203740649304979,0.9260605573654175,False,False,-0.9260605573654175,-0.0926060602068901,-3.061096091129333,-3.061096091129345,196.88399491116303,196.88399491116303,199.94509100229237,195.13792063944888,1.74607427171415,-3.3055029922346066,3.0580350334770343,0.9260606020689044,0.0033920686691999435,0.00033920686109922826,-0.07385195847907436,-0.07385195847906742,219.46910765821198,219.469107658212,219.54295961669106,218.85415890375975,0.6149487544522572,-0.6072241742754312,0.40481612279545515,0.12162223048380953,10.990349691075545,4.329173845316833,35.84193368103209,30.42154977087567,0.7392296915997498,0.0,-46.000484356381094,-0.3689692526713486
baseline,420000,117,Omega_safe_one_step_QP,25.312598145635715,50.2454500685664,-6.3113723210726675,0.10468330614625947,0.9470240473747253,False,False,-0.9470240473747253,-0.09470240771770477,-4.523874979748581,-4.523874979748572,199.3129992819021,199.3129992819021,203.83687426165068,199.719335028108,-0.4063357462058832,-4.776937660585831,2.98185140191417,0.9470240771770457,-0.00850981380790472,-0.0008509813924320042,-0.44485974891282154,-0.4448597489128091,220.1308469788843,220.1308469788843,220.57570672779713,220.00285626735925,0.12799071152505803,-3.7551006347573774,2.8952899902426235,0.11846812966746287,7.018940244773355,5.527556374950801,38.39004622084551,26.723996707437408,-0.10128539173716433,0.0,6.489452139725472,-0.07679442691502913
baseline,420000,118,Z_mode_existing_controller,25.364833232204244,50.24606086477409,34.87007333283145,-0.5753524459251685,0.8828516602516174,False,False,-0.8828516602516174,-0.0882851704955101,-2.9208629856581205,-2.9208629856581143,190.70311273821153,190.70311273821153,193.62397572386965,189.3630128584374,1.3400998797741295,-3.3084412356735116,3.0550967900381294,0.882851704955099,-0.012583707459270954,-0.0012583708157762885,-0.16305744216813245,-0.16305744216813417,218.25691377393312,218.25691377393312,218.41997121610126,217.82229048434783,0.4346232895852893,-0.6072241742754312,0.40481612279545515,0.2685292336437397,9.683939855613387,5.731205031033267,34.19050579739401,24.972802919515402,0.5656344861174425,0.0,-35.1749338451973,-0.26077397375118494
baseline,420000,119,Z_mode_existing_controller,25.36983642008976,50.24470985865818,23.028153799858046,-0.38674850938354294,0.8496690988540649,False,False,-0.8496690988540649,-0.08496691286563873,-2.8141851214646794,-2.8141851214646874,189.50385815282343,189.50385815282343,192.3180432742881,188.6412724961288,0.8625856566946197,-3.312095292805157,3.051442732906484,0.8496691286563897,-0.03602561727166176,-0.0036025617737323046,-0.29701063629969937,-0.29701063629969626,217.77353449134034,217.77353449134034,218.07054512764003,217.57138422287957,0.20215026846076967,-0.6072241742754312,0.40481612279545515,0.489128478216638,8.819837656145072,6.4097853421934445,44.90747692608882,25.03629572959561,0.37515525664344374,0.0,-23.282018895425608,-0.12129016107647317
baseline,420000,120,Omega_safe_one_step_QP,25.395646039924742,50.243744760643224,16.024025786171478,-0.2686314821700469,0.8593249917030334,False,False,-0.8593249917030334,-0.08593250066041946,-2.651922901868345,-2.6519229018683435,184.2761092605129,184.2761092605129,186.92803216238124,183.7265974535375,0.5495118069754028,-3.0860534506588864,4.672735611841114,0.8593250066041941,-0.03519139066338539,-0.0035191390197724104,-0.20700698840714324,-0.20700698840713325,216.66293381069087,216.66293381069087,216.869940799098,216.45127725216136,0.21165655852951204,-3.384524041887466,3.2658665831125346,0.0611628063045729,10.103899197204617,5.037820181092054,43.31134860757871,27.709007394881404,0.2616582582550997,0.0,-16.158690109308736,-0.12699393511769586
baseline,420000,121,Omega_safe_one_step_QP,25.386645182247396,50.243846638641266,12.615175046673357,-0.21137401157217067,0.8439673185348511,False,False,-0.8439673185348511,-0.08439673483371735,-2.7628485815595294,-2.762848581559521,186.04108830974394,186.04108830974394,188.80393689130347,185.62400265266663,0.41708565707730827,-3.2736439235511083,4.485145138948892,0.8439673483371708,-0.07385951280593872,-0.007385951466858387,-0.41100695025463935,-0.4110069502546389,216.8555411025075,216.8555411025075,217.26654805276212,216.8501790358345,0.005362066673001209,-3.424184767253878,3.226205857746122,0.12003059945397093,9.66237647184078,5.459414556773573,38.31754846668645,23.8819317615585,0.20810176033623762,0.0,-12.820059567005046,-0.0032172400038064097
baseline,420000,122,Omega_safe_one_step_QP,25.387503665586298,50.24142853319926,10.45095270177626,-0.1808988334138654,0.8689903020858765,False,False,-0.8689903020858765,-0.086899034678936,-2.8412731899825947,-2.8412731899825987,185.92248168523903,185.92248168523903,188.76375487522162,185.5820757443142,0.3404059409248248,-3.269625721942925,4.489163340557075,0.8689903467893615,-0.06885211914777756,-0.006885211914777756,-0.3776005429452507,-0.3776005429452574,216.7314927941436,216.7314927941436,217.10909333708886,216.69093423275604,0.04055856138757008,-3.4084392956865517,3.241951329313449,0.1107840011770544,7.747447425451128,5.868010482540448,37.45423570298139,24.22207333444653,0.17194051517885223,0.0,-10.59855808012253,-0.024335136832547732
baseline,420000,123,Omega_safe_one_step_QP,25.420104743726103,50.23869010861726,27.910968908822724,-0.48342152040261216,0.8117170929908752,False,False,-0.8117170929908752,-0.08117171376943588,-2.1429443578331293,-2.1429443578331404,180.32469022151926,180.32469022151926,182.4676345793524,179.25887660909427,1.0658136124249893,-2.6400136923560025,5.1187753701439975,0.8117171376943628,-0.022821364924311638,-0.0022821365855634212,-0.04602196776147902,-0.04602196776147269,215.55110051980714,215.55110051980714,215.5971224875686,215.17261010803705,0.3784904117700876,-3.2572422107345256,3.393148414265475,0.014129120520974241,9.225924933703041,5.2319595812769615,36.91365658579201,26.745822751178505,0.45272388704050215,0.0,-28.136598548800976,-0.2270942470620696
baseline,420000,124,Omega_safe_one_step_QP,25.420762096609273,50.2369273223265,28.815507318044183,-0.48961375817461683,0.7644206285476685,False,False,-0.7644206285476685,-0.07644206285476685,-2.017140883411868,-2.017140883411876,180.43819624296438,180.43819624296435,182.45533712637624,179.35006942255947,1.0881268204048808,-2.6387839470583847,5.120005115441615,0.7644206285476716,-0.056012559682130814,-0.005601256154477596,-0.18770288578942446,-0.18770288578943278,215.29574783640354,215.29574783640354,215.48345072219297,215.07426732313326,0.2214805132702793,-3.245875034196962,3.404515590803039,0.057828130723421696,10.367329438717482,5.814805015059397,42.12326119192891,20.840597583573,0.4692300429415859,0.0,-29.151849053023398,-0.1328883079621619
baseline,420000,125,Omega_safe_one_step_QP,25.410689622590176,50.23228365345904,16.624690090610784,-0.28287155877989967,0.8333346843719482,False,False,-0.8333346843719482,-0.08333346992731094,-2.376897448900407,-2.3768974489003987,182.21332284131122,182.21332284131122,184.59022029021162,181.60336575663825,0.6099570846729705,-2.852272263441925,4.906516799058076,0.8333346992731063,-0.23932726681232452,-0.023932727053761482,-1.009926553710206,-1.0099265537102073,214.65288791187467,214.65288791187467,215.6628144655849,215.2714761007336,-0.6185881888589222,-3.2638114085361534,3.3865792164638466,0.3094316513107502,9.71914821424573,6.570320504742121,38.753982631972704,26.882010403296245,0.2791074966448157,0.0,-17.274950500570412,0.37115291331534195
baseline,420000,126,Omega_safe_one_step_QP,25.416682034434757,50.23117682025393,22.048073421317895,-0.37298386252815396,0.778961181640625,False,False,-0.778961181640625,-0.0778961181640625,-2.1380202447094683,-2.1380202447094767,181.37654788263623,181.37654788263623,183.5145681273457,180.5641873248834,0.8123605577528394,-2.744707047155333,5.014082015344668,0.7789611816406279,-0.0710117518901825,-0.0071011753752827644,-0.243424501898018,-0.24342450189801906,215.11645975473903,215.11645975473903,215.35988425663703,214.97195974710056,0.14450000763847015,-3.2335183876413693,3.4168722373586307,0.07528161980720345,10.325842189053589,5.104931217090523,41.46966188307738,25.98775899676444,0.3598994551964019,0.0,-22.321272871931797,-0.08670000458309346
baseline,420000,127,Omega_safe_one_step_QP,25.401672168867517,50.22973905163301,9.940371012315154,-0.17070495166572913,0.8349735140800476,False,False,-0.8349735140800476,-0.08349735289812088,-2.547818214830397,-2.5478182148304094,184.0334397746472,184.03343977464718,186.5812579894776,183.7060257759711,0.32741399867606447,-3.0513760333685207,4.70741302913148,0.834973528981213,-0.12768055498600006,-0.012768055312335491,-0.5365326235148385,-0.5365326235148293,215.38620452647427,215.38620452647427,215.9227371499891,215.54572741940527,-0.15952289293099398,-3.2898036769765757,3.3605869480234243,0.16308955676282733,8.64623384072374,4.1784839259537065,37.521319096782825,27.38023243371369,0.1656243122613521,0.0,-10.201709060334906,0.09571373575860775
baseline,420000,128,Omega_safe_one_step_QP,25.4070814067566,50.228872575284065,15.273500669757595,-0.25370833318840624,0.7986708879470825,False,False,-0.7986708879470825,-0.07986708730459213,-2.359793100346988,-2.359793100346985,183.25420712598932,183.25420712598932,185.61400022633632,182.7241533496019,0.5300537763874331,-2.9546502570543933,4.804138805445607,0.7986708730459203,-0.09814468771219254,-0.009814469143748283,-0.38563701604896194,-0.38563701604897305,215.2712784196593,215.2712784196593,215.65691543570827,215.27571651029854,-0.0044380906392404995,-3.263221505548492,3.387169119451508,0.11817678186824587,10.885408125398381,2.50919097216309,40.981613874319656,23.5011965152849,0.25137162052077855,0.0,-15.52753514466167,0.0026628543835442997
baseline,420000,129,Z_mode_existing_controller,25.361233557742008,50.2263460431417,-1.4126644841117013,0.023253002109343657,0.9138983488082886,False,False,-0.9138983488082886,-0.09138983488082886,-3.021587780991366,-3.0215877809913803,191.7475697267233,191.74756972672327,194.76915750771465,191.91477415223267,-0.16720442550939651,-3.3062624360044834,3.057275589707158,0.9138983488082925,-0.014737213030457497,-0.0014737213496118784,-0.17881368352980417,-0.17881368352979013,217.278893252902,217.278893252902,217.4577069364318,217.08115740375123,0.19773584915077436,-0.6072241742754312,0.40481612279545515,0.29447721468460825,9.227101390510818,5.271333913982809,41.2549981978723,24.708543528702627,-0.02217475632671473,0.0,1.5534807499288945,-0.11864150949048735
baseline,420000,130,Z_mode_existing_controller,25.373068698591496,50.225439013202404,-9.838546388307805,0.1652490112381567,0.9169088006019592,False,False,-0.9169088006019592,-0.09169088304042816,-3.0350838865123264,-3.0350838865123366,189.05681613954746,189.05681613954746,192.0919000260598,189.58866178865227,-0.5318456491048096,-3.310126138903149,3.0534118868084925,0.9169088304042846,3.867596387863159e-05,3.86759666071157e-06,-0.09256831970763935,-0.09256831970763171,216.7490898493098,216.74908984930983,216.84165816901745,216.5267528611333,0.22233698817652225,-0.6072241742754312,0.40481612279545515,0.15244505016304505,8.572013207663323,6.947511227031028,37.83766266230605,25.31646562286613,-0.1594757997321068,0.0,10.131424380946555,-0.13340219290589062
baseline,420000,131,Omega_safe_one_step_QP,25.40362431201049,50.22408535288524,-2.430141380315945,0.04101862915799728,0.817559540271759,False,False,-0.817559540271759,-0.08175595849752426,-2.4254452862804836,-2.4254452862804907,183.3089455336833,183.3089455336833,185.73439081996378,183.51700204509262,-0.20805651140932468,-2.966689316417141,4.792099746082859,0.8175595849752448,-0.05283932760357857,-0.005283932667225599,-0.16372926831303963,-0.16372926831304363,215.25012669320077,215.25012669320077,215.4138559615138,215.14997971009305,0.10014698310772019,-3.2389155581290465,3.411475066870954,0.050550644305040644,9.729131116779907,6.857843969352896,38.04145444907933,27.344166515555354,-0.03757995303739392,0.0,2.527809523217911,-0.06008818986464348
baseline,420000,132,Omega_safe_one_step_QP,25.412467359114295,50.223374173175785,6.183965812991119,-0.10109770111387502,0.7752320170402527,False,False,-0.7752320170402527,-0.07752320170402527,-2.1730660589698387,-2.17306605896985,181.92560176528846,181.92560176528846,184.0986678242583,181.77718394963335,0.14841781565510814,-2.8031170168465938,4.955672045653406,0.7752320170402559,-0.08281268179416656,-0.008281268179416656,-0.26925979947078577,-0.2692597994707901,214.7445719078819,214.74457190788186,215.01383170735267,214.73226372110128,0.012308186780586539,-3.19891313271293,3.4514774922870703,0.08417227611380512,12.10526703878012,3.750317159168439,38.22801671745441,20.92875899998297,0.10389722092379827,0.0,-6.2804781218465,-0.007384912068346239
baseline,420000,133,Z_mode_existing_controller,25.355071119533406,50.219153011765854,-10.628702711555889,0.18013035613309458,0.8826347589492798,False,False,-0.8826347589492798,-0.08826347440481186,-2.9231140880228685,-2.923114088022876,192.6373625267407,192.63736252674067,195.56047661476356,193.20997145600037,-0.572608929259701,-3.3118049201375075,3.051733105574134,0.8826347440481208,-0.02491789497435093,-0.002491789637133479,-0.23528321281237052,-0.23528321281238415,216.97421957224736,216.97421957224734,217.20950278505973,216.92270564221138,0.05151393003595217,-0.6072241742754312,0.40481612279545515,0.38747339579017137,7.204237998516351,4.217120864615581,36.0297180983592,25.540358418411195,-0.17104776262576493,0.0,10.830658832202971,-0.030908358021576987
baseline,420000,134,Omega_safe_one_step_QP,25.39086951288525,50.21805265635308,-9.156822723669393,0.15266501990280157,0.8052257895469666,False,False,-0.8052257895469666,-0.0805225819349289,-2.58623960938644,-2.586239609386448,185.5994483383716,185.5994483383716,188.18568794775803,186.088634718003,-0.48918637963140554,-3.211819029196566,4.5469700333034355,0.8052258193492906,-0.06849772483110428,-0.0068497727625072,-0.24743461836804065,-0.24743461836803857,215.33057662566773,215.33057662566773,215.57801124403576,215.33630486635775,-0.005728240690018538,-3.255331086381242,3.3950595386187583,0.07600904848148546,9.841105638812596,4.462422475225876,42.167438135030906,23.706499309557152,-0.14577630342211023,0.0,9.299162082676958,0.0034369444140054384
baseline,420000,135,Omega_safe_one_step_QP,25.381984024931484,50.215856586993134,-14.236134633191796,0.22929690634419142,0.8645347952842712,False,False,-0.8645347952842712,-0.08645348250865936,-2.9391946038267642,-2.9391946038267682,187.1257143596289,187.1257143596289,190.06490896345565,187.81561621617206,-0.6899018565431732,-3.3997411307663277,4.359047931733673,0.8645348250865945,-0.04864675551652908,-0.004864675458520651,-0.17821211422514252,-0.17821211422513758,215.66505418929862,215.66505418929862,215.84326630352376,215.57607795333797,0.08897623596064363,-3.2818565923300405,3.36853403266996,0.05430222473511897,11.537095019803836,4.236144001347948,46.32180947249956,25.180289663213976,-0.2286785194281009,0.0,14.518198894196757,-0.053385741576391865
baseline,420000,136,Z_mode_existing_controller,25.346874650864354,50.21561557616967,-11.407232344676231,0.1922135913385011,0.916631817817688,False,False,-0.916631817817688,-0.0916631817817688,-3.037003072667726,-3.037003072667737,194.05176827270319,194.05176827270316,197.0887713453709,194.66347160204688,-0.611703329343726,-3.313220219540499,3.0503178061711425,0.9166318178176911,-0.012640056200325489,-0.0012640056665986776,-0.1668061879740508,-0.1668061879740508,217.15301818264174,217.15301818264174,217.3198243706158,217.02412944103952,0.12888874160222485,-0.6072241742754312,0.40481612279545515,0.2747028116479254,7.219383374055486,6.230780902484761,39.294550802655,25.7776274786921,-0.18438581362069417,0.0,11.668951403258689,-0.07733324496135197
baseline,420000,137,Omega_safe_one_step_QP,25.396550021383874,50.21505463491787,-4.845110410523375,0.08322988017134046,0.8038867115974426,False,False,-0.8038867115974426,-0.08038867264986038,-2.483227593853425,-2.4832275938534236,184.4745374590551,184.4745374590551,186.95776505290854,184.79390701329157,-0.3193695542364594,-3.089026739711616,4.669762322788385,0.8038867264986032,-0.044029682874679565,-0.004402968566864729,-0.1031405448666766,-0.10314054486668892,215.02821236894974,215.02821236894974,215.13135291381641,214.88220768640898,0.14600468254076304,-3.210665253359308,3.439725371640692,0.032124353281231456,8.366770190038416,3.4962944652321473,40.81641631768158,28.732498853672414,-0.07758232411690003,0.0,5.010295544164364,-0.0876028095244692
baseline,420000,138,Omega_safe_one_step_QP,25.40328671438003,50.21524193104804,-0.37856362613001693,0.006542285416778991,0.8156848549842834,False,False,-0.8156848549842834,-0.08156848698854446,-2.4196821580436274,-2.4196821580436403,183.3122391909754,183.3122391909754,185.73192134901902,183.4338059431223,-0.12156675214691859,-2.966442369322665,4.792346693177335,0.8156848698854487,-0.09769649058580399,-0.009769649244844913,-0.3184373025195284,-0.3184373025195225,214.55192242391954,214.55192242391954,214.87035972643906,214.59828085470326,-0.04635843078372659,-3.184565934621571,3.4658246903784296,0.09999394236356521,8.34463332696831,5.430871947481012,42.78997710725524,25.52917927762502,-0.0031494507032334695,0.0,0.3538980183620879,0.027815058470224585
baseline,420000,139,Omega_safe_one_step_QP,25.423538198929847,50.213445327513874,15.62838689741784,-0.2659050116721488,0.7183457612991333,False,False,-0.7183457612991333,-0.07183457911014557,-1.853010699205937,-1.8530106992059396,180.01001220584942,180.01001220584942,181.86302290505535,179.46402538447026,0.5459868213791594,-2.579552524926298,5.1792365375737015,0.7183457911014559,-0.07875243574380875,-0.00787524413317442,-0.18064721069443804,-0.18064721069443596,213.75021234572822,213.75021234572822,213.93085955642266,213.6408286637862,0.1093836819420062,-3.09061591761993,3.55977470738007,0.058450229827830436,10.24689014959296,6.294291531537593,40.72154490861822,25.913695612489256,0.2559214533863816,0.0,-15.818678141639793,-0.06563020916522078
baseline,420000,140,Omega_safe_one_step_QP,25.41851915278089,50.21171723390589,11.80017797743676,-0.20459876852039036,0.730907142162323,False,False,-0.730907142162323,-0.07309071719646454,-1.9665431253975796,-1.9665431253975907,181.00646593906797,181.00646593906797,182.97300906446554,180.59589196571915,0.41057397334881784,-2.690551140867318,5.068237921632682,0.7309071719646487,-0.17812584340572357,-0.017812585458159447,-0.6276323647288171,-0.6276323647288289,213.43115658702715,213.43115658702712,214.05878895175596,213.7710507121203,-0.3398941250931955,-3.10340885715326,3.54698176784674,0.2022396640655826,8.825876797251432,5.460447334038129,38.5867045454182,25.894013833303056,0.19764636376055833,0.0,-12.201760816253227,0.20393647505591161
baseline,420000,141,Omega_safe_one_step_QP,25.428341695111143,50.20965810807925,18.97971287569362,-0.3224459641237581,0.6759412288665771,False,False,-0.6759412288665771,-0.06759412586688995,-1.696039183181333,-1.696039183181336,179.46297584086975,179.46297584086975,181.1590150240511,178.7730995869679,0.6898762539018435,-2.50915173682587,5.249637325674131,0.6759412586689004,-0.1184190884232521,-0.011841909028589725,-0.3402595596721326,-0.34025955967213783,213.20298218039355,213.20298218039352,213.54324174006567,213.25181898723758,-0.048836806844064995,-3.0518541359842306,3.59853648901577,0.11149273343707931,10.512835353527809,6.398471247906496,42.700033543059234,24.023756506211136,0.31189202514180536,0.0,-19.320906984941757,0.029302084106447523
baseline,420000,142,Omega_safe_one_step_QP,25.42067417842856,50.206943808332475,9.966125366675442,-0.17644372960517565,0.7456298470497131,False,False,-0.7456298470497131,-0.07456298917531967,-1.9931567486283954,-1.993156748628401,180.8055217607359,180.8055217607359,182.7986785093643,180.46311571421393,0.3424060465219725,-2.6731180853571925,5.085670977142808,0.7456298917531986,-0.16950951516628265,-0.016950951889157295,-0.5614821956301984,-0.5614821956301932,213.16626400323352,213.16626400323352,213.7277461988637,213.44296390980173,-0.2766999065682114,-3.070304581864036,3.580086043135964,0.1828750798688863,7.632374003373986,5.286084209449786,40.98320923457405,22.942938625719247,0.166812673972343,0.0,-10.298957984588924,0.166019943940924
baseline,420000,143,Omega_safe_one_step_QP,25.44840534162458,50.20295265512464,17.281598974822373,-0.30204617595442024,0.8154105544090271,False,False,-0.8154105544090271,-0.08154105395078659,-1.745426776079115,-1.745426776079101,175.72756776147486,175.72756776147486,177.47299453755397,175.11257874232547,0.614989019149391,-2.140549688176158,5.618239374323843,0.8154105395078594,0.0012880743015557528,0.00012880742724519223,0.32579522739185907,0.32579522739187083,212.6770097808307,212.6770097808307,212.35121455343884,212.0599942094448,0.617015571385906,-2.9326514173215483,3.717739207678452,0.08763262003934756,9.688170478960458,5.060651031794164,33.31380279607771,23.038688283053357,0.2774971748520727,0.0,-17.188886806841765,-0.3702093428315436
baseline,420000,144,Omega_safe_one_step_QP,25.435378887107838,50.198169494037124,16.978151569558577,-0.2926850023887564,0.7147725224494934,False,False,-0.7147725224494934,-0.0714772567152977,-1.724179366640527,-1.7241793666405159,178.46538796381964,178.46538796381964,180.18956733046016,177.86552945039796,0.5998585134216796,-2.4122069674667777,5.346582095033224,0.7147725671529727,0.03689894825220108,0.0036898949183523655,0.423038373678751,0.42303837367874475,213.06995795905533,213.0699579590553,212.64691958537657,212.3612023081083,0.7087556509470119,-2.9622219205153204,3.6881687044846796,0.11470147045181132,9.829447325076792,5.354452355258162,36.03901043159917,22.352230719721202,0.27166650184062036,0.0,-16.824564680830917,-0.42525339056820144
baseline,420000,145,Omega_safe_one_step_QP,25.425795162879638,50.19363299893939,4.842537091220947,-0.08280990589963454,0.8328790068626404,False,False,-0.8328790068626404,-0.08328790217638016,-2.178408896559331,-2.1784088965593362,180.04425463129547,180.04425463129544,182.2226635278548,179.93395937930688,0.1102952519885605,-2.6155165872062405,5.14327247529376,0.8328790217638038,-0.15324817597866058,-0.015324817970395088,-0.3907844945608474,-0.3907844945608495,212.42011144406928,212.42011144406928,212.81089593863013,212.53070426486087,-0.11059282079159516,-2.9786195558406776,3.671771069159323,0.1311965114156902,9.80689557203342,5.1588640243999935,39.44363469559711,27.172034986011518,0.08246823733615471,0.0,-4.99136102103148,0.0663556924749571
baseline,420000,146,Omega_safe_one_step_QP,25.417575027321856,50.19252277324806,1.9517334864904115,-0.032473000174971296,0.8358440399169922,False,False,-0.8358440399169922,-0.08358440548181534,-2.330106649778832,-2.330106649778829,181.6146802724398,181.6146802724398,183.94478692221864,181.61309597916153,0.0015842932782845764,-2.7877289266426266,4.971060135857374,0.8358440548181526,-0.27995896339416504,-0.027995897457003593,-0.976167118983394,-0.9761671189834078,212.1293536923023,212.1293536923023,213.1055208112857,212.81712873388227,-0.6877750415799824,-3.0080820431062345,3.6423085818937655,0.3245147921482184,11.071348403977677,5.616479202332804,45.58037306894941,25.07924333342286,0.0414629292686044,0.0,-2.405861440706758,0.41266502494798374
baseline,420000,147,Omega_safe_one_step_QP,25.397700479739726,50.191230918879306,-0.3680531739082653,0.00601313477572324,0.7829349637031555,False,False,-0.7829349637031555,-0.07829349488019943,-2.4973482514838388,-2.497348251483837,185.46741309531058,185.46741309531058,187.9647613467944,185.58042099493443,-0.11300789962385238,-3.1897263691002036,4.569062693399798,0.7829349488019937,-0.09065113216638565,-0.00906511303037405,-0.21431137467988504,-0.2143113746798951,213.66624382949985,213.66624382949982,213.88055520417973,213.5818295001716,0.08441432932821158,-3.0855854823956363,3.5648051426043637,0.06945565951830465,11.203648787444203,5.048981536992634,46.520711218298345,28.72433593360726,-0.0037216764814189673,0.0,0.42242344798705744,-0.05064859759690421
baseline,420000,148,Z_mode_existing_controller,25.374231412167205,50.19284307505612,-11.225543181655667,0.18856507056449034,0.9195082187652588,False,False,-0.9195082187652588,-0.09195082634687424,-3.039628457860407,-3.039628457860397,189.61778144491942,189.61778144491942,192.65740990277982,190.20261547645842,-0.5848340315390033,-3.305710865929306,3.057827159782336,0.9195082634687388,-0.01144870650023222,-0.001144870650023222,-0.16011894095987605,-0.16011894095987206,214.8061804260753,214.8061804260753,214.96629936703516,214.65574056943643,0.1504398566388545,-0.6072241742754312,0.40481612279545515,0.2636899974394689,8.412331249315018,6.458922902119356,41.69916063989671,24.072505605323236,-0.18150427273137204,0.0,11.497311368370902,-0.09026391398330702
baseline,420000,149,Omega_safe_one_step_QP,25.405408268567804,50.19111834266918,-2.5851998169673607,0.043397119735740085,0.791034996509552,False,False,-0.791034996509552,-0.0791034996509552,-2.381378460478957,-2.381378460478964,183.79070964942488,183.79070964942488,186.17208810990385,184.0018805591463,-0.21117090972140318,-3.0104590454111473,4.748330017088853,0.7910349965095547,-0.05831213295459747,-0.00583121320232749,-0.03810925714224367,-0.038109257142244016,213.45202977125086,213.45202977125086,213.49013902839312,213.23052744854007,0.22150232271079062,-3.046543864816976,3.6038467601830244,0.012509013109034446,9.933330588551438,5.996623134523733,42.54251194296093,30.76474503728012,-0.04139572363295585,0.0,2.7594969342271725,-0.1329013936264687
baseline,420000,150,Omega_safe_one_step_QP,25.40642428341237,50.19301020355121,0.22974121490187827,-0.003762895148112445,0.7879396080970764,False,False,-0.7879396080970764,-0.078793965280056,-2.361641745246784,-2.3616417452467746,183.67822418586772,183.67822418586772,186.0398659311145,183.7723266778499,-0.09410249198217002,-2.9972368275322117,4.761552234967789,0.7879396528005572,-0.047830771654844284,-0.004783077165484428,0.001894411579132782,0.0018944115791189042,213.56315440810846,213.56315440810843,213.56125999652932,213.28536087923897,0.2777935288694664,-3.0536559616305965,3.596734663369404,0.0005267031784169001,11.492910523191414,6.155521749243086,41.85817033255143,26.028823338658743,0.0042150583100522,0.0,-0.06728015588942071,-0.1666761173216713
baseline,420000,151,Omega_safe_one_step_QP,25.38549087653929,50.19238489651967,-5.098876392079546,0.08446290482938462,0.7771888375282288,False,False,-0.7771888375282288,-0.07771888375282288,-2.657595296598104,-2.6575952965981053,187.6048774832622,187.6048774832622,190.2624727798603,187.92683222654662,-0.3219547432844365,-3.419497512406791,4.339291550093209,0.7771888375282292,-0.007996519096195698,-0.0007996518979780376,0.10901122076139996,0.10901122076139823,214.52685602524008,214.52685602524008,214.41784480447868,214.13087520343814,0.39598082180194183,-3.139314442425533,3.511076182574467,0.031047808447570244,9.787528173775662,7.1046500677887146,42.650949630624964,26.11475397442362,-0.08397045099035694,0.0,5.420435336151968,-0.23758849308117647
baseline,420000,152,Omega_safe_one_step_QP,25.400875994035836,50.19202607146909,3.872086140954707,-0.06263456712433317,0.7671335935592651,False,False,-0.7671335935592651,-0.07671336084604263,-2.397514421810018,-2.397514421810011,184.92287575972674,184.92287575972676,187.32039018153677,184.87153352678567,0.051342232941095745,-3.1252892525744396,4.633499809925561,0.7671336084604239,-0.024524103850126266,-0.002452410524711013,0.08436565186551968,0.0843656518655183,213.84391432054056,213.84391432054056,213.75954866867505,213.45409404238643,0.3898202781541329,-3.0734848288451695,3.5769057961548305,0.023586210169753777,11.98784177327158,6.35401656755422,40.192935350277345,25.161045987214283,0.062429860377115176,0.0,-3.700623834439284,-0.23389216689247405
baseline,420000,153,Z_mode_existing_controller,25.374965936954016,50.19105677275917,-6.828413862857815,0.11571309563567629,0.8733353018760681,False,False,-0.8733353018760681,-0.08733353018760681,-2.8870945809051625,-2.8870945809051767,189.63745603188943,189.63745603188943,192.5245506127946,190.03801535851844,-0.40055932662900773,-3.305826038067176,3.057711987644465,0.8733353018760722,0.0037741109263151884,0.0003774111100938171,-0.0662781251265114,-0.06627812512651696,214.73985332082418,214.73985332082415,214.80613144595068,214.49478605718298,0.24506726364117526,-0.6072241742754312,0.40481612279545515,0.10914935197631612,7.924534433625912,4.591434604011292,39.13562283823992,22.478721317686666,-0.11111588716669507,0.0,7.086570108209344,-0.14704035818471084
baseline,420000,154,Omega_safe_one_step_QP,25.4000710116095,50.18809096293126,-3.5200658270932763,0.0596122098147512,0.7853919267654419,False,False,-0.7853919267654419,-0.07853919267654419,-2.450849318697325,-2.450849318697326,184.82207883841053,184.82207883841053,187.27292815710786,185.07598137534214,-0.253902536931605,-3.1205430501315483,4.638246012368452,0.785391926765442,-0.05023615434765816,-0.005023615434765816,-0.006330972217097677,-0.006330972217102188,213.51506467577417,213.51506467577414,213.52139564799126,213.2612908501482,0.25377382562592743,-3.0496695267767895,3.6007210982232105,0.0020759535292315502,9.128888035552738,3.9771878338582134,40.97326527816696,21.72619437767373,-0.057108912741229645,0.0,3.729439035209907,-0.1522642953755593
baseline,420000,155,Omega_safe_one_step_QP,25.397963822249512,50.18438436262219,-3.0518723717596004,0.0523096096881915,0.7987672686576843,False,False,-0.7987672686576843,-0.07987672835588455,-2.5364273064146308,-2.5364273064146308,185.28534169501646,185.28534169501646,187.82176900143108,185.51706646052014,-0.23172476550368515,-3.1754271345638707,4.58336192793613,0.7987672835588453,-0.09506849199533463,-0.009506849572062492,-0.19300468936517476,-0.19300468936517892,213.22311103737445,213.22311103737445,213.41611572673963,213.13796960298995,0.0851414343844965,-3.039141534651628,3.6112490903483723,0.06350631820353926,8.318866925143526,6.075798302126653,41.704357958894775,23.747009410634675,-0.0480795598806143,0.0,3.151036792271043,-0.05108486063069506
baseline,420000,156,Omega_safe_one_step_QP,25.424391197555376,50.18181297609942,11.041477626108644,-0.19494953812371305,0.7603179812431335,False,False,-0.7603179812431335,-0.07603179663419724,-2.027211932790296,-2.027211932790296,180.70297189551988,180.70297189551988,182.73018382831017,180.31897569429105,0.3839962012288254,-2.6662686172517795,5.092520445248221,0.7603179663419725,-0.13229914009571075,-0.013229914009571075,-0.27443576607803777,-0.2744357660780336,211.8970290102459,211.8970290102459,212.17146477632392,211.87496003282152,0.022068977424368086,-2.9146764396100573,3.7357141853899427,0.09415651162801085,7.805329909243292,3.8949319826001023,37.588083312833895,25.24962896774629,0.18133435678705556,0.0,-11.209570596442063,-0.013241386454623694
baseline,420000,157,Omega_safe_one_step_QP,25.43936363291105,50.17909686936265,21.775754596670595,-0.3822118887166639,0.6750888228416443,False,False,-0.6750888228416443,-0.06750888377428055,-1.6086830892898947,-1.6086830892898862,178.28802043322383,178.28802043322383,179.89670352251372,177.47570305496274,0.8123173782610991,-2.3829205866721344,5.375868475827866,0.6750888377428017,0.07994069159030914,0.007994069717824459,0.6835842310525787,0.6835842310525913,212.0844401038779,212.0844401038779,211.40085587282533,211.10102375892393,0.9834163449539801,-2.837615549260197,3.8127750757398036,0.17928784611558904,8.846458668101086,4.7377635695180995,40.39282203303093,20.751119190288033,0.3465957579256944,0.0,-21.53230054762389,-0.5900498069723881
baseline,420000,158,Omega_safe_one_step_QP,25.442043772708708,50.17370750881901,14.055725894069838,-0.23628379614532521,0.8069894909858704,False,False,-0.8069894909858704,-0.08069895207881927,-1.8922847556026634,-1.8922847556026552,177.62390345758942,177.62390345758945,179.5161882131921,177.1618846706341,0.4620187869553547,-2.3448690557399723,5.413920006760028,0.8069895207881898,0.02420971915125847,0.002420971868559718,0.5331141739874152,0.5331141739874284,211.53363824300902,211.53363824300902,211.0005240690216,210.71147472922038,0.8221635137886381,-2.7975823688798243,3.852808256120176,0.13837028436091464,11.540957208577002,5.230454434727959,39.19044204877349,24.87619710196974,0.2234284192123397,0.0,-13.785856205009622,-0.49329810827318
baseline,420000,159,Omega_safe_one_step_QP,25.405203040977568,50.17124376778242,-5.818404617916713,0.0972176975828166,0.8586260080337524,False,False,-0.8586260080337524,-0.08586259931325912,-2.6465494420541664,-2.6465494420541664,184.24402442179192,184.24402442179192,186.8905738638461,184.56681205966316,-0.32278763787124376,-3.082307620805371,4.67648144169463,0.8586259931325914,-0.27075517177581787,-0.027075517922639847,-0.8696882524752946,-0.8696882524752841,211.5551110045862,211.55511100458622,212.4247992570615,212.14128355445658,-0.5861725498703549,-2.9400098876838157,3.7103807373161843,0.29581133591371617,10.049535998680254,4.387939191127536,38.78334390561235,24.060491223827412,-0.08611851284714334,0.0,5.552819600841758,0.35170352992221865
baseline,420000,160,Omega_safe_one_step_QP,25.39003979808113,50.16899422638415,-11.010120304480552,0.18233203313943033,0.8830103874206543,False,False,-0.8830103874206543,-0.08830104023218155,-2.995153714568492,-2.995153714568505,186.99214496160758,186.99214496160755,189.98729867617607,187.55728180340606,-0.5651368417985054,-3.391980102038368,4.366808960461633,0.8830104023218193,-0.06870847195386887,-0.006870847195386887,-0.010685014656829778,-0.010685014656833941,212.93712393339032,212.93712393339032,212.94780894804717,212.64549145325137,0.2916324801389578,-2.992310856782381,3.6580797682176196,0.0035708237440021497,9.855640710418692,3.7734376187493126,36.646830464429826,24.51563105983433,-0.17904795174241528,0.0,11.364147744306138,-0.17497948808336616
baseline,420000,161,Z_mode_existing_controller,25.374466099772444,50.167216919380884,-7.011132138793073,0.11415850293984661,0.8989619016647339,False,False,-0.8989619016647339,-0.08989619463682175,-2.9693494191518286,-2.9693494191518366,190.18837520011058,190.18837520011058,193.1577246192624,190.58259189795194,-0.39421669784135815,-3.3030868894372256,3.060451136274416,0.8989619463682196,-0.000992163666523993,-9.921636956278235e-05,-0.09679018454374355,-0.09679018454375396,213.41698300053096,213.41698300053096,213.5137731850747,213.1880101676254,0.22897283290555492,-0.6072241742754312,0.40481612279545515,0.15939777868568658,10.169902801229284,4.4225755537930045,42.55137552378165,28.87900345203664,-0.11336669459596038,0.0,7.261882533132848,-0.13738369974333864
baseline,420000,162,Z_mode_existing_controller,25.36405810108295,50.16909759556711,-15.386782302039137,0.2560849495612235,0.9139500260353088,False,False,-0.9139500260353088,-0.09139500558376312,-3.022387631311895,-3.0223876313118847,191.81023524508996,191.81023524508996,194.83262287640184,192.57452616275773,-0.764290917667779,-3.306950540685607,3.0565874850260344,0.913950055837628,-0.0028593463357537985,-0.00028593462775461376,-0.10924409691381934,-0.10924409691382142,213.8784880075253,213.8784880075253,213.98773210443912,213.7184396547587,0.16004835276660856,-0.6072241742754312,0.40481612279545515,0.17990735801020552,8.394365017145248,7.015564214633811,39.07984594744755,22.668184977312784,-0.2492194737007516,0.0,15.732030787399708,-0.09602901165996514
baseline,420000,163,Omega_safe_one_step_QP,25.400363299129303,50.16674780123894,-8.825932095869575,0.1515756747262792,0.7951459884643555,False,False,-0.7951459884643555,-0.07951460033655167,-2.487228184495777,-2.487228184495767,184.8604139223583,184.86041392235833,187.3476421068541,185.34134975541946,-0.48093583306112464,-3.1280144451061718,4.630774617393828,0.7951460033655136,-0.10531454533338547,-0.010531454347074032,-0.14770474784190912,-0.14770474784189455,212.11437593021563,212.11437593021566,212.26208067805754,212.03843821383694,0.07593771637871782,-2.9237380297834203,3.72665259521658,0.050519145811718284,8.230678721100388,4.655847777689069,41.04958084899182,22.963083436501087,-0.1418356707274846,0.0,9.013330396423953,-0.045562629827230694
baseline,420000,164,Omega_safe_one_step_QP,25.417871442910084,50.163624986245736,-0.09082881436279422,0.001500738715654918,0.8055304884910583,False,False,-0.8055304884910583,-0.08055304735898972,-2.2520301470398616,-2.2520301470398505,181.77257429583094,181.77257429583096,184.0246044428708,181.86832062263977,-0.09574632680880768,-2.7957106787078434,4.963078383792157,0.805530473589893,-0.18963705003261566,-0.018963705748319626,-0.44499153459759133,-0.4449915345975969,210.91835141063575,210.91835141063575,211.36334294523334,211.11440397278298,-0.19605256214723,-2.8338642565009997,3.8165263684990007,0.1570264114015935,11.403157527553406,3.19171283949,42.84268665984219,24.125412947556185,0.003606215010719893,0.0,-0.030408937936954317,0.11763153728833231
baseline,420000,165,Z_mode_existing_controller,25.36905463558596,50.161711550427185,-14.178370523034573,0.22513855509962313,0.8786079287528992,False,False,-0.8786079287528992,-0.08786079287528992,-2.9071841805724583,-2.907184180572463,190.85342379174267,190.85342379174267,193.76060797231514,191.53439380661655,-0.6809700148738784,-3.3088526582032234,3.0546853675084176,0.8786079287529005,-0.015558723360300064,-0.0015558723825961351,-0.18005416239348232,-0.18005416239347607,213.1433687128573,213.1433687128573,213.32342287525077,213.06228904720004,0.08107966565725633,-0.6072241742754312,0.40481612279545515,0.29652008273274905,11.47366407249093,5.334921600476607,40.44256233332038,28.208130517405287,-0.22791196133731262,0.0,14.454930283765862,-0.04864779939434527
baseline,420000,166,Z_mode_existing_controller,25.34618051540504,50.1634997750324,-24.030934640771193,0.3889491061487636,0.9338778257369995,False,False,-0.9338778257369995,-0.09338778257369995,-3.093475407073662,-3.0934754070736585,194.82004135711566,194.82004135711566,197.91351676418932,195.94429139431347,-1.124250037197811,-3.312505471079525,3.051032554632116,0.9338778257369984,-0.003361737821251154,-0.0003361737763043493,-0.1142036345592963,-0.11420363455930116,214.2062741813093,214.2062741813093,214.3204778158686,214.10634217887522,0.09993200243408751,-0.6072241742754312,0.40481612279545515,0.18807491433550777,9.259961489464876,4.903435366661022,37.11528040618874,25.11520481711455,-0.38873026208074,0.0,24.47962410431228,-0.05995920146045819
baseline,420000,167,Z_mode_existing_controller,25.355900552818568,50.16319310132868,-29.47198782011128,0.4591788421540343,0.9262068271636963,False,False,-0.9262068271636963,-0.09262068569660187,-3.0716555326344293,-3.0716555326344186,192.5733377945549,192.5733377945549,195.64499332718933,193.87399550850387,-1.300657713948965,-3.3163817666997963,3.047156259011845,0.926206856966015,-0.00024906545877456665,-2.4906546968850307e-05,-0.0951947680342298,-0.09519476803421731,213.7313203766997,213.7313203766997,213.82651514473392,213.64973490541053,0.08158547128917348,-0.6072241742754312,0.40481612279545515,0.1567703857439606,12.07425255039104,5.009101229782582,36.040462160578464,26.64199314087658,-0.47605370727330154,0.0,29.99699281015819,-0.04895128277351546
baseline,420000,168,Omega_safe_one_step_QP,25.32004607884888,50.164070975296106,-62.74815571142062,0.9947327819458119,0.9384137392044067,False,False,-0.9384137392044067,-0.09384137392044067,-4.343886911409077,-4.343886911409086,198.01328799369395,198.01328799369395,202.35717490510302,200.75397511516417,-2.7406871214702164,-4.628967724931066,3.1298213375689348,0.9384137392044087,-0.3022628426551819,-0.03022628463804722,-1.250192482867617,-1.250192482867631,214.0682676376522,214.0682676376522,215.31846012051983,215.17491992859323,-1.106652290941014,-3.229375974029649,3.4210146509703514,0.3871312888067436,9.41196414443183,4.252043822113815,43.44530863868552,25.96103614677223,-1.0057247871266028,0.0,63.089889123982175,0.6639913745646027
baseline,420000,169,Z_mode_existing_controller,25.327185297322192,50.16528156289741,-19.097327825302273,0.31854709410469173,0.9294511079788208,False,False,-0.9294511079788208,-0.09294511377811432,-3.0848204636604084,-3.0848204636604057,197.9591777503988,197.9591777503988,201.0439982140592,198.91707299770567,-0.9578952473068796,-3.318970022485236,3.0445680032264053,0.9294511377811422,-0.01401742734014988,-0.001401742803864181,-0.17617153220043924,-0.1761715322004479,214.92139912057675,214.92139912057675,215.0975706527772,214.8680903701243,0.05330875045245875,-0.6072241742754312,0.40481612279545515,0.29012601879802324,6.842274189017272,6.105867084813517,42.2576293326767,21.8924139173352,-0.3086216952449412,0.0,19.437934770818174,-0.03198525027147525
baseline,420000,170,Omega_safe_one_step_QP,25.385593528105858,50.16313453733806,-15.557275829788523,0.2527110653551866,0.8105071187019348,False,False,-0.8105071187019348,-0.08105071634054184,-2.686366827379872,-2.686366827379876,186.52540084439684,186.52540084439684,189.21176767177673,187.2890620194984,-0.7636611751015607,-3.314427001598434,4.444362060901566,0.8105071634054194,-0.0138782924041152,-0.001387829310260713,0.24825176191999518,0.248251761919982,212.70282337240963,212.70282337240963,212.45457161048964,212.26230238058363,0.44052099182599136,-2.9429871230266293,3.707403501973371,0.0669610852414211,11.100669240148964,5.398165700253728,36.28289790795735,27.830995808804406,-0.25349641314540605,0.0,16.075084838029397,-0.26431259509558913
baseline,420000,171,Z_mode_existing_controller,25.36359207857253,50.16354668136093,-19.355120417854778,0.31871874922322446,0.9216558337211609,False,False,-0.9216558337211609,-0.09216558188199997,-3.0612605460206828,-3.0612605460206863,190.59600561239122,190.59600561239122,193.65726615841191,191.53434601903112,-0.9383404066398953,-3.321479106962108,3.042058918749533,0.9216558188200007,-0.005551776848733425,-0.0005551776848733425,-0.12579491135281812,-0.12579491135282922,213.2917870639204,213.29178706392037,213.4175819752732,213.1932560313778,0.09853103254255302,-0.6072241742754312,0.40481612279545515,0.2071638723918291,9.26238794412462,5.266864258285953,39.744477433897565,25.792435193601797,-0.31240662287950727,0.0,19.726645660260147,-0.059118619525534655
baseline,420000,172,Z_mode_existing_controller,25.373582564404224,50.163186835885455,-23.090171859515067,0.3728674634640411,0.8970217108726501,False,False,-0.8970217108726501,-0.08970217406749725,-2.982713056514764,-2.982713056514758,188.37413887882568,188.37413887882568,191.35685193534044,189.4450084474174,-1.0708695685917178,-3.325129059046433,3.038408966665208,0.8970217406749705,-0.007796572986990213,-0.0007796573336236179,-0.1364507790303178,-0.13645077903031155,212.77653224443685,212.77653224443688,212.91298302346718,212.72770142430048,0.04883082013640205,-0.6072241742754312,0.40481612279545515,0.22471236293108904,10.92908288663105,3.287236955175472,37.01666052458705,27.192084361406675,-0.3720021085213112,0.0,23.49147246011762,-0.029298492081835548
baseline,420000,173,Z_mode_existing_controller,25.336931758265155,50.16354113280348,-30.63783030803461,0.48471552186744216,0.9392538666725159,False,False,-0.9392538666725159,-0.09392538666725159,-3.1263840636968037,-3.126384063696811,195.13445564306426,195.13445564306426,198.26083970676106,196.52848100601526,-1.3940253629509982,-3.328582585209481,3.03495544050216,0.9392538666725181,-0.005093463230878115,-0.0005093463114462793,-0.12489132374881237,-0.12489132374880578,214.28976958864916,214.28976958864916,214.41466091239798,214.26371344889498,0.02605613975418919,-0.6072241742754312,0.40481612279545515,0.20567580975812114,10.500462650098601,4.230058887824468,39.67898252873304,24.657944421016307,-0.49446383579403985,0.0,31.147927827681087,-0.015633683852513514
baseline,420000,174,Z_mode_existing_controller,25.32259358264767,50.163533966167954,-33.33105370871817,0.5303055529065411,0.937536895275116,False,False,-0.937536895275116,-0.09375368803739548,-3.1240565023375506,-3.124056502337563,197.63168210711203,197.631682107112,200.75573860944957,199.1620607482864,-1.5303786411743943,-3.3321958503557325,3.0313421753559084,0.9375368803739584,-0.0067688943818211555,-0.0006768894381821156,-0.13453142642378887,-0.13453142642379565,214.81994031900197,214.81994031900197,214.95447174542576,214.8313875757127,-0.01144725671073843,-0.6072241742754312,0.40481612279545515,0.22155149963244622,9.549903487307494,3.685591914711182,40.221543780127085,25.858965664311295,-0.5380928279850821,0.0,33.862278182676164,0.006868354026437373
baseline,420000,175,Z_mode_existing_controller,25.32153901835694,50.16441198223339,-35.10461430895975,0.5646833812468304,0.9323673248291016,False,False,-0.9323673248291016,-0.09323673695325851,-3.1101297414569253,-3.110129741456928,197.51827606576765,197.51827606576765,200.62840580722457,199.14192148166867,-1.6236454159010236,-3.335734221389685,3.027803804321956,0.9323673695325856,-0.011952833272516727,-0.0011952833738178015,-0.16437326856959256,-0.16437326856960174,214.82047584460744,214.82047584460744,214.98484911317703,214.88413605001563,-0.0636602054081834,-0.6072241742754312,0.40481612279545515,0.2706961868995742,8.899752234395793,6.260934306270996,34.17945213307884,27.67279042414307,-0.566541876993897,0.0,35.63296006270866,0.038196123244915725
baseline,420000,176,Z_mode_existing_controller,25.348177518738296,50.16576761894725,-39.46693878101178,0.6307134915652234,0.9496276378631592,False,False,-0.9496276378631592,-0.09496276825666428,-3.1709784793679323,-3.1709784793679354,191.87357217220543,191.87357217220543,195.04455065157336,193.64152526521772,-1.767953093012295,-3.3391807521843173,3.0243572735273236,0.9496276825666436,-0.0022039751056581736,-0.00022039751638658345,-0.1090159683530767,-0.10901596835308086,213.76788661797846,213.76788661797846,213.87690258633154,213.79443906471337,-0.026552446734910973,-0.6072241742754312,0.40481612279545515,0.17953166716915364,10.574984017609834,6.130047262552656,38.1537472288741,25.344985152342595,-0.6370753012865293,0.0,40.088082614256564,0.015931468040946584
baseline,420000,177,Z_mode_existing_controller,25.346016172255677,50.165553779773816,-40.74737095049204,0.6496390341912265,0.9440590739250183,False,False,-0.9440590739250183,-0.09440591186285019,-3.1556648677705224,-3.15566486777051,191.998385145303,191.99838514530302,195.15405001307352,193.8201332220811,-1.8217480767780785,-3.342655989971232,3.020882035740409,0.9440591186284978,-0.002199808368459344,-0.0002199808368459344,-0.10842800018636203,-0.10842800018634885,213.78652541800093,213.78652541800096,213.8949534181873,213.82918251843833,-0.042657100437367035,-0.6072241742754312,0.40481612279545515,0.17856337869902875,10.668780422040587,3.81158301085284,38.32851551860625,27.97510006852491,-0.6575773076718932,0.0,41.37935399790149,0.025594260262437274
baseline,420000,178,Z_mode_existing_controller,25.322086160062163,50.166986397632996,-42.87311729652902,0.6628909987095877,0.9475178122520447,False,False,-0.9475178122520447,-0.09475178271532059,-3.1704311348846512,-3.1704311348846375,196.37368905578182,196.37368905578182,199.54412019066646,198.263475316122,-1.8897862603401734,-3.3460385061145863,3.017499519597055,0.9475178271532015,0.0017395002068951726,0.0001739500294206664,-0.0857034644976419,-0.08570346449764868,214.835922746995,214.835922746995,214.92162621149265,214.869936394742,-0.03401364774700255,-0.6072241742754312,0.40481612279545515,0.14113974398320708,11.50333022555261,3.7096294263678695,40.895297679473344,23.07106530238022,-0.6917613603351498,0.0,43.54447046821588,0.020408188648218584
baseline,420000,179,Omega_safe_one_step_QP,25.288189228535938,50.16659671146547,-75.48415053402368,1.2414335543996875,0.9442176818847656,False,False,-0.9442176818847656,-0.09442176669836044,-4.707581387004501,-4.7075813870044945,201.21686717761094,201.21686717761094,205.92444856461543,204.6839567798454,-3.4670896022344664,-4.985695090882306,2.773093971617695,0.9442176669836032,-0.3900584280490875,-0.03900584205985069,-1.728592421966713,-1.7285924219667224,214.5399257373448,214.5399257373448,216.2685181593115,216.22901952765002,-1.689093790305236,-3.324381777908816,3.3260088470911846,0.5199740996818013,6.412511362856389,5.468922329518988,46.73147201551611,24.738174213024035,-1.2072820420224808,0.0,75.67797630186305,1.0134562741831417
baseline,420000,180,Z_mode_existing_controller,25.353015352743512,50.16676355559999,-24.375677344576616,0.39683088817214707,0.9230824708938599,False,False,-0.9230824708938599,-0.09230824559926987,-3.0901354022600507,-3.090135402260064,190.21391291891157,190.21391291891155,193.30404832117162,191.38179641829385,-1.1678834993822989,-3.3476266201342404,3.0159114055774006,0.9230824559927024,-0.005660242401063442,-0.0005660242750309408,-0.12657463373551073,-0.1265746337355038,213.4441369308227,213.4441369308227,213.57071156455822,213.4171485371158,0.026988393706915303,-0.6072241742754312,0.40481612279545515,0.20844794904046546,9.98765009636196,6.325420481009872,38.29334760445598,23.655848013960487,-0.3921658031042732,0.0,24.7840361839053,-0.016193036224137813
baseline,420000,181,Z_mode_existing_controller,25.359803328645608,50.16513402947688,-26.370179912892127,0.4360225016219216,0.9081407785415649,False,False,-0.9081407785415649,-0.09081407636404037,-3.0430055310279003,-3.0430055310278856,188.64993603068575,188.64993603068575,191.69294156171364,189.9139111389948,-1.2639751083090403,-3.350808214829611,3.01272981088203,0.9081407636403991,-0.006788723170757294,-0.0006788723403587937,-0.13167256991871712,-0.1316725699187296,213.0071673926866,213.0071673926866,213.13883996260532,213.01308454180813,-0.005917149121529519,-0.6072241742754312,0.40481612279545515,0.21684342537226486,9.405143902334434,5.667735709909887,41.80296523286932,24.147016594603166,-0.42442674280433934,0.0,26.79105636622353,0.003550289472926238
baseline,420000,182,Omega_safe_one_step_QP,25.369925136085183,50.16366824810138,-23.950148700512727,0.3869570727394098,0.8401530981063843,False,False,-0.8401530981063843,-0.08401530981063843,-2.8034067096911435,-2.8034067096911572,186.63189874220083,186.6318987422008,189.43530545189196,187.76898214538048,-1.1370834031796733,-3.336780779609958,4.422008282890042,0.8401530981063887,-0.04631102830171585,-0.0046311030164361,0.10543514782482208,0.1054351478248304,212.68324563957822,212.68324563957822,212.57781049175338,212.47453901144164,0.20870662813658214,-2.9553110111530034,3.6950796138469966,0.02853393129331264,11.303933134499307,3.388352905037527,35.048505572593015,28.046275234218495,-0.386344460082789,0.0,24.461717137477535,-0.12522397688195497
baseline,420000,183,Z_mode_existing_controller,25.32552034219122,50.16417720690274,-24.58694205066149,0.38564600300287816,0.9348803758621216,False,False,-0.9348803758621216,-0.09348803758621216,-3.1337321723123495,-3.1337321723123397,195.2186774740282,195.2186774740282,198.35240964634053,196.38322030566167,-1.1645428316334687,-3.3520140685619877,3.0115239571496533,0.9348803758621184,-0.007143727969378233,-0.0007143727852962911,-0.1364581712309708,-0.1364581712309569,214.36302232746488,214.36302232746488,214.49948049869585,214.34696664552334,0.016055681941537614,-0.6072241742754312,0.40481612279545515,0.22472453668990583,11.059892338027394,4.657929437037241,37.31276311829498,23.462191202947775,-0.3948522377670187,0.0,24.99142769759328,-0.009633409164905515
baseline,420000,184,Omega_safe_one_step_QP,25.305194370957725,50.16342113855134,-58.247952367181824,0.8970435861413647,0.9477934241294861,False,False,-0.9477934241294861,-0.09477934241294861,-4.360817335498409,-4.360817335498416,197.71688913244796,197.71688913244796,202.07770646794637,200.25729641831919,-2.5404072858712254,-4.6010208812154,3.1577681812846,0.9477934241294874,-0.12576989829540253,-0.012576989829540253,-0.4610243939895783,-0.46102439398958484,214.79654374334606,214.79654374334606,215.25756813733565,215.13412851629442,-0.337584772948361,-3.2232867757112302,3.4271038492887698,0.14302928224183778,11.295758916520166,5.174343247499159,44.964473430867656,26.632933587745548,-0.9380115412961203,0.0,58.98341304470978,0.20255086376900522
baseline,420000,185,Omega_safe_one_step_QP,25.291426975217103,50.165693098416504,-50.374945248054246,0.8030872462504296,0.9510999321937561,False,False,-0.9510999321937561,-0.09510999172925949,-4.647940004999544,-4.647940004999537,200.28866089107476,200.28866089107478,204.9366008960743,202.57621792936595,-2.287557038291169,-4.886910324028195,2.871878738471806,0.9510999172925935,-0.35799819231033325,-0.035799819976091385,-1.559630162451619,-1.5596301624516227,214.42695478090965,214.42695478090965,215.98658494336127,215.77557461378763,-1.3486198328779722,-3.296188456313793,3.354202168686207,0.4731617087803877,8.669404819244214,6.131948082979714,39.08082083777424,25.850080828022833,-0.8013051664721544,0.0,50.36707851479969,0.8091718997267776
baseline,420000,186,Z_mode_existing_controller,25.324394749927155,50.16666838130261,-3.499657250054952,0.05704429734208364,0.9470195174217224,False,False,-0.9470195174217224,-0.09470195323228836,-3.173926162544212,-3.1739261625442223,195.42011247963396,195.42011247963393,198.59403864217816,195.7332125215271,-0.31310004189316487,-3.3514896517066477,3.0120483740049937,0.9470195323228863,-0.008276031352579594,-0.0008276031585410237,-0.14431919208909294,-0.14431919208910612,214.531560570763,214.53156057076296,214.67587976285208,214.38070820026542,0.15085237049754596,-0.6072241742754312,0.40481612279545515,0.23767036656818655,8.89148208518917,3.948684118306373,37.89575353337036,26.142437988993063,-0.05425607097137153,0.0,3.6444247433246346,-0.09051142229853326
baseline,420000,187,Z_mode_existing_controller,25.333632141790368,50.16702888588277,-10.344471680877177,0.1650395021026174,0.945736825466156,False,False,-0.945736825466156,-0.09457368403673172,-3.172692416912806,-3.172692416912812,193.2984880752489,193.2984880752489,196.47118049216172,193.8914400981717,-0.5929520229227876,-3.3547307046646893,3.008807321046952,0.9457368403673188,-0.005845552776008844,-0.0005845552659593523,-0.12995280474133244,-0.12995280474131893,214.11940213827623,214.11940213827623,214.24935494301755,214.00336652538005,0.11603561289618369,-0.6072241742754312,0.40481612279545515,0.21401125028723503,10.621958399400981,6.224295162144038,39.55076162847393,24.724380306149822,-0.1643072125240863,0.0,10.578400261138995,-0.06962136773771022
baseline,420000,188,Z_mode_existing_controller,25.333399460236443,50.16678889383877,-16.37939629462562,0.2577076457662892,0.9439170360565186,False,False,-0.9439170360565186,-0.09439170360565186,-3.16958470916422,-3.169584709164218,193.05874849431578,193.05874849431578,196.22833320348,193.89313446498005,-0.8343859706642718,-3.3579060320873757,3.0056319936242653,0.9439170360565178,-0.005898764822632074,-0.0005898764939047396,-0.13008032509720727,-0.13008032509720763,214.05957481082282,214.05957481082282,214.18965513592002,213.9878004537003,0.07177435712253555,-0.6072241742754312,0.40481612279545515,0.21422125568769668,11.469010197442895,4.20590169852203,40.067457374835854,22.854714504749502,-0.2614938359571468,0.0,16.683954744857147,-0.0430646142735327
baseline,420000,189,Omega_safe_one_step_QP,25.30164693528513,50.16566365905425,-47.92754661332765,0.7810175392045141,0.9498531818389893,False,False,-0.9498531818389893,-0.09498532116413116,-4.383415468811938,-4.383415468811937,197.83242821654807,197.83242821654807,202.21584368536,200.0858850316182,-2.2534568150701375,-4.614834602956763,3.1439544595432376,0.9498532116413113,-0.026513395830988884,-0.002651339629665017,-0.0351871683017568,-0.03518716830176755,215.37435909549822,215.3743590954982,215.40954626379997,215.24589215851142,0.1284669369867686,-3.238484588357661,3.411906036642339,0.01086531905332058,7.92906020496612,4.598757483137689,39.34013088270635,24.314705199525207,-0.7761308870403915,0.0,48.78075766256006,-0.07708016219206115
baseline,420000,190,Z_mode_existing_controller,25.333397337314665,50.16510939107095,-7.249841472085791,0.11897784950070886,0.9283609986305237,False,False,-0.9283609986305237,-0.09283610433340073,-3.1183993346870666,-3.118399334687058,193.0267091890676,193.0267091890676,196.14510852375466,193.5052204270871,-0.47851123801950735,-3.3590372593490265,3.0045007663626144,0.9283610433340047,-0.008851196616888046,-0.0008851196616888046,-0.14579991734340048,-0.14579991734340117,213.92267062429187,213.92267062429187,214.06847054163526,213.82092761905662,0.10174300523524948,-0.6072241742754312,0.40481612279545515,0.2401088815631831,9.012935562871581,5.902341187596512,40.99563955559125,25.56631998999848,-0.1144705452005148,0.0,7.425357820427962,-0.06104580314112695
baseline,420000,191,Z_mode_existing_controller,25.35443835381156,50.16500388464493,-10.77849807243183,0.17823175068928362,0.900919497013092,False,False,-0.900919497013092,-0.09009195119142532,-3.0289298242391802,-3.0289298242391793,188.69352061127088,188.69352061127088,191.72245043551007,189.31862524797597,-0.625104636705089,-3.3620426510725463,3.0014953746390947,0.9009195119142529,-0.00730413431301713,-0.0007304134196601808,-0.1339607781073164,-0.13396077810732057,212.98918987418537,212.98918987418537,213.12315065229268,212.91732658629144,0.07186328789393315,-0.6072241742754312,0.40481612279545515,0.22061173415430793,9.537496399878385,5.197403082045942,40.71042382280636,20.894717452385155,-0.1712348628294258,0.0,10.992850907997308,-0.043117972736354204
baseline,420000,192,Omega_safe_one_step_QP,25.358498261952114,50.16154840152475,-16.95870733841184,0.2842797999217965,0.8960587382316589,False,False,-0.8960587382316589,-0.08960587531328201,-3.1037492263891395,-3.1037492263891258,187.60153546666774,187.60153546666777,190.70528469305688,188.50169541362172,-0.9001599469539485,-3.4637787037264522,4.295010358773549,0.8960587531328158,-0.05508800968527794,-0.005508800968527794,0.07518597184476977,0.07518597184476422,212.78707515588292,212.78707515588292,212.71188918403814,212.54213384210973,0.2449413137731824,-2.96871888038148,3.68167174461852,0.020421693475161973,8.911816578640305,4.430083491329835,39.503760551052665,24.284793197542278,-0.2735914663587984,0.0,17.37926359303401,-0.14696478826390091
baseline,420000,193,Omega_safe_one_step_QP,25.36524001696722,50.159721978387665,-7.786332110544208,0.12749694336276352,0.892297089099884,False,False,-0.892297089099884,-0.08922971040010452,-2.990891075891707,-2.9908910758916973,186.59561120829858,186.59561120829858,189.5865022841903,187.0889018327944,-0.4932906244958133,-3.35190046283979,4.406888599660211,0.8922971040010421,-0.12024281173944473,-0.012024281546473503,-0.18318811040441835,-0.18318811040441974,212.1719051526821,212.1719051526821,212.3550932630865,212.13606194566094,0.03584320702114496,-2.9330392882863157,3.717351336713685,0.06245675301248722,10.664631969919148,5.229424494929746,38.284022027822964,28.643074562375418,-0.12167352509215945,0.0,7.929511559848834,-0.02150592421268982
baseline,420000,194,Z_mode_existing_controller,25.349459217186578,50.16072110883746,-5.868902214593618,0.0924594521242164,0.927318811416626,False,False,-0.927318811416626,-0.09273188561201096,-3.1165204198250693,-3.1165204198250693,189.75420195453376,189.75420195453376,192.87072237435882,190.1635168953911,-0.40931494085734244,-3.3607862055825675,3.002751820129074,0.9273188561201094,-0.006938551086932421,-0.0006938551086932421,-0.1344910884173628,-0.13449108841735585,212.96681838103382,212.96681838103382,213.10130946945117,212.8469204165192,0.11989796451462098,-0.6072241742754312,0.40481612279545515,0.22148506946028132,12.308102985248873,5.57673883130364,41.59722820266083,26.468638076149528,-0.09054065322286675,0.0,6.031381646525915,-0.07193877870878396
baseline,420000,195,Z_mode_existing_controller,25.316041789070475,50.16162706444875,-13.205147633070737,0.21063685939021248,0.9392897486686707,False,False,-0.9392897486686707,-0.0939289778470993,-3.159541777283406,-3.1595417772833976,196.01568407806624,196.01568407806624,199.17522585534965,196.74237642685705,-0.7266923487908059,-3.3637561588571883,2.999781866854453,0.9392897784709903,-0.008092643693089485,-0.0008092643693089485,-0.14246271202357427,-0.14246271202356803,214.3627513554775,214.36275135547754,214.5052140675011,214.30027548551206,0.062475869965481934,-0.6072241742754312,0.40481612279545515,0.23461304417526085,9.943567969385727,3.4718315822020376,35.00116300971806,26.454540184301003,-0.2102886638036061,0.0,13.45292181885361,-0.03748552197930621
baseline,420000,196,Z_mode_existing_controller,25.303437650648736,50.162344502186734,-17.886555063215383,0.28380073315135146,0.9373629093170166,False,False,-0.9373629093170166,-0.09373629093170166,-3.155853313231854,-3.1558533132318627,198.22211630265912,198.22211630265912,201.37796961589098,199.1474710603287,-0.9253547576695951,-3.36673585210586,2.996802173605781,0.9373629093170193,-0.018275678157806396,-0.0018275678157806396,-0.20191501152909894,-0.20191501152909686,214.8203378156035,214.8203378156035,215.0222528271326,214.8540918248021,-0.03375400919861704,-0.6072241742754312,0.40481612279545515,0.33252136539200117,9.714245753006178,3.6740058919778966,38.78682442976812,20.54232362524476,-0.2854782163244849,0.0,18.151780874020915,0.020252405519187278
baseline,420000,197,Omega_safe_one_step_QP,25.299576811533154,50.1600610133512,-50.310155474885505,0.7893803470592129,0.9478129148483276,False,False,-0.9478129148483276,-0.094781294465065,-4.343905655406412,-4.343905655406414,197.55442476040395,197.55442476040395,201.89833041581036,199.82933965386647,-2.2749148934625225,-4.583083276001798,3.1757057864982023,0.9478129446506506,-0.10252673178911209,-0.010252673178911209,-0.33423271346619754,-0.3342327134662072,214.6728753136007,214.6728753136007,215.00710802706692,214.8689353223124,-0.19606000871169726,-3.198240764684357,3.452149860315643,0.10450517583193694,10.24301257314088,4.737320470947284,42.2898795830557,21.015820007424054,-0.8102749726227785,0.0,51.00279444228181,0.11763600522701267
baseline,420000,198,Omega_safe_one_step_QP,25.296853647337688,50.15838161362658,-39.48267819565808,0.6206903206682265,0.9509134292602539,False,False,-0.9509134292602539,-0.09509134292602539,-4.42980360502753,-4.4298036050275265,198.22241426523922,198.22241426523922,202.65221787026675,200.0652481760598,-1.8428339108205876,-4.658472021447438,3.1003170410525627,0.950913429260253,-0.010076232254505157,-0.0010076232720166445,0.07116700364624642,0.07116700364624591,215.1296136511955,215.1296136511955,215.05844664754926,214.83544719575482,0.2941664554406884,-3.2033746267325913,3.4470159982674087,0.020645974280948203,10.065754346802938,6.399062990275618,34.87521414353252,26.987309644958977,-0.6391340427268695,0.0,40.298312111649466,-0.17649987326441874
baseline,420000,199,Z_mode_existing_controller,25.308501252862268,50.15977704023097,0.9694261967551938,-0.015517880612648225,0.9425557255744934,False,False,-0.9425557255744934,-0.09425557404756546,-3.1720833444095793,-3.1720833444095717,197.3608614234597,197.3608614234597,200.53294476786928,197.50322737492192,-0.1423659514622102,-3.3654066366502735,2.9981313890613674,0.9425557404756519,-0.006674045231193304,-0.000667404558043927,-0.13448377672098388,-0.13448377672098943,214.53857374468902,214.53857374468902,214.67305752141002,214.37790374507333,0.16066999961569195,-0.6072241742754312,0.40481612279545515,0.22147302827899085,9.572970574319843,4.797649728796543,41.510799456024735,25.06296825733948,0.019110390234155616,0.0,-0.8921345872195161,-0.09640199976942654
baseline,420000,200,Z_mode_existing_controller,25.316232575875812,50.16024724295637,-5.544063546239158,0.09045089013425671,0.9371472597122192,False,False,-0.9371472597122192,-0.09371472895145416,-3.156664146257572,-3.156664146257561,195.57402554481087,195.5740255448109,198.73068969106845,195.99406218397053,-0.4200366391596333,-3.3683756881938796,2.995162337517762,0.937147289514538,-0.007580704987049103,-0.0007580704987049103,-0.13924719339342834,-0.13924719339342764,214.18122037274995,214.18122037274995,214.32046756614338,214.0761865315148,0.10503384123515502,-0.6072241742754312,0.40481612279545515,0.2293176050831376,8.773049215610811,3.4405033697697087,38.24154936584756,22.83598443086222,-0.08657000580105212,0.0,5.6936538567806565,-0.06302030474108733
baseline,420000,201,Z_mode_existing_controller,25.323990287662962,50.15865048862835,-11.184841762462383,0.1794266300396937,0.9352366924285889,False,False,-0.9352366924285889,-0.09352367371320724,-3.152927954984888,-3.152927954984895,193.80223878173413,193.8022387817341,196.955166736719,194.45329683338593,-0.6510580516518303,-3.371261873922343,2.992276151789298,0.9352367371320746,-0.003974014427512884,-0.0003974014543928206,-0.11792758405291467,-0.11792758405292578,213.73653000461266,213.73653000461266,213.85445758866558,213.65130592150365,0.08522408310901142,-0.6072241742754312,0.40481612279545515,0.19420765682401,10.147888186772994,3.642072426744487,41.57752896275094,26.138536023955922,-0.17728757132790918,0.0,11.413263783655566,-0.051134449865401166
baseline,420000,202,Z_mode_existing_controller,25.31010579451496,50.159395873515344,-16.00104119446496,0.25957828803045135,0.9379153251647949,False,False,-0.9379153251647949,-0.09379153698682785,-3.164606572738575,-3.1646065727385646,196.25972660185246,196.25972660185246,199.42433317459103,197.1270554748715,-0.8673288730190336,-3.3740854179444946,2.9894526077671464,0.9379153698682752,-0.008364728651940823,-0.0008364729001186788,-0.1439173608962653,-0.14391736089625384,214.28562704176213,214.28562704176213,214.4295444026584,214.2633645130228,0.022262528739332765,-0.6072241742754312,0.40481612279545515,0.23700861558745234,8.854106613796894,2.327843894093311,41.09944006741919,27.468148128579994,-0.25555557869708956,0.0,16.269954290404712,-0.013357517243605344
baseline,420000,203,Z_mode_existing_controller,25.309822107515952,50.16091180388707,-21.514008063460096,0.3293419910058684,0.9458418488502502,False,False,-0.9458418488502502,-0.09458418935537338,-3.1939868913170972,-3.1939868913171043,196.01262551296276,196.01262551296276,199.20661240427987,197.06436992846503,-1.0517444155022702,-3.3768718779378593,2.9866661477737817,0.9458418935537357,-0.007879701443016529,-0.0007879701443016529,-0.14187849941045133,-0.1418784994104437,214.33302392093478,214.33302392093478,214.47490242034522,214.337021441064,-0.003997520129217946,-0.6072241742754312,0.40481612279545515,0.2336509404944885,12.399442689545523,4.164429936295117,35.504239759581125,22.121360388446693,-0.34296193761937843,0.0,21.85457148900332,0.002398512077547821
baseline,420000,204,Omega_safe_one_step_QP,25.26305819423261,50.15966902143186,-66.98577628778457,1.0286041654788032,0.9514079689979553,False,False,-0.9514079689979553,-0.09514079988002777,-4.958510824219317,-4.958510824219317,203.22659389890885,203.22659389890887,208.18510472312818,206.19714739997576,-2.970553501066888,-5.211760706733582,2.547028355766419,0.9514079988002775,-0.26178812980651855,-0.026178812608122826,-1.1653391035526044,-1.1653391035526017,215.16047211256404,215.16047211256404,216.32581121611665,216.21810676019734,-1.0576346476333072,-3.330111083589329,3.3202795414106716,0.34994000929739316,10.09567319845299,5.954428946019595,36.32299980193665,26.007538851931713,-1.0724903277148385,0.0,67.4236858269187,0.6345807885799957
baseline,420000,205,Omega_safe_one_step_QP,25.27524940893007,50.16140189419624,-44.24381563235329,0.6991586298901349,0.9413470029830933,False,False,-0.9413470029830933,-0.09413470327854156,-4.698173947620542,-4.698173947620549,201.27837726644137,201.27837726644137,205.9765512140619,203.3425665569665,-2.064189290525121,-4.990905355826953,2.7678837066730466,0.9413470327854171,-0.20693153142929077,-0.020693153142929077,-0.8857585945644099,-0.885758594564399,215.05423107941866,215.05423107941866,215.93998967398306,215.72560105760527,-0.6713699781866183,-3.2915289293759704,3.3588616956240296,0.2691024789906151,9.025759460635706,4.744351454894435,44.81591964297923,24.895929201978735,-0.7072586486606021,0.0,44.548252294101985,0.4028219869119596
baseline,420000,206,Omega_safe_one_step_QP,25.295436857492778,50.16244440308941,-24.96829374205481,0.39123824916876,0.9489572644233704,False,False,-0.9489572644233704,-0.09489572793245316,-4.377345014912154,-4.3773450149121675,197.81809865366546,197.81809865366543,202.1954436685776,199.06074244536964,-1.2426437917042108,-4.612794601278522,3.1459944612214787,0.9489572793245346,-0.019633987918496132,-0.0019633988849818707,0.017136648367385536,0.0171366483673812,215.19589269403735,215.19589269403733,215.17875604566996,214.8804783794549,0.3154143145824264,-3.2154055665446593,3.4349850584553407,0.00498885674195255,10.501953830021886,5.729865519818503,38.28813499866824,25.357604325951087,-0.40283773622095964,0.0,25.560380067025108,-0.18924858874947859
baseline,420000,207,Omega_safe_one_step_QP,25.295960248881265,50.16316788344931,-15.759730960563502,0.25908776486072516,0.9477334022521973,False,False,-0.9477334022521973,-0.09477334469556808,-4.380697363688185,-4.380697363688181,197.90968477254438,197.9096847725444,202.29038213623258,198.80446082696238,-0.8947760544179744,-4.622288448044021,3.1365006144559797,0.9477334469556802,-0.01696730963885784,-0.0016967309638857841,0.02423440192496594,0.024234401924953276,215.25143080279466,215.25143080279466,215.2271964008697,214.87119857256806,0.38023223022659636,-3.220249602064636,3.4301410229353646,0.00706513282191953,7.6980412661602955,3.312756977891026,38.76293599536138,27.300257812176124,-0.2554000027201382,0.0,16.243270301419216,-0.22813933813594645
baseline,420000,208,Z_mode_existing_controller,25.32302875994011,50.16433618523585,18.557833673787172,-0.3162876558463843,0.9436500668525696,False,False,-0.9436500668525696,-0.09436500817537308,-3.1806429989941822,-3.1806429989941853,193.96225391186073,193.96225391186073,197.14289691085492,193.34180257238665,0.6204513394740729,-3.37057460227535,2.992963423436291,0.9436500817537316,-0.009530475363135338,-0.0009530475363135338,-0.15132611698089882,-0.1513261169809096,214.03033357857487,214.03033357857487,214.18165969555577,213.77207172155067,0.2582618570241948,-0.6072241742754312,0.40481612279545515,0.2492096385350256,6.842864546066214,5.706611736349055,39.589909345869025,29.27536224510079,0.30281374589715426,0.0,-18.705690305469943,-0.1549571142145112
baseline,420000,209,Omega_safe_one_step_QP,25.37538536562623,50.165924270398065,22.10637219153523,-0.3699991628708545,0.888029158115387,False,False,-0.888029158115387,-0.08880291879177094,-2.705860716070789,-2.7058607160707764,183.8320398598735,183.8320398598735,186.5379005759443,183.11530180343235,0.7167380564411587,-3.04704029201519,4.71174877048481,0.8880291879177051,-0.0368998758494854,-0.0036899875849485397,0.21503182006795615,0.21503182006795477,212.22796422060733,212.22796422060733,212.01293240053937,211.6661253170495,0.5618389035578275,-2.898823202031603,3.7515674229683973,0.05731786099630127,10.300755805858746,4.302639106271464,36.98480589039618,24.723152121145453,0.3593725850615428,0.0,-22.128641434462224,-0.3371033421346965
baseline,420000,210,Omega_safe_one_step_QP,25.354496222277316,50.16392301508273,11.97203098486716,-0.20075985705269356,0.9007309675216675,False,False,-0.9007309675216675,-0.0900731012225151,-3.13595038268826,-3.135950382688249,187.74716192526603,187.74716192526606,190.8831123079543,187.43571324796704,0.31144867729901193,-3.4815614652161924,4.277227597283808,0.9007310122251476,-0.08855907618999481,-0.008855908177793026,-0.08061833184665676,-0.08061833184666786,212.7319970155374,212.7319970155374,212.81261534738405,212.46001999418098,0.2719770213564061,-2.9787914967160707,3.6715991282839298,0.027064107016400604,9.15446182268948,4.450951710444932,44.36307591988832,23.654314605732544,0.19688288743839877,0.0,-12.00572765949073,-0.16318621281384083
baseline,420000,211,Omega_safe_one_step_QP,25.359309035538708,50.16213957317602,16.574197791077495,-0.2815202246590595,0.8918371796607971,False,False,-0.8918371796607971,-0.08918371796607971,-3.040036815411442,-3.04003681541145,187.11481315919426,187.11481315919426,190.1548499746057,186.60321310582418,0.5116000533700742,-3.4087352318813324,4.350053830618668,0.8918371796607999,-0.06131063401699066,-0.0061310636810958385,0.06130162492620078,0.06130162492619176,212.60265356729602,212.60265356729602,212.54135194236983,212.1692345986531,0.4334189686429113,-2.951665156214647,3.698725468785353,0.016573715849833803,8.59225411190218,7.1647960275950044,40.599176578003245,22.800991071483633,0.2697289327470749,0.0,-16.583875342639658,-0.2600513811857468
baseline,420000,212,Omega_safe_one_step_QP,25.39073882740831,50.15933535766565,35.225454238058774,-0.593057809114973,0.8412047028541565,False,False,-0.8412047028541565,-0.08412047475576401,-2.3654580534011136,-2.3654580534011136,181.82192433044352,181.82192433044352,184.18738238384464,180.56108946067053,1.2608348697729923,-2.811988472805226,4.946800589694774,0.84120474755764,-0.02275478094816208,-0.002275478094816208,0.3352057522490487,0.33520575224905286,211.42773246658598,211.427732466586,211.09252671433694,210.7056251002604,0.7221073663256163,-2.8067826334113604,3.84360799158864,0.08721122262796253,10.569426061946945,3.5338307956996946,37.73988270295906,20.956250898236892,0.5709009383782302,0.0,-35.36309075664121,-0.4332644197953641
baseline,420000,213,Omega_safe_one_step_QP,25.35731540856027,50.15489329917294,14.08872188747955,-0.2244880654238252,0.9063462615013123,False,False,-0.9063462615013123,-0.09063462913036346,-3.1679309399902733,-3.1679309399902786,187.85233223585195,187.85233223585195,191.02026317584222,187.4723519475989,0.3799802882530514,-3.495276552004985,4.263512510495016,0.9063462913036361,-0.11376731097698212,-0.011376731097698212,-0.1424920877682541,-0.14249208776826103,212.1411407077542,212.1411407077542,212.28363279552246,211.90789710721228,0.2332436005419254,-2.9258932415299115,3.7244973834700885,0.048700371478268216,12.265407217537003,6.169153953947357,41.133073943710855,24.349169811518088,0.23311150039927497,0.0,-14.181887227553489,-0.1399461603251524
baseline,420000,214,Z_mode_existing_controller,25.328746045461912,50.15417995128833,16.841132316995754,-0.26428210771813815,0.9205108284950256,False,False,-0.9205108284950256,-0.09205108135938644,-3.095523359983239,-3.0955233599832344,193.7529817483204,193.7529817483204,196.84850510830364,193.25443622191978,0.4985455264006191,-3.3628321517459168,3.0007058739657246,0.9205108135938629,-0.009671952575445175,-0.0009671952575445175,-0.14981303519076145,-0.14981303519075623,213.32487834145454,213.32487834145454,213.4746913766453,213.09049416323865,0.23438417821589042,-0.6072241742754312,0.40481612279545515,0.24671783755895468,11.785718729685335,5.482463321503667,38.55153185014586,28.20154358427268,0.2774958216139538,0.0,-16.97799763168041,-0.14063050692953993
baseline,420000,215,Z_mode_existing_controller,25.304330086300144,50.15637334550361,3.7300695023777735,-0.06161692927930887,0.9501010179519653,False,False,-0.9501010179519653,-0.09501010179519653,-3.19779229036174,-3.1977922903617317,198.17131572241578,198.1713157224158,201.36910801277753,198.19480552085642,-0.0234897984406075,-3.3657392529216428,2.997798772789998,0.9501010179519629,-0.007076731882989407,-0.0007076731999404728,-0.13760613207489739,-0.1376061320748908,214.43379477659852,214.43379477659852,214.5714009086734,214.25936236454893,0.17443241204958326,-0.6072241742754312,0.40481612279545515,0.22661504252377468,7.565307269872814,5.250405523260383,45.593546643080984,23.263588622710465,0.0628549974824546,0.0,-3.6882650526304133,-0.10465944722974996
baseline,420000,216,Z_mode_existing_controller,25.34804956102919,50.155527084816,-0.43246158799229306,0.007064442126054543,0.9152129292488098,False,False,-0.9152129292488098,-0.09152129292488098,-3.083124739931757,-3.083124739931771,189.40064721505715,189.40064721505712,192.4837719549889,189.60443813535144,-0.203790920294324,-3.368751294261468,2.994786731450173,0.9152129292488138,-0.002785491058602929,-0.0002785491233225912,-0.10893929754460449,-0.10893929754459547,212.5215219929209,212.5215219929209,212.6304612904655,212.36853622861972,0.15298576430117805,-0.6072241742754312,0.40481612279545515,0.17940540274864225,10.199459130925376,6.048939004946576,37.71298987857202,22.276900009882958,-0.0031924572839017173,0.0,0.5274455038570522,-0.09179145858070115
baseline,420000,217,Z_mode_existing_controller,25.348577376594946,50.152986913806814,-7.612549766477969,0.12652613318364267,0.9233988523483276,False,False,-0.9233988523483276,-0.092339888215065,-3.1132600030932744,-3.113260003093273,189.04194707192232,189.04194707192232,192.1552070750156,189.5516555498156,-0.5097084778932697,-3.371522386774295,2.992015638937346,0.9233988821506494,0.0010947543196380138,0.00010947543341899291,-0.08703914115381628,-0.08703914115381767,212.33187589426797,212.33187589426797,212.41891503542178,212.205357180459,0.12651871380896296,-0.6072241742754312,0.40481612279545515,0.14333938739786986,9.17616216693788,5.326876652280298,40.713970038895425,28.25477675294112,-0.12010569598221288,0.0,7.808566690745465,-0.07591122828537777
baseline,420000,218,Omega_safe_one_step_QP,25.359528583575493,50.15395046039618,-7.723116159977508,0.13185249622854225,0.8660091757774353,False,False,-0.8660091757774353,-0.08660092204809189,-2.915306484833733,-2.9153064848337205,186.81587991569026,186.8158799156903,189.731186400524,187.34331736851738,-0.5274374528270869,-3.366368874473163,4.392420188026837,0.8660092204809154,-0.04127395898103714,-0.0041273958049714565,0.19072178676308726,0.19072178676307477,212.15201997737984,212.15201997737984,211.96129819061676,211.78594884218035,0.3660711351994905,-2.893659781039341,3.7567308439606597,0.050768020037868865,8.111772273668313,5.384168745548088,41.572485164290946,27.172186468503554,-0.12477839873290453,0.0,8.067537239830017,-0.21964268111969432
baseline,420000,219,Omega_safe_one_step_QP,25.385673565177324,50.153685739311136,7.9211296074836355,-0.13189720793727142,0.8731855750083923,False,False,-0.8731855750083923,-0.08731856197118759,-2.507555588506431,-2.507555588506423,182.27726782138902,182.27726782138902,184.78482340989544,182.14238410579685,0.13488371559216716,-2.8717325754103062,4.887056487089694,0.8731856197118736,-0.055347684770822525,-0.00553476857021451,0.22616486412360692,0.22616486412360554,211.1024314769792,211.1024314769792,210.8762666128556,210.65725345666215,0.44517802031705855,-2.7851566232632257,3.8652340017367752,0.05851259303369015,10.847732960181364,3.6938244998967473,38.56371635744561,20.244647093606734,0.13001909280808377,0.0,-7.784041888102365,-0.26710681219023513
baseline,420000,220,Z_mode_existing_controller,25.349713653501762,50.1490378876694,-3.3384669160041085,0.05589951735785823,0.9153544306755066,False,False,-0.9153544306755066,-0.09153544157743454,-3.0846374391410145,-3.08463743914102,189.04449384604357,189.04449384604354,192.12913128518457,189.37248788091998,-0.32799403487643985,-3.3698831687303996,2.9936548569812413,0.915354415774347,-0.0069791884161531925,-0.0006979188765399158,-0.13351827481675113,-0.1335182748167428,212.03094955978025,212.03094955978025,212.164467834597,211.92579675829253,0.10515280148771922,-0.6072241742754312,0.40481612279545515,0.21988300280709866,8.780969976176353,5.686017484951714,42.98246407339644,25.141254753114552,-0.050670608678618834,0.0,3.45222920557444,-0.06309168089262585
baseline,420000,221,Omega_safe_one_step_QP,25.37012167175841,50.1481850418474,-0.33881540502625285,0.005665044645149301,0.8541213870048523,False,False,-0.8541213870048523,-0.08541213721036911,-2.7157413909276324,-2.715741390927638,185.14748787428218,185.14748787428218,187.8632292652098,185.34604667228706,-0.19855879800488196,-3.1795731609417435,4.579215901558257,0.854121372103693,-0.1212487444281578,-0.012124874629080296,-0.10471933140436193,-0.10471933140435985,211.10417253615176,211.10417253615176,211.20889186755613,211.0119639272051,0.09220860894666316,-2.8184191487332777,3.8319714762667227,0.0371553434312371,9.81601565097122,5.534302893068172,38.14710678785703,24.53590587874846,-0.0012759523712020382,0.0,0.3954165227660269,-0.05532516536798937
baseline,420000,222,Omega_safe_one_step_QP,25.368805827250622,50.146306796392814,2.1149801523588394,-0.035705961218423656,0.8648922443389893,False,False,-0.8648922443389893,-0.0864892229437828,-2.7917640126525685,-2.7917640126525645,185.5544837305026,185.5544837305026,188.34624774315517,185.64756304685017,-0.09307931634756983,-3.2278750087362784,4.530914053763722,0.8648922294378268,-0.1370563805103302,-0.013705638237297535,-0.16778422144474586,-0.16778422144475696,211.0230553075379,211.0230553075379,211.19083952898265,210.96236834011248,0.060686967425425564,-2.816613914875931,3.8337767101240696,0.059569478286891055,9.16899527889612,5.195502075920086,41.43606485019033,24.486544439465966,0.038548455221812716,0.0,-2.117116427124529,-0.03641218045525818
baseline,420000,223,Omega_safe_one_step_QP,25.376300329159303,50.144541438749314,8.649761254244368,-0.14417195667462332,0.8657342791557312,False,False,-0.8657342791557312,-0.08657342940568924,-2.6854681864433405,-2.685468186443353,184.40157212670465,184.40157212670462,187.08704031314798,184.22044427438593,0.18112785231869566,-3.1019542657355594,4.656834796764441,0.8657342940568964,-0.16562367975711823,-0.016562368720769882,-0.2608083734217864,-0.2608083734217732,210.54650223658868,210.54650223658868,210.80731061001046,210.54905509513907,-0.002552858550387782,-2.7782610229787106,3.8721296020212903,0.09387468321538331,10.280052843659007,4.810809381377896,40.95732769905467,21.724854069293706,0.14587757514291155,0.0,-8.79717054451703,0.001531715130226985
baseline,420000,224,Omega_safe_one_step_QP,25.362191088207567,50.14120398862221,2.6602989979410268,-0.044402549288773255,0.8959109783172607,False,False,-0.8959109783172607,-0.08959110081195831,-3.0491233988457678,-3.049123398845769,187.05214961199596,187.05214961199596,190.10127301084174,187.12709114189184,-0.07494152989588088,-3.4033775355049345,4.3554115269950655,0.8959110081195834,-0.09671757370233536,-0.00967175792902708,0.021870576557755927,0.021870576557752458,211.2681468732216,211.2681468732216,211.24627629666386,210.96831983991652,0.2998270333050925,-2.8221575916440504,3.8282330333559496,0.0057129689773822425,9.482791731176075,4.652792004028422,36.57280474265136,24.507149738430076,0.04519737953480174,0.0,-2.5256001574925904,-0.17989621998304983
baseline,420000,225,Omega_safe_one_step_QP,25.36002349282276,50.139422627269944,4.439627489673512,-0.07603353065900151,0.9026101231575012,False,False,-0.9026101231575012,-0.09026101231575012,-3.1294994790867654,-3.129499479086771,187.60966204126746,187.60966204126746,190.73916152035423,187.6107702976596,-0.001108256392143403,-3.467166386456185,4.291622676043816,0.9026101231575028,-0.0433325357735157,-0.004333253484219313,0.26003034674616443,0.2600303467461519,211.5273316322928,211.5273316322928,211.26730128554664,210.96246283333073,0.5648687989620669,-2.8242600905323294,3.8261305344676706,0.06796170292771517,7.864225183726133,5.851811896977903,43.975749111509266,26.127049215741824,0.07067665140261159,0.0,-4.171382861698476,-0.3389212793772316
baseline,420000,226,Omega_safe_one_step_QP,25.394404726875887,50.13875828824364,26.09453604666578,-0.45324126864080483,0.8367444276809692,False,False,-0.8367444276809692,-0.08367444574832916,-2.3502018130159854,-2.3502018130159965,181.80474586407414,181.80474586407414,184.15494767709012,180.86961307486976,0.9351327892043741,-2.808745002129775,4.950044060370225,0.8367444574832956,-0.11849615722894669,-0.011849615722894669,0.0157166637995379,0.015716663799535124,209.8258739640018,209.8258739640018,209.81015730020226,209.47754017844687,0.348333785554928,-2.678545691997891,3.971844933002109,0.003957018479987769,8.631463054084485,5.693623736652388,40.426282485269006,29.39180135679255,0.4249355714675147,0.0,-26.310471346800114,-0.20900027133295396
baseline,420000,227,Omega_safe_one_step_QP,25.410437187680294,50.13917740921533,32.351197333547134,-0.562358907899909,0.8318742513656616,False,False,-0.8318742513656616,-0.08318742364645004,-2.0883359253731832,-2.0883359253731806,179.08314781188142,179.08314781188142,181.1714837372546,177.8919448934319,1.1912029184495054,-2.5103986081462217,5.248390454353779,0.8318742364644995,-0.12931498885154724,-0.01293149869889021,0.01664708578104357,0.01664708578105606,209.2011563940186,209.2011563940186,209.18450930823755,208.84993022361263,0.3512261704059654,-2.615980892801419,4.034409732198582,0.004126275437072204,9.314627213745311,5.357308068604668,43.491401688392614,21.216618418591057,0.526817327160046,0.0,-32.66727895846361,-0.21073570224358207
baseline,420000,228,Omega_safe_one_step_QP,25.41237990363464,50.13466021787522,35.059580833670225,-0.6157289253364773,0.7668988108634949,False,False,-0.7668988108634949,-0.07668988406658173,-1.913608846396847,-1.9136088463968415,179.10644767277134,179.10644767277134,181.02005651916818,177.79959629874406,1.306851374027275,-2.49525588633758,5.2635331761624204,0.7668988406658153,0.030978335067629814,0.003097833599895239,0.7045899524439292,0.7045899524439292,209.58464086167047,209.58464086167047,208.88005090922653,208.552438496555,1.0322023651154666,-2.585535052900319,4.064855572099682,0.17333702020807018,8.725468039066858,6.908041781755803,39.42766063110667,27.63864828791542,0.5638040622141016,0.0,-35.004063476815645,-0.61932141906928
baseline,420000,229,Omega_safe_one_step_QP,25.433292618861067,50.133566062996195,34.28051435287853,-0.5838889470219197,0.9149225950241089,False,False,-0.9149225950241089,-0.09149225801229477,-1.922944747277372,-1.9229447472773664,175.1621208323383,175.1621208323383,177.08506557961567,173.93748407198404,1.224636760354258,-2.101756792382329,5.657032270117671,0.9149225801229455,-0.13679416477680206,-0.013679416850209236,0.15401486585147617,0.15401486585148588,208.11843897723253,208.11843897723253,207.96442411138105,207.64677651880982,0.47166245842271337,-2.4939723731157692,4.156418251884231,0.03705470828920219,11.547903900265755,4.211768890463874,40.19877375047093,28.82328284683747,0.5578729613787843,0.0,-34.5553898392036,-0.2829974750536337
baseline,420000,230,Omega_safe_one_step_QP,25.38514184624218,50.13329982924731,13.456072662381303,-0.22531982779253015,0.8608779311180115,False,False,-0.8608779311180115,-0.08608779311180115,-2.6415461349366467,-2.641546134936659,184.11028015158394,184.11028015158394,186.75182628652058,183.70498324463972,0.4052969069442156,-3.0684328630728217,4.690356199427178,0.8608779311180154,-0.2507544755935669,-0.02507544867694378,-0.5715427895204878,-0.5715427895205003,209.43011264363707,209.43011264363707,210.00165543315757,209.69900524853094,-0.268892604893864,-2.6976955052934226,3.952695119706578,0.21186334350893868,10.12008114617985,6.064973485912239,37.81325849797723,23.227527144134445,0.22603732558048506,0.0,-13.84344555089774,0.16133556293631557
baseline,420000,231,Omega_safe_one_step_QP,25.382660550830195,50.13057614383405,11.825898655585661,-0.18910729807781276,0.891025722026825,False,False,-0.891025722026825,-0.08910257369279861,-2.795449266444633,-2.7954492664446455,184.64543246333176,184.64543246333173,187.44088172977638,184.34264270844338,0.3027897548883516,-3.1373384073983996,4.621450655101601,0.89102573692799,-0.12269703298807144,-0.012269703671336174,0.017040194762567296,0.017040194762581173,209.997253691275,209.99725369127503,209.98021349651245,209.66658997330316,0.33066371797187344,-2.6955513116289103,3.9548393133710897,0.004308694592209911,12.795699232918784,4.255982403684389,36.867939900317765,22.836129434193253,0.19491953509820803,0.0,-11.822419959901708,-0.1983982307831269
baseline,420000,232,Z_mode_existing_controller,25.321150885258092,50.12823117308414,6.060169336798026,-0.09416461289095508,0.9114850759506226,False,False,-0.9114850759506226,-0.0911485105752945,-3.0542343416101714,-3.0542343416101776,196.70457884504464,196.70457884504464,199.7588131866548,196.62260489486206,0.08197395018257225,-3.350832967355159,3.012705058356482,0.9114851057529467,-0.017148135229945183,-0.0017148135229945183,-0.19269147077387583,-0.19269147077388346,212.27172895842367,212.27172895842364,212.46442042919753,212.14438183841537,0.12734712000826676,-0.6072241742754312,0.40481612279545515,0.31733168562304376,11.590114947208043,6.820248761380592,42.7413585195987,23.77016574047827,0.10263174296974142,0.0,-6.086392807763332,-0.07640827200495437
baseline,420000,233,Z_mode_existing_controller,25.317018978474355,50.12861229566413,-5.733074576440231,0.08759690418320258,0.9474583268165588,False,False,-0.9474583268165588,-0.09474583715200424,-3.177702269851785,-3.1777022698517983,197.10749642447007,197.10749642447004,200.28519869432185,197.50390038538637,-0.3964039609163308,-3.353922837531828,3.0096151881798128,0.9474583715200462,-0.012529758736491203,-0.0012529758969321847,-0.16927988857839277,-0.1692798885784011,212.435082391306,212.435082391306,212.60436227988438,212.34615902604668,0.0889233652593191,-0.6072241742754312,0.40481612279545515,0.27877659643638847,12.418999628508818,5.393376491584754,41.536254570590614,23.944264656754203,-0.08820104160879083,0.0,5.8746296372046345,-0.05335401915559146
baseline,420000,234,Omega_safe_one_step_QP,25.28646810806548,50.12930375791635,-47.33270052177886,0.7499943532912364,0.9322410821914673,False,False,-0.9322410821914673,-0.09322410821914673,-4.655257759922284,-4.655257759922275,201.34844040077522,201.34844040077522,206.0036981606975,203.51699523501824,-2.168554834243025,-4.993620050490512,2.7651690120094887,0.9322410821914654,-0.32696789503097534,-0.032696790993213654,-1.2254396086069108,-1.2254396086069115,212.64622147993677,212.64622147993677,213.87166108854368,213.66632575073095,-1.020104270794178,-3.0846960708320332,3.5656945541679668,0.39726429459106305,8.805271848792588,4.251740783127414,41.18632704004446,26.78076494167897,-0.7548224752780648,0.0,47.47546043458078,0.6120625624764955
baseline,420000,235,Omega_safe_one_step_QP,25.30535187057146,50.13127226367191,-30.03380940552688,0.46647419801739604,0.9433877468109131,False,False,-0.9433877468109131,-0.09433877468109131,-4.373821104130439,-4.373821104130427,198.0565969830114,198.0565969830114,202.43041808714182,199.45881866436284,-1.402221681351449,-4.636292043134944,3.1224970193650567,0.9433877468109105,-0.2077704519033432,-0.02077704481780529,-0.631815898117528,-0.6318158981175391,212.57765909712901,212.57765909712901,213.20947499524655,212.92288350769087,-0.3452244105618547,-3.01847746150232,3.63191316349768,0.20931608937807983,10.953595659897081,6.497583900017579,46.237666037543555,22.715341148551797,-0.4792474379693523,0.0,30.305922197160726,0.20713464633710998
baseline,420000,236,Omega_safe_one_step_QP,25.309728073426545,50.13132752513998,-19.204586211702917,0.30462373295701284,0.9443013072013855,False,False,-0.9443013072013855,-0.09443013370037079,-4.312498004691853,-4.3124980046918395,197.42366319843296,197.423663198433,201.73616120312482,198.41753889516156,-0.9938756967285656,-4.5668663547332455,3.1919227077667554,0.9443013370037049,-0.012018798850476742,-0.001201879931613803,0.2511873492628925,0.2511873492628939,213.3035118096971,213.3035118096971,213.05232446043422,212.70829865239452,0.5952131573025952,-3.002762408021087,3.647628216978913,0.06886319940548535,9.901747854510376,5.5325468464473335,41.888159705260236,24.548373223523672,-0.31294213830528506,0.0,19.87465624438937,-0.35712789438154857
baseline,420000,237,Z_mode_existing_controller,25.318671782712137,50.131684746385545,14.402743026274038,-0.22987630329464823,0.9463927149772644,False,False,-0.9463927149772644,-0.09463927149772644,-3.171963678612213,-3.1719636786122143,196.96255628280036,196.96255628280036,200.13451996141256,196.53339369378745,0.42916258901291826,-3.3516357727758024,3.0119022529358386,0.9463927149772647,-0.007432521320879459,-0.0007432521670125425,-0.1393148812419559,-0.13931488124196909,212.57954020965798,212.57954020965795,212.71885509089992,212.32871254244225,0.2508276672157024,-0.6072241742754312,0.40481612279545515,0.2294290760215636,9.955168252546342,4.675310577602567,38.34647967212527,26.802303415002253,0.2363979927247577,0.0,-14.488644418669537,-0.15049660032941858
baseline,420000,238,Z_mode_existing_controller,25.317962394332348,50.13309294544562,4.923052799454126,-0.07750289511003643,0.9407424926757812,False,False,-0.9407424926757812,-0.09407424926757812,-3.1560962733441613,-3.1560962733441613,196.80205808946047,196.80205808946047,199.95815436280463,196.77117712562278,0.03088096383768857,-3.354899239607201,3.00863878610444,0.9407424926757812,-0.008392848074436188,-0.0008392847958020866,-0.1443681843979895,-0.1443681843980027,212.62412116695958,212.62412116695958,212.76848935135757,212.44911011838178,0.17501104857780092,-0.6072241742754312,0.40481612279545515,0.2377510489767139,10.742854315185447,5.9158578874859264,42.011832925973216,17.520368553583467,0.0834866538239396,0.0,-4.9015328241321185,-0.10500662914668624
baseline,420000,239,Z_mode_existing_controller,25.317271751348166,50.12939915092457,-4.413887202420483,0.06974220101393874,0.9516314268112183,False,False,-0.9516314268112183,-0.09516314417123795,-3.195648121858119,-3.1956481218581176,196.650691546699,196.650691546699,199.8463396685571,197.007640972797,-0.35694942609799796,-3.3580732852918604,3.0054647404197805,0.9516314417123789,-0.0008709018584340811,-8.709018584340811e-05,-0.10141025612708521,-0.10141025612709978,212.4368434982347,212.43684349823468,212.5382537543618,212.2794402778017,0.15740322043296828,-0.6072241742754312,0.40481612279545515,0.16700628931334516,10.461291111835951,4.270794627179879,42.904567511392216,25.79906706169366,-0.06816560149607298,0.0,4.576494736176755,-0.09444193225978381
baseline,420000,240,Omega_safe_one_step_QP,25.30662758961966,50.130659824159466,-36.46275898759086,0.5882482846019581,0.9449394345283508,False,False,-0.9449394345283508,-0.09449394792318344,-4.30617556109067,-4.306175561090677,197.33223595461652,197.33223595461652,201.6384115157072,199.08189109889383,-1.7496551442773125,-4.557091385991482,3.2016976765085183,0.944939479231836,-0.002953109098598361,-0.0002953109215013683,0.29656666092396156,0.2965666609239626,213.29618968653983,213.29618968653983,212.99962302561588,212.79069475182357,0.5054949347162676,-2.997492264539252,3.6528983604607483,0.0811866719682165,8.726516699251134,3.420455366270867,40.37837837569819,20.492473171856357,-0.5929973478381401,0.0,37.359053296259845,-0.3032969608297549
baseline,420000,241,Z_mode_existing_controller,25.317244545447984,50.12811245057508,-1.2774631620122818,0.020575026250149432,0.9561059474945068,False,False,-0.9561059474945068,-0.0956105962395668,-3.2118417000438075,-3.2118417000438084,196.54329549401444,196.54329549401444,199.75513719405825,196.7745803942788,-0.2312849002643418,-3.3592947082936857,3.0042433174179557,0.9561059623956678,-0.0003617666370701045,-3.617666516220197e-05,-0.0988808270576895,-0.0988808270576784,212.33962315803166,212.33962315803166,212.43850398508934,212.16029580226063,0.1793273557710222,-0.6072241742754312,0.40481612279545515,0.16284072875667,9.358684353443268,3.7351468142966198,43.99527216257775,24.13960770511401,-0.017868040024096032,0.0,1.402927615498811,-0.10759641346260196
baseline,420000,242,Z_mode_existing_controller,25.320352310023505,50.128101916589436,-7.566473285600296,0.12670757619998393,0.9506953954696655,False,False,-0.9506953954696655,-0.09506954252719879,-3.196686345389793,-3.196686345389806,195.65422554156024,195.65422554156024,198.85091188695003,196.16408016392347,-0.5098546223632354,-3.362471576504369,3.001066449207272,0.9506954252719918,-0.0005758068873547018,-5.7580688007874414e-05,-0.09958700338397741,-0.09958700338396423,212.1513335883234,212.15133358832344,212.2509205917074,212.02388788367966,0.12744570464377603,-0.6072241742754312,0.40481612279545515,0.16400368694608738,7.208884616219164,5.48816164040029,40.01561680873276,25.693483083709456,-0.12058538395757434,0.0,7.763526092344364,-0.07646742278626562
baseline,420000,243,Omega_safe_one_step_QP,25.36744897188948,50.12800047856315,-8.50704688852602,0.13653782536136275,0.9021691679954529,False,False,-0.9021691679954529,-0.09021691977977753,-2.9966766192254397,-2.9966766192254273,186.28716921760025,186.28716921760025,189.2838458368257,186.82107556471,-0.5339063471097347,-3.32163481810333,4.4371542443966705,0.9021691977977714,-0.03383568301796913,-0.0033835682552307844,0.3975205735442723,0.3975205735442716,210.6050880850126,210.6050880850126,210.2075675114683,210.0194718363626,0.5856162486499841,-2.7182867131244977,3.932103911875503,0.10109615169215239,11.941550951412877,4.077691806607659,36.80702070969189,27.972666973514023,-0.1379644462179357,0.0,8.996381083933557,-0.35136974918998476
baseline,420000,244,Z_mode_existing_controller,25.319595619162094,50.1287993678675,-5.666982921340605,0.09316617833693853,0.9186119437217712,False,False,-0.9186119437217712,-0.09186119586229324,-3.089774193935964,-3.0897741939359573,195.80584440984842,195.80584440984842,198.89561860378438,196.22616008913022,-0.42031567928179925,-3.3635248974635226,3.000013128248119,0.9186119586229303,-0.014449302107095718,-0.0014449302107095718,-0.17760427371056944,-0.17760427371055695,212.11614311695877,212.11614311695877,212.29374739066932,212.07228040588672,0.04386271107205175,-0.6072241742754312,0.40481612279545515,0.29248551232744124,8.266459235453851,5.737372707575238,39.31524925077968,24.04350967093174,-0.0883636623677928,0.0,5.781664210352574,-0.026317626643233893
baseline,420000,245,Z_mode_existing_controller,25.352318084246715,50.12798349124697,-10.51337682358826,0.17806037347620993,0.9131372570991516,False,False,-0.9131372570991516,-0.09131372720003128,-3.074008804338334,-3.0740088043383205,189.11406303028525,189.11406303028528,192.1880718346236,189.74856128319857,-0.6344982529132892,-3.366425726555252,2.997112299156389,0.9131372720003088,0.0029902183450758457,0.00029902183450758457,-0.0748979105667201,-0.07489791056670692,210.74436100738814,210.74436100738816,210.81925891795487,210.63789212067684,0.10646888671132615,-0.6072241742754312,0.40481612279545515,0.12334474439539346,8.001078712638256,5.593276962481967,36.81705566849931,25.769165934522768,-0.1678221405630147,0.0,10.745080296177548,-0.06388133202679569
baseline,420000,246,Omega_safe_one_step_QP,25.381980740574942,50.12697845099742,-3.7811234650471306,0.06246312618054371,0.8613759875297546,False,False,-0.8613759875297546,-0.08613760024309158,-2.5863645436541933,-2.5863645436542,183.50709780531673,183.5070978053167,186.09346234897092,183.84340432811263,-0.33630652279592255,-3.0025964693178526,4.756192593182148,0.8613760024309178,-0.12134109437465668,-0.012134109623730183,0.04878818066672702,0.04878818066672147,209.5134884284665,209.5134884284665,209.46470024779978,209.31688684408203,0.1966015843844673,-2.643999986757643,4.006390638242357,0.012177589524351854,10.913893071956563,5.642668551068249,41.16837696739977,23.001264647666495,-0.05786115801630842,0.0,3.9569455736937016,-0.11796095063067469
baseline,420000,247,Omega_safe_one_step_QP,25.364790563973518,50.12448919305916,-7.7809939839989966,0.12477535127398476,0.8723800182342529,False,False,-0.8723800182342529,-0.08723800629377365,-2.9345233810645426,-2.9345233810645355,186.7711040960645,186.7711040960645,189.70562747712904,187.26690415891633,-0.49580006285182776,-3.363812982133666,4.394976080366334,0.8723800629377343,-0.12760163843631744,-0.012760164216160774,-0.025164853881768506,-0.02516485388176712,210.0550037445762,210.0550037445762,210.08016859845796,209.9005622111635,0.15444153341269384,-2.7055468218234613,3.944843803176539,0.00930120805109805,11.893716637352917,3.6282510218923205,42.014695366241384,26.780339862869813,-0.12193155383031495,0.0,7.995590457878279,-0.09266492004761062
baseline,420000,248,Z_mode_existing_controller,25.316085137355444,50.1251300943619,-7.586324457147384,0.1220560729831375,0.9335330128669739,False,False,-0.9335330128669739,-0.09335330128669739,-3.1414041530843706,-3.1414041530843844,196.34850189035473,196.34850189035473,199.4899060434391,196.84728818084255,-0.4987862904878284,-3.3650702329602704,2.9984677927513705,0.9335330128669779,-0.012491533532738686,-0.0012491533998399973,-0.16764668277229958,-0.16764668277229125,212.02637522387894,212.02637522387894,212.19402190665124,211.98065855267558,0.04571667120336542,-0.6072241742754312,0.40481612279545515,0.27608697063540866,9.405104494077866,4.324684302828594,42.51964169256,26.028836436441278,-0.11894728088064177,0.0,7.732701740750599,-0.02743000272201357
baseline,420000,249,Z_mode_existing_controller,25.32236988643918,50.12614617895365,-13.737754492863132,0.22020358604500503,0.9400417804718018,False,False,-0.9400417804718018,-0.09400417655706406,-3.1660836214688652,-3.1660836214688515,194.80168354741488,194.80168354741488,197.96776716888374,195.55709383192777,-0.7554102845128909,-3.368024419156456,2.995513606555186,0.9400417655706362,-0.006841262336820364,-0.0006841262220405042,-0.13520882679794802,-0.13520882679793483,211.79741101769366,211.79741101769366,211.9326198444916,211.76028577427184,0.037125243421826326,-0.6072241742754312,0.40481612279545515,0.2226670684830235,9.9247149131621,4.507368798807454,40.151543392295174,26.378963560266758,-0.21851023316458296,0.0,13.978539872081456,-0.022275146053104322
baseline,420000,250,Z_mode_existing_controller,25.31970387216892,50.12710903722162,-19.449185090393257,0.29963110908869595,0.9437154531478882,False,False,-0.9437154531478882,-0.09437154978513718,-3.18122688908278,-3.1812268890827813,195.03129542814762,195.03129542814762,198.2125223172304,195.99629316423216,-0.9649977360845412,-3.3709596762220393,2.992578349489602,0.9437154978513719,-0.007007886655628681,-0.0007007886888459325,-0.13655663026615542,-0.13655663026616374,211.90899052559644,211.9089905255964,212.04554715586258,211.90857790457076,0.0004126210256458762,-0.6072241742754312,0.40481612279545515,0.2248866827957066,12.278833774900193,5.720125593769675,46.13433406257904,24.784415762627283,-0.30969917331440655,0.0,19.759131836322922,-0.0002475726153789992
baseline,420000,251,Omega_safe_one_step_QP,25.295009660238378,50.12836281852134,-52.054159928972695,0.828246090995338,0.945813775062561,False,False,-0.945813775062561,-0.09458138048648834,-4.419981253941129,-4.419981253941139,198.37956060766146,198.37956060766146,202.7995418616026,200.75739401857257,-2.3778334109111086,-4.673204420581023,3.0855846419189783,0.9458138048648854,-0.27737098932266235,-0.027737099677324295,-0.9295384943625119,-0.9295384943625182,212.17300376593673,212.17300376593673,213.10254226029923,212.998796468515,-0.8257927025782692,-3.0077841880075895,3.6426064369924105,0.3090442785319186,9.174840666866775,4.050451038999235,41.021705435906625,25.26362650473151,-0.8328297028650677,0.0,52.39151401029085,0.4954756215469587
baseline,420000,252,Z_mode_existing_controller,25.304011517538697,50.12906498697031,-9.200497022286072,0.14200523444903407,0.932948112487793,False,False,-0.932948112487793,-0.09329481422901154,-3.1455874346172843,-3.145587434617291,198.0733078539816,198.0733078539816,201.21889528859887,198.63462850922556,-0.5613206552439749,-3.371663752816728,2.991874272894913,0.9329481422901171,-0.008214816451072693,-0.0008214816334657371,-0.1425365413443784,-0.14253654134437493,212.6495841549658,212.6495841549658,212.79212069631018,212.59805714088395,0.05152701408184157,-0.6072241742754312,0.40481612279545515,0.23473462912516013,11.527976535021557,4.920146885080528,45.34008493131344,27.010149813483736,-0.14390898658120577,0.0,9.375322217317262,-0.03091620844911347
baseline,420000,253,Omega_safe_one_step_QP,25.284876641689916,50.13182448019408,-51.26923165629705,0.790987982026434,0.953918993473053,False,False,-0.953918993473053,-0.0953918993473053,-4.639015398470564,-4.63901539847056,200.05960743893408,200.0596074389341,204.69862283740466,202.34443827537075,-2.2848308364366403,-4.86311251816123,2.8956765443387713,0.9539189934730522,-0.3708190619945526,-0.03708190843462944,-1.3981676431514656,-1.3981676431514614,212.30076665038357,212.30076665038357,213.69893429353502,213.54644857592163,-1.2456819255380651,-3.0674233913311677,3.5829672336688323,0.4558117562455894,10.687606148585788,5.661343279703261,43.46555742707214,26.7045058415895,-0.8150434250867917,0.0,51.33686592606227,0.7474091553228419
baseline,420000,254,Omega_safe_one_step_QP,25.286105341877402,50.13430563610438,-36.9044255915187,0.5820833222319276,0.9499158263206482,False,False,-0.9499158263206482,-0.09499158710241318,-4.613075212745682,-4.6130752127456685,200.01740947654253,200.01740947654255,204.6304846892882,201.7547982013651,-1.7373887248225515,-4.856298703349585,2.902490359150416,0.9499158710241289,-0.25187015533447266,-0.025187015533447266,-0.8827409176157892,-0.8827409176157892,212.93107312968345,212.93107312968345,213.81381404729925,213.57437789694993,-0.6433047672664713,-3.07891136670759,3.5714792582924106,0.28670553077977734,9.48478914571597,6.514394958285621,42.28919937819581,22.51719344374345,-0.5880997047873766,0.0,37.10654243594581,0.3859828603598885
baseline,420000,255,Z_mode_existing_controller,25.311314743049206,50.13376918190003,7.181139075655665,-0.11436209906653105,0.9501966834068298,False,False,-0.9501966834068298,-0.09501966834068298,-3.2022791191781046,-3.202279119178092,196.66399258068725,196.66399258068728,199.86627169986537,196.55652624889285,0.1074663317944271,-3.3701223916049377,2.9934156341067033,0.950196683406826,-0.01193283498287201,-0.0011932834750041366,-0.1660605224793124,-0.1660605224793235,212.5862665462984,212.5862665462984,212.7523270687777,212.43997597991066,0.14629056638773363,-0.6072241742754312,0.40481612279545515,0.2734748211852317,10.086497243780155,4.0388847833703165,39.55587468319408,28.650164248409105,0.1207417352115634,0.0,-7.214106471034938,-0.0877743398326487
baseline,420000,256,Z_mode_existing_controller,25.303431361098735,50.13637090109738,-0.45461240835356875,0.0070980499617105475,0.9427287578582764,False,False,-0.9427287578582764,-0.09427287429571152,-3.1798962080468893,-3.179896208046884,197.93865235915024,197.93865235915027,201.11854856719714,198.14949886673597,-0.21084650758569978,-3.3730765416914257,2.9904614840202153,0.9427287429571131,-0.010283299721777439,-0.0010283299488946795,-0.15564255456092177,-0.1556425545609079,213.01907767658713,213.01907767658716,213.17472023114806,212.9210249692573,0.09805270732985605,-0.6072241742754312,0.40481612279545515,0.25631811307023145,10.91195845275013,3.489261698143959,37.823895843284625,25.046053816213945,-0.0024013966327736114,0.0,0.5158454293841714,-0.05883162439791079
baseline,420000,257,Omega_safe_one_step_QP,25.27746940377029,50.13708857421137,-46.02531093224843,0.7200142053698696,0.9588106274604797,False,False,-0.9588106274604797,-0.09588106721639633,-4.784279282606664,-4.784279282606654,201.18127876720393,201.18127876720393,205.9655580498106,203.2851504514406,-2.103871684236651,-4.989806039401821,2.7689830230981793,0.9588106721639614,-0.3946930170059204,-0.03946930170059204,-1.5561916272716736,-1.5561916272716765,212.70007483264257,212.70007483264257,214.25626645991426,214.05327323739692,-1.3531984047543517,-3.12315660796909,3.5272340170309104,0.49827524604461915,9.621994281315237,5.587512241817563,37.446432467123394,25.816877324367272,-0.7292132112890481,0.0,45.94260510068489,0.8119190428526224
baseline,420000,258,Omega_safe_one_step_QP,25.292490477654393,50.13842094308,-26.719805095430274,0.3924322389302193,0.9391971826553345,False,False,-0.9391971826553345,-0.09391971677541733,-4.42614252948184,-4.426142529481843,198.7682277516371,198.7682277516371,203.19437028111895,200.01673350727643,-1.2485057556393144,-4.712687262532659,3.0461017999673423,0.9391971677541737,-0.05310232937335968,-0.00531023321673274,0.003964212764609801,0.003964212764616393,213.73164941834378,213.7316494183438,213.72768520557918,213.44076075477435,0.2908886635694614,-3.070298482535584,3.580092142464416,0.0011072935016380782,14.32510872370412,4.580758885281095,39.56784797237399,24.248702195395627,-0.42890559608920853,0.0,27.32324388966117,-0.17453319814168822
baseline,420000,259,Omega_safe_one_step_QP,25.224079690932708,50.139896731044416,-55.52130649816354,0.8217345971299232,0.9800387620925903,False,False,-0.9800387620925903,-0.09800387918949127,-5.958383474412857,-5.958383474412857,210.90653897404795,210.90653897404795,216.86492244846082,213.36870405452845,-2.462165080480503,-6.0797424792668435,1.6790465832331576,0.9800387918949124,-0.4380098283290863,-0.04380098357796669,-1.9853294846658616,-1.9853294846658696,214.73387603659293,214.73387603659293,216.7192055212588,216.3819441917589,-1.6480681551659586,-3.3694505141035456,3.280940110896455,0.5892146141799247,10.726148915535031,3.7239650573875926,37.76170438176831,28.768321288937635,-0.8798030356709781,0.0,55.41226864073451,0.9888408930995922
baseline,420000,260,Omega_safe_one_step_QP,25.21415283017739,50.14487151720016,-42.7930371567727,0.654861202962781,0.9631046056747437,False,False,-0.9631046056747437,-0.09631045907735825,-6.057290281037811,-6.057290281037819,212.90358717032265,212.90358717032265,218.96087745136046,214.92135673482514,-2.017769564502487,-6.28933797955681,1.469451082943191,0.9631045907735837,-0.35109788179397583,-0.03510978817939758,-1.6686576468956642,-1.6686576468956684,215.77123683556846,215.77123683556846,217.43989448246413,217.0118445211751,-1.2406076856066477,-3.4415194102240774,3.2088712147759226,0.48486073968910787,8.394467916486217,6.102276611804662,35.53573395984211,27.47254204262804,-0.678232814613621,0.0,42.72690536002119,0.7443646113640057
baseline,420000,261,Omega_safe_one_step_QP,25.259871476490936,50.14848780949249,-10.67900743154678,0.16581803683052754,0.9531992077827454,False,False,-0.9531992077827454,-0.09531991928815842,-5.150281006251002,-5.150281006250992,204.94874589036422,204.94874589036422,210.09902689661521,205.57909461016578,-0.6303487198015603,-5.403152924082284,2.355636138417717,0.953199192881582,-0.3555639684200287,-0.03555639833211899,-1.5254817918823314,-1.525481791882319,214.21671403989723,214.21671403989723,215.74219583177955,215.23244300404093,-1.0157289641437046,-3.2717495451556196,3.378641079844381,0.46625873124703376,9.552808280097496,4.21588573703884,36.06386007376592,23.15073049959148,-0.15798998987726343,0.0,10.227560042937512,0.6094373784862341
baseline,420000,262,Omega_safe_one_step_QP,25.267553708514523,50.148645338090056,-2.085617230670323,0.03238220209772171,0.9557455778121948,False,False,-0.9557455778121948,-0.09557455778121948,-5.037246797412637,-5.037246797412637,203.73514339833207,203.73514339833207,208.77239019574472,204.00895859761343,-0.27381519928135845,-5.270489253995233,2.488299808504767,0.9557455778121946,-0.304235577583313,-0.03042355738580227,-1.2703446581584927,-1.2703446581584878,214.18483206026326,214.18483206026326,215.45517671842174,214.90201507449896,-0.717183014235701,-3.24304763381984,3.40734299118016,0.391713228295141,9.927024901536045,5.994744672305481,41.628208371162614,24.321891096996115,-0.021072733787502074,0.0,1.6763801559172862,0.43030980854143763
baseline,420000,263,Omega_safe_one_step_QP,25.285002158421293,50.14983219844093,13.002447783776006,-0.2070772982040303,0.9313493967056274,False,False,-0.9313493967056274,-0.09313493967056274,-4.604316157787733,-4.604316157787726,200.90022600647953,200.90022600647953,205.50454216426726,200.56200469187706,0.33822131460246396,-4.943704450847488,2.815084611652513,0.931349396705626,-0.054128579795360565,-0.0054128579795360565,-0.10365428425932743,-0.10365428425933472,214.70921077271908,214.70921077271908,214.8128650569784,214.22719326814877,0.4820175045703081,-3.178816467675506,3.471574157324494,0.03260782285273972,9.18011555636518,4.6659049285583025,43.11856021792451,24.503329788160748,0.2118934246618629,0.0,-12.925130705695665,-0.2892105027421792
baseline,420000,264,Omega_safe_one_step_QP,25.301323908994682,50.15052942209527,21.43162611821026,-0.3346064882215786,0.9403955340385437,False,False,-0.9403955340385437,-0.09403955191373825,-4.362808547105179,-4.362808547105183,198.0980252988378,198.0980252988378,202.46083384594297,197.43282063669764,0.6652046621401553,-4.63933361901506,3.1194554434849397,0.9403955191373833,-0.017792075872421265,-0.0017792076105251908,0.11730671942327964,0.11730671942327617,214.30771509852127,214.30771509852127,214.190408379098,213.5885702969096,0.7191448016116624,-3.1165707998874645,3.533819825112536,0.03319544437145731,11.100043584156271,5.317042755863177,39.32982916360165,21.515009702820482,0.3475721642343075,0.0,-21.34771140147768,-0.43148688096698606
baseline,420000,265,Omega_safe_one_step_QP,25.2898152490233,50.14926988878027,14.41992225192189,-0.22603791353609498,0.9504432082176208,False,False,-0.9504432082176208,-0.0950443223118782,-4.643429251114075,-4.643429251114087,200.27947752503732,200.2794775250373,204.9229067761514,199.89223390356966,0.3872436214676327,-4.8855409120359,2.8732481504641,0.9504432231187846,-0.026454215869307518,-0.002645421540364623,0.03907260926013997,0.0390726092601313,214.6706004559321,214.6706004559321,214.63152784667196,214.02832415866897,0.6422762972631233,-3.1606827466448606,3.4897078783551394,0.011196527222945672,10.295638027934181,5.398623643473933,45.6692374915461,24.59337572107796,0.23389754639298843,0.0,-14.268454019957062,-0.38536577835787966
baseline,420000,266,Omega_safe_one_step_QP,25.29554060128175,50.15047561009869,17.612504031229946,-0.2839129644078116,0.9501461982727051,False,False,-0.9501461982727051,-0.09501462429761887,-4.550004762205202,-4.550004762205189,199.40490807667524,199.40490807667524,203.95491283888043,198.86641742537066,0.5384906513045848,-4.788741518308806,2.9700475441911953,0.9501462429761862,-0.017856983467936516,-0.0017856983467936516,0.09135617505684722,0.09135617505685208,214.57326716969578,214.57326716969578,214.48191099463892,213.86793788265032,0.7053292870454584,-3.145721061441558,3.504669563558442,0.026066986744420553,8.836777067363368,4.890794784681412,39.02157131338376,22.644988236755367,0.28427497869265483,0.0,-17.47358143769543,-0.4231975722272523
baseline,420000,267,Z_mode_existing_controller,25.31626845636025,50.14943481993937,53.84671416463243,-0.8383727017782574,0.9377235174179077,False,False,-0.9377235174179077,-0.09377235174179077,-3.1465334324384857,-3.1465334324384773,196.90574185770268,196.90574185770268,200.05227529014115,194.91680740397106,1.9889344537316163,-3.3555023138405478,3.008035711871093,0.9377235174179049,-0.005526531022042036,-0.0005526531022042036,-0.12727314925413402,-0.12727314925413472,213.44918508733647,213.44918508733647,213.5764582365906,212.95286144611353,0.4963236412229435,-0.6072241742754312,0.40481612279545515,0.20959829111876696,11.853684396561672,4.325852934973993,33.03375423416105,26.481537568938368,0.8765154852428125,0.0,-54.42543546514207,-0.2977941847337604
baseline,420000,268,Omega_safe_one_step_QP,25.279625087749675,50.150642184956304,-4.952583935119037,0.07358518539517638,0.9465017318725586,False,False,-0.9465017318725586,-0.09465017169713974,-4.818068182864228,-4.818068182864217,202.1533855511169,202.15338555111694,206.97145373398115,202.5321114253116,-0.3787258741946573,-5.090395607818879,2.6683934546811225,0.9465017169713952,-0.2433171272277832,-0.02433171309530735,-0.9702173687270239,-0.9702173687270242,214.1595608547293,214.1595608547293,215.12977822345633,214.62264828293183,-0.46308742820252746,-3.2105077843232985,3.4398828406767024,0.3022005968851821,12.994164143879035,7.0356988776738,38.57922722628405,28.103560401571205,-0.06879178797856866,0.0,4.743523266176453,0.27785245692152216
baseline,420000,269,Omega_safe_one_step_QP,25.2610818092758,50.154503151465676,-10.08848009189569,0.16195234365473643,0.9518381953239441,False,False,-0.9518381953239441,-0.09518381953239441,-5.205387587159473,-5.205387587159476,205.54984599614417,205.54984599614417,210.75523358330364,206.1601811597229,-0.6103351635787249,-5.468773592751126,2.2900154697488735,0.9518381953239444,-0.3337395489215851,-0.03337395563721657,-1.4673995737749277,-1.4673995737749301,214.68038709730857,214.68038709730857,216.1477866710835,215.61433484168964,-0.9339477443810722,-3.312308629086015,3.338081995913985,0.4430141445423938,7.476153950544397,6.024345715533061,38.48130754997375,24.235036054357472,-0.15066305092360288,0.0,9.678774496191181,0.560368646628632
baseline,420000,270,Z_mode_existing_controller,25.314690071628853,50.154946425459826,44.51906766835418,-0.7307757979241407,0.9304385781288147,False,False,-0.9304385781288147,-0.09304385632276535,-3.1215567955440853,-3.1215567955440813,197.23039327766705,197.23039327766705,200.35195007321113,195.51324918956618,1.7171440881008664,-3.3549305874807387,3.0086074382309027,0.9304385632276521,-0.01582157611846924,-0.001582157681696117,-0.18683929735283586,-0.18683929735283067,213.7524332584571,213.7524332584571,213.93927255580994,213.36170189782206,0.3907313606350442,-0.6072241742754312,0.40481612279545515,0.3076941025540958,8.54172840577676,6.2514627257025195,42.79637783957099,27.704494997166538,0.7240908178277463,0.0,-45.008719669801394,-0.23443881638104358
baseline,420000,271,Z_mode_existing_controller,25.349149863942422,50.15678696480307,33.721254603261514,-0.5445928458962926,0.9070335626602173,False,False,-0.9070335626602173,-0.09070336073637009,-3.0458793680376517,-3.045879368037653,190.20315310464096,190.20315310464096,193.2490324726786,189.00406782682845,1.1990852778125145,-3.3580667169439518,3.005471308767689,0.9070336073637011,-0.013361465185880661,-0.0013361464953050017,-0.17006047237442326,-0.17006047237442257,212.36383655315083,212.36383655315083,212.53389702552525,212.05456758752138,0.3092689656294567,-0.6072241742754312,0.40481612279545515,0.2800620916934785,11.039817885189711,2.7600708456093255,41.74458814484888,23.39157481002916,0.550699149147043,0.0,-34.08639237303123,-0.18556137937767403
baseline,420000,272,Z_mode_existing_controller,25.30939566360778,50.15560070168048,17.400899165631017,-0.28104173274916017,0.9405272603034973,False,False,-0.9405272603034973,-0.09405272454023361,-3.161132019859986,-3.16113201985999,197.66765487471716,197.66765487471716,200.82878689457715,197.11576318452833,0.5518916901888247,-3.3610212094469696,3.002516816264672,0.9405272454023371,-0.008533839136362076,-0.0008533839136362076,-0.1451722588550447,-0.1451722588550527,213.94470342283302,213.94470342283302,214.08987568168806,213.70024179325944,0.24446162957357842,-0.6072241742754312,0.40481612279545515,0.23907522955303806,9.126831161097694,5.292320730188399,40.48597456357158,22.48019719457873,0.28512098603600755,0.0,-17.539343173923044,-0.14667697774413568
baseline,420000,273,Z_mode_existing_controller,25.32773571111547,50.15438000470301,8.667751528198096,-0.1405812591350923,0.92848801612854,False,False,-0.92848801612854,-0.09284880012273788,-3.1235267698601463,-3.123526769860132,193.82140375608648,193.8214037560865,196.94493052594663,193.64218862688676,0.17921512919974703,-3.364100306876472,2.999437718835169,0.9284880012273744,-0.008709728717803955,-0.0008709728717803955,-0.14498411524537722,-0.14498411524538762,213.05095666191258,213.05095666191255,213.19594077715794,212.875706223274,0.17525043863855672,-0.6072241742754312,0.40481612279545515,0.23876538745907075,9.680292279352123,5.217050313567229,41.14364764930012,22.562525110603435,0.14417579186152807,0.0,-8.70677705687649,-0.10515026318313403
baseline,420000,274,Z_mode_existing_controller,25.33415296898523,50.15282936712437,0.6266713720415282,-0.010192911883831327,0.9252618551254272,False,False,-0.9252618551254272,-0.09252618998289108,-3.1154115849230632,-3.1154115849230757,192.31102158797407,192.31102158797407,195.42643317289713,192.47062193667105,-0.15960034869698347,-3.3670591921045614,2.99647883360708,0.9252618998289143,-0.0010809036903083324,-0.00010809036757564172,-0.09997164173076445,-0.09997164173076861,212.68785501215987,212.68785501215987,212.78782665389065,212.5271086504391,0.16074636172078272,-0.6072241742754312,0.40481612279545515,0.16463712409022507,9.784944356009845,4.463984329577965,42.157041805658196,27.583428464012744,0.013724977637362912,0.0,-0.5439485326469367,-0.09644781703246963
baseline,420000,275,Z_mode_existing_controller,25.33198094942678,50.15417586768589,-7.00439119530165,0.11275641961189536,0.9335183501243591,False,False,-0.9335183501243591,-0.0933518335223198,-3.145907405423863,-3.1459074054238667,192.42772917261877,192.42772917261877,195.57363657804262,192.9049580374653,-0.4772288648465235,-3.3699470987591247,2.9935909269525163,0.9335183352231988,-0.00431803148239851,-0.0004318031424190849,-0.11976875988808575,-0.11976875988808644,212.78212692550372,212.78212692550372,212.9018956853918,212.69113852062105,0.09098840488266546,-0.6072241742754312,0.40481612279545515,0.19723977562487566,10.294729371703069,4.711604718716828,36.16955739047346,24.598100146648594,-0.10929580437001363,0.0,7.168280042601509,-0.054593042929596436
baseline,420000,276,Z_mode_existing_controller,25.321558866866777,50.15342211379609,-12.555911112772264,0.20451962868458765,0.9329082369804382,False,False,-0.9329082369804382,-0.09329082816839218,-3.1465377463085864,-3.1465377463085726,194.22619593711062,194.22619593711062,197.3727336834192,194.9448965853555,-0.7187006482448908,-3.3728264697457835,2.990711555965858,0.9329082816839176,-0.010699152946472168,-0.00106991536449641,-0.15708455749861988,-0.15708455749862682,213.0909019666946,213.0909019666946,213.2479865241932,213.08016444087235,0.010737525822236194,-0.6072241742754312,0.40481612279545515,0.25869285867294,9.11133427272489,4.20588075027833,39.25976365486985,19.267122126632408,-0.1992991382184588,0.0,12.761652766484076,-0.0064425154933474005
baseline,420000,277,Z_mode_existing_controller,25.328706805114546,50.14966257909716,-16.57077808372469,0.2818490911264751,0.9364763498306274,False,False,-0.9364763498306274,-0.09364763647317886,-3.161216532075391,-3.161216532075384,192.58739284068966,192.5873928406897,195.74860937276506,193.5061735481115,-0.9187807074218028,-3.3756500976730783,2.987887928038563,0.9364763647317863,-0.0047974796034395695,-0.0004797479778062552,-0.12287650168659875,-0.1228765016865932,212.56698898353642,212.56698898353642,212.689865485223,212.55538433225095,0.011604651285466616,-0.6072241742754312,0.40481612279545515,0.20235772370758343,6.9113531419655185,5.184329098688294,37.000036796554916,25.69560671868712,-0.265661001977751,0.0,16.843401876473763,-0.006962790771282812
baseline,420000,278,Omega_safe_one_step_QP,25.375328566303583,50.14882312205523,-9.79478328047935,0.16361628054631389,0.8990394473075867,False,False,-0.8990394473075867,-0.08990394324064255,-2.7190378118715484,-2.7190378118715497,183.59227022489156,183.59227022489156,186.3113080367631,184.20302830902955,-0.6107580841379843,-3.024381038097074,4.734408024402927,0.8990394324064256,-0.0058077313005924225,-0.0005807731649838388,0.48183313685829576,0.4818331368583062,211.1126579797718,211.11265797977183,210.6308248429135,210.52035630700917,0.5923016727626589,-2.760612446269017,3.8897781787309835,0.12387162319253417,10.142556481555733,4.396677172507103,35.81414844725655,21.894794173492024,-0.15950008374925062,0.0,10.309664367886398,-0.35538100365759817
baseline,420000,279,Omega_safe_one_step_QP,25.357232057752302,50.14500726418401,-14.828050458450889,0.2421828275341126,0.9329893589019775,False,False,-0.9329893589019775,-0.09329893440008163,-3.178268194306762,-3.178268194306767,186.9546581262741,186.9546581262741,190.13292632058085,187.77318232709976,-0.8185242008256637,-3.406542866478848,4.352246196021152,0.9329893440008181,0.0034516167361289263,0.0003451616794336587,0.48761759558038215,0.4876175955803759,211.7018925005482,211.7018925005482,211.21427490496782,211.06226243045552,0.6396300700926929,-2.8189574524744487,3.8314331725255517,0.12726767599053665,10.654217700304294,6.744492005161427,39.09405410387087,20.895820707407843,-0.24142691940949845,0.0,15.453255419916786,-0.38377804205562427
baseline,420000,280,Omega_safe_one_step_QP,25.355748720740785,50.141496838878794,-11.225186876923544,0.18622142280124887,0.95975261926651,False,False,-0.95975261926651,-0.09597526490688324,-3.3211447248446837,-3.3211447248446837,187.3505264965733,187.3505264965733,190.671671221418,188.03348689432443,-0.6829603977511169,-3.460417356562561,4.29837170593744,0.9597526490688323,0.032611243426799774,0.0032611244823783636,0.6400465688082252,0.6400465688082126,211.7543120560513,211.75431205605128,211.11426548724307,210.91684399319303,0.8374680628582496,-2.8089565107019716,3.8414341142980284,0.1666165681264516,9.651556436251681,5.05603903369199,44.29109703822917,27.41696400162575,-0.18533311714105594,0.0,11.913000831779755,-0.5024808377149554
baseline,420000,281,Omega_safe_one_step_QP,25.35722233326259,50.142101942615724,-0.6528884145945995,0.010952429965522354,0.9063620567321777,False,False,-0.9063620567321777,-0.09063620865345001,-3.127624839030584,-3.12762483903059,187.44732723808633,187.4473272380863,190.5749520771169,187.67497982620813,-0.22765258812182765,-3.4507454421324515,4.308043620367549,0.9063620865345016,-0.052650243043899536,-0.0052650244906544685,0.23437490626565874,0.2343749062656518,211.34968384545635,211.34968384545635,211.1153089391907,210.874748651833,0.47493519362336656,-2.809060855896735,3.8413297691032655,0.06101400305456336,9.067746538250036,4.448309549121201,44.79980452667525,23.036099669125385,-0.010352288107620566,0.0,0.9482018188764414,-0.2849611161740171
baseline,420000,282,Omega_safe_one_step_QP,25.363369942463443,50.13996516895496,6.172012413497214,-0.10070345067698105,0.9059383869171143,False,False,-0.9059383869171143,-0.0905938372015953,-3.036482662327812,-3.036482662327822,186.54855609916729,186.54855609916729,189.5850387614951,186.49493952104797,0.05361657811931764,-3.351754110570273,4.407034951929727,0.9059383720159561,-0.04291149601340294,-0.004291149787604809,0.30879107317017196,0.30879107317017607,211.07686654072796,211.07686654072796,210.7680754675578,210.49485358348178,0.5820129572461781,-2.774337508733444,3.876053116266556,0.07966636779931591,11.028833440922533,4.223796067657137,43.52165928864773,26.294178252170468,0.10051299438588757,0.0,-5.923317633535589,-0.349207774347704
baseline,420000,283,Z_mode_existing_controller,25.334966335957944,50.14012243049673,7.386419456571275,-0.12166697639857567,0.916008472442627,False,False,-0.916008472442627,-0.09160085022449493,-3.0846781952147304,-3.0846781952147433,192.29084591841305,192.29084591841305,195.3755241136278,192.16552659003287,0.12531932838018633,-3.3675213577765004,2.9960166679351405,0.9160085022449532,-0.009644377045333385,-0.0009644377278164029,-0.14919586036032315,-0.149195860360328,211.8518790079163,211.8518790079163,212.00107486827662,211.7075476538615,0.14433135405479902,-0.6072241742754312,0.40481612279545515,0.24570145043773267,9.083300930827583,3.4772834894615654,38.13167042427704,25.37031068614768,0.12344412570549324,0.0,-7.423264769843627,-0.08659881243286804
baseline,420000,284,Z_mode_existing_controller,25.33512745459875,50.13969189331961,-0.8757459885055141,0.013699139726928773,0.9231588840484619,False,False,-0.9231588840484619,-0.09231588989496231,-3.111374229136427,-3.111374229136427,191.97720124242844,191.97720124242844,195.08857547156487,192.20099194092373,-0.22379069849529287,-3.3703561030247027,2.9931819226869383,0.923158898949623,-0.004543720278888941,-0.0004543720278888941,-0.12004231973387694,-0.12004231973388318,211.79994339424596,211.79994339424596,211.91998571397983,211.68159831702818,0.11834507721778209,-0.6072241742754312,0.40481612279545515,0.19769028444416495,12.238038537341298,4.500690629976156,42.09079060942918,24.166878772563567,-0.008863969938680327,0.0,0.9556170047744672,-0.07100704633067778
baseline,420000,285,Omega_safe_one_step_QP,25.294058273324083,50.13966897648963,-39.966408764357766,0.6129201407929025,0.9415289759635925,False,False,-0.9415289759635925,-0.09415289759635925,-4.411873122721972,-4.4118731227219685,198.51422618371757,198.51422618371757,202.92609930643954,200.33439506236942,-1.820168878651856,-4.6858601650647165,3.0729288974352844,0.9415289759635915,-0.14657676219940186,-0.014657676219940186,-0.39762301967070784,-0.3976230196707023,213.19999666342682,213.19999666342682,213.59761968309752,213.4117894255869,-0.21179276216008702,-3.057291930287417,3.5930986947125834,0.130057262681265,11.519007114053718,4.489483231823366,41.585787608501285,24.983712878158926,-0.6410051524669811,0.0,40.48033825952825,0.12707565729604653
baseline,420000,286,Omega_safe_one_step_QP,25.269659202253997,50.14092937928217,-41.11423154281874,0.6241873361013215,0.9430640935897827,False,False,-0.9430640935897827,-0.09430640935897827,-4.890071269344495,-4.890071269344484,203.03043725371978,203.0304372537198,207.92050852306429,204.89289717048248,-1.862459916762674,-5.1853010867271925,2.573487975772809,0.9430640935897806,-0.3244183659553528,-0.03244183585047722,-1.2918948287531473,-1.2918948287531582,213.43190157063523,213.43190157063523,214.7237963993884,214.4666910934085,-1.0347895227732806,-3.169909601916504,3.480481023083496,0.40754942285170787,11.070772430580138,3.3722149366900407,36.8005294848774,27.351826820089418,-0.6517678377153295,0.0,41.145125666870626,0.6208737136639684
baseline,420000,287,Omega_safe_one_step_QP,25.24382145627541,50.14381566528796,-41.099736868720356,0.6728976071501706,0.9606976509094238,False,False,-0.9606976509094238,-0.09606976807117462,-5.486343263203064,-5.486343263203064,207.6890601714232,207.6890601714232,213.17540343462625,209.70720446132506,-2.018144289901869,-5.710790577883388,2.0479984846166124,0.9606976807117464,-0.4135315716266632,-0.04135315865278244,-1.8067796507811584,-1.806779650781152,214.192456648059,214.192456648059,215.99923629884015,215.66866696259365,-1.4762103145346543,-3.297453591861679,3.352937033138321,0.5479317905308498,5.599433275484475,4.952286432443688,36.090416522811836,23.386997580267998,-0.650185466454527,0.0,40.86419614645456,0.8857261887207812
baseline,420000,288,Z_mode_existing_controller,25.320881517065455,50.143437079486255,23.91201557687873,-0.38822900035009145,0.9354265332221985,False,False,-0.9354265332221985,-0.0935426577925682,-3.149404817737759,-3.149404817737763,195.03035830654323,195.0303583065432,198.17976312428098,194.21839616072205,0.8119621458211554,-3.366811347953782,2.9967266777578585,0.9354265779256832,-0.00564895523712039,-0.0005648955120705068,-0.12775779107715574,-0.12775779107716753,212.63413197477817,212.63413197477817,212.76188976585533,212.34558252004544,0.2885494547327312,-0.6072241742754312,0.40481612279545515,0.21039641781326346,9.470824146593039,5.263566679609246,36.41363320156876,23.555326661867554,0.3909368085728211,0.0,-24.129822712612622,-0.17312967283965008
baseline,420000,289,Z_mode_existing_controller,25.330177739904556,50.14230148684688,14.447025192512228,-0.2274545995033274,0.925973117351532,False,False,-0.925973117351532,-0.09259731322526932,-3.120312349949849,-3.120312349949855,192.96894559901418,192.96894559901418,196.08925794896402,192.57705165570763,0.3918939433065418,-3.3697655377524853,2.993772487959156,0.9259731322526947,-0.0017306768568232656,-0.0001730676885927096,-0.1038496795099722,-0.10384967950997845,212.15167408091276,212.15167408091276,212.25552376042273,211.91485060994586,0.23682347096689682,-0.6072241742754312,0.40481612279545515,0.17102362506218866,11.740460072711043,3.9040800195788803,40.553239870194446,26.831102907716854,0.23886958789552892,0.0,-14.543800697827464,-0.14209408258014378
baseline,420000,290,Omega_safe_one_step_QP,25.29132443670908,50.14375370315793,-27.12029575671386,0.4426126640461004,0.9486362934112549,False,False,-0.9486362934112549,-0.09486363083124161,-4.496769672510385,-4.496769672510385,198.97319016090987,198.97319016090987,203.46995983342026,200.35653469528214,-1.3833445343722701,-4.740246217762787,3.018542844737213,0.9486363083124163,-0.055064607411623,-0.0055064610205590725,-0.020624414847107003,-0.02062441484709278,213.89991331820852,213.89991331820852,213.92053773305562,213.64856168034183,0.2513516378666907,-3.089583735283226,3.5608068897167744,0.006675467187233271,7.783322973221682,4.544976729231918,42.73580549755619,28.712118225314796,-0.4387162876914821,0.0,27.70982302712582,-0.15081098272003146
baseline,420000,291,Z_mode_existing_controller,25.32701207505327,50.14624864572705,11.821722999624399,-0.19554301378980762,0.9467685222625732,False,False,-0.9467685222625732,-0.09467685222625732,-3.1910493065972574,-3.191049306597249,193.41217105547844,193.41217105547844,196.6032203620757,193.10241952709464,0.30975152838379927,-3.370464090812119,2.993073934899522,0.9467685222625708,-0.008275137282907963,-0.0008275137515738606,-0.14428855183140216,-0.14428855183140632,212.44010092217948,212.44010092217948,212.5843894740109,212.24739164895948,0.19270927322000375,-0.6072241742754312,0.40481612279545515,0.23761990701964114,8.63319047603986,6.304350139854909,38.174843964526296,30.565586082463827,0.19497034740762054,0.0,-11.901067783101098,-0.11562556393201362
baseline,420000,292,Omega_safe_one_step_QP,25.355989728617708,50.14898121511794,6.652325192109856,-0.11086291429762733,0.8896684646606445,False,False,-0.8896684646606445,-0.08896684646606445,-3.0711544370767405,-3.07115443707675,187.5165556244482,187.51655562444816,190.58771006152492,187.44530080446768,0.07125481998048144,-3.452021240573253,4.306767821926747,0.8896684646606475,4.8626214265823364e-05,4.862621608481277e-06,0.42855149144646676,0.428551491446464,211.89064856837007,211.89064856837007,211.4620970769236,211.18581751529246,0.7048310530776121,-2.8437396696700254,3.806650955329975,0.1125796655578356,9.515443143369028,5.375371731766953,40.60921963671778,24.066804629506272,0.10646232208505424,0.0,-6.335888882347717,-0.4228986318465786
baseline,420000,293,Omega_safe_one_step_QP,25.360859820998694,50.147282187422675,11.677656260047115,-0.1925197206440908,0.8875292539596558,False,False,-0.8875292539596558,-0.08875292539596558,-2.998026982408649,-2.9980269824086476,186.84894294467102,186.84894294467102,189.84696992707967,186.56651853716915,0.28242440750187825,-3.3779472271287294,4.380841835371271,0.8875292539596553,-0.04673195630311966,-0.0046731955371797085,0.24398222230723535,0.24398222230724645,211.43716692291335,211.43716692291335,211.1931847006061,210.89305285917126,0.5441140637420858,-2.8168484320382756,3.8335421929617253,0.06364406859932073,10.392913600741245,5.63547889604977,45.56922813034839,27.51585311012223,0.1901175632021399,0.0,-11.541305385003398,-0.3264684382452572
baseline,420000,294,Omega_safe_one_step_QP,25.355972152311114,50.14818382563862,12.134026228606672,-0.20184631957811586,0.8775115609169006,False,False,-0.8775115609169006,-0.08775115758180618,-3.0649506612289947,-3.0649506612290005,187.9302988976843,187.9302988976843,190.99524955891332,187.6239269791987,0.30637191848560974,-3.492775190312093,4.266013872187907,0.8775115758180632,-0.016367493197321892,-0.001636749366298318,0.3485721127479462,0.34857211274793437,211.82598487903624,211.82598487903624,211.4774127662883,211.16104040116235,0.6649444778738882,-2.845271238606496,3.8051193863935047,0.09160609099266956,9.580246532469108,3.2067266519858872,43.3981860450166,25.170166553111137,0.1958733316481691,0.0,-11.930932873529855,-0.3989666867243358
baseline,420000,295,Z_mode_existing_controller,25.34392363106756,50.147438677427296,12.904177453040575,-0.2074790972990491,0.9285013675689697,False,False,-0.9285013675689697,-0.09285014122724533,-3.126305565742056,-3.1263055657420478,190.44434909494603,190.44434909494603,193.5706546606881,190.1063703541825,0.33797874076353196,-3.3670444917155318,2.9964935339961087,0.9285014122724509,0.0023114713840186596,0.0002311471471330151,-0.08042859536133776,-0.08042859536134678,211.89148087075108,211.89148087075105,211.9719094661124,211.63881744247925,0.2526634282718021,-0.6072241742754312,0.40481612279545515,0.13245288769558294,11.052355974095772,5.8387520728849225,41.2002524135225,22.536702700713136,0.2131570893539525,0.0,-12.96573648543199,-0.15159805696308126
baseline,420000,296,Z_mode_existing_controller,25.332266981011756,50.14575551144092,2.097920637675088,-0.03513950509682435,0.942936360836029,False,False,-0.942936360836029,-0.09429363906383514,-3.177659161753103,-3.177659161753099,192.44296137858817,192.44296137858817,195.62062054034126,192.5437649959827,-0.10080361739454702,-3.3699613179653443,2.993576707746297,0.9429363906383501,-0.0038669214118272066,-0.00038669214700348675,-0.11807952038970088,-0.11807952038969671,212.20027587696708,212.20027587696708,212.31835539735678,212.0519515013425,0.14832437562458267,-0.6072241742754312,0.40481612279545515,0.19445787139583964,8.01579092250973,4.106660013377573,38.181014694696685,26.93345229695967,0.03696405945736014,0.0,-2.04589007175764,-0.08899462537475245
baseline,420000,297,Omega_safe_one_step_QP,25.3547929144183,50.1460004945925,-3.338491197442636,0.056256383236915064,0.9009431004524231,False,False,-0.9009431004524231,-0.09009431302547455,-3.1388440106309035,-3.1388440106309092,187.76818907447748,187.76818907447745,190.90703308510837,188.11556940852134,-0.34738033404389057,-3.4839535429315975,4.274835519568403,0.9009431302547469,-0.010906953364610672,-0.001090695383027196,0.3972073083008294,0.39720730830082107,211.72832878523428,211.72832878523425,211.33112147693345,211.1135494966117,0.6147792886225432,-2.8306421096710084,3.819748515328992,0.10398781666038816,8.700266492120106,6.206981716416873,40.69073700769743,27.31905871518783,-0.05552963766393226,0.0,3.7628884082796503,-0.3688675731735316
baseline,420000,298,Omega_safe_one_step_QP,25.378397754522197,50.146093043091795,12.48695947633405,-0.21492074562370203,0.8770745396614075,False,False,-0.8770745396614075,-0.08770745247602463,-2.664834199338875,-2.6648341993388835,183.7858763318625,183.7858763318625,186.4507105312014,183.44577289434844,0.3401034375140739,-3.0383212875409016,4.720467774959099,0.8770745247602488,-0.08600146323442459,-0.008600146509706974,0.13661477841968028,0.13661477841967196,210.5082930284734,210.5082930284734,210.37167825005372,210.11774121601684,0.39055181245655035,-2.7346977869830367,3.9156928380169633,0.03488904366892532,8.556768891207941,7.906382513037165,37.7195646352857,25.785507843616383,0.20365526392515676,0.0,-12.456283652785714,-0.23433108747393305
baseline,420000,299,Omega_safe_one_step_QP,25.41202011365312,50.144438579925364,23.52523239006223,-0.4105304536659369,0.9453712105751038,False,False,-0.9453712105751038,-0.09453712403774261,-2.2659259255331103,-2.2659259255330992,177.77020784646345,177.77020784646345,180.03613377199656,176.9311985708999,0.8390092755635408,-2.396863611620417,5.361925450879584,0.9453712403774212,-0.4352404475212097,-0.04352404549717903,-1.2317140099229436,-1.2317140099229489,207.66196314509443,207.66196314509443,208.89367715501737,208.62096852120627,-0.9590053761118327,-2.586897677479403,4.063492947520597,0.47613557375918125,9.325617208383118,5.93239710384032,39.33501662702845,30.895693519533317,0.39648624325820236,0.0,-24.497121858988066,0.5754032256670882
baseline,420000,300,Omega_safe_one_step_QP,25.415683096926458,50.145265180448845,28.56774476231749,-0.4957139576564781,0.9093212485313416,False,False,-0.9093212485313416,-0.09093212336301804,-2.130274732366316,-2.130274732366319,177.3643095632251,177.36430956322508,179.4945842955914,176.38462642688162,0.9796831363434535,-2.3427086639799017,5.416080398520099,0.9093212336301817,0.16138586401939392,0.016138587146997452,1.3942180016657049,1.3942180016657104,210.20707779486244,210.20707779486244,208.81285979319674,208.53478785896988,1.6722899358925645,-2.5788159412973384,4.071574683702662,0.3424272204182727,9.79190715871337,5.325762753576167,37.53154040204281,23.88888172629629,0.45293029055250855,0.0,-28.017301091334048,-1.0033739615355444
baseline,420000,301,Omega_safe_one_step_QP,25.406367392539096,50.14172354404677,22.568005374722816,-0.38292402884574733,0.906982421875,False,False,-0.906982421875,-0.0906982421875,-2.3120521154146365,-2.312052115414648,179.24714261908122,179.24714261908122,181.55919473449586,178.47546012728662,0.7716824917945928,-2.5491697078703486,5.209619354629651,0.9069824218750051,-0.32666364312171936,-0.032666366547346115,-0.7917296754036476,-0.7917296754036574,208.24592675163743,208.24592675163743,209.03765642704107,208.76386507679567,-0.5179383251582408,-2.601295604681774,4.0490950203182265,0.30435974826494683,10.620808822348925,2.89282758196048,41.213253804773395,26.279485179869173,0.37715938763338386,0.0,-23.25592775745008,0.3107629950949331
baseline,420000,302,Omega_safe_one_step_QP,25.3657014864705,50.14046162217097,8.479303538169006,-0.14284804528451314,0.8634262084960938,False,False,-0.8634262084960938,-0.08634262531995773,-2.9102680756460932,-2.910268075646106,186.86327065616854,186.8632706561685,189.77353873181463,186.69462550895074,0.16864514721777368,-3.3706041076022237,4.388184954897777,0.8634262531995812,-0.039632342755794525,-0.00396323436871171,0.3051714395103162,0.3051714395103051,211.01232611379857,211.01232611379857,210.70715467428826,210.4309132338494,0.5814128799491698,-2.7682454294064907,3.8821451955935093,0.0786089711061541,9.050251593331382,5.086408293120294,43.84131074446154,26.54302172503468,0.13672092059690577,0.0,-8.267176730796564,-0.34884772796951324
baseline,420000,303,Omega_safe_one_step_QP,25.37611323425468,50.14027745660069,16.570813407837704,-0.27490724182172716,0.8455358147621155,False,False,-0.8455358147621155,-0.08455358445644379,-2.6917384264467175,-2.6917384264467117,185.21046433085814,185.21046433085814,187.90220275730485,184.71206633532756,0.4983979955305813,-3.1834705101512477,4.575318552348753,0.8455358445644362,-0.038954704999923706,-0.003895470639690757,0.3339398788873793,0.33393987888737164,210.61854437804186,210.61854437804186,210.28460449915448,209.988563336013,0.6299810420288736,-2.725990411893114,3.9244002131068862,0.08509322718209636,10.450044662207901,6.373545288731273,40.25879426338917,22.090499091523043,0.2683688343098254,0.0,-16.46119361692945,-0.377988625217327
baseline,420000,304,Omega_safe_one_step_QP,25.37329232055468,50.13727778924138,12.497039284948187,-0.21138516243625063,0.8842628598213196,False,False,-0.8842628598213196,-0.08842628449201584,-2.8828339932614995,-2.8828339932615106,185.78621431935844,185.78621431935844,188.66904831261994,185.4405620343042,0.3456522850542285,-3.2601550656827563,4.498633996817244,0.8842628449201617,-0.08394114673137665,-0.008394114673137665,0.15953536723079045,0.1595353672307856,210.42331256761673,210.4233125676167,210.26377720038593,209.9604150975515,0.4628974700652009,-2.723907682016257,3.9264829429837436,0.040630602385745826,9.10565598807082,5.764273119805961,42.01728323643557,24.064180326051698,0.20309860915569367,0.0,-12.422399412064806,-0.2777384820391262
baseline,420000,305,Omega_safe_one_step_QP,25.386478677605712,50.13534249601011,17.34289341465228,-0.31363531417840057,0.8965010643005371,False,False,-0.8965010643005371,-0.08965010941028595,-2.7071382823966745,-2.7071382823966745,183.55706855985514,183.55706855985514,186.2642068422518,182.96048071342196,0.5965878464331809,-3.019670918645944,4.739118143854057,0.8965010941028592,-0.1024509146809578,-0.010245091281831264,0.14192978298890185,0.1419297829889088,209.76878092139475,209.76878092139475,209.62685113840584,209.30938818665007,0.45939273474468223,-2.6602150758182495,3.9901755491817514,0.03556980920752064,5.811635212054438,6.696589802412019,37.675991888179496,28.880600582521925,0.2801807318732692,0.0,-17.34743850567793,-0.275635640846815
baseline,420000,306,Omega_safe_one_step_QP,25.45088770086356,50.13490352024125,47.21799038462086,-0.8170674861628501,0.9059271216392517,False,False,-0.9059271216392517,-0.09059271216392517,-1.6010350260216049,-1.601035026021616,172.13935250996965,172.13935250996965,173.74038753599126,170.36863321612304,1.7707192938466108,-1.7672889880198894,5.99150007448011,0.9059271216392583,-0.3220219612121582,-0.03220219537615776,-0.5796009143995542,-0.5796009143995486,206.33522218634351,206.33522218634351,206.91482310074306,206.58277715409366,-0.24755496775014763,-2.3890122720519713,4.261378352948029,0.24261110802152455,11.524573583900636,6.996352371381638,40.23718167049982,26.929023468766196,0.7751220740720299,0.0,-48.14164543934294,0.14853298065008858
baseline,420000,307,Omega_safe_one_step_QP,25.427202000385588,50.13304578543456,28.478528600464415,-0.5131738875855788,0.9218177199363708,False,False,-0.9218177199363708,-0.09218177199363708,-2.0767775018999095,-2.0767775018999206,176.5198759401716,176.51987594017157,178.5966534420715,175.4241159940374,1.0957599461341658,-2.2529155786279116,5.505873483872088,0.9218177199363751,-0.41724681854248047,-0.04172468185424805,-1.0715949290137126,-1.0715949290137208,206.76187137063783,206.76187137063783,207.83346629965155,207.53087083743753,-0.7689994667996984,-2.480876591942821,4.16951403305718,0.43194205326212326,7.785354484037759,5.443180444717374,35.032140270761104,23.90237733921006,0.4738783807747744,0.0,-29.41380666131863,0.4613996800798219
baseline,420000,308,Omega_safe_one_step_QP,25.448650458450114,50.12892033247179,40.38268876836173,-0.7218283960995788,0.8673477172851562,False,False,-0.8673477172851562,-0.08673477172851562,-1.6055595328412968,-1.6055595328412915,172.97307847467513,172.97307847467513,174.57863800751642,171.4474465977175,1.5256318769576467,-1.8511140351724045,5.907675027327596,0.8673477172851519,0.001423071138560772,0.00014230712258722633,0.8346457206597768,0.834645720659767,207.5610763514899,207.5610763514899,206.72643063083012,206.42566108645227,1.1354152650376363,-2.3701730250606787,4.280217599939322,0.19500076834215144,9.262398369261648,4.902247298876387,42.800636228315035,23.783740908449666,0.6493162078165859,0.0,-40.350755817155914,-0.6812491590225704
baseline,420000,309,Omega_safe_one_step_QP,25.442649540284705,50.12496547511775,35.9218291426896,-0.6234255962346997,0.859947681427002,False,False,-0.859947681427002,-0.08599477261304855,-1.7112241547817764,-1.7112241547817708,174.25543833143337,174.25543833143337,175.96666248621514,172.9658676923027,1.289570639130659,-1.989916483042276,5.7688725794577245,0.8599477261304819,0.1506040245294571,0.01506040245294571,1.484038250661883,1.484038250661872,208.2680079103631,208.2680079103631,206.78396965970123,206.50318567278606,1.7648222375770501,-2.375926927947789,4.2744636970522105,0.34718700539796515,10.647550886268807,4.732039803304931,40.19416605036976,27.730632024113433,0.5712465540058673,0.0,-35.434182354149925,-1.0588933425462272
baseline,420000,310,Omega_safe_one_step_QP,25.41318511844126,50.12369202296682,22.18597628198677,-0.3763858628154599,0.8143150806427002,False,False,-0.8143150806427002,-0.08143150806427002,-2.1072834905803974,-2.1072834905803943,179.83820096262238,179.83820096262238,181.94548445320277,179.0561281402135,0.7820728224088782,-2.5877986797410397,5.17099038275896,0.8143150806426989,-0.3373911380767822,-0.0337391160428524,-0.8199467821648432,-0.8199467821648349,207.15637465156053,207.15637465156053,207.97632143372536,207.714121188851,-0.557746537290484,-2.495162105350201,4.155228519649799,0.3286146340579157,10.474019590140152,4.696777907329453,37.58655497608188,26.947726326904565,0.37057360999732936,0.0,-22.891197814358748,0.33464792237428753
baseline,420000,311,Omega_safe_one_step_QP,25.389847181202242,50.122645705967344,10.425271702269129,-0.1723441030466722,0.8443577289581299,False,False,-0.8443577289581299,-0.08443577587604523,-2.587386305688602,-2.587386305688602,184.12335799341025,184.12335799341025,186.71074429909885,183.84876765108356,0.27459034232668955,-3.0643246643306474,4.694464398169353,0.8443577587604527,-0.18041600286960602,-0.01804160140454769,-0.17895010450650756,-0.17895010450649923,208.74369733725632,208.74369733725632,208.92264744176282,208.66184987620647,0.08184746104984697,-2.5897947061539472,4.060595918846053,0.0690981814432135,10.879048276681097,6.227878032650417,43.57666556407954,26.952124383905762,0.1734102101716708,0.0,-10.549573435810998,-0.049108476629911024
baseline,420000,312,Omega_safe_one_step_QP,25.379963291989093,50.12283865510289,8.774314199544278,-0.14763844735014314,0.8291452527046204,False,False,-0.8291452527046204,-0.08291452378034592,-2.714502080132687,-2.714502080132682,186.09155519548995,186.09155519548995,188.80605727562263,185.89195811326965,0.1995970822202935,-3.273855961983025,4.484933100516975,0.8291452378034573,-0.01961793377995491,-0.0019617935176938772,0.4856774519804999,0.4856774519804957,209.85575559911655,209.85575559911655,209.37007814713604,209.09936432323062,0.7563912758859317,-2.6345377766912703,4.01585284830873,0.1209400519207366,9.293442858920553,6.6684441738926035,35.03097817916339,24.662798003980132,0.1392843623192661,0.0,-8.459763796332481,-0.45383476553156754
baseline,420000,313,Omega_safe_one_step_QP,25.395106435081683,50.120897340235175,14.860558175975711,-0.25721452276428236,0.8396539688110352,False,False,-0.8396539688110352,-0.08396539837121964,-2.512430151086452,-2.512430151086456,183.4772759360736,183.4772759360736,185.98970608716004,182.99977366254805,0.47750227352554475,-2.992220843136767,4.766568219363234,0.8396539837121971,-0.10456869006156921,-0.010456869378685951,0.17710860288635,0.17710860288635,208.82295557905914,208.82295557905914,208.64584697617278,208.36203598085882,0.46091959820032,-2.562114659594944,4.088275965405056,0.043321097789151455,8.316435803100562,5.400419385358819,40.15266880519006,26.743584595258547,0.2405789183810807,0.0,-14.824585335436495,-0.276551758920192
baseline,420000,314,Omega_safe_one_step_QP,25.41517148373194,50.119936858994684,25.496738893750262,-0.43822373543390253,0.8049988746643066,False,False,-0.8049988746643066,-0.08049988746643066,-2.1027438074962657,-2.102743807496263,180.08583145071057,180.08583145071057,182.18857525820684,179.16071533498584,0.9251161157247338,-2.6121077602414458,5.146681302258554,0.8049988746643054,-0.20737406611442566,-0.020737407729029655,-0.2344493241019624,-0.2344493241019624,207.53333403928485,207.53333403928485,207.76778336338683,207.4759225636797,0.05741147560516424,-2.4743082983163465,4.1760823266836535,0.09475348090676268,9.66937017600621,6.2622808262326295,40.123799908787,25.076255985485425,0.41783240854026005,0.0,-25.880124416926265,-0.0344468853630957
baseline,420000,315,Omega_safe_one_step_QP,25.418541407929027,50.11780628816897,24.67981190153114,-0.4400648310871433,0.796326756477356,False,False,-0.796326756477356,-0.07963267713785172,-2.0403534197229236,-2.040353419722912,179.64920659862045,179.64920659862045,181.68956001834337,178.7127814006265,0.9364251979939411,-2.562206236255099,5.196582826244903,0.7963267713785122,-0.26041653752326965,-0.026041654869914055,-0.45788892317252805,-0.45788892317251695,207.06994080044527,207.0699408004453,207.5278297236178,207.24193983934865,-0.17199903890335122,-2.4503129343394465,4.200077690660555,0.18686956949682604,7.598820196025006,4.39542358271217,37.80686510677216,29.968837029095045,0.40585324085544316,0.0,-25.18886456572818,0.10319942334200505
baseline,420000,316,Omega_safe_one_step_QP,25.43959476866473,50.117923721447085,28.143629797200447,-0.49557538867725986,0.8854365944862366,False,False,-0.8854365944862366,-0.08854366093873978,-1.9132245365158562,-1.9132245365158562,175.7619694380401,175.7619694380401,177.67519397455595,174.73167570751033,1.0302937305297633,-2.160769631876357,5.598019430623643,0.8854366093873972,-0.07739226520061493,-0.007739226799458265,0.5078006008756103,0.5078006008756033,207.17420682771453,207.17420682771453,206.66640622683892,206.3824937914254,0.7917130362891385,-2.3641705846615575,4.286220040338443,0.11847282596240837,9.318067156563217,3.312167686292918,43.96790083893164,24.546276858905326,0.4533891523805238,0.0,-28.121991127807632,-0.47502782177348024
baseline,420000,317,Omega_safe_one_step_QP,25.423104627830025,50.11498853840337,21.619196691929574,-0.3661967717578931,0.8411858677864075,False,False,-0.8411858677864075,-0.08411858975887299,-2.1052954847313563,-2.1052954847313563,178.98990996747335,178.98990996747335,181.0952054522047,178.22059986883815,0.7693100986352022,-2.5027707796412333,5.2560182828587685,0.84118589758873,-0.3748285472393036,-0.0374828539788723,-0.8997890219881566,-0.8997890219881579,206.31764877924903,206.31764877924903,207.2174378012372,206.94357430455176,-0.6259255253027334,-2.4192737421013835,4.2311168828986165,0.3719252626644062,10.781414965588896,4.8677089236325894,40.77146413884596,23.008497673875095,0.36174145852472606,0.0,-22.35649346563696,0.37555531518164287
baseline,420000,318,Omega_safe_one_step_QP,25.396956371595945,50.11180540994175,7.405962597904363,-0.12364203739092254,0.8768253922462463,False,False,-0.8768253922462463,-0.08768253773450851,-2.6613311327226565,-2.661331132722661,183.75806099926322,183.75806099926322,186.4193921319859,183.5881989606622,0.16986203860102478,-3.0351894476193504,4.72359961488065,0.8768253773450863,-0.23813578486442566,-0.023813579231500626,-0.3441975723790777,-0.34419757237908327,207.81681732946961,207.81681732946961,208.1610149018487,207.8912851541898,-0.07446782472018754,-2.5136314521625347,4.136759172837466,0.13693239400030668,10.314565959502602,4.1173588250870665,37.6193985838889,26.952603486964577,0.12523166681470954,0.0,-7.575874959551584,0.04468069483212389
baseline,420000,319,Z_mode_existing_controller,25.374525426335385,50.111356350014056,0.205992204902941,-0.003399055634376772,0.9069710373878479,False,False,-0.9069710373878479,-0.09069710224866867,-3.02413650242103,-3.02413650242103,187.951786209846,187.95178620984603,190.97592271226705,188.08654082314362,-0.13475461329758787,-3.334325383549309,3.0292126421623324,0.9069710224866866,-0.016709323972463608,-0.0016709323972463608,-0.1896642825893996,-0.1896642825893885,208.90826518885163,208.90826518885166,209.09792947144103,208.81718216218985,0.09108302666180634,-0.6072241742754312,0.40481612279545515,0.3123463963135278,9.93234964501816,4.763995556977706,37.667068852945455,27.671286709295437,0.006482466664696318,0.0,-0.1578248555697428,-0.054649815997080964
baseline,420000,320,Z_mode_existing_controller,25.36724615741557,50.11189702356535,-8.876548092449411,0.14059378724288568,0.9177098870277405,False,False,-0.9177098870277405,-0.09177099168300629,-3.0630798805536896,-3.063079880553684,189.02768864246974,189.02768864246974,192.09076852302343,189.5322916857233,-0.5046030432535531,-3.3377430322798793,3.025794993431762,0.9177099168300611,-0.0014957550447434187,-0.000149575513205491,-0.1016373504706028,-0.10163735047059724,209.27231601873547,209.27231601873547,209.37395336920608,209.15110017890316,0.12121583983230266,-0.6072241742754312,0.40481612279545515,0.16738027696587635,12.10043389515474,4.5696040982806485,41.015987562472205,26.36149809598725,-0.14047548188110426,0.0,9.089753078229478,-0.0727295038993816
baseline,420000,321,Z_mode_existing_controller,25.326012768809257,50.11265666688932,-16.883193067678803,0.2690340524290955,0.93709796667099,False,False,-0.93709796667099,-0.093709796667099,-3.1309898383629813,-3.1309898383629813,196.76616765002066,196.76616765002066,199.89715748838364,197.62226954816757,-0.8561018981469033,-3.341155300427897,3.0223827252837445,0.9370979666709895,-0.0020578308030962944,-0.00020578308613039553,-0.1068918677981548,-0.10689186779814855,210.98503910044923,210.98503910044926,211.0919309682474,210.92026309421337,0.06477600623588842,-0.6072241742754312,0.40481612279545515,0.17603361711627674,9.781029910750732,4.317382226381703,34.22705304090228,22.397635296164797,-0.2709082676835095,0.0,17.192966939104736,-0.03886560374154158
baseline,420000,322,Z_mode_existing_controller,25.32348320515205,50.11109610184558,-22.546884108304766,0.3507872942743333,0.9365600347518921,False,False,-0.9365600347518921,-0.09365600347518921,-3.132426152811391,-3.132426152811399,196.96472639784355,196.96472639784355,200.09715255065495,198.0371991993092,-1.0724728014656648,-3.3446079659391135,3.018930059772528,0.9365600347518943,-0.014600355178117752,-0.001460035564377904,-0.18030549006064003,-0.18030549006064212,210.8717545956934,210.8717545956934,211.05206008575405,210.91975990456243,-0.048005308869022656,-0.6072241742754312,0.40481612279545515,0.29693397874976113,11.150112119970508,5.122295633717272,37.48807477850022,23.75165180459834,-0.36120355243677693,0.0,22.87928447541981,0.02880318532140791
baseline,420000,323,Omega_safe_one_step_QP,25.307721567135864,50.11099145962677,-55.07223297564906,0.8945393650406397,0.9405092597007751,False,False,-0.9405092597007751,-0.09405092895030975,-4.404134434996497,-4.404134434996502,198.4904863991682,198.4904863991682,202.8946208341647,201.0154908989032,-2.5250044997350187,-4.682712317837232,3.0760767446627693,0.9405092895030984,-0.30114156007766724,-0.030114157125353813,-0.9000311766213749,-0.9000311766213729,210.7503180867441,210.7503180867441,211.65034926336548,211.55240953200385,-0.8020914452597481,-2.8625648883142127,3.7878257366857877,0.314414244475488,7.9010078241282855,5.390237420176448,42.7863641537187,25.655834468788505,-0.883512600370578,0.0,55.474490708863414,0.4812548671558403
baseline,420000,324,Z_mode_existing_controller,25.34683436617389,50.1117253234409,-13.557493495981362,0.21867895138566212,0.9335991740226746,False,False,-0.9335991740226746,-0.09335991740226746,-3.1241499151408654,-3.1241499151408614,192.20262701142659,192.20262701142659,195.32677692656745,192.9229307017709,-0.7203036903443092,-3.346350341849156,3.017187683862485,0.933599174022673,-0.004400847014039755,-0.0004400846955832094,-0.12026203455712398,-0.12026203455712398,209.94465623552324,209.94465623552324,210.06491827008037,209.87985073627044,0.06480549925279888,-0.6072241742754312,0.40481612279545515,0.19805211922042854,10.151871888170138,4.036661657197925,37.599295444113096,25.63076282027497,-0.21649567844551498,0.0,13.812872473979041,-0.0388832995516708
baseline,420000,325,Z_mode_existing_controller,25.33344135951624,50.11175029772416,-19.310716006351868,0.30797412568882604,0.9351510405540466,False,False,-0.9351510405540466,-0.09351510554552078,-3.132466703414316,-3.1324667034143063,194.52757259149848,194.52757259149848,197.6600392949128,195.48816680362836,-0.9605942121298767,-3.349690603610036,3.013847422101605,0.9351510554552045,-0.003924899268895388,-0.0003924899210687727,-0.11763121877978455,-0.11763121877977276,210.4538259664145,210.45382596641454,210.5714571851943,210.42848107861818,0.0253448877963649,-0.6072241742754312,0.40481612279545515,0.19371959115451215,10.244639894724802,5.160965507416247,40.75013913600811,25.87910370032951,-0.3094937967277289,0.0,19.635416735756735,-0.015206932677813256
baseline,420000,326,Z_mode_existing_controller,25.331274816994895,50.112552714807734,-24.57249031430638,0.38467709033981246,0.9387509822845459,False,False,-0.9387509822845459,-0.09387510269880295,-3.1476117794706853,-3.147611779470696,194.62821807271595,194.62821807271592,197.77582985218663,195.79186736324976,-1.16364929053384,-3.352978254063548,3.010559771648093,0.9387510269880325,-0.00525582954287529,-0.0005255829892121255,-0.12579150065123446,-0.12579150065122682,210.52312612716486,210.5231261271649,210.6489176278161,210.5409255633676,-0.017799436202722063,-0.6072241742754312,0.40481612279545515,0.2071582555179514,11.31039292265307,3.9564866841928215,42.63988373263039,28.718192393478,-0.39402759421907874,0.0,24.955838246804888,0.010679661721638922
baseline,420000,327,Omega_safe_one_step_QP,25.30233040766129,50.11554164692209,-59.4898512772852,0.9282957125447245,0.9462012052536011,False,False,-0.9462012052536011,-0.09462012350559235,-4.454816435721696,-4.454816435721695,198.69374886905132,198.69374886905132,203.148565304773,201.32165489679824,-2.627906027746917,-4.708106764898064,3.0506822976019365,0.9462012350559232,-0.29037073254585266,-0.029037073254585266,-0.8803405899361578,-0.8803405899361662,211.09442384580188,211.09442384580188,211.97476443573805,211.89723864040693,-0.802814794605041,-2.89500640555147,3.75538421944853,0.30408934095897794,10.225555189911635,5.735885966472171,44.11721636666457,24.61489080684405,-0.9539873053131025,0.0,59.962149705835145,0.4816888767630303
baseline,420000,328,Omega_safe_one_step_QP,25.310139927757486,50.11649457940598,-42.14254198641993,0.6589735621914667,0.9423794746398926,False,False,-0.9423794746398926,-0.09423794597387314,-4.3063461758550154,-4.306346175855016,197.4576714046068,197.4576714046068,201.76401758046183,199.38641553700964,-1.9287441324028407,-4.5696519924669445,3.189137070033057,0.9423794597387313,-0.03199043497443199,-0.0031990434508770704,0.28738216683006773,0.2873821668300587,212.00945043685596,212.00945043685596,211.7220682700259,211.55403391151387,0.45541652534208765,-2.8697367889802554,3.7806538360197455,0.07601387995167874,10.528621737523302,4.851331179977123,37.52452411384324,23.93830252189783,-0.6841670937892204,0.0,43.099958995414454,-0.27324991520525543
baseline,420000,329,Omega_safe_one_step_QP,25.302064177934195,50.116384409617226,-36.17888826813851,0.5632543868050208,0.9418408274650574,False,False,-0.9418408274650574,-0.09418408572673798,-4.469290956014834,-4.469290956014849,199.0509257183797,199.0509257183797,203.52021667439453,200.71218046722046,-1.6612547488407756,-4.745271901860216,3.0135171606397844,0.9418408572673826,-0.2522006034851074,-0.025220060721039772,-0.7228201898802279,-0.7228201898802377,211.35636361604588,211.35636361604588,212.0791838059261,211.84194941580813,-0.4855857997622479,-2.905448342570277,3.744942282429723,0.24878094691602803,10.481297949911475,5.249994794730276,33.51461843242646,23.437307043409223,-0.5780366236912613,0.0,36.4655734119724,0.29135147985735443
baseline,420000,330,Omega_safe_one_step_QP,25.297924815554392,50.115920737636394,-31.233990816721416,0.46939736377156926,0.9505822658538818,False,False,-0.9505822658538818,-0.09505822509527206,-4.604029946402602,-4.604029946402607,199.8972559669363,199.89725596693629,204.5012859133389,201.31108515079444,-1.4138291838581551,-4.843378825754652,2.9154102367453487,0.9505822509527216,-0.27621257305145264,-0.027621258050203323,-0.8418988365625102,-0.8418988365625164,211.4086376899449,211.4086376899449,212.2505365265074,211.9501320210826,-0.5414943311376987,-2.9225836146284063,3.727807010371594,0.2880666381446062,12.542425406765677,5.258068752335769,39.742308859199085,28.53263689676153,-0.4960830922407169,0.0,31.405177310280123,0.32489659868262777
baseline,420000,331,Omega_safe_one_step_QP,25.26572805350029,50.11975070059494,-38.71685717618493,0.5823295370571052,0.9579096436500549,False,False,-0.9579096436500549,-0.09579096734523773,-5.258185934595641,-5.258185934595655,205.70160564328177,205.70160564328177,210.9597915778774,207.441677152368,-1.7400715090862207,-5.489229392208505,2.269559670291496,0.95790967345238,-0.39677155017852783,-0.039677154272794724,-1.5255969590398961,-1.525596959039889,212.31317665574514,212.31317665574514,213.83877361478503,213.48470739671876,-1.1715307409736226,-3.081407323456168,3.568983301543832,0.4950974664812404,11.070351698091143,5.700415024271108,40.91973543108954,23.046879465697796,-0.612125858832659,0.0,38.62606459043309,0.702918444584185
baseline,420000,332,Omega_safe_one_step_QP,25.265352402106036,50.120875224672766,-27.360684496069553,0.4193860394801866,0.9452622532844543,False,False,-0.9452622532844543,-0.09452622383832932,-5.208994552623741,-5.2089945526237305,205.9648465188627,205.96484651886271,211.17384107148644,207.26836834463495,-1.3035218257722363,-5.510634341569407,2.248154720930594,0.9452622383832909,-0.3263799548149109,-0.03263799473643303,-1.2259577312416507,-1.2259577312416639,212.71189121223077,212.71189121223077,213.93784894347243,213.51888835273613,-0.8069971405053593,-3.0913148563249084,3.559075768675092,0.39658132161249227,9.955931847936906,4.07266492480318,42.91152089232179,25.753369792888694,-0.4316676734777385,0.0,27.308153885244792,0.48419828430321843
baseline,420000,333,Omega_safe_one_step_QP,25.268837292333625,50.1234575247818,-18.075398411113383,0.29175055449076603,0.9501922726631165,False,False,-0.9501922726631165,-0.09501922875642776,-5.182262767739812,-5.182262767739802,205.42433013817316,205.42433013817316,210.60659290591298,206.38221146235153,-0.9578813241783735,-5.453909525012059,2.304879537487942,0.950192287564276,-0.2891220450401306,-0.02891220524907112,-1.0611510996505389,-1.0611510996505356,212.89282910935833,212.89282910935833,213.95398020900888,213.48104588829992,-0.588216778941586,-3.0929279828785514,3.5574626421214486,0.3430894949784556,7.098858947000494,4.5343973423668205,38.622042544038116,23.25824918180781,-0.2843424111845838,0.0,18.006810754932303,0.3529300673649658
baseline,420000,334,Z_mode_existing_controller,25.319157378080007,50.123268861211486,34.562173086545954,-0.5853340150161109,0.9406071901321411,False,False,-0.9406071901321411,-0.09406071901321411,-3.1456964488736765,-3.1456964488736765,197.69024609476696,197.69024609476696,200.83594254364064,196.33254501036708,1.3577010843998778,-3.344325327166332,3.019212698545309,0.940607190132141,-0.008960671722888947,-0.0008960671839304268,-0.14768052977158497,-0.1476805297715822,211.69751124845746,211.69751124845746,211.84519177822904,211.32351164591387,0.37399960254359144,-0.6072241742754312,0.40481612279545515,0.2432059460541103,6.5144574843230725,3.778361862160895,34.11252341390199,24.67447476581116,0.5611005236665161,0.0,-34.89887384868689,-0.2243997615261577
baseline,420000,335,Z_mode_existing_controller,25.36757175668277,50.12239375628281,31.325871748197642,-0.5131993848858489,0.8473466634750366,False,False,-0.8473466634750366,-0.08473467081785202,-2.8367010029449213,-2.83670100294492,188.15120595109906,188.15120595109906,190.98790695404398,187.01828453190177,1.132921419197288,-3.3477453509470427,3.0157926747645982,0.8473467081785198,-0.06653468310832977,-0.00665346859022975,-0.475483010190203,-0.47548301019021133,209.223003179865,209.223003179865,209.6984861900552,209.26514660776795,-0.042143427902942676,-0.6072241742754312,0.40481612279545515,0.7830436111302392,10.63615037057219,4.70377732126439,38.86868531613353,27.042274387458768,0.5145239477080885,0.0,-31.865681752647106,0.025286056741762764
baseline,420000,336,Z_mode_existing_controller,25.349204443454575,50.12284059552181,12.716476242208046,-0.20967129437419124,0.9253584742546082,False,False,-0.9253584742546082,-0.0925358459353447,-3.1005129597066876,-3.1005129597066743,191.24028826174674,191.24028826174677,194.34080122145343,190.87392825683597,0.3663600049108027,-3.3506074628344926,3.0129305628771483,0.9253584593534429,-0.007148941047489643,-0.0007148940931074321,-0.1355250506457656,-0.13552505064576142,210.30923930450058,210.30923930450058,210.44476435514633,210.0960817490311,0.21315755546947912,-0.6072241742754312,0.40481612279545515,0.22318783801299805,9.318794573413559,3.057245559038879,39.18186620823257,24.24929057560326,0.20902090173309062,0.0,-12.797602610659851,-0.12789453328169031
baseline,420000,337,Z_mode_existing_controller,25.341678360588354,50.12176318919447,3.27175718046783,-0.052511640866875535,0.92652827501297,False,False,-0.92652827501297,-0.092652827501297,-3.1074204351612433,-3.1074204351612478,192.4336309684687,192.43363096846866,195.54105140362992,192.4690430770942,-0.03541210862553612,-3.353832277938571,3.00970574777307,0.9265282750129712,-0.005947992671281099,-0.0005947992904111743,-0.1286088661623913,-0.12860886616240103,210.51692314142957,210.51692314142954,210.64553200759195,210.3642718892035,0.15265125222603615,-0.6072241742754312,0.40481612279545515,0.2117980008221235,10.577314950011207,4.146695976175806,43.05907462537604,23.05774299455893,0.05675784261060812,0.0,-3.2369242717431916,-0.09159075133563022
baseline,420000,338,Z_mode_existing_controller,25.324648336802397,50.12080081255061,-5.236715554394323,0.08340016170188404,0.9309331178665161,False,False,-0.9309331178665161,-0.09309331327676773,-3.125146761465732,-3.125146761465741,195.4932126960442,195.4932126960442,198.61835945750994,195.88227542828494,-0.3890627322407454,-3.357004548946095,3.0065334767655463,0.9309331327676801,-0.007263056002557278,-0.0007263055886141956,-0.1367576604268339,-0.13675766042682974,211.1169126864939,211.1169126864939,211.25367034692073,211.0309199363693,0.08599275012460339,-0.6072241742754312,0.40481612279545515,0.22521774695484661,10.243764905622303,4.098488853386202,43.78964008841209,24.36398471540208,-0.08097799619935842,0.0,5.3692892006683905,-0.05159565007475919
baseline,420000,339,Z_mode_existing_controller,25.315420870400256,50.12105970770005,-12.230327644767385,0.20015601432376864,0.941677451133728,False,False,-0.941677451133728,-0.09416774660348892,-3.1641704066819583,-3.1641704066819654,196.9821106128575,196.9821106128575,200.14628101953946,197.68121847018094,-0.6991078573234404,-3.3601424275397562,3.0033955981718847,0.9416774660348911,-0.008740945719182491,-0.0008740946068428457,-0.14650179837061364,-0.1465017983706081,211.45448785153334,211.45448785153334,211.60098964990397,211.42615339042703,0.028334461106311437,-0.6072241742754312,0.40481612279545515,0.24126476608975755,8.20682718911746,5.423397799469307,40.08534508374602,27.833290515722656,-0.1949938237201312,0.0,12.442322145151593,-0.01700067666379823
baseline,420000,340,Z_mode_existing_controller,25.3480812382532,50.122763704817814,-16.892124727589362,0.2724157956224303,0.9313277006149292,False,False,-0.9313277006149292,-0.09313277155160904,-3.132316202767307,-3.1323162027672997,190.2672120654644,190.2672120654644,193.3995282682317,191.14040465834546,-0.873192592881054,-3.363280347596604,3.000257678115037,0.9313277155160881,-0.0025669224560260773,-0.000256692263064906,-0.10928990929180982,-0.10928990929180496,210.15477282123533,210.15477282123533,210.26406273052714,210.12583931302962,0.028933508205710723,-0.6072241742754312,0.40481612279545515,0.1799828035868547,10.602699562053552,5.249115792517677,40.5050838325873,21.30724953830011,-0.2695358505223311,0.0,17.17902068303556,-0.017360104923426434
baseline,420000,341,Z_mode_existing_controller,25.337530810233957,50.120210180650965,-20.01375427518815,0.3250883931381987,0.9172402024269104,False,False,-0.9172402024269104,-0.09172402322292328,-3.08771137031332,-3.087711370313332,192.14393622538924,192.1439362253892,195.23164759570255,193.1600635617108,-1.0161273363216026,-3.3663060797159328,2.997231945995708,0.9172402322292362,-0.005744146183133125,-0.0005744146183133125,-0.12647484302909517,-0.12647484302910073,210.3878602142703,210.3878602142703,210.51433505729938,210.41089744681616,-0.02303723254587453,-0.6072241742754312,0.40481612279545515,0.2082836098875947,9.683868628961282,4.343577701775924,39.97455958206611,24.242328323987262,-0.3201479220993271,0.0,20.320079857759083,0.013822339527521876
baseline,420000,342,Z_mode_existing_controller,25.33514805764646,50.119428805272484,-23.410840971027937,0.3850606722616398,0.9203088879585266,False,False,-0.9203088879585266,-0.09203089028596878,-3.1007061402546228,-3.100706140254613,192.34403018493094,192.34403018493097,195.44473632518557,193.51912184949273,-1.1750916645617622,-3.3692015046467105,2.9943365210649304,0.9203089028596847,-0.00411615427583456,-0.0004116154450457543,-0.11724941417252527,-0.11724941417251208,210.40297151669353,210.40297151669355,210.52022093086606,210.4442797680104,-0.04130825131684901,-0.6072241742754312,0.40481612279545515,0.19309082072106182,8.850228667719062,4.605333480809399,37.4252608796509,26.515051514366444,-0.3755201001314621,0.0,23.761576120368773,0.024784950790106564
baseline,420000,343,Z_mode_existing_controller,25.34742107720503,50.11964650855795,-26.95416980373102,0.441900858293994,0.9271222949028015,False,False,-0.9271222949028015,-0.09271223098039627,-3.1263125830749363,-3.126312583074947,189.63389352334593,189.63389352334593,192.76020610642087,190.94710779223448,-1.3132142688885438,-3.3720605685090104,2.991477457202631,0.9271223098039656,-0.0027956312987953424,-0.00027956312987953424,-0.11020397041620333,-0.11020397041619362,209.85436522401602,209.85436522401602,209.96456919443222,209.91036056178308,-0.05599533776705812,-0.6072241742754312,0.40481612279545515,0.18148811441457227,9.650118558643106,4.940552445119159,40.102451936771736,24.139122547735607,-0.4324805147104769,0.0,27.353053115781222,0.03359720266023203
baseline,420000,344,Z_mode_existing_controller,25.34837471990331,50.118417553820166,-29.92450730962355,0.47201779423447704,0.9212058782577515,False,False,-0.9212058782577515,-0.09212058782577515,-3.108981379103594,-3.1089813791035925,189.21662773027325,189.21662773027325,192.32560910937684,190.6076063899359,-1.3909786596626645,-3.3749039736736335,2.988634052038008,0.9212058782577508,-0.002091687871143222,-0.00020916879293508828,-0.10548184285467249,-0.10548184285466278,209.7007867175025,209.70078671750252,209.80626856035718,209.77141805377678,-0.07063133627426055,-0.6072241742754312,0.40481612279545515,0.1737115340978128,12.089843402848386,4.218232093795059,39.144865436458744,22.69106477609896,-0.4792800243908175,0.0,30.361408532248788,0.04237880176455633
baseline,420000,345,Z_mode_existing_controller,25.30315294769698,50.11682049275939,-32.12651155967069,0.500703713079221,0.9290977716445923,False,False,-0.9290977716445923,-0.09290977567434311,-3.1381800147649996,-3.138180014764993,197.86773816388916,197.86773816388916,201.00591817865416,199.37882181562944,-1.5110836517402788,-3.377663966991585,2.9858740587200563,0.929097756743429,-0.003000943223014474,-0.00030009433976374567,-0.11160651288848189,-0.11160651288849299,211.46172875455048,211.46172875455045,211.57333526743895,211.5583036804669,-0.09657492591645678,-0.6072241742754312,0.40481612279545515,0.18379787501323905,10.750783265953835,5.1069642627475105,45.72216620271292,23.221986731959433,-0.5154054308154237,0.0,32.58397203493678,0.057944955549871224
baseline,420000,346,Omega_safe_one_step_QP,25.29761428803523,50.11709060282722,-61.59535041298659,0.9569654077063101,0.9417726993560791,False,False,-0.9417726993560791,-0.09417726844549179,-4.310914077079388,-4.310914077079381,197.5310485662431,197.5310485662431,201.8419626433225,200.27364068306633,-2.742592116823232,-4.57744649875301,3.1813425637469903,0.9417726844549165,-0.09182475507259369,-0.009182475507259369,0.017091615361101292,0.017091615361107537,211.7894174569322,211.7894174569322,211.7723258415711,211.7710815732584,0.018335883673785247,-2.8747625461347743,3.7756280788652257,0.004526827061378478,10.721800472902144,6.034200249293516,37.42486019126874,23.013005326324908,-0.9951378230271715,0.0,62.60148976621804,-0.011001530204268306
baseline,420000,347,Omega_safe_one_step_QP,25.297126458848975,50.11648831167857,-49.104993160601225,0.7489035066758364,0.948203444480896,False,False,-0.948203444480896,-0.09482034295797348,-4.36999820880607,-4.369998208806082,197.78463721174796,197.78463721174793,202.15463542055403,199.98442226628066,-2.1997850545327253,-4.608713776476164,3.150075286023837,0.9482034295797372,-0.01142887957394123,-0.0011428879806771874,0.37464035146472785,0.3746403514647133,212.16584961257647,212.16584961257644,211.79120926111173,211.69240916330924,0.4734404492672013,-2.8766508880888377,3.7737397369111627,0.09927561983152541,11.935570072956072,6.245639759303698,37.89910777208648,23.625432361630374,-0.7958542639458912,0.0,50.18491169410754,-0.28406426956031794
baseline,420000,348,Omega_safe_one_step_QP,25.281354686806157,50.11665266133807,-42.962285740713924,0.6742298054730967,0.9462689161300659,False,False,-0.9462689161300659,-0.09462689608335495,-4.674533514245605,-4.674533514245592,200.79259265866415,200.79259265866418,205.46712617290976,202.7948545493257,-2.002261890661515,-4.939962851711739,2.818826210788261,0.946268960833547,-0.2129528820514679,-0.02129528857767582,-0.5863041457015279,-0.5863041457015397,211.90873490809193,211.9087349080919,212.49503905379345,212.31590275196018,-0.40716784386827953,-2.947033867357009,3.7033567576429913,0.1989472032187249,9.536897281641687,3.611483793730476,41.62071667487288,26.1291748755571,-0.6886848355740174,0.0,43.40666986996712,0.24430070632097056
baseline,420000,349,Omega_safe_one_step_QP,25.28323437292223,50.11843200165162,-30.482203216321068,0.4797100768927639,0.9409080147743225,False,False,-0.9409080147743225,-0.09409080445766449,-4.6301363255256485,-4.630136325525635,200.64659439202617,200.6465943920262,205.27673071755183,202.12673609589652,-1.4801417038703164,-4.920923306175946,2.837865756324054,0.9409080445766423,-0.20280008018016815,-0.020280009135603905,-0.5478976157949212,-0.5478976157949227,211.99581297577018,211.99581297577018,212.5437105915651,212.28523935591366,-0.28942638014348177,-2.951901021134175,3.6984896038658253,0.1856083967152836,9.521125798262474,4.913043341809769,39.760718853189104,23.29691052276307,-0.4870125819971367,0.0,30.795559970231807,0.17365582808608337
baseline,420000,350,Omega_safe_one_step_QP,25.29488427335247,50.11833967027831,-17.34247757221783,0.2751634362945017,0.9525783061981201,False,False,-0.9525783061981201,-0.09525783360004425,-4.4876675967025585,-4.487667596702557,198.69057599044044,198.69057599044044,203.178243587143,199.63927604669803,-0.9487000562575929,-4.711074593135062,3.047714469364939,0.9525783360004421,-0.01362861879169941,-0.001362861949019134,0.33959063473964074,0.3395906347396317,212.41696328488908,212.41696328488908,212.07737265014944,211.75375105711998,0.6632122277690939,-2.90526722699261,3.7451233980073906,0.090675419378788,9.602015610565894,7.04028038239985,36.914788504364736,30.304283527413126,-0.28273712521105665,0.0,18.023142034090597,-0.3979273366614535
baseline,420000,351,Z_mode_existing_controller,25.319623765157022,50.12194998334492,20.160289217235004,-0.3266555394083951,0.9453384876251221,False,False,-0.9453384876251221,-0.09453385323286057,-3.185303958049765,-3.1853039580497753,195.2664806007614,195.26648060076138,198.45178455881117,194.6151837770454,0.6512968237159953,-3.3694849507546927,2.9940530749569483,0.9453385323286086,-0.010305145755410194,-0.0010305145988240838,-0.15603464201181805,-0.15603464201181041,211.1067381515832,211.10673815158322,211.26277279359502,210.8900304458705,0.21670770571270737,-0.6072241742754312,0.40481612279545515,0.2569638176839688,9.496055861197448,5.186173515358635,38.37573470022217,25.043776929001805,0.3307863254834249,0.0,-20.3610509192913,-0.1300246234276301
baseline,420000,352,Z_mode_existing_controller,25.32889153315462,50.121960001731566,10.323690422213986,-0.16541529439957017,0.9428672790527344,False,False,-0.9428672790527344,-0.0942867323756218,-3.1797984542992825,-3.1797984542992817,193.17011899311169,193.17011899311169,196.34991744741097,192.94053592917177,0.2295830639399128,-3.3724770963867154,2.991060929324926,0.9428673237562175,-0.005807740613818169,-0.0005807740963064134,-0.12944091541997466,-0.12944091541998715,210.69062674640531,210.6906267464053,210.82006766182528,210.51946701603677,0.17115973036851528,-0.6072241742754312,0.40481612279545515,0.2131682513701669,10.569717507517636,4.132593863767581,42.396545429186055,26.175327011150088,0.1719881238545824,0.0,-10.392982707848205,-0.10269583822110917
baseline,420000,353,Z_mode_existing_controller,25.31223843919629,50.12293254302493,0.9968844264931249,-0.01597295396376922,0.9479529857635498,False,False,-0.9479529857635498,-0.09479530155658722,-3.199722200464826,-3.1997222004648322,196.15318580119907,196.15318580119907,199.3529080016639,196.30884250724154,-0.15565670604246407,-3.3754016791167447,2.9881363465948962,0.9479530155658739,-0.007601908408105373,-0.0007601908291690052,-0.14046497510685624,-0.14046497510685,211.3823809268621,211.3823809268621,211.52284590196896,211.28503972492496,0.09734120193715512,-0.6072241742754312,0.40481612279545515,0.23132309459592826,9.773794619011243,5.209388473755881,37.498875854596406,27.398719182549964,0.020724096687800397,0.0,-0.9592038020182372,-0.05840472116229023
baseline,420000,354,Z_mode_existing_controller,25.31781866499216,50.12450205632397,-6.514041061971511,0.10402368096071804,0.9537280797958374,False,False,-0.9537280797958374,-0.09537281095981598,-3.221979910320378,-3.221979910320378,194.74626182942583,194.74626182942583,197.96824173974622,195.2153686508074,-0.46910682138155835,-3.3783002491956706,2.9852377765159708,0.9537281095981595,-0.007480187341570854,-0.0007480187341570854,-0.14033645523060037,-0.14033645523059413,211.18238576796048,211.18238576796048,211.32272222319108,211.13543833217062,0.04694743578986049,-0.6072241742754312,0.40481612279545515,0.2311114431470886,10.242150794630604,4.982064419854652,44.62408185300521,19.39858028430084,-0.10053855519063504,0.0,6.642748078636032,-0.028168461473924822
baseline,420000,355,Z_mode_existing_controller,25.315883954903207,50.1217173902824,-11.110590608222083,0.17637528928016927,0.9372962713241577,False,False,-0.9372962713241577,-0.09372963011264801,-3.1691647411815542,-3.1691647411815413,194.94911715053377,194.9491171505338,198.11828189171533,195.60774074264285,-0.658623592109052,-3.3811770486800445,2.9823609770315964,0.9372963011264762,-0.010105772875249386,-0.001010577310808003,-0.15405290562846494,-0.15405290562847465,211.04592837744465,211.04592837744465,211.19998128307313,211.05565314467222,-0.0097247672275671,-0.6072241742754312,0.40481612279545515,0.25370021839512225,10.500868384357133,4.280248001126684,40.00916245662793,26.22979444612436,-0.17449707103818568,0.0,11.279252818923851,0.005834860336534575
baseline,420000,356,Z_mode_existing_controller,25.302171500334307,50.122793279749324,-17.349859719265623,0.2675906451400023,0.9497426152229309,False,False,-0.9497426152229309,-0.09497426450252533,-3.2138469446841818,-3.213846944684193,197.34378889189043,197.3437888918904,200.5576358365746,198.24911842531594,-0.9053295334255438,-3.383913485951478,2.979624539760163,0.9497426450252565,-0.00879734754562378,-0.0008797347545623779,-0.14764839961372359,-0.14764839961373608,211.64001333692508,211.64001333692508,211.7876617365388,211.67984624808554,-0.039832911160459616,-0.6072241742754312,0.40481612279545515,0.24315303288100673,11.653773625876795,5.134167444246436,39.638948077884,27.911382677560134,-0.2748807709029748,0.0,17.600840743471963,0.02389974669628714
baseline,420000,357,Omega_safe_one_step_QP,25.2800707596508,50.12554854070892,-57.829749050330975,0.8688567770420215,0.9568748474121094,False,False,-0.9568748474121094,-0.09568748623132706,-4.646758009065372,-4.646758009065364,199.98255469777465,199.98255469777465,204.62931270684,202.49333412340548,-2.5107794256308296,-4.856181505104764,2.9026075573952372,0.9568748623132689,-0.3756566047668457,-0.03756565973162651,-1.3348110598877152,-1.3348110598877125,211.48582436873494,211.48582436873497,212.82063542862267,212.74527833177186,-1.25945396303689,-2.9795935048399333,3.670797120160067,0.4479842829968244,12.276589403283635,3.845147584770667,40.016807648130246,22.27071657966415,-0.920129296870499,0.0,57.99420596937853,0.7556723778221226
baseline,420000,358,Omega_safe_one_step_QP,25.237757881573998,50.12557461979057,-65.3699777863103,0.9599329278261218,0.9677745699882507,False,False,-0.9677745699882507,-0.09677746146917343,-5.528244263329663,-5.528244263329659,207.6625151458264,207.6625151458264,213.19075940915607,210.49101315230513,-2.828498006478725,-5.7123261753363686,2.046462887163632,0.9677746146917338,-0.4564368426799774,-0.04564368352293968,-1.864983152976462,-1.8649831529764724,212.77211146572955,212.77211146572955,214.63709461870602,214.46863856106455,-1.696527095335,-3.1612394238482673,3.4891512011517327,0.5899531490424648,11.851169333406778,4.083906531780987,37.1418310634792,28.11287804048427,-1.0384338626400087,0.0,65.39049539174903,1.0179162572010085
baseline,420000,359,Omega_safe_one_step_QP,25.210006502983283,50.12997165233569,-63.322771042525346,0.9388705497975118,0.9779416918754578,False,False,-0.9779416918754578,-0.09779416769742966,-6.137390275779484,-6.1373902757795005,212.6883517649773,212.6883517649773,218.8257420407568,215.51179871645877,-2.8234469514814577,-6.275824438496444,1.482964624003557,0.977941676974299,-0.4378042221069336,-0.04378042370080948,-1.9218126584025215,-1.9218126584025335,214.15816786546682,214.15816786546682,216.07998052386935,215.80986098847754,-1.6516931230107161,-3.3055280143646004,3.3448626106353996,0.581393547430561,10.150493715288363,3.7791382814886756,40.536716228129436,23.378966400398607,-1.0064662400969162,0.0,63.338221408815116,0.9910158738064467
baseline,420000,360,Omega_safe_one_step_QP,25.21255157726203,50.132050982470844,-44.13937686411555,0.6574642664391256,0.9584785103797913,False,False,-0.9584785103797913,-0.09584785252809525,-5.985084665479009,-5.985084665479009,212.52600987449648,212.52600987449648,218.5110945399755,214.58042778422094,-2.0544179097244637,-6.24435968841831,1.514429374081689,0.9584785252809523,-0.2042010873556137,-0.02042010985314846,-0.8902349733270063,-0.8902349733270001,215.22877555433575,215.22877555433575,216.11901052766277,215.74563142055266,-0.5168558662169005,-3.3094310147439403,3.3409596102560597,0.26899940484055684,10.083729166735244,4.72192513508836,41.9375570880263,27.960791993647998,-0.7057958995457554,0.0,44.535059243930846,0.31011351973012324
baseline,420000,361,Omega_safe_one_step_QP,25.224477402282353,50.13691603900097,-28.53295110991894,0.4294358159859539,0.9675007462501526,False,False,-0.9675007462501526,-0.09675007313489914,-5.828478917370806,-5.828478917370797,210.4816493485724,210.4816493485724,216.3101282659432,211.89127604222622,-1.40962669365382,-6.024263061015083,1.7345260014849178,0.9675007313489897,-0.17105981707572937,-0.017105981707572937,-0.7234656627071943,-0.7234656627071843,215.19200906483007,215.19200906483007,215.91547472753726,215.46099417038397,-0.2689851055538952,-3.2890774347313902,3.3613131902686098,0.21996005781671957,10.037641087393833,3.599048433685697,39.74834095071473,25.724312694389823,-0.45462234201949236,0.0,28.826182388605957,0.16139106333233144
baseline,420000,362,Omega_safe_one_step_QP,25.22519974263504,50.13991797856255,-19.76967317951403,0.2947399710945112,0.9670758843421936,False,False,-0.9670758843421936,-0.09670758992433548,-5.828378238700971,-5.828378238700971,210.5071732819548,210.5071732819548,216.33555152065577,211.5385004494441,-1.0313271674892803,-6.02680538648634,1.7319836760136604,0.9670758992433546,-0.20895659923553467,-0.020895659923553467,-0.9074580041872164,-0.9074580041872156,215.1730302546522,215.1730302546522,216.0804882588394,215.56264390389097,-0.3896136492387825,-3.305578787861606,3.344811837138394,0.27452318108994594,10.706545135810558,4.364221829017968,44.911845188107094,27.414584743294455,-0.3106074988184986,0.0,19.846512488788903,0.2337681895432695
baseline,420000,363,Omega_safe_one_step_QP,25.22388805893742,50.1445719365075,-13.809337182071431,0.20253547698923113,0.970534086227417,False,False,-0.970534086227417,-0.0970534086227417,-5.8883220462055075,-5.88832204620551,210.85012091449755,210.85012091449755,216.73844296070305,211.63389767840115,-0.7837767639036031,-6.067094530491069,1.6916945320089318,0.9705340862274172,-0.1400379091501236,-0.01400379091501236,-0.6349053627636896,-0.6349053627636876,215.78635062671844,215.78635062671847,216.42125598948215,215.8514014284551,-0.06505080173661781,-3.3396555609258813,3.310735064074119,0.19011103126684936,11.691625198349506,5.658845457987968,41.023184760286526,23.22975906834767,-0.21628426642821807,0.0,13.986590967457232,0.03903048104197637
baseline,420000,364,Omega_safe_one_step_QP,25.218387578106498,50.146744257627276,-10.53967692835613,0.15917011540591408,0.9719917178153992,False,False,-0.9719917178153992,-0.09719917178153992,-6.019040080410365,-6.019040080410373,211.97326588484438,211.97326588484438,217.99230596525476,212.63561471452482,-0.6623488296804396,-6.192480830946238,1.5663082315537629,0.9719917178154006,-0.16964176297187805,-0.016964176669716835,-0.8031116434286772,-0.8031116434286776,215.99812418000366,215.99812418000366,216.80123582343234,216.1893110118821,-0.19118683187844,-3.3776535443208986,3.2727370806791023,0.23777206065998369,9.677449265358756,5.411034419703021,38.17385012902524,26.094962479443637,-0.16319376799776109,0.0,10.588158597226538,0.11471209912707536
baseline,420000,365,Omega_safe_one_step_QP,25.240207977489707,50.149943702544064,5.839083390857013,-0.09148761449319322,0.9639566540718079,False,False,-0.9639566540718079,-0.09639566391706467,-5.569423020931946,-5.569423020931944,208.27477116473418,208.27477116473418,213.8441941856661,208.2387167701131,0.036054394621089614,-5.777669652987375,1.981119409512626,0.9639566391706462,-0.20471008121967316,-0.020471008494496346,-0.8892842152156818,-0.8892842152156922,215.19734893832424,215.19734893832424,216.08663315353994,215.43175692220152,-0.23440798387727568,-3.3061932773316585,3.344197347668342,0.2689752656969317,8.44743157517532,4.026020780237227,41.515680841027226,27.232888921581445,0.10252452690296686,0.0,-6.082252708086344,0.14064479032637678
baseline,420000,366,Omega_safe_one_step_QP,25.26879483912383,50.153098488399564,23.95067297251444,-0.3671050526623987,0.9519205689430237,False,False,-0.9519205689430237,-0.0951920598745346,-4.977721006198411,-4.977721006198414,203.38112335182066,203.38112335182066,208.35884435801907,202.60638649972933,0.7747368520913369,-5.2291346702226695,2.5296543922773305,0.9519205987453466,-0.22652208805084229,-0.02265220880508423,-0.8907745563536934,-0.890774556353706,214.19321269482379,214.19321269482379,215.0839872511775,214.40138799206215,-0.2081752972383697,-3.205928687095414,3.444461937904586,0.277852267874602,11.035102537725006,6.778158755716556,38.34254149536103,23.339693565061843,0.3980803178960919,0.0,-24.473658468754365,0.1249051783430275
baseline,420000,367,Omega_safe_one_step_QP,25.27572027900177,50.153705341054945,28.250824385499072,-0.45188532346528626,0.930683970451355,False,False,-0.930683970451355,-0.09306839853525162,-4.756027172675911,-4.756027172675925,202.4139633542543,202.4139633542543,207.1699905269302,201.4303589187678,0.9836044354864839,-5.110249287113784,2.648539775386216,0.9306839853525188,-0.07980562001466751,-0.007980561815202236,-0.22129551691007637,-0.22129551691007915,214.6313496779799,214.6313496779799,214.85264519489,214.16931066438514,0.4620390135947616,-3.182794481466663,3.467596143533338,0.06952868562474823,8.728456760266099,4.88312848797193,40.53921476533803,25.2022146199077,0.45989221332592845,0.0,-28.433493190667832,-0.277223408156857
baseline,420000,368,Omega_safe_one_step_QP,25.30099467206837,50.154747320477576,38.21888296409543,-0.6012781285976174,0.9449412226676941,False,False,-0.9449412226676941,-0.09449412673711777,-4.373902769380793,-4.373902769380802,197.98115709172166,197.98115709172166,202.35505986110246,196.63122988720957,1.3499272045120847,-4.628756220531008,3.1300328419689922,0.9449412673711797,-0.019393062219023705,-0.0019393062684684992,0.14124661407068256,0.14124661407068673,214.01322605722237,214.01322605722237,213.87197944315167,213.188072890758,0.8251531664643608,-3.084727906292833,3.5656627187071672,0.03961300471007525,10.825553747979379,6.683440988409574,35.80783391843213,24.01958619444636,0.6194814159008324,0.0,-38.343272480117776,-0.49509189987863067
baseline,420000,369,Omega_safe_one_step_QP,25.30439165253533,50.15461447090561,36.40076657710415,-0.5793343868004195,0.9429821372032166,False,False,-0.9429821372032166,-0.09429821372032166,-4.318452666132923,-4.318452666132925,197.54474456612215,197.54474456612215,201.86319723225506,196.2518114276402,1.292933138481942,-4.57956995764627,3.1792191048537304,0.942982137203217,-0.014088123105466366,-0.0014088123571127653,0.17605844925762948,0.17605844925763608,213.9232953678717,213.9232953678717,213.74723691861408,213.0801192703385,0.8431760975331883,-3.0722536538390717,3.5781369711609288,0.04920394347020031,10.210311663118667,4.7051180349711705,39.91122555366767,23.460953423732263,0.5892877145679378,0.0,-36.48414863315156,-0.5059056585199073
baseline,420000,370,Omega_safe_one_step_QP,25.300965824073796,50.15423935452763,32.58752483502212,-0.5027201206396941,0.9464532136917114,False,False,-0.9464532136917114,-0.09464532136917114,-4.415031596988109,-4.415031596988108,198.30064193394287,198.30064193394287,202.71567353093099,197.199540375107,1.1011015588358646,-4.66481758751386,3.09397147498614,0.9464532136917111,-0.0148209473118186,-0.0014820947544649243,0.15962440066317923,0.15962440066318412,214.05544747701325,214.05544747701325,213.89582307635007,213.24246520141267,0.8129822756005751,-3.087112269612671,3.563278355387329,0.04479706179054118,11.891775607703531,3.7596518735512627,37.57405229774132,22.585688942236676,0.5285222457258811,0.0,-32.62825771538701,-0.48778936536034223
baseline,420000,371,Omega_safe_one_step_QP,25.261391653606278,50.15373156372693,10.27817922963186,-0.15947172922754133,0.9494315385818481,False,False,-0.9494315385818481,-0.09494315832853317,-5.186264063941818,-5.186264063941826,205.5061708200362,205.5061708200362,210.69243488397802,205.26714313044218,0.23902768959402465,-5.462493722818565,2.296295339681435,0.9494315832853334,-0.24378594756126404,-0.024378595873713493,-1.0126684730051467,-1.012668473005133,214.54587715388485,214.54587715388485,215.55854562688998,214.9192966183838,-0.3734194644989657,-3.253384524666663,3.397006100333338,0.31126614924465146,9.68314482450697,3.918684206439628,41.1131422957285,23.730216334568727,0.17630207165317202,0.0,-10.678532979983174,0.22405167869936804
baseline,420000,372,Omega_safe_one_step_QP,25.266870556589335,50.15471802372526,15.831952216958598,-0.24580583126587457,0.9383091330528259,False,False,-0.9383091330528259,-0.09383091330528259,-5.038631663074425,-5.0386316630744235,204.727924070529,204.727924070529,209.76655573360344,204.26085920991915,0.46706486060986663,-5.369905807781105,2.3888832547188947,0.9383091330528258,-0.1977665275335312,-0.01977665349841118,-0.7951069319357983,-0.7951069319358073,214.61072971079926,214.61072971079926,215.40583664273507,214.75032377892722,-0.1395940681279626,-3.238113626251172,3.4122769987488284,0.24554633459738046,9.877553458062055,4.438743294821819,44.28555253772624,23.91055370567624,0.26431728647562736,0.0,-16.180025944310728,0.08375644087678324
baseline,420000,373,Omega_safe_one_step_QP,25.274030974505067,50.155982396975176,18.242893586849277,-0.2941162377494409,0.9441341161727905,False,False,-0.9441341161727905,-0.09441341459751129,-4.950575154221641,-4.950575154221645,203.5520046911745,203.5520046911745,208.50257984539613,202.95814379372973,0.5938608974447561,-5.2435082189603754,2.5152808435396246,0.9441341459751139,-0.1850006878376007,-0.0185000691562891,-0.7182855484291487,-0.7182855484291512,214.4787294132217,214.4787294132217,215.19701496165086,214.53232589678538,-0.0535964835636662,-3.2172314581427517,3.433159166857249,0.22326200578798397,7.930125881733119,5.174418051280787,41.01375949143508,28.833180003630094,0.30147668596620214,0.0,-18.576528162952854,0.032157890138194034
baseline,420000,374,Z_mode_existing_controller,25.314602725926544,50.159176542406804,60.924119392746434,-1.0152911423340056,0.9350714087486267,False,False,-0.9350714087486267,-0.09350714087486267,-3.134263154909181,-3.1342631549091915,197.49173444955406,197.49173444955406,200.62599760446324,195.0426663072783,2.449068142275763,-3.3518971124394192,3.011640913272222,0.9350714087486296,-0.014573819935321808,-0.0014573819935321808,-0.17999940172961706,-0.1799994017296032,213.50691535212783,213.50691535212783,213.68691475385745,213.01217370588543,0.494741646242403,-0.6072241742754312,0.40481612279545515,0.29642990077657405,7.7584870523529315,4.488772537788722,40.523204727490494,26.617754806234586,0.9893264727572155,0.0,-61.616600877758174,-0.29684498774545887
baseline,420000,375,Z_mode_existing_controller,25.348428975816418,50.1600343436233,48.49356091237405,-0.8052474238327457,0.899273693561554,False,False,-0.899273693561554,-0.08992736786603928,-3.017215842127912,-3.0172158421278996,190.62976799580423,190.62976799580423,193.64698383793214,188.77345051587804,1.8563174799261901,-3.355169748349048,3.008368277362593,0.8992736786603889,-0.020540663972496986,-0.0020540663972496986,-0.21132742295040946,-0.21132742295039628,212.04083049194537,212.04083049194537,212.25215791489578,211.6938511281068,0.3469793638385852,-0.6072241742754312,0.40481612279545515,0.34802208459925404,9.429192151655513,5.845022855656482,42.26613915996343,26.06348743242451,0.7896224224223634,0.0,-49.074995716493504,-0.2081876183031568
baseline,420000,376,Omega_safe_one_step_QP,25.361383831811455,50.16011080512638,30.222003747263443,-0.5148629410405102,0.9069820642471313,False,False,-0.9069820642471313,-0.09069820493459702,-3.1515072408372915,-3.1515072408373044,187.66317469616396,187.66317469616396,190.81468193700127,186.5636714197578,1.0995032764061534,-3.474718428120889,4.284070634379111,0.9069820493459737,-0.05784735828638077,-0.005784736014902592,0.1625031973334065,0.162503197333419,211.8197169678205,211.81971696782054,211.65721377048712,211.20216330366594,0.6175536641545989,-2.863251339026377,3.7871392859736233,0.042909221199040636,8.425432699817854,4.9711158718754715,41.208963330221174,24.27532667539187,0.4895184500402534,0.0,-30.340989998810983,-0.37053219849275365
baseline,420000,377,Omega_safe_one_step_QP,25.38036758804663,50.158301003325946,38.03348283768355,-0.6660671346028475,0.8812100291252136,False,False,-0.8812100291252136,-0.08812100440263748,-2.7487995400369005,-2.7487995400369005,184.5121639491366,184.5121639491366,187.26096348917352,183.05303125923052,1.4591326899060846,-3.119346583338113,4.639442479161887,0.8812100440263748,-0.04738561064004898,-0.0047385613434016705,0.27406925271446436,0.274069252714474,211.05648428939688,211.05648428939688,210.7824150366824,210.331805068218,0.7246792211788886,-2.7757714656459056,3.8746191593540953,0.07073450097742297,7.639584439207005,4.743445229812359,42.45056118956309,23.15640985945496,0.6148832333381404,0.0,-38.21355853831392,-0.43480753270733885
baseline,420000,378,Omega_safe_one_step_QP,25.40807550310874,50.155214863245064,50.268808314755915,-0.8721086681094358,0.8424078226089478,False,False,-0.8424078226089478,-0.08424078673124313,-2.184493041529159,-2.184493041529148,179.8145411809674,179.8145411809674,181.99903422249656,177.88369788774386,1.9308432932235462,-2.5931536566704176,5.165635405829583,0.8424078673124269,-0.045671895146369934,-0.004567189607769251,0.3709489603020519,0.370948960302038,209.84045339256832,209.8404533925683,209.46950443226626,209.0310336020386,0.809419790529688,-2.6444804052042903,4.00591021979571,0.09260041786981321,9.433820658223897,3.0239155089260796,40.500787907714454,23.807674885840846,0.8136553380999025,0.0,-50.5968117785369,-0.48565187431781
baseline,420000,379,Omega_safe_one_step_QP,25.38933317066619,50.15215500064453,33.39335610809667,-0.5805118363825417,0.8899966478347778,False,False,-0.8899966478347778,-0.0889996662735939,-2.654244805355592,-2.654244805355584,183.23634002018161,183.23634002018164,185.89058482553722,181.97332731753067,1.2630127026509683,-2.9823087169744844,4.776480345525516,0.8899966627359366,-0.1864021271467209,-0.01864021271467209,-0.27789210992927166,-0.27789210992926194,209.83537653170515,209.83537653170515,210.11326864163442,209.70477510472463,0.1306014269805189,-2.708856826141106,3.9415337988588943,0.10258648860565005,8.320140799408662,4.704518544082211,40.71540029926426,21.617730228364785,0.5454552666172585,0.0,-33.860450518525795,-0.07836085618831135
baseline,420000,380,Omega_safe_one_step_QP,25.404435066426668,50.14806201058342,39.34283979384509,-0.678774447149646,0.8776242136955261,False,False,-0.8776242136955261,-0.08776242285966873,-2.3741128525478787,-2.3741128525478867,180.74497220465503,180.74497220465503,183.1190850572029,179.27883651130193,1.4661356933530953,-2.7051587401410537,5.053630322358947,0.8776242285966902,0.03092183917760849,0.0030921839643269777,0.7516101736413761,0.7516101736413885,210.02623161734022,210.02623161734022,209.27462144369883,208.87532262352076,1.1509089938194563,-2.624992106347548,4.025398518652453,0.18671695986339223,9.43006006441017,5.463687048150436,41.864402331937676,25.212232640845677,0.6326271696081065,0.0,-39.28492156716129,-0.6905453962916823
baseline,420000,381,Omega_safe_one_step_QP,25.406172337874516,50.14608758576984,40.30412857767624,-0.6618249627362585,0.847274124622345,False,False,-0.847274124622345,-0.08472741395235062,-2.2780371115083837,-2.2780371115083837,180.67611983485926,180.67611983485926,182.95415694636765,179.2407898753662,1.4353299594930604,-2.688665929057527,5.070123133442474,0.8472741395235058,-0.01915493980050087,-0.001915493980050087,0.5218950125603722,0.5218950125603625,209.63651906787317,209.63651906787314,209.1146240553128,208.73473263897347,0.9017864288996691,-2.608992367508942,4.041398257491058,0.12913723897242446,12.472688554724176,7.174603958463569,38.66495782241705,25.74678905660882,0.6520291784960079,0.0,-40.41508589883324,-0.5410718573398015
baseline,420000,382,Omega_safe_one_step_QP,25.377528616792674,50.14490743069974,20.7023897157178,-0.3385467282372061,0.8764328360557556,False,False,-0.8764328360557556,-0.08764328807592392,-2.8658052087460444,-2.8658052087460457,185.90020560943984,185.90020560943984,188.7660108181859,185.21723262308345,0.6829729863563898,-3.2698513162393508,4.48893774626065,0.8764328807592396,-0.16831368207931519,-0.01683136820793152,-0.22040138170619505,-0.22040138170619783,210.05655586902907,210.05655586902904,210.27695725073525,209.92351619338714,0.13303967564189634,-2.725225687051189,3.9251649379488116,0.08087454288774211,11.206975066296062,4.642711881063498,41.211566369673115,25.604089890552967,0.34037916903402987,0.0,-20.962945079367273,-0.07982380538514633
baseline,420000,383,Z_mode_existing_controller,25.348545363400856,50.144418878463405,13.974635661167667,-0.23228006071638618,0.9256004691123962,False,False,-0.9256004691123962,-0.0925600454211235,-3.0972506086465965,-3.0972506086465903,191.53636422773616,191.53636422773616,194.63361483638275,191.1076854125729,0.42867881516326634,-3.346206880684785,3.017331145026856,0.925600454211233,-0.007587629836052656,-0.0007587629952467978,-0.13811917028491785,-0.1381191702849116,211.3529538875417,211.3529538875417,211.4910730578266,211.13979985876307,0.2131540287786322,-0.6072241742754312,0.40481612279545515,0.22745993347468746,8.810585711379092,4.297487452085621,44.17691459580985,25.06680522641295,0.22911967684000167,0.0,-14.075862920740292,-0.12789241726717648
baseline,420000,384,Z_mode_existing_controller,25.36072623823896,50.14402545750207,5.09112358605762,-0.08344119727181103,0.9175386428833008,False,False,-0.9175386428833008,-0.09175386279821396,-3.073331254021394,-3.073331254021388,188.8576563926137,188.8576563926137,191.9309876466351,188.81265673045786,0.0449996621558455,-3.349538820812697,3.0139992048989446,0.9175386279821374,-0.0025503020733594894,-0.00025503020151518285,-0.1077970425696878,-0.10779704256969752,210.7902051593412,210.7902051593412,210.8980022019109,210.61604498780795,0.17416017153325924,-0.6072241742754312,0.40481612279545515,0.177524293558184,10.189464718241698,6.339267481092319,37.3760353143001,22.937397853605287,0.08580397584534438,0.0,-5.072431458983374,-0.1044961029199527
baseline,420000,385,Z_mode_existing_controller,25.36327866133009,50.14182616674791,-2.1807202193576813,0.03819339654167532,0.904270350933075,False,False,-0.904270350933075,-0.09042703360319138,-3.031807995523792,-3.0318079955237853,188.125436321614,188.125436321614,191.15724431713778,188.39021939074306,-0.26478306912906646,-3.3527672806650517,3.0107707450465893,0.9042703360319118,-0.001091021578758955,-0.00010910216224147007,-0.09790647702136099,-0.09790647702137348,210.51487179343965,210.51487179343962,210.612778270461,210.39177093000717,0.1231008634324553,-0.6072241742754312,0.40481612279545515,0.16123613184241248,6.393642359819113,5.332842952964124,40.52568573328219,25.06989850848232,-0.03361870298878955,0.0,2.2881994404060606,-0.07386051805946181
baseline,420000,386,Omega_safe_one_step_QP,25.41620947659362,50.140038246925805,20.58484797717574,-0.3513361314269384,0.7539600133895874,False,False,-0.7539600133895874,-0.07539600133895874,-1.8390273393936978,-1.8390273393937007,178.62004688192448,178.62004688192448,180.4590742213182,177.94982456325263,0.670222318671847,-2.4391576565525805,5.319631405947421,0.7539600133895884,0.059352610260248184,0.005935261026024818,0.8697502301531934,0.8697502301531934,209.10081965287262,209.10081965287262,208.23106942271943,208.05420970432635,1.046609948546262,-2.520636904249607,4.129753720750394,0.21060583486686857,10.413834083709094,6.823611256157428,42.67025154953564,20.371648461129148,0.32907067875419216,0.0,-20.285952686802375,-0.6279659691277573
baseline,420000,387,Omega_safe_one_step_QP,25.413239871129015,50.135162768076164,11.12651870319678,-0.19007559337655408,0.8836057782173157,False,False,-0.8836057782173157,-0.08836057782173157,-2.2264235362880718,-2.2264235362880775,179.03809739814227,179.03809739814227,181.26452093443035,178.75366611091266,0.28443128722960864,-2.5197023278637967,5.239086734636204,0.8836057782173179,-0.014601686969399452,-0.001460168743506074,0.656762493680893,0.6567624936809041,208.7680048888947,208.7680048888947,208.1112423952138,207.93386365909325,0.8341412298014461,-2.508654201499044,4.141736423500956,0.15857177437808834,10.128314711196897,2.680144254343007,38.294584861310334,22.56850950208287,0.17730993932735828,0.0,-10.803343904643043,-0.5004847378808677
baseline,420000,388,Omega_safe_one_step_QP,25.37807916580051,50.131285642081934,-4.2299131861846035,0.07064543676173092,0.9063243865966797,False,False,-0.9063243865966797,-0.09063243865966797,-2.930466288766205,-2.9304662887662176,185.4705571123759,185.4705571123759,188.4010234011421,185.82603642579127,-0.35547931341537264,-3.2333525745349743,4.525436487965026,0.9063243865966835,-0.038805123418569565,-0.003880512434989214,0.45109717815543793,0.45109717815544764,209.8522506509782,209.8522506509782,209.40115347282276,209.21293852297762,0.6393121280005687,-2.6376453092599395,4.0127453157400605,0.11241609986709383,9.77383698203145,4.827662636142204,44.47254742706216,23.464446875661217,-0.07043456724863617,0.0,4.683935030232533,-0.3835872768003412
baseline,420000,389,Omega_safe_one_step_QP,25.374322004973703,50.12932483899556,-2.093524638606141,0.03546554531367037,0.9072616100311279,False,False,-0.9072616100311279,-0.09072615951299667,-3.01695803752048,-3.0169580375204674,186.3039921364323,186.3039921364323,189.32095017395278,186.57510551179925,-0.27111337536695146,-3.3253452518160387,4.433443810683961,0.9072615951299629,-0.012068700976669788,-0.0012068700743839145,0.5637075020608999,0.5637075020609089,210.0373041870406,210.0373041870406,209.4735966849797,209.25714316801412,0.7801610190264796,-2.6448896304756344,4.0055009945243665,0.14073333219278014,8.739943651557095,5.61449587180772,40.91505597249212,22.277033600083165,-0.03757190283955403,0.0,2.5991931528624264,-0.46809661141588776
baseline,420000,390,Omega_safe_one_step_QP,25.391957099943898,50.12624477949487,8.799565315858672,-0.15189976790984103,0.9063413739204407,False,False,-0.9063413739204407,-0.09063413739204407,-2.715959300347316,-2.7159593003473246,183.3177230458697,183.3177230458697,186.03368234621703,183.12578917488167,0.19193387098803782,-2.996618469042466,4.762170593457535,0.9063413739204434,0.02266683615744114,0.002266683615744114,0.7977844545456525,0.7977844545456525,209.38099119136675,209.38099119136675,208.5832067368211,208.339780451793,1.0412107395737564,-2.5558506356597746,4.094539989340226,0.19484104603267133,8.437129446752696,4.117731206563314,35.28997618654591,28.002495141263523,0.13669855340682346,0.0,-8.311537425521237,-0.624726443744251
baseline,420000,391,Omega_safe_one_step_QP,25.399444965994448,50.125715968892294,15.851307987064502,-0.2688281656564599,0.8698889017105103,False,False,-0.8698889017105103,-0.0869888886809349,-2.4919025516138587,-2.491902551613856,182.2218117578234,182.2218117578234,184.71371430943725,181.71916475920588,0.5026469986175073,-2.8646216653644863,4.894167397135514,0.8698888868093488,-0.16191215813159943,-0.016191216185688972,-0.020475800106992126,-0.02047580010699629,208.23932682536088,208.23932682536088,208.25980262546787,208.0015515967042,0.23777522865668743,-2.5235102245244523,4.126880400475548,0.008114015115930387,9.830860688663186,3.574478999770207,38.24300395798107,22.081627103952066,0.2596905334139912,0.0,-15.968333383284516,-0.1426651371940153
baseline,420000,392,Omega_safe_one_step_QP,25.37951676822536,50.12201203363201,5.745759203357011,-0.09593016289679517,0.8998692631721497,False,False,-0.8998692631721497,-0.08998692780733109,-2.948450628007361,-2.948450628007375,185.88436861227362,185.8843686122736,188.83281924028097,185.8175690518902,0.06679956038340151,-3.276532158448858,4.482256904051142,0.8998692780733151,-0.05533476918935776,-0.005533476825803518,0.4170620631107791,0.4170620631107791,209.33271367664227,209.33271367664227,208.91565161353148,208.65236032026317,0.6803533563791007,-2.5890951233308144,4.0612955016691865,0.10269187822934017,9.785225204776271,5.3410908042911425,40.19282936006639,24.366319631554447,0.09115765075930327,0.0,-5.428704840289356,-0.40821201382745187
baseline,420000,393,Omega_safe_one_step_QP,25.378510940561902,50.12036789618143,7.8436404981321175,-0.1310561512864632,0.8903960585594177,False,False,-0.8903960585594177,-0.08903960883617401,-2.949607877096573,-2.949607877096587,186.24480841244252,186.24480841244252,189.1944162895391,186.08851600690568,0.15629240553684554,-3.3126918633746736,4.446097199125327,0.8903960883617441,-0.054949890822172165,-0.005494988989084959,0.4143024743729476,0.4143024743729379,209.30179545479277,209.30179545479274,208.8874929804198,208.608879565936,0.6929158888567315,-2.586279260019645,4.064111364980355,0.10194171300100201,9.674697005785754,5.70990960411551,40.031549239114895,25.390896152280348,0.12504502437851883,0.0,-7.552935989196158,-0.41574953331402753
baseline,420000,394,Omega_safe_one_step_QP,25.38241155702889,50.11935769102097,11.810227632128772,-0.1989028765098898,0.8745729327201843,False,False,-0.8745729327201843,-0.08745729178190231,-2.843316057121534,-2.843316057121527,185.7350906285558,185.73509062855584,188.57840668567735,185.39790464967265,0.33718597888318413,-3.2510909029884982,4.507698159511502,0.874572917819021,-0.14464493095874786,-0.014464492909610271,0.022466113642684304,0.022466113642695407,208.709552714512,208.70955271451203,208.68708660086932,208.3956708177689,0.3138818967431405,-2.5662386220645983,4.084152002935402,0.005500802523154952,9.359765086589293,5.183944435047372,38.046955531776895,26.10880105117351,0.19300719074313832,0.0,-11.814905684826954,-0.18832913804588713
baseline,420000,395,Omega_safe_one_step_QP,25.385833831114873,50.11849412333825,15.734073365911172,-0.2599137217959825,0.8545678853988647,False,False,-0.8545678853988647,-0.08545678853988647,-2.7333035630587617,-2.7333035630587474,185.318821759651,185.31882175965103,188.05212532270977,184.8263706082547,0.4924511513963239,-3.1984627666917396,4.56032629580826,0.8545678853988601,-0.15837188065052032,-0.015837188810110092,-0.03881756749576498,-0.03881756749575527,208.4755614935462,208.4755614935462,208.51437906104195,208.21405593859555,0.2615055549506451,-2.54896786808186,4.10142275691814,0.01522873943678471,10.675718131065265,6.276778293610425,40.72142588788614,24.581011460792304,0.25780293550043254,0.0,-15.834972968441434,-0.15690333297038705
baseline,420000,396,Omega_safe_one_step_QP,25.37918126595583,50.11718465265724,14.516220852664446,-0.2330535556309792,0.8398557305335999,False,False,-0.8398557305335999,-0.0839855745434761,-2.8090598912700835,-2.8090598912700706,186.70537084248724,186.70537084248727,189.51443073375734,186.28313562678912,0.4222352156981515,-3.3446933077964967,4.414095754703504,0.8398557454347573,-0.07755180448293686,-0.0077551803551614285,0.2890642057522805,0.28906420575228187,209.02993075327234,209.02993075327234,208.74086654752006,208.4384035554258,0.5915271978465455,-2.5716166167296706,4.078774008270329,0.0708703657437653,12.060605946416578,5.49484392500645,36.30266288620528,25.03864818086185,0.23535576101408395,0.0,-14.396660294970388,-0.35491631870793583
baseline,420000,397,Z_mode_existing_controller,25.34365823028028,50.116322789161025,8.915875683122977,-0.14055802003146328,0.905398964881897,False,False,-0.905398964881897,-0.09053989499807358,-3.0224719122964148,-3.0224719122964103,193.6377191627947,193.6377191627947,196.66019107509112,193.42700612305197,0.21071303974272837,-3.338276361333007,3.025261664378634,0.9053989499807341,-0.012530827894806862,-0.0012530827661976218,-0.1650295656846476,-0.16502956568465246,210.04205949709973,210.04205949709973,210.20708906278438,209.90427096135312,0.13778853574660843,-0.6072241742754312,0.40481612279545515,0.27177700209576405,11.439740474279438,5.728483676682818,36.71966090128597,23.473994770515603,0.14848337998510885,0.0,-8.981685941659634,-0.0826731214479679
baseline,420000,398,Z_mode_existing_controller,25.32598950575499,50.11553060231181,-3.1504879735475697,0.04827209208386148,0.9329480528831482,False,False,-0.9329480528831482,-0.09329480677843094,-3.1175903451239173,-3.1175903451239186,196.7248788080142,196.7248788080142,199.84246915313813,197.00662065210454,-0.28174184409033387,-3.341654753118243,3.021883272593398,0.9329480677843095,-0.0020302077755331993,-0.00020302078337408602,-0.10631007894663508,-0.10631007894664132,210.74179528058514,210.74179528058514,210.8481053595318,210.61415885912936,0.12763642145577592,-0.6072241742754312,0.40481612279545515,0.1750755049788582,12.361571949830084,6.949924104585624,38.48349715653954,24.001923601988935,-0.04705519383109191,0.0,3.274125020251631,-0.07658185287345987
baseline,420000,399,Omega_safe_one_step_QP,25.310528522853794,50.11594801017718,-40.19425401067838,0.6286920948459616,0.932783305644989,False,False,-0.932783305644989,-0.09327833354473114,-4.337445382447509,-4.337445382447498,198.23008306953733,198.23008306953733,202.56752845198483,200.06038134202842,-1.830298272491092,-4.650003079619245,3.108785982880755,0.932783335447309,-0.15741775929927826,-0.015741776674985886,-0.2487718669456962,-0.24877186694569758,211.21267383184696,211.21267383184696,211.46144569879266,211.28590943566203,-0.07323560381507832,-2.84367453185693,3.80671609314307,0.08748253858125199,10.371826038265521,6.622177760523661,41.76083314805421,22.43929035803698,-0.6476877341824441,0.0,40.798000382572354,0.04394136228904699
baseline,420000,400,Z_mode_existing_controller,25.322499052484513,50.11537311297093,-2.066628795139877,0.0328857142823217,0.9424440860748291,False,False,-0.9424440860748291,-0.09424441307783127,-3.151128802707156,-3.151128802707158,197.2057221940714,197.2057221940714,200.35685099677855,197.45126237498926,-0.2455401809178568,-3.3435709341250943,3.0199670915865466,0.9424441307783135,0.00024601444602012634,2.4601444238214754e-05,-0.0939381060754925,-0.09393810607547862,210.85149684429388,210.85149684429388,210.94543495036936,210.7050257744927,0.14647106980117996,-0.6072241742754312,0.40481612279545515,0.15470086675579087,9.92374536657412,6.834814086114552,35.89594641465352,26.034332546403327,-0.03058845571590396,0.0,2.185099892735707,-0.08788264188071082
baseline,420000,401,Z_mode_existing_controller,25.339419929778984,50.11622622164723,-8.227471480122404,0.1365835356927474,0.9261715412139893,False,False,-0.9261715412139893,-0.09261715412139893,-3.099942337341049,-3.0999423373410373,193.59166848943312,193.59166848943312,196.69161082677417,194.1055425782853,-0.5138740888521909,-3.347049870780706,3.0164881549309355,0.9261715412139855,-0.0029669057112187147,-0.00029669058858416975,-0.111110992762882,-0.11111099276287714,210.10794180155966,210.10794180155966,210.21905279432255,210.03462767308733,0.0733141284723331,-0.6072241742754312,0.40481612279545515,0.18298183351389144,8.177785740593201,5.386764661330781,40.04342299412809,27.2395853879439,-0.1307271807424879,0.0,8.402187137949113,-0.04398847708338849
baseline,420000,402,Omega_safe_one_step_QP,25.369567785922264,50.117072643081706,-11.721766151759766,0.18907228985440255,0.87028968334198,False,False,-0.87028968334198,-0.08702897280454636,-2.990766199585835,-2.990766199585843,187.4419101226563,187.4419101226563,190.43267632224214,188.09764227533734,-0.6557321526810256,-3.4365178666449774,4.322271195855023,0.8702897280454662,-0.014073023572564125,-0.0014073023339733481,0.5763017979093815,0.5763017979093941,209.51406750922024,209.51406750922024,208.93776571131085,208.79750138713396,0.7165661220862773,-2.5913065331087495,4.059084091891251,0.14197828496843914,11.321887698806032,4.474103298207802,37.90577744366378,28.549902877338713,-0.19233411130124978,0.0,12.344039936311674,-0.4299396732517664
baseline,420000,403,Z_mode_existing_controller,25.33713525777477,50.118395836423815,-10.386310297261844,0.17217145230598277,0.9404305815696716,False,False,-0.9404305815696716,-0.0940430611371994,-3.149247828804665,-3.1492478288046604,193.81338632556282,193.81338632556285,196.9626341543675,194.4215960312809,-0.6082097057180533,-3.348729603995162,3.014808421716479,0.9404306113719925,-0.0060707032680511475,-0.0006070703384466469,-0.13073461740151018,-0.1307346174015081,210.2666913840268,210.2666913840268,210.39742600142833,210.22418998987445,0.04250139415236731,-0.6072241742754312,0.40481612279545515,0.21529876928484754,8.194152137918495,6.160026007416987,40.102901181863054,26.012088956964682,-0.16545108702176492,0.0,10.577262220775083,-0.025500836491431755
baseline,420000,404,Omega_safe_one_step_QP,25.37250049510078,50.11854115247976,-11.294125064102445,0.18717983989126707,0.8781719207763672,False,False,-0.8781719207763672,-0.08781719207763672,-2.951685141946399,-2.9516851419463905,186.72751282119464,186.72751282119464,189.67919796314104,187.37894667733664,-0.6514338561420061,-3.361170030734865,4.397619031765135,0.8781719207763652,-0.018665853887796402,-0.0018665854586288333,0.5688021757333115,0.5688021757333267,209.42596324957188,209.4259632495719,208.85716107383857,208.72652294127437,0.6994403082975396,-2.5832460693615236,4.067144555638477,0.13985295284003835,9.85309907667486,5.619115423158493,39.52460712328815,28.10314330600823,-0.18582699579595285,0.0,11.899616244877507,-0.4196641849785152
baseline,420000,405,Omega_safe_one_step_QP,25.373189948907264,50.11924319581619,-4.973345247472935,0.08140858066140157,0.8626251816749573,False,False,-0.8626251816749573,-0.08626251667737961,-2.9003553734142,-2.9003553734142136,186.789571642531,186.78957164253097,189.6899270159452,187.17211792380604,-0.3825462812750686,-3.3622429360152806,4.396546126484719,0.8626251667738004,-0.02507416531443596,-0.002507416531443596,0.5261439602946103,0.526143960294613,209.4147377674373,209.4147377674373,208.88859380714268,208.72245077775446,0.6922869896828274,-2.5863893426919327,4.064001282308068,0.12946451630935513,10.641083142692846,5.091581544037191,35.48530384561721,21.576691336239513,-0.08269974192962337,0.0,5.471417183211997,-0.41537219380968793
baseline,420000,406,Z_mode_existing_controller,25.355674768169788,50.11591508175677,-6.131497319907794,0.09904827491811372,0.9249201416969299,False,False,-0.9249201416969299,-0.092492014169693,-3.097347799348095,-3.0973477993481087,190.2364242381981,190.23642423819808,193.3337720375462,190.65163030074498,-0.4152060625469005,-3.3487732180482754,3.014764807663366,0.924920141696934,-0.007519662380218506,-0.000751966261304915,-0.13765220001399903,-0.1376522000139893,209.3267441022867,209.3267441022867,209.4643963023007,209.2716822185896,0.05506188369710685,-0.6072241742754312,0.40481612279545515,0.22669090896824468,10.610737055010576,5.082946089693395,38.13122886198214,23.045047886792585,-0.09530865699374758,0.0,6.259843107120105,-0.03303713021827548
baseline,420000,407,Z_mode_existing_controller,25.342533910902343,50.11424117476534,-12.341227603376865,0.19993061563640316,0.9184356331825256,False,False,-0.9184356331825256,-0.09184356778860092,-3.078657627606395,-3.0786576276064,192.5629526734107,192.5629526734107,195.6416103010171,193.24255398066805,-0.679601307257343,-3.352066673512329,3.0114713521993126,0.9184356778860105,-0.008682191371917725,-0.0008682191255502403,-0.143805478477467,-0.14380547847747394,209.72397334620783,209.72397334620783,209.8677788246853,209.72536231762268,-0.0013889714148547228,-0.6072241742754312,0.40481612279545515,0.23682436334006216,9.823751645576975,3.7536540320873106,40.34330162696329,28.55530010925523,-0.19597706147340688,0.0,12.53637128200171,0.0008333828489099915
baseline,420000,408,Z_mode_existing_controller,25.333552042991865,50.11620499772898,-20.004381931476928,0.31499057200004693,0.9414753317832947,False,False,-0.9414753317832947,-0.09414753317832947,-3.1588998018358905,-3.1588998018358976,193.93654088846912,193.93654088846912,197.09544069030503,194.92145652697954,-0.9849156385104152,-3.355265608343093,3.0082724173685484,0.9414753317832965,-0.004373086616396904,-0.0004373086558189243,-0.12089652640439319,-0.1208965264044029,210.17669149580146,210.17669149580144,210.29758802220584,210.19570018779382,-0.019008691992382865,-0.6072241742754312,0.40481612279545515,0.1990970246674754,11.165071638437869,6.629272316076855,38.20447172385932,26.720889524842832,-0.31963894011212446,0.0,20.312615656393973,0.011405215195424034
baseline,420000,409,Z_mode_existing_controller,25.329300519288967,50.11746508432633,-25.78405640613437,0.39888335888459925,0.9505948424339294,False,False,-0.9505948424339294,-0.09505948424339294,-3.1926001300620204,-3.1926001300620315,194.42651590835143,194.42651590835143,197.61911603841347,195.63503608415314,-1.2085201758017092,-3.3585287732969378,3.005009252414703,0.9505948424339326,-0.0033074794337153435,-0.00033074794919230044,-0.11557764515431612,-0.11557764515431612,210.37298789541924,210.37298789541924,210.48856554057355,210.42230706161152,-0.0493191661922765,-0.6072241742754312,0.40481612279545515,0.19033768754715485,12.082721377059368,5.973663049511057,37.20946277931708,21.32710192224923,-0.41274784255961094,0.0,26.167212748978272,0.0295914997153659
baseline,420000,410,Omega_safe_one_step_QP,25.305382780679405,50.11571416920699,-57.25842858299529,0.8786025105930586,0.9425848722457886,False,False,-0.9425848722457886,-0.09425848722457886,-4.334822227263762,-4.334822227263754,197.7213429204615,197.72134292046152,202.05616514772527,200.22982041664787,-2.5084774961863445,-4.59886674919329,3.1599223133067103,0.9425848722457869,-0.16058602929115295,-0.016058603301644325,-0.24686408330246087,-0.24686408330246296,211.09538868293626,211.09538868293626,211.34225276623872,211.30691130324337,-0.21152262030710745,-2.831755238601537,3.8186353863984634,0.08717705539564106,11.505086330533487,5.814837208706944,41.05078380776999,24.75616000063148,-0.9226210061562696,0.0,58.05413601696728,0.12691357218426447
baseline,420000,411,Omega_safe_one_step_QP,25.29301879081929,50.116735725293246,-49.562135805806065,0.7734886411879232,0.9451127648353577,False,False,-0.9451127648353577,-0.09451127797365189,-4.591956080742609,-4.591956080742595,200.06187094436342,200.06187094436345,204.65382702510604,202.2954655321424,-2.2335945877789527,-4.858632936931366,2.9001561255686337,0.9451127797365159,-0.30349230766296387,-0.030349230393767357,-0.936075040992309,-0.9360750409923152,211.00790463208776,211.00790463208776,211.94397967308007,211.82258465273503,-0.8146800206472733,-2.8919279292856728,3.7584626957143277,0.3236854665404931,9.987761680525185,4.004676826886466,41.58882098245699,26.70828149209143,-0.7923144053948548,0.0,49.865642198812566,0.48880801238836113
baseline,420000,412,Omega_safe_one_step_QP,25.290092795571503,50.11890442975136,-39.87471230043775,0.6254802151407529,0.9496882557868958,False,False,-0.9496882557868958,-0.09496882557868958,-4.6825752901169135,-4.6825752901169135,200.6913685766693,200.6913685766693,205.37394386678622,202.52902274421692,-1.837654167547612,-4.9306446210993835,2.8281444414006165,0.9496882557868959,-0.3385581970214844,-0.03385582193732262,-1.1148977899063126,-1.1148977899063168,211.09587606307252,211.09587606307252,212.21077385297883,212.00882608809832,-0.9129500250257934,-2.9186073472755494,3.7317832777244506,0.3819964994424644,9.628837136470413,4.928467973011179,39.977074163024064,25.145103658755637,-0.6340538686766912,0.0,39.96099615410003,0.5477700150154732
baseline,420000,413,Omega_safe_one_step_QP,25.30029072134296,50.1200016603034,-24.562585150449195,0.3735315523253699,0.9359599351882935,False,False,-0.9359599351882935,-0.09359599649906158,-4.440994869246312,-4.440994869246322,199.07505865817288,199.07505865817288,203.5160535274192,200.25147578343552,-1.1764171252626454,-4.744855587162682,3.013933475337318,0.935959964990618,-0.14302733540534973,-0.014302733354270458,-0.2212551192761529,-0.22125511927613972,211.64420572556364,211.64420572556364,211.8654608448398,211.59315816264373,0.051047562919904976,-2.884076046461643,3.766314578538357,0.076716118337999,12.05582521252645,4.433766373159011,41.455597328591786,25.436459863630613,-0.39338936530361224,0.0,24.98660305350495,-0.0306285377519373
baseline,420000,414,Omega_safe_one_step_QP,25.267305285689012,50.121839256314985,-34.3636640782679,0.5222897055171732,0.9499444961547852,False,False,-0.9499444961547852,-0.0949944481253624,-5.13841030101326,-5.1384103010132645,205.02077800002814,205.02077800002814,210.1591883010414,206.60046761812362,-1.5796896180954718,-5.409169064524904,2.349619997975097,0.9499444812536247,-0.3972668945789337,-0.03972668945789337,-1.4860140901789454,-1.4860140901789392,211.89251288090415,211.89251288090415,213.3785269710831,213.05846786369472,-1.1659549827905664,-3.035382659085974,3.6150079659140264,0.48956400463406924,10.62499503928751,5.120167567674307,42.18833189665624,24.429638580862182,-0.5414064118415567,0.0,34.20549750043483,0.6995729896743512
baseline,420000,415,Omega_safe_one_step_QP,25.268292407948508,50.123657876707334,-24.00893734222882,0.3739736533193756,0.9458116292953491,False,False,-0.9458116292953491,-0.09458116441965103,-5.110647613589278,-5.110647613589288,204.99136785500608,204.99136785500605,210.10201546859534,206.17654070999382,-1.1851728549877691,-5.403451781280295,2.355337281219705,0.9458116441965121,-0.3120391070842743,-0.03120391070842743,-1.1170083442179117,-1.1170083442179242,212.34252726716878,212.34252726716875,213.45953561138668,213.077537189965,-0.7350099227962517,-3.043483523116332,3.6069071018836683,0.36701639280576065,9.234617816238773,4.961375019408432,38.809977430974804,27.488583934970872,-0.37804833520038095,0.0,23.945979723751407,0.4410059536777453
baseline,420000,416,Omega_safe_one_step_QP,25.28789357819815,50.12661058889965,-9.296042968879192,0.14541036911337496,0.9526481032371521,False,False,-0.9526481032371521,-0.09526481479406357,-4.790989012793569,-4.790989012793577,201.5677837916502,201.5677837916502,206.3587728044438,202.12613480624168,-0.5583510145914659,-5.029127514865142,2.7296615476348594,0.952648147940637,-0.31579047441482544,-0.031579047441482544,-1.070653734785637,-1.0706537347856502,211.74792409368746,211.74792409368746,212.8185778284731,212.38417382677534,-0.6362497330878796,-2.9793877448249764,3.671002880175024,0.35935360768175056,9.893143307191604,5.149121697298962,40.71993209425128,20.901823948983637,-0.139616922317078,0.0,9.053910051344246,0.3817498398527306
baseline,420000,417,Omega_safe_one_step_QP,25.29679326893652,50.12540409950845,0.43343378337613103,-0.007055996291157202,0.9459293484687805,False,False,-0.9459293484687805,-0.09459293633699417,-4.607006948797293,-4.607006948797307,200.1639893740044,200.1639893740044,204.7709963228017,200.34096484905896,-0.17697547505457578,-4.870349866700932,2.8884391957990685,0.9459293633699444,-0.08166240155696869,-0.008166240528225899,0.004743819562978702,0.004743819562988416,212.40371085646896,212.40371085646896,212.398967036906,211.92984775517363,0.47386310129533626,-2.9374266656682626,3.712963959331738,0.001277636846182103,7.9274804757017945,5.104348560044525,41.46556117517013,25.346013629447125,0.006596908341018892,0.0,-0.1557128309395921,-0.28431786077719323
baseline,420000,418,Z_mode_existing_controller,25.334499131190928,50.126081131262374,39.08668738599408,-0.6387733993126768,0.9295300245285034,False,False,-0.9295300245285034,-0.09295300394296646,-3.1119014399477054,-3.111901439947698,194.36730571376964,194.36730571376964,197.47920715371734,192.8980991536644,1.469206560105249,-3.3478223488689918,3.0157156768426496,0.9295300394296621,-0.00607838062569499,-0.0006078380974940956,-0.1296764072615364,-0.12967640726154125,210.7397967830353,210.7397967830353,210.86947319029684,210.37390065406308,0.36589612897222423,-0.6072241742754312,0.40481612279545515,0.21355606834375018,9.382194960228556,4.906953172802656,36.866796336972875,24.54476280201858,0.6362924632845637,0.0,-39.503442171895585,-0.21953767738334307
baseline,420000,419,Z_mode_existing_controller,25.342024340795742,50.12551406795206,25.318165777209288,-0.4131158011995838,0.9290352463722229,False,False,-0.9290352463722229,-0.09290352463722229,-3.1133495837344913,-3.1133495837344975,192.58217231408648,192.58217231408648,195.69552189782098,191.69945688310875,0.8827154309777256,-3.351164119867108,3.0123739058445334,0.9290352463722245,-0.002511728787794709,-0.0002511728962417692,-0.10873460428719312,-0.10873460428719589,210.35407539495662,210.35407539495662,210.46280999924383,210.06496376100375,0.28911163395287076,-0.6072241742754312,0.40481612279545515,0.17906830606166693,9.769566084683499,7.219839292117875,38.923180059348944,24.357439742827648,0.4134789817025215,0.0,-25.558177778540994,-0.17346698037171393
baseline,420000,420,Z_mode_existing_controller,25.361567263822128,50.12480760710865,19.862131180474535,-0.32977597762649624,0.8472456932067871,False,False,-0.8472456932067871,-0.08472456783056259,-2.842036818990908,-2.842036818990909,188.70812956232535,188.70812956232535,191.55016638131627,188.04358886048237,0.6645407018429808,-3.3544423911073693,3.009095634604272,0.847245678305626,-0.03845313936471939,-0.0038453140296041965,-0.3109846301529662,-0.3109846301529731,209.23255955628767,209.23255955628767,209.54354418644064,209.2283582237326,0.004201332555055615,-0.6072241742754312,0.40481612279545515,0.5121413858795308,9.591794707119144,6.650597621690963,40.19224883200082,23.121391759328898,0.32746711376699267,0.0,-20.18707749470832,-0.0025207995330305266
baseline,420000,421,Omega_safe_one_step_QP,25.376307902832455,50.122819360027954,11.496399329513224,-0.18740086487570023,0.8673670291900635,False,False,-0.8673670291900635,-0.08673670142889023,-2.80546587865511,-2.8054658786550988,185.60665443903466,185.60665443903466,188.41212031768976,185.3130192652643,0.29363517377035464,-3.234462266189738,4.5243267963102625,0.867367014288899,-0.1591748744249344,-0.01591748744249344,-0.05406057366504763,-0.05406057366504624,208.7095546904554,208.7095546904554,208.76361526412046,208.51723851289714,0.19231617755826846,-2.57389148838971,4.076499136610289,0.02100343930927246,11.37268749479984,5.271093495909256,40.14141782327087,28.628106842731686,0.1905671617317708,0.0,-11.571576784710487,-0.1153897065349696
baseline,420000,422,Z_mode_existing_controller,25.34999651557544,50.12410808823866,5.123499092542261,-0.08245967683509277,0.9281816482543945,False,False,-0.9281816482543945,-0.09281816333532333,-3.1144672510359186,-3.114467251035919,190.63287584155609,190.63287584155609,193.74734309259202,190.59570880006243,0.037167041493660236,-3.355450204055763,3.0080878216558777,0.9281816333532336,-0.012269883416593075,-0.0012269883882254362,-0.16580678210444677,-0.16580678210443844,209.79993344847216,209.7999334484722,209.9657402305766,209.70960785106905,0.09032559740313673,-0.6072241742754312,0.40481612279545515,0.27305695182884804,10.844031762497924,5.987621314523067,31.32952221349415,23.30228834266034,0.08773565322572807,0.0,-5.157039387325312,-0.05419535844188772
baseline,420000,423,Z_mode_existing_controller,25.338874606428774,50.12213195597899,-3.0194378166179376,0.04884068073451845,0.9218835234642029,False,False,-0.9218835234642029,-0.09218835085630417,-3.0962809003213563,-3.096280900321354,192.57336558598715,192.57336558598715,195.6696464863085,192.8742396403373,-0.300874054350146,-3.3586465877316667,3.0048914379799747,0.9218835085630409,-0.00809420831501484,-0.0008094208315014839,-0.1407102922366718,-0.14071029223667528,210.12836798500584,210.12836798500584,210.2690782772425,210.07491053160277,0.05345745340306962,-0.6072241742754312,0.40481612279545515,0.23172709223011007,10.013053394729122,6.777207918064477,39.28357719792963,20.352342321133882,-0.044609678961151644,0.0,3.096121967621002,-0.03207447204184177
baseline,420000,424,Z_mode_existing_controller,25.351538311020565,50.11912322099276,-9.43276792458073,0.16157575228146076,0.9230906367301941,False,False,-0.9230906367301941,-0.09230906516313553,-3.1032011512370774,-3.103201151237072,189.82028558385298,189.82028558385298,192.92348673509005,190.4111004149266,-0.5908148310736294,-3.361751249189738,3.001786776521903,0.9230906516313535,0.0019642796833068132,0.00019642796542029828,-0.08191468687777509,-0.08191468687777509,209.43374898605273,209.43374898605273,209.51566367293051,209.37118069118685,0.06256829486588344,-0.6072241742754312,0.40481612279545515,0.13490024005635085,7.199875861797839,4.828688456436869,40.084077288692654,29.90700513637258,-0.15026932785283265,0.0,9.620578229352759,-0.03754097691953007
baseline,420000,425,Omega_safe_one_step_QP,25.39031860412628,50.12074158025195,-0.587382019533834,0.009910378164745201,0.8704289793968201,False,False,-0.8704289793968201,-0.087042897939682,-2.5165336384800687,-2.5165336384800603,182.46238238741242,182.46238238741242,184.9789160258925,182.6773182683234,-0.2149358809109856,-2.89114183701001,4.867647225489991,0.8704289793968165,-0.03942709043622017,-0.0039427089504897594,0.5527639098067236,0.5527639098067139,208.47069287071963,208.47069287071963,207.91792896091292,207.81027802320858,0.6604148475110492,-2.489322858068957,4.161067766931044,0.13284184271154026,9.933144031304217,5.8252782895636575,46.93599434433927,22.373206771391498,-0.011030479370909063,0.0,0.9946614074115132,-0.3962489085066352
baseline,420000,426,Omega_safe_one_step_QP,25.39080867532428,50.11792501024794,1.3762261783631402,-0.02335575968208552,0.8907023668289185,False,False,-0.8907023668289185,-0.08907023817300797,-2.585264540402295,-2.5852645404022807,182.50724296638808,182.5072429663881,185.09250750679038,182.62736779643862,-0.12012483005051422,-2.9025009850998007,4.856288077400199,0.8907023817300748,-0.15638695657253265,-0.015638696029782295,0.06448724559748459,0.06448724559747765,207.83276005149685,207.83276005149685,207.76827280589936,207.6333300860225,0.19942996547433722,-2.474357242567602,4.176033382432398,0.015442224640435228,9.572033929298097,4.175420328566483,39.35474880104767,25.346065783539117,0.025175690022365416,0.0,-1.2817438891006532,-0.11965797928459665
baseline,420000,427,Omega_safe_one_step_QP,25.380750802540483,50.11626463489725,0.38544666605321254,-0.006450267729248324,0.8890606164932251,False,False,-0.8890606164932251,-0.08890606462955475,-2.7739434659981606,-2.773943465998152,184.49438933592694,184.49438933592697,187.2683328019251,184.6566471653921,-0.16225782946511913,-3.120083514613274,4.638705547886726,0.8890606462955447,-0.15076445043087006,-0.015076445415616035,0.05624223353523916,0.05624223353524471,208.18192675566794,208.18192675566794,208.1256845221327,207.96523293270042,0.21669382296752815,-2.510098414190935,4.140292210809066,0.013584121765225422,9.92326672205398,3.6783701917784106,41.974199051111505,24.52693253116011,0.009078018971624857,0.0,-0.2645083912448172,-0.13001629378051405
baseline,420000,428,Omega_safe_one_step_QP,25.363465534741295,50.114706847334205,-2.9264968669795053,0.047788528516584106,0.8829808235168457,False,False,-0.8829808235168457,-0.08829808235168457,-3.0724868527165103,-3.072486852716498,187.7917670959139,187.7917670959139,190.86425394863042,188.10459549807777,-0.3128284021638592,-3.479675629283803,4.279113433216198,0.882980823516842,-0.027768652886152267,-0.002776865381747484,0.5377275188117842,0.5377275188117883,209.3301590429646,209.3301590429646,208.79243152415282,208.606459647938,0.7236993950265855,-2.5767731143929455,4.073617510607055,0.13200245663998422,10.576812879510301,5.8108123159196134,40.695835469875306,25.264991422110963,-0.0493444927364628,0.0,3.4100609967317723,-0.434219637015957
baseline,420000,429,Z_mode_existing_controller,25.356270247716097,50.11416460134766,-0.03322741305510135,0.0005439818064049677,0.9235777854919434,False,False,-0.9235777854919434,-0.09235777705907822,-3.1007644864827824,-3.100764486482771,189.35492807047052,189.35492807047052,192.4556925569533,189.53143455978608,-0.1765064893155568,-3.3573398854103287,3.0061981403013127,0.9235777705907784,-0.00495922239497304,-0.0004959222278557718,-0.12251852162129262,-0.12251852162128152,208.96704675647973,208.96704675647973,209.08956527810102,208.87665582241317,0.09039093406656207,-0.6072241742754312,0.40481612279545515,0.20176818844123992,10.080646307515446,6.579245552103426,41.18849168589714,24.218801192136073,0.003580926453430777,0.0,0.08388104704135912,-0.05423456043993724
baseline,420000,430,Omega_safe_one_step_QP,25.36441029569011,50.11316310480031,-5.977343269697485,0.09837387624973103,0.886635959148407,False,False,-0.886635959148407,-0.08866360038518906,-3.059503344469098,-3.0595033444691064,187.51486444943438,187.51486444943438,190.5743677939035,187.95800280483704,-0.44313835540265245,-3.4506870138111116,4.308102048688889,0.8866360038518931,-0.014009151607751846,-0.0014009152073413134,0.6152981411850542,0.61529814118505,209.25173596243428,209.25173596243425,208.63643782124922,208.4772880077505,0.774447954683751,-2.561173744102585,4.089216880897415,0.1504684537666335,10.128822722425593,5.183365084317914,37.24798840725582,29.7204841425552,-0.09962241477812839,0.0,6.541634457285909,-0.4646687728102563
baseline,420000,431,Z_mode_existing_controller,25.357049712885644,50.114870259577735,-3.123579643438461,0.05074065837372974,0.9264422655105591,False,False,-0.9264422655105591,-0.09264422953128815,-3.1115912085998834,-3.11159120859989,189.06266814536238,189.06266814536238,192.17425935396227,189.36669569071393,-0.30402754535154486,-3.358645459455222,3.004892566256419,0.9264422953128835,-0.010155935771763325,-0.0010155936470255256,-0.15324826933544589,-0.153248269335457,208.91138297499785,208.91138297499785,209.0646312443333,208.8741211745433,0.037261800454558625,-0.6072241742754312,0.40481612279545515,0.25237511256583306,10.593590049596664,4.393292678569987,44.41630348745144,26.9989111539724,-0.04584164781011779,0.0,3.19177837152165,-0.02235708027274086
baseline,420000,432,Z_mode_existing_controller,25.339687330394856,50.11589209891482,-10.312573778914157,0.16960745280066208,0.9316529631614685,False,False,-0.9316529631614685,-0.09316530078649521,-3.132011095857206,-3.132011095857201,192.16532423765895,192.16532423765895,195.29733533351614,192.7801892602062,-0.6148650225472636,-3.361778547825187,3.001759477886454,0.9316530078649505,-0.0036186547949910164,-0.00036186547367833555,-0.1154833698007382,-0.11548336980074375,209.6811549954554,209.68115499545536,209.79663836525611,209.65730148801634,0.023853507439014265,-0.6072241742754312,0.40481612279545515,0.19018243128831952,9.01902905714116,2.495887956163203,36.75894768411128,27.12812802615665,-0.16326888250609883,0.0,10.490154765883744,-0.014312104463414244
baseline,420000,433,Z_mode_existing_controller,25.33305457419992,50.11647235325912,-16.398587978854266,0.26056700196286703,0.9348489046096802,False,False,-0.9348489046096802,-0.09348489344120026,-3.145656712508388,-3.1456567125083983,193.16742123272698,193.16742123272695,196.31307794523536,194.0212034020633,-0.8537821693363412,-3.364882385502135,2.998655640209506,0.9348489344120057,-0.005228905938565731,-0.0005228905938565731,-0.125238885634453,-0.12523888563444885,209.9279024701999,209.9279024701999,210.05314135583436,209.9538536896048,-0.025951219404902304,-0.6072241742754312,0.40481612279545515,0.2062481879676313,10.82570827666437,4.980735232352526,42.91071808045513,23.919126223969943,-0.2607189668473815,0.0,16.643736214058663,0.01557073164293854
baseline,420000,434,Z_mode_existing_controller,25.32011649646835,50.116232111065884,-21.812162739074665,0.3520828569811907,0.9500908851623535,False,False,-0.9500908851623535,-0.09500908851623535,-3.199855455863834,-3.1998554558638364,195.385267302307,195.385267302307,198.58512275817083,196.48842101623993,-1.103153713932926,-3.3679466941913003,2.9955913315203406,0.950090885162354,-0.0002601929008960724,-2.601929008960724e-05,-0.09767710696581208,-0.0976771069657982,210.43298349684798,210.432983496848,210.5306606038138,210.4673597756521,-0.03437627880410332,-0.6072241742754312,0.40481612279545515,0.16085839646017253,9.283086779271713,5.242687041513909,35.06897828464782,24.549556940628545,-0.3493149891142675,0.0,22.14085196090582,0.020625767282467677
baseline,420000,435,Z_mode_existing_controller,25.332039154738183,50.11569967726049,-26.457586307663405,0.4070096135860049,0.9452834725379944,False,False,-0.9452834725379944,-0.09452834725379944,-3.186585205020667,-3.1865852050206813,192.77067613262568,192.77067613262565,195.95726133764634,194.00833618600913,-1.237660053383479,-3.371036622977228,2.992501402734413,0.9452834725379984,-0.004563590511679649,-0.0004563590628094971,-0.12239780657450072,-0.12239780657450766,209.82259959695352,209.82259959695352,209.94499740352802,209.9094891836837,-0.086889586730166,-0.6072241742754312,0.40481612279545515,0.20156939028417067,12.83649564837167,3.5027358335156524,43.445167255990455,23.171444030427384,-0.4223956672258282,0.0,26.82784822285157,0.05213375203810244
baseline,420000,436,Omega_safe_one_step_QP,25.272269964865764,50.11560180937756,-68.71067131997825,1.04157901655283,0.9325481653213501,False,False,-0.9325481653213501,-0.09325481951236725,-4.793062853966109,-4.793062853966107,202.67191622990907,202.67191622990907,207.4649790838752,205.65673402490737,-2.9848177949982926,-5.139748142808281,2.6190409196917197,0.9325481951236718,-0.4315781593322754,-0.04315781593322754,-1.5522195269405217,-1.5522195269405201,210.85093226758943,210.85093226758943,212.40315179452995,212.39587551261855,-1.544943245029117,-2.9378451414306603,3.7125454835693397,0.5283530792860737,10.9875028750781,3.90108324768857,38.835360677700145,26.680938544494605,-1.0954122638607338,0.0,68.87911763682132,0.9269659470174645
baseline,420000,437,Omega_safe_one_step_QP,25.25329729428217,50.11826773921391,-62.39340873364563,0.9687325178489189,0.9508712291717529,False,False,-0.9508712291717529,-0.09508712589740753,-5.258293457461051,-5.258293457461038,206.10894543916328,206.1089454391633,211.36723889662434,208.9313795443412,-2.822434105177905,-5.529974124083197,2.2288149384168037,0.9508712589740733,-0.44005128741264343,-0.0440051294863224,-1.6753235174695222,-1.6753235174695242,211.70203998909597,211.70203998909597,213.3773635065655,213.2662706855041,-1.5642306964081456,-3.035266312634214,3.6151243123657864,0.5519527266836638,8.820617597896403,5.923914589639054,38.651092328066305,22.190569330819923,-0.9936028226939144,0.0,62.44847313849459,0.9385384178448959
baseline,420000,438,Omega_safe_one_step_QP,25.28723367509754,50.11810308486946,-32.71991499414344,0.5171057394910259,0.9448090195655823,False,False,-0.9448090195655823,-0.09448090195655823,-4.610768051595334,-4.610768051595332,200.25778840140603,200.25778840140603,204.86855645300136,201.83085425186516,-1.5730658504591304,-4.880105879720899,2.8786831827791017,0.9448090195655814,-0.22185198962688446,-0.022185198962688446,-0.5764671290889124,-0.5764671290889068,211.3910142882864,211.3910142882864,211.96748141737532,211.75528243124006,-0.36426814295364807,-2.8942781037151972,3.756112521284803,0.19917475392186168,9.340170745033298,4.627667933152053,41.12361522839941,25.385357344280457,-0.5228499354382112,0.0,33.02420404380973,0.21856088577219168
baseline,420000,439,Omega_safe_one_step_QP,25.29963291093054,50.119265450950245,-18.289231833830854,0.2849197746334097,0.9458021521568298,False,False,-0.9458021521568298,-0.09458021819591522,-4.400698218450784,-4.400698218450796,198.19553771255997,198.19553771255994,202.59623593101074,199.16344069296323,-0.967902980403295,-4.652873827521836,3.1059152349781645,0.9458021819591547,-0.02085980586707592,-0.002085980726405978,0.35581975984947806,0.35581975984947456,211.89254265893916,211.89254265893916,211.53672289908968,211.2584052098298,0.6341374491093745,-2.8512022518866336,3.7991883731133664,0.09365678268747876,10.832780941169204,5.670338662386069,45.51538849708691,19.784757355614094,-0.29725954741997995,0.0,18.966973850715476,-0.38048246946561903
baseline,420000,440,Omega_safe_one_step_QP,25.298120663104623,50.11751702852494,-13.282693510948775,0.20774900869187396,0.9534229636192322,False,False,-0.9534229636192322,-0.09534230083227158,-4.483892321288556,-4.483892321288545,198.61301706620438,198.61301706620438,203.09690938749293,199.38115852544237,-0.7681414592379952,-4.702941173170054,3.0558478893299457,0.9534230083227135,0.0007835885626263916,7.835885480744764e-05,0.4559349710833896,0.4559349710834007,211.9869419600762,211.9869419600762,211.5310069889928,211.2068169170483,0.7801250430279083,-2.8506306608769445,3.799759964123056,0.11999046660533612,10.529205606585776,4.78422266511487,41.97881573326234,23.627896247030346,-0.21748124840741667,0.0,13.968249785172702,-0.468075025816745
baseline,420000,441,Omega_safe_one_step_QP,25.292224139356247,50.117765220342065,-9.91452042054243,0.15432497656713276,0.9489586353302002,False,False,-0.9489586353302002,-0.0948958620429039,-4.589851197609902,-4.589851197609909,199.84488923147387,199.84488923147387,204.43474042908377,200.47081618721228,-0.6259269557384073,-4.836724277329141,2.9220647851708597,0.9489586204290404,-0.024831237271428108,-0.002483123680576682,0.312918771014567,0.3129187710145767,212.13194495493138,212.13194495493138,211.8190261839168,211.4545435572168,0.6774013977145898,-2.8794325803693455,3.7709580446306545,0.08298123906738544,10.55728809686625,4.7922285506322435,35.67579124877235,24.352324314954384,-0.16172106009263487,0.0,10.482682319263404,-0.4064408386287539
baseline,420000,442,Omega_safe_one_step_QP,25.28444049290354,50.118150083921385,-7.998258526243262,0.12465770342139545,0.9426133036613464,False,False,-0.9426133036613464,-0.09426133334636688,-4.719844510258377,-4.719844510258383,201.41955795209054,201.41955795209054,206.13940246234893,201.9554106445757,-0.5358526924851503,-5.007190480655654,2.751598581844346,0.9426133334636702,-0.14362289011478424,-0.014362289570271969,-0.2518709878541491,-0.25187098785415185,211.94151134746096,211.94151134746096,212.1933823353151,211.79295990213274,0.1485514453282235,-2.9168681955091764,3.7335224294908236,0.08634980087270779,10.143859101209715,4.5420615084337,39.62236450430009,20.929236888271294,-0.12565155401031447,0.0,8.213040947449372,-0.08913086719694263
baseline,420000,443,Omega_safe_one_step_QP,25.28388863106388,50.11693201924997,-5.40582432516203,0.08285012921240668,0.957036018371582,False,False,-0.957036018371582,-0.0957036018371582,-4.820232220036874,-4.820232220036869,201.61352258288574,201.61352258288574,206.4337548029226,202.04306357923437,-0.42954099634863496,-5.036625714713022,2.722163347786978,0.9570360183715809,-0.09915213286876678,-0.009915213100612164,-0.04700758046656331,-0.04700758046655151,212.12747338030687,212.12747338030687,212.17448096077342,211.73909849892723,0.38837488137963305,-2.9149780580550066,3.7354125669449934,0.016126221031631676,11.16721515692871,6.664072795265202,43.25736167812572,25.23353373627094,-0.0852853493410386,0.0,5.724134603331549,-0.23302492882777415
baseline,420000,444,Omega_safe_one_step_QP,25.28861252451034,50.11893489227302,1.8628196643339834,-0.029795707730388355,0.947530210018158,False,False,-0.947530210018158,-0.09475301951169968,-4.697780780212409,-4.697780780212397,200.94893666637878,200.9489366663788,205.6467174465912,201.07878129740303,-0.12984463102421273,-4.957921979079883,2.8008670834201173,0.9475301951169944,-0.08414629101753235,-0.00841462891548872,0.02173924030220223,0.02173924030220986,212.13166851848123,212.13166851848123,212.10992927817904,211.64517978160578,0.486488736875458,-2.9085228897955675,3.741867735204433,0.005809729750114259,8.797922009369104,5.160857702728827,42.153005780739036,22.885780229006514,0.030500794144664667,0.0,-1.6014272163547503,-0.2918932421252691
baseline,420000,445,Z_mode_existing_controller,25.31431198578863,50.11858277485447,40.63326751996101,-0.6594533869763882,0.9492075443267822,False,False,-0.9492075443267822,-0.09492075443267822,-3.1860937037035013,-3.1860937037034973,197.56284677073793,197.56284677073793,200.74894047444144,196.03288374291603,1.529963027821907,-3.356582786078901,3.0069552396327404,0.9492075443267807,-0.002753265667706728,-0.0002753265725914389,-0.1121909279587989,-0.11219092795880514,210.91991205076687,210.91991205076687,211.03210297872567,210.54153635234755,0.37837569841931895,-0.6072241742754312,0.40481612279545515,0.18476031210825344,9.069727947265616,5.463750738867466,37.01987408889813,21.912951584796136,0.6614901775171909,0.0,-41.067732278426774,-0.2270254190515857
baseline,420000,446,Z_mode_existing_controller,25.333629621649223,50.11687526667309,26.97348407706977,-0.43604799468920147,0.9512035250663757,False,False,-0.9512035250663757,-0.09512035548686981,-3.195931943376788,-3.195931943376789,193.4618916940741,193.4618916940741,196.6578236374509,192.53005440160612,0.931837292467975,-3.359882253402583,3.003655772309058,0.9512035548686981,0.0007497704355046153,7.49770479160361e-05,-0.09187383506543967,-0.09187383506544661,209.97514577342642,209.9751457734264,210.06701960849185,209.67437020813088,0.30077556529550975,-0.6072241742754312,0.40481612279545515,0.15130134628627862,10.139824365008144,6.136197033686236,44.88614745547163,23.122356874333846,0.4408368014160544,0.0,-27.233855539308934,-0.180465339177303
baseline,420000,447,Z_mode_existing_controller,25.342027723042563,50.11614773062656,14.723713347299054,-0.2458238049834814,0.9476413726806641,False,False,-0.9476413726806641,-0.09476413577795029,-3.187043300566403,-3.187043300566414,191.52531914785098,191.52531914785098,194.7123624484174,191.08626338942403,0.4390557584269459,-3.3631323436898426,3.0004056820217984,0.9476413577795059,0.0008684357162564993,8.684357453603297e-05,-0.0908182424613671,-0.09081824246137127,209.52562244401093,209.52562244401093,209.61644068647232,209.30843169208657,0.2171907519243632,-0.6072241742754312,0.40481612279545515,0.14956295600342315,8.531723883886574,5.912629845790768,35.58029295344178,24.107136875399902,0.24172049842421917,0.0,-14.835119394570029,-0.13031445115461793
baseline,420000,448,Omega_safe_one_step_QP,25.36742382142788,50.11461799586216,8.514717158417625,-0.1426695238066281,0.9237730503082275,False,False,-0.9237730503082275,-0.09237730503082275,-3.0821758802005337,-3.0821758802005306,186.35039861099128,186.35039861099128,189.43257449119182,186.20455941718043,0.14583919381084343,-3.336507683539943,4.422281378960058,0.9237730503082273,0.01838858611881733,0.0018388585885986686,0.8084754421117322,0.8084754421117224,209.21579434817428,209.21579434817428,208.40731890606256,208.16666756500965,1.0491267831646383,-2.5382618525839216,4.11212877241608,0.19660752054627487,9.473420571721135,3.7646151547708753,42.043121608632305,22.743912137525157,0.13322434477431244,0.0,-8.018465433293386,-0.6294760698987716
baseline,420000,449,Z_mode_existing_controller,25.359899149281492,50.11214357829864,8.763192082308706,-0.1467990852323263,0.9378076791763306,False,False,-0.9378076791763306,-0.0937807708978653,-3.1551251851157094,-3.1551251851157174,187.96866215919525,187.96866215919525,191.12378734431095,187.7878180020885,0.18084415710674762,-3.3643626032376,2.999175422474041,0.937807708978655,0.008633909747004509,0.0008633909747004509,-0.04433663482562994,-0.04433663482563133,208.56993767007137,208.56993767007137,208.614274304897,208.3555029314377,0.21443473863365625,-0.6072241742754312,0.40481612279545515,0.07301526636111928,9.102903184983,4.778976762804671,37.06247363163982,23.5070235666424,0.1451719056055687,0.0,-8.779703144734412,-0.12866084318018522
baseline,420000,450,Omega_safe_one_step_QP,25.365790453354506,50.10996080955332,1.4061462133367968,-0.023430439876079096,0.9310311079025269,False,False,-0.9310311079025269,-0.09310311079025269,-3.131625549280901,-3.131625549280901,186.57197215408112,186.57197215408112,189.70359770336202,186.7248268820843,-0.15285472800317734,-3.3636100047569646,4.395179057743036,0.931031107902527,0.010406305082142353,0.0010406305082142353,0.7988646652804146,0.7988646652804035,208.9906396984684,208.9906396984684,208.191775033188,207.994113331163,0.996526367305421,-2.516707465296466,4.133683159703534,0.19325735292631804,9.67868605943724,3.508253574779019,42.9504503382293,20.218843215371134,0.018325794516801608,0.0,-0.8265561874704872,-0.5979158203832498
baseline,420000,451,Z_mode_existing_controller,25.353331139532266,50.106141903539225,1.8990298139688093,-0.03166930864368307,0.9659247994422913,False,False,-0.9659247994422913,-0.096592478454113,-3.2508169823092348,-3.250816982309246,189.13463300755933,189.13463300755933,192.38544998986856,189.2499999355993,-0.11536692803997539,-3.3654970183351915,2.99804100737645,0.9659247845411332,0.04341239482164383,0.00434123957529664,0.15653340745645505,0.1565334074564606,208.68947729278003,208.68947729278003,208.53294388532356,208.30954635530824,0.37993093747178364,-0.6072241742754312,0.40481612279545515,0.38667779923269896,9.018282187922305,2.340070592514942,39.902561793173305,22.05971818055487,0.03198198089984494,0.0,-1.703053232385173,-0.22795856248306734
baseline,420000,452,Z_mode_existing_controller,25.344215987129594,50.103455106755,-5.627677372921426,0.09454363615552681,0.9660499095916748,False,False,-0.9660499095916748,-0.09660499542951584,-3.2543573255952163,-3.254357325595229,190.66314726861384,190.6631472686138,193.91750459420905,191.10194808702312,-0.4388008184093053,-3.3687257176774414,2.9948123080342,0.966049954295162,0.039654508233070374,0.003965450916439295,0.1345088519004778,0.1345088519004889,208.84734343774218,208.84734343774218,208.7128345858417,208.54477138110235,0.302572056639832,-0.6072241742754312,0.40481612279545515,0.33227147913882205,8.165497142297385,5.761302091852378,40.35013631998705,24.952763788635853,-0.08999191411625285,0.0,5.899212521021582,-0.18154323398390204
baseline,420000,453,Omega_safe_one_step_QP,25.37492689306268,50.10253856062173,-4.492005075393536,0.07559693746762366,0.9416322112083435,False,False,-0.9416322112083435,-0.09416322410106659,-2.9675879378918077,-2.967587937891801,184.6152700533396,184.6152700533396,187.5828579912314,185.02223710762206,-0.40696705428246105,-3.1515360335439024,4.607253028956098,0.9416322410106631,0.040780626237392426,0.0040780627168715,1.0247496376746157,1.0247496376746157,208.33882871965494,208.33882871965494,207.31407908198034,207.19042941840922,1.1483993012457177,-2.4289378701756976,4.221452754824303,0.2427481005214438,9.482280556825561,4.8793400070394775,35.50001131220251,25.20934827788951,-0.07906878948279328,0.0,5.260113445623574,-0.6890395807474334
baseline,420000,454,Omega_safe_one_step_QP,25.372287844500697,50.10083493074278,-0.06139841982803773,0.0010573206994052597,0.9253321290016174,False,False,-0.9253321290016174,-0.09253321588039398,-2.9836728135746853,-2.983672813574682,185.32816851045573,185.32816851045573,188.3118413240304,185.54590478943604,-0.21773627898031123,-3.224434366823803,4.534354695676197,0.9253321588039392,0.015728916972875595,0.0015728917205706239,0.8948695919589202,0.8948695919589134,208.25435800040253,208.25435800040253,207.3594884084436,207.20243130813301,1.051926692269518,-2.433478802822027,4.216911822177974,0.21220969982168755,8.004632491276212,4.115496033021936,40.15972404369455,27.288023700391047,-0.006940156095128103,0.0,0.699494591284747,-0.6311560153617108
baseline,420000,455,Omega_safe_one_step_QP,25.390152273704008,50.10045255186065,13.704815792681075,-0.23451212402990138,0.8892436027526855,False,False,-0.8892436027526855,-0.0889243632555008,-2.5709799449438493,-2.570979944943852,182.40850370457235,182.40850370457235,184.9794836495162,182.0275087487317,0.3809949558406629,-2.8911985993723825,4.867590463127618,0.8892436325550092,-0.09662450850009918,-0.009662451222538948,0.4308905049110426,0.43089050491103564,207.04445161394372,207.04445161394372,206.61356110903267,206.42512794190614,0.6193236720375808,-2.3588860728809333,4.291504552119067,0.10040546378967949,9.215608883284734,5.48931090304606,36.29260405488962,24.477200689971767,0.22154430467948316,0.0,-13.554765894137745,-0.3715942032225428
baseline,420000,456,Omega_safe_one_step_QP,25.394921694356473,50.097995250111836,16.02874372190945,-0.28723791814564675,0.892017662525177,False,False,-0.892017662525177,-0.08920177072286606,-2.5138705808882027,-2.513870580888211,181.73547324809672,181.73547324809672,184.24934382898493,181.22403714345768,0.5114361046390457,-2.818184617319256,4.940604445180744,0.8920177072286635,-0.11330708861351013,-0.011330708861351013,0.3871975308692571,0.38719753086926684,206.69145784739123,206.69145784739123,206.30426031652198,206.1022978220226,0.589160025368642,-2.3279559936298617,4.322434631370139,0.0895785740885876,6.709752895699018,3.8145074753577513,36.89944482110735,26.77848584224087,0.25822767666354274,0.0,-15.933475383351833,-0.35349601522118235
baseline,420000,457,Omega_safe_one_step_QP,25.42876762040061,50.0963109112429,38.294801529969845,-0.6379152441064088,0.8203372359275818,False,False,-0.8203372359275818,-0.08203372359275818,-1.7806977580942185,-1.7806977580942296,175.99369896440606,175.99369896440606,177.77439672250028,174.67166514782463,1.3220338165814383,-2.1706899066707916,5.58809915582921,0.8203372359275872,0.06470928341150284,0.006470928434282541,1.2273394307707062,1.2273394307706922,206.03986926887816,206.03986926887814,204.81252983810745,204.59507142912162,1.444797839756518,-2.1787829457884094,4.4716076792115915,0.2744738623821063,12.737072555654045,5.594564568527916,39.9260481975673,23.5577125732525,0.6146864253196966,0.0,-38.04260925143535,-0.8668787038539136
baseline,420000,458,Omega_safe_one_step_QP,25.37639464205403,50.09337361517528,5.289212096292431,-0.0886446364845349,0.9058505296707153,False,False,-0.9058505296707153,-0.09058505296707153,-2.9204724440331966,-2.9204724440332037,185.38713931860653,185.38713931860653,188.30761176263974,185.33688257428548,0.050256744321046654,-3.224011410684735,4.534777651815265,0.9058505296707173,-0.2986948490142822,-0.029869485646486282,-0.47323776197659567,-0.47323776197658596,206.40833499948945,206.40833499948948,206.88157276146606,206.68638276054668,-0.278047761057195,-2.3856872381242717,4.264703386875729,0.19836538269310838,9.66236009195504,4.307094837111252,41.97734172203665,26.88565254129768,0.09363741400482084,0.0,-5.549678166931699,0.16682865663432267
baseline,420000,459,Omega_safe_one_step_QP,25.369326791877082,50.093375651574185,7.729654658881373,-0.1283850727464371,0.8756588697433472,False,False,-0.8756588697433472,-0.08756589144468307,-2.960068985357684,-2.9600689853576925,186.91133263945454,186.91133263945454,189.87140162481222,186.7858966693502,0.12543597010434837,-3.3803903969019853,4.378398665598015,0.8756589144468333,-0.04352675750851631,-0.004352675750851631,0.6014740765735258,0.6014740765735327,207.80548498644433,207.80548498644433,207.2040109098708,206.98752925678403,0.817955729660298,-2.417931052964745,4.232459572035255,0.14210982204002554,9.846049050504224,4.083647829033685,39.943036414568354,21.475388261520486,0.12267362709883756,0.0,-7.361554848183914,-0.49077343779617877
baseline,420000,460,Z_mode_existing_controller,25.35795006146598,50.09023867482585,7.663737173366826,-0.12465630402458722,0.9071534276008606,False,False,-0.9071534276008606,-0.09071534126996994,-3.0465676797616172,-3.0465676797616212,189.2715712099934,189.2715712099934,192.318138889755,189.134322091679,0.13724911831440068,-3.3583819860138053,3.005156039697836,0.9071534126997005,-0.001674583530984819,-0.00016745836182963103,-0.10161648080997399,-0.10161648080997537,207.4330568983616,207.4330568983616,207.53467337917158,207.30160628295556,0.1314506154060382,-0.6072241742754312,0.40481612279545515,0.16734590801038018,10.559917765343924,5.953218150294322,43.25232082538278,21.502156597159114,0.12863174192754556,0.0,-7.713498546049777,-0.07887036924361723
baseline,420000,461,Z_mode_existing_controller,25.3546041815025,50.087962887182826,-1.6623158651591439,0.027166326479160813,0.9154947996139526,False,False,-0.9154947996139526,-0.09154947847127914,-3.0773736397024813,-3.0773736397024734,189.64707164804418,189.64707164804418,192.72444528774665,189.8968590148067,-0.24978736676251856,-3.3614321906464095,3.0021058350652314,0.915494784712789,-0.0004701129801105708,-4.701129728346132e-05,-0.09540545289956903,-0.09540545289956903,207.4012355424962,207.4012355424962,207.49664099539578,207.3250564777764,0.07617906471980973,-0.6072241742754312,0.40481612279545515,0.15711734964012486,10.093552073515546,5.342963031484961,46.42345742191888,21.320779519781116,-0.022586140206946936,0.0,1.7306094441973983,-0.04570743883189721
baseline,420000,462,Z_mode_existing_controller,25.354534531228115,50.08575080706067,-9.87520643467451,0.1672574706775288,0.9361127614974976,False,False,-0.9361127614974976,-0.09361127763986588,-3.1495244428862263,-3.14952444288624,189.33563998318547,189.33563998318544,192.4851644260717,189.94460043044398,-0.6089604472585393,-3.364471164471054,2.999066861240587,0.9361127763986626,-0.0009323020349256694,-9.323020640294999e-05,-0.10019935752516168,-0.10019935752517278,207.22417860398662,207.2241786039866,207.32437796151177,207.20299485440378,0.021183749582803557,-0.6072241742754312,0.40481612279545515,0.16501213517188348,7.945616511456796,4.497044585939774,41.19039419418729,25.249399197028765,-0.1565596463357064,0.0,10.044476330758698,-0.012710249749673608
baseline,420000,463,Omega_safe_one_step_QP,25.379422966838124,50.08486139931069,-7.0633844347185,0.11687898596525682,0.9021213054656982,False,False,-0.9021213054656982,-0.0902121290564537,-2.8180137702484704,-2.8180137702484647,184.48712121571918,184.4871212157192,187.30513498596767,184.98277392132903,-0.4956527056098139,-3.12376373301753,4.63502532948247,0.9021212905645353,-0.02458767592906952,-0.002458767732605338,0.8024502588409532,0.802450258840963,206.9755618025352,206.9755618025352,206.17311154369423,206.09009630597185,0.8854654965633415,-2.3148411163470883,4.335549508652912,0.1850861712545154,10.5231269001528,4.413823027202962,45.700586493814164,24.513389777922818,-0.11796242683289293,0.0,7.712626159489446,-0.5312792979379992
baseline,420000,464,Z_mode_existing_controller,25.360158214664473,50.08381699993405,-7.8000042411858885,0.128205158786483,0.9017045497894287,False,False,-0.9017045497894287,-0.09017045795917511,-3.0347818772055355,-3.034781877205533,188.26075370596826,188.26075370596826,191.2955355831738,188.7664044457448,-0.5056507397765415,-3.3656054830946305,2.997932542617011,0.9017045795917501,-0.016691673547029495,-0.0016691674245521426,-0.18902791377601036,-0.1890279137760062,206.76430160847227,206.76430160847227,206.95332952224828,206.83680700587317,-0.0725053974009029,-0.6072241742754312,0.40481612279545515,0.3112983998068972,10.003420802877372,4.758689485386386,40.067972674704386,28.713607082617813,-0.1208464855785003,0.0,7.877347488322812,0.04350323844055026
baseline,420000,465,Z_mode_existing_controller,25.353012541525274,50.085322427404805,-15.19318006488811,0.24592662486888625,0.9224883913993835,False,False,-0.9224883913993835,-0.0922488421201706,-3.107397968498254,-3.1073979684982636,189.31377603460513,189.3137760346051,192.42117400310337,190.12519883190657,-0.8114227973014749,-3.3684953621968647,2.9950426635147767,0.9224884212017087,-0.005289734341204166,-0.0005289734690450132,-0.1243442574389686,-0.12434425743897692,207.1613334564077,207.16133345640768,207.28567771384667,207.21058883695056,-0.04925538054288836,-0.6072241742754312,0.40481612279545515,0.2047748800306747,10.602011420397588,4.830074879351601,37.69314027612024,27.208581139910557,-0.24084355817353398,0.0,15.404470394736563,0.0295532283257387
baseline,420000,466,Z_mode_existing_controller,25.336951965411753,50.086053154558016,-21.34106008341223,0.3339065190279166,0.9344778060913086,False,False,-0.9344778060913086,-0.09344778209924698,-3.150539279740109,-3.150539279740108,192.15747956660763,192.15747956660763,195.30801884634775,193.20574011394362,-1.0482605473359854,-3.3714436115712774,2.992094414140364,0.9344778209924692,-0.004535427782684565,-0.00045354277244769037,-0.12113926642593337,-0.12113926642593892,207.8288528731178,207.8288528731178,207.94999213954372,207.9104560028853,-0.08160312976750106,-0.6072241742754312,0.40481612279545515,0.1994967782211373,11.962991787465295,6.558489208227016,40.311157384279355,23.035365192608243,-0.33964885703773007,0.0,21.631747062589056,0.04896187786050632
baseline,420000,467,Z_mode_existing_controller,25.3202123615133,50.08530943493644,-25.1571048244723,0.39965408708358635,0.9399101138114929,False,False,-0.9399101138114929,-0.09399101138114929,-3.17163475092149,-3.1716347509214917,195.17348764429448,195.17348764429448,198.34512239521598,196.4069513488218,-1.2334637045273098,-3.374402194758795,2.989135830952846,0.9399101138114933,-0.005088775418698788,-0.0005088775651529431,-0.1249302817032269,-0.124930281703238,208.43676026749768,208.43676026749768,208.5616905492009,208.553603989704,-0.1168437222063119,-0.6072241742754312,0.40481612279545515,0.20573996720784504,10.260788208532635,3.0223335112306686,44.80798468561621,29.501159116889628,-0.4021339362462406,0.0,25.48913252739476,0.0701062333237843
baseline,420000,468,Omega_safe_one_step_QP,25.30178940925601,50.08879816069796,-53.430737995384334,0.8623735865667516,0.9455522894859314,False,False,-0.9455522894859314,-0.09455522894859314,-4.311629829420206,-4.3116298294201965,197.3549306953787,197.35493069537873,201.6665605247989,199.84736218468586,-2.492431489307137,-4.559906286900655,3.1988827755993454,0.9455522894859292,-0.114682637155056,-0.011468264274299145,0.13444887583834442,0.13444887583835274,209.61184726755883,209.61184726755886,209.4773983917205,209.49264004272896,0.11920722482989277,-2.6452698011497158,4.005120823850285,0.03356924341401057,8.530215255124642,5.64675458608913,42.28909608511724,25.52216963629038,-0.8645789575719496,0.0,54.366841287854186,-0.07152433489792998
baseline,420000,469,Z_mode_existing_controller,25.3322839737076,50.089493754879406,-15.153393273659276,0.24236545260512998,0.9471580386161804,False,False,-0.9471580386161804,-0.09471580386161804,-3.1968338535576923,-3.196833853557689,192.64782120145082,192.64782120145085,195.84465505500853,193.46781273594712,-0.8199915344962676,-3.375185262882148,2.988352762829493,0.9471580386161792,-0.005684696137905121,-0.0005684696370735765,-0.1291544171378528,-0.12915441713784864,208.1321292773853,208.1321292773853,208.26128369452314,208.18506566072,-0.0529363833346963,-0.6072241742754312,0.40481612279545515,0.21269643503894067,10.538220263723902,5.990536714965547,36.33682702723527,29.557801240590372,-0.23990246231193169,0.0,15.361533905970646,0.03176183000081778
baseline,420000,470,Z_mode_existing_controller,25.329640860640758,50.092018314133824,-16.308459820348617,0.2707259747234694,0.9112874269485474,False,False,-0.9112874269485474,-0.09112874418497086,-3.078460565110297,-3.0784605651103014,192.98584413180959,192.98584413180959,196.0643046969199,193.88253827574297,-0.896694143933388,-3.3781443963078384,2.985393629403803,0.9112874418497096,0.0013060972560197115,0.00013060972560197115,-0.08457546969501961,-0.08457546969502794,208.37457938562474,208.3745793856247,208.45915485531975,208.4186653497113,-0.04408596408657672,-0.6072241742754312,0.40481612279545515,0.1392821189899882,8.223840614900151,4.991169383785941,42.081404442003155,24.377523416680216,-0.2599878874656887,0.0,16.541996129363724,0.02645157845194035
baseline,420000,471,Omega_safe_one_step_QP,25.356641483339313,50.09127059501691,-20.028580712826624,0.3226259974194767,0.8936670422554016,False,False,-0.8936670422554016,-0.08936670422554016,-3.077221517625733,-3.077221517625733,187.42392281108818,187.42392281108818,190.5011443287139,188.4606817521157,-1.0367589410275286,-3.443364667292153,4.315424395207847,0.8936670422554015,-0.002848535543307662,-0.0002848535659722984,0.7955759859790537,0.7955759859790565,208.02853427069908,208.02853427069908,207.23295828472004,207.21799919400019,0.8105350766988977,-2.4208257904496677,4.229564834550333,0.18809878015822837,11.304355222448589,4.048419585931186,37.7458355395011,28.62658589127182,-0.32700647094739566,0.0,20.841908229793262,-0.48632104601934145
baseline,420000,472,Z_mode_existing_controller,25.320552325431578,50.09269058203511,-13.913415451757828,0.21968869912315933,0.9229377508163452,False,False,-0.9229377508163452,-0.09229377657175064,-3.118273171525677,-3.1182731715256855,194.6848874164731,194.6848874164731,197.80316058799878,195.45459083591314,-0.7697034194400487,-3.3786386117827596,2.984899413928882,0.9229377657175087,-0.0019899767357856035,-0.00019899767357856035,-0.1050613417031096,-0.10506134170309711,208.7562851440873,208.7562851440873,208.8613464857904,208.79678561077725,-0.04050046668996288,-0.6072241742754312,0.40481612279545515,0.1730190367148365,10.850559028119863,4.324309043680316,39.359471592618696,22.13255918000298,-0.2195836262647255,0.0,14.108698798009755,0.024300280013989095
baseline,420000,473,Z_mode_existing_controller,25.301204583697487,50.09140434277649,-19.710567518051903,0.31278387172668903,0.9417993426322937,False,False,-0.9417993426322937,-0.09417993575334549,-3.1846061790543443,-3.184606179054345,198.19375274686348,198.19375274686348,201.37835892591784,199.21800544570328,-1.0242526988398026,-3.381406191861009,2.982131833850632,0.9417993575334551,-0.01594746857881546,-0.0015947468345984817,-0.18872646735402787,-0.18872646735403759,209.3674469468936,209.3674469468936,209.55617341424764,209.5260328458207,-0.1585858989271003,-0.6072241742754312,0.40481612279545515,0.3108019663071468,9.685074005370417,6.765810811451027,41.70155189987001,22.445755271986954,-0.3132226925456578,0.0,19.92863867124106,0.09515153935626586
baseline,420000,474,Z_mode_existing_controller,25.324028922916952,50.09069914934833,-22.878616647861236,0.3684342054385601,0.9388101100921631,False,False,-0.9388101100921631,-0.09388101100921631,-3.1771439254624654,-3.1771439254624534,193.4512420175079,193.45124201750792,196.62838594297037,194.6089175427448,-1.1576755252368685,-3.384224233749001,2.97931379196264,0.9388101100921593,-0.006837503518909216,-0.000683750375173986,-0.13506216300780416,-0.13506216300779583,208.37128712502522,208.37128712502522,208.50634928803302,208.50246250924428,-0.1311753842190626,-0.6072241742754312,0.40481612279545515,0.22242553694269243,9.862434769927622,5.792395434632339,40.13975006484696,27.944362054235807,-0.3648066650916242,0.0,23.164718082421132,0.0787052305314404
baseline,420000,475,Z_mode_existing_controller,25.331909525627115,50.092497176426356,-26.643187430731814,0.4247188886206204,0.9453554749488831,False,False,-0.9453554749488831,-0.09453555196523666,-3.2018956157941285,-3.2018956157941343,191.59920453601117,191.59920453601114,194.8011001518053,192.89871069132244,-1.2995061553112919,-3.386975110666889,2.976562915044752,0.9453555196523682,-0.0025185535196214914,-0.00025185535196214914,-0.11042625661014521,-0.11042625661013827,208.11413307251976,208.11413307251976,208.2245593291299,208.24327306949934,-0.1291399969795748,-0.6072241742754312,0.40481612279545515,0.18185418382248061,10.882311809329634,5.125473931970091,40.856199625217734,23.795262762005702,-0.4253414643260456,0.0,26.991044896870335,0.07748399818774487
baseline,420000,476,Z_mode_existing_controller,25.317349324078783,50.09185491175388,-28.33272120073434,0.45519690134994567,0.9422205090522766,False,False,-0.9422205090522766,-0.0942220538854599,-3.1938554518309044,-3.193855451830903,194.23395908562992,194.23395908562992,197.42781453746082,195.62665079416882,-1.392691708538905,-3.389711134628294,2.9738268910833474,0.9422205388545983,-0.006678128149360418,-0.000667812826577574,-0.1344737673698443,-0.13447376736983874,208.61930177198093,208.61930177198096,208.75377553935078,208.79311949246286,-0.1738177204819067,-0.6072241742754312,0.40481612279545515,0.22145654449660085,9.757530252072373,3.663542358273033,39.94292063496008,25.360018518751602,-0.45293506819799845,0.0,28.681365636643022,0.1042906322891497
baseline,420000,477,Z_mode_existing_controller,25.310083241865485,50.09218149601694,-30.017775532184714,0.4795873921875589,0.9414565563201904,False,False,-0.9414565563201904,-0.09414565563201904,-3.1937788668524467,-3.193778866852446,195.41753236308904,195.41753236308904,198.6113112299415,196.88207572447118,-1.464543361382141,-3.392380503818214,2.9711575218934274,0.9414565563201897,-0.008093694224953651,-0.0008093694341368973,-0.1426881528558771,-0.14268815285586461,208.88749989217595,208.88749989217595,209.03018804503182,209.08475001555792,-0.1972501233819628,-0.6072241742754312,0.40481612279545515,0.23498430876229018,9.810840369335423,4.968468625830261,42.311199138246685,23.371163338066705,-0.4799804791238138,0.0,30.379405937279444,0.11835007402918052
baseline,420000,478,Z_mode_existing_controller,25.314448924407515,50.091686667435134,-32.16521288277454,0.5040610750055731,0.9424597024917603,False,False,-0.9424597024917603,-0.09424597024917603,-3.1996480548967794,-3.199648054896768,194.31660633782062,194.31660633782064,197.5162543927174,195.8426506210744,-1.5260442832537535,-3.3949972040579146,2.9685408216537263,0.9424597024917567,-0.006100232247263193,-0.0006100232130847871,-0.13111293475124297,-0.13111293475124297,208.6414106219936,208.6414106219936,208.77252355674483,208.83959626339384,-0.19818564140024364,-0.6072241742754312,0.40481612279545515,0.21592179676919676,11.23839224315043,6.616406737475939,41.15978985705569,26.408788236078795,-0.5139356848329548,0.0,32.560237182767196,0.11891138484014618
baseline,420000,479,Z_mode_existing_controller,25.310782440886744,50.093166855954124,-32.22958236814338,0.5265577124068557,0.9451331496238708,False,False,-0.9451331496238708,-0.09451331943273544,-3.2111578428979133,-3.211157842897911,194.77411599318026,194.77411599318026,197.98527383607816,196.36469143142986,-1.5905754382496013,-3.397571751972244,2.965966273739397,0.9451331943273539,-0.007538080681115389,-0.0007538080681115389,-0.13980572647565304,-0.13980572647564055,208.8225601250372,208.82256012503723,208.96236585151286,209.04232730667877,-0.21976718164154363,-0.6072241742754312,0.40481612279545515,0.23023741873001582,8.5976456096539,6.203481171382353,38.19752438296836,28.714225191272025,-0.5162758496508575,0.0,32.613997908809324,0.13186030898492618
baseline,420000,480,Z_mode_existing_controller,25.34083940751446,50.09514445943762,-32.622291120794216,0.5336669814854116,0.9347080588340759,False,False,-0.9347080588340759,-0.09347080439329147,-3.1781137870914717,-3.1781137870914757,188.6251467631828,188.6251467631828,191.80326055027427,190.20516859610794,-1.5800218329251265,-3.400113872690251,2.96342415302139,0.9347080439329158,0.0027453978545963764,0.00027453977963887155,-0.07851500026525293,-0.07851500026524044,207.6816217368508,207.6816217368508,207.76013673711603,207.84661177297548,-0.1649900361246921,-0.6072241742754312,0.40481612279545515,0.12930150608534036,9.950042037019308,5.749686964761157,38.368106200574246,23.101878655539288,-0.5222943964104729,0.0,33.04559149553006,0.09899402167481242
baseline,420000,481,Z_mode_existing_controller,25.342424947048773,50.09317318760814,-32.35899776988299,0.5233455886674847,0.9173343777656555,False,False,-0.9173343777656555,-0.09173344075679779,-3.1212796376466687,-3.1212796376466545,188.16860777904475,188.16860777904475,191.2898874166914,189.71923538821807,-1.5506276091733184,-3.402553759998771,2.9609842657128698,0.9173344075679738,-0.014471528120338917,-0.0014471528120338917,-0.17760516967062906,-0.17760516967064016,207.36373716754545,207.36373716754545,207.5413423372161,207.63583931433556,-0.2721021467901039,-0.6072241742754312,0.40481612279545515,0.29248698782878185,10.767448125644284,5.875460842287205,41.095998355845076,25.01409325384293,-0.5163920777059836,0.0,32.712128559514895,0.16326128807405382
baseline,420000,482,Z_mode_existing_controller,25.333595563585803,50.09271172761825,-34.18193871000403,0.5542640965440094,0.935989499092102,False,False,-0.935989499092102,-0.09359895437955856,-3.1869089993199964,-3.186908999319998,189.63773221160974,189.63773221160974,192.82464121092974,191.27994767391735,-1.642215462307604,-3.404855343144729,2.9586826825669124,0.935989543795586,-0.008909317664802074,-0.0008909317548386753,-0.14691239669576278,-0.14691239669575307,207.6992479093588,207.6992479093588,207.84616030605457,207.94868841852372,-0.24944050916491278,-0.6072241742754312,0.40481612279545515,0.2419409551193444,10.228830730175616,3.8515398380109964,42.40667960478155,24.425708941783935,-0.5464803128558771,0.0,34.578754717360425,0.14966430549894483
baseline,420000,483,Z_mode_existing_controller,25.317275843009302,50.09208522318527,-34.87270683037332,0.5582802519222333,0.940669596195221,False,False,-0.940669596195221,-0.09406696259975433,-3.205064408221174,-3.2050644082211712,192.62748562926723,192.62748562926723,195.8325500374884,194.30039600630172,-1.6729103770344977,-3.407215795686322,2.956322230025319,0.9406696259975423,-0.007262459956109524,-0.0007262459839694202,-0.137739541385562,-0.1377395413855717,208.31867687084147,208.31867687084147,208.45641641222704,208.56457535914433,-0.24589848830285632,-0.6072241742754312,0.40481612279545515,0.22683474608027437,10.277240129225941,3.718155911416955,38.0321784793629,20.800623258391703,-0.5576219752528289,0.0,35.282789712644444,0.14753909298171664
baseline,420000,484,Z_mode_existing_controller,25.299790682412652,50.08942647603624,-35.493057546646924,0.5550053910599683,0.9419434666633606,False,False,-0.9419434666633606,-0.09419434517621994,-3.2116114386275374,-3.2116114386275374,195.8841265280458,195.8841265280458,199.09573796667334,197.57049929239687,-1.6863727643510629,-3.4095586445441244,2.9539793811675166,0.9419434517621991,-0.0030665339436382055,-0.0003066534118261188,-0.11329074775644071,-0.11329074775644765,208.8910280384022,208.8910280384022,209.00431878615865,209.11718032553233,-0.2261522871301338,-0.6072241742754312,0.40481612279545515,0.18657153742541882,10.929149798958958,2.669483555324807,33.29684272750121,27.735670693585778,-0.5673882244386022,0.0,35.924754398807636,0.1356913722780746
baseline,420000,485,Omega_safe_one_step_QP,25.2626803574901,50.091223705510615,-69.80167591181271,1.1105613297868415,0.9459572434425354,False,False,-0.9459572434425354,-0.09459572285413742,-4.740298436826376,-4.740298436826372,201.43832785990588,201.43832785990588,206.17862629673226,204.6604312605118,-3.2221034006059313,-5.011112864093987,2.7476761984060127,0.9459572285413733,-0.31117871403694153,-0.031117871403694153,-0.8449406799835733,-0.8449406799835815,209.77924455742885,209.77924455742885,210.62418523741243,210.74216552110403,-0.9629209636751739,-2.7599484857189083,3.8904421392810917,0.30614364157724205,8.298586954047337,4.375276385238205,38.44124728327136,22.9257942287877,-1.1191461358897647,0.0,70.343069469498,0.5777525782051072
baseline,420000,486,Z_mode_existing_controller,25.28987890141212,50.09068963300581,-18.786528634215756,0.2891590309696169,0.9508066177368164,False,False,-0.9508066177368164,-0.09508066624403,-3.24133575350105,-3.241335753501041,197.84187331168633,197.84187331168636,201.0832090651874,198.83677220159373,-0.9948988899073754,-3.4090376956151904,2.9545003300964505,0.9508066624402972,-0.01845589466392994,-0.0018455894896760583,-0.20433119623642082,-0.20433119623641804,209.28601978477886,209.28601978477886,209.49035098101527,209.48673082318885,-0.20071103840999172,-0.6072241742754312,0.40481612279545515,0.3365004308009242,11.637739835892521,7.595110539145902,37.8237199575946,28.05940155634314,-0.29550586865592976,0.0,18.96160787982535,0.1204266230459865
baseline,420000,487,Z_mode_existing_controller,25.29160218713369,50.093548096843726,-20.604089321102947,0.3328056191365604,0.9452518820762634,False,False,-0.9452518820762634,-0.09452518820762634,-3.2246352179039297,-3.2246352179039235,197.26807032567052,197.26807032567052,200.49270554357446,198.3799176909336,-1.1118473652630882,-3.4114031180990176,2.9521349076126238,0.9452518820762615,-0.009748302400112152,-0.0009748302400112152,-0.15276415138519434,-0.1527641513851971,209.3796142535195,209.3796142535195,209.53237840490468,209.55442909028196,-0.17481483676246512,-0.6072241742754312,0.40481612279545515,0.2515778486050602,8.81427898975016,5.635678471555727,40.01659018598932,22.3344121817114,-0.3271239938387547,0.0,20.826324412884787,0.10488890205748191
baseline,420000,488,Z_mode_existing_controller,25.316974128484482,50.09225852620784,-22.148703762198238,0.34750972898189486,0.927475094795227,False,False,-0.927475094795227,-0.0927475094795227,-3.1661177422579554,-3.1661177422579554,192.12953912452463,192.12953912452463,195.2956568667826,193.26365085090137,-1.1341117263767444,-3.4136956992435343,2.9498423264681066,0.9274750947952269,-0.007568622939288616,-0.0007568622822873294,-0.13819755685743895,-0.13819755685745005,208.21365816025997,208.21365816025997,208.35185571711742,208.389212258704,-0.17555409844402448,-0.6072241742754312,0.40481612279545515,0.22758902348107923,11.77884700787368,4.891204530605581,42.66679101787465,22.950447628631633,-0.3501708908941623,0.0,22.39354219402594,0.10533245906641753
baseline,420000,489,Z_mode_existing_controller,25.28764425523087,50.091610709371395,-25.558503011510766,0.3943607895611518,0.9417713284492493,False,False,-0.9417713284492493,-0.09417713433504105,-3.2169501220216223,-3.216950122021621,197.67055171696714,197.67055171696714,200.88750183898875,198.95067487739266,-1.2801231604255179,-3.4158505084441426,2.947687517267499,0.9417713433504099,-0.007804250344634056,-0.0007804250344634056,-0.14102458718526917,-0.14102458718526084,209.37109107201172,209.37109107201172,209.51211565919698,209.56885944140936,-0.19776836939763598,-0.6072241742754312,0.40481612279545515,0.23224468517502303,11.444528664674873,5.751572204966392,35.93467158528144,24.14415236957779,-0.405516205736717,0.0,25.84535819560915,0.11866102163858727
baseline,420000,490,Omega_safe_one_step_QP,25.27344887419983,50.09187699049956,-58.19865586290234,0.8898918002673384,0.9470877647399902,False,False,-0.9470877647399902,-0.09470877796411514,-4.490522165872546,-4.490522165872555,198.99097725830916,198.99097725830913,203.4814994241817,201.6157372578119,-2.6247599995027713,-4.741400176838931,3.0173888856610698,0.9470877796411534,-0.16627046465873718,-0.016627047210931778,-0.15075205695986166,-0.15075205695984778,209.9340395997688,209.93403959976882,210.08479165672867,210.15690451568108,-0.222864915912254,-2.7060091276505323,3.944381497349468,0.0557101065992105,11.38981543091967,6.0946546364608345,38.943356150516145,27.748495007844543,-0.9354352537091444,0.0,59.0003721670646,0.13371894954735808
baseline,420000,491,Omega_safe_one_step_QP,25.265777024765033,50.09475455430287,-46.98525571426853,0.7382132029105056,0.957193911075592,False,False,-0.957193911075592,-0.09571938961744308,-4.705925497553936,-4.705925497553945,200.5253363272524,200.5253363272524,205.23126182480635,202.74106839485873,-2.215732067606325,-4.916376416901397,2.8424126455986034,0.9571938961744327,-0.30920764803886414,-0.030920764431357384,-0.8283735706410458,-0.8283735706410513,209.78038432003513,209.78038432003513,210.60875789067617,210.57880437623493,-0.7984200561998023,-2.7584057510452826,3.8919848739547183,0.30030881799283654,9.482063003970733,5.163030544074105,43.28681082541462,20.123918392937487,-0.7488625400741142,0.0,47.25506622062221,0.47905203371988136
baseline,420000,492,Omega_safe_one_step_QP,25.281311097716415,50.09307556142246,-26.938913942328327,0.41683682771052116,0.9550390243530273,False,False,-0.9550390243530273,-0.09550390392541885,-4.430135143556275,-4.430135143556275,198.0243159399815,198.0243159399815,202.45445108353778,199.39911949007242,-1.3748035500909168,-4.6386953427745405,3.12009371972546,0.9550390392541884,-0.009163339622318745,-0.0009163339855149388,0.5679749920680446,0.5679749920680384,210.47209823031685,210.47209823031685,209.90412323824881,209.77900639113702,0.6930918391798286,-2.687942285802546,3.9624483391974543,0.1433394062073942,11.170180482697637,3.603925116212701,42.059959780998895,23.895799941265558,-0.43645671318407864,0.0,27.791225759019653,-0.41585510350789434
baseline,420000,493,Omega_safe_one_step_QP,25.25419665911937,50.09366832536436,-30.078104064586114,0.4687611100824833,0.9563206434249878,False,False,-0.9563206434249878,-0.09563206881284714,-4.971502128201378,-4.9715021282013705,203.08171736668092,203.08171736668092,208.05321949488228,204.59079995025655,-1.5090825835756334,-5.1985721839089925,2.5602168785910093,0.9563206881284699,-0.2808789908885956,-0.028087899088859558,-0.7520849269789333,-0.7520849269789264,210.36711023133483,210.36711023133483,211.11919515831377,210.92775880057388,-0.5606485692390493,-2.809449477809041,3.8409411471909594,0.2676983277042029,9.544059835964449,4.174619321647723,39.103871304039416,26.82363286559838,-0.4763270720766464,0.0,30.218041995118256,0.33638914154343524
baseline,420000,494,Omega_safe_one_step_QP,25.261490937245945,50.096122207359414,-15.543937770015873,0.2538301540017825,0.9512803554534912,False,False,-0.9512803554534912,-0.09512803703546524,-4.83004323147511,-4.830043231475098,202.01158350336462,202.01158350336465,206.84162673483974,202.93935203917778,-0.9277685358131293,-5.077412907904737,2.6813761545952635,0.9512803703546499,-0.2553239166736603,-0.025532392784953117,-0.6287960889945071,-0.6287960889945127,210.3580764281378,210.3580764281378,210.9868725171323,210.72073560012464,-0.3626591719868486,-2.796217213690895,3.8541734113091053,0.22487383523561352,7.161534024928943,3.615532080577956,37.993494999630684,24.88759542656044,-0.24381302612173528,0.0,15.570155292945856,0.21759550319210064
baseline,420000,495,Z_mode_existing_controller,25.302626623672417,50.096482440728536,31.812535205249333,-0.5083285679859493,0.9383901953697205,False,False,-0.9383901953697205,-0.09383901953697205,-3.1941675100462903,-3.1941675100462916,195.7839774245643,195.7839774245643,198.9781449346106,194.70894260845006,1.075034816114254,-3.4038798847294083,2.9596581409822327,0.9383901953697207,-0.008927655406296253,-0.0008927655289880931,-0.14726276594809323,-0.14726276594809878,209.1663492862974,209.1663492862974,209.31361205224547,208.9829465812666,0.18340270503080092,-0.6072241742754312,0.40481612279545515,0.24251795660773837,10.321596249636084,6.835684069061694,41.60629950646746,25.204686984281484,0.5224299520398219,0.0,-32.22492353427151,-0.11004162301847487
baseline,420000,496,Z_mode_existing_controller,25.315176478589766,50.09723111553647,21.108145812510884,-0.3363678549226293,0.9337188005447388,False,False,-0.9337188005447388,-0.09337188303470612,-3.1805053743087064,-3.1805053743087077,193.09468016446874,193.09468016446874,196.27518553877744,192.47217898174566,0.6225011827230844,-3.406277426285299,2.957260599426342,0.9337188303470614,-0.007888086140155792,-0.0007888086256571114,-0.14070071080492935,-0.14070071080491964,208.64262755347977,208.6426275534798,208.7833282642847,208.530369558884,0.11225799459580799,-0.6072241742754312,0.40481612279545515,0.23171131316175023,10.997423553850123,3.0800888935291812,39.13206162305733,23.15115729892625,0.34962076783995144,0.0,-21.390411783593663,-0.06735479675748479
baseline,420000,497,Omega_safe_one_step_QP,25.280696600458267,50.09632232786657,-17.91214202905212,0.2843808243513257,0.9462776184082031,False,False,-0.9462776184082031,-0.0946277603507042,-4.428756911647,-4.4287569116470005,198.4406189164004,198.44061891640038,202.8693758280474,199.46388597835687,-1.0232670619564885,-4.680187817225501,3.0786012452744997,0.9462776035070419,-0.011190449818968773,-0.001119044958613813,0.5307758369567851,0.5307758369567844,210.6740310439369,210.6740310439369,210.14325520698011,209.95755299173948,0.7164780521974308,-2.711855482675677,3.938535142324323,0.13476478380323592,9.60259845728504,6.367631313578321,40.12999606074358,27.065498329297515,-0.2911563081082722,0.0,18.63318516847812,-0.42988683131846983
baseline,420000,498,Z_mode_existing_controller,25.3011484185494,50.09825418029798,18.8258816602729,-0.3066132388352194,0.9422074556350708,False,False,-0.9422074556350708,-0.09422075003385544,-3.2090159944258136,-3.209015994425827,195.85948527760783,195.8594852776078,199.06850127203364,195.3042305568139,0.5552547207938971,-3.405848492261788,2.9576895334498534,0.9422075003385584,-0.011978608556091785,-0.0011978609254583716,-0.1655201099691042,-0.16552010996911115,209.26242871982902,209.262428719829,209.4279488297981,209.18251912349473,0.07990959633426087,-0.6072241742754312,0.40481612279545515,0.2725848491895396,9.030542703239249,5.127992042051151,42.8467197180378,21.736559555883574,0.3114547669415195,0.0,-19.08939066941366,-0.047945757800562205
baseline,420000,499,Z_mode_existing_controller,25.319296346134145,50.09663697536495,11.505994928279506,-0.1894325599737128,0.9276562929153442,False,False,-0.9276562929153442,-0.09276562929153442,-3.161667734452049,-3.161667734452063,192.12942295380418,192.12942295380415,195.29109068825622,191.88660697028195,0.24281598352220612,-3.4082318619495164,2.955306163762125,0.9276562929153482,-0.0007935909670777619,-7.935909525258467e-05,-0.09853102453765139,-0.09853102453764168,208.4335548388205,208.43355483882053,208.53208586335816,208.34655288480135,0.08700195401917199,-0.6072241742754312,0.40481612279545515,0.16226466058472325,9.174381106919412,5.067787803839111,39.14021098589518,27.806742124761477,0.19253046321160205,0.0,-11.64632421907936,-0.05220117241150035
baseline,420000,500,Z_mode_existing_controller,25.3304642011204,50.09787961933063,4.771655105530044,-0.07983370453652779,0.9208821654319763,False,False,-0.9208821654319763,-0.09208821505308151,-3.140662578388371,-3.1406625783883637,189.72658615076801,189.72658615076801,192.8672487291564,189.76597545974056,-0.03938930897254522,-3.410493488855257,2.953044536856384,0.9208821505308128,-0.007312927395105362,-0.0007312927627936006,-0.13603258518094657,-0.13603258518095213,207.95340840506805,207.95340840506805,208.089440990249,207.95486526112916,-0.0014568560611110115,-0.6072241742754312,0.40481612279545515,0.22402366530165352,8.712568955379329,4.862772791394199,38.8543057300123,24.245393280553436,0.083642921979596,0.0,-4.856172141146999,0.0008741136366694491
baseline,420000,501,Omega_safe_one_step_QP,25.345291309947775,50.09648059364078,3.6981608092037277,-0.060475030519946175,0.8788480162620544,False,False,-0.8788480162620544,-0.0878848060965538,-2.9610825052998697,-2.9610825052998613,186.79918454736307,186.79918454736307,189.76026705266293,186.90496729291095,-0.10578274554788436,-3.3692769396870546,4.3895121228129454,0.8788480609655355,-0.055698126554489136,-0.0055698128417134285,0.5376909154461179,0.5376909154461249,207.88636443945416,207.88636443945416,207.34867352400803,207.25560197454269,0.63076246491147,-2.432397314378468,4.217993310621532,0.12747552588386984,10.772850131080332,6.2622626853464345,37.379178577753954,24.8681217589506,0.06146125101220434,0.0,-3.381164581268422,-0.37845747894688486
baseline,420000,502,Z_mode_existing_controller,25.337170103426814,50.09538823674558,4.993948444130183,-0.08191179221384969,0.9039270281791687,False,False,-0.9039270281791687,-0.09039270132780075,-3.0822470550141214,-3.08224705501413,188.55279982611978,188.55279982611975,191.6350468811339,188.58196152036564,-0.029161694245885883,-3.409840628433749,2.953697397277892,0.9039270132780095,-0.03558683022856712,-0.0035586829762905836,-0.2999315442471062,-0.2999315442470965,207.3715354265659,207.3715354265659,207.67146697081301,207.54485885074754,-0.17332342418163194,-0.6072241742754312,0.40481612279545515,0.4939387411658785,10.189001948659705,4.696926495676557,43.526070620218604,26.11709938380087,0.08991784320626195,0.0,-5.187860341844498,0.10399405450897348
baseline,420000,503,Z_mode_existing_controller,25.32820423005292,50.095680954110726,-3.556246714444569,0.058180262715312216,0.9333739876747131,False,False,-0.9333739876747131,-0.09333740174770355,-3.1846211485384983,-3.184621148538507,190.02131073358285,190.02131073358285,193.20593188212135,190.41165914951875,-0.39034841593590386,-3.4119453604962304,2.9515926652154105,0.933374017477038,-0.009525573812425137,-0.0009525573696009815,-0.15025742630452033,-0.15025742630452588,207.87627639083465,207.87627639083462,208.02653381713915,207.9442888416479,-0.06801245081328489,-0.6072241742754312,0.40481612279545515,0.2474496778456164,9.90669363257633,6.0317904920477226,40.67839866860041,26.49893125491376,-0.050216338713731545,0.0,3.565655582669933,0.040807470487976616
baseline,420000,504,Z_mode_existing_controller,25.33480917127538,50.09612697025673,-7.025672658019175,0.11943087127207472,0.9173107147216797,False,False,-0.9173107147216797,-0.09173107147216797,-3.131856014294812,-3.1318560142948035,188.56240124289377,188.56240124289377,191.69425725718858,189.10763596376233,-0.5452347208685637,-3.4141714078255863,2.9493666178860547,0.9173107147216772,-0.014337831176817417,-0.0014337830943986773,-0.17681963825859348,-0.17681963825859348,207.55591118361326,207.55591118361326,207.73273082187185,207.6867334921047,-0.13082230849144594,-0.6072241742754312,0.40481612279545515,0.2911933446483469,7.925682615919533,5.019118724616929,36.00926019057925,23.37268754839678,-0.10733701412351193,0.0,7.054516287047591,0.07849338509485904
baseline,420000,505,Omega_safe_one_step_QP,25.361289351047954,50.09366480148473,-0.9444997056871216,0.016277197296060773,0.9052800536155701,False,False,-0.9052800536155701,-0.09052800387144089,-2.7378255969989733,-2.737825596998976,183.5725304000308,183.57253040003076,186.31035599702975,183.8732209221508,-0.30069052212004976,-3.0242858341237353,4.734503228376265,0.9052800387144098,-0.05907239019870758,-0.005907238926738501,0.6282114885273304,0.6282114885273402,207.0723885630892,207.0723885630892,206.44417707456185,206.4237345766734,0.6486539864157805,-2.3419476694338504,4.30844295556615,0.14580940144878632,8.36159138660098,5.454960631236677,41.40130654912202,25.789139208455346,-0.015832808891786954,0.0,1.3495249064289965,-0.38919239184947685
baseline,420000,506,Omega_safe_one_step_QP,25.381680365138717,50.092325421884965,15.654899675927481,-0.2710623553423023,0.8652070760726929,False,False,-0.8652070760726929,-0.0865207090973854,-2.2933259583378662,-2.2933259583378636,180.2802646578874,180.2802646578874,182.57359061622526,179.87083375409054,0.40943090379684577,-2.650609296043287,5.108179766456714,0.8652070909738526,-0.07399369031190872,-0.007399369031190872,0.5996730808905226,0.5996730808905213,206.15367933234936,206.15367933234936,205.55400625145884,205.48762521758692,0.6660541147624315,-2.2529305871235485,4.397460037876452,0.13636805695228227,9.04144408171194,4.965192426186352,39.28627274805311,23.011136689528097,0.2541114143798744,0.0,-15.509378621449287,-0.39963246885746173
baseline,420000,507,Omega_safe_one_step_QP,25.38459646028353,50.08886233289714,20.71755903256235,-0.36014623342507407,0.8451210856437683,False,False,-0.8451210856437683,-0.08451210707426071,-2.217084793732929,-2.2170847937329152,180.0843439576926,180.08434395769262,182.30142875142553,179.46203962064465,0.6223043370479786,-2.623393109563316,5.135395952936685,0.8451210707426026,-0.016208967193961143,-0.0016208967426791787,0.8573251904587367,0.857325190458727,206.13923250719057,206.13923250719057,205.28190731673183,205.19062968293136,0.9486028242592113,-2.2257206936508496,4.424669931349151,0.19376025867703878,8.899929451738902,2.770464828088177,41.42941807098149,21.995120926498746,0.333457497086723,0.0,-20.481854835093145,-0.5691616945555324
baseline,420000,508,Omega_safe_one_step_QP,25.37407595675481,50.08487719386285,13.242689488539327,-0.22845105738963678,0.9160831570625305,False,False,-0.9160831570625305,-0.09160831570625305,-2.621054001209919,-2.62105400120993,182.05797287005745,182.05797287005745,184.67902687126738,181.73914953251472,0.3188233375427387,-2.861152921547501,4.8976361409525,0.9160831570625348,-0.15490232408046722,-0.015490232966840267,0.2962496232314732,0.2962496232314829,205.84217834292485,205.84217834292488,205.5459287196934,205.43595714956015,0.40622119336472906,-2.252122833947005,4.398267791052995,0.06735597678570576,8.805490697316216,5.274940283075731,39.892002239140496,24.498498858297594,0.2172037198879444,0.0,-13.216160492409472,-0.24373271601884028
baseline,420000,509,Omega_safe_one_step_QP,25.384651075874046,50.08258528436149,21.786646677216595,-0.3755185803126789,0.9015929698944092,False,False,-0.9015929698944092,-0.09015929698944092,-2.4167494746988707,-2.416749474698859,180.45607558933528,180.45607558933528,182.87282506403415,179.78707381626336,0.6690017730719262,-2.6805327408241766,5.078256321675824,0.9015929698944052,-0.07996422797441483,-0.007996423169970512,0.6609136013913441,0.6609136013913414,205.67480715632766,205.67480715632766,205.01389355493632,204.87706760839325,0.7977395479344125,-2.198919317471297,4.451471307528704,0.1484708213829321,9.325279826428162,6.076264487538923,36.510135822192915,19.54018950091306,0.35249231391473046,0.0,-21.660495262371114,-0.47864372876064465
baseline,420000,510,Omega_safe_one_step_QP,25.390871296303793,50.07696743409845,23.655570071439797,-0.39907201366019623,0.950640082359314,False,False,-0.950640082359314,-0.09506400674581528,-2.461372243856852,-2.4613722438568573,179.49786223340294,179.49786223340294,181.9592344772598,178.7968443537133,0.7010178796896298,-2.5891736821467415,5.1696153803532585,0.9506400674581548,0.11771569401025772,0.011771569959819317,1.6432023238833637,1.6432023238833513,206.1246583379459,206.12465833794587,204.48145601406253,204.3300043146603,1.7946540232855739,-2.1456755633839175,4.504715061616082,0.36477386502973325,10.874950723447359,5.938818385605154,38.55238892633994,26.12619937381489,0.37411115368946923,0.0,-22.952888811159028,-1.0767924139713472
baseline,420000,511,Omega_safe_one_step_QP,25.372683820147902,50.075623125526015,16.62136648903379,-0.277164814197831,0.9309727549552917,False,False,-0.9309727549552917,-0.0930972769856453,-2.7682106542362197,-2.768210654236229,183.0338908897349,183.03389088973486,185.8021015439711,182.5947405729265,0.4391503168083659,-2.9734603888178714,4.785328673682129,0.9309727698564562,-0.08730987459421158,-0.008730988018214703,0.6431025797600076,0.6431025797600118,205.85392094774653,205.85392094774653,205.21081836798652,205.05239079024415,0.8015301575023841,-2.2186117987763168,4.431778826223684,0.14511161431492267,10.630264057194358,4.507752693182078,39.9767144325203,26.867663246505714,0.2692898140715201,0.0,-16.409738208604722,-0.4809180945014333
baseline,420000,512,Omega_safe_one_step_QP,25.34907671188057,50.07536921666482,10.487438574098633,-0.1749038486831944,0.897119402885437,False,False,-0.897119402885437,-0.08971194177865982,-3.106564601325781,-3.1065646013257777,187.58915020966313,187.58915020966313,190.6957148109889,187.39907902546065,0.19007118420248048,-3.4628217155196532,4.295967346980348,0.8971194177865974,-0.030298301950097084,-0.003029830288141966,0.767201177520356,0.7672011775203436,206.9946736491271,206.9946736491271,206.22747247160675,206.05317027674653,0.9415033723805664,-2.32027720913834,4.3301134158616605,0.17717807914915232,9.448452984933786,3.579855955056246,40.071054514348305,24.520160266494553,0.16745537581004655,0.0,-10.089991926481161,-0.5649020234283455
baseline,420000,513,Z_mode_existing_controller,25.340971750882634,50.07411901274781,13.319278454141568,-0.2194296804927791,0.9161199331283569,False,False,-0.9161199331283569,-0.09161199629306793,-3.1098495852995547,-3.109849585299563,189.43040280915267,189.43040280915264,192.5402523944522,189.1001786381962,0.3302241709564271,-3.3945877299203335,2.9689502957913074,0.9161199629306818,-0.0033985618501901627,-0.00033985619666054845,-0.11262216578543649,-0.11262216578544759,206.42315438253155,206.42315438253155,206.535776548317,206.33658351580766,0.08657086672388914,-0.6072241742754312,0.40481612279545515,0.18547049105848548,9.780917318261361,3.486318817478286,42.67646425955517,24.006569754082236,0.2219733755109523,0.0,-13.489309309618875,-0.05194252003433064
baseline,420000,514,Z_mode_existing_controller,25.329012200692556,50.07315583060315,5.433913781953379,-0.08658857153010736,0.9139465689659119,False,False,-0.9139465689659119,-0.09139465540647507,-3.104717478532968,-3.1047174785329723,191.57896164881038,191.57896164881038,194.68367912734334,191.58313712080033,-0.004175471989952939,-3.397044898002873,2.9664931277087683,0.9139465540647519,-0.00856779795140028,-0.0008567798067815602,-0.142681100932808,-0.1426811009328205,206.79972925279446,206.79972925279444,206.94241035372727,206.80067796768324,-0.0009487148888069896,-0.6072241742754312,0.40481612279545515,0.23497269538564466,11.207641034604437,4.6611135974298,38.32061060869476,24.586426600978015,0.09562287626479105,0.0,-5.530105887150967,0.0005692289332728251
baseline,420000,515,Z_mode_existing_controller,25.30408439087115,50.07292028604094,-3.7239072141601355,0.059404177795435324,0.9375109076499939,False,False,-0.9375109076499939,-0.09375109523534775,-3.1870174208420794,-3.187017420842072,196.19325580811795,196.19325580811795,199.38027322896002,196.5770674534469,-0.3838116453289331,-3.399445534840485,2.964092490871156,0.9375109523534753,-0.0028532331343740225,-0.0002853233308997005,-0.11159274766870675,-0.11159274766871508,207.8243711888621,207.8243711888621,207.9359639365308,207.84576296048044,-0.021391771618340272,-0.6072241742754312,0.40481612279545515,0.18377520592271027,9.973319585269534,5.313110965315622,43.72590359540405,26.062676083444913,-0.05376597988495391,0.0,3.7648381310746117,0.012835062971007005
baseline,420000,516,Z_mode_existing_controller,25.31004723941063,50.07436958536485,-9.924361080771632,0.15936174142477405,0.9471961855888367,False,False,-0.9471961855888367,-0.09471961855888367,-3.222294636582901,-3.222294636582889,194.73737782880445,194.73737782880445,197.95967246538734,195.3815417023137,-0.6441638735092567,-3.4019294900134347,2.9616085356982067,0.9471961855888329,-0.006907189264893532,-0.0006907189381308854,-0.1363190524292096,-0.13631905242921932,207.58390633143162,207.5839063314316,207.72022538386082,207.66926622702988,-0.0853598955982875,-0.6072241742754312,0.40481612279545515,0.22449543052511325,9.845275932409951,5.326138645965312,39.69529219682731,23.600445206731326,-0.15394401980861616,0.0,10.027089163221717,0.05121593735897534
baseline,420000,517,Z_mode_existing_controller,25.31533382690581,50.07377595245039,-13.469870232913308,0.2150209046247679,0.9345863461494446,False,False,-0.9345863461494446,-0.0934586375951767,-3.1817249592821293,-3.181724959282138,193.51405827603332,193.5140582760333,196.69578323531545,194.30159734183434,-0.7875390658010417,-3.4044204379096743,2.959117587801967,0.9345863759517694,-0.008138942532241344,-0.0008138942648656666,-0.14225790571388286,-0.14225790571389396,207.2782437388732,207.27824373887316,207.42050164458706,207.40225982329397,-0.12401608442081624,-0.6072241742754312,0.40481612279545515,0.234275761309475,10.462566142019078,5.987589559731869,41.22189305437151,25.210881662225614,-0.210737892940962,0.0,13.606198475200472,0.07440965065248406
baseline,420000,518,Z_mode_existing_controller,25.316569768523035,50.07424949932735,-17.299882519914718,0.27451319890927234,0.933294415473938,False,False,-0.933294415473938,-0.09332944452762604,-3.1795457158891134,-3.1795457158891245,193.04874036838535,193.04874036838532,196.22828608427446,193.99113272635657,-0.9423923579712437,-3.40679807105029,2.9567399546613515,0.9332944452762634,-0.009260589256882668,-0.0009260589140467346,-0.14869722150619713,-0.1486972215061888,207.20313449221175,207.20313449221177,207.35183171371796,207.36224923612363,-0.1591147439118572,-0.6072241742754312,0.40481612279545515,0.24488027289694356,10.88776135665945,3.6030949078553425,39.99400826502442,22.9827696513468,-0.27230333914749494,0.0,17.4767170127152,0.09546884634711716
baseline,420000,519,Z_mode_existing_controller,25.289093533201157,50.073339383098805,-22.662217715756015,0.33697234572022644,0.9465304017066956,False,False,-0.9465304017066956,-0.09465304017066956,-3.226840915968049,-3.2268409159680393,198.2150924650118,198.2150924650118,201.44193338097983,199.3369479161976,-1.1218554511858088,-3.409125486249264,2.954412539462377,0.9465304017066926,-0.02537304349243641,-0.002537304302677512,-0.24441574026570212,-0.244415740265716,208.17242192846413,208.17242192846413,208.41683766872984,208.4521689782664,-0.2797470498022676,-0.6072241742754312,0.40481612279545515,0.4025131913718101,13.671609987931387,1.9757733519620158,43.82837557227162,25.83195160627306,-0.3563506113907593,0.0,22.850720097266276,0.16784822988135772
baseline,420000,520,Omega_safe_one_step_QP,25.20337553166532,50.076160982565824,-94.92881652017513,1.4006502262386429,0.9882335066795349,False,False,-0.9882335066795349,-0.09882335364818573,-6.129336874792582,-6.129336874792582,211.96132280212706,211.96132280212706,218.09065967691964,216.113892424341,-4.152569622213946,-6.202316202112726,1.5564728603872742,0.9882335364818573,-0.5573622584342957,-0.055736225098371506,-2.062194822395306,-2.0621948223952984,210.07654031681304,210.07654031681304,212.13873513920834,212.1999729723515,-2.1234326555384655,-2.911403475898499,3.7389871491015017,0.7083163977328415,10.303354884225067,5.609075468414919,40.87062137970095,21.685679319437604,-1.5144555943139864,0.0,95.16921252116663,1.2740595933230736
baseline,420000,521,Omega_safe_one_step_QP,25.218872082161536,50.07735742183525,-65.8933588166019,0.9472484152006434,0.9704030156135559,False,False,-0.9704030156135559,-0.09704030305147171,-5.7459546450998324,-5.7459546450998324,209.5335865061883,209.5335865061883,215.27954115128813,212.43120118869922,-2.8976146825109197,-5.921204349549576,1.8375847129504248,0.970403030514717,-0.07011640071868896,-0.007011640351265669,0.143690892986649,0.14369089298664414,211.73612014211162,211.73612014211162,211.59242924912496,211.50863765832403,0.22748248378758262,-2.856772886890162,3.7936177381098384,0.03787700894140109,12.724332748808655,5.135133229456533,35.03224347483661,27.426362505307516,-1.063774713982916,0.0,67.0936230208581,-0.13648949027255242
baseline,420000,522,Omega_safe_one_step_QP,25.18898060808848,50.081787079739335,-61.44109219805614,0.9435445244235348,0.9805352687835693,False,False,-0.9805352687835693,-0.09805352985858917,-6.4034259012644865,-6.4034259012644785,214.9694810600305,214.9694810600305,221.37290696129497,217.877763540163,-2.908282480132499,-6.530540930550259,1.2282481319497411,0.9805352985858906,-0.3877008855342865,-0.03877009078860283,-1.4107670711700764,-1.4107670711700853,211.7233045061294,211.7233045061294,213.1340715772995,212.94655777592334,-1.2232532697939291,-3.0109371197076147,3.6394535052923858,0.4685475036778854,7.561543279874049,6.095747719110162,41.367413519639946,23.924755288627424,-0.9808199095757733,0.0,61.687960145754914,0.7339519618763575
baseline,420000,523,Omega_safe_one_step_QP,25.250201671348314,50.083852680838916,-14.7314501426672,0.22791120544125246,0.9449094533920288,False,False,-0.9449094533920288,-0.09449094533920288,-5.051469365951444,-5.051469365951455,204.47585290920225,204.47585290920225,209.5273222751537,205.35899483304655,-0.8831419238443061,-5.345982461936132,2.412806600563868,0.944909453392031,-0.09636816382408142,-0.009636816568672657,0.09888456613149216,0.09888456613150257,210.80736578426016,210.80736578426018,210.70848121812867,210.40697631867218,0.40038946558800603,-2.7683780837905334,3.8820125412094675,0.025472500431617463,9.816179929027232,4.051495988730294,44.754801897157364,21.33418495972631,-0.23611866118360503,0.0,15.207802483204432,-0.24023367935279794
baseline,420000,524,Omega_safe_one_step_QP,25.255404967209504,50.083729024455536,-6.370848469581688,0.09681802995282913,0.9496078491210938,False,False,-0.9496078491210938,-0.0949607864022255,-5.00236791845054,-5.002367918450543,203.74337839107565,203.74337839107565,208.7457463095262,204.25148087950265,-0.5081024884269993,-5.267824865373382,2.490964197126619,0.9496078640222555,-0.2678947150707245,-0.02678947150707245,-0.641108289356699,-0.6411082893567032,209.87918971641298,209.87918971641298,210.5202980057697,210.16392311384905,-0.28473339743607085,-2.7495597625546333,3.9008308624453676,0.23316761398961025,11.150916943575199,3.8804437333289226,42.82888955089411,20.784206791476613,-0.09263837039420864,0.0,6.29264680151482,0.1708400384616482
baseline,420000,525,Omega_safe_one_step_QP,25.236332521172194,50.08347900248275,-12.102235113070492,0.18880463308025,0.9683417677879333,False,False,-0.9683417677879333,-0.09683417528867722,-5.488460479412413,-5.48846047941242,207.25799853532672,207.25799853532672,212.74645901473914,208.00885438816812,-0.7508558528413971,-5.667896135894677,2.090892926605324,0.9683417528867733,-0.3896319270133972,-0.0389631949365139,-1.2500573965702984,-1.2500573965702997,210.09639065678587,210.09639065678587,211.34644805335617,210.94800242099276,-0.8516117642068934,-2.832174767313282,3.8182158576867185,0.44137720983799167,8.726264813043038,4.7403047510746,40.555925462553276,20.73445429218497,-0.18196435450627835,0.0,11.77323240905207,0.5109670585241304
baseline,420000,526,Omega_safe_one_step_QP,25.26473209340713,50.082806162867506,10.32007327250085,-0.15521477156674804,0.9538315534591675,False,False,-0.9538315534591675,-0.0953831598162651,-4.895194022419565,-4.8951940224195605,202.49366929004734,202.49366929004734,207.3888633124669,202.3440823582468,0.14958693180054183,-5.132136565667452,2.6266524968325484,0.9538315981626503,-0.08490443229675293,-0.008490443229675293,0.20797972313759544,0.2079797231375885,210.3576451453333,210.3576451453333,210.1496654221957,209.6964253196932,0.661219825640103,-2.7124965041972358,3.937894120802765,0.052814960676289206,12.236837040151196,6.621490815779623,35.4263843666856,25.745891617050955,0.17007653194515626,0.0,-10.093417909061827,-0.3967318953840646
baseline,420000,527,Omega_safe_one_step_QP,25.251476703125928,50.08497451061595,4.532179069027734,-0.0719133224480973,0.9603688716888428,False,False,-0.9603688716888428,-0.0960368886590004,-5.199190503669055,-5.199190503669065,205.00573888556792,205.00573888556792,210.20492938923698,205.05216313367262,-0.04642424810469947,-5.413743173344461,2.3450458891555392,0.960368886590006,-0.3078434467315674,-0.03078434430062771,-0.844863607979951,-0.8448636079799496,210.01731672790226,210.01731672790226,210.86218033588221,210.39084582149948,-0.3735290935972273,-2.7837479955658857,3.8666426294341147,0.3034985958950656,8.390235611111843,6.746919530705095,44.01035381643694,28.995063344366404,0.08333287351979826,0.0,-4.839629398706165,0.22411745615833922
baseline,420000,528,Z_mode_existing_controller,25.298400857892364,50.0890167374724,58.660207864041695,-0.9150683034128763,0.9426532983779907,False,False,-0.9426532983779907,-0.09426533430814743,-3.196125768272816,-3.1961257682728146,197.93459451441927,197.93459451441927,201.1307202826921,195.78694631274865,2.14764820167062,-3.3905632348630768,2.9729747908485646,0.9426533430814735,-0.012566832825541496,-0.0012566832592710853,-0.1690107597683871,-0.1690107597683954,208.97400835723596,208.97400835723596,209.14301911700434,208.63604467847762,0.3379636787583422,-0.6072241742754312,0.40481612279545515,0.2783333848163524,11.532891805433723,7.012159491702896,38.86932851276826,26.430174028922462,0.957859656177277,0.0,-59.41528931296398,-0.20277820725500817
baseline,420000,529,Z_mode_existing_controller,25.29644024275954,50.09098448185621,41.39230041198152,-0.6457904267009484,0.9434810280799866,False,False,-0.9434810280799866,-0.09434810280799866,-3.2014614697869987,-3.2014614697870045,198.04647728422452,198.04647728422452,201.24793875401153,196.5924516752216,1.4540256090029118,-3.3932441400566087,2.9702938856550323,0.9434810280799881,-0.013108523562550545,-0.0013108523562550545,-0.17226748936202269,-0.172267489362031,209.11385418769007,209.11385418769004,209.28612167705208,208.8933015885127,0.22055259917732428,-0.6072241742754312,0.40481612279545515,0.283696691699715,11.311062041443154,4.4112786884975,35.04598285919721,23.687845385323037,0.6781643613657131,0.0,-41.938133213840956,-0.1323315595063974
baseline,420000,530,Omega_safe_one_step_QP,25.27152425241747,50.09093556389005,-9.610161725930993,0.15371083360941828,0.9513184428215027,False,False,-0.9513184428215027,-0.09513184428215027,-4.742401052152154,-4.7424010521521645,201.17592297978752,201.17592297978752,205.91832403193968,201.827069761474,-0.6511467816864922,-4.98508263761473,2.7737064248852703,0.9513184428215047,-0.2301401048898697,-0.023014010861516,-0.4504091852557873,-0.45040918525578594,209.83520560705946,209.83520560705946,210.28561479231524,209.98707499641114,-0.15186938935167404,-2.72609144120919,3.924299183790811,0.16522159838336226,8.62139340204624,4.440074766580507,41.263786703050776,26.335560745731563,-0.14866014615002143,0.0,9.667700238470388,0.09112163361101011
baseline,420000,531,Z_mode_existing_controller,25.294737020202042,50.09267903588045,32.990957966511814,-0.5375406909807162,0.944176197052002,False,False,-0.944176197052002,-0.09441762417554855,-3.2039597492638094,-3.2039597492638183,198.34673717072997,198.34673717072997,201.55069691999378,197.17133558915998,1.1754015815699859,-3.3933916228465555,2.9701464028650855,0.9441762417554883,-0.012761328369379044,-0.001276132883504033,-0.1703041484614795,-0.17030414846146563,209.2690554718831,209.2690554718831,209.43935962034456,209.09049038609322,0.17856508578987018,-0.6072241742754312,0.40481612279545515,0.28046338679562727,8.572663975423499,6.217704372542743,37.22594876580195,23.64920359738682,0.5401247065446979,0.0,-33.42394362158211,-0.10713905147392211
baseline,420000,532,Z_mode_existing_controller,25.327800311107566,50.09209846337041,24.29950398294659,-0.38995671205887433,0.9252979755401611,False,False,-0.9252979755401611,-0.0925297960639,-3.142339838758278,-3.142339838758274,191.6549165556427,191.65491655564273,194.797256394401,190.89083265624308,0.764083899399651,-3.396030222079185,2.9675078036324565,0.9252979606389983,-0.0008302031201310456,-8.302031346829608e-05,-0.09850680832876185,-0.09850680832877434,207.8698358334574,207.86983583345736,207.96834264178614,207.6974566561713,0.17237917728604657,-0.6072241742754312,0.40481612279545515,0.1622247804055518,10.940654899015094,4.157687279948826,35.13662379539087,23.386484638306204,0.40051801400192133,0.0,-24.596594490576535,-0.10342750637163078
baseline,420000,533,Z_mode_existing_controller,25.30120708970302,50.090774117476464,12.598455566165285,-0.19849260872643384,0.938063383102417,False,False,-0.938063383102417,-0.09380634129047394,-3.1880267115915544,-3.1880267115915615,196.6388071674224,196.6388071674224,199.82683387901398,196.35277107675364,0.2860360906687731,-3.3985194046954064,2.965018621016235,0.9380634129047409,-0.006486636120826006,-0.0006486636120826006,-0.13293138082582645,-0.13293138082582784,208.8378964230689,208.8378964230689,208.97082780389474,208.77298189769505,0.06491452537386522,-0.6072241742754312,0.40481612279545515,0.21891648333080266,10.77580358079133,4.927480549860397,38.045804700046254,25.387883585417285,0.21130419228131458,0.0,-12.770811043222238,-0.03894871522430776
baseline,420000,534,Omega_safe_one_step_QP,25.289602751762104,50.091633126717475,-22.58748788766752,0.3579075526492282,0.9452082514762878,False,False,-0.9452082514762878,-0.09452082961797714,-4.329640678726035,-4.329640678726037,197.5440638864328,197.5440638864328,201.87370456515885,198.74939518031314,-1.2053312938803344,-4.580620690936646,3.1781683715633537,0.9452082961797719,-0.01157344039529562,-0.0011573440860956907,0.5928300732309301,0.5928300732309412,210.0546681467502,210.0546681467502,209.46183807351926,209.32364225171804,0.7310258950321611,-2.643713769329591,4.00667685567041,0.14796054051425292,9.873367081680895,5.2851153931552,37.94115817021518,24.81309589450218,-0.367389296213279,0.0,23.393492720899303,-0.43861553701930234
baseline,420000,535,Z_mode_existing_controller,25.295733248926204,50.0920058917447,12.023558877653159,-0.19733459627850478,0.9451135396957397,False,False,-0.9451135396957397,-0.09451135247945786,-3.2119139154302285,-3.2119139154302396,197.68707348460885,197.68707348460882,200.89898740003906,197.40225662121927,0.28481686338955114,-3.39844244227522,2.965095583436421,0.9451135247945815,-0.009954637847840786,-0.000995463808067143,-0.1539587640088741,-0.15395876400888658,209.10716558363353,209.10716558363353,209.2611243476424,209.0616448872908,0.04552069634272016,-0.6072241742754312,0.40481612279545515,0.25354518237452833,8.0945429600314,5.870444248665431,38.37268704992071,23.887277774782046,0.20036525570009345,0.0,-12.196611715547078,-0.027312417805632094
baseline,420000,536,Z_mode_existing_controller,25.333253537089405,50.09141379279617,6.236861782596861,-0.10723206668900172,0.9234157800674438,False,False,-0.9234157800674438,-0.0923415794968605,-3.1405327615406957,-3.1405327615406953,190.1343861378916,190.1343861378916,193.2749188994323,190.09540225928,0.03898387861158881,-3.400995281489063,2.9625427442225782,0.9234157949686043,0.0009105612989515066,9.105612843995914e-05,-0.08811976688107848,-0.08811976688109097,207.51512981070817,207.51512981070817,207.60324957758925,207.45658785067127,0.05854196003690504,-0.6072241742754312,0.40481612279545515,0.1451190031856681,7.052896661691001,6.693946960162388,39.884173184692465,26.197561881985617,0.10551002537961285,0.0,-6.307246631954513,-0.03512517602214871
baseline,420000,537,Omega_safe_one_step_QP,25.385602315658062,50.09088997147862,22.98123002252578,-0.38806039034265344,0.8348345160484314,False,False,-0.8348345160484314,-0.08348345011472702,-2.2268616981757945,-2.2268616981757887,180.51492523429997,180.51492523429997,182.74178693247575,179.8159789240292,0.6989463102707703,-2.6674289276683374,5.091360134831663,0.8348345011472681,-0.006962061859667301,-0.0006962061743251979,0.883206117213374,0.8832061172133754,206.21070659403162,206.21070659403162,205.32750047681824,205.22283978557329,0.9878668084583353,-2.2302800096594897,4.420110615340511,0.19981538791090547,10.562444213106057,3.7762137497588295,39.88741345875317,26.243288533391596,0.37077942886358883,0.0,-22.75928936631408,-0.5927200850750012
baseline,420000,538,Omega_safe_one_step_QP,25.354465800007098,50.0898045106415,4.064113330474356,-0.0658165278094655,0.9226318001747131,False,False,-0.9226318001747131,-0.09226318448781967,-3.050924103876324,-3.050924103876324,186.0841954946542,186.0841954946542,189.13511959853054,186.15739742984738,-0.07320193519316831,-3.3067621942738157,4.452026868226184,0.9226318448781966,-0.15238222479820251,-0.015238222666084766,0.2156752610196988,0.21567526101970297,206.8321793393394,206.8321793393394,206.6165040783197,206.50207167881396,0.33010766052544227,-2.359180369809635,4.291210255190365,0.050259774794030744,11.54802135234985,2.8049644848195303,42.04387126418721,25.94915353045211,0.07048340940488629,0.0,-3.936532143563454,-0.19806459631526252
baseline,420000,539,Z_mode_existing_controller,25.30323211217468,50.08987592320816,4.624614089458191,-0.07315397488576822,0.9357869625091553,False,False,-0.9357869625091553,-0.09357869625091553,-3.179961394259738,-3.1799613942597325,196.29193516107762,196.29193516107765,199.47189655533737,196.32902065846505,-0.03708549738740885,-3.3981680891697903,2.9653699365418507,0.9357869625091535,-0.016110999509692192,-0.0016110999276861548,-0.18907587412431148,-0.18907587412432536,208.6253826138929,208.6253826138929,208.8144584880172,208.6718905033906,-0.046507889497718224,-0.6072241742754312,0.40481612279545515,0.31137738274326726,10.547633766992542,5.325036414257251,42.355959905144225,24.749561662598833,0.08257172427342141,0.0,-4.735090547430445,0.027904733698619566
baseline,420000,540,Z_mode_existing_controller,25.30012480385535,50.090584515363034,-2.957003900717609,0.048462995064968324,0.943549394607544,False,False,-0.943549394607544,-0.09435494244098663,-3.2087073457014412,-3.208707345701428,196.63703338251574,196.63703338251574,199.84574072821718,196.99431455890053,-0.35728117638478807,-3.400677550842974,2.962860474868667,0.9435494244098622,-0.009038960561156273,-0.0009038960561156273,-0.14843687331299038,-0.14843687331300287,208.7909538467525,208.79095384675247,208.9393907200655,208.84699867307148,-0.056044826319009644,-0.6072241742754312,0.40481612279545515,0.24445152153259514,8.262809455270917,4.834711592591915,35.863218054894574,27.869674436030394,-0.042018902613091935,0.0,2.96539590753855,0.03362689579141431
baseline,420000,541,Z_mode_existing_controller,25.32640269038816,50.092117765661285,-8.35367401071926,0.13431675010135083,0.944398045539856,False,False,-0.944398045539856,-0.0944398045539856,-3.213959669354141,-3.2139596693541375,191.20333117580412,191.20333117580415,194.41729084515828,191.78010479775418,-0.576773621950025,-3.4031833129397393,2.9603547127719017,0.9443980455398547,-0.0042871274054050446,-0.00042871275218203664,-0.12068881021040645,-0.12068881021040645,207.75184051743912,207.75184051743912,207.87252932764952,207.81670326936805,-0.06486275192892776,-0.6072241742754312,0.40481612279545515,0.1987549496928677,10.609235809012919,5.115911385383885,32.43891167863441,25.199533595021812,-0.1280440803444094,0.0,8.442800439906023,0.03891765115736234
baseline,420000,542,Z_mode_existing_controller,25.312246509795667,50.09151493272036,-13.547789016270144,0.2109825608388987,0.9433307647705078,False,False,-0.9433307647705078,-0.09433307498693466,-3.212652644290549,-3.2126526442905403,193.7761518905811,193.77615189058113,196.98880453487166,194.55621547204763,-0.7800635814664929,-3.405648172431048,2.957889853280593,0.9433307498693437,-0.006961490027606487,-0.0006961490144021809,-0.13624592246149342,-0.13624592246147815,208.2551912811519,208.2551912811519,208.39143720361338,208.37222561371948,-0.11703433256758444,-0.6072241742754312,0.40481612279545515,0.2243749972965969,11.933724712607392,4.476775880530974,44.19622127575617,23.41257136511162,-0.2110180925275671,0.0,13.68858650925722,0.07022059954054782
baseline,420000,543,Omega_safe_one_step_QP,25.27849832927506,50.091600672536984,-47.658210952196896,0.7590662338808557,0.9528419971466064,False,False,-0.9528419971466064,-0.09528420120477676,-4.511867881811597,-4.511867881811584,198.90731898125102,198.90731898125105,203.41918686306263,201.16289825291148,-2.255579271660423,-4.735168920727026,3.023620141772975,0.9528420120477652,-0.2667904198169708,-0.026679042726755142,-0.5632347034464316,-0.5632347034464247,209.21070733846508,209.21070733846508,209.7739420419115,209.78736692861236,-0.5766595901472726,-2.6749241661688163,3.9754664588311837,0.2105609985396792,9.018988227404177,5.510730674770038,39.48389092355217,22.79733510189748,-0.7625440314202443,0.0,48.074759229528354,0.3459957540883636
baseline,420000,544,Z_mode_existing_controller,25.301031241714018,50.09088016287945,-3.8534017394440525,0.06392094932944622,0.9454169273376465,False,False,-0.9454169273376465,-0.09454169124364853,-3.2194637293077415,-3.219463729307745,196.01677323616235,196.01677323616235,199.23623696547008,196.41928378210557,-0.40251054594321545,-3.4053375679632034,2.9582004577484375,0.9454169124364863,-0.011683289892971516,-0.0011683290358632803,-0.16411507968117356,-0.16411507968118189,208.66059600582562,208.66059600582562,208.8247110855068,208.74418445903152,-0.08358845320589126,-0.6072241742754312,0.40481612279545515,0.2702709915609203,7.71076449942529,5.38288202778049,49.082639004841056,29.120216252899013,-0.056555639137911395,0.0,3.8598043066576793,0.05015307192353191
baseline,420000,545,Omega_safe_one_step_QP,25.342962474214893,50.09370176644688,-6.296168558748832,0.10321179440037609,0.9074109792709351,False,False,-0.9074109792709351,-0.0907410979270935,-3.1438193999308717,-3.143819399930884,187.5697148561327,187.56971485613266,190.71353425606355,188.08960722582043,-0.5198923696877671,-3.4646036600271173,4.294185402472883,0.9074109792709385,-0.015212584286928177,-0.0015212584985420108,0.7588298604348787,0.7588298604348662,207.92961732454577,207.92961732454577,207.1707874641109,207.12285282699744,0.806764497548329,-2.414608708388756,4.235781916611245,0.17914752821881663,10.325011005319897,4.410304154203446,35.82793823398938,25.59047307057231,-0.1031370614170335,0.0,6.8833643186944755,-0.4840586985289974
baseline,420000,546,Z_mode_existing_controller,25.32553950931774,50.09294268881356,-1.9990502125874627,0.03251369981381088,0.9415311217308044,False,False,-0.9415311217308044,-0.09415311366319656,-3.2059620716587705,-3.2059620716587593,191.2012604325829,191.20126043258293,194.40722250424167,191.52017251393318,-0.3189120813502484,-3.4050515664591843,2.958486459252457,0.9415311366319623,-0.01044104341417551,-0.001044104341417551,-0.15644533984160713,-0.15644533984159603,207.74524965287966,207.7452496528797,207.90169499272127,207.81009374030046,-0.06484408742076653,-0.6072241742754312,0.40481612279545515,0.2576401705816045,9.994197393911367,5.573804404313812,40.59406222881686,25.72074927981951,-0.02505696333667018,0.0,1.98520072347128,0.03890645245245139
baseline,420000,547,Z_mode_existing_controller,25.3279908542694,50.09313627055866,-7.671691731006831,0.12479827451824306,0.9416035413742065,False,False,-0.9416035413742065,-0.09416035562753677,-3.2084848496782725,-3.2084848496782823,190.49128136523743,190.49128136523743,193.6997662149157,191.04787056535173,-0.5565892001143027,-3.4074689165043526,2.9560691092072884,0.9416035562753706,-0.005673340056091547,-0.0005673340056091547,-0.12852576134801397,-0.12852576134800148,207.63732008622137,207.63732008622137,207.76584584756938,207.7151503685343,-0.07783028231293088,-0.6072241742754312,0.40481612279545515,0.2116611406345351,10.097693445602378,4.853098754929263,43.88493357601376,21.135721076359015,-0.11700995485941945,0.0,7.742003516479599,0.04669816938776705
baseline,420000,548,Z_mode_existing_controller,25.323523442033785,50.09075316360249,-11.575273542167452,0.18273895228541934,0.9283361434936523,False,False,-0.9283361434936523,-0.09283361583948135,-3.1654803578705524,-3.1654803578705413,191.22508579137175,191.22508579137178,194.39056614924232,191.9321131171791,-0.7070273258073314,-3.4098427915853096,2.953695234126332,0.9283361583948101,-0.007638898212462664,-0.0007638898096047342,-0.13869633862907543,-0.13869633862908098,207.6417016401618,207.6417016401618,207.7803979787909,207.76394635648094,-0.12224471631913048,-0.6072241742754312,0.40481612279545515,0.22841043638386113,11.702600985561547,5.037864057713489,34.628341621904134,25.294866216676894,-0.17888774329890822,0.0,11.680814455675318,0.07334682979147544
baseline,420000,549,Z_mode_existing_controller,25.292425784281388,50.090643959072125,-16.78301390111119,0.2698718522692234,0.9464977383613586,False,False,-0.9464977383613586,-0.0946497768163681,-3.229546736759407,-3.229546736759404,197.08544471460502,197.08544471460502,200.31499145136442,198.0343026154802,-0.9488579008751685,-3.412101798216719,2.9514362274949217,0.94649776816368,-0.012995980679988861,-0.0012995981378480792,-0.17191357774797855,-0.17191357774799243,208.87118552744008,208.87118552744005,209.04309910518805,209.05936304637174,-0.18817751893169543,-0.6072241742754312,0.40481612279545515,0.2831138565145696,9.144205750321165,3.766208298888253,34.909604412927,21.617639896876142,-0.2645617681648602,0.0,16.934669157916687,0.11290651135901442
baseline,420000,550,Z_mode_existing_controller,25.296719347646192,50.08865797509449,-20.992403190868572,0.318203637110963,0.9496712684631348,False,False,-0.9496712684631348,-0.09496712684631348,-3.2425745476213894,-3.2425745476213867,196.03674091935804,196.03674091935804,199.27931546697943,197.1128750091198,-1.0761340897617515,-3.4144178678469332,2.9491201578647077,0.9496712684631341,-0.0008994934614747763,-8.994934614747763e-05,-0.10137935452906172,-0.10137935452907143,208.61011285719314,208.61011285719314,208.7114922117222,208.7486372989169,-0.1385244417237459,-0.6072241742754312,0.40481612279545515,0.16695539937954892,12.995087533876678,4.921224167010252,37.225740224632645,23.401024789714505,-0.33074708800869956,0.0,21.240035613843247,0.0831146650342447
baseline,420000,551,Omega_safe_one_step_QP,25.24960461405439,50.08875537337381,-67.43989075061108,1.024034237949463,0.9658673405647278,False,False,-0.9658673405647278,-0.09658673405647278,-5.050365991273312,-5.050365991273316,203.30553379974853,203.30553379974853,208.35589979102184,206.31942471900123,-3.0138909192527024,-5.228840213522948,2.5299488489770536,0.9658673405647284,-0.37639087438583374,-0.03763908892869949,-1.1262258942521344,-1.1262258942521357,209.53331667593935,209.53331667593935,210.6595425701915,210.72255232763217,-1.189235651692826,-2.7634842189968136,3.886906406003187,0.40753838451842966,10.724608442141802,4.563380342801782,36.09605932131869,27.65779615630878,-1.076501169013472,0.0,67.80285052860927,0.7135413910156956
baseline,420000,552,Omega_safe_one_step_QP,25.240391877760985,50.091880926169644,-55.93400760800432,0.823011673267869,0.9603338837623596,False,False,-0.9603338837623596,-0.09603338688611984,-5.217868095385033,-5.217868095385033,205.18352597470945,205.18352597470945,210.40139407009448,207.67781424645065,-2.4942882717411976,-5.433389641430211,2.3253994210697893,0.9603338688611982,-0.26057180762290955,-0.026057181879878044,-0.6736199331337754,-0.6736199331337851,210.58759394493376,210.58759394493376,211.26121387806754,211.21035717230234,-0.6227632273685799,-2.823651349784419,3.8267392752155813,0.23856342362707592,12.372453983662428,4.30677427552266,40.9430582546191,27.05070038022362,-0.8937686802887299,0.0,56.45411835187133,0.37365793642115364
baseline,420000,553,Omega_safe_one_step_QP,25.206353970352144,50.09582935213966,-58.421710773597624,0.8840095977131195,0.9796096086502075,False,False,-0.9796096086502075,-0.09796096384525299,-6.000928111252199,-6.000928111252183,211.32493079067643,211.32493079067643,217.32585890192863,214.01540695083642,-2.6904761601599887,-6.125836124613624,1.6329529378863765,0.9796096384525272,-0.5364772081375122,-0.0536477230489254,-2.0528811831253444,-2.052881183125341,210.8995817444764,210.8995817444764,212.95246292760174,212.8055289954817,-1.9059472510053013,-2.9927762547378385,3.657614370262162,0.6859454260489545,9.254461602520491,5.752860979625233,42.7522568470734,24.309197149377123,-0.923784650993885,0.0,58.20192707398837,1.1435683506031893
baseline,420000,554,Omega_safe_one_step_QP,25.238414245295434,50.09823856250771,-24.91863106245819,0.37914468935422807,0.9492502808570862,False,False,-0.9492502808570862,-0.09492503106594086,-5.236566115609338,-5.236566115609347,205.9962136244385,205.9962136244385,211.23277974004785,207.28753085150265,-1.2913172270641553,-5.516528208425546,2.2422608540744537,0.9492503106594098,-0.20229564607143402,-0.020229564979672432,-0.4695817461265725,-0.4695817461265711,211.3054668855884,211.3054668855884,211.77504863171498,211.52007636204428,-0.2146094764558768,-2.875034825149162,3.7753557998508382,0.16333080281982612,10.394076101090405,4.040596503085331,40.90656038886962,25.686111314886258,-0.39507054695400257,0.0,25.184935923539342,0.12876568587351755
baseline,420000,555,Omega_safe_one_step_QP,25.23401485451536,50.10084475744554,-20.04089687162559,0.2893597200155546,0.9551060199737549,False,False,-0.9551060199737549,-0.09551060199737549,-5.37269513604833,-5.3726951360483195,206.94714543970562,206.94714543970562,212.31984057575394,207.98251439689554,-1.0353689571899167,-5.625234291996156,2.133554770503844,0.9551060199737528,-0.33187663555145264,-0.03318766504526138,-1.0765710926592897,-1.0765710926592773,211.06614186249607,211.0661418624961,212.14271295515536,211.82170075559105,-0.7555588930949568,-2.9118012574932024,3.7385893675067976,0.3697268451577316,13.492192815931286,4.3288060775939154,37.15638448902498,26.027439230664296,-0.3082246399187625,0.0,19.895786175688045,0.45333533585697694
baseline,420000,556,Omega_safe_one_step_QP,25.18208739983478,50.10442321277883,-42.83415146552761,0.5970337488661935,0.9842197895050049,False,False,-0.9842197895050049,-0.09842198342084885,-6.564010186504754,-6.564010186504751,216.19600837122152,216.19600837122152,222.76001855772628,218.11232354252851,-1.9163151713069908,-6.669252090193389,1.0895369723066106,0.9842198342084882,-0.5596519112586975,-0.05596519261598587,-2.3127206288409217,-2.312720628840935,212.25142264951387,212.25142264951387,214.5641432783548,214.1913956956347,-1.9399730461208264,-3.153944289813145,3.496446335186855,0.733278845891711,13.424501725135832,4.489533618512279,44.02561125511931,30.186458024598952,-0.6669229938241372,0.0,42.33709063167953,1.1639838276724959
baseline,420000,557,Omega_safe_one_step_QP,25.144655406200435,50.11272222843575,-42.3891318390306,0.6301450410290315,0.9687055349349976,False,False,-0.9687055349349976,-0.096870556473732,-7.1892139290888775,-7.189213929088867,223.0929284112145,223.0929284112145,230.28214234030338,225.1723298083958,-2.0794013971813,-7.421464468451099,0.3373245940489012,0.9687055647373187,-0.3373372256755829,-0.03373372182250023,-1.5302243318777837,-1.5302243318777826,215.10369097479307,215.10369097479307,216.63391530667084,216.18368182958164,-1.0799908547885764,-3.36092149264475,3.2894691323552503,0.4552990408215785,7.961231830960407,3.567608115261333,34.59141791316616,26.974652017623676,-0.6720861786525916,0.0,42.41322350481005,0.6479945128731401
baseline,420000,558,Omega_safe_one_step_QP,25.18763950623422,50.11749805937502,-6.331845981676452,0.09162425972487391,0.9296405911445618,False,False,-0.9296405911445618,-0.0929640606045723,-6.128225307622234,-6.128225307622223,215.85964273397948,215.8596427339795,221.98786804160173,216.3476483590772,-0.48800562509768497,-6.592037038580936,1.1667520239190643,0.9296406060457213,-0.48153042793273926,-0.048153042793273926,-2.0276754418640337,-2.0276754418640444,213.09546935089554,213.09546935089554,215.12314479275958,214.58202307827497,-1.4865537273794303,-3.209844441253624,3.440546183746376,0.631705205337653,11.462868506659806,5.441275713922524,38.87165355348772,26.279001068338292,-0.07965637912822388,0.0,5.519570124376514,0.8919322364276638
baseline,420000,559,Omega_safe_one_step_QP,25.186822006134218,50.12218180538049,-6.024595393739219,0.09255254716009878,0.9595221877098083,False,False,-0.9595221877098083,-0.09595222026109695,-6.3575448555812315,-6.3575448555812235,215.96735506022793,215.96735506022793,222.32489991580917,216.45435278063908,-0.4869977204111535,-6.625740226001678,1.1330488364983227,0.9595222026109681,-0.5019333362579346,-0.050193335860967636,-2.1461228087370823,-2.1461228087370836,213.30464263787073,213.30464263787073,215.45076544660782,214.86788458310252,-1.5632419452317947,-3.2426065066384466,3.407784118361554,0.661851138688404,7.854262238531184,5.934770794858974,41.58481872645159,24.698704331194403,-0.07665481527052975,0.0,5.163305041870444,0.937945167139091
baseline,420000,560,Omega_safe_one_step_QP,25.24355273858673,50.12489797472163,25.61447892378419,-0.4019465866032752,0.958670437335968,False,False,-0.958670437335968,-0.09586704522371292,-5.298383449855503,-5.298383449855495,206.03715169985702,206.03715169985702,211.3355351497125,205.192896534963,0.8442551648940082,-5.5268037493920135,2.2319853131079865,0.9586704522371279,-0.3289053738117218,-0.03289053961634636,-1.1677195544009267,-1.1677195544009287,212.07855626793102,212.07855626793102,213.24627582233194,212.6122878825045,-0.533731614573469,-3.02215754421086,3.62823308078914,0.3863860627113142,9.013432756781262,3.167829691524485,39.89864024155909,23.444406157755875,0.42814825071649665,0.0,-26.3628661432449,0.32023896874409274
baseline,420000,561,Omega_safe_one_step_QP,25.25436820191299,50.12560806446183,32.24729575684796,-0.496119443913238,0.954326868057251,False,False,-0.954326868057251,-0.09543269127607346,-5.09127372155036,-5.091273721550374,204.3255914672399,204.32559146723986,209.41686518879024,203.23795765278805,1.0876338144518058,-5.334936753299786,2.423852309200215,0.954326912760737,-0.2863737940788269,-0.02863737940788269,-0.9439833756236117,-0.9439833756235992,211.91998540266573,211.91998540266576,212.86396877828935,212.21877629081212,-0.2987908881463568,-2.9839268398066014,3.666463785193399,0.3163560724849347,10.645738595690013,6.266857181610951,34.703832000323345,22.880490843735565,0.534743443216442,0.0,-32.96131373295157,0.17927453288781692
baseline,420000,562,Omega_safe_one_step_QP,25.261622474858346,50.125785400388175,33.301473261720275,-0.5302624606493184,0.9548274874687195,False,False,-0.9548274874687195,-0.09548275172710419,-4.977951812583095,-4.977951812583098,203.22411174690674,203.22411174690674,208.20206355948983,202.0591448643392,1.1649668825675406,-5.213456590369747,2.545332472130254,0.9548275172710421,-0.1848035603761673,-0.01848035678267479,-0.4684325928035235,-0.468432592803527,212.1330927437871,212.13309274378707,212.6015253365906,211.95827381558829,0.17481892819878908,-2.957682495636725,3.692708129363275,0.15837825510161244,8.846627087184938,4.75931795725983,39.05446765540795,21.443025988003217,0.5458318052950384,0.0,-33.74241371009521,-0.10489135691926776
baseline,420000,563,Omega_safe_one_step_QP,25.28441676993548,50.12473286529131,45.61774012794467,-0.6944945635166496,0.9531233310699463,False,False,-0.9531233310699463,-0.09531233459711075,-4.5622541041783675,-4.562254104178372,199.3715991860994,199.3715991860994,203.93385329027777,197.81187737829026,1.559721807809126,-4.786635563448538,2.9721534990514624,0.9531233459711084,-0.007430640049278736,-0.0007430640398524702,0.4112387449976024,0.41123874499761487,212.02760155747296,212.02760155747296,211.61636281247536,210.97226669173233,1.0553348657406332,-2.8591662432251996,3.791224381774801,0.10847122290480207,12.574860091948025,5.0427685573215735,37.6755444202071,29.0588402382632,0.7399133643685545,0.0,-45.72445257286836,-0.6332009194443771
baseline,420000,564,Omega_safe_one_step_QP,25.248086038079514,50.12858439749508,22.441137059346147,-0.3413128572064403,0.9555641412734985,False,False,-0.9555641412734985,-0.09555641561746597,-5.273944077335255,-5.273944077335267,205.98549483385176,205.98549483385173,211.259438911187,205.2925405639733,0.6929542698784417,-5.519194125539462,2.2395949369605384,0.955564156174662,-0.3224865198135376,-0.03224865347146988,-1.153896054287033,-1.1538960542870371,212.23568567558198,212.23568567558198,213.389581729869,212.76987363936806,-0.5341879637860814,-3.0364881349645665,3.613902490035434,0.38001006524614733,10.89067789331361,5.780182716290039,40.0505934922462,27.67816839132775,0.3775738719860904,0.0,-23.139223709603357,0.3205127782716488
baseline,420000,565,Omega_safe_one_step_QP,25.250976712193356,50.1324121779289,21.85180467036207,-0.3437465740905182,0.9644856452941895,False,False,-0.9644856452941895,-0.09644856303930283,-5.283607287266623,-5.283607287266627,205.56549748395318,205.56549748395318,210.8491047712198,204.86452350799215,0.7009739759610341,-5.478160711542744,2.2806283509572576,0.9644856303930289,-0.32238125801086426,-0.032238125801086426,-1.1624012392041316,-1.1624012392041434,212.34690889646367,212.34690889646367,213.50931013566782,212.88304066651187,-0.5361317700482005,-3.0484609755444465,3.6019296494555535,0.3813075675002012,8.954628418459878,6.339366050393364,40.518617871595644,23.467771798418653,0.3665772056466672,0.0,-22.54006093803855,0.32167906202892027
baseline,420000,566,Omega_safe_one_step_QP,25.286221929494115,50.13306463758931,43.4192202338827,-0.6760403593138542,0.937329888343811,False,False,-0.937329888343811,-0.09373299032449722,-4.501642506457964,-4.501642506457975,199.5920889318435,199.59208893184348,204.09373143830146,198.06739446887048,1.5246944629730024,-4.802623378250908,2.956165684249093,0.9373299032449742,-0.023278508335351944,-0.0023278507869690657,0.2890878807983145,0.2890878807983256,212.38049853352544,212.38049853352544,212.09141065272712,211.4534876657596,0.92701086776583,-2.9066710272503764,3.7437195977496236,0.07721942662909326,11.115947164644952,5.5692417748346505,35.444920469194464,25.125683205500373,0.7040990550218496,0.0,-43.56711276824535,-0.5562065206595008
baseline,420000,567,Omega_safe_one_step_QP,25.276495724310113,50.13397885717905,33.12534858779054,-0.5264453838839355,0.9471824765205383,False,False,-0.9471824765205383,-0.09471824765205383,-4.748161169678433,-4.748161169678436,201.44865462046897,201.44865462046897,206.1968157901474,200.3035026630284,1.1451519574405609,-5.012931813435503,2.7458572490644975,0.947182476520539,-0.028760550543665886,-0.002876055194064975,0.22255797601984026,0.22255797601985067,212.80329661765285,212.80329661765288,212.58073864163302,211.962825103271,0.8404715143818748,-2.9556038261409676,3.694786798859033,0.06023567478604654,9.372205304550405,6.823394024026735,41.25184032435339,24.12101279555422,0.5364061580120936,0.0,-33.157471837173034,-0.5042829086291221
baseline,420000,568,Z_mode_existing_controller,25.306496071615296,50.13453209208762,71.54740381004194,-1.1171619941623743,0.9407399892807007,False,False,-0.9407399892807007,-0.09407400339841843,-3.1746953550418344,-3.174695355041844,197.29391355236595,197.29391355236595,200.4686089074078,194.61867068336593,2.675242869000016,-3.374678700125574,2.988859325586067,0.9407400339841869,-0.013707311823964119,-0.0013707311591133475,-0.1754975013070606,-0.17549750130705644,211.20131020226563,211.20131020226563,211.3768077035727,210.7634826148847,0.437827587380923,-0.6072241742754312,0.40481612279545515,0.2890159989372433,11.773969742147557,4.756716746606355,41.4558106945441,27.23635257589317,1.1659601458840143,0.0,-72.45066740349739,-0.26269655242855094
baseline,420000,569,Omega_safe_one_step_QP,25.279574825161077,50.137069688024276,16.055136135217253,-0.24517055275594643,0.9391122460365295,False,False,-0.9391122460365295,-0.09391122311353683,-4.639654189843078,-4.639654189843082,200.8325262718992,200.8325262718992,205.47218046174228,200.42455915713978,0.4079671147594297,-4.940468280594992,2.818320781905009,0.9391122311353688,-0.02946513332426548,-0.002946513472124934,0.2148914257665696,0.21489142576656753,212.81224173959316,212.81224173959316,212.59735031382658,212.11679342339957,0.6954483161935912,-2.9572649933603246,3.693125631639676,0.05818687128473339,11.762921611030146,4.89219405698602,36.64752035579906,25.873802036395485,0.26182366625787523,0.0,-15.899690811759683,-0.4172689897161632
baseline,420000,570,Omega_safe_one_step_QP,25.25504480470622,50.138898984012854,1.760310051846318,-0.027435067973582875,0.9605046510696411,False,False,-0.9605046510696411,-0.09605046361684799,-5.226392034133412,-5.226392034133398,205.2540864374711,205.25408643747113,210.48047847160453,205.387296059418,-0.13320962194686103,-5.441298081581215,2.317490980918785,0.9605046361684771,-0.35558298230171204,-0.035558298230171204,-1.3347744492468914,-1.3347744492468894,212.42511828679744,212.42511828679744,213.75989273604432,213.27123334623448,-0.8461150594370395,-3.0735192355820984,3.5768713894179016,0.4342821199211055,9.382752407747883,3.824065470410234,38.532464159504826,24.15294577360951,0.04302595333390258,0.0,-2.3110050408422467,0.507669035662218
baseline,420000,571,Omega_safe_one_step_QP,25.26358099766395,50.13990075160839,10.44488459502736,-0.15892054449432508,0.953118085861206,False,False,-0.953118085861206,-0.09531181305646896,-5.042807722352467,-5.042807722352478,203.93321785499754,203.93321785499754,208.97602557735001,203.72090814275322,0.21230971224431983,-5.290852792155764,2.4679362703442367,0.9531181305646911,-0.2728743553161621,-0.0272874366492033,-0.9436383543506246,-0.9436383543506184,212.54033161115282,212.54033161115282,213.48396996550343,212.9648166309625,-0.4244850198096799,-3.045926958528009,3.604463666471991,0.3098033430212805,11.225961155817693,5.493962205743793,38.36114678849916,24.227205022023213,0.18117668492442718,0.0,-10.88075229183687,0.2546910118858108
baseline,420000,572,Omega_safe_one_step_QP,25.256383917436747,50.14125442563866,9.34587372237911,-0.1422480834244417,0.9473459720611572,False,False,-0.9473459720611572,-0.09473460167646408,-5.162821516001645,-5.162821516001638,205.40241429077403,205.40241429077406,210.5652358067757,205.23061309672275,0.17180119405131222,-5.449773815098332,2.309015247401668,0.9473460167646395,-0.27640634775161743,-0.027640635147690773,-0.999296903456235,-0.9992969034562281,212.88988080190552,212.88988080190552,213.88917770536176,213.35443762438226,-0.46455682247673735,-3.0864477325138395,3.5639428924861605,0.3237692616431655,10.854257012583336,5.373683461528567,35.78817087050854,27.066823404581026,0.16342816686299955,0.0,-9.788035982728616,0.27873409348605094
baseline,420000,573,Omega_safe_one_step_QP,25.253824147664783,50.14422614165138,8.80972306779313,-0.1399837956437246,0.9524275660514832,False,False,-0.9524275660514832,-0.09524276107549667,-5.252636565804,-5.252636565804009,205.96484316201546,205.96484316201546,211.21747972781947,205.79525656168505,0.16958660033040474,-5.514998207202709,2.243790855297292,0.9524276107549682,-0.28832805156707764,-0.028832806274294853,-1.0793461505799442,-1.079346150579933,213.10808457172692,213.10808457172692,214.18743072230686,213.63563950997496,-0.5275549382480449,-3.11627303420835,3.53411759079165,0.3463580176485169,8.155147252674833,4.258818884476681,38.325991284290986,30.166660832096554,0.15355350660753397,0.0,-9.279809537350047,0.31653296294884115
baseline,420000,574,Omega_safe_one_step_QP,25.285873794749087,50.14855558915363,28.04896203862154,-0.44295604432796276,0.9398434162139893,False,False,-0.9398434162139893,-0.09398434311151505,-4.601451579696797,-4.601451579696789,200.42581349434573,200.42581349434573,205.02726507404253,199.48649217745114,0.939321316894592,-4.895976741825015,2.862812320674986,0.9398434311151488,-0.04863946512341499,-0.004863946698606014,0.08267914801049214,0.08267914801048555,213.18511474664862,213.18511474664862,213.10243559863812,212.52703997847257,0.6580747681760499,-3.0077735218414787,3.6426171031585213,0.02269773233612566,9.940159875343266,5.784454552969232,40.08401301210435,24.938170980130877,0.4556431613096059,0.0,-28.109760339024433,-0.39484486090563564
baseline,420000,575,Omega_safe_one_step_QP,25.298082519560783,50.149497313321866,30.62720088239257,-0.5016773934785591,0.9473421573638916,False,False,-0.9473421573638916,-0.09473421424627304,-4.425718205013044,-4.425718205013041,198.35898970290484,198.35898970290486,202.7847079079179,197.2765017631827,1.0824879397221707,-4.671721025212553,3.0870680372874477,0.94734214246273,-0.01856231689453125,-0.0018562317127361894,0.2597597447408992,0.25975974474088737,212.9257059604831,212.92570596048307,212.6659462157422,212.09382595874268,0.8318800017403873,-2.9641245835518832,3.686266041448117,0.07046690114608305,8.26448408366791,4.917504081841278,40.00385828104561,24.575482248726598,0.49469715717492235,0.0,-30.622770038523413,-0.49912800104424093
baseline,420000,576,Z_mode_existing_controller,25.327393323851357,50.14940499928182,59.19426337684763,-0.9821986050610558,0.9398722648620605,False,False,-0.9398722648620605,-0.09398722648620605,-3.1615054098277846,-3.1615054098277904,194.01782631563822,194.01782631563822,197.179331725466,191.70635647252018,2.311469843118033,-3.3637607236891713,2.9997773020224696,0.9398722648620621,-0.005622297991067171,-0.0005622298340313137,-0.1280515699246032,-0.12805156992460182,211.32383098459314,211.32383098459314,211.45188255451774,210.8828637362564,0.44096724833673306,-0.6072241742754312,0.40481612279545515,0.2108802240579421,8.77059953682109,3.740871422049068,37.65451502008434,24.974156705678144,0.9627998787904524,0.0,-59.89248290663545,-0.2645803490020455
baseline,420000,577,Z_mode_existing_controller,25.335960087002345,50.14890305558271,44.19709029142996,-0.7344416432593589,0.9208745360374451,False,False,-0.9208745360374451,-0.09208745509386063,-3.1005314016855277,-3.100531401685538,192.10373130879213,192.1037313087921,195.20426271047765,190.43434104140135,1.669390267390753,-3.3669422165324194,2.9965958091792215,0.9208745509386094,-0.00767911784350872,-0.000767911784350872,-0.13817678180578635,-0.13817678180579815,210.86968841579218,210.86968841579215,211.00786519759797,210.55458198689632,0.31510642889583096,-0.6072241742754312,0.40481612279545515,0.22755481033125413,8.981850199997115,3.2051838357726807,40.360922562175766,24.84504217959115,0.7203953387630193,0.0,-44.728421772856564,-0.18906385733750142
baseline,420000,578,Z_mode_existing_controller,25.336390716702866,50.148273704372386,29.59861610174812,-0.4953275079437911,0.925782322883606,False,False,-0.925782322883606,-0.0925782322883606,-3.119853419048003,-3.1198534190480083,191.72942315848087,191.72942315848087,194.84927657752888,190.6685065775369,1.0609165809439673,-3.369964344674841,2.9935736810368,0.9257823228836074,-0.005534499417990446,-0.000553449965082109,-0.12611132868064895,-0.1261113286806531,210.7758634566691,210.7758634566691,210.90197478534975,210.5462301992617,0.22963325740741425,-0.6072241742754312,0.40481612279545515,0.2076849605520649,8.51731901464391,4.340499694470901,42.21102464899751,24.44718297692669,0.4837043381322941,0.0,-29.944540485436846,-0.13777995444444002
baseline,420000,579,Z_mode_existing_controller,25.35309842931682,50.14734050902389,22.92302565862701,-0.3714097062516014,0.8768513202667236,False,False,-0.8768513202667236,-0.08768513053655624,-2.957582268737962,-2.957582268737969,188.33410994098037,188.33410994098034,191.29169220971832,187.59330001368514,0.7408099272952029,-3.3729575934256446,2.9905804322859963,0.8768513053655644,-0.04466944560408592,-0.004466944839805365,-0.35039297463355795,-0.35039297463355934,209.74413360465408,209.74413360465408,210.09452657928765,209.8190658654515,-0.07493226079742499,-0.6072241742754312,0.40481612279545515,0.5770405551650919,11.192987400509306,4.414887849825722,40.29208149913116,19.355575542573398,0.37972777487656373,0.0,-23.347712789982324,0.044959356478457835
baseline,420000,580,Z_mode_existing_controller,25.323939846023734,50.14343268455069,8.58953890446901,-0.1390420814399407,0.9197006225585938,False,False,-0.9197006225585938,-0.0919700637459755,-3.1045728771825796,-3.1045728771825916,193.73562881079417,193.73562881079417,196.84020168797676,193.57956921658288,0.15605959421128546,-3.375634147386826,2.9879038783248153,0.9197006374597583,-0.005038158968091011,-0.0005038158851675689,-0.12258851252830508,-0.12258851252830855,210.93688486393071,210.93688486393071,211.059473376459,210.8581990847478,0.07868577918290498,-0.6072241742754312,0.40481612279545515,0.2018834521444852,9.817038961739357,6.970706317768767,37.29655014360609,23.294391593848577,0.14452323462625927,0.0,-8.686850671586399,-0.047211467509740146
baseline,420000,581,Z_mode_existing_controller,25.34111737090179,50.14213531438396,-0.40765366217965493,0.006863433834516421,0.9304931163787842,False,False,-0.9304931163787842,-0.0930493101477623,-3.1436631127280847,-3.14366311272809,190.0631004941269,190.0631004941269,193.206763606855,190.2864669124185,-0.2233664182915902,-3.378491584446943,2.9850464412646978,0.9304931014776245,0.0052301520481705666,0.0005230152164585888,-0.06353393798840881,-0.06353393798840534,210.15090730615748,210.15090730615748,210.2144412441459,210.07136888728536,0.07953841887211865,-0.6072241742754312,0.40481612279545515,0.10463011961639548,8.253444694312211,6.367638300819262,42.03060796689099,25.255898683504878,-0.0025733283358970738,0.0,0.4579500418385578,-0.047723051323274035
baseline,420000,582,Omega_safe_one_step_QP,25.37462816458025,50.141362736300636,4.754899546929664,-0.0801682492259567,0.8806530237197876,False,False,-0.8806530237197876,-0.08806530386209488,-2.6665478459668672,-2.6665478459668615,183.68015999846602,183.68015999846602,186.3467078444329,183.69103586348604,-0.010875865020011588,-3.027921018864051,4.730868043635949,0.8806530386209475,-0.09743145853281021,-0.009743145667016506,0.23433821177380465,0.23433821177379632,208.9449051891695,208.9449051891695,208.7105669773957,208.61288289350566,0.33202229566384744,-2.5685866597172358,4.081803965282765,0.05741045228211068,9.741818429215742,6.637653520740839,44.404594383063205,21.549763813522546,0.07969026567522164,0.0,-4.635376435207036,-0.19921337739830847
baseline,420000,583,Omega_safe_one_step_QP,25.38455410474021,50.13797233255961,10.18759348000549,-0.1802118059436156,0.9031617641448975,False,False,-0.9031617641448975,-0.09031617641448975,-2.579656679321861,-2.579656679321847,182.0503508360885,182.0503508360885,184.63000751541037,181.82679653309276,0.2235543029957512,-2.856250985961798,4.902538076538202,0.9031617641448928,-0.007174976170063019,-0.0007174976053647697,0.703382177741324,0.7033821777413254,208.83982054193456,208.83982054193456,208.13643836419322,208.01291364284904,0.8269068990855146,-2.511173798396989,4.139216826603012,0.16993122303249325,7.347385805806628,5.930115391629757,41.689692839211205,23.014458866777048,0.1617150740417586,0.0,-9.853164414595994,-0.4961441394513173
baseline,420000,584,Omega_safe_one_step_QP,25.42208189805151,50.13438857610182,32.65812004824602,-0.5749083716524489,0.8303011655807495,False,False,-0.8303011655807495,-0.08303011953830719,-1.777069247221255,-1.7770692472212386,175.69313452416787,175.69313452416787,177.47020377138912,174.5355909517686,1.1575435723992769,-2.1402706115596732,5.618518450940327,0.8303011953830642,0.034409236162900925,0.0034409237559884787,0.9735485207344463,0.9735485207344408,207.36232104117974,207.36232104117974,206.3887725204453,206.24164269427072,1.120678346909017,-2.336407214022195,4.313983410977806,0.2256727548504357,9.400479106582504,3.4642602619512677,40.254959075897844,31.314331433434283,0.5250240490425178,0.0,-32.51073708914282,-0.672407008145413
baseline,420000,585,Omega_safe_one_step_QP,25.403977976653735,50.13523750699303,24.60634828588627,-0.41821355921346187,0.8226375579833984,False,False,-0.8226375579833984,-0.0822637602686882,-2.0692556821895023,-2.0692556821895023,179.15215756694485,179.15215756694485,181.22141324913434,178.3343332319896,0.8178243349552474,-2.5153915593341973,5.243397503165803,0.8226376026868821,-0.11548217386007309,-0.011548217386007309,0.23249521570833098,0.2324952157083185,207.4590365264598,207.4590365264598,207.2265413107515,207.08550900851003,0.3735275179497819,-2.4201840930528142,4.230206531947187,0.05496072448294852,10.566687151338636,4.799231690192357,39.864057511744306,27.046605981635086,0.4020805563041634,0.0,-24.78431233142055,-0.22411651076987482
baseline,420000,586,Omega_safe_one_step_QP,25.380413591809823,50.134325799289556,7.551722818212511,-0.12780093725612549,0.9164062738418579,False,False,-0.9164062738418579,-0.09164062887430191,-2.7490764127967973,-2.7490764127967844,183.3168667640051,183.3168667640051,186.0659431768019,183.18807149984758,0.12879526415753162,-2.999844552100952,4.758944510399048,0.9164062887430147,-0.2432558536529541,-0.02432558499276638,-0.33804874429192444,-0.3380487442919314,207.85868561705547,207.85868561705544,208.19673436134738,208.05528245543425,-0.19659683837880948,-2.517203398112402,4.133187226887598,0.13429536307849696,9.61298636444616,4.0338616984310995,38.0477845418272,22.64113434974488,0.12999509271802978,0.0,-7.799676013957651,0.11795810302727716
baseline,420000,587,Omega_safe_one_step_QP,25.36870689272863,50.13107596094071,8.925930623972818,-0.14423063420599566,0.8709005117416382,False,False,-0.8709005117416382,-0.08709005266427994,-2.832961783730678,-2.8329617837306893,185.76364450231313,185.7636445023131,188.5966062860438,185.6071283071097,0.15651619520340887,-3.2529108630251407,4.50587819947486,0.8709005266428028,-0.06921067088842392,-0.006921067368239164,0.3670710367954813,0.36707103679548686,208.90549237370334,208.90549237370334,208.53842133690785,208.3760914122122,0.5294009614911488,-2.5513720956684507,4.099018529331549,0.08955095815469448,11.858049136917126,5.2420608038881635,42.50198916530205,26.90507852128593,0.14646149409075804,0.0,-8.754751541169753,-0.3176405768946893
baseline,420000,588,Z_mode_existing_controller,25.335842739342702,50.131682678009135,2.637508085556874,-0.044386648693291925,0.9355083107948303,False,False,-0.9355083107948303,-0.09355083107948303,-3.151670959966203,-3.1516709599662027,192.09744678193323,192.09744678193323,195.24911774189943,192.17711890440222,-0.0796721224689918,-3.3689395632289663,2.994598462482675,0.93550831079483,-0.009248300455510616,-0.0009248300339095294,-0.14884929173539785,-0.14884929173540895,209.83349687757337,209.83349687757334,209.98234616930876,209.80607408010047,0.027422797472866023,-0.6072241742754312,0.40481612279545515,0.24513070796798073,7.835761521953655,5.883166741748704,41.32599680037477,23.254260959491614,0.046942244761153384,0.0,-2.6679966518340734,-0.01645367848371393
baseline,420000,589,Omega_safe_one_step_QP,25.3736239026987,50.12988345239376,6.647620878179623,-0.1104408984348775,0.8586898446083069,False,False,-0.8586898446083069,-0.08586898446083069,-2.702546542935638,-2.7025465429356297,184.83785788944044,184.83785788944044,187.54040443237608,184.76792204587997,0.06993584356047222,-3.1472906776583693,4.611498384841631,0.8586898446083042,-0.05241751670837402,-0.005241751670837402,0.45781017074675856,0.4578101707467627,208.69654230599787,208.69654230599787,208.2387321352511,208.11350981495505,0.5830324910428146,-2.5214031755027757,4.128987449497225,0.1108771039743676,10.351709272677788,5.133346063717697,41.259324479899455,22.94261243491636,0.10805101031728981,0.0,-6.40585239387201,-0.3498194946256916
baseline,420000,590,Omega_safe_one_step_QP,25.361690208091122,50.12746122226763,3.5335697420878205,-0.057121729686033546,0.8665751218795776,False,False,-0.8665751218795776,-0.08665751665830612,-2.9495444586457684,-2.9495444586457684,187.15475199298487,187.15475199298487,190.10429645163063,187.21777166289388,-0.06301966990901064,-3.4036798795838257,4.355109182916174,0.8665751665830614,-0.03831317648291588,-0.003831317648291588,0.4923269509201314,0.4923269509201328,209.12749664431811,209.12749664431811,208.63516969339798,208.49042104043795,0.637075603880163,-2.5610469313174637,4.089343693682538,0.12039265657242477,11.416463090738704,4.268976491934854,39.544727805468405,24.31907622004037,0.0575005493350389,0.0,-3.2088249290945896,-0.38224536232809214
baseline,420000,591,Z_mode_existing_controller,25.32627211876349,50.126368763689854,3.2676399676893197,-0.05133972929490133,0.9105938673019409,False,False,-0.9105938673019409,-0.09105938673019409,-3.0669486947716407,-3.0669486947716424,194.2115805848098,194.2115805848098,197.27852927958145,194.26937312614345,-0.0577925413336402,-3.3680752802112615,2.9954627455003795,0.9105938673019414,-0.011507997289299965,-0.0011507997987791896,-0.1595640691290992,-0.15956406912909504,209.9333321244642,209.9333321244642,210.09289619359328,209.92792433353432,0.005407790929865541,-0.6072241742754312,0.40481612279545515,0.2627762132815191,11.468157127779167,6.484767458360441,38.40470221504806,26.057805610193643,0.05934301277827103,0.0,-3.323738305909501,-0.003244674557919325
baseline,420000,592,Z_mode_existing_controller,25.31664669908813,50.127373328890855,-7.60628570411518,0.11991037767177994,0.9461074471473694,False,False,-0.9461074471473694,-0.09461074322462082,-3.1893551043876465,-3.189355104387644,195.70372382918796,195.703723829188,198.89307893357562,196.2104115819223,-0.5066877527343081,-3.3710284854391377,2.9925095402725033,0.9461074322462073,-0.0053726923651993275,-0.0005372692248784006,-0.12722052182165752,-0.12722052182165267,210.37413669667626,210.3741366966763,210.50135721849793,210.39330862931746,-0.019171932641171452,-0.6072241742754312,0.40481612279545515,0.20951162224965475,10.793458142832273,4.771542820213683,40.193620089402074,22.11829818384343,-0.11743951022906529,0.0,7.712222054758968,0.011503159584691502
baseline,420000,593,Z_mode_existing_controller,25.303313358729323,50.12621267829777,-13.401403920435769,0.21673261627112062,0.9451981782913208,False,False,-0.9451981782913208,-0.09451981633901596,-3.189209773380777,-3.189209773380777,198.0623687206484,198.0623687206484,201.2515784940292,198.82688647247573,-0.7645177518273272,-3.3741176156563615,2.9894204100552795,0.9451981633901596,-0.02146880514919758,-0.0021468806080520153,-0.22141177467540282,-0.2214117746753952,210.72338294518013,210.72338294518013,210.94479471985554,210.88262355046595,-0.15924060528581663,-0.6072241742754312,0.40481612279545515,0.3646293808042051,8.664407514262459,5.941163754603322,43.362006269842105,23.80203815097254,-0.2113698961164454,0.0,13.517229453380423,0.0955443631714985
baseline,420000,594,Z_mode_existing_controller,25.334737205435715,50.12602875635809,-16.24754182138713,0.26806691786361214,0.9236738681793213,False,False,-0.9236738681793213,-0.09236738830804825,-3.1193810229900047,-3.119381022990016,191.6615232900149,191.6615232900149,194.78090431300492,192.54884840702766,-0.8873251170127503,-3.3771454191026473,2.986392606608994,0.9236738830804855,-0.0021148123778402805,-0.00021148123778402805,-0.10586706674870494,-0.10586706674870355,209.45239432139664,209.45239432139664,209.55826138814535,209.5303549163858,-0.07796059498915042,-0.6072241742754312,0.40481612279545515,0.1743459355435399,8.906102299453298,3.543224765302984,41.329026692888334,25.294338079792606,-0.2582333023660741,0.0,16.458998766759578,0.04677635699349025
baseline,420000,595,Z_mode_existing_controller,25.339017166178376,50.12570744227627,-20.745650110854513,0.32904955585054957,0.9208817481994629,False,False,-0.9208817481994629,-0.09208817780017853,-3.1125833393429594,-3.1125833393429496,190.56596074252985,190.56596074252985,193.67854408187281,191.6086904799289,-1.0427297373990427,-3.3800031814039495,2.9835348443076914,0.9208817780017823,-0.0027814770583063364,-0.0002781477232929319,-0.10948949578122036,-0.10948949578123285,209.20052083494446,209.20052083494443,209.31001033072567,209.31153578399667,-0.1110149490522474,-0.6072241742754312,0.40481612279545515,0.18031149025297113,11.519180647733172,5.413732683616857,38.019109353610276,26.979009487711263,-0.32948098392407843,0.0,21.008522125346644,0.06660896943134276
baseline,420000,596,Z_mode_existing_controller,25.31515754293124,50.12666752317358,-25.58128677545392,0.4037159716061535,0.9380829930305481,False,False,-0.9380829930305481,-0.09380830079317093,-3.173341455512831,-3.173341455512825,194.94129877709386,194.94129877709386,198.1146402326067,196.1961895594031,-1.2548907823092463,-3.3827938771745085,2.9807441485371324,0.9380830079317072,-0.007365255616605282,-0.0007365255733020604,-0.1380798940071086,-0.1380798940070968,210.18005855925236,210.1800585592524,210.31813845325948,210.34865822967896,-0.1685996704265733,-0.6072241742754312,0.40481612279545515,0.22739525179783943,10.733027703395367,4.696400048759951,39.94521013274456,28.49146825283783,-0.40786112447217704,0.0,25.887988097669222,0.10115980225593546
baseline,420000,597,Z_mode_existing_controller,25.301377177087733,50.12917998809078,-27.495655672232715,0.4470631066674493,0.9416003823280334,False,False,-0.9416003823280334,-0.0941600427031517,-3.1879067477322427,-3.1879067477322423,197.35377143532895,197.35377143532895,200.5416781830612,198.7367012989113,-1.3829298635823477,-3.38562585170274,2.977912174008901,0.9416004270315167,-0.004659686237573624,-0.00046596862375736237,-0.12258794929270109,-0.12258794929269762,210.8639586954373,210.8639586954373,210.98654664473,211.03960909554067,-0.17565040010336475,-0.6072241742754312,0.40481612279545515,0.20188252458653413,8.354731258005474,4.162755570598979,36.50089732371441,27.835785914369225,-0.44018718065292894,0.0,27.830452612823137,0.10539024006202169
baseline,420000,598,Z_mode_existing_controller,25.322178230334764,50.13077428799372,-29.92928353667685,0.4894729503380731,0.9461260437965393,False,False,-0.9461260437965393,-0.09461260586977005,-3.205877358904366,-3.20587735890438,192.95934172124294,192.9593417212429,196.1652190801473,194.43481165667725,-1.4754699354343472,-3.3884251780540864,2.9751128476575546,0.9461260586977044,-0.008750807493925095,-0.0008750807610340416,-0.14700977801501425,-0.1470097780150212,210.00195854336408,210.00195854336408,210.1489683213791,210.21708931253073,-0.21513076916664886,-0.6072241742754312,0.40481612279545515,0.24210132640130846,9.000715098379347,5.386006754045202,41.20438987929251,24.367313142661242,-0.47890120127313374,0.0,30.279106276449966,0.12907846150000069
baseline,420000,599,Z_mode_existing_controller,25.339687188690252,50.13009949500915,-31.239100995005174,0.5095408816897082,0.9376378655433655,False,False,-0.9376378655433655,-0.0937637910246849,-3.1797156202705152,-3.1797156202705215,189.28719268072234,189.28719268072234,192.46690830099286,190.79945012759825,-1.512257446875907,-3.3911978019675013,2.97234022374414,0.9376379102468507,-0.0030461307615041733,-0.0003046130877919495,-0.11273549727704169,-0.11273549727704446,209.21291660134676,209.21291660134676,209.3256520986238,209.40729374676357,-0.19437714541680862,-0.6072241742754312,0.40481612279545515,0.185657129694426,10.00570469542236,4.296596662985748,40.60709862270109,24.053212651454263,-0.49972265545927286,0.0,31.622197363213672,0.11662628725008517
baseline,420000,600,Z_mode_existing_controller,25.32962726486439,50.1289101000975,-32.369765069828645,0.5246656868630019,0.9350848197937012,False,False,-0.9350848197937012,-0.09350848197937012,-3.173560475752203,-3.173560475752212,191.0447720403393,191.04477204033927,194.2183325160915,192.60770209631562,-1.5629300559763522,-3.3938744470820916,2.9696635786295498,0.9350848197937033,-0.005692364647984505,-0.0005692364647984505,-0.12797747586044822,-0.127977475860451,209.5084790655589,209.5084790655589,209.63645654141936,209.73110913990564,-0.2226300743467391,-0.6072241742754312,0.40481612279545515,0.21075820311857613,9.952565470819353,2.9237154623375052,41.279929063787414,22.305740981198408,-0.5177703262690194,0.0,32.75395735148959,0.13357804460804346
baseline,420000,601,Z_mode_existing_controller,25.31077472862827,50.12698636402809,-34.90022776527803,0.5340213966576894,0.9349244832992554,False,False,-0.9349244832992554,-0.09349244832992554,-3.175460353065392,-3.175460353065406,194.54203416558738,194.54203416558738,197.71749451865279,196.14948322254602,-1.607449056958643,-3.3964886039346296,2.9670494217770114,0.9349244832992593,-0.01155388168990612,-0.0011553881922736764,-0.1622951913859763,-0.16229519138596452,210.11580271306983,210.11580271306983,210.2780979044558,210.38332425316986,-0.26752154010003437,-0.6072241742754312,0.40481612279545515,0.26727392989520365,12.670149627433522,4.021054594959785,44.269573082969934,27.156431832866875,-0.5567206579375394,0.0,35.29643549915545,0.16051292406001494
baseline,420000,602,Omega_safe_one_step_QP,25.261192362617738,50.12959177977141,-77.75053120029861,1.1583543439345125,0.9489184617996216,False,False,-0.9489184617996216,-0.09489184617996216,-4.854508974035933,-4.8545089740359275,202.37132492941853,202.37132492941853,207.22583390345446,205.70513923152848,-3.3338143021099427,-5.115833624766209,2.642955437733792,0.9489184617996205,-0.42486828565597534,-0.042486827820539474,-1.5218475561841582,-1.521847556184152,210.94156170090537,210.94156170090537,212.46340925708952,212.5813089476069,-1.6397472467015461,-2.943870887686617,3.706519737313383,0.5169545860688428,12.057196253348984,4.544274851279044,35.653236432830994,26.09887273004884,-1.239656602657874,0.0,78.00633945493428,0.9838483480209277
baseline,420000,603,Omega_safe_one_step_QP,25.22952634817389,50.13186794402942,-75.30942529868753,1.143633860591395,0.9713353514671326,False,False,-0.9713353514671326,-0.09713353961706161,-5.595446979633661,-5.595446979633661,208.0777654652326,208.0777654652326,213.67321244486627,211.4420019908644,-3.36423652563181,-5.760571478907388,1.9982175835926117,0.9713353961706164,-0.4292346239089966,-0.0429234616458416,-1.6778067600924964,-1.6778067600924942,212.27992422249667,212.27992422249667,213.95773098258917,213.9586707772435,-1.678746554746823,-3.093303060236582,3.5570875647634184,0.5423997349823758,9.609952344461345,5.017897313113516,41.13743737178695,25.659576665186332,-1.200964110264307,0.0,75.50314147610425,1.0072479328480881
baseline,420000,604,Omega_safe_one_step_QP,25.247199562846784,50.134498384500034,-48.27498001116055,0.7429792501046281,0.955816924571991,False,False,-0.955816924571991,-0.09558169543743134,-5.19177498123394,-5.191774981233937,205.19339257436184,205.19339257436184,210.38516755559579,207.4362423909984,-2.24284981663655,-5.43176698998034,2.3270220725196604,0.9558169543743128,-0.2949881851673126,-0.029498819261789322,-1.0322572074812548,-1.0322572074812422,212.36099275094435,212.36099275094435,213.3932499584256,213.27454072696997,-0.913547976025626,-3.0368549578202244,3.6135356671797756,0.33990994690841925,9.68239776153108,5.340123024837891,36.73611317987568,25.416254622942265,-0.769046651142089,0.0,48.495897876687195,0.5481287856153756
baseline,420000,605,Omega_safe_one_step_QP,25.26237213170672,50.13621433206521,-28.920248453833665,0.4500082858498328,0.9525970220565796,False,False,-0.9525970220565796,-0.09525970369577408,-4.908619199987964,-4.908619199987957,202.687688745456,202.687688745456,207.59630794544395,204.11734379246352,-1.4296550470075147,-5.152881028965157,2.6059080335348423,0.9525970369577396,-0.296303391456604,-0.02963033877313137,-0.9904075712405369,-0.9904075712405292,211.89256251731706,211.89256251731706,212.88297008855758,212.6755212389678,-0.7829587216507434,-2.985826970833424,3.6645636541665763,0.3317029355401931,9.776758624740868,5.93412536377804,41.4907141729226,24.89590260812708,-0.45574574392220946,0.0,28.906218964765685,0.4697752329904432
baseline,420000,606,Omega_safe_one_step_QP,25.280661657817667,50.137603404828845,-8.81343126306092,0.14207706428280908,0.9335876703262329,False,False,-0.9335876703262329,-0.09335877001285553,-4.492878811238457,-4.492878811238467,199.69949035496248,199.69949035496248,204.19236916620093,200.31997319618418,-0.6204828412217012,-4.812487151040856,2.946301911459144,0.9335877001285575,-0.06362327188253403,-0.006362327374517918,0.09639382241480865,0.09639382241481975,212.31907820193246,212.31907820193248,212.22268437951766,211.94826397109642,0.3708142308360607,-2.9197983999294315,3.730592225070569,0.025838745324945383,8.517036760510322,6.541712899783307,38.123721154992715,21.47514655518457,-0.14114273973797697,0.0,9.177062541300984,-0.2224885385016364
baseline,420000,607,Z_mode_existing_controller,25.318083941360484,50.13583926516771,29.19697637961781,-0.47464349143060314,0.9282358288764954,False,False,-0.9282358288764954,-0.0928235873579979,-3.143899245722501,-3.1438992457225,193.90547797520074,193.90547797520074,197.04937722092325,192.90709547022124,0.998382504979503,-3.3869615850950154,2.9765764406166255,0.9282358735799784,-0.0059884088113904,-0.00059884088113904,-0.1290184189111268,-0.12901841891113444,210.4536320639467,210.4536320639467,210.58265048285784,210.2620047261696,0.19162733777710628,-0.6072241742754312,0.40481612279545515,0.21247246795647648,9.714407904395939,3.6745960508864757,42.110091575606376,25.77011626502186,0.4788519594179519,0.0,-29.560851936369545,-0.11497640266627229
baseline,420000,608,Z_mode_existing_controller,25.31202502657062,50.13641157636864,17.79585279215553,-0.2839704763600094,0.933066189289093,False,False,-0.933066189289093,-0.09330662339925766,-3.1627859999317893,-3.1627859999318004,194.82568206065096,194.82568206065096,197.98846806058276,194.31322990388122,0.51245215676974,-3.389669333974584,2.9738686917370574,0.9330662339925795,-0.011037499643862247,-0.0011037499643862247,-0.15908241064534756,-0.15908241064535103,210.66222933473748,210.66222933473748,210.82131174538281,210.57861307304904,0.08361626168843372,-0.6072241742754312,0.40481612279545515,0.2619829996642932,10.500421743531785,4.746625170268058,37.61586318513838,20.41933263837241,0.2951314277812358,0.0,-18.040814462923663,-0.05016975701305171
baseline,420000,609,Z_mode_existing_controller,25.301304321008097,50.13378551021756,6.571760563870157,-0.10859723829233535,0.9491467475891113,False,False,-0.9491467475891113,-0.09491467475891113,-3.219841421174467,-3.2198414211744546,196.66651934578562,196.66651934578562,199.88636076696008,196.60799119389614,0.05852815188947602,-3.3923536369408147,2.9711843887708262,0.9491467475891076,-0.00315862032584846,-0.0003158620384056121,-0.11455914724085581,-0.11455914724085997,210.96619035284692,210.96619035284692,211.0807495000878,210.90532397017628,0.06086638267063904,-0.6072241742754312,0.40481612279545515,0.18866038621989548,7.891613625943207,6.428454123413051,36.23889720261947,22.031568958617157,0.11129023472943414,0.0,-6.646530968997467,-0.036519829602383425
baseline,420000,610,Omega_safe_one_step_QP,25.343922158940494,50.13164138415228,-2.661095768294217,0.042809828957007426,0.9494054913520813,False,False,-0.9494054913520813,-0.09494055062532425,-3.3412032481682945,-3.3412032481683056,187.91887783126677,187.91887783126674,191.26008107943505,188.27582461893098,-0.35694678766424204,-3.519258342364267,4.239530720135734,0.9494055062532458,0.022112222388386726,0.002211222192272544,0.7774623279767273,0.7774623279767329,209.8977878512525,209.8977878512525,209.12032552327577,208.99432383464992,0.9034640166025838,-2.6095625143052423,4.040828110694758,0.19240173218926165,11.468628216192418,4.79160362265949,42.026117927012535,26.169310378384054,-0.04460925804432492,0.0,3.2477834363007787,-0.5420784099615474
baseline,420000,611,Z_mode_existing_controller,25.314431445839016,50.131991101529856,6.700988744677488,-0.10769988636271735,0.9232280254364014,False,False,-0.9232280254364014,-0.09232280403375626,-3.1321812497419157,-3.132181249741904,194.1615021656185,194.1615021656185,197.2936834153604,194.10574369680637,0.055758468812115325,-3.392640943397568,2.9708970823140732,0.923228040337559,-0.008644725196063519,-0.000864472531247884,-0.14407102741932354,-0.14407102741933672,210.27171872417543,210.27171872417543,210.41578975159476,210.2566439005959,0.015074823579539043,-0.6072241742754312,0.40481612279545515,0.23726167949629004,10.098104852862644,3.504322590113193,32.374749952932895,25.761268889513804,0.11523592838863905,0.0,-6.807179778918908,-0.009044894147720584
baseline,420000,612,Z_mode_existing_controller,25.297068134735433,50.13197824457036,-2.546651883134473,0.04080899376254452,0.9459797143936157,False,False,-0.9459797143936157,-0.09459797292947769,-3.2118085051927676,-3.2118085051927654,197.26827542107074,197.26827542107074,200.48008392626352,197.6006476773222,-0.3323722562514604,-3.39521916350909,2.968318862202551,0.9459797292947763,-0.003442551475018263,-0.0003442551533225924,-0.1159017640220264,-0.11590176402201946,210.98444694055146,210.98444694055146,211.1003487045735,210.99409325050163,-0.009646309950170462,-0.6072241742754312,0.40481612279545515,0.19087145889789214,9.490607886998193,4.836757253681793,43.00203195200253,24.695734296787517,-0.03515623016564895,0.0,2.5760203273302977,0.005787785970099435
baseline,420000,613,Z_mode_existing_controller,25.30697912328427,50.132429213666796,-7.725267898462334,0.12429036130507386,0.9378405213356018,False,False,-0.9378405213356018,-0.09378405660390854,-3.1866630622983636,-3.186663062298373,195.0906284473289,195.09062844732887,198.27729150962725,195.6401502620301,-0.5495218147012224,-3.397872919655256,2.9656651060563854,0.9378405660390877,-0.006089084781706333,-0.0006089084781706333,-0.13058016374991113,-0.13058016374990905,210.53028895814046,210.53028895814046,210.66086912189036,210.5965555546201,-0.06626659647963606,-0.6072241742754312,0.40481612279545515,0.21504440910265724,9.701763689045988,4.923662631299121,41.065018503125046,27.5928316359978,-0.1185896875643806,0.0,7.804097628139061,0.03975995788778164
baseline,420000,614,Z_mode_existing_controller,25.31181980171726,50.134206918866305,-12.767408249876098,0.2049463787288254,0.9390685558319092,False,False,-0.9390685558319092,-0.09390685707330704,-3.193241203239566,-3.1932412032395705,193.87366446307345,193.87366446307345,197.06690566631303,194.6323330168214,-0.7586685537479525,-3.4004345398832894,2.9631034858283516,0.9390685707330716,-0.007327227853238583,-0.0007327228086069226,-0.13795688930838199,-0.1379568893083924,210.37134024496456,210.37134024496456,210.50929713427294,210.480672235085,-0.10933199012043815,-0.6072241742754312,0.40481612279545515,0.22719268295437864,10.080679114305667,6.3980751877935,41.316927548569126,26.45063144193754,-0.19981675148427058,0.0,12.901625807287928,0.06559919407226289
baseline,420000,615,Z_mode_existing_controller,25.322238284031275,50.13523182584422,-17.092845319814842,0.2786771430870377,0.9436652660369873,False,False,-0.9436652660369873,-0.09436652809381485,-3.2112515745276875,-3.211251574527675,191.55820699535286,191.5582069953529,194.76945856988056,192.5044297723688,-0.9462227770159188,-3.40295615340983,2.960581872301811,0.9436652809381446,-0.005074764601886272,-0.0005074764485470951,-0.12522824907810204,-0.1252282490780937,209.95689644797673,209.95689644797673,210.08212469705484,210.08412916709463,-0.1272327191178988,-0.6072241742754312,0.40481612279545515,0.20623067127971648,9.636129223498168,4.169582701671308,41.916751268691556,25.439121802970714,-0.2701676004916642,0.0,17.286673288836027,0.07633963147074496
baseline,420000,616,Z_mode_existing_controller,25.319476110150738,50.13520917308768,-19.28690951653607,0.3275608759966322,0.9415243864059448,False,False,-0.9415243864059448,-0.09415244311094284,-3.2063207027526137,-3.2063207027526177,191.87835113445337,191.87835113445337,195.08467183720597,192.95399202796037,-1.0756408935069999,-3.405456721897809,2.958081303813831,0.9415244311094296,-0.005173517856746912,-0.0005173517856746912,-0.12559003609461106,-0.12559003609460273,210.02712004400422,210.02712004400425,210.15271008009884,210.1795006786486,-0.15238063464434504,-0.6072241742754312,0.40481612279545515,0.20682647597892945,7.134252109104187,5.266163120827592,41.20449642594071,29.130808199782557,-0.30716456788084745,0.0,19.50264570363015,0.09142838078660986
baseline,420000,617,Omega_safe_one_step_QP,25.363774849699116,50.13669684694129,-9.970662893420013,0.1578004162233686,0.8912649750709534,False,False,-0.8912649750709534,-0.08912649750709534,-2.677572228268807,-2.677572228268811,183.43230679739222,183.43230679739222,186.10987902566103,184.06541301338885,-0.6331062159966336,-3.004238136986865,4.7545509255131355,0.8912649750709551,-0.06887400895357132,-0.006887400988489389,0.4032775488316445,0.4032775488316362,208.72901916572087,208.72901916572084,208.32574161688922,208.36808067778185,0.36093848793899497,-2.5301041236665855,4.120286501333414,0.0978760939806314,13.561985354528138,6.031187249737338,40.48389867964204,21.543274446161536,-0.15657395001856855,0.0,10.343799936202231,-0.21656309276339414
baseline,420000,618,Z_mode_existing_controller,25.310655093920964,50.133954981399754,-15.992064045851293,0.26302648369290377,0.9410724639892578,False,False,-0.9410724639892578,-0.0941072478890419,-3.2045532712669926,-3.2045532712669855,193.6565823128777,193.65658231287773,196.8611355841447,194.5695765672772,-0.9129942543994787,-3.4052140968412483,2.958323928870393,0.9410724788904169,-0.015484496019780636,-0.001548449625261128,-0.18594103699555858,-0.18594103699555511,210.26431757744407,210.26431757744407,210.45025861443963,210.45279892334324,-0.188481345899163,-0.6072241742754312,0.40481612279545515,0.30621481303412995,8.635141094205231,5.266710094835364,40.023014620467116,26.218965911759696,-0.2522572009242321,0.0,16.131232439236555,0.1130888075394978
baseline,420000,619,Z_mode_existing_controller,25.33303095848373,50.13431305661072,-18.531567279387673,0.3030952272660765,0.9308973550796509,False,False,-0.9308973550796509,-0.09308973699808121,-3.1721821353898076,-3.172182135389803,189.0490226527394,189.0490226527394,192.22120478812923,190.0551909148935,-1.006168262154091,-3.407660433561214,2.955877592150427,0.9308973699808107,-0.005063274409621954,-0.0005063274293206632,-0.12386878108232996,-0.12386878108233829,209.36024695413758,209.36024695413758,209.48411573521992,209.50931301084424,-0.1490660567066584,-0.6072241742754312,0.40481612279545515,0.20399184737686774,10.020220637288324,5.842488572003993,36.71342538028153,25.15049561800418,-0.29294246301040516,0.0,18.735070108373293,0.08943963402400357
baseline,420000,620,Z_mode_existing_controller,25.33394448877212,50.13344430536026,-20.113247631613376,0.34352418575203686,0.9259949326515198,False,False,-0.9259949326515198,-0.09259949624538422,-3.1576497565613337,-3.157649756561344,188.67821025061724,188.67821025061724,191.83586000717858,189.7875247482841,-1.1093144976668725,-3.410007488802871,2.9535305369087705,0.9259949624538448,-0.010742850601673126,-0.0010742851300165057,-0.1566408615578399,-0.156640861557851,209.19926679755267,209.19926679755264,209.3559076591105,209.40334959078868,-0.20408279323604006,-0.6072241742754312,0.40481612279545515,0.2579621632237589,7.5336121850936095,5.276003660817439,45.67207397986634,27.74598439595248,-0.319720503145549,0.0,20.31051845881757,0.12244967594162404
baseline,420000,621,Omega_safe_one_step_QP,25.370984087717233,50.13399803334155,-7.163534896022611,0.12260115696090201,0.8936644196510315,False,False,-0.8936644196510315,-0.08936644345521927,-2.5246773437930385,-2.524677343793033,181.79366309123708,181.79366309123708,184.3183404350301,182.34069031009273,-0.5470272188556464,-2.825084277923773,4.933704784576228,0.893664434552191,-0.09068424999713898,-0.009068424813449383,0.3567334467428532,0.35673344674285734,208.1426097300259,208.1426097300259,207.78587628328305,207.84637148067074,0.29623824935515586,-2.476117590305969,4.174273034694032,0.08546001753548577,9.15946003983078,4.282701673827979,41.321712272247275,27.172474429451974,-0.11310646734187202,0.0,7.454384312977709,-0.17774294961310488
baseline,420000,622,Omega_safe_one_step_QP,25.368657005127965,50.133338986902,-3.0702276806987356,0.052398637570441955,0.9040083289146423,False,False,-0.9040083289146423,-0.09040083736181259,-2.619118432690447,-2.6191184326904535,182.42065989134298,182.42065989134298,185.03977832403342,182.77749764232027,-0.35683775097729153,-2.897228066824105,4.861560995675895,0.9040083736181285,-0.24038554728031158,-0.02403855510056019,-0.30739978374131616,-0.30739978374131893,207.58025960462243,207.58025960462243,207.88765938836374,207.89941063809903,-0.3191510334766008,-2.4862959008140395,4.1640947241859605,0.12363765054701373,9.218627039888432,4.959389814744545,38.842122662016045,28.324051406590556,-0.040567141968082865,0.0,2.919304202580861,0.19149062008595763
baseline,420000,623,Omega_safe_one_step_QP,25.37018965575695,50.13332748621375,1.1821730633701009,-0.020022179916894083,0.9340065717697144,False,False,-0.9340065717697144,-0.09340065717697144,-2.701156442802384,-2.701156442802384,182.28644225343933,182.28644225343933,184.98759869624172,182.47734645140486,-0.19090419796552283,-2.892010104044934,4.8667789584550665,0.9340065717697146,-0.1240781918168068,-0.012407819740474224,0.23585693839837663,0.23585693839838773,208.09748122777702,208.09748122777705,207.86162428937865,207.8295328983738,0.26794832940325364,-2.4836923909155315,4.1666982340844685,0.056605236364137994,9.758902329295431,6.004175642895475,42.09364256526327,25.679484129142352,0.023148634953056302,0.0,-1.044552700681379,-0.16076899764195218
baseline,420000,624,Omega_safe_one_step_QP,25.372779320211084,50.132061513369784,6.975497275320777,-0.12202729247362579,0.9260879158973694,False,False,-0.9260879158973694,-0.09260879456996918,-2.6550297919093357,-2.65502979190933,182.08177302262115,182.08177302262115,184.73680281453048,182.01561499708987,0.06615802553127992,-2.8669305158738103,4.891858546626191,0.9260879456996902,-0.16120195388793945,-0.016120195388793945,0.07760451809185054,0.07760451809184776,207.79882333683312,207.79882333683312,207.72121881874128,207.6524906367873,0.1463327000458321,-2.4696518438517927,4.180738781148207,0.018562393431941302,7.95064651204555,6.483593739704409,41.05077681312638,25.825999921216432,0.11722362792199714,0.0,-7.00492128321639,-0.08779962002749642
baseline,420000,625,Omega_safe_one_step_QP,25.404841453815767,50.130325070852976,21.07528244068726,-0.3656651553522351,0.9776259660720825,False,False,-0.9776259660720825,-0.09776259958744049,-2.210315884997238,-2.210315884997241,176.46619477090766,176.46619477090766,178.6765106559049,175.76858154212346,0.6976132287842063,-2.2609013000112523,5.497887762488748,0.9776259958744065,-0.6257368922233582,-0.06257369369268417,-1.8002022554377746,-1.8002022554377661,204.51291589602283,204.51291589602283,206.3131181514606,206.21030202712083,-1.6973861310979999,-2.3288417771237246,4.321548847876276,0.7730032469879239,9.96477151118087,5.279794785957801,39.80110098726207,26.308845433014667,0.3655403944576783,0.0,-22.4592545138039,1.0184316786588
baseline,420000,626,Omega_safe_one_step_QP,25.39267134818479,50.128488491517025,19.096182551960737,-0.32661366670722475,0.9375360012054443,False,False,-0.9375360012054443,-0.09375359863042831,-2.3686784807111367,-2.3686784807111367,178.96375316495764,178.96375316495764,181.33243164566878,178.373028725401,0.5907244395566238,-2.5264933989876392,5.232295663512361,0.937535986304283,-0.40301933884620667,-0.040301933884620667,-0.8947050852830527,-0.8947050852830387,205.86637835557076,205.86637835557076,206.7610834408538,206.64378988649577,-0.7774115309250078,-2.373638306063045,4.276752318936955,0.3769340438253253,10.176327101578966,6.048351467497019,40.14212020958273,22.18292171918889,0.324491199993151,0.0,-19.88712067050892,0.46644691855500753
baseline,420000,627,Omega_safe_one_step_QP,25.385929109005666,50.12462277290351,21.064147968725592,-0.35944490871779916,0.8786745667457581,False,False,-0.8786745667457581,-0.08786746114492416,-2.360997399879039,-2.3609973998790474,180.5764856761695,180.5764856761695,182.93748307604855,179.91445272296454,0.6620329532049709,-2.686998542025618,5.071790520474382,0.8786746114492449,-0.23917590081691742,-0.02391759119927883,-0.23370300010678996,-0.23370300010678996,206.6343956466638,206.6343956466638,206.8680986467706,206.73605271478957,-0.10165706812577469,-2.384339826654723,4.266050798345278,0.0980158102860195,9.934853167728539,4.055446343469216,45.79371694982668,26.393116421507777,0.34965158883286307,0.0,-21.474793798433893,0.06099424087545913
baseline,420000,628,Omega_safe_one_step_QP,25.369807843325862,50.123884914590455,14.613942035398395,-0.23583328378215593,0.8951442241668701,False,False,-0.8951442241668701,-0.08951442688703537,-2.71072777903915,-2.710727779039153,183.6393497167606,183.6393497167606,186.35007749579975,183.2732820871428,0.36606762961778827,-3.0282579840007364,4.730531078499264,0.8951442688703546,-0.2176455706357956,-0.02176455780863762,-0.18300167260083544,-0.18300167260084793,207.35818393866106,207.35818393866103,207.54118561126188,207.3970068846369,-0.03882294597588043,-2.4516485231038527,4.198742101896148,0.07464433456764957,12.509407786420468,3.1992760864914636,39.974755887817025,24.55500451003919,0.24584309659363868,0.0,-14.883078899578322,0.023293767585528258
baseline,420000,629,Z_mode_existing_controller,25.30274271530182,50.122726477650325,4.164022184237183,-0.06610305673166646,0.9408224821090698,False,False,-0.9408224821090698,-0.09408225119113922,-3.190901026856377,-3.190901026856373,196.61514766423767,196.61514766423767,199.80604869109405,196.66370789402563,-0.04856022978796659,-3.3916078606300406,2.9719301650816004,0.9408225119113908,-0.014338645152747631,-0.0014338645851239562,-0.17920390012037407,-0.17920390012036644,210.15616233589375,210.15616233589375,210.33536623601412,210.17895209797135,-0.022789762077593423,-0.6072241742754312,0.40481612279545515,0.2951198382939893,10.276544954326937,6.212505328010513,43.0664324835088,26.268017953260816,0.07445659090505075,0.0,-4.25215263238988,0.013673857246558896
baseline,420000,630,Z_mode_existing_controller,25.31175429849126,50.12429385993625,-3.9068288490043415,0.06220838264932415,0.950626790523529,False,False,-0.950626790523529,-0.09506268054246902,-3.226720086727915,-3.2267200867279042,194.53645801381742,194.53645801381742,197.76317810054533,194.92172311991305,-0.38526510609563047,-3.3943079117008335,2.9692301140108075,0.9506268054246871,-0.005651678424328566,-0.0005651678657159209,-0.1293120684556892,-0.1293120684557031,209.86498451429236,209.86498451429233,209.99429658274804,209.88967854262495,-0.024694028332618245,-0.6072241742754312,0.40481612279545515,0.2129560612602494,10.482694689295219,5.01515343177621,37.01887371283126,22.687118334079244,-0.05651553112088692,0.0,3.9485279631253434,0.014816416999565263
baseline,420000,631,Z_mode_existing_controller,25.303217639845435,50.12296716439398,-9.334588440494372,0.15096003704152436,0.9450666904449463,False,False,-0.9450666904449463,-0.09450667351484299,-3.2104027559781296,-3.2104027559781425,196.00302549877227,196.00302549877225,199.2134282547504,196.62276030049279,-0.61973480172054,-3.3970116993631274,2.9665263263485135,0.9450667351484334,-0.004803276155143976,-0.00048032760969363153,-0.12377983379678603,-0.12377983379677424,210.1092411543727,210.10924115437274,210.2330209881695,210.17249117469697,-0.06325002032423299,-0.6072241742754312,0.40481612279545515,0.20384536558425762,9.159035076714654,5.156659556708473,39.393502331641976,26.40263332386957,-0.145152089777838,0.0,9.44179051807805,0.03795001219454264
baseline,420000,632,Z_mode_existing_controller,25.3184387760216,50.12392323065327,-13.95550321103019,0.22718706501748182,0.9450244903564453,False,False,-0.9450244903564453,-0.09450244903564453,-3.2127396544181606,-3.212739654418174,192.74779264993936,192.74779264993933,195.9605323043575,193.56102393555864,-0.8132312856193096,-3.399636398001047,2.963901627710594,0.9450244903564492,-0.006799561437219381,-0.0006799561670050025,-0.13546883688623362,-0.13546883688621975,209.46274972994166,209.4627497299417,209.5982185668279,209.57134649861783,-0.10859676867613643,-0.6072241742754312,0.40481612279545515,0.22309526304328647,9.475384066112841,7.575592310907508,35.7619238751982,27.866417026774297,-0.21955214076481155,0.0,14.109897290589288,0.06515806120567902
baseline,420000,633,Omega_safe_one_step_QP,25.343892485255573,50.1250797601299,-16.16031750627735,0.2676961331533327,0.913921058177948,False,False,-0.913921058177948,-0.09139210730791092,-3.164448616145197,-3.1644486161452012,187.52801512653028,187.52801512653028,190.69246374267547,188.45411886491186,-0.9261037383815847,-3.4624966086883098,4.296292453811691,0.9139210730791105,-0.00684898067265749,-0.0006848980556242168,0.6763050892492282,0.6763050892492253,209.2206641168281,209.22066411682806,208.54435902757885,208.5466081267142,0.6740559901138568,-2.551965864735549,4.098424760264452,0.16501586068047921,9.623349321065879,3.304879938589915,37.928628811470766,22.872596944367622,-0.26286929441336326,0.0,16.827620394759833,-0.4044335940683226
baseline,420000,634,Z_mode_existing_controller,25.329671904667244,50.122609509211294,-9.557669235766298,0.14784558691479774,0.9323964715003967,False,False,-0.9323964715003967,-0.09323965013027191,-3.16981924604254,-3.1698192460425525,190.59115389360122,190.59115389360122,193.76097313964377,191.19630229415603,-0.6051484005548105,-3.399647297704094,2.9638907280075473,0.9323965013027226,-0.008221128024160862,-0.0008221128373406827,-0.14251768593550734,-0.14251768593549485,208.90147573867137,208.90147573867137,209.04399342460687,208.99220984758801,-0.09073410891664935,-0.6072241742754312,0.40481612279545515,0.234703577316489,13.199985541303493,5.098145048937597,42.238580021632636,23.45598623193674,-0.14581407185645645,0.0,9.649042842273047,0.054440465349998135
baseline,420000,635,Omega_safe_one_step_QP,25.278893981873374,50.12232432175674,-45.695976508114654,0.7199969717072295,0.9442945122718811,False,False,-0.9442945122718811,-0.09442945569753647,-4.483197071448901,-4.4831970714488945,199.06098080379604,199.06098080379604,203.54417787524494,201.20549556877535,-2.1445147649793057,-4.747668021945256,3.0111210405547446,0.9442945569753631,-0.2472294569015503,-0.02472294680774212,-0.6093364401618485,-0.6093364401618457,210.51237276588844,210.51237276588844,211.1217092060503,211.1114088084701,-0.5990360425816448,-2.8097008825826943,3.840689742417306,0.21686879337908024,9.665535441387256,4.681530306735103,38.58132953148983,21.209756567075523,-0.730167859657664,0.0,46.06672274222365,0.3594216255489897
baseline,420000,636,Omega_safe_one_step_QP,25.284740486766704,50.12072660425886,-30.225723284043852,0.4903199318020352,0.9466479420661926,False,False,-0.9466479420661926,-0.0946647971868515,-4.40936871281838,-4.4093687128183765,198.23688729720223,198.23688729720223,202.6462560100206,199.7821773569458,-1.5452900597435644,-4.657875835422823,3.1009132270771773,0.9466479718685141,-0.09444735944271088,-0.009444735944271088,0.09739981342234277,0.09739981342233167,210.9217516047068,210.92175160470677,210.82435179128444,210.7262888868775,0.19546271782925828,-2.779965141106109,3.870425483893891,0.025165143684497793,8.255541421421292,3.5373587875455006,38.643145876310015,26.29295246377483,-0.48744193539524727,0.0,30.830442850136933,-0.11727763069755781
baseline,420000,637,Z_mode_existing_controller,25.304289145836407,50.121651190775644,8.418475946045874,-0.1291292279272859,0.9397502541542053,False,False,-0.9397502541542053,-0.09397502988576889,-3.192407443646905,-3.19240744364691,195.82031844520773,195.82031844520773,199.01272588885465,195.71405228252087,0.10626616268686462,-3.3970805303572957,2.966457495354345,0.9397502988576905,-0.007927579805254936,-0.0007927580154500902,-0.14154245591249254,-0.1415424559124856,209.94636155465963,209.94636155465963,210.08790401057212,209.91695145500458,0.02941009965505259,-0.6072241742754312,0.40481612279545515,0.23309753120646226,12.622234525074779,5.954303468897274,41.70990498593963,22.48746841627862,0.14488103043365186,0.0,-8.545710916686403,-0.017646059793023028
baseline,420000,638,Omega_safe_one_step_QP,25.275657024178223,50.121416384006174,-32.91747716394275,0.5149127912566295,0.9439082145690918,False,False,-0.9439082145690918,-0.09439082443714142,-4.564170824698252,-4.564170824698248,199.8572939874856,199.85729398748563,204.42146481218387,201.47147286440276,-1.6141788769171228,-4.835396715639151,2.9233923468608496,0.9439082443714132,-0.14478129148483276,-0.014478129334747791,-0.16596889482214938,-0.16596889482213967,211.06853623085092,211.06853623085095,211.23450512567308,211.12423404344506,-0.055697812594104334,-2.820980474544974,3.829410150455026,0.058833762346019274,10.043278497563719,5.637577442845508,37.2112470351198,23.723745548861125,-0.5274887265219661,0.0,33.41154720290797,0.0334186875564626
baseline,420000,639,Omega_safe_one_step_QP,25.283675514998134,50.12144113776806,-19.317715454087192,0.3161722058143809,0.9520612955093384,False,False,-0.9520612955093384,-0.0952061340212822,-4.475080941836166,-4.4750809418361674,198.5965408477627,198.5965408477627,203.07162178959885,199.69000161453738,-1.0934607667746832,-4.700412413380649,3.0583766491193516,0.9520613402128224,-0.03006717376410961,-0.00300671742297709,0.37533999585083744,0.3753399958508388,211.30942144072344,211.30942144072344,210.9340814448726,210.7520827730893,0.5573386676341272,-2.7909381064649255,3.8594525185350754,0.09725213460931652,7.766732087436411,5.1170920055748566,42.99554589824004,23.400390380144657,-0.31400689080897015,0.0,19.966125545476643,-0.3344032005804678
baseline,420000,640,Z_mode_existing_controller,25.32319132701347,50.120788906396314,18.71042183314512,-0.3172757541095833,0.9322093725204468,False,False,-0.9322093725204468,-0.09322094172239304,-3.164573331686791,-3.1645733316867894,192.35123504801217,192.35123504801217,195.51580837969897,191.77014015348732,0.5810948945248526,-3.3947021701526268,2.9688358555590146,0.9322094172239297,0.002028164453804493,0.0002028164453804493,-0.08246333630977792,-0.08246333630978347,209.18693475421497,209.18693475421497,209.26939809052476,209.0259404372583,0.16099431695667477,-0.6072241742754312,0.40481612279545515,0.13580377692996604,7.477784032188781,4.995637575430053,38.59080435706852,21.172677391567536,0.3074464590528385,0.0,-18.92127170202366,-0.09659659017400202
baseline,420000,641,Omega_safe_one_step_QP,25.360207853332234,50.117559057077585,14.908015005978996,-0.25416489632017125,0.942124605178833,False,False,-0.942124605178833,-0.09421246498823166,-3.010091984483951,-3.0100919844839384,185.0074452426109,185.0074452426109,188.01753722709486,184.63402973283246,0.3734155097784537,-3.195003957130247,4.563785105369753,0.942124649882313,0.049580369144678116,0.004958036821335554,1.047899943041014,1.0478999430410265,208.5350505676103,208.5350505676103,207.4871506245693,207.3035401663977,1.2315104012126028,-2.4462450244345937,4.204145600565407,0.24925396087616392,8.83384008328683,6.007853223336442,41.70756662123935,24.536414228743208,0.23611333620330122,0.0,-14.405222101455365,-0.7389062407275588
baseline,420000,642,Omega_safe_one_step_QP,25.378626089716708,50.11577064799619,25.39189813251778,-0.44892323296135545,0.9291406869888306,False,False,-0.9291406869888306,-0.09291406720876694,-2.654265892396887,-2.654265892396901,181.98012127898483,181.98012127898483,184.63438717138172,181.1352705487184,0.8448507302664154,-2.856688951558935,4.902100110941065,0.9291406720876738,0.06094168871641159,0.006094168871641159,1.1647950251456762,1.1647950251456791,207.81315045007858,207.81315045007858,206.6483554249329,206.44447278125375,1.36867766882483,-2.3623655044709553,4.288025120529046,0.27163903951242935,7.528830061509245,4.268176638530521,40.22759752122004,25.4023942740303,0.40418048427245745,0.0,-24.974872015495748,-0.8212066012949037
baseline,420000,643,Omega_safe_one_step_QP,25.402626379169345,50.11362587109712,42.306857221960854,-0.709387189210953,0.867271900177002,False,False,-0.867271900177002,-0.08672719448804855,-2.088647473200142,-2.0886474732001474,178.0618092305523,178.0618092305523,180.15045670375247,176.5977501555281,1.4640590750242097,-2.408295904796008,5.350493157703992,0.8672719448804875,0.04485921561717987,0.00448592146858573,1.1288225051762275,1.12882250517624,206.68294570367726,206.68294570367726,205.55412319850103,205.33928044182045,1.3436652618568132,-2.2529422818277673,4.3974483431722335,0.2566994350096059,11.83617920730411,4.0660470941909805,41.040136367232044,28.587476784200714,0.6819418470428573,0.0,-42.182599911890065,-0.8061991571140936
baseline,420000,644,Omega_safe_one_step_QP,25.351327079065783,50.113907680954235,12.261437917093645,-0.2107115486494048,0.9116750359535217,False,False,-0.9116750359535217,-0.09116750210523605,-3.137110914827794,-3.137110914827794,187.34079442337074,187.34079442337074,190.47790533819852,187.04163008007797,0.2991643432927731,-3.4410407682406157,4.317748294259386,0.9116750210523604,-0.13510937988758087,-0.013510937802493572,0.177143107569519,0.17714310756950652,207.94020148707227,207.94020148707224,207.76305837950275,207.56664821819305,0.37355326887919205,-2.473835799927939,4.176554825072062,0.04241369142483365,7.789374988285641,4.296416405820549,40.6157605701119,23.989976059625718,0.20060666318494347,0.0,-12.237912618950759,-0.22413196132751523
baseline,420000,645,Omega_safe_one_step_QP,25.375608667042016,50.1118346405481,26.487054911798623,-0.4700950664916634,0.881534218788147,False,False,-0.881534218788147,-0.0881534218788147,-2.632381543040728,-2.632381543040738,183.29648152474311,183.29648152474311,185.92886306778385,182.3629969817069,0.9334845430362009,-2.986136541199147,4.772652521300853,0.8815342187881499,-0.12316504865884781,-0.012316505424678326,0.30173347661286015,0.3017334766128643,206.96109393443436,206.96109393443436,206.6593604578215,206.43856529444733,0.5225286399870299,-2.3634660077598144,4.286924617240186,0.07038460051278268,7.004884094862891,5.206633786310297,32.19080395206976,23.501145773028185,0.42971428546612245,0.0,-26.60325201327305,-0.31351718399221795
baseline,420000,646,Omega_safe_one_step_QP,25.412517992038087,50.108225485157384,45.98517325604553,-0.7836641071739012,0.860031247138977,False,False,-0.860031247138977,-0.0860031247138977,-1.9640291889868822,-1.9640291889868848,176.94018742929111,176.94018742929111,178.90421661827799,175.303793867143,1.6363935621481005,-2.283671896248562,5.4751171662514375,0.8600312471389777,0.08881577849388123,0.008881578221917152,1.3688688489262413,1.3688688489262328,206.30761160704867,206.30761160704867,204.93874275812243,204.70854697445807,1.599064632590597,-2.191404237789909,4.458986387210091,0.3069910356426788,11.149256134758533,4.148286136192348,34.981353513051346,25.899689194940233,0.7385045135848287,0.0,-45.76423899007659,-0.9594387795543611
baseline,420000,647,Omega_safe_one_step_QP,25.369771143295704,50.10605128988756,18.925069107638592,-0.3154005353010357,0.912976086139679,False,False,-0.912976086139679,-0.09129761159420013,-2.87534752296205,-2.8753475229620613,184.68637514873112,184.6863751487311,187.56172267169316,184.1067569497164,0.5796181990146749,-3.1494225015900765,4.6093665609099235,0.912976115942005,-0.29479578137397766,-0.029479578137397766,-0.4281372503703293,-0.42813725037032374,206.22211455486007,206.22211455486007,206.6502518052304,206.44346997604055,-0.22135542118047624,-2.3625551425007045,4.287835482499296,0.18121788679909978,10.31534026329441,5.5056987877464225,40.548676794593774,24.909106942720072,0.3160307077525353,0.0,-19.373913068098773,0.1328132527082886
baseline,420000,648,Omega_safe_one_step_QP,25.361281177297563,50.104817381042544,19.869457847490594,-0.33131080682492625,0.8656165599822998,False,False,-0.8656165599822998,-0.0865616574883461,-2.8897085902675332,-2.889708590267521,186.56102910637756,186.56102910637756,189.4507376966451,185.95445351310767,0.6065755932698949,-3.3383240040852704,4.42046505841473,0.8656165748834574,-0.08989346027374268,-0.008989346213638783,0.40702013779331525,0.4070201377933125,207.3773450321589,207.3773450321589,206.97032489436558,206.7537714012731,0.6235736308858009,-2.394562451414224,4.255828173585777,0.09563829205312462,9.827292616900221,4.44990440675222,39.885827890024906,24.23792655075545,0.3227762927055302,0.0,-19.818089961663645,-0.3741441785314805
baseline,420000,649,Z_mode_existing_controller,25.352891816662275,50.10327539991681,17.054435987030047,-0.27958679643457957,0.8997141718864441,False,False,-0.8997141718864441,-0.08997141569852829,-3.0400600228162307,-3.040060022816232,188.27945770548666,188.27945770548666,191.31951772830288,187.78241893342198,0.49703877206468405,-3.3789176253519364,2.984620400359705,0.8997141569852831,-0.011194141581654549,-0.001119414228014648,-0.1566245832277824,-0.15662458322777684,207.11188310768492,207.11188310768495,207.2685076909127,207.0434941375263,0.06838897015865086,-0.6072241742754312,0.40481612279545515,0.25793535544705337,10.415563048638072,4.465551047736864,42.46431517295963,22.232709238799835,0.28275812658258204,0.0,-17.296160731517375,-0.04103338209519336
baseline,420000,650,Z_mode_existing_controller,25.33763364297826,50.101175951307724,6.6639784661447266,-0.10753086058562858,0.9104423522949219,False,False,-0.9104423522949219,-0.09104423969984055,-3.0787884449438008,-3.078788444943791,191.02343175702353,191.02343175702353,194.10222020196733,190.9588298322928,0.06460192473073789,-3.381640019285255,2.9818980064263862,0.9104423969984022,-0.00452894251793623,-0.00045289425179362297,-0.11866879754411641,-0.11866879754412335,207.62865679787677,207.62865679787674,207.74732559542088,207.58914056818836,0.039516229688388194,-0.6072241742754312,0.40481612279545515,0.19542831555697632,10.611258318281227,6.375233052549049,36.82563259789632,26.256350529246824,0.11432063602817522,0.0,-6.754589364360072,-0.02370973781303576
baseline,420000,651,Z_mode_existing_controller,25.33611792625687,50.10151903472415,-1.789547360503093,0.0297469213407799,0.9175882339477539,False,False,-0.9175882339477539,-0.09175882488489151,-3.1054584096948994,-3.1054584096949065,191.0408425182381,191.0408425182381,194.146300927933,191.32847870022786,-0.28763618198976815,-3.3843702920025374,2.9791677337091036,0.9175882488489171,-0.00512082502245903,-0.0005120825371704996,-0.12285895091587451,-0.12285895091588284,207.65890722960197,207.65890722960197,207.78176618051785,207.6796916422759,-0.020784412673947372,-0.6072241742754312,0.40481612279545515,0.2023288204269601,8.739428263331401,6.724474189150844,36.04489719509096,25.416595802300463,-0.02356754348289769,0.0,1.8006442563810197,0.012470647604359897
baseline,420000,652,Omega_safe_one_step_QP,25.36413574526998,50.10084959111255,1.558651744024246,-0.026599062866113115,0.8450398445129395,False,False,-0.8450398445129395,-0.08450398594141006,-2.7306349970219994,-2.730634997022012,185.6505454584818,185.6505454584818,188.3811804555038,185.81146612528204,-0.1609206668002514,-3.231368279971142,4.527420782528859,0.8450398594141049,-0.05258932337164879,-0.005258932244032621,0.5915525456787405,0.5915525456787335,207.10875828309256,207.10875828309253,206.5172057374138,206.45790109532987,0.6508571877626537,-2.3492505357190443,4.301140089280956,0.13753389413029474,8.478588066759773,3.5144744178205167,40.86105745901915,25.581602752353675,0.024118972650562398,0.0,-1.1922564040169163,-0.3905143126575865
baseline,420000,653,Omega_safe_one_step_QP,25.37048147495626,50.099698693009124,5.393312725801479,-0.09044208274757277,0.8819616436958313,False,False,-0.8819616436958313,-0.08819616585969925,-2.7591162833945067,-2.7591162833945164,184.5922388564483,184.5922388564483,187.3513551398428,184.59099656187453,0.001242294573756908,-3.128385748405043,4.630403314094958,0.881961658596996,-0.08402986079454422,-0.008402986451983452,0.5145453215552431,0.5145453215552515,206.73294294845718,206.7329429484572,206.21839762690195,206.12614544618145,0.6067975022757537,-2.319369724667861,4.33102090033214,0.11880462676035382,9.829141556109557,5.026872290654623,45.294004964214075,28.691433892282134,0.08764745491447812,0.0,-5.116881679350627,-0.36407850136545505
baseline,420000,654,Omega_safe_one_step_QP,25.367210088212335,50.100932117892626,5.14190505697934,-0.08874872872787588,0.9041297435760498,False,False,-0.9041297435760498,-0.09041297435760498,-2.903857911297336,-2.90385791129734,185.28135218487867,185.28135218487867,188.185210096176,185.27799577546722,0.0033564094114524323,-3.211771244038363,4.547017818461637,0.9041297435760512,-0.13886374235153198,-0.013886374421417713,0.27234994958356684,0.27234994958357656,206.72723413085097,206.72723413085097,206.4548841812674,206.33724453784433,0.3899895930066464,-2.3430183801044047,4.307372244895595,0.06322879335685971,7.937161350331749,5.58822913560563,36.26578412606251,21.595398417122613,0.08452126134917481,0.0,-4.9924325625243,-0.2339937558039935
baseline,420000,655,Omega_safe_one_step_QP,25.394705189794905,50.09692910663929,23.582602280032006,-0.41046507242942915,0.8498237729072571,False,False,-0.8498237729072571,-0.08498238027095795,-2.289753987609014,-2.289753987609017,180.72161109468237,180.72161109468234,183.01136508229138,179.9426264325527,0.778984662129659,-2.694386742649898,5.064402319850102,0.8498238027095807,-0.03010226972401142,-0.0030102271120995283,0.8157383003907309,0.8157383003907295,205.92302306744563,205.92302306744563,205.1072847670549,204.96078544330322,0.9622376241424035,-2.208258438683155,4.4421321863168455,0.1836366560417671,8.731285700311643,5.393563957639578,42.36269426236242,29.374984315716482,0.3789617873270643,0.0,-23.38422149287362,-0.5773425744854421
baseline,420000,656,Omega_safe_one_step_QP,25.406962584256178,50.097469176875876,26.94770137244086,-0.46162208244654424,0.8787009119987488,False,False,-0.8787009119987488,-0.08787009119987488,-2.171840790575083,-2.171840790575097,178.61215323979002,178.61215323979002,180.7839940303651,177.6898268817675,0.9223263580225307,-2.471649637457274,5.287139425042726,0.8787009119987543,-0.26614436507225037,-0.026614436879754066,-0.15837293375174089,-0.15837293375174644,204.49199155325576,204.49199155325576,204.6503644870075,204.49778171745857,-0.005790164202807091,-2.1625664106784153,4.487824214321585,0.07323378970917407,10.23326460994424,3.9044234424573183,41.3153756194868,25.900235615013777,0.44388002517461445,0.0,-27.395055496136592,0.0034740985216785703
baseline,420000,657,Omega_safe_one_step_QP,25.381338874675524,50.0959435076526,13.795452372006366,-0.23036752738648517,0.9000425934791565,False,False,-0.9000425934791565,-0.09000425785779953,-2.6980847800302215,-2.698084780030209,183.3467144417948,183.34671444179483,186.04479922182503,182.9719839348356,0.3747305069592244,-2.997730156603266,4.761058905896734,0.9000425785779912,-0.27722296118736267,-0.027722297236323357,-0.27482561447849385,-0.2748256144784786,205.39934700972657,205.39934700972657,205.67417262420506,205.52222793251894,-0.12288092279237617,-2.26494722439817,4.385443400601831,0.1213386393811025,10.456764232766286,3.5127984709279705,38.264478776370225,27.096701632774327,0.2314248408211519,0.0,-14.100605766502667,0.07372855367542286
baseline,420000,658,Z_mode_existing_controller,25.35133990206824,50.09569128602269,4.956046331449215,-0.07995229399905145,0.928745687007904,False,False,-0.928745687007904,-0.09287457168102264,-3.133784450933208,-3.133784450933212,189.01552456755815,189.01552456755815,192.14930901849135,189.0128737924409,0.002650775117245985,-3.374211470601641,2.98932655511,0.9287457168102272,-0.01648789271712303,-0.0016487892717123032,-0.19057093177747841,-0.19057093177748535,206.7609698649874,206.7609698649874,206.95154079676487,206.78680132105563,-0.025831456068232228,-0.6072241742754312,0.40481612279545515,0.313839500881011,11.105178527654909,5.492502359335694,43.37498892597753,27.015204471473844,0.08722046813620565,0.0,-5.058765673226844,0.015498873640936495
baseline,420000,659,Z_mode_existing_controller,25.335582603181646,50.096861432162456,-2.9294351871058097,0.04799887303992571,0.9251128435134888,False,False,-0.9251128435134888,-0.09251128882169724,-3.124272801074561,-3.124272801074553,191.84504280994412,191.84504280994415,194.9693156110187,192.17155915653248,-0.3265163465883347,-3.37718006187998,2.986357963831661,0.9251128882169698,-0.0030587015207856894,-0.0003058701695408672,-0.11154154841331032,-0.11154154841331171,207.51559752572703,207.51559752572703,207.62713907414033,207.521158495926,-0.005560970198956738,-0.6072241742754312,0.40481612279545515,0.1836908890302472,9.391927046427918,3.5422970062690844,39.9658712848041,24.32678670421679,-0.04208189965039821,0.0,2.9681805046375302,0.003336582119374043
baseline,420000,660,Z_mode_existing_controller,25.33147550893148,50.096114281886955,-10.869859143320355,0.17181908974707094,0.942074716091156,False,False,-0.942074716091156,-0.09420747309923172,-3.1842835171441983,-3.184283517144186,192.33763867050197,192.33763867050197,195.52192218764617,192.98534295374702,-0.6477042832450479,-3.3800752874350977,2.9834627382765433,0.9420747309923133,-0.0034966066014021635,-0.00034966066596098244,-0.11582319134245678,-0.11582319134244151,207.59227788281956,207.5922778828196,207.70810107416202,207.647552160969,-0.05527427814942598,-0.6072241742754312,0.40481612279545515,0.19074206240330807,11.381864664932081,4.862680184393081,37.81774386547692,26.273175141461167,-0.16942557589482732,0.0,11.00612015232582,0.03316456688966696
baseline,420000,661,Z_mode_existing_controller,25.306008333020593,50.096967343451865,-16.569248917403456,0.262769057454366,0.947138786315918,False,False,-0.947138786315918,-0.09471388161182404,-3.204178742782232,-3.2041787427822195,197.05889800177238,197.05889800177238,200.2630767445546,197.95686425359878,-0.8979662518264035,-3.383008581481497,2.980529444230144,0.9471388161182365,0.00011931359767913818,1.1931359949812759e-05,-0.09515537958372233,-0.09515537958371817,208.6806811065155,208.6806811065155,208.77583648609922,208.75692555475678,-0.07624444824128318,-0.6072241742754312,0.40481612279545515,0.15670551933684476,10.00434300797331,5.191851585611272,35.55796385972054,23.37623840994278,-0.26258222418806554,0.0,16.786084472647417,0.04574666894475854
baseline,420000,662,Z_mode_existing_controller,25.307986282265468,50.096287334255614,-20.246837391086046,0.3183555588550534,0.9378337860107422,False,False,-0.9378337860107422,-0.09378337860107422,-3.175426105784517,-3.1754261057845214,196.43878289119294,196.43878289119294,199.61420899697745,197.48271321118662,-1.0439303199936774,-3.385915663469332,2.977622362242309,0.9378337860107433,-0.002996718743816018,-0.0002996718685608357,-0.11246588789307899,-0.11246588789308731,208.49169378552284,208.49169378552284,208.60415967341592,208.61721241545425,-0.12551862993140617,-0.6072241742754312,0.40481612279545515,0.18521312664682194,10.62863164813778,4.762633922868377,34.451604109846976,22.10929895592777,-0.3214366179578896,0.0,20.492962831084697,0.07531117795885223
baseline,420000,663,Omega_safe_one_step_QP,25.29555386825354,50.0948230403565,-49.64298375217095,0.7963887011756704,0.9436618685722351,False,False,-0.9436618685722351,-0.09436618536710739,-4.317946806209645,-4.3179468062096475,197.5069033314255,197.5069033314255,201.82485013763514,199.84062431382497,-2.333720982399484,-4.575735248184277,3.1830538143157243,0.9436618536710742,-0.14658349752426147,-0.014658349566161633,0.0369900793397715,0.03699007933975762,209.03474652110626,209.03474652110623,208.99775644176648,209.03859632555526,-0.00384980444903249,-2.597305606154312,4.053085018845688,0.009126401042110963,8.892802082706153,5.118169506858386,40.37972810030494,20.69729658735764,-0.8011170997218358,0.0,50.44179096922289,0.0023098826694223362
baseline,420000,664,Z_mode_existing_controller,25.316223647945954,50.09264498833922,-11.307553956746233,0.1829452078546162,0.9487213492393494,False,False,-0.9487213492393494,-0.0948721393942833,-3.212784380282982,-3.212784380282981,194.7730159735708,194.7730159735708,197.9858003538538,195.46259074505036,-0.6895747714795561,-3.386436103154405,2.977101922557236,0.9487213939428326,-6.884336471557617e-05,-6.884336471557617e-06,-0.09641767561221343,-0.09641767561222453,207.94339373104816,207.94339373104813,208.03981140666036,207.99186893762166,-0.048475206573527885,-0.6072241742754312,0.40481612279545515,0.15878431672664334,9.389024626838818,6.576406383117997,38.00360952571273,25.12129194117553,-0.17754399292769207,0.0,11.456012825729886,0.02908512394411389
baseline,420000,665,Z_mode_existing_controller,25.33757532335228,50.092689449393404,-13.995336277223942,0.2317828190626965,0.9238155484199524,False,False,-0.9238155484199524,-0.0923815593123436,-3.131079075341979,-3.131079075341979,190.3829138658333,190.3829138658333,193.51399294117527,191.19135672643907,-0.8084428606057656,-3.389290133927863,2.974247891783778,0.9238155931234362,0.0029029392171651125,0.00029029391589574516,-0.0764898390455182,-0.07648983904550433,207.01661223469648,207.01661223469648,207.093102073742,207.0808381122798,-0.06422587758331133,-0.6072241742754312,0.40481612279545515,0.1259663931146609,8.976591502024835,4.38032565483278,36.275312697596014,21.877965591895865,-0.22127885299707195,0.0,14.178079603670085,0.03853552654999248
baseline,420000,666,Z_mode_existing_controller,25.344273369642544,50.08990089747014,-19.852550789360976,0.32474352827197034,0.9443044662475586,False,False,-0.9443044662475586,-0.09443044662475586,-3.203041544317521,-3.203041544317531,188.77832028374792,188.77832028374792,191.98136182806545,189.82193229623363,-1.0436120124857098,-3.391958482464504,2.9715795432471372,0.944304466247561,-0.0009962801123037934,-9.962801414076239e-05,-0.10140314224747482,-0.1014031422474651,206.50924105667903,206.50924105667903,206.6106441989265,206.6277060634738,-0.11846500679476435,-0.6072241742754312,0.40481612279545515,0.16699457390421613,10.052857838528562,4.367999706266161,41.16885680878227,29.66297036469626,-0.3152090128417697,0.0,20.096680798124908,0.0710790040768643
baseline,420000,667,Z_mode_existing_controller,25.333959121868077,50.09216152204578,-20.75560923172725,0.3473312587471831,0.9213576912879944,False,False,-0.9213576912879944,-0.09213577210903168,-3.127722261691242,-3.1277222616912486,190.60971680396847,190.60971680396847,193.73743906565971,191.71813750169468,-1.108420697726217,-3.3946882845784994,2.9688497411331416,0.9213577210903184,-0.008592654950916767,-0.0008592655067332089,-0.1435767411902683,-0.14357674119027525,206.97754578500036,206.97754578500033,207.12112252619062,207.16453552995773,-0.18698974495740117,-0.6072241742754312,0.40481612279545515,0.23644767002499176,8.24970654543291,4.791295139930142,38.06969873781487,28.384392509967327,-0.33027655901989306,0.0,20.973691943772792,0.11219384697444923
baseline,420000,668,Omega_safe_one_step_QP,25.356038419816954,50.09324303471665,-18.465598507084906,0.304700525695103,0.8848345279693604,False,False,-0.8848345279693604,-0.08848345279693604,-2.926132772597953,-2.9261327725979447,186.21119523117198,186.21119523117198,189.13732800376994,187.2177765583055,-1.0065813271335173,-3.306983034797755,4.451806027702246,0.8848345279693574,-0.042307280004024506,-0.004230727907270193,0.703553525284567,0.7035535252845532,206.9090944643439,206.90909446434387,206.20554093905932,206.26760101126675,0.6414934530771177,-2.3180840558835967,4.332306569116404,0.16239698508410186,10.150848619546315,5.144055903375324,39.92818312112092,24.231436990978608,-0.2999272213035553,0.0,19.150421800234653,-0.3848960718462706
baseline,420000,669,Omega_safe_one_step_QP,25.34808906498515,50.09175366879541,-15.505557426124142,0.2573340898477566,0.9005513787269592,False,False,-0.9005513787269592,-0.09005513787269592,-3.1411171245453664,-3.1411171245453735,187.806312967592,187.806312967592,190.94743009213735,188.70070865046196,-0.8943956828699697,-3.4879932436344983,4.270795818865502,0.9005513787269613,-0.028704462572932243,-0.002870446303859353,0.7537837319092313,0.7537837319092369,207.24701254147874,207.24701254147874,206.4932288095695,206.5015248909596,0.7454876505191521,-2.3468528429346156,4.303537782065385,0.17515443574134848,9.454078957277552,6.446120392102924,39.68145077201222,26.84685696552089,-0.2532490568044281,0.0,16.206099073240694,-0.44729259031149127
baseline,420000,670,Omega_safe_one_step_QP,25.362417779405465,50.091878139384384,-3.619208908255132,0.05979948758235761,0.9115025401115417,False,False,-0.9115025401115417,-0.09115025401115417,-2.9418458369266807,-2.941845836926693,185.4003379274385,185.4003379274385,188.3421837643652,185.78476169134765,-0.38442376390915456,-3.227468610857281,4.531320451642719,0.9115025401115455,-0.08695688098669052,-0.008695688098669052,0.5574940650864668,0.5574940650864793,206.48831190173175,206.48831190173175,205.93081783664528,205.8877167404703,0.6005951612614524,-2.2906117456421917,4.359778879357809,0.12787209638682354,10.422746738110874,5.768974318358301,40.96877841843063,23.32171276527511,-0.058115627940576786,0.0,4.037681632952626,-0.36035709675687144
baseline,420000,671,Omega_safe_one_step_QP,25.355399965468358,50.08987708595692,-0.14805906441415573,0.0024824784925395315,0.889137327671051,False,False,-0.889137327671051,-0.08891373127698898,-3.0140177600616282,-3.014017760061642,186.95170592644578,186.95170592644575,189.9657236865074,187.19464584243812,-0.2429399159923662,-3.3898226030715017,4.368966459428498,0.8891373127698939,-0.06011372059583664,-0.0060113719664514065,0.6339179052715915,0.6339179052715888,206.78347738201086,206.78347738201086,206.14955947673926,206.07081751841702,0.7126598635938421,-2.312485909651592,4.337904715348409,0.1461345849826197,9.190240776415571,4.197269806335525,39.207663676011734,24.294433752602306,-0.0035897152310440106,0.0,0.5792446978020962,-0.4275959181563138
baseline,420000,672,Omega_safe_one_step_QP,25.355478092483143,50.0882540901877,4.386835793167847,-0.0741357378431096,0.8855918645858765,False,False,-0.8855918645858765,-0.08855918794870377,-3.0211172708770913,-3.0211172708770926,187.16048351588591,187.16048351588591,190.181600786763,187.21102679835502,-0.050543282469107,-3.411410313097063,4.347378749402937,0.885591879487038,-0.04734098166227341,-0.004734098445624113,0.6922719283400423,0.6922719283400353,206.78181055547032,206.78181055547032,206.08953862713028,205.97690997577627,0.8049005796940492,-2.306483824690693,4.343906800309308,0.15936620193848128,8.728837149855467,6.25604324742735,41.138437998800875,25.520452778220104,0.06888658650048285,0.0,-3.972782031852148,-0.482940347816438
baseline,420000,673,Omega_safe_one_step_QP,25.378867877059513,50.087407235548135,16.959593508365288,-0.2858140869760671,0.8973603248596191,False,False,-0.8973603248596191,-0.08973603695631027,-2.667044051407813,-2.6670440514078226,183.12144577062338,183.12144577062335,185.78848982203118,182.64785756554198,0.47358820508137,-2.9720992166238798,4.786689845876121,0.897360369563106,-0.05725759267807007,-0.005725759547203779,0.7499992469914063,0.7499992469913939,205.83988544595394,205.83988544595394,205.08988619896255,204.94791896354423,0.891966482409714,-2.2065185818739197,4.44387204312608,0.16877156671320365,9.98169327792555,2.2741495156040226,43.433046206273715,22.973478118515335,0.2730345331594499,0.0,-16.697448152078323,-0.5351798894458284
baseline,420000,674,Z_mode_existing_controller,25.348495554937006,50.084928994587194,8.15314329821831,-0.12891434963648327,0.913711667060852,False,False,-0.913711667060852,-0.09137117117643356,-3.091322498114679,-3.0913224981146668,188.91761619572264,188.91761619572267,192.00893869383734,188.80185787582363,0.11575831989904373,-3.383258043333468,2.980279982378173,0.9137117117643317,-0.020341631025075912,-0.0020341631025075912,-0.21162277097662996,-0.2116227709766355,206.05185680996658,206.05185680996655,206.2634795809432,206.1095405615684,-0.057683751601842914,-0.6072241742754312,0.40481612279545515,0.3485084750276187,12.392388219312739,5.700574135734068,39.55854368151147,27.84526332914965,0.14066660990976487,0.0,-8.328420159088637,0.03461025096109438
baseline,420000,675,Z_mode_existing_controller,25.31367399290898,50.08662688986785,-2.5017316156245215,0.04060431035704479,0.9368329644203186,False,False,-0.9368329644203186,-0.09368329495191574,-3.1721042086456084,-3.172104208645596,195.43093356168708,195.43093356168708,198.6030377703327,195.751026742307,-0.32009318061992076,-3.3859870217777193,2.9775510039339217,0.9368329495191537,-0.009252777323126793,-0.0009252777672372758,-0.1490095765666652,-0.14900957656666936,207.6256839454449,207.6256839454449,207.77469352201157,207.68251581863225,-0.05683187318734895,-0.6072241742754312,0.40481612279545515,0.24539467115991337,9.11690668527458,2.338548886735944,39.68499699993283,20.822610168876057,-0.034465308255972715,0.0,2.502097799967487,0.03409912391241221
baseline,420000,676,Z_mode_existing_controller,25.307897644108433,50.08426550317742,-8.80228096206065,0.13963262479927788,0.9387367367744446,False,False,-0.9387367367744446,-0.09387367218732834,-3.1811820498930397,-3.1811820498930397,196.3309619148344,196.3309619148344,199.51214396472744,196.91294035685056,-0.5819784420161511,-3.3887904625110177,2.9747475632006237,0.9387367218732832,-0.0032798342872411013,-0.0003279834345448762,-0.11421562367617821,-0.11421562367618793,207.7244634216122,207.7244634216122,207.8386790452884,207.79018194295065,-0.06571852133845368,-0.6072241742754312,0.40481612279545515,0.1880946584718493,10.222809147323888,5.237879128105755,35.13150220061533,21.243746207754832,-0.136043179106192,0.0,8.898893028364,0.03943111280307221
baseline,420000,677,Z_mode_existing_controller,25.306166311398336,50.08225460359276,-15.567009257569225,0.25121719606441917,0.9607639312744141,False,False,-0.9607639312744141,-0.09607639163732529,-3.258481894796879,-3.258481894796865,196.36496035691908,196.3649603569191,199.62344225171597,197.24242048007105,-0.8774601231519341,-3.391553158133983,2.9719848675776586,0.9607639163732485,-0.0010801027528941631,-0.00010801027383422479,-0.10355989722171666,-0.10355989722171388,207.64878752443428,207.64878752443428,207.752347421656,207.7426044629806,-0.09381693854632545,-0.6072241742754312,0.40481612279545515,0.170546400504042,9.136467695385013,5.309375435306977,45.44369255298818,23.843497016748277,-0.2463107580614654,0.0,15.757029852502455,0.05629016312779811
baseline,420000,678,Z_mode_existing_controller,25.325421406205983,50.082255086487145,-17.170378500805782,0.2822167774819635,0.9323046803474426,False,False,-0.9323046803474426,-0.0932304710149765,-3.1646001749366883,-3.1646001749366874,192.40299740601213,192.40299740601213,195.5675975809488,193.3520985161784,-0.9491011101662536,-3.3943839824946593,2.9691540432169816,0.9323047101497647,-0.0006144754006527364,-6.144754297565669e-05,-0.0979522906983929,-0.09795229069839567,206.79396191069785,206.79396191069785,206.89191420139625,206.91196692152513,-0.11800501082728942,-0.6072241742754312,0.40481612279545515,0.16131157955836822,8.931251865102695,4.514609598224415,40.92762509508553,24.95414494167206,-0.2722154355220088,0.0,17.37179092983206,0.07080300649636229
baseline,420000,679,Z_mode_existing_controller,25.33711197225102,50.08194847815845,-19.269585394796195,0.322969154908341,0.9207828640937805,False,False,-0.9207828640937805,-0.09207829087972641,-3.1279089768333788,-3.1279089768333836,189.89750863270206,189.89750863270203,193.02541760953542,190.94619351299315,-1.0486848802911197,-3.3970102474198676,2.966527778291774,0.9207829087972653,0.001428532414138317,0.0001428532414138317,-0.08481928304891889,-0.08481928304891612,206.25158572708295,206.25158572708295,206.33640501013187,206.38129727539453,-0.12971154831157605,-0.6072241742754312,0.40481612279545515,0.13968364014842874,8.328472130971978,5.560541246704351,35.78678051130768,25.03901528262359,-0.30654387589222587,0.0,19.498302341701674,0.07782692898695132
baseline,420000,680,Omega_safe_one_step_QP,25.36201485145015,50.08082260193165,-16.144505403994117,0.2653364330159762,0.9032530188560486,False,False,-0.9032530188560486,-0.09032530337572098,-2.8751291802073737,-2.8751291802073755,185.0231963029532,185.0231963029532,187.8983254831606,185.92664628288375,-0.9034499799305422,-3.18308278273682,4.57570627976318,0.9032530337572102,-0.09850484877824783,-0.009850485250353813,0.5654576029264169,0.565457602926428,205.74679159217726,205.74679159217726,205.18133398925085,205.24608282702144,0.5007087651558209,-2.2156633609027483,4.434727264097252,0.12750673699919954,10.699733575502757,4.745582484373704,39.611199208406376,23.073127444031677,-0.2603847606487868,0.0,16.705315423736465,-0.30042525909350104
baseline,420000,681,Z_mode_existing_controller,25.34091545209239,50.07861037472462,-13.738328560099035,0.23692411229937935,0.9143892526626587,False,False,-0.9143892526626587,-0.09143892675638199,-3.106213367932215,-3.106213367932218,189.2067417467677,189.2067417467677,192.31295511469992,190.0337586187678,-0.8270168720000868,-3.397036118116311,2.9665019075953305,0.9143892675638207,-0.0054467227309942245,-0.000544672308024019,-0.12444415278543286,-0.12444415278543702,205.85919230274087,205.85919230274087,205.9836364555263,205.9977769804704,-0.13858467772953986,-0.6072241742754312,0.40481612279545515,0.20493939150879445,6.889268383972595,5.984294184266257,41.574569079591775,21.441838102071937,-0.2174525844886137,0.0,13.872630337949886,0.08315080663771823
baseline,420000,682,Omega_safe_one_step_QP,25.391286198140026,50.07520600484495,-0.9536384853281561,0.016093459167981508,0.9395829439163208,False,False,-0.9395829439163208,-0.0939582958817482,-2.4549081217055098,-2.454908121705504,179.74022519060355,179.74022519060355,182.19513331230905,180.04213657529283,-0.3019113846892765,-2.612763565651668,5.146025496848332,0.9395829588174802,0.1017678901553154,0.01017678901553154,1.6393212388156844,1.6393212388156955,205.2707501162136,205.2707501162136,203.63142887739792,203.66744670794606,1.60330340826755,-2.060672849717456,4.589717775282544,0.357172558113288,10.542875079346562,4.778715803254369,39.8034536617601,26.5237714567201,-0.02439647097579467,0.0,1.9400170012640956,-0.9619820449605214
baseline,420000,683,Omega_safe_one_step_QP,25.368625329282402,50.074191536887085,-5.830878582541118,0.0980976981372497,0.9206839203834534,False,False,-0.9206839203834534,-0.0920683965086937,-2.8390116987843674,-2.8390116987843674,184.06438412013384,184.06438412013384,186.9033958189182,184.54242986915,-0.4780457490161609,-3.0835898163125828,4.675199246187418,0.9206839650869367,-0.16116686165332794,-0.016116686165332794,0.3636952146603492,0.3636952146603395,204.9290162096901,204.9290162096901,204.56532099502977,204.5682537296806,0.3607624800094982,-2.1540620614806416,4.496328563519358,0.080887152600714,9.623981875435378,3.4824751212095952,43.04487445938577,29.014457322185898,-0.09209969230692394,0.0,6.139435762853282,-0.21645748800570175
baseline,420000,684,Omega_safe_one_step_QP,25.354990910038843,50.0753887945365,-4.30039772226246,0.07110801034841863,0.8970062732696533,False,False,-0.8970062732696533,-0.08970063179731369,-3.025970068665133,-3.0259700686651443,186.77562742605116,186.77562742605116,189.8015974947163,187.19718554786323,-0.421558121812069,-3.3734099838923925,4.385379078607608,0.8970063179731399,-0.06758953630924225,-0.006758953910320997,0.6903353012359059,0.6903353012359031,205.93027881308632,205.93027881308632,205.2399435118504,205.20146002697447,0.7288187861118445,-2.2215243131627065,4.428866311837294,0.1558717858316931,10.028098027589536,6.078191423529663,40.62560032247957,24.961840151061388,-0.07055854914515436,0.0,4.808247543075595,-0.4372912716671067
baseline,420000,685,Omega_safe_one_step_QP,25.35752356392888,50.07449386898409,2.548725807036135,-0.04199681771494865,0.8866956233978271,False,False,-0.8866956233978271,-0.0886695608496666,-2.9673521340853686,-2.9673521340853632,186.5654306280167,186.5654306280167,189.53278276210207,186.70186504457715,-0.13643441656043365,-3.3465285106309697,4.412260551869031,0.8866956084966643,-0.05534656345844269,-0.005534656345844269,0.7440481429438441,0.7440481429438484,205.86205474278,205.86205474278,205.11800659983615,205.04175095363271,0.8203037891472889,-2.2093306219612807,4.44106000303872,0.16753841254897392,10.360694341212783,6.388405644472792,40.37061593559147,26.142294799218103,0.04002266675595578,0.0,-2.0965662003036414,-0.4921822734883676
baseline,420000,686,Omega_safe_one_step_QP,25.357555069902176,50.0743402658789,5.851154232287627,-0.09941662394412516,0.8892667293548584,False,False,-0.8892667293548584,-0.08892667293548584,-2.9947313647484273,-2.9947313647484366,186.74917929393496,186.74917929393493,189.74391065868338,186.74080456296645,0.008374730968483846,-3.367641300289099,4.391147762210902,0.8892667293548605,-0.05674215778708458,-0.005674215964972973,0.7386529073298648,0.7386529073298522,205.88001304075698,205.88001304075695,205.1413601334271,205.03628112646368,0.8437319142932722,-2.2116659753203747,4.438724649679625,0.16641106750858406,8.51000585346348,5.089532548794538,41.30613792922862,21.873398709829317,0.09225266207545246,0.0,-5.437167745787519,-0.5062391485759576
baseline,420000,687,Omega_safe_one_step_QP,25.375639987294814,50.07124141594346,16.55374529188248,-0.2874314617294906,0.8857607841491699,False,False,-0.8857607841491699,-0.08857607841491699,-2.68906962694561,-2.689069626945612,183.73729777186247,183.73729777186247,186.42636739880808,183.25770413290235,0.4795936389601252,-3.0358869743015706,4.72290208819843,0.8857607841491705,-0.11114944517612457,-0.011114944703876972,0.5732037201389886,0.5732037201390011,204.815059197247,204.815059197247,204.241855477108,204.10813238459878,0.70692681264822,-2.1217155096884643,4.528675115311536,0.12657205596422416,8.062266193050261,5.319778307104901,43.39528456197549,20.179032235763582,0.2671450245799125,0.0,-16.396734228873356,-0.4241560875889405
baseline,420000,688,Omega_safe_one_step_QP,25.400484279184976,50.06670386829847,27.62467798949001,-0.4852301151984965,0.9053276181221008,False,False,-0.9053276181221008,-0.09053276479244232,-2.3286380187016316,-2.3286380187016427,179.46035421466524,179.46035421466524,181.78899223336688,178.52872999616613,0.9316242184991097,-2.5721494577574515,5.186639604742549,0.9053276479244265,0.04437543824315071,0.004437543917447329,1.4007168491446316,1.4007168491446274,204.3786029729957,204.3786029729957,202.97788612385108,202.8268010618392,1.5518019111565025,-1.995318574362773,4.6550720506372265,0.3009012178346166,8.508098060248834,4.5897263029742135,38.05909918149168,21.102875658108484,0.4389935833171368,0.0,-27.132590426112984,-0.9310811466938986
baseline,420000,689,Omega_safe_one_step_QP,25.408156209205277,50.061843427025025,30.38077135887852,-0.5093383231936472,0.9364188313484192,False,False,-0.9364188313484192,-0.09364188462495804,-2.291331539425834,-2.291331539425831,178.24525437321623,178.24525437321623,180.53658591264207,177.2678974370268,0.9773569361894374,-2.446908825684968,5.311880236815032,0.9364188462495795,0.12968091666698456,0.012968092225492,1.8726581435586267,1.872658143558642,204.29113672681862,204.29113672681865,202.41847858326,202.26518837781109,2.025948349007564,-1.9393778203036658,4.711012804696335,0.3975064855887928,11.639506843918321,5.723457117908137,35.99956580675986,25.66244294299888,0.4810035841603266,0.0,-29.64620593363452,-1.2155690094045468
baseline,420000,690,Omega_safe_one_step_QP,25.37418114221827,50.06003073451911,12.637833172637329,-0.21386367030494982,0.9318006038665771,False,False,-0.9318006038665771,-0.09318006038665771,-2.9246374930621113,-2.924637493062103,184.52980583464878,184.52980583464878,187.4544433277109,184.23127924778464,0.298526586864142,-3.1386945671918514,4.62009449530815,0.9318006038665742,-0.07708825916051865,-0.0077088261023163795,0.8227076745073072,0.8227076745073086,204.60220565154304,204.60220565154304,203.77949797703573,203.63500776440952,0.9671978871335227,-2.0754797596812384,4.574910865318762,0.17983031773231842,9.336879576113581,4.240141714675448,39.92329400047283,25.02160495722698,0.20161109745314576,0.0,-12.259125537811087,-0.5803187322801193
baseline,420000,691,Omega_safe_one_step_QP,25.370548467138434,50.05863671831115,14.417103937025786,-0.23269445784336365,0.9174452424049377,False,False,-0.9174452424049377,-0.09174452722072601,-2.964656967292102,-2.9646569672921093,185.41710571446202,185.41710571446202,188.38176268175414,185.0641659527356,0.35293976172641806,-3.2314265025961757,4.527362559903825,0.917445272207262,-0.09810842573642731,-0.00981084257364273,0.7018710072017431,0.701871007201732,204.58711605670325,204.58711605670325,203.88524504950152,203.7242784871561,0.8628375695471391,-2.086054466927817,4.564336158072183,0.15377285609440694,12.024556064112835,5.322889848846471,39.565781613486976,26.66040578724347,0.2331217375807455,0.0,-14.132523132878305,-0.5177025417282834
baseline,420000,692,Z_mode_existing_controller,25.334525986529986,50.059015023202825,12.749556546804342,-0.20479661317412293,0.9028721451759338,False,False,-0.9028721451759338,-0.0902872160077095,-3.0487776628895817,-3.048777662889591,192.6207936632068,192.6207936632068,195.6695713260964,192.30057783491785,0.32021582828895134,-3.376754537020226,2.9867834886914153,0.9028721600770976,-0.011935482732951641,-0.0011935483198612928,-0.16128660353697116,-0.16128660353697394,205.29025322125554,205.29025322125554,205.45153982479252,205.2821661229746,0.008087098280952887,-0.6072241742754312,0.40481612279545515,0.26561294884122294,10.54259027840609,5.010611421510898,36.9372248697277,26.597434635299877,0.21341520785852808,0.0,-12.958119495693609,-0.00485225896856889
baseline,420000,693,Z_mode_existing_controller,25.32353766130263,50.05992407801413,1.2233799220548462,-0.019594693452858008,0.9337398409843445,False,False,-0.9337398409843445,-0.09337398409843445,-3.1556239155024466,-3.1556239155024577,194.4124492371716,194.4124492371716,197.56807315267403,194.57028770214797,-0.1578384649763791,-3.3795536797228265,2.983984345988815,0.9337398409843473,-0.006313564255833626,-0.0006313564372248948,-0.13148004708058297,-0.13148004708057742,205.78332311509112,205.78332311509112,205.9148031621717,205.808738081708,-0.025414966616864376,-0.6072241742754312,0.40481612279545515,0.2165263713972944,10.184453761424834,4.772897218469088,39.586451897107054,24.12496012697315,0.026254048377992945,0.0,-1.264882950403262,0.01524897997012431
baseline,420000,694,Z_mode_existing_controller,25.318661637244166,50.059744089128564,-6.946703529243678,0.10545337949312619,0.9411910772323608,False,False,-0.9411910772323608,-0.0941191092133522,-3.1835479210459336,-3.1835479210459225,195.0803680738816,195.08036807388163,198.26391599492754,195.56463142122118,-0.48426334733954945,-3.382467118159147,2.981070907552494,0.9411910921335185,-0.006900022272020578,-0.0006900022272020578,-0.13566933132580228,-0.13566933132580644,205.92339964371388,205.92339964371388,206.05906897503968,206.00468670856276,-0.08128706484887971,-0.6072241742754312,0.40481612279545515,0.22342544495645872,13.279513972851783,5.554743668296711,39.47270664253613,26.173881867965484,-0.10407196374298877,0.0,7.002003254077863,0.04877223890933635
baseline,420000,695,Omega_safe_one_step_QP,25.274388851238,50.06174234035413,-49.6533962237545,0.7823559403042649,0.9361178278923035,False,False,-0.9361178278923035,-0.09361178427934647,-4.739978744469703,-4.739978744469699,201.96194256812592,201.96194256812592,206.70192131259563,204.27481235098406,-2.3128697828581437,-5.0634423656803245,2.695346696819676,0.9361178427934639,-0.3764056861400604,-0.03764056786894798,-0.8923670087448266,-0.8923670087448141,207.0897874466546,207.08978744665464,207.98215445539944,207.97686631525818,-0.8870788686035382,-2.4957454075176106,4.154645217482391,0.3575553043418822,8.960345677754988,4.543278542448171,43.55292661448005,24.91917931186163,-0.7925386431008157,0.0,49.91368754569248,0.5322473211621173
baseline,420000,696,Omega_safe_one_step_QP,25.294504211491343,50.06312693909005,-30.991393545623396,0.48602695849038535,0.9524470567703247,False,False,-0.9524470567703247,-0.09524470567703247,-4.462716768141503,-4.462716768141513,198.46005474690597,198.46005474690594,202.92277151504746,199.96671018926466,-1.5066554423587206,-4.685527385925508,3.0732616765744925,0.9524470567703268,-0.27378103137016296,-0.027378102764487267,-0.35334632790125914,-0.35334632790127163,206.8888152439702,206.88881524397019,207.24216157187146,207.1482049691792,-0.2593897252090187,-2.421746119164811,4.22864450583519,0.1459056030295737,10.217687890513714,4.777004074555812,42.89644591837638,28.206589176451534,-0.4946168210702986,0.0,31.33037653156771,0.15563383512539986
baseline,420000,697,Omega_safe_one_step_QP,25.293801329911755,50.06627599516866,-21.350835844863468,0.33152444065502706,0.945009171962738,False,False,-0.945009171962738,-0.09450092166662216,-4.456224971012657,-4.456224971012658,198.7666325735775,198.7666325735775,203.22285754459017,199.88012991879768,-1.1134973452201677,-4.715535988879779,3.0432530736202215,0.9450092166662218,-0.12162874639034271,-0.012162874452769756,0.2925092269989493,0.29250922699895904,207.76753779684273,207.76753779684273,207.47502856984377,207.31669009176971,0.4508477050730164,-2.4450328189620425,4.205357806037958,0.0695563232643322,10.850238054534461,6.076307239700426,43.764644033382616,23.57354377138193,-0.34446754416892134,0.0,21.96581201207664,-0.27050862304380985
baseline,420000,698,Omega_safe_one_step_QP,25.295626717806694,50.06693807315337,-11.705424806582414,0.18632443534951382,0.9352291822433472,False,False,-0.9352291822433472,-0.09352292120456696,-4.393922739020136,-4.393922739020132,198.65588345062469,198.65588345062469,203.0498061896448,199.39314422189733,-0.7372607712726449,-4.698230853385244,3.060558209114757,0.9352292120456689,-0.040511634200811386,-0.004051163326948881,0.6445738900552611,0.6445738900552624,208.10856410904123,208.10856410904123,207.46399021898597,207.25433079331907,0.8542333157221549,-2.4439289838762615,4.206461641123739,0.15323422511540297,9.440015042152185,5.668239965822374,34.10532956632118,25.745964041857356,-0.19255219801085843,0.0,12.410516994026693,-0.5125399894332929
baseline,420000,699,Z_mode_existing_controller,25.310954240247124,50.0677327598064,22.15657277871378,-0.35717203791891644,0.9462358355522156,False,False,-0.9462358355522156,-0.09462358802556992,-3.195267921808477,-3.1952679218084845,197.01424552440187,197.01424552440184,200.20951344621034,196.2941518937698,0.72009363063205,-3.3768196582706507,2.9867183674409903,0.9462358802557009,-0.010378893464803696,-0.0010378893930464983,-0.1565574371245118,-0.1565574371245229,206.73447701355994,206.73447701355994,206.89103445068446,206.6387645616087,0.09571245195124334,-0.6072241742754312,0.40481612279545515,0.25782477667549175,9.39660261449875,4.4480004428745445,38.027058482622294,25.219386100818973,0.3648915497524232,0.0,-22.46403685729547,-0.05742747117074032
baseline,420000,700,Z_mode_existing_controller,25.317448886579275,50.06825805603377,12.451321206063767,-0.1897080658122232,0.9442670941352844,False,False,-0.9442670941352844,-0.0944267138838768,-3.191484094188568,-3.1914840941885743,195.45297292440762,195.45297292440762,198.6444570185962,195.17265663688465,0.28031628752296456,-3.3798529705411133,2.9836850551705276,0.9442671388387699,-0.006753399968147278,-0.00067534000845626,-0.13512179755151288,-0.13512179755150455,206.45822111343256,206.45822111343256,206.59334291098406,206.41551692473135,0.04270418870120807,-0.6072241742754312,0.40481612279545515,0.22252374539063488,13.153617794433515,7.028458486760615,38.741521567989786,25.123732412071977,0.21000752104611564,0.0,-12.635706213888625,-0.02562251322072484
baseline,420000,701,Omega_safe_one_step_QP,25.291100524677063,50.06955592571916,-29.349574041026244,0.45114121103414273,0.9456573724746704,False,False,-0.9456573724746704,-0.0945657417178154,-4.49030693840903,-4.490306938409025,199.06063299617526,199.06063299617526,203.55093993458428,200.4895267323968,-1.4288937362215393,-4.7483442278791905,3.0104448346208095,0.9456574171781527,-0.15815989673137665,-0.015815990045666695,0.10774960653022747,0.10774960653023163,207.8298638251112,207.8298638251112,207.72211421858097,207.61541759744756,0.21444622766364319,-2.4697413838357622,4.180649241164239,0.025773414681453933,11.31403632698191,3.7303617994143012,39.639541154661664,27.89273912174201,-0.4718441635612969,0.0,29.950085941185534,-0.12866773659818875
baseline,420000,702,Omega_safe_one_step_QP,25.262640529433803,50.07264847437144,-35.7271597061972,0.555331329778042,0.9652529358863831,False,False,-0.9652529358863831,-0.09652529656887054,-5.140485581801507,-5.140485581801496,204.18233233227969,204.18233233227969,209.32281791408118,205.89641573760582,-1.7140834053261358,-5.325532025828881,2.43325703667112,0.9652529656887033,-0.3884105682373047,-0.03884105756878853,-1.031301213164551,-1.0313012131645525,208.0891609909908,208.0891609909908,209.12046220415533,208.95422504855577,-0.8650640575649788,-2.6095761823931998,4.040814442606801,0.3951987376811368,9.396001234696454,2.7772840444274918,35.64081654138672,27.119247068799975,-0.5660522760586151,0.0,35.7741735477166,0.5190384345389845
baseline,420000,703,Omega_safe_one_step_QP,25.261064596874416,50.075247952998346,-28.041116391787,0.41476140874641376,0.9640336036682129,False,False,-0.9640336036682129,-0.09640336036682129,-5.1796730254764665,-5.179673025476456,204.61699968985184,204.61699968985184,209.7966727153283,205.95019894872823,-1.333199258876391,-5.372917505953592,2.385871556546409,0.9640336036682106,-0.3986576199531555,-0.03986576199531555,-1.100603320565849,-1.1006033205658572,208.25842190789615,208.25842190789615,209.359025228462,209.12177527256975,-0.8633533646735998,-2.6334324848238655,4.0169581401761345,0.41793489178419924,12.436747135993365,4.419593245665296,39.323136635757464,25.347763609381534,-0.43919991922319923,0.0,27.962304292205772,0.518012018804157
baseline,420000,704,Omega_safe_one_step_QP,25.225887222278747,50.078025183763955,-37.89689087424722,0.563232970941011,0.9825792908668518,False,False,-0.9825792908668518,-0.09825792908668518,-5.97616122186807,-5.97616122186807,210.9124963893288,210.9124963893288,216.88865761119686,212.70932469348844,-1.7968283041596464,-6.082115995540449,1.6766730669595515,0.9825792908668517,-0.22326305508613586,-0.022326305508613586,-0.47349528125692,-0.47349528125692697,210.54798534195572,210.54798534195572,211.02148062321265,210.7286444335802,-0.18065909162447724,-2.79967802429893,3.85071260070107,0.16912490548819284,10.60075698710168,4.8134224720738485,35.44526978244585,24.033719430774003,-0.6070525797351465,0.0,38.39554799900816,0.1083954549746835
baseline,420000,705,Omega_safe_one_step_QP,25.22688297778891,50.08010337777217,-25.30871288106482,0.3881936069128111,0.9712265729904175,False,False,-0.9712265729904175,-0.0971226617693901,-5.903744372620892,-5.903744372620895,210.95022952945533,210.95022952945533,216.85397390207623,212.25520454333542,-1.304975013880096,-6.078647624628384,1.6801414378716157,0.9712266176939016,-0.25858983397483826,-0.025858983397483826,-0.645822584008364,-0.6458225840083737,210.47590951981445,210.47590951981442,211.1217321038228,210.75984541842678,-0.2839358986123557,-2.809703172359945,3.8406874526400556,0.2298543811892877,8.814614777611004,5.040702680395998,38.92974607939529,25.63181909448824,-0.4026346043055482,0.0,25.540985946202454,0.17036153916741625
baseline,420000,706,Omega_safe_one_step_QP,25.258512294866243,50.08286246663613,-0.5144683035105118,0.007795553623680031,0.950331449508667,False,False,-0.950331449508667,-0.09503314644098282,-5.198410115064586,-5.198410115064589,205.57010828713533,205.57010828713533,210.7685184021999,205.8202004540748,-0.25009216693948133,-5.470102074640754,2.2886869878592466,0.9503314644098285,-0.2216966599225998,-0.02216966636478901,-0.38346861548220895,-0.38346861548222005,209.58544543974628,209.58544543974625,209.96891405522848,209.5477431005853,0.03770233916094412,-2.6944213675005124,3.955969257499488,0.14231946795981126,10.96825860089828,4.507742798026205,37.99870977757911,21.419609512293476,-0.00154916485343648,0.0,0.5386388718607122,-0.022621403496572157
baseline,420000,707,Omega_safe_one_step_QP,25.247573185108067,50.082837691662924,-2.6561033162288368,0.04139761683182755,0.954026460647583,False,False,-0.954026460647583,-0.09540265053510666,-5.441433051486122,-5.44143305148613,207.66256223792035,207.66256223792033,213.10399528940647,208.0022918268511,-0.33972958893076566,-5.703649763361408,2.055139299138592,0.9540265053510679,-0.24518197774887085,-0.024518197402358055,-0.5316120375089807,-0.5316120375089766,209.92313581814082,209.92313581814082,210.4547478556498,210.00707343803802,-0.08393761989719906,-2.7430047475426447,3.907385877457356,0.19380645913399452,8.796735757941644,6.1026838604704245,42.04360002696481,23.10279245044156,-0.036574845866893746,0.0,2.642315590157523,0.050362571938322276
baseline,420000,708,Omega_safe_one_step_QP,25.285655963321155,50.083771743486174,20.06848486360923,-0.30275734346439753,0.9507301449775696,False,False,-0.9507301449775696,-0.09507301449775696,-4.724467936814052,-4.7244679368140625,201.03607839080217,201.03607839080217,205.76054632761623,200.46995698071797,0.5661214100842074,-4.9693048671823865,2.7894841953176144,0.9507301449775716,-0.10691551864147186,-0.010691552422940731,0.2245846042681049,0.22458460426811738,209.15315297765773,209.15315297765775,208.92856837338962,208.44729590834763,0.7058570693101274,-2.5903867993166285,4.0600038256833715,0.05531635286829213,12.499629733337542,5.691047707589052,39.38716647267783,26.588609986060124,0.3272624548352283,0.0,-19.972233076859084,-0.4235142415860764
baseline,420000,709,Omega_safe_one_step_QP,25.25956649555609,50.08667657032749,6.770427467632544,-0.1018225496533486,0.9498237371444702,False,False,-0.9498237371444702,-0.09498237818479538,-5.221528853481014,-5.221528853481017,205.81962763534392,205.8196276353439,211.04115648882492,205.7590314309877,0.0605962043561874,-5.497365883303254,2.2614231791967474,0.9498237818479544,-0.3089599013328552,-0.030895991250872612,-0.7937805263812616,-0.793780526381252,209.418356362957,209.418356362957,210.21213688933827,209.73198166288742,-0.31362529993040766,-2.7187436509114917,3.9316469740885087,0.29196593290990397,11.457344782678334,5.1520611571787285,40.70604223445426,26.151235141557713,0.12044249607358282,0.0,-7.079045143665098,0.18817517995825028
baseline,420000,710,Omega_safe_one_step_QP,25.24841580553033,50.08991014566322,2.9462142277197927,-0.04545687718726649,0.9520745277404785,False,False,-0.9520745277404785,-0.09520745277404785,-5.455573652403076,-5.455573652403089,207.91388402274384,207.91388402274384,213.36945767514692,207.9994537082669,-0.08556968552306898,-5.730196001935455,2.028593060564545,0.9520745277404807,-0.3486679196357727,-0.03486679121851921,-1.0324465999168724,-1.032446599916867,209.85171649185756,209.85171649185756,210.88416309177444,210.38762421529847,-0.5359077234409142,-2.7859462711551077,3.8644443538448927,0.3705909947390315,9.39930164420985,5.285133682089616,40.988441002887505,25.084221322435702,0.05913768679451259,0.0,-3.3268965485785884,0.32154463406455136
baseline,420000,711,Omega_safe_one_step_QP,25.27128376810517,50.09219348476529,16.17995788226017,-0.2501801881865935,0.9535355567932129,False,False,-0.9535355567932129,-0.09535355865955353,-5.047226728526094,-5.047226728526103,203.95197897758152,203.9519789775815,208.9992057061076,203.49699390267443,0.4549850749070572,-5.293170805031522,2.4656182574684786,0.9535355865955368,-0.2613629102706909,-0.02613629214465618,-0.5670426135691548,-0.5670426135691589,209.50392324080556,209.50392324080556,210.07096585437472,209.54952530361538,-0.045602062809820154,-2.704626547415137,3.945764077584863,0.20965652877699226,10.27913737338454,5.305916255084789,40.307785054197716,28.97486834548546,0.269873118321005,0.0,-16.47719223826698,0.027361237685894935
baseline,420000,712,Omega_safe_one_step_QP,25.27756873230414,50.0964073942685,19.814889972003584,-0.3005697521138503,0.954067051410675,False,False,-0.954067051410675,-0.09540670365095139,-4.942502600452109,-4.942502600452096,202.92955816585732,202.92955816585734,207.87206076630943,202.33960621250367,0.5899519533536761,-5.180456311051707,2.578332751448294,0.9540670365095112,-0.26490533351898193,-0.026490533724427223,-0.5815218608165202,-0.5815218608165313,209.48004649797213,209.4800464979721,210.06156835878863,209.5327246377689,-0.052678139796796586,-2.7036867978565278,3.9467038271434727,0.21508477286554034,11.726330058532072,6.114299257164592,40.428266590511264,24.919879226253688,0.32984339473905777,0.0,-20.17634025062125,0.031606883878083636
baseline,420000,713,Omega_safe_one_step_QP,25.269098087166135,50.098468643811984,13.313191168098456,-0.20847781254888226,0.961895227432251,False,False,-0.961895227432251,-0.09618952125310898,-5.156565003851041,-5.156565003851039,204.51931885320204,204.51931885320204,209.67588385705307,204.15630065604427,0.3630181971577713,-5.36083862012607,2.3979504423739306,0.9618952125310896,-0.39122915267944336,-0.039122916758060455,-1.1841425834921024,-1.1841425834921162,209.37038442041882,209.37038442041882,210.55452700391092,210.025930976077,-0.6555465556581908,-2.7529826623687583,3.897407962631242,0.43013078130802335,9.372823446631699,5.794966924826525,42.215359016767444,23.6963653268791,0.22856261045167514,0.0,-13.935081711944804,0.39332793339491445
baseline,420000,714,Omega_safe_one_step_QP,25.293994722516345,50.09946053721386,29.951677035321154,-0.47734469033852195,0.9302754998207092,False,False,-0.9302754998207092,-0.09302755445241928,-4.543806669839204,-4.543806669839204,200.36735560322762,200.36735560322762,204.91116227306682,199.34066329353396,1.026692309693658,-4.884366461727445,2.8744226007725553,0.9302755445241928,-0.01622307300567627,-0.0016223073471337557,0.5507515089081594,0.5507515089081718,210.13392554214394,210.13392554214397,209.5831740332358,209.0424347721759,1.0914907699680612,-2.655847365301245,3.994543259698755,0.13787596556150608,9.402859207418148,5.322822584762957,39.08165286883583,26.056963387753914,0.4817922797392402,0.0,-29.77857485307959,-0.654894461980831
baseline,420000,715,Omega_safe_one_step_QP,25.31024238721397,50.100968148555715,33.386123376832984,-0.5302473273565105,0.95191890001297,False,False,-0.95191890001297,-0.09519188851118088,-4.357389164562925,-4.357389164562924,197.48490330529728,197.48490330529728,201.8422924698602,196.33181914662666,1.153084158670623,-4.577479481406782,3.181309581093218,0.9519188851118086,-0.012610593810677528,-0.0012610594276338816,0.6364069775055492,0.6364069775055505,209.64020099542506,209.64020099542506,209.00379401791952,208.47148330757508,1.168717687849977,-2.5979093637696162,4.052481261230384,0.1570413128356649,10.296461479436113,4.283303968035214,36.784237301038395,25.257796924832846,0.5372949487716561,0.0,-33.22218771289408,-0.7012306127099777
baseline,420000,716,Omega_safe_one_step_QP,25.300718422246636,50.101621234533994,28.631779295070373,-0.43061595260900887,0.9433156847953796,False,False,-0.9433156847953796,-0.09433156996965408,-4.508434056383385,-4.508434056383389,199.35254416836085,199.35254416836085,203.86097822474423,198.4468921222598,0.9056520461010393,-4.779348056895186,2.979441005604814,0.9433156996965416,-0.011277214623987675,-0.0011277215089648962,0.5928368086397906,0.5928368086397857,210.05485339871944,210.05485339871944,209.46201659007966,208.94464351921192,1.1102098795075221,-2.643731620985631,4.006659004014369,0.14796288080563086,13.1837946650835,3.1912213575917665,41.88352203196982,27.783260029086815,0.46226888177412206,0.0,-28.427922249140465,-0.6661259277045133
baseline,420000,717,Omega_safe_one_step_QP,25.236791918491527,50.105365292273916,-8.625417012490288,0.12797249432367777,0.9724082946777344,False,False,-0.9724082946777344,-0.09724082797765732,-5.8828356818476095,-5.882835681847598,210.6822513527527,210.6822513527527,216.5650870346003,211.24403724039777,-0.5617858876450725,-6.049758937880792,1.709030124619208,0.9724082797765713,-0.23425911366939545,-0.023425912484526634,-0.659726435758702,-0.6597264357587097,211.72058677788675,211.72058677788675,212.38031321364545,211.87864514701292,-0.15805836912616655,-2.9355612833422113,3.714829341657789,0.22473604605099382,11.063248179294256,5.489437039704918,42.98095942427127,25.12890559232893,-0.13192609313444592,0.0,8.662508084148612,0.09483502147570277
baseline,420000,718,Omega_safe_one_step_QP,25.239685307968518,50.108762917059224,-2.2380487555637956,0.03313340343040915,0.9660146236419678,False,False,-0.9660146236419678,-0.0966014638543129,-5.798997930023958,-5.798997930023944,210.29862451528066,210.29862451528066,216.0976224453046,210.59963177507376,-0.3010072597930957,-6.003012478951223,1.7557765835487773,0.9660146385431266,-0.2087610512971878,-0.02087610587477684,-0.5574033941252874,-0.5574033941252936,211.90814501503627,211.90814501503627,212.46554840916156,211.93385747257156,-0.025712457535291833,-2.9440848028938214,3.706305822106179,0.1893299383147546,11.338460463822855,4.971858166591195,41.468322011702504,26.755312825440193,-0.02928230797597564,0.0,2.2519035890190935,0.0154274745211751
baseline,420000,719,Omega_safe_one_step_QP,25.23265870987814,50.113032256004814,-3.2699477008545728,0.04803176999769454,0.9723986983299255,False,False,-0.9723986983299255,-0.09723987430334091,-5.980750983335891,-5.980750983335895,211.59187536769596,211.59187536769596,217.57262635103186,211.94642245152082,-0.3545470838248548,-6.150512869523948,1.6082761929760523,0.9723987430334095,-0.09645567834377289,-0.009645568206906319,-0.11056910644377804,-0.11056910644377596,212.90532120876878,212.9053212087688,213.01589031521257,212.4622663998379,0.4430548089309241,-2.999118993498924,3.6512716315010763,0.036867195560913855,11.511226732395064,4.6794617154941704,36.930624238081684,26.926511879802252,-0.05051182533313181,0.0,3.58629241154631,-0.26583288535854876
baseline,420000,720,Omega_safe_one_step_QP,25.219297991386547,50.117249158962046,-6.917556210875773,0.09979784651292732,0.9711222052574158,False,False,-0.9711222052574158,-0.09711222350597382,-6.237190096718129,-6.237190096718123,214.05692982701615,214.05692982701615,220.29411992373429,214.5355558513686,-0.47862602435245094,-6.422662226794189,1.336126835705811,0.9711222350597375,-0.29505816102027893,-0.029505817219614983,-1.0705244631501336,-1.0705244631501274,212.75902612952873,212.75902612952873,213.82955059267886,213.25427468723421,-0.49524855770548015,-3.080485021245551,3.5699056037544494,0.3475181524230479,12.06408805841944,5.326642341547238,42.25003167789064,25.19748696316376,-0.10028709589883533,0.0,6.720694172151525,0.2971491346232966
baseline,420000,721,Omega_safe_one_step_QP,25.208360406236753,50.121488782617924,-7.144927301272219,0.10609442794208522,0.9607464075088501,False,False,-0.9607464075088501,-0.09607464075088501,-6.385830919477476,-6.385830919477476,216.14905989613428,216.14905989613428,222.53489081561176,216.62935420903048,-0.4802943128962056,-6.646739315981938,1.112049746518063,0.9607464075088498,-0.44784778356552124,-0.0447847805917263,-1.8189134606707305,-1.8189134606707347,212.723028665018,212.723028665018,214.54194212568873,213.94142744066298,-1.218398775644971,-3.151724174546539,3.498666450453461,0.5771169556525151,9.836370109697318,5.7529001655085565,41.658033848784235,26.911741483418375,-0.0982657150866828,0.0,6.512153750971265,0.7310392653869826
baseline,420000,722,Omega_safe_one_step_QP,25.23537022775579,50.126272348936574,8.971051343150975,-0.13278740011354428,0.9666661024093628,False,False,-0.9666661024093628,-0.0966666117310524,-5.917755344870873,-5.91775534487087,211.36793584123123,211.36793584123123,217.2856911861021,211.21550682299664,0.1524290182345851,-6.121819353030972,1.6369697094690283,0.9666661173105234,-0.12893769145011902,-0.012893768958747387,-0.3212240035912403,-0.3212240035912466,213.36473839724144,213.36473839724144,213.6859624008327,213.05514709399847,0.3095913032429678,-3.066126202060934,3.5842644229390666,0.10476542138915612,11.211073633058229,4.13314671307368,39.603924788467445,24.049475319454924,0.14946167513321384,0.0,-8.934758236337984,-0.1857547819457892
baseline,420000,723,Omega_safe_one_step_QP,25.222501136872875,50.128831227006685,2.633308100764225,-0.037849718807154244,0.9748284220695496,False,False,-0.9748284220695496,-0.0974828451871872,-6.22468385112003,-6.22468385112003,213.6969600307837,213.6969600307837,219.92164388190375,213.80739841231542,-0.11043838153170782,-6.385414622611137,1.3733744398888637,0.9748284518718723,-0.10957539826631546,-0.010957540012896061,-0.30153725854675206,-0.30153725854676316,214.08477800034302,214.084778000343,214.38631525888977,213.74747252626784,0.3373054740751513,-3.136161487866641,3.5142291371333596,0.0961485113931051,12.458517629345588,4.904204117334824,40.58014294857165,21.790796447582185,0.046952297773934504,0.0,-2.477877114093644,-0.2023832844450908
baseline,420000,724,Omega_safe_one_step_QP,25.20020986084837,50.13088897949014,-5.983775752568363,0.08862595916325164,0.9720461368560791,False,False,-0.9720461368560791,-0.09720461815595627,-6.644019115456246,-6.644019115456235,217.77433718777715,217.77433718777715,224.4183563032334,218.23019179682146,-0.45585460904430875,-6.835085864744101,0.9237031977558997,0.9720461815595612,-0.21634648740291595,-0.021634649485349655,-0.8793608218517056,-0.8793608218517025,214.57601847768439,214.5760184776844,215.4553792995361,214.80454335582857,-0.22852487814415667,-3.2430678919312768,3.4073227330687232,0.27115091362704563,9.647663504213831,5.208099370593481,41.894875360091625,23.31917248709078,-0.08920133768714944,0.0,5.9358621633691655,0.13711492688651106
baseline,420000,725,Omega_safe_one_step_QP,25.226953521095083,50.133659359882316,12.22477164466909,-0.18193931473038222,0.9584870338439941,False,False,-0.9584870338439941,-0.0958487018942833,-6.054762966404797,-6.054762966404797,213.1827395694007,213.1827395694007,219.2375025358055,212.89346707031814,0.28927249908255703,-6.317000488001312,1.4417885744986887,0.9584870189428327,-0.08242687582969666,-0.00824268814176321,-0.19501628837867088,-0.19501628837867158,214.30351174891177,214.30351174891177,214.49852803729044,213.8203558101082,0.4831559388035771,-3.14738276570671,3.503007859293291,0.06196141457706776,10.509624127092371,5.138633861587046,38.50202310444011,26.562472561159165,0.20016357499845938,0.0,-12.13504165638551,-0.2898935632821349
baseline,420000,726,Omega_safe_one_step_QP,25.235093699657455,50.13767813216694,16.040230469154267,-0.25318274362890536,0.951637327671051,False,False,-0.951637327671051,-0.0951637327671051,-5.8658360950066655,-5.865836095006655,211.84106897413474,211.84106897413477,217.7069050691414,211.3403220131004,0.5007469610343662,-6.163940741334905,1.5948483211650957,0.9516373276710492,-0.21569186449050903,-0.021569186821579933,-0.7770522769553784,-0.7770522769553732,213.61613326541848,213.61613326541848,214.39318554237386,213.710359362487,-0.09422609706851404,-3.136848516215051,3.5135421087849497,0.2477175014791506,7.358136129740702,5.529762563433739,38.20302960398678,26.86333791864416,0.26587062045903487,0.0,-16.362636747854594,0.05653565824110274
baseline,420000,727,Omega_safe_one_step_QP,25.292234571946366,50.140668810204,46.66380490881966,-0.7380015061497408,0.9203305840492249,False,False,-0.9203305840492249,-0.09203305840492249,-4.643857020518011,-4.643857020518008,201.8822160754841,201.8822160754841,206.5260730960021,200.1384592729192,1.743756802564917,-5.045857544020974,2.712931518479026,0.9203305840492245,-0.03286335989832878,-0.0032863360829651356,0.23245900455166335,0.2324590045516682,212.40013468936854,212.40013468936854,212.16767568481688,211.47793883166267,0.9221958577058729,-2.9142975304593524,3.736093094540648,0.06221981055326165,9.70622502995779,5.387067178938357,42.53221802957239,24.399020947904013,0.7547546510573007,0.0,-46.86524204525267,-0.5533175146235294
baseline,420000,728,Omega_safe_one_step_QP,25.306770748925942,50.1416569266262,42.13159453197386,-0.7213868766246017,0.9427417516708374,False,False,-0.9427417516708374,-0.09427417814731598,-4.496679355851791,-4.496679355851789,199.26870805322096,199.26870805322096,203.76538740907276,197.58794025010369,1.680767803117277,-4.769788975328037,2.989000087171963,0.9427417814731593,-0.01586858183145523,-0.001586858183145523,0.3681262243738985,0.3681262243738881,211.99365385164987,211.99365385164987,211.62552762727597,210.96828862660985,1.0253652250400194,-2.860082724705263,3.790307900294737,0.09712303962041247,5.660383496083985,5.190690458257239,44.20185771699981,28.39808511571218,0.677714685410507,0.0,-42.19409008235925,-0.6152191350240059
baseline,420000,729,Omega_safe_one_step_QP,25.37947895849339,50.143457782545966,76.82523466211023,-1.3170557043126823,0.8857861161231995,False,False,-0.8857861161231995,-0.08857861161231995,-2.9636092622761643,-2.9636092622761545,186.5612796116912,186.5612796116912,189.52488887396734,183.4928179150774,3.068461696613781,-3.3457391218174966,4.4130499406825034,0.8857861161231965,-0.007655711378902197,-0.0007655711378902197,0.6391109908218395,0.6391109908218464,209.3173917885469,209.3173917885469,208.67828079772505,208.04151457283405,1.2758772157128533,-2.5653580417501707,4.08503258324983,0.156451871018714,8.784058476821158,3.0624276768697314,43.06008507755449,21.51760536424907,1.2405188606701163,0.0,-77.30022719335284,-0.7655263294277148
baseline,420000,730,Omega_safe_one_step_QP,25.37866102512502,50.1401276976592,67.16196831395973,-1.1274170759863662,0.8885733485221863,False,False,-0.8885733485221863,-0.08885733783245087,-3.0006875301225007,-3.0006875301225118,186.83653138133693,186.8365313813369,189.83721891145942,184.22114936670098,2.6153820146359124,-3.376972125566703,4.381816936933297,0.8885733783245114,-0.046968091279268265,-0.004696809221059084,0.47883283117469144,0.478832831174697,209.02320121499898,209.02320121499898,208.5443683838243,207.97314043189394,1.0500607831050388,-2.5519668003600926,4.098423824639907,0.11683341002849257,9.858629124619231,5.138033519467464,35.7173460435031,26.799764081692217,1.0861343958990055,0.0,-67.61806623999655,-0.630036469863029
baseline,420000,731,Z_mode_existing_controller,25.37388033851994,50.139772819562154,67.2743141332594,-1.1311007277326428,0.907945454120636,False,False,-0.907945454120636,-0.09079454839229584,-2.5782576945063957,-2.5782576945063944,188.31523049092587,188.31523049092587,190.89348818543226,185.64042209069757,2.674808400228301,-3.334067292892082,3.029470732819559,0.7733070355247471,-0.08566644042730331,-0.008566644042730331,-0.5513264467622264,-0.5513264467622305,208.18917101640156,208.18917101640156,208.7404974631638,208.2264957538849,-0.037324737483345416,-0.6072241742754312,0.40481612279545515,0.9079454839229671,9.423690307900427,5.517967870657806,38.9577696424158,19.635371895307017,1.0981524764823192,0.0,-68.39486145223145,0.022394842490001565
baseline,420000,732,Omega_safe_one_step_QP,25.381291832416487,50.13551702957523,42.90562609438621,-0.7080948610391322,0.8817802667617798,False,False,-0.8817802667617798,-0.08817803114652634,-2.9228371883412514,-2.922837188341239,186.29166035322024,186.29166035322024,189.21449754156149,184.70217096963646,1.589489383583782,-3.31469998857691,4.444089073923091,0.8817803114652591,-0.11075419932603836,-0.011075420305132866,0.226237957627054,0.22623795762705817,208.36847191712764,208.36847191712764,208.14223395950057,207.74991383095698,0.6185580861706512,-2.511753357927723,4.138637267072277,0.05466484328719672,10.765862316948132,3.806087003115018,37.90157549386491,21.65917873477987,0.6964090822781515,0.0,-43.23090032496202,-0.3711348517023936
baseline,420000,733,Z_mode_existing_controller,25.350806831278447,50.13240000970378,32.19645169833893,-0.5339590725797234,0.9329948425292969,False,False,-0.9329948425292969,-0.0932994857430458,-3.112249375161662,-3.112249375161657,192.26136041509528,192.26136041509528,195.37360979025695,191.06292460655263,1.198435808542655,-3.3357626254586705,3.0277754002529704,0.9329948574304564,-0.0007229073671624064,-7.229073526104912e-05,-0.09865727830812715,-0.09865727830812437,209.17067612454272,209.17067612454272,209.26933340285086,208.90853865949845,0.26213746504427604,-0.6072241742754312,0.40481612279545515,0.16247258012388413,8.947979945958176,4.909144151048419,36.75737784446775,24.652536661378413,0.5249096751613269,0.0,-32.56407889447382,-0.15728247902656278
baseline,420000,734,Z_mode_existing_controller,25.36340448322678,50.1314854694456,19.64406925131425,-0.31691300612381285,0.9299303889274597,False,False,-0.9299303889274597,-0.09299304336309433,-3.1054993397608333,-3.1054993397608457,189.45249497608629,189.45249497608626,192.5579943158471,188.8168819108462,0.6356130652400509,-3.339496404731385,3.0240416209802565,0.9299304336309472,0.004833973478525877,0.000483397365314886,-0.06579761645046645,-0.06579761645045534,208.55834619237632,208.55834619237632,208.62414380882677,208.35891366843182,0.19943252394449473,-0.6072241742754312,0.40481612279545515,0.10835803190636835,11.159219083829656,5.735763648105153,38.154427093586555,26.436779472325995,0.3226046180976496,0.0,-19.847014355045758,-0.11965951436670252
baseline,420000,735,Z_mode_existing_controller,25.347048952151017,50.13186361878746,8.79160289353058,-0.14307362512580626,0.9113108515739441,False,False,-0.9113108515739441,-0.09113108366727829,-3.0466450751280725,-3.046645075128076,192.3960284418604,192.3960284418604,195.4426735169885,192.19515656409763,0.20087187776277915,-3.3431458867003556,3.0203921390112853,0.9113108366727836,-0.0035827080719172955,-0.00035827080137096345,-0.11321410161077017,-0.11321410161077572,209.15733797224476,209.15733797224476,209.27055207385553,209.08957708648552,0.06776088575924177,-0.6072241742754312,0.40481612279545515,0.18644531362057215,9.826440326917455,5.78753090452694,42.483364068707914,24.922787812017013,0.14690015690199942,0.0,-8.897846518975712,-0.04065653145555359
baseline,420000,736,Z_mode_existing_controller,25.355254026756825,50.131777051600636,-1.0441910159433974,0.01734698291892716,0.9165331125259399,False,False,-0.9165331125259399,-0.09165330976247787,-3.0672971257272184,-3.067297125727212,190.4389086183573,190.4389086183573,193.5062057440845,190.65217514522445,-0.21326652686715875,-3.346629962056149,3.016908063655492,0.916533097624777,0.0034986778628081083,0.000349867797922343,-0.07226327039378533,-0.07226327039377145,208.78760149256473,208.78760149256476,208.85986476295852,208.74637522042093,0.04122627214383101,-0.6072241742754312,0.40481612279545515,0.11900591816852389,8.957596488648116,5.689792533828718,42.96916551030645,27.830511104342488,-0.013057051049518265,0.0,1.0819838302786593,-0.024735763286287238
baseline,420000,737,Omega_safe_one_step_QP,25.374192155759292,50.13291532752685,-3.594619784867973,0.059219250876858455,0.8594063520431519,False,False,-0.8594063520431519,-0.0859406366944313,-2.868288860351381,-2.8682888603513796,186.57444280202404,186.57444280202404,189.44273166237542,186.90621254459847,-0.33176974257443703,-3.3375234006583034,4.421265661841697,0.8594063669443125,-0.046702273190021515,-0.004670227412134409,0.4986326654868062,0.49863266548680063,208.56390208879876,208.56390208879876,208.06526942331195,208.00683022264886,0.5570718661498972,-2.50405690430886,4.14633372069114,0.12025869094870759,10.338380498815793,5.316645903001089,36.36195420660959,26.336333932938352,-0.05885169240270827,0.0,3.9877145969612684,-0.334243119689944
baseline,420000,738,Z_mode_existing_controller,25.363497056956785,50.13242055983607,-3.135546782546953,0.05164557642504412,0.8888415694236755,False,False,-0.8888415694236755,-0.08888415992259979,-2.976372225266349,-2.9763722252663523,188.7169568296922,188.7169568296922,191.69332905495855,189.01374175047107,-0.29678492077886176,-3.348596901695613,3.0149411240160284,0.8888415992259985,-0.01881437376141548,-0.0018814373761415482,-0.20015987874220514,-0.20015987874221902,208.3073474566327,208.30734745663267,208.5075073353749,208.4255770413694,-0.11822958473672429,-0.6072241742754312,0.40481612279545515,0.3296309455746872,9.856962860578822,7.665302729495844,38.878279920783804,24.90426082262962,-0.04504071203783866,0.0,3.1096497437429207,0.07093775084203457
baseline,420000,739,Omega_safe_one_step_QP,25.38225842352501,50.131494052122385,-6.181689196318075,0.10022111145725128,0.8906705975532532,False,False,-0.8906705975532532,-0.08906706422567368,-2.8179289895238755,-2.817928989523871,184.8878517288375,184.8878517288375,187.70578071836135,185.32099174983753,-0.43314002100004245,-3.1638283062568986,4.594960756243102,0.8906706422567353,-0.06376579403877258,-0.006376579403877258,0.4892415392675001,0.489241539267507,208.09879490042803,208.09879490042803,207.60955336116052,207.57916737342214,0.5196275270058948,-2.4584852980937177,4.191905326906283,0.11671101828737576,11.716667211708533,3.6305515175943976,43.44562441345236,19.14552797481347,-0.09984116056567416,0.0,6.593306873087386,-0.31177651620353686
baseline,420000,740,Z_mode_existing_controller,25.33550205952006,50.12737331182132,-7.788642203706331,0.12005287966000804,0.9011082053184509,False,False,-0.9011082053184509,-0.09011082351207733,-3.0190251296655335,-3.0190251296655326,194.0922136682429,194.0922136682429,197.1112387979084,194.57231372941862,-0.4801000611757331,-3.350346841809632,3.0131911839020096,0.9011082351207729,-0.006679420825093985,-0.0006679421057924628,-0.13032060927765793,-0.130320609277651,209.241049153514,209.241049153514,209.37136976279166,209.31627200239294,-0.07522284887892283,-0.6072241742754312,0.40481612279545515,0.2146169648682972,12.580853188802518,3.616015965305796,40.39299395061206,20.781039667036787,-0.11972153036565203,0.0,7.863230024744553,0.045133709327359384
baseline,420000,741,Omega_safe_one_step_QP,25.280752052315606,50.1256993720173,-59.59306309375279,0.9308973206860012,0.9570639729499817,False,False,-0.9570639729499817,-0.09570639580488205,-4.934020039651528,-4.934020039651517,202.68719038692143,202.68719038692143,207.62121042657296,205.3665827094492,-2.679392322527775,-5.155371277078057,2.6034177854219434,0.9570639580488184,-0.3490123748779297,-0.03490123897790909,-1.0928208622159903,-1.0928208622159972,210.43432469258923,210.43432469258923,211.52714555480523,211.52293790984305,-1.0886132172538225,-2.850244517458188,3.800146107541813,0.38341302141704003,9.256562197486712,4.871884603577032,41.47160996539131,22.311779361541017,-0.9529501141278871,0.0,59.89284527752807,0.6531679303522964
baseline,420000,742,Omega_safe_one_step_QP,25.298399156175254,50.125421094201194,-38.985130518738515,0.6057190954255386,0.952069878578186,False,False,-0.952069878578186,-0.09520699083805084,-4.59095568041782,-4.59095568041781,199.6973253443935,199.6973253443935,204.2882810248113,201.49839048965129,-1.8010651452577804,-4.822078336901894,2.936710725598106,0.9520699083805062,-0.1445036381483078,-0.01445036381483078,-0.11821274882167707,-0.11821274882168817,210.67084290748284,210.67084290748284,210.78905565630453,210.6961673285207,-0.025324421037851153,-2.7764355276081174,3.8739550973918826,0.04257716328948137,10.45127102608281,4.912795715238032,38.18400771675421,28.098217069196693,-0.6278105610109286,0.0,39.59774642712637,0.015194652622710692
baseline,420000,743,Omega_safe_one_step_QP,25.294164937299726,50.12823697538896,-29.426221197093582,0.4609762727604166,0.9340853095054626,False,False,-0.9340853095054626,-0.09340853244066238,-4.592169602503423,-4.592169602503429,200.63753500071735,200.63753500071735,205.22970460322077,202.0533774817052,-1.4158424809878625,-4.91622069474284,2.8425683677571603,0.9340853244066248,-0.16931168735027313,-0.016931168735027313,-0.2710304973558807,-0.27103049735589035,210.87088072094707,210.87088072094707,211.14191121830297,210.98620092039835,-0.11532019945127558,-2.811721083807961,3.838669541192039,0.09639309493274106,9.824813672099346,4.350120388944233,38.741584503691925,23.195948738995515,-0.4718813101364603,0.0,29.828910387558608,0.06919211967075967
baseline,420000,744,Omega_safe_one_step_QP,25.296056002486694,50.12811818461755,-20.609707450536916,0.3325460249701472,0.9354246258735657,False,False,-0.9354246258735657,-0.09354246407747269,-4.576828763645538,-4.57682876364553,200.41848802523026,200.4184880252303,204.9953167888758,201.49580251785432,-1.0773144926240263,-4.892781913308345,2.866007149191656,0.935424640774725,-0.12530295550823212,-0.012530296109616756,-0.06896679935142064,-0.06896679935141856,211.00603170758095,211.00603170758095,211.07499850693236,210.8660022485445,0.14002945903644104,-2.8050298126709015,3.845360812329099,0.02458683292415689,8.19887633459693,4.634345633251035,39.598157541247375,27.758322460838695,-0.33192701604361985,0.0,21.0256521420024,-0.08401767542186178
baseline,420000,745,Z_mode_existing_controller,25.326005202123408,50.13029016128485,19.097336050832382,-0.31125773831587683,0.9382631778717041,False,False,-0.9382631778717041,-0.09382631629705429,-3.14095874101,-3.1409587410100026,196.05894371939158,196.05894371939158,199.19990246040157,195.42582372120486,0.6331199981867144,-3.3476308832862194,3.015907142425422,0.9382631629705436,-0.0070398831740021706,-0.0007039883057586849,-0.13619225015919778,-0.13619225015919084,209.8159543229901,209.81595432299014,209.95214657314932,209.6972526019179,0.11870172107222743,-0.6072241742754312,0.40481612279545515,0.22428660769591713,8.969415949560242,3.583405652532016,38.38788388229712,27.048631738670505,0.3137331799248191,0.0,-19.33984819811394,-0.07122103264333646
baseline,420000,746,Z_mode_existing_controller,25.332016257101593,50.131517809244485,8.235908587314952,-0.13763178686887773,0.934514582157135,False,False,-0.934514582157135,-0.09345146268606186,-3.1317268373108664,-3.1317268373108735,194.54277975603935,194.54277975603935,197.67450659335023,194.36376362808844,0.17901612795091637,-3.3511801177810345,3.012357907930607,0.9345146268606205,-0.00511552207171917,-0.000511552207171917,-0.12454090433738213,-0.12454090433738213,209.58053028551686,209.58053028551686,209.70507118985424,209.52844620567558,0.05208407984127916,-0.6072241742754312,0.40481612279545515,0.20509872566583875,7.748849608875787,4.6007131274854824,41.46430580477362,22.909464117647282,0.13727535967137938,0.0,-8.341933499081279,-0.0312504479047675
baseline,420000,747,Z_mode_existing_controller,25.36476162341792,50.12988150442328,5.8076740572169,-0.09614799557362567,0.8551856875419617,False,False,-0.8551856875419617,-0.08551856875419617,-2.8688441617211646,-2.868844161721152,188.05139979392627,188.0513997939263,190.92024395564744,187.98185967672532,0.06954011720097242,-3.3546447321481843,3.0088932935634567,0.8551856875419579,-0.024001965299248695,-0.002400196623057127,-0.22714018061741753,-0.22714018061740643,207.94911893809152,207.94911893809154,208.17625911870894,208.06282825782404,-0.11370931973249299,-0.6072241742754312,0.40481612279545515,0.3740631388538523,9.782333203623526,4.773658247048918,37.24285652270967,27.37284976521237,0.10046307161357504,0.0,-5.9763627206693855,0.06822559183950716
baseline,420000,748,Z_mode_existing_controller,25.359846551909865,50.13020510998737,-4.227957131905896,0.06862061820459471,0.8806169033050537,False,False,-0.8806169033050537,-0.08806169033050537,-2.9567805373465617,-2.956780537346573,188.65503318331056,188.65503318331056,191.61181372065712,189.00408495417457,-0.3490517708640084,-3.3576240999343003,3.0059139257773406,0.8806169033050572,-0.024566354230046272,-0.002456635469570756,-0.23301983755631278,-0.23301983755631556,208.11552180165313,208.1155218016531,208.34854163920943,208.2919027634695,-0.17638096181639185,-0.6072241742754312,0.40481612279545515,0.3837459828314081,10.746274927979986,6.705354941626606,37.26822161968039,25.94153445710857,-0.06147505027254141,0.0,4.1836036050881376,0.10582857708983795
baseline,420000,749,Z_mode_existing_controller,25.357375683699566,50.12999594902624,-12.465563404492968,0.20109401484022335,0.8987076878547668,False,False,-0.8987076878547668,-0.08987077325582504,-3.0202728288632104,-3.0202728288632104,188.80011915488396,188.80011915488396,191.82039198374716,189.4900938207577,-0.6899746658737342,-3.360684146185923,3.0028538795257185,0.8987077325582503,-0.012456182390451431,-0.0012456182157620788,-0.16391515016817848,-0.16391515016818958,208.22342643855248,208.22342643855248,208.38734158872066,208.37955603290558,-0.15612959435310358,-0.6072241742754312,0.40481612279545515,0.26994173999047544,10.985162036165036,2.544020665644176,38.61741269789984,26.63421088293356,-0.19535655791983686,0.0,12.567242205801449,0.09367775661186784
baseline,420000,750,Z_mode_existing_controller,25.314177518442406,50.13040001025447,-20.658033379119843,0.32751591060922597,0.9354577660560608,False,False,-0.9354577660560608,-0.09354577958583832,-3.146678623243135,-3.146678623243135,196.9002281932981,196.9002281932981,200.04690681654122,197.94336607303023,-1.043137879732143,-3.363784702179663,2.999753323531978,0.935457795858383,-0.005839668679982424,-0.0005839669029228389,-0.1288780605862211,-0.1288780605862308,210.04531694033207,210.04531694033207,210.1741950009183,210.20737644897628,-0.16205950864420515,-0.6072241742754312,0.40481612279545515,0.21224132049751518,10.052136303832754,5.62551634436362,39.847989056805275,21.293452632584962,-0.3288281443298757,0.0,20.889625818263085,0.09723570518652025
baseline,420000,751,Z_mode_existing_controller,25.320433297970432,50.12870594651778,-25.64956528102175,0.40274526349593,0.9406655430793762,False,False,-0.9406655430793762,-0.0940665528178215,-3.1672439586424255,-3.1672439586424255,195.3688226770143,195.3688226770143,198.5360666356567,196.6064955203738,-1.237672843359519,-3.3670245839415642,2.9965134417700767,0.9406655281782148,-0.0068476321175694466,-0.0006847632466815412,-0.13530926791717052,-0.1353092679171733,209.6259429701207,209.6259429701207,209.76125223803786,209.8266746004212,-0.20073163030050978,-0.6072241742754312,0.40481612279545515,0.22283247876063358,10.959330080086698,5.615542246626812,42.62041442888451,23.520189894591265,-0.4090104284325804,0.0,25.938136731274426,0.12043897818030302
baseline,420000,752,Z_mode_existing_controller,25.312916012215876,50.12860002728399,-28.63120284890465,0.4524296539411314,0.9378040432929993,False,False,-0.9378040432929993,-0.09378040581941605,-3.160618335948012,-3.160618335948004,196.56398762447105,196.56398762447105,199.72460596041907,197.93994946362315,-1.3759618391520974,-3.3702331615349514,2.9933048641766895,0.9378040581941578,-0.008466863073408604,-0.0008466863073408604,-0.14450434786063976,-0.14450434786064253,209.87156659205874,209.87156659205874,210.0160709399194,210.1094742265879,-0.23790763452916508,-0.6072241742754312,0.40481612279545515,0.23797528817602165,10.264473611485261,5.295873348551064,44.96452452080845,27.933439081084376,-0.45738264163066944,0.0,28.94584090981789,0.14274458071750473
baseline,420000,753,Z_mode_existing_controller,25.314922142392295,50.13130311317506,-32.26844135958254,0.500646576026126,0.9414503574371338,False,False,-0.9414503574371338,-0.0941450372338295,-3.1758585141405975,-3.1758585141406033,195.83359411165742,195.83359411165742,199.00945262579802,197.33681261781882,-1.503218506161403,-3.3733679516772286,2.9901700740344124,0.9414503723382964,-0.004240258131176233,-0.00042402581311762333,-0.12011595552225279,-0.12011595552225002,209.90542440929184,209.90542440929187,210.0255403648141,210.14127293094535,-0.23584852165348025,-0.6072241742754312,0.40481612279545515,0.1978115506774382,11.52178407224436,3.7696170324597484,43.451013124828506,28.701782651676737,-0.5157398586719992,0.0,32.642672105263046,0.14150911299209668
baseline,420000,754,Omega_safe_one_step_QP,25.282118021532398,50.1346190081806,-72.03783711707547,1.0913383739729017,0.9551659822463989,False,False,-0.9551659822463989,-0.09551659971475601,-4.688475460006475,-4.688475460006476,200.46447408590558,200.46447408590558,205.15294954591207,203.57548059759475,-3.111006511689169,-4.908545189011967,2.850243873488033,0.9551659971475605,-0.3668579161167145,-0.03668579086661339,-1.173599576152124,-1.1735995761521116,210.3614764838876,210.36147648388763,211.53507606003973,211.6710067706127,-1.309530286725078,-2.8510375679816393,3.799353057018361,0.4116394639383684,11.531414914337114,4.9276546598244595,39.945765008523814,28.6532597267419,-1.151176684506403,0.0,72.40329562954685,0.7857181720350468
baseline,420000,755,Omega_safe_one_step_QP,25.26267956872812,50.13835468800945,-61.74409712564557,0.9767138748788093,0.9564899206161499,False,False,-0.9564899206161499,-0.09564899653196335,-5.074880183660274,-5.074880183660274,204.04994549087806,204.04994549087806,209.12482567453833,206.90941156000338,-2.859466069125318,-5.305732801874596,2.453056260625405,0.9564899653196335,-0.18804016709327698,-0.018804017454385757,-0.48073743632073146,-0.4807374363207405,212.1057957426755,212.1057957426755,212.58653317899623,212.6178613850708,-0.5120656423952994,-2.9561832798772887,3.6942073451227118,0.16262098483308382,8.18678066522503,5.737967013495438,42.06000812975974,29.43930042287388,-0.9934422152409657,0.0,62.4302999554493,0.3072393854371853
baseline,420000,756,Z_mode_existing_controller,25.303981210280355,50.14221832960893,-2.1120506180459415,0.0327419545030959,0.9192691445350647,False,False,-0.9192691445350647,-0.09192691743373871,-3.100245254460036,-3.1002452544600234,198.01710685511202,198.01710685511205,201.11735210957207,198.30379606929975,-0.2866892141877031,-3.3725108390528877,2.9910271866587537,0.9192691743373832,0.008259864524006844,0.0008259864407591522,-0.04465143775109967,-0.04465143775110314,211.0422212447642,211.0422212447642,211.0868726825153,211.0195031491381,0.022718095626089507,-0.6072241742754312,0.40481612279545515,0.07353369586180156,11.334756595429555,4.738766933497712,36.23692792375336,24.694780738377066,-0.02804617828265421,0.0,2.1537276537046637,-0.013630857375645178
baseline,420000,757,Omega_safe_one_step_QP,25.282060876409815,50.14276688774426,-46.04509554269862,0.7212823785931534,0.9477970004081726,False,False,-0.9477970004081726,-0.09477970004081726,-4.652698286911929,-4.652698286911929,200.50440700541256,200.5044070054126,205.1571052923245,202.63479591655644,-2.1303889111438536,-4.908960763653214,2.8498282988467865,0.9477970004081727,-0.2317683845758438,-0.02317683957517147,-0.621062857200419,-0.6210628572004294,211.36665479491464,211.36665479491464,211.98771765211507,211.97148708076045,-0.6048322858458164,-2.896301727189172,3.754088897810828,0.2144330652328699,9.721071897344018,6.058851826210138,42.726679750492565,29.921541574428048,-0.7364979445742481,0.0,46.4186941157659,0.3628993715074955
baseline,420000,758,Omega_safe_one_step_QP,25.300792317743436,50.14690561071352,-23.79790042637069,0.3793955764773006,0.9286725521087646,False,False,-0.9286725521087646,-0.09286725521087646,-4.228259591742716,-4.228259591742717,197.36938302355642,197.36938302355642,201.59764261529915,198.59741347429608,-1.2280304507396522,-4.553014495950676,3.2057745665493242,0.928672552108765,0.02143474481999874,0.002143474528566003,0.5429144079069325,0.5429144079069325,211.9967543804317,211.9967543804317,211.45383997252478,211.35840029221902,0.6383540882126795,-2.8429139592301413,3.807476665769859,0.14259165730097967,9.576452057657228,5.696386858138688,38.923395751209284,25.476978791024166,-0.3872037729791433,0.0,24.56811665227815,-0.383012452927602
baseline,420000,759,Z_mode_existing_controller,25.314752042847243,50.147527056854074,11.608279458397192,-0.18321370985595217,0.9058265089988708,False,False,-0.9058265089988708,-0.09058265388011932,-3.054078304115836,-3.0540783041158357,195.96251956783578,195.96251956783578,199.01659787195163,195.6883896680974,0.27412989973839785,-3.3715928748982398,2.9919451508134016,0.9058265388011928,0.0046010697260499,0.0004601069667842239,-0.06472244451528053,-0.06472244451528122,210.86211395511026,210.86211395511026,210.92683639962553,210.7777869768426,0.08432697826765434,-0.6072241742754312,0.40481612279545515,0.10658739763203784,10.87837599658125,6.860170088336472,42.602740414289144,28.662525740003606,0.194146953561102,0.0,-11.75183022499823,-0.05059618696058976
baseline,420000,760,Z_mode_existing_controller,25.3201354992222,50.15052497845779,0.1820708648474465,-0.002966669018627152,0.9335941076278687,False,False,-0.9335941076278687,-0.09335941076278687,-3.1504461818616076,-3.150446181861615,194.49941197229262,194.49941197229262,197.64985815415423,194.6973144061545,-0.19790243386188422,-3.3745352033834575,2.9890028223281835,0.933594107627871,0.012877210974693298,0.0012877210974693298,-0.01905498860663643,-0.01905498860664337,210.79448087670096,210.79448087670093,210.81353586530759,210.72869897425585,0.06578190244508164,-0.6072241742754312,0.40481612279545515,0.03138048419989321,9.163977440253623,3.901920002965473,38.18083853451587,25.80285904825403,0.007682417894471882,0.0,-0.15028414127573342,-0.03946914146705183
baseline,420000,761,Z_mode_existing_controller,25.323957544774892,50.15075212265454,-5.388311002161572,0.08848520292446214,0.9160897731781006,False,False,-0.9160897731781006,-0.09160897880792618,-3.0941595754105378,-3.0941595754105258,193.5206489950341,193.52064899503412,196.61480857044464,193.9542556935425,-0.4336066985083846,-3.3775723904727397,2.985965635238901,0.9160897880792582,0.0017240775050595403,0.00017240775923710316,-0.08261315917396164,-0.08261315917396789,210.52959969798127,210.52959969798127,210.61221285715524,210.57768473712179,-0.04808503914051698,-0.6072241742754312,0.40481612279545515,0.13605051095428775,8.885267372148022,5.931605373133678,41.608179251527886,26.148576286705016,-0.08186108583501372,0.0,5.441321064512522,0.028851023484307348
baseline,420000,762,Z_mode_existing_controller,25.347768495058265,50.151193918614695,-8.759424752378436,0.14624953085610753,0.887322187423706,False,False,-0.887322187423706,-0.08873222023248672,-2.9995575024807515,-2.999557502480754,188.65083210507112,188.65083210507112,191.65038960755186,189.2279403343241,-0.5771082292529854,-3.380460327287687,2.983077698423954,0.8873222023248679,0.00393403135240078,0.00039340314106084406,-0.06675691968673625,-0.06675691968674458,209.516597106702,209.51659710670197,209.58335402638872,209.59018777573695,-0.07359066903498501,-0.6072241742754312,0.40481612279545515,0.10993784917473372,8.993204356923055,5.380072317122202,37.954889773635315,23.888299893852782,-0.13630181704442101,0.0,8.851572168002349,0.04415440142099669
baseline,420000,763,Omega_safe_one_step_QP,25.36066933463102,50.14931978720531,-10.716417318592903,0.1769183716441785,0.8798120021820068,False,False,-0.8798120021820068,-0.0879812017083168,-2.887148866809984,-2.8871488668099716,185.99586859037953,185.99586859037953,188.8830174571895,186.6602338831414,-0.6643652927618575,-3.2815519801397124,4.477237082360289,0.8798120170831641,-0.03905331715941429,-0.003905331715941429,0.4767501157318832,0.4767501157318832,209.3666363799118,209.3666363799118,208.88988626417992,208.93182484170623,0.4348115382055653,-2.5865185883956565,4.0638720366043435,0.11731425385387924,10.288246254034556,6.446227595246537,39.183546289999654,20.281050268083717,-0.17226762467977252,0.0,11.149571866196311,-0.2608869229233335
baseline,420000,764,Omega_safe_one_step_QP,25.361067898935655,50.14527179007756,-6.195444656774271,0.10024687537439544,0.8903332948684692,False,False,-0.8903332948684692,-0.0890333279967308,-2.936333777599426,-2.9363337775994327,186.11132808936614,186.11132808936614,189.04766186696557,186.5802536989033,-0.4689256095371661,-3.298016421117319,4.460772641382682,0.8903332799673104,-0.06546075642108917,-0.00654607592150569,0.38610816491810723,0.3861081649181197,209.06634139627423,209.06634139627423,208.6802332313561,208.6816141343681,0.3847272619061357,-2.5655532851132756,4.084837339886724,0.09452228639508735,11.536694350909984,5.795852484172417,38.60879169768918,26.257274901808216,-0.09758580745041456,0.0,6.523866821368756,-0.2308363571436729
baseline,420000,765,Z_mode_existing_controller,25.3370051536118,50.14510258878047,-6.571783067439355,0.11014987985528135,0.9329464435577393,False,False,-0.9329464435577393,-0.0932946428656578,-3.1523631217246835,-3.152363121724685,190.8326284349214,190.8326284349214,193.98499155664607,191.31989292110012,-0.48726448617873075,-3.3789326213124764,2.984605404399165,0.9329464286565782,-0.010565942153334618,-0.0010565941920503974,-0.15630812806834704,-0.15630812806833316,209.55680514204428,209.5568051420443,209.71311327011264,209.6818801776318,-0.12507503558748567,-0.6072241742754312,0.40481612279545515,0.2574142049842589,8.272735792098846,3.1122703466010364,40.09968297375426,27.77884573730883,-0.10064795619925171,0.0,6.59738600228593,0.07504502135248003
baseline,420000,766,Z_mode_existing_controller,25.347808972287755,50.14586784508269,-11.006325539591671,0.17721695219917066,0.9134054780006409,False,False,-0.9134054780006409,-0.0913405492901802,-3.0890345473062326,-3.089034547306245,188.48578721846837,188.48578721846835,191.5748217657746,189.14180766451582,-0.6560204460474779,-3.3818874216451946,2.9816506040664463,0.9134054929018055,-0.009649334475398064,-0.0009649334824644029,-0.14896146425289192,-0.14896146425290302,209.099580402701,209.099580402701,209.2485418669539,209.25757084485022,-0.1579904421492131,-0.6072241742754312,0.40481612279545515,0.24531543796103134,11.209637231729987,6.165547300758824,38.246508043585344,23.20268422951767,-0.17061363096406978,0.0,11.082144905265523,0.09479426528952217
baseline,420000,767,Z_mode_existing_controller,25.333970901294627,50.144144711463106,-17.759038056981808,0.28363655561592854,0.9315512776374817,False,False,-0.9315512776374817,-0.09315513074398041,-3.153006465641756,-3.1530064656417442,190.91333957520487,190.9133395752049,194.06634604084664,191.84996818429948,-0.9366286090945835,-3.3846836352011667,2.9788543905104743,0.9315513074398007,-0.006358634680509567,-0.0006358634564094245,-0.13152255812987068,-0.13152255812987207,209.55575751752966,209.55575751752966,209.68728007565952,209.73540055137673,-0.17964303384707137,-0.6072241742754312,0.40481612279545515,0.21659638021956398,11.04382737695865,4.13097968115573,39.04452800756592,24.19857333806953,-0.2801692061062617,0.0,17.931421442780447,0.10778582030823713
baseline,420000,768,Z_mode_existing_controller,25.306284653826108,50.14343435369736,-22.083801796938133,0.359304218389018,0.9436224699020386,False,False,-0.9436224699020386,-0.09436225146055222,-3.1965459921923247,-3.196545992192331,196.07514187484617,196.07514187484614,199.27168786703848,197.22792042753304,-1.1527785526868968,-3.387526201119342,2.976011824592299,0.9436225146055238,-0.00737091014161706,-0.0007370910025201738,-0.13867363450064674,-0.1386736345006516,210.62542696936194,210.6254269693619,210.76410060386257,210.8442615271191,-0.21883455775719085,-0.6072241742754312,0.40481612279545515,0.22837304635660063,8.667599197914395,3.3397491154283325,38.85546181224553,23.608624961407678,-0.3514223870700812,0.0,22.303923449354443,0.13130073465430314
baseline,420000,769,Z_mode_existing_controller,25.31576773464033,50.14251910983937,-24.214139893267202,0.3994645049638586,0.9366368055343628,False,False,-0.9366368055343628,-0.09366368502378464,-3.1755564831527776,-3.175556483152787,193.97521781515076,193.97521781515076,197.15077429830353,195.22711842113668,-1.2519006059859237,-3.3903817497105617,2.9731562760010792,0.9366368502378487,-0.008479561656713486,-0.0008479561656713486,-0.14446060389530918,-0.14446060389530502,210.11996197273777,210.11996197273777,210.26442257663308,210.36697652291963,-0.24701455018185925,-0.6072241742754312,0.40481612279545515,0.23790324894044657,8.315602280742244,6.355119811740219,39.37017182085415,23.449217177905226,-0.3859197379071331,0.0,24.45185090106588,0.1482087301091184
baseline,420000,770,Omega_safe_one_step_QP,25.35057831378495,50.141127898697334,-23.506890828320138,0.37680793551949937,0.8871942758560181,False,False,-0.8871942758560181,-0.0887194275856018,-3.0149691932727194,-3.0149691932727207,187.03571878871622,187.03571878871622,190.05068798198894,188.22182963981444,-1.1861108510982206,-3.3983190326196566,4.360470029880344,0.8871942758560183,-0.009388331323862076,-0.0009388331673108041,0.6329155049455998,0.6329155049455957,209.306504248242,209.306504248242,208.6735887432964,208.79420957640787,0.5122946718341268,-2.564888836307305,4.085501788692696,0.154917446541645,11.715082383070794,4.071257348507399,44.02714309140843,26.071060223150873,-0.3796984713495988,0.0,24.19396610276999,-0.30737680310048177
baseline,420000,771,Z_mode_existing_controller,25.31030584635333,50.1415264203425,-17.92978645040239,0.29351334573976307,0.9276145696640015,False,False,-0.9276145696640015,-0.09276145696640015,-3.1453799937943034,-3.1453799937943088,195.0533950159496,195.0533950159496,198.1987750097439,196.03392891142164,-0.9805338954720355,-3.3908264236660455,2.9727116020455955,0.9276145696640029,-0.013848823495209217,-0.001384882372803986,-0.17499806134991872,-0.1749980613499201,210.24911326238293,210.24911326238293,210.42411132373286,210.4902739909757,-0.24116072859277438,-0.6072241742754312,0.40481612279545515,0.2881935021093917,8.572573651925973,2.9011815910407117,37.57697548299255,23.520584349448725,-0.28363959715875353,0.0,18.06872961040608,0.14469643715567315
baseline,420000,772,Z_mode_existing_controller,25.31703831289568,50.14030256017333,-22.10224823378303,0.34947912293621636,0.9294776916503906,False,False,-0.9294776916503906,-0.09294777363538742,-3.15421670228764,-3.1542167022876266,193.48288883814496,193.482888838145,196.6371055404326,194.60727418295346,-1.1243853448084735,-3.393536583954018,2.970001441757623,0.9294777363538703,-0.005048902705311775,-0.0005048902821727097,-0.12364092729309495,-0.12364092729308246,209.9019332880797,209.9019332880797,210.02557421537279,210.1162192993782,-0.21428601129849767,-0.6072241742754312,0.40481612279545515,0.2036166090400085,11.019996657239925,5.4409243930292694,45.64971066592049,26.844579266084395,-0.3501220858057117,0.0,22.32379871280955,0.12857160677910429
baseline,420000,773,Z_mode_existing_controller,25.306721139996537,50.14213876555413,-25.0259735932932,0.4121701498806004,0.9425544142723083,False,False,-0.9425544142723083,-0.09425543993711472,-3.2011103163898658,-3.2011103163898795,195.20304843883457,195.20304843883457,198.40415875522444,196.50087242656278,-1.2978239877282078,-3.3962074958491315,2.9673305298625094,0.9425543993711512,-0.005724540911614895,-0.000572454126086086,-0.128921902469422,-0.12892190246941715,210.3849865085748,210.3849865085748,210.5139084110442,210.62891256528738,-0.24392605671258138,-0.6072241742754312,0.40481612279545515,0.21231352098794964,8.12415379389451,3.2787988072272602,44.374267332009246,24.41901636384497,-0.3990873722620438,0.0,25.278705331527817,0.14635563402754315
baseline,420000,774,Z_mode_existing_controller,25.326024148387503,50.141773928054874,-27.776038944412903,0.4393456924197756,0.9347842335700989,False,False,-0.9347842335700989,-0.09347842633724213,-3.17723833774253,-3.1772383377425406,191.17862366851534,191.1786236685153,194.35586200625787,192.5322320739551,-1.353608405439786,-3.39890011228902,2.964637913422621,0.9347842633724239,-0.004754947032779455,-0.0004754947149194777,-0.12245611858311412,-0.12245611858310579,209.511255178723,209.511255178723,209.6337112973061,209.76406511172473,-0.2528099330017426,-0.6072241742754312,0.40481612279545515,0.20166542073069846,11.471895612838324,4.277364651055773,36.659335120367416,26.819651643327305,-0.4415010966410833,0.0,28.065854081251928,0.1516859598010427
baseline,420000,775,Z_mode_existing_controller,25.29196920920636,50.142590917402714,-29.84455243195316,0.4790497526313906,0.9479615688323975,False,False,-0.9479615688323975,-0.09479615837335587,-3.224493096953044,-3.2244930969530405,197.59637391539604,197.59637391539604,200.82086701234908,199.08733982922928,-1.4909659138332358,-3.4015018670412123,2.9620361586704287,0.9479615837335575,-0.00034997984766960144,-3.4997985494555905e-05,-0.09798754177768598,-0.0979875417776846,210.96866069931812,210.96866069931812,211.0666482410958,211.21588934291066,-0.2472286435925355,-0.6072241742754312,0.40481612279545515,0.16136963238429694,9.054497661657935,5.376680416015893,38.88839518657354,23.959017081686902,-0.47663218072947977,0.0,30.17284742652646,0.1483371861555156
baseline,420000,776,Z_mode_existing_controller,25.311517856983116,50.14222608698651,-32.16069645712105,0.495136339445674,0.9392316937446594,False,False,-0.9392316937446594,-0.0939231738448143,-3.1972644384864712,-3.1972644384864664,193.53304713188197,193.533047131882,196.73031157036846,195.04725692265848,-1.5142097907764764,-3.404127338977269,2.959410686734372,0.9392317384481416,-0.00724468007683754,-0.0007244680309668183,-0.1374898774620277,-0.13748987746202423,210.0397841222488,210.0397841222488,210.17727399971082,210.33761645764372,-0.29783233539492926,-0.6072241742754312,0.40481612279545515,0.22642358997990109,12.566392752949001,6.379384435804354,40.6809044863656,24.350156349779557,-0.5114217971693975,0.0,32.49341885305239,0.17869940123696892
baseline,420000,777,Z_mode_existing_controller,25.28561362741078,50.14258824050639,-33.97273280904665,0.525369099248156,0.9502673745155334,False,False,-0.9502673745155334,-0.09502673894166946,-3.23723585567593,-3.2372358556759413,198.3631682023725,198.36316820237246,201.6004040580484,199.98199868669627,-1.6188304843238086,-3.40665784360237,2.956880182109271,0.9502673894166979,-0.03138016536831856,-0.003138016676530242,-0.2799807731549267,-0.27998077315491976,210.96318741005055,210.96318741005055,211.24316818320548,211.41876642932286,-0.4555790192723066,-0.6072241742754312,0.40481612279545515,0.4610830480999973,11.09226034661109,4.508772847306787,35.44884037062773,27.181433589404552,-0.5401960622564062,0.0,34.23958145974029,0.2733474115633783
baseline,420000,778,Omega_safe_one_step_QP,25.26542634345746,50.144566750274926,-69.76297025337408,1.074539622039477,0.9516565799713135,False,False,-0.9516565799713135,-0.0951656624674797,-4.6874565474167875,-4.687456547416789,200.63579602962776,200.63579602962776,205.32325257704454,203.74332794422463,-3.1075319145968763,-4.925575492125217,2.8332135703747836,0.9516566246747976,-0.3479683995246887,-0.03479684144258499,-1.1506821260150513,-1.1506821260150408,211.00611920548138,211.0061192054814,212.15680133149644,212.34268259742782,-1.336563391946413,-2.91321009512731,3.7371805298726906,0.3949876900192312,10.482080591300129,5.134345246691424,40.64763454368251,24.50051737535668,-1.1132952584839266,0.0,70.07432747669009,0.8019380351678507
baseline,420000,779,Omega_safe_one_step_QP,25.26445599592098,50.145559972329394,-50.763180620115236,0.8314393702384766,0.9504775404930115,False,False,-0.9504775404930115,-0.09504775702953339,-4.721772168918186,-4.721772168918194,201.02361706985,201.02361706985,205.74538923876818,203.48092332153274,-2.457306251682752,-4.967789158297581,2.79099990420242,0.9504775702953353,-0.32144972681999207,-0.032144974917173386,-1.0462887236958514,-1.0462887236958576,211.2440647675957,211.2440647675957,212.29035349129154,212.36261456101184,-1.1185497934161504,-2.92656531110682,3.72382531389318,0.35751422314923625,6.910552362093068,4.351856352012238,41.90910124582356,28.61601138733982,-0.8090601455551223,0.0,50.90111088962112,0.6711298760496902
baseline,420000,780,Z_mode_existing_controller,25.314131748698163,50.148072741025096,-3.546698907422069,0.05775550870142076,0.9527005553245544,False,False,-0.9527005553245544,-0.0952700600028038,-3.2429747973755654,-3.242974797375562,192.91756952946582,192.91756952946582,196.16054432684138,193.3046658568032,-0.38709632733738886,-3.4039810589813055,2.959556966730336,0.9527006000280368,-0.008144189603626728,-0.0008144189487211406,-0.1441218715641908,-0.14412187156418454,210.2299872697514,210.2299872697514,210.37410914131559,210.34574671460746,-0.11575944485605305,-0.6072241742754312,0.40481612279545515,0.23734541157910524,9.540888583210497,5.824512947968888,43.17899526844496,26.589327457355317,-0.04992039238283574,0.0,3.5271636328907334,0.06945566691364036
baseline,420000,781,Z_mode_existing_controller,25.327581658973525,50.14900042854821,-7.965555067807145,0.12948319296116836,0.9368771314620972,False,False,-0.9368771314620972,-0.09368771314620972,-3.1915550211907577,-3.1915550211907626,190.067160893361,190.067160893361,193.25871591455177,190.63779054916768,-0.5706296558066697,-3.406588669967847,2.956949355743794,0.9368771314620987,0.0006172693683765829,6.172693974804133e-05,-0.09120007079692072,-0.09120007079691794,209.7216302824314,209.7216302824314,209.81283035322832,209.82516680279022,-0.10353652035882988,-0.6072241742754312,0.40481612279545515,0.1501917655135226,10.27751342787866,6.409152477974407,40.61170441673322,27.757085920698042,-0.12131210781986823,0.0,8.024745263412115,0.06212191221530361
baseline,420000,782,Z_mode_existing_controller,25.3318078759924,50.150200307700835,-10.47494904065752,0.1695956684298374,0.9067126512527466,False,False,-0.9067126512527466,-0.09067126363515854,-3.0910410005503235,-3.091041000550327,189.0931737551629,189.0931737551629,192.1842147557132,189.76614125167345,-0.6729674965105517,-3.4090635518084325,2.9544744739032085,0.9067126363515865,0.007127376738935709,0.0007127376738935709,-0.05001423232241231,-0.05001423232241786,209.60709940513848,209.60709940513848,209.6571136374609,209.7053917557551,-0.09829235061661734,-0.6072241742754312,0.40481612279545515,0.08236535111945638,10.723918595870293,5.25214981160506,39.78465760018167,26.722078268269566,-0.16180733013935722,0.0,10.577780960427845,0.05897541036998177
baseline,420000,783,Z_mode_existing_controller,25.3181421617237,50.15067820784005,-16.26095873830218,0.26651203644382493,0.9304782152175903,False,False,-0.9304782152175903,-0.09304782003164291,-3.174168654323939,-3.174168654323951,191.49031878156674,191.49031878156674,194.6644874358907,192.41885919714136,-0.9285404155746164,-3.411330489252187,2.9522075364594538,0.9304782003164327,0.0041342624463140965,0.00041342625627294183,-0.06995162286519419,-0.06995162286519557,210.14850719599605,210.14850719599605,210.21845881886125,210.29782525004984,-0.1493180540537935,-0.6072241742754312,0.40481612279545515,0.11519900858470462,9.350076878662483,5.071033834313236,38.571849607541026,23.64214193630122,-0.25622877055015003,0.0,16.427596676420762,0.08959083243227894
baseline,420000,784,Z_mode_existing_controller,25.32573272477068,50.14922806971087,-20.844132118716516,0.33320157379654064,0.9422544836997986,False,False,-0.9422544836997986,-0.0942254513502121,-3.216559652457042,-3.2165596524570517,189.75246959950542,189.75246959950542,192.96902925196247,190.84826815182237,-1.0957985523169498,-3.4136845261710738,2.9498534995405676,0.9422545135021234,-0.0023575604427605867,-0.00023575604427605867,-0.10916940247808204,-0.10916940247808482,209.66820992749808,209.66820992749808,209.77737932997616,209.87951464015018,-0.21130471265209394,-0.6072241742754312,0.40481612279545515,0.17978434835594442,11.235697111255753,5.327126670389883,36.18101761801949,25.46092252351386,-0.32872836364023783,0.0,21.046077654766123,0.12678282759125636
baseline,420000,785,Z_mode_existing_controller,25.303924396054533,50.14888573169676,-24.509194037159432,0.3843568610204428,0.9501316547393799,False,False,-0.9501316547393799,-0.09501316398382187,-3.245706044412412,-3.2457060444123997,193.80855243532443,193.80855243532443,197.05425847973683,195.05271328952938,-1.2441608542049494,-3.4160593209642687,2.9474787047473723,0.950131639838215,-0.007351314648985863,-0.0007351314998231828,-0.1392176059574604,-0.13921760595745417,210.49547607658133,210.49547607658135,210.6346936825388,210.759983575859,-0.2645074992776415,-0.6072241742754312,0.40481612279545515,0.22926887936168755,11.410577532963858,5.97585218392468,37.87927444138924,24.51341602002658,-0.38757426819184815,0.0,24.738063805785714,0.15870449956658206
baseline,420000,786,Z_mode_existing_controller,25.28976503395026,50.1488074148955,-25.98141269633288,0.4119854456604834,0.9467702507972717,False,False,-0.9467702507972717,-0.09467702358961105,-3.2364710867633915,-3.236471086763398,196.39206978278278,196.39206978278278,199.62854086954619,197.72157335243512,-1.3295035696523314,-3.418433495324341,2.9451045303873,0.9467702358961123,-0.006707364693284035,-0.0006707364809699357,-0.13510546860504083,-0.13510546860503458,211.04933603058439,211.04933603058439,211.18444149918943,211.32895748040136,-0.2796214498169718,-0.6072241742754312,0.40481612279545515,0.2224968542569124,10.092220324700696,3.2698439218061934,37.55447547163913,23.61067926959999,-0.4122140400999008,0.0,26.22585386654191,0.16777286989018592
baseline,420000,787,Omega_safe_one_step_QP,25.274370720220016,50.148223580400945,-56.994551437807786,0.8769970413551614,0.953387975692749,False,False,-0.953387975692749,-0.09533879905939102,-4.422801832151725,-4.422801832151729,198.03506234584273,198.03506234584273,202.45786417799445,200.61375458517705,-2.578692239334316,-4.6390366522202084,3.119752410279792,0.953387990593911,-0.2152509093284607,-0.02152509056031704,-0.5236654078021437,-0.5236654078021492,211.23573314759088,211.23573314759088,211.75939855539303,211.91711708985363,-0.6813839422627552,-2.8734698175169675,3.776920807483033,0.182241485402015,11.268728369956508,5.14590035209131,40.04719053260444,27.1900363490464,-0.9111625104785368,0.0,57.49688358292951,0.4088303653576446
baseline,420000,788,Omega_safe_one_step_QP,25.259070389110732,50.15058063531542,-49.80967529815189,0.7727312450194097,0.9590821266174316,False,False,-0.9590821266174316,-0.09590821713209152,-4.761090180143408,-4.76109018014341,200.94855829976552,200.94855829976552,205.70964847990894,203.25712196682093,-2.3085636670554095,-4.9642150824116555,2.794573980088345,0.9590821713209159,-0.3697056472301483,-0.03697056695818901,-1.2841070576065983,-1.2841070576066025,211.29090649426135,211.29090649426135,212.57501355186795,212.63246002204463,-1.341553527783276,-2.9550313171644604,3.69535930783554,0.4345493904405671,10.151051702602864,6.51538854272575,33.318543060225224,23.732217963650115,-0.7886875960052997,0.0,49.79343077748763,0.8049321166699599
baseline,420000,789,Omega_safe_one_step_QP,25.272223322396375,50.15048601637483,-28.802555441472578,0.46321208410259046,0.9522221088409424,False,False,-0.9522221088409424,-0.09522221237421036,-4.5048019371931325,-4.504801937193127,198.87100566932665,198.87100566932665,203.37580760651977,200.35934329258487,-1.488337623258218,-4.73083099507274,3.0279580674272606,0.9522221237421022,-0.16299977898597717,-0.016299977898597717,-0.3208556335852659,-0.32085563358527636,211.73599287278708,211.73599287278708,212.05684850637235,212.01920565438616,-0.2832127815990759,-2.9032148126149004,3.7471758123851,0.11051735896052571,8.662973652890509,6.681604760361887,39.210221330039296,22.464498192020546,-0.4587446833135136,0.0,29.091372455826786,0.16992766895944555
baseline,420000,790,Z_mode_existing_controller,25.30826340745091,50.1493084023806,13.072578153595714,-0.20927686539231835,0.9286578297615051,False,False,-0.9286578297615051,-0.09286578744649887,-3.1688877770332025,-3.168887777033189,193.36874464998164,193.36874464998166,196.53763242701484,193.08191807000034,0.286826579981323,-3.4123307023685543,2.9512073233430867,0.9286578744649845,-0.007626486010849476,-0.0007626485894434154,-0.1386561928976779,-0.138656192897689,210.37588567489357,210.37588567489357,210.51454186779125,210.40223489507957,-0.02634922018600605,-0.6072241742754312,0.40481612279545515,0.2283443228576006,10.619411153029935,4.205584153448266,42.599404367998815,25.885591327954923,0.22047814587651615,0.0,-13.308865831583716,0.01580953211160363
baseline,420000,791,Z_mode_existing_controller,25.291689952939922,50.15016054632879,3.459125760277857,-0.05452638022727889,0.945634126663208,False,False,-0.945634126663208,-0.09456341713666916,-3.229018533803443,-3.229018533803448,196.35204532368982,196.35204532368982,199.58106385749326,196.46230643340684,-0.11026110971701542,-3.41465931707677,2.9488787086348713,0.9456341713666926,-0.011335915885865688,-0.0011335916351526976,-0.16210231770285022,-0.1621023177028627,211.05570157213273,211.0557015721327,211.21780388983558,211.1626287547767,-0.10692718264400014,-0.6072241742754312,0.40481612279545515,0.2669562981353483,10.7683269008593,5.757018125228142,40.61878340323394,29.629126860987277,0.06516520170860574,0.0,-3.588447271572477,0.0641563095863944
baseline,420000,792,Z_mode_existing_controller,25.288299423679007,50.15360940057962,-3.677534292582095,0.0587586618672833,0.9508198499679565,False,False,-0.9508198499679565,-0.09508198499679565,-3.2489869492351704,-3.24898694923517,196.74156402745214,196.74156402745214,199.9905509766873,197.14888250729635,-0.4073184798442071,-3.417037359227056,2.946500666484585,0.950819849967956,-0.011881709098815918,-0.001188170979730785,-0.1658241241193993,-0.16582412411939168,211.3421356090009,211.34213560900093,211.50795973312032,211.5005399050239,-0.15840429602297945,-0.6072241742754312,0.40481612279545515,0.27308551132250447,9.787226111308053,5.65208313863594,41.540214789084864,24.4520784811564,-0.05099984418882997,0.0,3.6334915591578465,0.09504257761378199
baseline,420000,793,Z_mode_existing_controller,25.299246766240792,50.15378475007021,-9.106055384859246,0.14634881213141981,0.9538314938545227,False,False,-0.9538314938545227,-0.09538315236568451,-3.261531740480799,-3.2615317404808137,194.35188081176906,194.35188081176904,197.61341255224986,194.98670074064498,-0.6348199288759417,-3.4194002395481573,2.9441377861634836,0.9538315236568491,-0.010919211432337761,-0.0010919211199507117,-0.16049106487755482,-0.16049106487756523,210.85418522389196,210.85418522389196,211.01467628876952,211.04444203074587,-0.19025680685390967,-0.6072241742754312,0.40481612279545515,0.2643028253429976,9.931171004650901,6.355118487886672,36.979876337891945,25.057392871769867,-0.13876383806320902,0.0,9.13066513880949,0.11415408411234296
baseline,420000,794,Z_mode_existing_controller,25.310167681459525,50.15365244339654,-13.29947909911425,0.20908563182468476,0.9474099278450012,False,False,-0.9474099278450012,-0.09474099427461624,-3.241787194082092,-3.241787194082085,192.00576042995286,192.00576042995286,195.24754762403495,192.80058702875644,-0.7948265988035814,-3.4217365132198716,2.9418015124917694,0.9474099427461604,-0.006044951267540455,-0.0006044951151125133,-0.13129010966637655,-0.13129010966636753,210.37475221738654,210.37475221738654,210.5060423270529,210.5675785670725,-0.19282634968595858,-0.6072241742754312,0.40481612279545515,0.21621357519737935,11.802105051047166,6.6885806057355435,37.88565236404781,17.93584407443219,-0.2054663289342855,0.0,13.389249618237045,0.11569580981158367
baseline,420000,795,Z_mode_existing_controller,25.295687882930334,50.149426469744284,-16.49156887386198,0.26658578740355077,0.943610668182373,False,False,-0.943610668182373,-0.0943610668182373,-3.2309187619209867,-3.230918761920984,194.71345682562387,194.71345682562387,197.94437558754484,195.66572413117967,-0.9522673055558073,-3.423995585111955,2.939542440599686,0.9436106681823722,-0.005896000657230616,-0.0005896000657230616,-0.13003312760482694,-0.13003312760484081,210.7131012620367,210.7131012620367,210.84313438964153,210.93575005982902,-0.22264879779231705,-0.6072241742754312,0.40481612279545515,0.21414352905169254,9.41874590761717,2.7616825999427217,40.90164959250503,27.353469771116757,-0.2587637261478193,0.0,16.61674332133498,0.1335892786753874
baseline,420000,796,Z_mode_existing_controller,25.28759575112475,50.15089348105918,-18.876547763376948,0.3095827089614056,0.9452076554298401,False,False,-0.9452076554298401,-0.09452077001333237,-3.2384639904972436,-3.2384639904972303,196.0821748170662,196.08217481706623,199.32063880756345,197.15169812255243,-1.0695233054862001,-3.4261929838705836,2.9373450418410574,0.9452077001333197,-0.014337926171720028,-0.0014337926404550672,-0.17964348465022012,-0.1796434846502222,211.04565471257908,211.04565471257908,211.2252981972293,211.33795889535583,-0.2923041827767463,-0.6072241742754312,0.40481612279545515,0.29584376291438225,8.224133923508498,5.1728510823515546,36.96449354254515,24.52450763436478,-0.29768146256724837,0.0,18.998846716278422,0.17538250966605062
baseline,420000,797,Z_mode_existing_controller,25.316555236331773,50.150274919141204,-20.544889944140778,0.320242155033943,0.9258173108100891,False,False,-0.9258173108100891,-0.09258173406124115,-3.1740342087583904,-3.174034208758397,190.246027040654,190.246027040654,193.4200612494124,191.32742619503068,-1.081399154376669,-3.42835899645045,2.9351790292611915,0.9258173406124132,-0.0010361593449488282,-0.00010361593740526587,-0.09976576402698223,-0.09976576402698223,209.83338210404585,209.83338210404585,209.93314786807284,210.0596832132499,-0.22630110920405855,-0.6072241742754312,0.40481612279545515,0.16429807681162809,12.704230597888913,4.273552172300922,43.11824442376044,27.436881150940792,-0.3220379613131996,0.0,20.731147239932397,0.1357806655224323
baseline,420000,798,Omega_safe_one_step_QP,25.264803037625672,50.152215201001276,-51.510746147881946,0.8517637490461516,0.9531048536300659,False,False,-0.9531048536300659,-0.09531048685312271,-4.512614365172167,-4.512614365172177,198.90134551283387,198.90134551283387,203.41395987800604,201.43029086476167,-2.5289453519278027,-4.734646222221367,3.0241428402786332,0.9531048685312292,-0.2392178475856781,-0.0239217858761549,-0.6703849814968514,-0.6703849814968403,211.5121773604103,211.5121773604103,212.18256234190716,212.33103568785995,-0.8188583274496466,-2.9157861961683795,3.7346044288316205,0.22991568530566128,6.8058186044174205,3.219709242344122,41.55291864247977,24.55358958035732,-0.8236828848720084,0.0,51.84311403628362,0.4913149964697965
baseline,420000,799,Z_mode_existing_controller,25.307991696025656,50.151902201488795,-8.211865516180296,0.12865887363178014,0.939889132976532,False,False,-0.939889132976532,-0.09398891776800156,-3.2213119761940523,-3.221311976194057,191.96262082139313,191.96262082139313,195.18393279758718,192.55787844357738,-0.5952576221842492,-3.427331703239109,2.936206322472532,0.9398891776800168,-0.007963309995830059,-0.0007963310345076025,-0.14176580123844984,-0.14176580123843735,210.24995691709896,210.24995691709896,210.3917227183374,210.4308963541068,-0.18093943700785076,-0.6072241742754312,0.40481612279545515,0.23346534483347778,12.065508632456881,5.3569945511127965,35.46555000198625,23.77207952042734,-0.1224224205348321,0.0,8.225724274510867,0.10856366220471614
baseline,420000,800,Z_mode_existing_controller,25.275279351541794,50.15102869460198,-12.927448375377026,0.20983996604050745,0.9468101859092712,False,False,-0.9468101859092712,-0.094681017100811,-3.247037437400323,-3.247037437400323,198.20160393004016,198.20160393004016,201.44864136744047,199.0187718744371,-0.8171679443969424,-3.4294492569118282,2.934088768799813,0.9468101710081097,-0.022401468828320503,-0.002240146975964308,-0.22703801050971903,-0.2270380105097232,211.45609387066497,211.45609387066497,211.6831318811747,211.7579010560325,-0.3018071853675224,-0.6072241742754312,0.40481612279545515,0.37389488121192765,8.416385201875972,5.6883452772760785,38.969419035362826,26.7298754998347,-0.2006215194322185,0.0,12.946985583588685,0.18108431122051627
baseline,420000,801,Z_mode_existing_controller,25.307213784983055,50.15223371154735,-16.0058783126442,0.2520951622663932,0.941815197467804,False,False,-0.941815197467804,-0.09418152272701263,-3.231900866956969,-3.231900866956974,191.71278739275724,191.71278739275724,194.9446882597142,192.62829942344177,-0.915512030684539,-3.43156573962465,2.931972286086991,0.9418152272701279,-0.00806979089975357,-0.0008069790783338249,-0.14258443628143436,-0.14258443628144477,210.22414755425834,210.2241475542583,210.36673199053976,210.46123927623213,-0.237091721973826,-0.6072241742754312,0.40481612279545515,0.23481350433978243,11.74412602757764,5.787127163669528,44.220711129026526,24.05833184937213,-0.24868153496220202,0.0,16.112304814421805,0.14225503318429844
baseline,420000,802,Z_mode_existing_controller,25.287370377146896,50.15219252409713,-19.777078602917754,0.30599366905498687,0.9473642110824585,False,False,-0.9473642110824585,-0.09473641961812973,-3.252885643289796,-3.252885643289786,195.41587404672032,195.41587404672035,198.66875969001012,196.483496178044,-1.0676221313236454,-3.4336168248723764,2.9299212008392646,0.9473641961812941,-0.009982243180274963,-0.000998224364593625,-0.15434824110587483,-0.15434824110586443,211.0087980148317,211.00879801483174,211.1631462559376,211.28246908722713,-0.2736710723953877,-0.6072241742754312,0.40481612279545515,0.25418658815756157,11.902745488123664,5.354463427405008,37.00897620159473,25.772325274896744,-0.3094306361212631,0.0,19.922306595602095,0.16420264343722124
baseline,420000,803,Omega_safe_one_step_QP,25.260810537377786,50.153173678796996,-54.447919278658446,0.8367267339876706,0.9591206908226013,False,False,-0.9591206908226013,-0.09591206908226013,-4.569060875572123,-4.56906087557212,199.1364548033057,199.1364548033057,203.70551567887782,201.62771403551176,-2.491259232206062,-4.763801802308544,2.994987260191456,0.9591206908226005,-0.29825854301452637,-0.029825855046510696,-0.940821917129301,-0.9408219171293128,211.35786164387744,211.35786164387744,212.29868356100675,212.43919304022248,-1.0813313963450355,-2.9273983180783407,3.7229923069216597,0.3213850029629399,11.122088943785167,6.565167830451996,40.49272790749844,25.822410828148126,-0.8652990690176239,0.0,54.66441950986973,0.6487988378070213
baseline,420000,804,Omega_safe_one_step_QP,25.26201411416793,50.15487733891274,-36.10271266138261,0.5922732959281484,0.9504848122596741,False,False,-0.9504848122596741,-0.09504847973585129,-4.531012895581303,-4.531012895581292,199.20703044566986,199.2070304456699,203.73804334125117,201.04582264329824,-1.8387921976283508,-4.7670545685458805,2.9917344939541204,0.9504847973585103,-0.2841738760471344,-0.02841738797724247,-0.8903221945850782,-0.8903221945850769,211.49790149340902,211.49790149340902,212.3882236879941,212.4263147501078,-0.9284132566987751,-2.9363523307770745,3.714038294222926,0.3032068683492974,7.3454720437988605,5.481870847877133,34.989530783830986,29.681625688426156,-0.5716461441012433,0.0,36.117310851464026,0.5570479540192537
baseline,420000,805,Z_mode_existing_controller,25.308322120359055,50.157488330819994,6.129142292589677,-0.09919769927156064,0.9459914565086365,False,False,-0.9459914565086365,-0.094599150121212,-3.2442028367863625,-3.2442028367863656,191.6181237393654,191.6181237393654,194.86232657615176,191.63672191038168,-0.018598171016293463,-3.4294207005343,2.934117325177341,0.9459915012121209,-0.0030113125685602427,-0.0003011312510352582,-0.11337696510163586,-0.11337696510163309,210.51409676696613,210.51409676696613,210.62747373206776,210.57363014209136,-0.05953337512522694,-0.6072241742754312,0.40481612279545515,0.18671352344777756,10.287846124183487,4.374582321551558,35.0970287164911,23.49752857573851,0.10831481241107,0.0,-6.273177130075055,0.035720025075136164
baseline,420000,806,Z_mode_existing_controller,25.29412694714449,50.15593181501158,-0.8560155876712088,0.014003393196675531,0.9508404731750488,False,False,-0.9508404731750488,-0.095084048807621,-3.2628430018273513,-3.2628430018273655,194.2220362402727,194.22203624027267,197.48487924210005,194.53109593320804,-0.30905969293536373,-3.4315356179551273,2.9320024077565137,0.9508404880762139,-0.008645747788250446,-0.000864574802108109,-0.1468715088249306,-0.1468715088249417,210.9548913533104,210.9548913533104,211.10176286213533,211.0943346927996,-0.13944333948921894,-0.6072241742754312,0.40481612279545515,0.24187361940949698,8.982707396217865,5.374044676075137,41.71031257253596,23.042011522263707,-0.005429519535331551,0.0,0.7777791035132395,0.08366600369352284
baseline,420000,807,Z_mode_existing_controller,25.312992613773872,50.154645978491416,-4.592572674864641,0.0759227029326139,0.9374303221702576,False,False,-0.9374303221702576,-0.09374303370714188,-3.2187968056144296,-3.2187968056144407,190.3690325470288,190.3690325470288,193.58782935264324,190.83697908704875,-0.46794654001993763,-3.4336384031160323,2.9298996225956087,0.9374303370714219,-0.0034012701362371445,-0.00034012700780294836,-0.11479472424958392,-0.11479472424957143,210.0842508368943,210.0842508368943,210.1990455611439,210.22596593582807,-0.14171509893375855,-0.6072241742754312,0.40481612279545515,0.18904834345001165,9.218967396078874,6.206032085391557,40.14911307995725,27.80912852337523,-0.06592256005971286,0.0,4.5734661755641355,0.08502905936025229
baseline,420000,808,Omega_safe_one_step_QP,25.330990698645177,50.15559529268185,-5.383183360450857,0.09010372039686933,0.9152567982673645,False,False,-0.9152567982673645,-0.09152568131685257,-3.091574821908136,-3.091574821908144,186.75414526749194,186.7541452674919,189.84572008940006,187.26773391856403,-0.5135886510721264,-3.377822243360767,4.380966819139233,0.915256813168528,-0.052495360374450684,-0.005249536130577326,0.39137548615248013,0.3913754861524857,209.84897467829057,209.8489746782906,209.4575991921381,209.51423717288333,0.33473750540727565,-2.643289881191477,4.0071007438085235,0.09767048825942552,9.317996572159124,6.52830141046796,38.17147836446638,21.118529316336808,-0.08332644812791656,0.0,5.667352311823379,-0.20084250324437392
baseline,420000,809,Omega_safe_one_step_QP,25.3464000225131,50.15184507620273,8.894079936543676,-0.1486162956288444,0.8980992436408997,False,False,-0.8980992436408997,-0.08980992436408997,-2.790770333912604,-2.790770333912615,184.35091376255423,184.35091376255423,187.14168409646683,184.26033530834937,0.09057845420485933,-3.107418644067446,4.651370418432554,0.8980992436409034,-0.09287017583847046,-0.009287017397582531,0.27328267341611423,0.27328267341610174,208.92236827712753,208.92236827712753,208.64908560371143,208.6535660313364,0.2688022457911359,-2.562438522348808,4.087952102651193,0.06685075229694289,10.145008912723101,5.30866278755504,39.02927868894127,26.275958739306308,0.14989200648284395,0.0,-8.882690595552049,-0.16128134747468437
baseline,420000,810,Omega_safe_one_step_QP,25.337922545741776,50.151100246884056,7.964969703840325,-0.13266495537275835,0.9131622910499573,False,False,-0.9131622910499573,-0.09131623059511185,-3.016904838663373,-3.016904838663366,186.08858419064578,186.08858419064578,189.10548902930915,186.03625049596056,0.05233369468521687,-3.3037991373516764,4.4549899251483245,0.9131623059511165,-0.08103455603122711,-0.008103455416858196,0.3042380018990612,0.30423800189905287,209.3147977309034,209.3147977309034,209.01055972900434,208.98163475960814,0.33316297129525196,-2.5985859348780993,4.051804690121901,0.07508703532546128,9.919346219403417,4.048741091565397,47.434584947963835,27.67736477298756,0.1339611280870514,0.0,-7.899033049149693,-0.19989778277714265
baseline,420000,811,Omega_safe_one_step_QP,25.327162006257,50.15204267610388,7.724093926457499,-0.124918280844337,0.9121490716934204,False,False,-0.9121490716934204,-0.09121491014957428,-3.2314114841848927,-3.231411484184904,188.2624378380842,188.26243783808417,191.49384932226909,188.2295000783123,0.03293775977186897,-3.5426351666476696,4.216153895852331,0.912149101495746,-0.04031924158334732,-0.004031924065202475,0.43390641394467633,0.43390641394467355,209.9938340428876,209.9938340428876,209.55992762894294,209.49632663444328,0.49750740844433494,-2.653522724871959,3.9968679001280414,0.10856160993731447,11.162606982947853,3.4197426008612726,41.0815886900452,24.32355490987425,0.1293859959342072,0.0,-7.55497547732557,-0.2985044450665981
baseline,420000,812,Z_mode_existing_controller,25.289631920508295,50.151162103676,11.109176477474648,-0.17983815370440157,0.9457476735115051,False,False,-0.9457476735115051,-0.09457477182149887,-3.237679649829549,-3.2376796498295537,195.93770541860113,195.93770541860113,199.17538506843067,195.735719850677,0.20198556792414024,-3.4234073077547262,2.9401307179569147,0.9457477182149898,-0.012105449102818966,-0.0012105449568480253,-0.1666213636763919,-0.1666213636763808,210.96859839379465,210.96859839379468,211.13521975747105,211.04140072376146,-0.07280232996677682,-0.6072241742754312,0.40481612279545515,0.27439843592393426,9.319686139737733,4.447299974044836,40.098723042832916,20.81972759031945,0.1884619906533267,0.0,-11.341319866108279,0.043681397980066095
baseline,420000,813,Z_mode_existing_controller,25.29703612179109,50.14880287100028,4.785308466525748,-0.0767921656587623,0.9366236329078674,False,False,-0.9366236329078674,-0.09366236627101898,-3.20852995371715,-3.2085299537171603,194.33052831309246,194.33052831309246,197.5390582668096,194.39833754387675,-0.06780923078429169,-3.4256340955907865,2.937903930120855,0.9366236627101926,-0.00900424923747778,-0.0009004249586723745,-0.14753263819439408,-0.14753263819438436,210.50647529891762,210.50647529891765,210.65400793711203,210.61019458650784,-0.10371928759019511,-0.6072241742754312,0.40481612279545515,0.24296239254708088,10.16281385276048,4.43177145623459,42.06954984842268,27.793982138749662,0.08665580429996211,0.0,-4.934195843379712,0.06223157255411138
baseline,420000,814,Z_mode_existing_controller,25.290323631214484,50.15077957458251,-2.221402527246937,0.034070433526895004,0.9444388151168823,False,False,-0.9444388151168823,-0.09444388002157211,-3.2373198561607532,-3.2373198561607635,195.40559216936992,195.40559216936992,198.64291202553068,195.76124685935693,-0.35565468998700567,-3.4277709211240697,2.9357671045875717,0.944438800215724,-0.011178113520145416,-0.0011178114218637347,-0.1610570125156613,-0.16105701251566754,210.84602385533722,210.84602385533722,211.0070808678529,211.00742025710971,-0.16139640177249248,-0.6072241742754312,0.40481612279545515,0.26523484956416377,12.634093694065474,5.084749492296301,41.210239698909696,25.651279147225086,-0.024714038627351442,0.0,2.1492787248098466,0.09683784106350402
baseline,420000,815,Omega_safe_one_step_QP,25.25177488907107,50.15228259739345,-44.94097075380614,0.7093924615384337,0.9597576856613159,False,False,-0.9597576856613159,-0.09597577154636383,-4.795010523653426,-4.795010523653434,201.23312247162212,201.2331224716221,206.02813299527554,203.39004891711483,-2.1569264454927293,-4.996063533948315,2.7627255285516847,0.9597577154636399,-0.362459272146225,-0.0362459272146225,-1.2612808030459859,-1.2612808030459826,211.41325151053832,211.41325151053832,212.6745323135843,212.7182545705119,-1.3050030599735862,-2.964983193336095,3.6854074316639056,0.42539222680275424,9.08084549904328,4.446175129369208,36.60650257895715,21.563511302147838,-0.7102673004321094,0.0,44.868236218253514,0.7830018359841517
baseline,420000,816,Omega_safe_one_step_QP,25.26606094084803,50.15089262463459,-24.745991080441854,0.3882464521202214,0.9493300914764404,False,False,-0.9493300914764404,-0.09493301063776016,-4.5035804564871205,-4.503580456487114,199.00347933087633,199.00347933087633,203.50705978736346,200.30426980450906,-1.3007904736327305,-4.743956213157107,3.0148328493428935,0.9493301063776003,-0.2040361911058426,-0.02040361985564232,-0.5025287181174759,-0.5025287181174759,211.53866555248524,211.53866555248524,212.04119427060272,211.98850150404883,-0.44983595156358547,-2.9016493890379373,3.748741235962063,0.17318726377348193,10.164037972091041,5.36506386446692,44.368805229326114,23.968809529034356,-0.38959846111526275,0.0,24.865687970619547,0.2699015709381598
baseline,420000,817,Omega_safe_one_step_QP,25.271995018266512,50.15147336571387,-12.982349227037048,0.19660439052276066,0.9502074122428894,False,False,-0.9502074122428894,-0.09502074122428894,-4.421905885521518,-4.421905885521517,198.1818093218048,198.1818093218048,202.6037152073263,198.9888214268492,-0.8070121050444072,-4.653621755153393,3.1051673073466066,0.9502074122428891,-0.04248732700943947,-0.004248732700943947,0.2306476317546262,0.23064763175463174,212.0975357127237,212.0975357127237,211.86688808096906,211.7441190787823,0.3534166339414071,-2.884218770074572,3.766171854925429,0.061241929640833824,12.647907168384126,4.680169353058142,40.29442398126435,23.51834424809559,-0.20432232925615068,0.0,13.398721536657831,-0.21204998036483858
baseline,420000,818,Omega_safe_one_step_QP,25.2309730764826,50.15204291421097,-26.65589732884746,0.40630003849466145,0.9622771143913269,False,False,-0.9622771143913269,-0.09622771292924881,-5.281394480575112,-5.281394480575102,205.67044282961857,205.67044282961857,210.95183731019367,207.04130647572092,-1.3708636461023502,-5.488433965440129,2.2703550970598716,0.9622771292924859,-0.2767217457294464,-0.0276721753180027,-0.9758573913063389,-0.9758573913063374,212.6922498184623,212.6922498184623,213.66810720976864,213.49692875499335,-0.8046789365310474,-3.064340682954529,3.586049942045471,0.3184559069213708,10.35915051235508,2.9981793705938324,36.37360871684448,21.772188512345725,-0.4169378839572282,0.0,26.590027850885235,0.4828073619186313
baseline,420000,819,Omega_safe_one_step_QP,25.215952974627626,50.15178902375342,-27.519565779971344,0.4037894516977741,0.9792817831039429,False,False,-0.9792817831039429,-0.09792818129062653,-5.690690443669383,-5.690690443669391,208.48766323609863,208.48766323609863,214.178353679768,209.8567786296593,-1.3691153935606621,-5.811085602397563,1.9477034601024363,0.9792818129062668,-0.35655176639556885,-0.035655178129673004,-1.3900046351227946,-1.3900046351228028,212.9382708703141,212.9382708703141,214.32827550543692,214.08685535063753,-1.1485844803234215,-3.130357512521357,3.520033112478643,0.4440402189088041,12.074005697031733,4.52965676529162,36.99182567882681,23.996312559562167,-0.4261836305626687,0.0,27.25659872234064,0.6891506881940614
baseline,420000,820,Omega_safe_one_step_QP,25.189722152954044,50.15387383942795,-25.669630473360485,0.3898131774181057,0.9668313264846802,False,False,-0.9668313264846802,-0.09668313711881638,-6.140796823935702,-6.140796823935698,213.44136333592002,213.44136333592002,219.5821601598557,214.87216695092715,-1.430803615007136,-6.351466250406333,1.4073228120936665,0.9668313711881634,0.35421544313430786,0.035421546548604965,1.6370154677593254,1.6370154677593292,217.22515186637256,217.22515186637258,215.58813639861324,215.28080938635054,1.9443424800220441,-3.2563436018389904,3.39404702316101,0.48231961920041755,8.896462956771572,8.233452277998747,41.178351510322386,24.961052458677468,-0.42876865398074293,0.0,27.265004615353973,-1.1666054880132322
baseline,420000,821,Omega_safe_one_step_QP,25.2463302642149,50.156542549798,10.307253316216702,-0.16088937312515736,0.9490423202514648,False,False,-0.9490423202514648,-0.09490423649549484,-4.989664906149247,-4.989664906149247,203.65361956803358,203.65361956803358,208.64328447418282,203.50254839339783,0.15107117463574582,-5.257578681839045,2.5012103806609556,0.9490423649549482,-0.13073939085006714,-0.013073938898742199,-0.30580398321749697,-0.30580398321750807,213.08540030721812,213.0854003072181,213.3912042904356,213.01395783037154,0.07144247684655625,-3.036650391021225,3.6137402339787754,0.10070437615133768,9.74699111333232,4.114073734675441,46.50259821439508,26.374426816108944,0.17464266196167522,0.0,-10.439030492070742,-0.042865486107928064
baseline,420000,822,Omega_safe_one_step_QP,25.252912421518207,50.15928956330484,15.47462593581622,-0.2364591787715769,0.9576141834259033,False,False,-0.9576141834259033,-0.09576141834259033,-4.931037441552825,-4.93103744155282,202.62940514861637,202.62940514861637,207.5604425901692,202.2617608058598,0.367644342756563,-5.149294493437682,2.6094945690623192,0.9576141834259021,-0.26175692677497864,-0.026175692677497864,-0.8758635953657088,-0.8758635953657102,212.42819108947822,212.42819108947822,213.30405468484392,212.89755543129775,-0.4693643418195279,-3.027935430462058,3.6224551945379426,0.2892609883798133,11.320110956435268,2.8716478890164345,43.47876524828507,27.89180148452713,0.26507263885833154,0.0,-16.0213171797659,0.28161860509172243
baseline,420000,823,Omega_safe_one_step_QP,25.220735474502707,50.16309399424326,1.2340547248422808,-0.018491843740856377,0.9632204174995422,False,False,-0.9632204174995422,-0.09632204473018646,-5.589914730207424,-5.589914730207418,208.51117996835615,208.51117996835615,214.10109469856357,208.70904799275388,-0.1978680243977351,-5.803359704277118,1.9554293582228817,0.963220447301864,-0.4002070426940918,-0.04002070426940918,-1.6423451049034143,-1.642345104903423,213.26379826776537,213.26379826776537,214.9061433726688,214.48099299701448,-1.2171947292491154,-3.188144299244544,3.462246325755456,0.51514139598154,11.056542305933075,6.67839671488883,40.778378854775696,26.082052483772713,0.040768065533054454,0.0,-2.005139627924109,0.7303168375494806
baseline,420000,824,Omega_safe_one_step_QP,25.231828022084404,50.166430366513765,10.454986501606982,-0.15928116420048824,0.9648299813270569,False,False,-0.9648299813270569,-0.09648299962282181,-5.407376999675677,-5.407376999675686,206.7049888796854,206.7049888796854,212.11236587936108,206.53223776136048,0.17275111832492485,-5.604486822356872,2.1543022401431293,0.9648299962282194,-0.2758263647556305,-0.02758263610303402,-1.0668980598187388,-1.0668980598187296,213.59284913921095,213.59284913921095,214.65974719902968,214.19963371699112,-0.6067845777801608,-3.1635046818806334,3.4868859431193666,0.33725193009181276,10.533289617428883,5.064299605180868,42.67972804314104,25.67972871093873,0.18416306315243958,0.0,-11.003220311427867,0.3640707466680908
baseline,420000,825,Omega_safe_one_step_QP,25.235258302819684,50.16920283158935,14.496598846987581,-0.2198504238957997,0.9658500552177429,False,False,-0.9658500552177429,-0.09658500552177429,-5.367088477930518,-5.3670884779305235,206.26895678974302,206.268956789743,211.63604526767352,205.92581940146638,0.34313738827660245,-5.556854761188113,2.201934301311887,0.9658500552177441,-0.32150697708129883,-0.03215069696307182,-1.2735487022117056,-1.273548702211712,213.4305771823527,213.4305771823527,214.7041258845644,214.21885088795744,-0.7882737056047517,-3.1679425504341054,3.482448074565895,0.4020112997431714,10.949704657225645,4.85104398912697,42.950421927855736,23.250951105692916,0.25186604359003795,0.0,-15.221429113939848,0.47296422336285104
baseline,420000,826,Omega_safe_one_step_QP,25.23018781195974,50.17060398864517,14.101184327039846,-0.22224986747292708,0.9600565433502197,False,False,-0.9600565433502197,-0.09600565582513809,-5.4511560033077995,-5.4511560033077915,207.39587152972825,207.39587152972825,212.84702753303606,207.04500674594655,0.35086478378170227,-5.677952987724366,2.080836074775634,0.9600565582513795,-0.2852170467376709,-0.02852170541882515,-1.1448707203971706,-1.144870720397163,213.88533717267154,213.88533717267154,215.0302078930687,214.52582148229507,-0.6404843096235311,-3.2005507512845357,3.4498398737154647,0.35771053464397373,8.384066841291302,6.316804784019618,39.080895627578975,22.910257884646516,0.2419353898222809,0.0,-14.72741030263569,0.38429058577412434
baseline,420000,827,Omega_safe_one_step_QP,25.27427076390778,50.17086173467047,40.26443308285343,-0.6155861808402195,0.9485803246498108,False,False,-0.9485803246498108,-0.09485803544521332,-4.5825359437699955,-4.582535943769997,199.79437400653177,199.79437400653177,204.37690995030175,198.45091064898818,1.343463357543584,-4.830941229450938,2.9278478330490616,0.9485803544521336,-0.021042149513959885,-0.0021042150910943747,0.19637363118088294,0.19637363118088502,213.4193482510398,213.4193482510398,213.22297461985892,212.69293269479041,0.7264155562493784,-3.019827423963556,3.6305632010364444,0.054089027048151855,12.193900433306066,4.877675995129146,41.0994787735537,25.233235472744276,0.6565201957387359,0.0,-40.485103944842194,-0.43584933374961565
baseline,420000,828,Omega_safe_one_step_QP,25.24399732253573,50.172613020263974,20.02765586384703,-0.3130155563673601,0.9585838913917542,False,False,-0.9585838913917542,-0.0958583876490593,-5.221952049796563,-5.221952049796563,205.321238113096,205.321238113096,210.54319016289256,204.72222106358467,0.5990170495113318,-5.447569250710019,2.3112198117899814,0.9585838764905927,-0.3057480454444885,-0.030574804171919823,-1.1975146684365636,-1.1975146684365592,213.43037400482413,213.43037400482413,214.62788867326068,214.1134136687402,-0.6830396639160767,-3.1603188293037343,3.4900717956962666,0.37892210663453524,9.405132702353873,6.930484985990255,42.449806835002434,24.335286558644867,0.33926345491853915,0.0,-20.776743117115075,0.4098237983496631
baseline,420000,829,Omega_safe_one_step_QP,25.277867719361428,50.17395925180224,38.001092567194064,-0.6193248316774336,0.9428343772888184,False,False,-0.9428343772888184,-0.09428343921899796,-4.52534052399669,-4.525340523996702,199.53935114044234,199.53935114044234,204.06469166443904,198.18233737768162,1.3570137627607153,-4.7997194008646655,2.9590696616353345,0.9428343921899821,-0.020330827683210373,-0.0020330827683210373,0.1896678510158699,0.18966785101585842,213.49860524530533,213.4986052453053,213.30893739428944,212.77950625627173,0.7190989890335686,-3.028423701406609,3.6219669235933916,0.05236598097579725,8.38032948412986,5.422225234838413,40.63314907256641,25.653122232510064,0.6167278876377926,0.0,-38.186361061410935,-0.43145939342012696
baseline,420000,830,Z_mode_existing_controller,25.309993794275304,50.174739586407256,68.041558744967,-1.1260035834579,0.9405744075775146,False,False,-0.9405744075775146,-0.09405744075775146,-3.1888081875150203,-3.188808187515033,194.74361953926322,194.7436195392632,197.93242772677823,192.09933466536037,2.6442848739028193,-3.390277432412729,2.973260593298912,0.9405744075775185,-0.00857510231435299,-0.0008575102547183633,-0.14541873302359662,-0.14541873302358552,211.88613474473163,211.88613474473166,212.03155347775524,211.506404956245,0.3797297884866566,-0.6072241742754312,0.40481612279545515,0.2394811326428268,8.869074447654842,4.880352370635738,42.24307086371582,23.67874692773256,1.1082928765290845,0.0,-68.92201374840351,-0.22783787309198544
baseline,420000,831,Z_mode_existing_controller,25.327431203604515,50.173870525225354,54.336931110709884,-0.9085318568653106,0.8946857452392578,False,False,-0.8946857452392578,-0.0894685760140419,-3.0357515719166392,-3.0357515719166455,191.21083467431606,191.21083467431606,194.2465862462327,189.14550458017192,2.0653300941441444,-3.3930925327795376,2.9704454929321034,0.8946857601404206,-0.022544702515006065,-0.0022544702515006065,-0.2226017987157193,-0.22260179871572486,210.97762795070028,210.97762795070028,211.200229749416,210.79460169995713,0.18302625074315415,-0.6072241742754312,0.40481612279545515,0.3665891579190567,8.94101045808019,3.88215754918032,40.82410060146748,22.962853042325246,0.887476095318128,0.0,-55.11459145558274,-0.10981575044588965
baseline,420000,832,Z_mode_existing_controller,25.33299190810139,50.171966479418295,40.238610870603225,-0.6745284124182109,0.8874552249908447,False,False,-0.8874552249908447,-0.08874552696943283,-3.0134514414645,-3.013451441464509,189.92823182202127,189.92823182202127,192.94168326348577,188.45541907636812,1.4728127456531581,-3.3956093837861174,2.9679286419255235,0.8874552696943306,-0.04705239459872246,-0.004705239553004503,-0.3654242939384364,-0.3654242939384503,210.45131377299816,210.45131377299816,210.8167380669366,210.51171365872474,-0.06039988572658217,-0.6072241742754312,0.40481612279545515,0.6017947068304583,8.947796067303592,3.3199518078940597,39.584659945058014,25.875043026708592,0.6607030341059215,0.0,-40.93555383614512,0.03623993143594362
baseline,420000,833,Z_mode_existing_controller,25.332799251359912,50.17154490265121,28.71812591919479,-0.4757982483097915,0.8839655518531799,False,False,-0.8839655518531799,-0.08839655667543411,-3.003751247740657,-3.0037512477406594,189.75763384248472,189.75763384248472,192.7613850902254,188.78778780759902,0.9698460348857054,-3.3980410105447207,2.96549701516692,0.8839655667543415,-0.02921026200056076,-0.002921026200056076,-0.2605605058363547,-0.26056050583636303,210.49759914988402,210.49759914988402,210.7581596557204,210.53741565421976,-0.03981650433573236,-0.6072241742754312,0.40481612279545515,0.42910100894332187,9.583933750943533,6.531725339534908,41.38117174650493,26.698069742561856,0.47370630006628645,0.0,-29.21572212186311,0.023889902601439417
baseline,420000,834,Omega_safe_one_step_QP,25.347926727429183,50.171882767655944,18.74126559220076,-0.3032096674481226,0.9038709402084351,False,False,-0.9038709402084351,-0.09038709849119186,-3.02708698103738,-3.0270869810373693,186.5306657174298,186.5306657174298,189.55775269846717,186.01941897506777,0.511246742362033,-3.349025504267479,4.409763558232521,0.9038709849119151,-0.06055041402578354,-0.006055041681975126,0.2900626172727794,0.2900626172727898,210.38753152460632,210.38753152460632,210.09746890733354,209.9489989290497,0.43853259555660884,-2.7072768527110176,3.943113772288983,0.07356181789915944,11.71127469735651,4.9283831095245425,45.195318102223325,23.036024822561828,0.30837788969621016,0.0,-18.78652392456297,-0.2631195573339653
baseline,420000,835,Z_mode_existing_controller,25.316079771561974,50.170416752984366,15.942039134598417,-0.253957552202154,0.934054970741272,False,False,-0.934054970741272,-0.09340550005435944,-3.1738922976279365,-3.1738922976279325,192.90363079664323,192.90363079664323,196.07752309427116,192.4872121350535,0.4164186615897165,-3.397971528208531,2.9655664975031097,0.9340550005435928,-0.011066692881286144,-0.0011066693114116788,-0.15935347907474057,-0.15935347907473502,211.2333623525468,211.23336235254683,211.39271583162156,211.23434885515084,-0.0009865026040074554,-0.6072241742754312,0.40481612279545515,0.26242940552372307,11.077560706249896,6.06968494775702,40.87495954682158,22.243599092040025,0.2666808208782925,0.0,-16.2093118570383,0.000591901562401631
baseline,420000,836,Z_mode_existing_controller,25.308107012442743,50.168944772616236,6.70284643769628,-0.10704325783330872,0.9298874735832214,False,False,-0.9298874735832214,-0.0929887518286705,-3.1621870131613523,-3.162187013161365,194.2618996387411,194.26189963874108,197.42408665190246,194.22177013794436,0.040129500796723505,-3.400612386955795,2.962925638755846,0.9298875182867087,-0.007956735789775848,-0.0007956735789775848,-0.14071508246856143,-0.1407150824685531,211.46026335491277,211.4602633549128,211.60097843738134,211.50862138702783,-0.048358032115032756,-0.6072241742754312,0.40481612279545515,0.23173498096722028,10.50777283336063,5.822052384499215,38.91841755806691,28.249404480400344,0.11661335872792478,0.0,-6.8484746156937035,0.029014819269022496
baseline,420000,837,Z_mode_existing_controller,25.30663745791409,50.17098328303095,-2.1483939902645943,0.03415301859010669,0.9452428817749023,False,False,-0.9452428817749023,-0.09452428668737411,-3.2168341912640495,-3.216834191264045,194.23696513796585,194.23696513796585,197.4537993292299,194.5634731688733,-0.3265080309074335,-3.4031827205459693,2.9603553051656717,0.9452428668737397,-0.008033407852053642,-0.0008033408084884286,-0.14271821490149175,-0.14271821490149939,211.58690001798595,211.58690001798595,211.72961823288745,211.69073887545986,-0.10383885747390309,-0.6072241742754312,0.40481612279545515,0.23503381608908697,10.70378558984747,3.1168545980091222,43.39831230310127,26.012730263088255,-0.026518297101596033,0.0,2.1126089728813895,0.06230331448433901
baseline,420000,838,Omega_safe_one_step_QP,25.279988691140417,50.17208819906124,-36.88713407124942,0.5631858813818906,0.9444240927696228,False,False,-0.9444240927696228,-0.09444241225719452,-4.380943614601733,-4.380943614601739,198.0740139746698,198.0740139746698,202.45495758927154,199.8210718160428,-1.7470578413729925,-4.638745993347918,3.120043069152083,0.9444241225719463,-0.03246919438242912,-0.003246919484809041,0.17810280430405265,0.17810280430405404,213.04465680070695,213.04465680070695,212.8665539964029,212.87244728907467,0.17220951163227483,-2.9841853616179543,3.666205263382046,0.04857960520730789,11.95004657353184,3.549704210884746,42.717810898542815,25.949945653864084,-0.5926312431776424,0.0,37.58309102140629,-0.10332570697936205
baseline,420000,839,Omega_safe_one_step_QP,25.239563593721453,50.17407032471246,-44.974672616286625,0.7141700377925969,0.9605317115783691,False,False,-0.9605317115783691,-0.09605317562818527,-5.241371360457412,-5.241371360457407,205.39351905646942,205.39351905646942,210.63489041692682,207.55972955465091,-2.166210498181499,-5.456739276113446,2.302049786386556,0.9605317562818515,-0.39458802342414856,-0.039458803832530975,-1.5993746660675965,-1.5993746660675874,213.11493180070735,213.11493180070738,214.71430646677496,214.6484238144219,-1.5334920137145218,-3.168960608655162,3.481430016344838,0.5047000779054578,7.8233149369376225,4.722937194549845,33.078133288905036,25.93693440234283,-0.7101875523343684,0.0,44.7647649603914,0.9200952082287301
baseline,420000,840,Omega_safe_one_step_QP,25.277869338849502,50.17533399692848,-12.206471715876432,0.19382201330222387,0.9256901741027832,False,False,-0.9256901741027832,-0.0925690159201622,-4.372061285450263,-4.37206128545025,198.9257244099279,198.9257244099279,203.29778569537817,199.6909027118032,-0.7651783018752951,-4.723028803958578,3.0357602585414223,0.9256901592016192,-0.08744785189628601,-0.008744785562157631,-0.10352696131179888,-0.10352696131179472,213.10318675900533,213.10318675900533,213.2067137203171,213.04955791380917,0.05362884519615818,-3.0182013340093774,3.632189290990623,0.03430087984696155,9.587704683557071,7.110043855395834,37.75395718060004,28.008797265895574,-0.1920154876152882,0.0,12.430664510608949,-0.03217730711770628
baseline,420000,841,Z_mode_existing_controller,25.30373439177443,50.1775918476032,21.340741069302567,-0.34989982857602653,0.950165867805481,False,False,-0.950165867805481,-0.09501659125089645,-3.228959306748648,-3.228959306748657,195.16796427307438,195.16796427307435,198.396923579823,194.50080725467916,0.6671570183951872,-3.3983110362509277,2.9652269894607133,0.9501659125089673,-0.014745386317372322,-0.0014745387015864253,-0.18253198351812425,-0.18253198351813396,212.09426033387095,212.09426033387092,212.27679231738907,212.07027591199991,0.023984421871006134,-0.6072241742754312,0.40481612279545515,0.3006006533516882,8.857942543369912,4.047947629394545,39.40661252577128,25.388888996420604,0.3527233117880364,0.0,-21.67907372796708,-0.01439065312260368
baseline,420000,842,Z_mode_existing_controller,25.314586770203896,50.17761857100006,12.006470960643128,-0.1912160896407357,0.952281653881073,False,False,-0.952281653881073,-0.0952281653881073,-3.238743202827616,-3.238743202827605,192.76833467885766,192.76833467885766,196.00707788168526,192.51761928485007,0.25071539400758525,-3.401034966522721,2.9625030591889203,0.9522816538810696,-0.003912529442459345,-0.0003912529500667006,-0.11929244850623494,-0.11929244850624743,211.65416923093224,211.6541692309322,211.77346167943847,211.63466702945826,0.019502201473954983,-0.6072241742754312,0.40481612279545515,0.19645536781962422,11.079893628328323,4.26600498784577,39.305425283234264,26.19332831813187,0.20263440008040945,0.0,-12.197404039838148,-0.011701320884370148
baseline,420000,843,Z_mode_existing_controller,25.28916540629843,50.178351689362735,2.861686287838893,-0.04643985443620288,0.9526333808898926,False,False,-0.9526333808898926,-0.09526333957910538,-3.2424981900151013,-3.242498190015091,197.52082790811852,197.52082790811855,200.76332609813363,197.6400772119971,-0.11924930387854715,-3.403720890261858,2.9598171354497835,0.9526333957910504,-0.007630058564245701,-0.0007630058680661023,-0.14110353983428497,-0.14110353983427595,212.6959266345162,212.69592663451624,212.8370301743505,212.76089428537148,-0.06496765085523748,-0.6072241742754312,0.40481612279545515,0.23237470741781224,8.755784842724095,5.550273598605536,39.688012058668384,26.731907179146887,0.05324832912162769,0.0,-2.953915207473983,0.03898059051314817
baseline,420000,844,Z_mode_existing_controller,25.314619158325055,50.1795295381851,-3.402560391637053,0.056656042967821715,0.9512148499488831,False,False,-0.9512148499488831,-0.09512148797512054,-3.240180119012527,-3.2401801190125172,192.24908555364414,192.24908555364416,195.48926567265667,192.63711663999376,-0.38803108634959926,-3.4063597910285117,2.9571782346831292,0.9512148797512026,-0.005733434576541185,-0.0005733434809371829,-0.12985047206812012,-0.1298504720681347,211.65381145547033,211.6538114554703,211.78366192753845,211.75347275140103,-0.09966129593072992,-0.6072241742754312,0.40481612279545515,0.21384272492622425,8.382324745045942,5.948551055478055,39.42663937321817,25.665368208875716,-0.04844251558014445,0.0,3.3912061296587126,0.05979677755843227
baseline,420000,845,Omega_safe_one_step_QP,25.3441775856762,50.1791447273147,-2.7120010342259775,0.04594081773254404,0.8990549445152283,False,False,-0.8990549445152283,-0.08990549296140671,-2.999428737296013,-2.999428737296021,186.43008761721552,186.4300876172155,189.42951635451152,186.79905893761875,-0.3689713204032614,-3.336201869871913,4.422587192628087,0.8990549296140699,-0.03930443525314331,-0.003930443432182074,0.34756800067216737,0.34756800067218124,210.82003893773276,210.82003893773276,210.4724709370606,210.4801975250842,0.3398414126485534,-2.7447770556837234,3.905613569316277,0.08899190729026145,8.730481114933257,3.9110121454213402,42.62340444987997,27.855029757983793,-0.04126111079779804,0.0,2.957166992612656,-0.2039048475891434
baseline,420000,846,Omega_safe_one_step_QP,25.350170809505496,50.1794878439239,5.5352516737521,-0.09342378367136997,0.8922227025032043,False,False,-0.8922227025032043,-0.08922227472066879,-2.8922219744655697,-2.8922219744655644,185.5911940550776,185.5911940550776,188.48341602954318,185.6067695853269,-0.015575530249293479,-3.2415918373750787,4.517197225124922,0.8922227472066868,-0.0590747632086277,-0.0059074764139950275,0.27342326242050585,0.27342326242050796,210.55004180809917,210.55004180809917,210.27661854567867,210.2415919021393,0.3084499059598613,-2.725191816545531,3.925198808454469,0.0696584493584332,9.223094309446447,3.7846837270740346,38.941702007168466,24.81576297699511,0.0933591981066364,0.0,-5.443540928283255,-0.18506994357592532
baseline,420000,847,Omega_safe_one_step_QP,25.345102552452172,50.177758195313125,6.79446594734236,-0.10854226382923575,0.89958256483078,False,False,-0.89958256483078,-0.08995825797319412,-3.028899033365049,-3.0288990333650463,186.7086485056477,186.7086485056477,189.73754753901272,186.6824993169805,0.026149188667176304,-3.367004988322036,4.3917840741779655,0.8995825797319397,-0.07238725572824478,-0.007238725665956736,0.20486645729246092,0.20486645729245745,210.6365630030931,210.6365630030931,210.43169654580063,210.36500377717022,0.2715592259228856,-2.740699616557729,3.909691008442271,0.05239965430774078,12.331108086522715,5.323426360128432,40.75105813362627,24.78085122449419,0.1163029896622092,0.0,-6.747833401450407,-0.16293553555372853
baseline,420000,848,Z_mode_existing_controller,25.305759979971384,50.17712565712343,4.894853874508044,-0.07702852813797212,0.9478723406791687,False,False,-0.9478723406791687,-0.09478723257780075,-3.223988343776038,-3.2239883437760275,194.5068439783877,194.5068439783877,197.73083232216374,194.5451176200904,-0.038273641702687655,-3.401289663278026,2.962248362433615,0.9478723257780043,-0.009903321042656898,-0.0009903321042656898,-0.15393737530703805,-0.15393737530704013,211.93546712665434,211.93546712665434,212.08940450196138,212.00046406343705,-0.06499693678270546,-0.6072241742754312,0.40481612279545515,0.25350995864208725,11.32396143484809,3.8959355073564232,38.38723083369634,21.81061309438847,0.08799174690967249,0.0,-5.021843783487384,0.0389981620696318
baseline,420000,849,Omega_safe_one_step_QP,25.273994124395028,50.17549002567567,-34.628781508061365,0.5420467833715487,0.9520282745361328,False,False,-0.9520282745361328,-0.09520282596349716,-4.541229995000418,-4.541229995000431,199.22684743918663,199.2268474391866,203.76807743418703,200.89962118555857,-1.6727737463719734,-4.770057977839465,2.9887310846605355,0.9520282596349744,-0.25915712118148804,-0.025915712118148804,-0.8646821449338319,-0.8646821449338374,212.42555530670077,212.42555530670074,213.2902374516346,213.25623096603076,-0.8306756593300122,-3.0265537071411233,3.6238369178588767,0.28569859602809244,10.167273229709672,6.099332890573512,37.48559239129999,23.574862167142985,-0.5473832708414683,0.0,34.677759383304874,0.4984053955979988
baseline,420000,850,Omega_safe_one_step_QP,25.283492268181153,50.17528771587251,-19.458138742948904,0.30672514173162907,0.9490291476249695,False,False,-0.9490291476249695,-0.09490291774272919,-4.37129236764523,-4.371292367645221,197.75687941299648,197.75687941299648,202.1281717806417,198.82261357046016,-1.0657341574636803,-4.606067412484932,3.152721650015068,0.9490291774272901,-0.038087837398052216,-0.003808783832937479,0.1501482135823913,0.1501482135823816,213.0653221864764,213.0653221864764,212.91517397289402,212.8073529271672,0.25796925930922043,-2.989047359267068,3.6613432657329326,0.0410090512374629,10.221897606902651,6.403648616589468,38.113434729513244,21.058568168617917,-0.31144234610283306,0.0,19.924362644636858,-0.15478155558552942
baseline,420000,851,Z_mode_existing_controller,25.29380636123885,50.173376020730075,15.32328463410795,-0.24739467027018242,0.9508652091026306,False,False,-0.9508652091026306,-0.09508652240037918,-3.2319868187726066,-3.231986818772617,197.11093145800746,197.11093145800746,200.34291827678007,196.70446893004737,0.4064625279600875,-3.3989957116779768,2.964542314033664,0.9508652240037947,-0.004785635508596897,-0.000478563568321988,-0.12426333517345164,-0.12426333517345581,212.28668393346857,212.28668393346857,212.41094726864202,212.24769414225415,0.038989791214419256,-0.6072241742754312,0.40481612279545515,0.2046416141480743,9.282120481219058,5.6615426553877235,44.58424061077134,26.212481644126107,0.2550625765962735,0.0,-15.55495333597537,-0.023393874728654396
baseline,420000,852,Z_mode_existing_controller,25.313631902893746,50.17468447301265,8.666359261405887,-0.13847102111038065,0.92685866355896,False,False,-0.92685866355896,-0.09268587082624435,-3.1529094225359295,-3.1529094225359238,193.01653057820945,193.01653057820948,196.1694400007454,192.89899167630696,0.11753890190252037,-3.4017152716260304,2.9618227540856106,0.9268587082624418,-0.0068554808385670185,-0.0006855481187812984,-0.13395793618258336,-0.13395793618258614,211.46649437924913,211.46649437924913,211.6004523154317,211.4989303658167,-0.0324359865675774,-0.6072241742754312,0.40481612279545515,0.22060705396393537,10.786950365211858,5.217659534383524,36.61660622624283,28.190190243422713,0.14862159957477417,0.0,-8.834442452920484,0.019461591940540757
baseline,420000,853,Z_mode_existing_controller,25.30058393145314,50.176366851121145,-0.7638842876604031,0.012380115207192547,0.9445551037788391,False,False,-0.9445551037788391,-0.09445551037788391,-3.2155072690798687,-3.215507269079872,195.27310647248004,195.27310647248004,198.4886137415599,195.5452888870642,-0.27218241458416514,-3.404255883236175,2.9592821424754665,0.94455510377884,-0.008504984900355339,-0.0008504985016770661,-0.1454108808165204,-0.14541088081651693,212.0521309506375,212.0521309506375,212.197541831454,212.1520836476456,-0.0999526970081206,-0.6072241742754312,0.40481612279545515,0.23946820132783436,9.3064372552318,4.358708581177842,38.62374665138782,25.608851253804296,-0.0049635740706648335,0.0,0.7088762435259923,0.059971618204869515
baseline,420000,854,Z_mode_existing_controller,25.306343901022593,50.17661391550577,-6.7146641856288625,0.10947330009403677,0.9447382092475891,False,False,-0.9447382092475891,-0.09447382390499115,-3.2185773587465722,-3.218577358746575,193.8938277189205,193.8938277189205,197.1124050776671,194.4185025639661,-0.5246748450455812,-3.406845648571797,2.956692377139844,0.944738239049912,-0.00837902445346117,-0.0008379024802707136,-0.14469160063751776,-0.1446916006375254,211.77831766622302,211.77831766622302,211.92300926686053,211.92037607667626,-0.1420584104532452,-0.6072241742754312,0.40481612279545515,0.2382836632124838,9.221802001972051,4.508267899877282,43.647032250328216,25.88820230961037,-0.1012808671575538,0.0,6.730710006515437,0.08523504627194711
baseline,420000,855,Z_mode_existing_controller,25.31526964204801,50.17714489803939,-12.00427263237998,0.19050792758637256,0.9453380703926086,False,False,-0.9453380703926086,-0.09453380852937698,-3.2230255244312707,-3.2230255244312724,191.88997751011433,191.88997751011433,195.1130030345456,192.62268190319597,-0.732704393081633,-3.409389269903048,2.9541487558085935,0.9453380852937702,-0.006041680462658405,-0.0006041680462658405,-0.13106127123526864,-0.13106127123527073,211.40048895276888,211.40048895276888,211.53155022400415,211.564318812019,-0.1638298592501144,-0.6072241742754312,0.40481612279545515,0.21583671531466822,11.27929955908148,4.090362915041276,44.09917128342653,21.045210569501705,-0.18555240906327697,0.0,12.091527125893663,0.09829791555007716
baseline,420000,856,Z_mode_existing_controller,25.286328279970235,50.17511124352876,-15.968299911149188,0.25818271004808063,0.9451035261154175,False,False,-0.9451035261154175,-0.09451035410165787,-3.224589204034646,-3.2245892040346473,197.38816776594965,197.38816776594965,200.6127569699843,198.3102247087735,-0.9220569428238434,-3.4118898767072565,2.9516481490043844,0.945103541016579,-0.015592786483466625,-0.0015592786949127913,-0.1869833114015125,-0.18698331140151597,212.40724118114903,212.40724118114903,212.59422449255055,212.66107776749848,-0.2538365863494505,-0.6072241742754312,0.40481612279545515,0.3079312703988331,8.81257624449828,5.932420456470172,34.87739334056175,24.571959919077457,-0.2507668456196157,0.0,16.066764804960258,0.15230195180967598
baseline,420000,857,Z_mode_existing_controller,25.31202321280805,50.17467603257908,-18.085374892149048,0.28945085402561826,0.9271738529205322,False,False,-0.9271738529205322,-0.09271738678216934,-3.165690144369657,-3.1656901443696537,192.1614597737897,192.1614597737897,195.32714991815934,193.1531338205393,-0.9916740467496084,-3.4143435813254146,2.949194444386227,0.9271738678216923,-0.007276657968759537,-0.0007276657852344215,-0.13645688144067192,-0.13645688144066845,211.30851590547314,211.30851590547314,211.4449727869138,211.53491094859478,-0.2263950431216415,-0.6072241742754312,0.40481612279545515,0.22472241261391693,10.624356435574784,5.070443543094101,37.41803107098124,25.711243461596425,-0.28411910044740196,0.0,18.233656966724084,0.13583702587298774
baseline,420000,858,Z_mode_existing_controller,25.29982649165971,50.17475998682141,-22.68456284311287,0.34834468966028537,0.9375176429748535,False,False,-0.9375176429748535,-0.09375176578760147,-3.2031750917696424,-3.203175091769644,194.3151323593171,194.3151323593171,197.51830745108674,195.468079908219,-1.1529475489019205,-3.4166557449451878,2.946882280766453,0.9375176578760152,-0.012553757056593895,-0.0012553756823763251,-0.16841441620029304,-0.16841441620029304,211.7536659445256,211.7536659445256,211.92208036072591,212.03535223812577,-0.28168629360015984,-0.6072241742754312,0.40481612279545515,0.2773513034148437,12.621912941687585,4.746066756589387,35.29892068471791,20.739686499706085,-0.3568391892516516,0.0,22.87239025620329,0.16901177616009022
baseline,420000,859,Omega_safe_one_step_QP,25.25401935753311,50.17250804545538,-62.7004438944914,0.980378668182424,0.9572145938873291,False,False,-0.9572145938873291,-0.09572146087884903,-4.81422069317153,-4.814220693171528,201.5473348360658,201.5473348360658,206.36155552923734,204.42842885507807,-2.8810940190122665,-5.029405787344496,2.7293832751555054,0.9572146087884897,-0.28428372740745544,-0.028428373858332634,-1.0123872789670585,-1.0123872789670683,212.6732973320758,212.6732973320758,213.68568461104286,213.82243747261595,-1.1491401405401405,-3.0660984230819524,3.584292201918048,0.33018746930812687,9.434310058390693,3.3340609901483225,43.37703231828884,24.674721593770393,-1.0006151556214995,0.0,63.011574965787986,0.6894840843240786
baseline,420000,860,Omega_safe_one_step_QP,25.256549704117266,50.17356153098216,-46.21401642913952,0.7083310462730329,0.9476969838142395,False,False,-0.9476969838142395,-0.09476970136165619,-4.7422791156195965,-4.742279115619606,201.3652529338901,201.3652529338901,206.1075320495097,203.5113613745391,-2.1461084406489874,-5.004003439371734,2.754785623128267,0.9476970136165639,-0.26658129692077637,-0.026658130809664726,-0.9356284361674322,-0.9356284361674301,212.74225371346384,212.74225371346384,213.67788214963127,213.70378367351051,-0.9615299600466756,-3.065318176940792,3.5850724480592087,0.3052304466158856,10.84037778384297,3.2035133492746413,39.00771952658177,24.23949108082953,-0.733460219710512,0.0,46.37055867282197,0.5769179760280139
baseline,420000,861,Omega_safe_one_step_QP,25.23256794310269,50.174416077453465,-47.97878899354055,0.7175753592265782,0.9678647518157959,False,False,-0.9678647518157959,-0.09678647667169571,-5.324199209806374,-5.324199209806378,205.75304146893237,205.75304146893237,211.07724067873875,207.95251410020174,-2.199472631269373,-5.500974302294637,2.2578147602053638,0.9678647667169578,-0.33197903633117676,-0.033197905868291855,-1.3264755856133241,-1.3264755856133323,213.44806007119098,213.44806007119098,214.77453565680432,214.71207515682602,-1.2640150856350374,-3.1749835276580964,3.475407097341904,0.41778975357133763,11.343013511548842,4.66953720854043,40.93816884239882,25.90708414551395,-0.7586878066133309,0.0,47.97906774877356,0.7584090513810224
baseline,420000,862,Omega_safe_one_step_QP,25.218468825534636,50.177286222450945,-40.800976159459424,0.6234085400920083,0.9700685739517212,False,False,-0.9700685739517212,-0.09700685739517212,-5.6266359743088605,-5.6266359743088685,208.44331764588927,208.44331764588927,214.06995362019813,210.41530515712225,-1.9719875112329817,-5.8002455964405755,1.9585434660594245,0.9700685739517227,-0.22245916724205017,-0.022245917469263077,-0.9172587374177539,-0.9172587374177508,214.64774539596345,214.64774539596348,215.56500413338122,215.41386805714362,-0.766122661180134,-3.2540303753157884,3.396360249684212,0.2818838890920725,9.494120915032074,6.358269243786575,38.857781753989514,22.176527013982955,-0.6482138477435946,0.0,40.989516410495526,0.45967359670808605
baseline,420000,863,Omega_safe_one_step_QP,25.247850415823162,50.177565808587275,-13.794377712191817,0.2055428237737942,0.9464839100837708,False,False,-0.9464839100837708,-0.09464839100837708,-4.964215956107316,-4.964215956107329,203.55230807212436,203.55230807212436,208.5165240282317,204.36037182808818,-0.8080637559638149,-5.244902637243931,2.5138864252560693,0.946483910083773,-0.21766994893550873,-0.021766996011137962,-0.7856750127292336,-0.7856750127292436,213.5956989206792,213.59569892067918,214.38137393340844,214.14556662502324,-0.5498677043440523,-3.1356673553185077,3.5147232696814927,0.25056070166264116,12.38165903282334,3.2815789659592913,32.97289454509966,25.860361686858415,-0.20935226081994784,0.0,13.673809350405463,0.32992062260640864
baseline,420000,864,Omega_safe_one_step_QP,25.197671413864192,50.17961462549917,-33.08052800357018,0.5083287159398066,0.9767792820930481,False,False,-0.9767792820930481,-0.09767793118953705,-6.1101768350752375,-6.110176835075235,212.51164359009357,212.51164359009357,218.6218204251688,214.19155477544396,-1.6799111853503916,-6.255432276937643,1.5033567855623577,0.9767793118953694,-0.19224998354911804,-0.019224999472498894,-0.8882507101000618,-0.8882507101000757,215.75585872516515,215.75585872516515,216.64410943526522,216.36201877604702,-0.6061600508818685,-3.3619409055041882,3.2884497194958118,0.26420771068457116,8.348933356686324,5.758021657758119,41.89728137941228,27.801360769546122,-0.5251253989994491,0.0,33.241957372040815,0.3636960305291268
baseline,420000,865,Omega_safe_one_step_QP,25.243295282866825,50.1837317199622,1.025336098005937,-0.01623359112651714,0.9508945941925049,False,False,-0.9508945941925049,-0.09508945792913437,-5.1105058853443905,-5.110505885344397,204.70118168004876,204.70118168004876,209.81168756539316,204.92453364652104,-0.22335196647227917,-5.374418990960078,2.384370071539922,0.9508945792913447,-0.10669700056314468,-0.010669699870049953,-0.3503127069716415,-0.3503127069716415,214.63557269121168,214.63557269121168,214.9858853981833,214.62576903654764,0.009803654664040096,-3.196118501795997,3.454272123204003,0.10960566911858557,8.586596032264733,6.86047943212562,36.550481387255,23.46367877974639,0.023147799953177284,0.0,-1.0426017051604504,-0.005882192798424057
baseline,420000,866,Z_mode_existing_controller,25.28536451980814,50.183761097131374,49.9138787481852,-0.8176788428003994,0.9466136693954468,False,False,-0.9466136693954468,-0.09466136991977692,-3.2190019701185117,-3.2190019701185006,198.52674770141914,198.52674770141914,201.74574967153765,196.6428697730538,1.8838779283653366,-3.4005444595261345,2.9629935661855065,0.9466136991977656,-0.011860166676342487,-0.0011860167142003775,-0.16527225824002137,-0.16527225824001165,213.08647365663313,213.08647365663313,213.25174591487314,212.852875763197,0.23359789343612647,-0.6072241742754312,0.40481612279545515,0.2721766774803101,8.419896537589084,4.093039717948423,37.034219419302865,25.669874192639345,0.8149901524080212,0.0,-50.58871016453213,-0.14015873606167872
baseline,420000,867,Z_mode_existing_controller,25.305577046921996,50.184178658944774,38.60471201678865,-0.6191097411787009,0.9313027858734131,False,False,-0.9313027858734131,-0.09313028305768967,-3.1694274250408916,-3.1694274250408867,194.34118214111973,194.34118214111973,197.5106095661606,192.99760065656932,1.3435814845504126,-3.4032189326404034,2.9603190930712375,0.9313028305768949,-0.007472016382962465,-0.0007472016732208431,-0.1380190672248989,-0.13801906722489266,212.23863851349725,212.23863851349725,212.37665758072214,212.07411995564647,0.1645185578507835,-0.6072241742754312,0.40481612279545515,0.22729507992593276,10.552437688832406,6.855851550200755,38.590734918378004,23.99406557564687,0.6334144311019791,0.0,-39.13941531318051,-0.0987111347104701
baseline,420000,868,Z_mode_existing_controller,25.312414571397316,50.18361980046943,25.853542224145713,-0.4174717779075821,0.9288149476051331,False,False,-0.9288149476051331,-0.09288149327039719,-3.1633227944054543,-3.163322794405446,192.77240553451873,192.77240553451873,195.93572832892417,191.95199327190983,0.8204122626088974,-3.4057622062517554,2.9577758194598855,0.9288149327039692,-0.0017900746315717697,-0.00017900746024679393,-0.10448520434249292,-0.10448520434249917,211.90872075656415,211.90872075656415,212.01320596090665,211.79868795342554,0.11003280313860841,-0.6072241742754312,0.40481612279545515,0.1720702316688493,10.374861721533993,5.591304691935628,36.37905212515175,26.567924270642067,0.4265687240731175,0.0,-26.214091266335345,-0.06601968188317642
baseline,420000,869,Z_mode_existing_controller,25.308649680680436,50.184145627326835,14.63970304416489,-0.23545856695553513,0.9363552331924438,False,False,-0.9363552331924438,-0.09363552182912827,-3.191328734269336,-3.19132873426934,193.25237250231743,193.25237250231743,196.44370123658678,192.89583286604523,0.35653963627220264,-3.4082457938271173,2.9552922318845236,0.9363552182912837,-0.006410214584320784,-0.0006410214700736105,-0.13231086481982277,-0.13231086481981721,212.02453289372716,212.02453289372716,212.15684375854698,212.0153586379972,0.009174255729959668,-0.6072241742754312,0.40481612279545515,0.21789459383381243,10.40020943348068,6.002162494729797,39.81094039094476,25.317766824759254,0.24533263053705312,0.0,-14.879531121263426,-0.005504553437972959
baseline,420000,870,Z_mode_existing_controller,25.309823802444388,50.18426993405088,5.602253194787409,-0.09006882783356891,0.9404482841491699,False,False,-0.9404482841491699,-0.09404482692480087,-3.2076102269250004,-3.207610226924991,192.7755461617761,192.7755461617761,195.9831563887011,192.79377723161596,-0.018231069839856673,-3.4107247913697973,2.952813234341844,0.9404482692480056,-0.005668983794748783,-0.0005668983794748783,-0.1283833247712654,-0.12838332477127165,211.94210969212304,211.94210969212304,212.07049301689432,211.98970236042038,-0.04759266829734088,-0.6072241742754312,0.40481612279545515,0.21142657063096137,10.447154728463637,4.97841415445144,41.53546578822048,23.983513813801746,0.09906585775119225,0.0,-5.729874653517072,0.02855560097840737
baseline,420000,871,Z_mode_existing_controller,25.30171057036321,50.18366787572242,-1.2389219764654626,0.020141487105959657,0.9363694787025452,False,False,-0.9363694787025452,-0.09363695234060287,-3.1959984653789144,-3.1959984653789215,194.16815878241366,194.16815878241366,197.36415724779258,194.47008958644508,-0.3019308040314286,-3.41318078545906,2.9503572402525813,0.9363695234060306,-0.011739580892026424,-0.001173958065919578,-0.1635291689307157,-0.163529168930706,212.1721182968845,212.17211829688452,212.3356474658152,212.3054973495698,-0.13337905268528516,-0.6072241742754312,0.40481612279545515,0.269306091322594,9.375521268992639,5.415599776614065,38.13985924998333,23.23911728612587,-0.012025297120390022,0.0,1.1709198419748645,0.0800274316111711
baseline,420000,872,Z_mode_existing_controller,25.313524957293733,50.182287526269356,-6.149490439706824,0.09884796033549166,0.9278491735458374,False,False,-0.9278491735458374,-0.09278491884469986,-3.1691337848628307,-3.169133784862836,191.66284449430844,191.66284449430844,194.83197827917127,192.1682082437264,-0.5053637494179668,-3.4155699270128332,2.9479680986988077,0.9278491884469999,-0.0040610916912555695,-0.00040610917494632304,-0.11768999067374997,-0.11768999067374997,211.602285434828,211.602285434828,211.71997542550173,211.7293540022701,-0.12706856744210882,-0.6072241742754312,0.40481612279545515,0.19381637895787543,10.59335914755724,3.338632951749777,39.07640748314431,21.067359248674617,-0.090978393456421,0.0,6.16422769269866,0.07624114046527097
baseline,420000,873,Z_mode_existing_controller,25.286793145514707,50.17961112867848,-13.46931311368462,0.21594760161571194,0.9595152139663696,False,False,-0.9595152139663696,-0.09595151990652084,-3.2794977968013104,-3.279497796801306,196.6426767211378,196.6426767211378,199.9221745179391,197.4625371826324,-0.819860461494585,-3.417869565793546,2.9456684599180956,0.9595151990652068,-0.0033981595188379288,-0.0003398159460630268,-0.1170115806942422,-0.11701158069423526,212.54056412520768,212.5405641252077,212.65757570590193,212.70300685208963,-0.1624427268819204,-0.6072241742754312,0.40481612279545515,0.19269914745054254,9.517045802506214,4.495872397458251,40.73760645490372,23.77096156643675,-0.21030952878492393,0.0,13.582157006340822,0.09746563612914372
baseline,420000,874,Z_mode_existing_controller,25.292151826275163,50.17916569098464,-16.616471670951796,0.26798930640366597,0.9540799260139465,False,False,-0.9540799260139465,-0.09540799260139465,-3.263238489517245,-3.2632384895172546,195.3847228348824,195.3847228348824,198.64796132439966,196.33931880223471,-0.9545959673523043,-3.420298866522367,2.943239159189274,0.9540799260139493,-0.003980716224759817,-0.0003980716282967478,-0.11987384618177,-0.11987384618177208,212.24472759105802,212.24472759105802,212.3646014372398,212.43703102507877,-0.19230343402074368,-0.6072241742754312,0.40481612279545515,0.1974128357534699,9.431826020045227,5.61718328596039,44.67220985444977,23.348206557290297,-0.2611760923434989,0.0,16.76226570288327,0.11538206041244337
baseline,420000,875,Z_mode_existing_controller,25.308063046968467,50.17852916110156,-18.34801546997096,0.29693501009168316,0.9376492500305176,False,False,-0.9376492500305176,-0.09376492351293564,-3.2092494189246263,-3.2092494189246312,192.09320987418482,192.09320987418482,195.30245929310945,193.1156029869958,-1.0223931128109882,-3.422654547872462,2.9408834778391792,0.9376492351293576,-0.0008008962613530457,-8.008963050087914e-05,-0.09958514175146399,-0.0995851417514522,211.5184051891159,211.51840518911592,211.61799033086737,211.71258841231986,-0.194183223203936,-0.6072241742754312,0.40481612279545515,0.16400062113844846,9.966424566877796,4.558076847976563,41.64831882661757,21.82929672076355,-0.2888589789189382,0.0,18.520364514967696,0.11650993392235875
baseline,420000,876,Z_mode_existing_controller,25.30342685415549,50.176414161103416,-21.47407126611779,0.3541947759224082,0.9504024982452393,False,False,-0.9504024982452393,-0.09504025429487228,-3.2550130697627035,-3.2550130697627075,192.78212739556423,192.78212739556423,196.03714046532693,193.95692531863733,-1.1747979230731005,-3.4248783254132373,2.938659700298404,0.9504025429487238,-0.004668604116886854,-0.0004668604233302176,-0.12353099617796043,-0.12353099617797084,211.5338765694891,211.53387656948908,211.65740756566706,211.77201271170972,-0.2381361422206396,-0.6072241742754312,0.40481612279545515,0.20343557027414777,8.63476449370543,5.672319198448263,39.07502488935809,24.47392244002843,-0.34015381767520836,0.0,21.67134339846052,0.14288168533238377
baseline,420000,877,Omega_safe_one_step_QP,25.3276080022803,50.17545130148704,-24.80312138544741,0.40330217254013495,0.9454030394554138,False,False,-0.9454030394554138,-0.0945403054356575,-3.3095865546966916,-3.3095865546966987,187.76506005672434,187.76506005672434,191.07464661142103,189.06687188873923,-1.3018118320148915,-3.5007148955628655,4.258074166937135,0.945403054356577,0.00821735430508852,0.0008217354188673198,0.5781795827401335,0.5781795827401361,211.124502832828,211.12450283282803,210.54632325008788,210.67470640588874,0.4497964269392867,-2.7521622869864544,3.8982283380135456,0.14831855207198155,10.64090350979597,5.120565090605062,37.53390366804281,25.50267265888264,-0.399398108343874,0.0,25.472397349954917,-0.26987785616357485
baseline,420000,878,Z_mode_existing_controller,25.311991959683343,50.17471347392501,-12.098016236828698,0.1915463769682349,0.9237120151519775,False,False,-0.9237120151519775,-0.09237120300531387,-3.162956397893196,-3.1629563978931907,191.27025795283805,191.27025795283805,194.43321435073125,192.02152196469282,-0.7512640118547722,-3.424180150291254,2.939357875420387,0.9237120300531373,-0.005387984216213226,-0.0005387984565459192,-0.12504359197996195,-0.12504359197996126,211.08159891842473,211.08159891842473,211.2066425104047,211.26842588188677,-0.18682696346203898,-0.6072241742754312,0.40481612279545515,0.2059265709063201,11.556897540239309,3.645820723651811,38.52972733212731,25.67151811645175,-0.18607661792297847,0.0,12.171996676674098,0.11209617807722339
baseline,420000,879,Omega_safe_one_step_QP,25.27135047933613,50.17496944595365,-43.65116986416433,0.7007952621827359,0.9500942826271057,False,False,-0.9500942826271057,-0.09500943124294281,-4.387528010890378,-4.387528010890386,197.85989045372463,197.85989045372463,202.247418464615,199.9967975209427,-2.1369070672180612,-4.617992080882264,3.1407969816177363,0.9500943124294298,-0.0178520604968071,-0.0017852060263976455,0.24222933097328772,0.24222933097328217,213.1362911336687,213.1362911336687,212.8940618026954,212.98546661638986,0.15082451727883495,-2.9869361422472056,3.663454482752795,0.06612046965880851,8.858434326005632,5.184482891384526,40.50574615515913,23.0218875610593,-0.7039158522226154,0.0,44.44558042675362,-0.09049471036729528
baseline,420000,880,Z_mode_existing_controller,25.29316735125987,50.17404821038153,-4.21883807733866,0.06794531303712237,0.9482557773590088,False,False,-0.9482557773590088,-0.09482558071613312,-3.2462286204859025,-3.246228620485916,194.9808916465871,194.9808916465871,198.22712026707302,195.42037300421774,-0.43948135763062623,-3.423368036314707,2.940169989396934,0.9482558071613346,-0.0061586410738527775,-0.0006158641190268099,-0.13204165598715845,-0.13204165598716192,211.83583927955002,211.83583927955002,211.96788093553718,211.96685488651968,-0.13101560696966885,-0.6072241742754312,0.40481612279545515,0.21745125042941565,9.70889632838426,4.598054398625206,36.02783019332632,27.09410176793367,-0.05988375393223322,0.0,4.200112467088729,0.07860936418180131
baseline,420000,881,Z_mode_existing_controller,25.293221391710603,50.17507050569179,-8.194168601519777,0.1330670932397836,0.937453031539917,False,False,-0.937453031539917,-0.09374530613422394,-3.2113750278913447,-3.211375027891351,194.7846302660334,194.78463026603336,197.99600529392472,195.39374043188565,-0.609110165852286,-3.4256382109343364,2.937899814777305,0.9374530613422409,-0.00965423695743084,-0.0009654237073846161,-0.1514238900006612,-0.15142389000065634,211.83010810432435,211.83010810432438,211.98153199432502,212.01596998427559,-0.1858618799512044,-0.6072241742754312,0.40481612279545515,0.24937065488432264,9.22434746237073,4.854194400826623,38.1945503472346,26.505606157335357,-0.12428952350039779,0.0,8.20694099704997,0.11151712797071411
baseline,420000,882,Z_mode_existing_controller,25.303587744986245,50.17573721481092,-11.69517082098082,0.1934784977952355,0.9345349669456482,False,False,-0.9345349669456482,-0.09345349669456482,-3.2034068228343107,-3.2034068228343022,192.54191120600592,192.54191120600595,195.74531802884025,193.30509532814023,-0.7631841221342768,-3.4278084139580614,2.93572961175358,0.9345349669456454,-0.011101266369223595,-0.001110126613639295,-0.1596045657028984,-0.15960456570289355,211.3834052951629,211.3834052951629,211.5430098608658,211.60566505893934,-0.2222597637764352,-0.6072241742754312,0.40481612279545515,0.2628429045884764,8.60692736402868,4.523365130808477,39.189376826085756,28.860465265209424,-0.18126196964728436,0.0,11.743076932361873,0.13335585826585827
baseline,420000,883,Z_mode_existing_controller,25.319801546471002,50.17737974548822,-14.542078692031282,0.2405718850160472,0.9306975603103638,False,False,-0.9306975603103638,-0.09306975454092026,-3.1922211704478647,-3.1922211704478536,189.1432625985181,189.1432625985181,192.33548376896596,190.02171588244946,-0.8784532839313499,-3.4299232722745954,2.933614753437046,0.930697545409199,-0.007881133817136288,-0.000788113393355161,-0.14035422124993452,-0.14035422124993382,210.7724664137418,210.7724664137418,210.91282063499173,210.9976000772584,-0.22513366351660125,-0.6072241742754312,0.40481612279545515,0.23114070090738922,9.378393814217713,4.532920573695186,41.320129205274476,28.247982236921256,-0.2268687051753293,0.0,14.63386719909613,0.13508019810996075
baseline,420000,884,Omega_safe_one_step_QP,25.321770821233304,50.178484447948804,-20.32595496462727,0.3242464248083954,0.927337646484375,False,False,-0.927337646484375,-0.09273376315832138,-3.308560516409397,-3.3085605164094054,188.43699444803335,188.43699444803332,191.74555496444273,189.54447122148298,-1.1074767734496618,-3.567805730865034,4.190983331634966,0.9273376315832159,-0.006349912378937006,-0.0006349912728182971,0.47472596529087097,0.4747259652908654,211.32855523100784,211.32855523100784,210.85382926571697,210.95903346400124,0.3695217670066029,-2.7829128885493626,3.867477736450638,0.12274820894678072,11.698663223433634,5.004717441502147,35.66654241583832,27.586483121435638,-0.3248077990579503,0.0,20.872475823888635,-0.2217130602039532
baseline,420000,885,Z_mode_existing_controller,25.28828397240851,50.17919291234066,-9.756177871536238,0.15168778192987065,0.941798985004425,False,False,-0.941798985004425,-0.0941798985004425,-3.229367267395575,-3.2293672673955878,195.38933153794727,195.38933153794727,198.61869880534286,196.0512648300319,-0.6619332920846261,-3.428934750211482,2.934603275500159,0.9417989850044286,-0.011020299978554249,-0.0011020300444215536,-0.15986545558412668,-0.15986545558413293,212.18780526587312,212.18780526587312,212.34767072145726,212.39265924858245,-0.20485398270932365,-0.6072241742754312,0.40481612279545515,0.26327254802543393,11.733440643410034,6.542830784594772,41.28527536930332,24.36988027318335,-0.1474498536835256,0.0,9.780715335594323,0.12291238962559703
baseline,420000,886,Z_mode_existing_controller,25.27770416303763,50.17959951399322,-13.61138510525052,0.2254659669511833,0.9468722343444824,False,False,-0.9468722343444824,-0.09468722343444824,-3.248784539975058,-3.2487845399750643,197.25481180604842,197.2548118060484,200.50359634602347,198.11561422383076,-0.8608024177823665,-3.431069601723178,2.932468423988463,0.946872234344484,-0.011086180806159973,-0.0011086181038990617,-0.16076478560257818,-0.16076478560258997,212.61661416342665,212.61661416342662,212.7773789490292,212.85492206836085,-0.23830790493423137,-0.6072241742754312,0.40481612279545515,0.26475359910435414,7.446448364405038,4.631082736270533,39.8475593077518,23.410158892320226,-0.2130398590434126,0.0,13.681440221334014,0.14298474296053598
baseline,420000,887,Z_mode_existing_controller,25.31698657054991,50.17838156183661,-15.507597285022712,0.25469304544198657,0.9350104928016663,False,False,-0.9350104928016663,-0.09350105375051498,-3.210071849047369,-3.210071849047374,189.36884877651173,189.36884877651173,192.5789206255591,190.28818587256353,-0.9193370960518052,-3.4331932318246077,2.9303447938870333,0.9350105375051513,-0.0068547711707651615,-0.000685477105434984,-0.13477877449963593,-0.13477877449964287,210.88370043104155,210.88370043104155,211.01847920554118,211.11254328358038,-0.22884285253883263,-0.6072241742754312,0.40481612279545515,0.22195884190623227,9.739373739880813,3.9241988295487698,37.79438666050098,24.928088545180078,-0.24213103384926882,0.0,15.61242260734889,0.13730571152329674
baseline,420000,888,Z_mode_existing_controller,25.30715204823082,50.17736456790943,-18.723385419016267,0.30185853367798315,0.9399071335792542,False,False,-0.9399071335792542,-0.09399071335792542,-3.228781947919992,-3.22878194791998,191.11536199874706,191.1153619987471,194.34414394666706,192.16210871295903,-1.0467467142119347,-3.4352137914141467,2.9283242342974938,0.9399071335792505,-0.007159553933888674,-0.0007159553933888674,-0.13705960090031333,-0.1370596009003057,211.20337330176733,211.20337330176733,211.34043290266763,211.4544937604181,-0.2511204586507745,-0.6072241742754312,0.40481612279545515,0.22571499407751963,10.426041901815246,5.718817229059024,40.26314812722412,23.052689502083624,-0.2935860670942638,0.0,18.86629921092026,0.15067227519047321
baseline,420000,889,Z_mode_existing_controller,25.30396270234519,50.175858487732185,-20.5956434646896,0.33108611576593,0.9348661303520203,False,False,-0.9348661303520203,-0.09348661452531815,-3.213344602060452,-3.2133446020604666,191.59268899022334,191.59268899022334,194.8060335922838,192.71755361120873,-1.1248646209853916,-3.4372242682830394,2.9263137574286016,0.9348661452531857,-0.009339053183794022,-0.00093390530673787,-0.14931588772571433,-0.1493158877257053,211.20655361553435,211.20655361553438,211.35586950326007,211.4878876539162,-0.2813340383818286,-0.6072241742754312,0.40481612279545515,0.24589911609477033,10.470977939027295,5.434420101868954,41.13510561561006,26.113387098587253,-0.32363030130865056,0.0,20.75047334296869,0.16880042302909715
baseline,420000,890,Z_mode_existing_controller,25.298377145714685,50.17635250039455,-22.68567453797732,0.37336006584974996,0.9458817839622498,False,False,-0.9458817839622498,-0.09458818286657333,-3.2530490847708657,-3.2530490847708786,192.4696096244456,192.4696096244456,195.7226587092165,193.70958123457248,-1.2399716101268723,-3.4391707147600417,2.9243673109515993,0.9458818286657372,-0.008074052631855011,-0.0008074052748270333,-0.1430209572495303,-0.14302095724953445,211.44017173628302,211.440171736283,211.58319269353254,211.73021532601294,-0.29004358972994737,-0.6072241742754312,0.40481612279545515,0.23553238376946023,8.818946208101782,4.129344297274026,39.968050502486925,25.020489577775834,-0.35875277913328496,0.0,22.870401163273527,0.17402615383795705
baseline,420000,891,Z_mode_existing_controller,25.308534162433602,50.17578439392964,-24.068224788360567,0.3857514809173604,0.9405801892280579,False,False,-0.9405801892280579,-0.09405802190303802,-3.236669951201464,-3.2366699512014616,190.30938736519866,190.30938736519866,193.54605731640012,191.57494187689704,-1.265554511698383,-3.441141845974672,2.9223961797369693,0.9405802190303796,-0.005042633041739464,-0.0005042633274570107,-0.12472781925111226,-0.1247278192511074,210.9641697090965,210.9641697090965,211.08889752834762,211.24447740254567,-0.28030769344917417,-0.6072241742754312,0.40481612279545515,0.20540654429632776,10.934323058085226,5.030484650035856,45.200711352659624,23.94021923135385,-0.3795806576569163,0.0,24.279620829947817,0.16818461606951018
baseline,420000,892,Z_mode_existing_controller,25.292899549115543,50.17523661989886,-24.76817347767428,0.4034150202399083,0.9414504766464233,False,False,-0.9414504766464233,-0.09414505213499069,-3.2414596229929424,-3.2414596229929398,193.21819843362633,193.21819843362633,196.45965805661928,194.54288626797467,-1.3246878343483388,-3.4430483062935147,2.9204897194181267,0.9414505213499059,-0.009204193018376827,-0.0009204192901961505,-0.14919230726383875,-0.14919230726384083,211.53357903123438,211.53357903123438,211.6827713384982,211.85024231240706,-0.31666328117267994,-0.6072241742754312,0.40481612279545515,0.24569559906251132,9.240562798981586,4.1802386506237745,38.13432418561926,23.955831563840714,-0.3918942722357972,0.0,24.970069781206803,0.18999796870360797
baseline,420000,893,Z_mode_existing_controller,25.296562425137452,50.17413333594775,-25.2098455371397,0.40398605420933975,0.9333088994026184,False,False,-0.9333088994026184,-0.09333088994026184,-3.215178997685114,-3.2151789976850997,192.36310797312726,192.36310797312728,195.57828697081237,193.68666027213087,-1.3235522990035804,-3.4449248257924574,2.918613199919184,0.9333088994026139,-0.013633872382342815,-0.0013633872149512172,-0.1743152677294038,-0.1743152677294149,211.25970796266856,211.25970796266856,211.43402323039797,211.6075140105266,-0.34780604785802893,-0.6072241742754312,0.40481612279545515,0.2870690514543763,10.432419642178376,4.313601665905962,44.186186840810834,22.95349273516056,-0.39775372053069447,0.0,25.398915628956274,0.20868362871480883
baseline,420000,894,Z_mode_existing_controller,25.283714477828347,50.17308670796831,-26.163425895979344,0.4200993960343246,0.9398300647735596,False,False,-0.9398300647735596,-0.0939830094575882,-3.2393337724116607,-3.2393337724116575,194.71904384059354,194.71904384059354,197.9583776130052,196.0968886747918,-1.377844834198271,-3.44672275457776,2.916815271133881,0.9398300945758811,-0.011886886321008205,-0.0011886886786669493,-0.16474224093955894,-0.16474224093955894,211.72007696858157,211.72007696858157,211.8848192095211,212.06578071891906,-0.345703750337492,-0.6072241742754312,0.40481612279545515,0.2713038247137266,9.747434699495862,6.054619481038553,41.4580530041368,22.80550572048089,-0.41376204885522583,0.0,26.369765694631496,0.20742225020249805
baseline,420000,895,Z_mode_existing_controller,25.296817001306923,50.17190462366101,-26.534732344488475,0.42310619238983566,0.934816837310791,False,False,-0.934816837310791,-0.09348168224096298,-3.223737946929843,-3.2237379469298317,192.0002336450054,192.0002336450054,195.22397159193525,193.37692723609572,-1.3766935910903157,-3.44852367827547,2.915014347436171,0.9348168224096265,-0.007383674383163452,-0.0007383674383163452,-0.13785723045594625,-0.13785723045594417,211.09763209225136,211.09763209225136,211.2354893227073,211.42091226543775,-0.32328017318639013,-0.6072241742754312,0.40481612279545515,0.22702856094364487,10.803299183111017,3.5842160274822916,41.82562074246005,27.87983367251718,-0.4190936620599288,0.0,26.759857902636213,0.1939681039118284
baseline,420000,896,Z_mode_existing_controller,25.270241073709347,50.173687447960994,-27.97652927078525,0.44668947027900396,0.9525054693222046,False,False,-0.9525054693222046,-0.09525054693222046,-3.2863958752852294,-3.286395875285237,196.99591401020376,196.99591401020376,200.28230988548898,198.45754835877707,-1.4616343485733125,-3.4502645718389457,2.913273453872695,0.9525054693222065,-0.01565282605588436,-0.0015652825823053718,-0.18808409512162602,-0.18808409512161423,212.23280002402151,212.23280002402154,212.42088411914315,212.61281585726718,-0.38001583324563626,-0.6072241742754312,0.40481612279545515,0.3097440831403742,9.544087090882524,6.4710261344014,41.101052655422116,26.87033839620697,-0.4429342518890014,0.0,28.191454022726248,0.22800949994737607
baseline,420000,897,Z_mode_existing_controller,25.291336909785,50.17521387566508,-28.194487326055423,0.44951678472878487,0.9493538737297058,False,False,-0.9493538737297058,-0.09493538737297058,-3.277236471245351,-3.277236471245338,192.66256054827363,192.66256054827363,195.93979701951898,194.11432834848253,-1.4517678002088985,-3.452070468064921,2.9114675576467204,0.9493538737297019,-0.013410025276243687,-0.0013410025276243687,-0.17462789666228065,-0.17462789666227926,211.40919993276677,211.40919993276677,211.58382782942905,211.77765547820883,-0.3684555454420604,-0.6072241742754312,0.40481612279545515,0.28758390074086493,10.64379463533571,4.671542890559379,43.70555877485749,24.12407643615198,-0.4456153387982269,0.0,28.419029337588654,0.22107332726524476
baseline,420000,898,Z_mode_existing_controller,25.27835631841549,50.17494042048745,-28.148320074519688,0.44398772752718835,0.9454495310783386,False,False,-0.9454495310783386,-0.09454495459794998,-3.265418607207486,-3.2654186072074833,195.07537737608203,195.07537737608203,198.34079598328952,196.52556396851395,-1.450186592431919,-3.453826405749093,2.9097116199625486,0.9454495459794986,-0.014093168079853058,-0.0014093167847022414,-0.17823428279714823,-0.17823428279715933,211.90521602076137,211.90521602076137,212.08345030355852,212.28170320149567,-0.3764871807343013,-0.6072241742754312,0.40481612279545515,0.2935230353927147,10.725422281530538,4.566897374554306,42.3352511376976,22.75320240555964,-0.4446544802759895,0.0,28.367082246354585,0.22589230844057795
baseline,420000,899,Z_mode_existing_controller,25.264626366757746,50.17413592370727,-27.306045666751743,0.4467975919174577,0.9486125707626343,False,False,-0.9486125707626343,-0.09486126154661179,-3.2779585156920614,-3.277958515692074,197.6227027782075,197.6227027782075,200.90066129389956,199.0917019265262,-1.4689991483187157,-3.4555291193142925,2.9080089063973484,0.9486126154661213,-0.030967751517891884,-0.0030967751517891884,-0.27739757368491214,-0.27739757368490103,212.30888778819403,212.30888778819403,212.58628536187894,212.78825104212115,-0.47936325392711865,-0.6072241742754312,0.40481612279545515,0.4568289363905925,7.943327377132686,5.020381880326838,39.72383317155316,25.86754874435172,-0.432243665428637,0.0,27.450671379825508,0.2876179523562712
baseline,420000,900,Z_mode_existing_controller,25.29892608464725,50.17460477401164,-27.734084536064984,0.43737617120727984,0.9417510032653809,False,False,-0.9417510032653809,-0.09417510032653809,-3.2558385611667675,-3.2558385611667537,190.72252701194958,190.7225270119496,193.97836557311635,192.1410281294256,-1.4185011174759836,-3.4572180437054323,2.9063199820062087,0.9417510032653766,-0.007908019237220287,-0.0007908019470050931,-0.1416303581940101,-0.14163035819401773,210.99526032857733,210.99526032857733,211.13689068677135,211.3349374573362,-0.3396771287588649,-0.6072241742754312,0.40481612279545515,0.2332422920464552,11.789840091159764,5.91309932643131,40.70918820709172,23.3399610268186,-0.43724648468000993,0.0,27.967524743489776,0.20380627725532463
baseline,420000,901,Z_mode_existing_controller,25.277209189763898,50.1736279936213,-26.76391747586422,0.44194535542015956,0.9446457028388977,False,False,-0.9446457028388977,-0.09446457028388977,-3.267377486617076,-3.267377486617075,194.8549081146106,194.8549081146106,198.12228560122767,196.30513211940197,-1.4502240047913801,-3.4588390936387965,2.9046989320728445,0.9446457028388971,-0.015591374598443508,-0.0015591374831274152,-0.18692870482922008,-0.18692870482921245,211.78101098869394,211.78101098869396,211.96793969352316,212.17276897402164,-0.39175798532767203,-0.6072241742754312,0.40481612279545515,0.30784134220654946,8.028825637310351,5.77780328124223,36.584012950849655,20.741255882823825,-0.42412068157563954,0.0,26.952983366241824,0.23505479119660322
baseline,420000,902,Omega_safe_one_step_QP,25.312109922325938,50.170431920677764,-27.032186687988542,0.4475596024755124,0.9415839314460754,False,False,-0.9415839314460754,-0.09415839612483978,-3.3016276692902164,-3.3016276692902053,187.8304824392542,187.8304824392542,191.13211010854442,189.2857954044025,-1.4553129651482948,-3.506461245275204,4.2523278172247965,0.9415839612483946,0.007253836374729872,0.0007253836374729872,0.5955527390068271,0.5955527390068271,210.88875496872916,210.88875496872916,210.29320222972234,210.49395443581892,0.39480053291023864,-2.7268501849498987,3.923540440050102,0.15178962676862895,9.498258858027441,5.016774619959219,38.366789247184926,27.521995990833567,-0.4348262294816898,0.0,27.703893237216107,-0.23688031974614887
baseline,420000,903,Omega_safe_one_step_QP,25.313915827428566,50.170718489822654,-12.568361385698154,0.20646698004423863,0.9048722386360168,False,False,-0.9048722386360168,-0.09048722684383392,-3.1703546807496057,-3.170354680749611,187.9336314533682,187.93363145336818,191.1039861341178,188.76928960863543,-0.8356581552672537,-3.503648847832541,4.255140214667459,0.9048722684383409,-0.030238283798098564,-0.0030238283798098564,0.4079246274404244,0.4079246274404341,210.69490519867296,210.69490519867296,210.28698057123253,210.40590054633444,0.28900465233851946,-2.726228019100917,3.9241626058990833,0.1039520194263134,10.092244629650626,4.249014224879743,40.111718245020406,25.462975441789546,-0.19827332236481965,0.0,12.940037499465689,-0.173402791403106
baseline,420000,904,Z_mode_existing_controller,25.300737205248424,50.17007116796767,-5.214674266186194,0.08333589212669533,0.9324131608009338,False,False,-0.9324131608009338,-0.09324131906032562,-3.2199152188354008,-3.219915218835406,190.81433885977168,190.81433885977168,194.0342540786071,191.32503575520752,-0.5106968954358422,-3.4533136717555104,2.910224353956131,0.9324131906032576,-0.011710884980857372,-0.001171088544651866,-0.16296068940266084,-0.16296068940266084,210.69620643609898,210.69620643609898,210.85916712550164,210.9145591959968,-0.21835275989781167,-0.6072241742754312,0.40481612279545515,0.26836989748821066,11.17179542201978,6.217772997032647,43.928448283176465,20.043190252962813,-0.07292591320848274,0.0,5.156588523455866,0.13101165593867847
baseline,420000,905,Z_mode_existing_controller,25.292421869102654,50.16724444860584,-9.285061091332864,0.14773646448809422,0.932704746723175,False,False,-0.932704746723175,-0.09327047318220139,-3.2224545780291303,-3.2224545780291365,192.33350610176763,192.33350610176763,195.55596067979675,193.01291272311096,-0.6794066213433325,-3.4549568240467177,2.908581201664923,0.9327047318220156,-0.007483929395675659,-0.0007483929512090981,-0.1382307245957226,-0.13823072459571636,210.8855754435108,210.8855754435108,211.02380616810652,211.108667762849,-0.22309231933820683,-0.6072241742754312,0.40481612279545515,0.22764364538131218,11.020650931146303,6.025230057756917,38.367559138570414,22.465336129922004,-0.13913157054714276,0.0,9.290337270276723,0.13385539160292126
baseline,420000,906,Z_mode_existing_controller,25.283460021749242,50.165610436870494,-14.424052838238822,0.22224593363048856,0.9505211114883423,False,False,-0.9505211114883423,-0.09505211561918259,-3.2855446357840963,-3.285544635784109,193.90812679966263,193.90812679966263,197.19367143544673,194.78513722356251,-0.8770104238998897,-3.4565718126120664,2.9069662130995746,0.9505211561918295,-0.004074666649103165,-0.00040746666491031647,-0.1200640002982957,-0.12006400029828945,211.16168603145104,211.16168603145104,211.28175003174934,211.3909521535876,-0.22926612213655062,-0.6072241742754312,0.40481612279545515,0.197725988827035,12.600131611914712,6.131970837161993,41.7828768850895,24.797717010489595,-0.22117509948549952,0.0,14.507668264441236,0.13755967328192753
baseline,420000,907,Omega_safe_one_step_QP,25.255404090924927,50.16637290871753,-45.33508156080643,0.691961291349363,0.9536547064781189,False,False,-0.9536547064781189,-0.09536547213792801,-4.433880900497606,-4.433880900497603,198.12718304399138,198.12718304399138,202.56106394448898,200.27946752189885,-2.1522844779074717,-4.649356628869661,3.1094324336303396,0.9536547213792795,-0.050278209149837494,-0.005027820821851492,0.13969240266529445,0.13969240266529653,212.6140729860951,212.6140729860951,212.4743805834298,212.60796858049392,0.006104405601178087,-2.9449680203206445,3.705422604679356,0.03769945228079717,11.851727986029545,3.910430151903373,37.94741841776381,25.964753548043365,-0.7261923674827102,0.0,46.06493657164992,-0.0036626433606983255
baseline,420000,908,Omega_safe_one_step_QP,25.218179514862456,50.16794069305601,-50.49887931679223,0.7603950878391029,0.9648730754852295,False,False,-0.9648730754852295,-0.09648730605840683,-5.223877469960813,-5.2238774699608275,204.9841873066364,204.9841873066364,210.2080647765972,207.3493303833687,-2.3651430767323234,-5.414056712080484,2.3447323504195166,0.9648730605840707,-0.2884623110294342,-0.02884623222053051,-1.076746878444199,-1.0767468784442051,213.10452352764543,213.10452352764543,214.18127040608962,214.2202042683072,-1.1156807406617872,-3.1156570025866284,3.5347336224133716,0.34559223866757044,11.07300426111242,3.9673838806811803,47.630371525223836,22.733805581093485,-0.7997054076013264,0.0,50.6291762799965,0.669408444397078
baseline,420000,909,Omega_safe_one_step_QP,25.204079308737874,50.169273476040004,-43.60707153603926,0.657268488622606,0.9754817485809326,False,False,-0.9754817485809326,-0.09754817932844162,-5.582206570352611,-5.582206570352616,207.71041418648196,207.71041418648196,213.29262075683457,209.81555237761333,-2.105138191131374,-5.72251231010422,2.036276752395781,0.975481793284417,-0.27285024523735046,-0.027285024523735046,-1.075457349636208,-1.075457349636207,213.8249552738167,213.8249552738167,214.9004126234529,214.83545085863898,-1.01049558482228,-3.1875712243229555,3.4628194006770445,0.33739084523974383,10.45550038484532,5.275564554873435,43.15990069808943,26.791604782253447,-0.6892063482796154,0.0,43.689980533425114,0.6062973508933567
baseline,420000,910,Omega_safe_one_step_QP,25.211611885946365,50.172889558289484,-24.330850445438955,0.3682749124355409,0.956574022769928,False,False,-0.956574022769928,-0.09565740078687668,-5.357941447198125,-5.357941447198128,206.72133787027187,206.72133787027187,212.07927931747,208.02768910340018,-1.3063512331283107,-5.601178166167762,2.1576108963322387,0.9565740078687671,-0.25146374106407166,-0.025146374478936195,-0.9768015549003407,-0.9768015549003288,213.85629890358047,213.85629890358047,214.8331004584808,214.6710571555187,-0.8147582519382297,-3.1808400078257444,3.469550617174256,0.30708918163036414,10.587291533339833,4.392940363417963,37.91976616020477,26.927916608212634,-0.37777301409152386,0.0,24.21976850836745,0.48885495116292077
baseline,420000,911,Omega_safe_one_step_QP,25.206452644178828,50.17604763791408,-17.69411508709345,0.26954552528371717,0.962677538394928,False,False,-0.962677538394928,-0.09626775234937668,-5.516103034471476,-5.516103034471468,207.85098768185412,207.85098768185415,213.3670907163256,208.8815947820889,-1.0306071002347608,-5.729959306053324,2.028829756446676,0.9626775234937652,-0.32870402932167053,-0.03287040442228317,-1.3608061407116494,-1.3608061407116605,213.91308109025533,213.9130810902553,215.27388723096698,215.03748441683592,-1.1244033265806195,-3.224918685074362,3.4254719399256386,0.42196603189090404,10.01277187209414,5.177209326583745,39.74115378405778,22.719247520680725,-0.26741801038176405,0.0,17.286891101527544,0.6746419959483774
baseline,420000,912,Omega_safe_one_step_QP,25.21854439683454,50.17681511335619,-2.6948559196316637,0.04121594611329633,0.9588335156440735,False,False,-0.9588335156440735,-0.09588335454463959,-5.293582486131204,-5.293582486131202,205.98248094493047,205.9824809449305,211.2760634310617,206.39939310121792,-0.41691215628742384,-5.520856577526933,2.237932484973068,0.9588335454463954,-0.20375292003154755,-0.020375292748212814,-0.7671188932135694,-0.7671188932135583,214.08865386307886,214.08865386307886,214.85577275629242,214.55065724806036,-0.4620033849815002,-3.183107237606907,3.4672833873930933,0.24099687379376078,10.324034155652582,5.011577794980999,38.655527859772114,20.42267863952774,-0.029913946933923796,0.0,2.447567835576592,0.27720203098888874
baseline,420000,913,Omega_safe_one_step_QP,25.22253246724799,50.1759017351414,4.226843747683233,-0.06593234673227141,0.9627621173858643,False,False,-0.9627621173858643,-0.09627621620893478,-5.269084774167965,-5.269084774167977,205.52724396419632,205.52724396419632,210.79632873836428,205.63957911736492,-0.11233515316860121,-5.472883108257192,2.285905954242809,0.9627621620893502,-0.3211766481399536,-0.03211766481399536,-1.2707647620792264,-1.2707647620792308,213.41461289337923,213.41461289337923,214.68537765545847,214.33053145515123,-0.9159185617720027,-3.166067727523511,3.4843228974764893,0.4013700499935986,9.312969774864797,5.257272846170643,40.7163336269083,21.739268837322182,0.0860259888560968,0.0,-4.862420873601877,0.5495511370631903
baseline,420000,914,Omega_safe_one_step_QP,25.244282021962693,50.175572313727784,19.74024228709277,-0.3053840773539029,0.9666124582290649,False,False,-0.9666124582290649,-0.09666124731302261,-4.9040952587469935,-4.9040952587470015,201.8982666272351,201.8982666272351,206.8023618859821,201.4046637434247,0.49360288381041073,-5.073486423018973,2.6853026394810278,0.9666124731302277,-0.038354840129613876,-0.003835484152659774,0.06952228468528852,0.06952228468528193,213.86770507884864,213.86770507884864,213.79818279416335,213.3982121491948,0.46949292965385325,-3.0773482413940014,3.573042383605999,0.019457447525466628,10.77994237110527,6.403996311432854,40.73142640072436,25.52474857240704,0.32581671077964103,0.0,-19.784363240080893,-0.28169575779230627
baseline,420000,915,Omega_safe_one_step_QP,25.2511998575576,50.177374305561585,24.04251041092357,-0.39124450934786054,0.9654451608657837,False,False,-0.9654451608657837,-0.09654451906681061,-4.791883056338092,-4.7918830563380785,200.90953584797197,200.909535847972,205.70141890431006,200.19212494532644,0.717410902645554,-4.96339212485177,2.795396937648231,0.9654451906681032,-0.01586245745420456,-0.0015862457221373916,0.18310192748790638,0.1831019274879088,213.83475277969836,213.83475277969836,213.65165085221045,213.23067715841475,0.6040756212836129,-3.0626950471987104,3.58769557780129,0.05103608249842712,8.01883913197041,6.170062961245782,36.83843058351018,22.29551760911689,0.3918701317660217,0.0,-24.071935169919016,-0.36244537277016775
baseline,420000,916,Z_mode_existing_controller,25.293704757736574,50.17600171272371,62.92258325931107,-1.0258983935309762,0.959464430809021,False,False,-0.959464430809021,-0.09594644606113434,-3.289701406676378,-3.28970140667637,194.32690427097987,194.3269042709799,197.61660567765625,191.9897949749004,2.3371092960794897,-3.428685002652703,2.934853023058938,0.9594644606113409,0.0022002982441335917,0.0002200298331445083,-0.08421337915675356,-0.08421337915676744,211.74693087748082,211.7469308774808,211.83114425663757,211.3864193308297,0.3605115466510824,-0.6072241742754312,0.40481612279545515,0.13868581443954345,9.799112687731462,6.939524215644274,43.12062695200629,23.720446077351134,1.0273221414515348,0.0,-63.73359847277152,-0.21630692799064377
baseline,420000,917,Z_mode_existing_controller,25.313535447872784,50.17543732009973,46.43317622453014,-0.7974820400610011,0.944862425327301,False,False,-0.944862425327301,-0.09448624402284622,-3.241759558209885,-3.2417595582098753,190.26572476094364,190.26572476094364,193.50748431915352,188.5424635385639,1.7232612223797332,-3.430932821740747,2.9326052039708945,0.9448624402284592,0.025325804948806763,0.0025325806345790625,0.052722480702741686,0.05272248070275487,210.97808530808595,210.97808530808595,210.9253628273832,210.58869216834663,0.389393139739326,-0.6072241742754312,0.40481612279545515,0.1302380951101456,7.516055078173915,6.8316650493753865,36.90770764625405,23.73398537561881,0.757056337062572,0.0,-46.956596677749985,-0.23363588384360412
baseline,420000,918,Omega_safe_one_step_QP,25.35919135847361,50.173236737158724,51.23255907130806,-0.8618174907298438,0.9429870843887329,False,False,-0.9429870843887329,-0.09429871290922165,-2.665824886697643,-2.6658248866976346,181.6716756615409,181.6716756615409,184.33750054823852,179.88118809537463,1.790487566166263,-2.827000289244615,4.931788773255386,0.9429871290922128,0.11112436652183533,0.011112436652183533,1.1935336703436605,1.1935336703436668,210.03791846438713,210.03791846438713,208.84438479404346,208.58975949802135,1.4481589663657815,-2.5819684413820116,4.068422183617989,0.2933652449221173,10.837337327621592,4.520634143052817,39.100296694633776,26.73143465154449,0.8274098078388263,0.0,-51.1910734993271,-0.8688953798194632
baseline,420000,919,Omega_safe_one_step_QP,25.330633551713323,50.17245039925349,34.915901302850216,-0.5854485274822209,0.9245584011077881,False,False,-0.9245584011077881,-0.09245584160089493,-3.1610448056979323,-3.1610448056979408,187.0962320026465,187.0962320026465,190.25727680834444,185.91394969767242,1.1822823049740805,-3.4189779152552067,4.339811147244794,0.9245584160089514,-0.1543670892715454,-0.015436708927154541,-0.10858792908385873,-0.1085879290838504,209.94008664970482,209.94008664970482,210.04867457878868,209.8106427366465,0.12944391305831005,-2.7023974198565326,3.947993205143468,0.04018207251308552,9.553864351356417,5.590218640395973,39.788016363384685,30.062134162323147,0.5739901355056567,0.0,-35.412225090520224,-0.07766634783499171
baseline,420000,920,Omega_safe_one_step_QP,25.335989208177914,50.174279833382045,35.765619415119545,-0.6059344554572768,0.9365336894989014,False,False,-0.9365336894989014,-0.0936533734202385,-3.1268569334719816,-3.1268569334719847,186.32819334619919,186.32819334619916,189.45505027967116,185.10247630403526,1.2257170421638932,-3.3387552623878762,4.420033800112124,0.936533734202386,-0.09597421437501907,-0.009597421623766422,0.16533043086160576,0.16533043086159951,210.13317631329002,210.13317631329,209.9678458824284,209.72390704274133,0.4092692705486627,-2.6943145502205046,3.956076074779496,0.04179151961096064,9.120440394428142,4.7743270416410155,37.32680645848318,24.04066811451645,0.5846108032586539,0.0,-36.10466865604849,-0.24556156232918624
baseline,420000,921,Omega_safe_one_step_QP,25.340228558559456,50.17208484672717,39.80090877753173,-0.650192603823035,0.9203636050224304,False,False,-0.9203636050224304,-0.09203635901212692,-3.0231409590307727,-3.023140959030778,185.89160306199904,185.89160306199904,188.9147440210298,184.55752407794785,1.3340789840511889,-3.2847246365237432,4.474064425976257,0.9203635901212707,-0.06742220371961594,-0.006742220371961594,0.305285824690002,0.3052858246899909,210.01705027739328,210.01705027739328,209.71176445270328,209.46297268315422,0.554077594239061,-2.668706407247994,3.9816842177520066,0.07667253553883041,11.467842108686323,5.982144361796182,37.420055097208895,26.102037070111304,0.6505569235909405,0.0,-40.1190191445794,-0.3324465565434309
baseline,420000,922,Z_mode_existing_controller,25.31828776077707,50.17162031739985,32.3963389220653,-0.547647722259071,0.9291534423828125,False,False,-0.9291534423828125,-0.09291534870862961,-3.1788321208979924,-3.1788321208979955,190.3309499450664,190.3309499450664,193.5097820659644,189.21208794051813,1.1188620045482764,-3.421213141938901,2.94232488377274,0.9291534870862969,-0.01987726427614689,-0.001987726427614689,-0.21046550427036848,-0.2104655042703761,210.44173818270744,210.4417381827074,210.6522036869778,210.4107276062243,0.031010576483112118,-0.6072241742754312,0.40481612279545515,0.3466026439436697,8.29188711128504,5.181760596023824,44.157313300855414,25.348528063903604,0.5326971300595744,0.0,-32.910429706234936,-0.01860634588986443
baseline,420000,923,Omega_safe_one_step_QP,25.34390467688178,50.17106280317838,27.613314639491364,-0.4722373605794761,0.9233075380325317,False,False,-0.9233075380325317,-0.09233075380325317,-2.9725639625551246,-2.9725639625551277,185.28966665176307,185.28966665176304,188.26223061431818,184.39665936048988,0.8930072912731646,-3.219473295852579,4.539315766647421,0.9233075380325324,-0.06037221848964691,-0.006037221755832434,0.35772119813290426,0.3577211981329112,209.86104015541395,209.86104015541395,209.50331895728104,209.33241643957487,0.5286237158390747,-2.6478618577057684,4.002528767294232,0.08937379814879781,8.740476950185085,6.8624375228250685,38.49807421020291,25.966592665955883,0.45043122282910275,0.0,-27.746571632816995,-0.3171742295034363
baseline,420000,924,Omega_safe_one_step_QP,25.368943729482666,50.16985524363571,42.33611523901527,-0.7312563144889614,0.8757510185241699,False,False,-0.8757510185241699,-0.08757510036230087,-2.4114465807496517,-2.4114465807496517,181.1918069094457,181.1918069094457,183.60325349019533,179.67784776386395,1.5139591455817367,-2.7535755834402966,5.005213479059703,0.8757510036230087,-0.09419046342372894,-0.009419046342372894,0.27004506170996423,0.2700450617099781,208.6946115146754,208.6946115146754,208.42456645296542,208.2401700491122,0.4544414655631783,-2.5399866072742063,4.110404017725794,0.06569793639394814,9.286293605352455,5.570789288644551,37.86357862740609,23.274286765816676,0.6906701315300907,0.0,-42.754120491207686,-0.27266487933790984
baseline,420000,925,Omega_safe_one_step_QP,25.37269019363883,50.16650341404468,44.163943533543716,-0.7414779667172341,0.8610882759094238,False,False,-0.8610882759094238,-0.08610882610082626,-2.33306028910088,-2.333060289100883,180.82875968818104,180.82875968818104,183.1618199772819,179.29178456037428,1.5369751278067554,-2.709432232148954,5.049356830351046,0.8610882610082644,-0.06039609760046005,-0.006039609666913748,0.43428527668585293,0.43428527668585015,208.55780204560662,208.55780204560662,208.12351676892078,207.94425835670845,0.6135436888981758,-2.509881638869742,4.140508986130258,0.1048869301191242,11.100144629319827,3.6220148955349156,41.73605197731458,22.106212002183426,0.7200916942269657,0.0,-44.5159090144316,-0.36812621333891116
baseline,420000,926,Omega_safe_one_step_QP,25.331990827616867,50.16313721614584,20.78332188436525,-0.34401906187275993,0.898176372051239,False,False,-0.898176372051239,-0.08981763571500778,-3.1804291176966855,-3.1804291176966855,188.29691975916566,188.29691975916566,191.47734887686235,187.70132277912793,0.5955969800377261,-3.5409851221069966,4.217803940393003,0.8981763571500777,-0.06147098168730736,-0.006147098261862993,0.3188644701407728,0.31886447014077,210.0110445612385,210.0110445612385,209.69218009109773,209.52574328774472,0.48530127349377494,-2.666747971087437,3.9836426539125633,0.08004344210633325,9.8797025842718,4.122885779841894,36.830962975184505,26.213642070825646,0.3404839119735321,0.0,-20.832625032242504,-0.2911807640962678
baseline,420000,927,Z_mode_existing_controller,25.320231942912734,50.16271867137532,22.57939532456021,-0.3727672349039565,0.926925778388977,False,False,-0.926925778388977,-0.09269257634878159,-3.1629842455772703,-3.1629842455772743,190.88490604073655,190.88490604073655,194.04789028631382,190.19323297490195,0.6916730658346069,-3.412338258541507,2.951199767170134,0.9269257634878171,-0.00941386166960001,-0.0009413861553184688,-0.1489504811681197,-0.14895048116813012,210.0545124415599,210.0545124415599,210.20346292272802,210.02151570305085,0.03299673850904128,-0.6072241742754312,0.40481612279545515,0.24529735059686142,9.459268720915473,5.801041271910318,41.24097973315497,27.329678641758736,0.37368601143576186,0.0,-22.933283292891247,-0.019798043105424767
baseline,420000,928,Omega_safe_one_step_QP,25.3323048880133,50.163595831775865,12.873607711146178,-0.2134698632831487,0.9039645195007324,False,False,-0.9039645195007324,-0.0903964564204216,-3.197493590597942,-3.197493590597939,188.24189492479667,188.24189492479667,191.4393885153946,187.97812108041362,0.26377384438305285,-3.537189085960223,4.221599976539777,0.9039645642042151,-0.012476564384996891,-0.0012476564152166247,0.5390701983399373,0.5390701983399235,210.2403972060063,210.24039720600626,209.70132700766635,209.58488984077692,0.6555073652293402,-2.667662662744299,3.9827279622557015,0.13535200080163393,9.719595404739461,6.446697155175401,39.11452459347275,24.22991136481452,0.21009032575876674,0.0,-12.690393617767768,-0.39330441913760694
baseline,420000,929,Omega_safe_one_step_QP,25.34277513140155,50.162096876445055,20.460562927986757,-0.35084599293490126,0.8892236948013306,False,False,-0.8892236948013306,-0.08892237395048141,-2.985328308356934,-2.985328308356933,186.65446589925025,186.65446589925025,189.6397942076072,186.0428913152102,0.6115745840400564,-3.357229655181481,4.40155940731852,0.8892237395048137,-0.05681730806827545,-0.005681730806827545,0.37584555123981594,0.3758455512398118,209.5929662831622,209.5929662831622,209.2171207319224,209.07640590818676,0.5165603749754553,-2.619242035169905,4.031148589830095,0.09323535038822593,8.192235956130038,7.245594756855013,41.0284134136576,23.139576425325338,0.33350789223459465,0.0,-20.484134595236355,-0.30993622498526463
baseline,420000,930,Omega_safe_one_step_QP,25.380101285136714,50.15944448963013,41.468788065421904,-0.7241342856272069,0.8295400738716125,False,False,-0.8295400738716125,-0.08295401185750961,-2.197205203769992,-2.197205203769978,180.35732007817433,180.35732007817433,182.5545252819443,178.8607886112098,1.4965314669645124,-2.648702762615193,5.110086299884808,0.8295401185750909,-0.002159294206649065,-0.00021592942357528955,0.715346823094122,0.715346823094129,208.25317938054502,208.25317938054505,207.5378325574509,207.3778007075882,0.875378672956856,-2.4513132177227575,4.199077407277244,0.17035809386471218,8.829536553950138,4.421932646528191,37.053376999230395,28.703606637801087,0.6716951290184667,0.0,-41.6152559906659,-0.5252272037741079
baseline,420000,931,Omega_safe_one_step_QP,25.381472560962678,50.159079515374586,40.56091158960862,-0.6602593248422781,0.8588483333587646,False,False,-0.8588483333587646,-0.08588483184576035,-2.272346543255473,-2.272346543255467,180.2532170412955,180.2532170412955,182.52556358455098,178.89295731970256,1.3602597215929393,-2.645806592875859,5.112982469624142,0.8588483184576013,-0.14912526309490204,-0.014912526123225689,0.09284754764166542,0.0928475476416668,207.5902049000562,207.5902049000562,207.49735735241453,207.34404610879454,0.2461587912616494,-2.447265697219118,4.203124927780882,0.022090123238541804,13.142710723282681,5.380550369162777,41.41686312165157,29.656710473047525,0.6660857665061641,0.0,-41.07930208135895,-0.14769527475698396
baseline,420000,932,Z_mode_existing_controller,25.325015919361242,50.1606596990646,13.349474329758777,-0.22657080666104185,0.9367367625236511,False,False,-0.9367367625236511,-0.09367367625236511,-3.188930392037095,-3.1889303920370873,190.6801001315521,190.6801001315521,193.8690305235892,190.34834550830192,0.3317546232501911,-3.4042972579039565,2.9592407678076844,0.9367367625236488,-0.01039748266339302,-0.0010397483129054308,-0.15570497473211126,-0.1557049747321168,209.84216634140955,209.84216634140955,209.99787131614167,209.8610599871322,-0.01889364572264185,-0.6072241742754312,0.40481612279545515,0.2564209089961074,7.7700577910080275,4.580683595238064,33.118102744418835,25.581035627526305,0.22266061792235625,0.0,-13.58347113511445,0.01133618743358511
baseline,420000,933,Omega_safe_one_step_QP,25.351721613834563,50.15951681871333,13.652902248695682,-0.22940485466908966,0.890632152557373,False,False,-0.890632152557373,-0.08906321972608566,-2.877943473632727,-2.877943473632716,185.50304433537727,185.5030443353773,188.38098780901,185.1901650565702,0.3128792788070882,-3.231349015321763,4.527440047178237,0.8906321972608531,-0.03680809587240219,-0.003680809633806348,0.5057987176755443,0.5057987176755554,209.27103656100314,209.27103656100317,208.7652378433276,208.683221531324,0.5878150296791773,-2.5740537463104265,4.076336878689574,0.1240816774295051,9.597141708129861,6.034305368922813,40.099307660697264,29.385537781189356,0.22295030001722083,0.0,-13.52316353090464,-0.3526890178075064
baseline,420000,934,Omega_safe_one_step_QP,25.35877363910686,50.160743865955986,16.47474081018754,-0.280887374237712,0.9203651547431946,False,False,-0.9203651547431946,-0.09203651547431946,-2.8661262126567513,-2.866126212656746,184.34255706805723,184.34255706805723,187.20868328071398,183.90024046520332,0.44231660285390717,-3.11411856249216,4.644670500007841,0.9203651547431928,-0.06761284917593002,-0.00676128501072526,0.40931666166264397,0.40931666166265507,208.98158710040954,208.98158710040954,208.5722704387469,208.4688140960367,0.512773004372832,-2.5547570058523537,4.095633619147646,0.09993976505834012,9.030385890386551,4.232550300995875,40.46647562266968,27.342617068220054,0.2690768106475865,0.0,-16.436153818211096,-0.3076638026236935
baseline,420000,935,Omega_safe_one_step_QP,25.359855906279833,50.160451108090946,18.925710013407297,-0.3152654740993354,0.9236406683921814,False,False,-0.9236406683921814,-0.09236406534910202,-2.877969900354133,-2.877969900354141,184.34850597360642,184.34850597360642,187.22647587396057,183.8183654461033,0.5301405275031357,-3.115897821816818,4.642891240683182,0.923640653491023,-0.06927477568387985,-0.006927477661520243,0.40687321080844635,0.4068732108084422,208.95314559060643,208.95314559060643,208.54627237979798,208.42386556847183,0.5292800221345999,-2.5521571999574633,4.098233425042537,0.099280145518851,10.437081631321815,4.7000010061075415,36.9839701584723,19.245478633691032,0.3096724939618909,0.0,-18.917814494088816,-0.3175680132807628
baseline,420000,936,Omega_safe_one_step_QP,25.34068979051886,50.15538674580654,13.406389882889926,-0.21895209776417737,0.9009355902671814,False,False,-0.9009355902671814,-0.09009356051683426,-3.17310186589254,-3.1731018658925345,188.11446976288525,188.11446976288525,191.28757162877778,187.81742486096365,0.29704490192159483,-3.5220073972985406,4.23678166520146,0.900935605168341,-0.03307146579027176,-0.003307146718725562,0.499073286514827,0.49907328651482147,209.60874689844243,209.60874689844243,209.1096736119276,208.97538996108707,0.6333569373553587,-2.6084973231704263,4.041893301829575,0.12347512644356903,10.661946061258131,3.594521528060464,38.44743848963342,25.3837222997867,0.21909881208979343,0.0,-13.245474532567641,-0.38001416241320385
baseline,420000,937,Z_mode_existing_controller,25.3118828822778,50.15477409447291,15.0762178222285,-0.23975042951514708,0.9373533725738525,False,False,-0.9373533725738525,-0.09373533725738525,-3.184256567242419,-3.1842565672424077,194.00812977126105,194.00812977126105,197.19238633850347,193.62666957364925,0.3814601976118013,-3.3970716491890975,2.9664663765225434,0.937353372573849,-0.008044419810175896,-0.0008044419810175896,-0.14198426769504516,-0.14198426769505904,210.1810008595297,210.1810008595297,210.32298512722474,210.17173100471138,0.009269854818313661,-0.6072241742754312,0.40481612279545515,0.23382512375183584,10.886555456625548,3.095265172607176,38.225437583600055,21.748688610393078,0.2524114199534999,0.0,-15.323067329291007,-0.005561912890996723
baseline,420000,938,Omega_safe_one_step_QP,25.279639690525546,50.15296591579099,-25.20026093028264,0.38202077832648346,0.9393872618675232,False,False,-0.9393872618675232,-0.09393873065710068,-4.438888034210427,-4.438888034210428,198.8816223370023,198.8816223370023,203.32051037121275,200.14094916748755,-1.2593268304852359,-4.725301271542037,3.033487790957964,0.9393873065710069,-0.14949406683444977,-0.014949406497180462,-0.21724090688858555,-0.21724090688859318,211.31637378872082,211.3163737887208,211.5336146956094,211.4480572214502,-0.1316834327294032,-2.850891431538604,3.7994991934613966,0.07620104521881073,12.318622136380071,5.256468553334248,41.80648200550369,25.38010385836328,-0.399507034736871,0.0,25.520757905381288,0.07901005963763907
baseline,420000,939,Omega_safe_one_step_QP,25.25092034596548,50.154833685904364,-29.82827662332693,0.4717555137691379,0.9465570449829102,False,False,-0.9465570449829102,-0.09465570747852325,-5.027346738450494,-5.027346738450497,204.15207488231954,204.15207488231954,209.17942162077003,205.6570558342155,-1.5049809518959592,-5.311192396497766,2.4475966660022346,0.946557074785233,-0.33688589930534363,-0.03368858993053436,-1.1720762715417061,-1.1720762715416937,211.70764582144167,211.70764582144167,212.87972209298337,212.73780298435335,-1.030157162911678,-2.9855021712760017,3.6648884537239987,0.39258932142754027,8.468943750736637,4.527387808666943,35.629312648816644,25.712421361621363,-0.468571669483266,0.0,29.678753995062834,0.6180942977470067
baseline,420000,940,Omega_safe_one_step_QP,25.277519549308085,50.15615202598375,-9.881870080348563,0.15408547537175815,0.9521939158439636,False,False,-0.9521939158439636,-0.09521939605474472,-4.576962674796565,-4.576962674796556,199.55808071679445,199.55808071679445,204.135043391591,200.20344378681867,-0.6453630700242172,-4.806754573579863,2.952034488920137,0.9521939605474452,-0.25639355182647705,-0.025639355182647705,-0.7167287956352082,-0.7167287956352159,211.1488900812916,211.1488900812916,211.86561887692682,211.65313632427657,-0.5042462429849763,-2.8840918496703463,3.7662987753296546,0.24851108528916596,10.561417256795949,5.440479879426552,40.65444028389125,26.57214588466264,-0.14814410011150514,0.0,9.727466434669623,0.30254774579098864
baseline,420000,941,Omega_safe_one_step_QP,25.27707190132805,50.158220949124434,-3.9111665581431225,0.06125511889465099,0.9479199647903442,False,False,-0.9479199647903442,-0.09479200094938278,-4.582433650208008,-4.582433650208011,199.82705071662494,199.82705071662494,204.40948436683294,200.23060760362435,-0.40355688699941084,-4.834198671104057,2.9245903913959435,0.9479200094938285,-0.20927368104457855,-0.020927367731928825,-0.5253658308165231,-0.5253658308165328,211.5054796636581,211.5054796636581,212.03084549447462,211.77550527718756,-0.2700256135294694,-2.9006145114251276,3.749776113574873,0.18112225142196178,10.292297955166012,5.909539321515694,41.894894417175244,26.231271273057004,-0.053614917413092655,0.0,3.8027661074384014,0.1620153681176788
baseline,420000,942,Omega_safe_one_step_QP,25.285382729660412,50.16013202933697,6.445578627693067,-0.10451137205244865,0.9323390126228333,False,False,-0.9323390126228333,-0.09323390573263168,-4.371499541164983,-4.371499541164995,198.58344219211997,198.58344219211997,202.95494173328495,198.56914339186426,0.01429880025571606,-4.68874440774926,3.070044654750741,0.9323390573263189,-0.014925891533493996,-0.0014925891300663352,0.34953509092575663,0.3495350909257469,212.1673983519466,212.16739835194656,211.81786326102082,211.5262729731932,0.6411253787533724,-2.8793162880797465,3.771074336920254,0.09268846479732984,8.584706295903345,6.1527490806174345,36.27083589520797,23.875830193053186,0.1045379762687988,0.0,-6.165441376710078,-0.38467522725201775
baseline,420000,943,Z_mode_existing_controller,25.317492908078552,50.159519411535534,38.64974120466286,-0.61738050227312,0.9412038922309875,False,False,-0.9412038922309875,-0.09412039071321487,-3.1891200228233885,-3.189120022823394,193.64509342653673,193.6450934265367,196.8342134493601,192.2944357059977,1.3506577205390045,-3.388341249603019,2.9751967761086218,0.9412039071321502,-0.007771410048007965,-0.0007771410164423287,-0.14077479841295704,-0.14077479841296953,210.3225231809756,210.3225231809756,210.46329797938856,210.14441860130205,0.1781045796735441,-0.6072241742754312,0.40481612279545515,0.2318333234689622,10.954336866887314,4.883658963478572,43.19023016820477,23.951353248170246,0.6338051829887199,0.0,-39.1766836398474,-0.10686274780411509
baseline,420000,944,Z_mode_existing_controller,25.302120527914674,50.15939045202028,23.638550986419432,-0.3885424778664216,0.9437763690948486,False,False,-0.9437763690948486,-0.09437763690948486,-3.2005740178084996,-3.2005740178085094,196.39925889599758,196.39925889599755,199.59983291380607,195.6227028848875,0.7765560111100456,-3.391241953724787,2.9722960719868543,0.9437763690948513,-0.008667134679853916,-0.0008667134679853916,-0.14628186428180534,-0.14628186428179424,210.90662923181125,210.90662923181125,211.05291109609306,210.8280464786422,0.0785827531690586,-0.6072241742754312,0.40481612279545515,0.2409025702185601,8.462156315993383,5.8291294403959855,44.32978583243409,24.93966353942557,0.3891066717554992,0.0,-23.98050800627425,-0.04714965190143516
baseline,420000,945,Z_mode_existing_controller,25.334603771801323,50.15959475704691,17.04733622250842,-0.2758024769102618,0.9079427719116211,False,False,-0.9079427719116211,-0.09079428017139435,-3.081651940887882,-3.081651940887892,189.8493242819557,189.8493242819557,192.93097622284358,189.38224707924692,0.46707720270876507,-3.3941036099086657,2.9694344158029757,0.907942801713946,-0.0070860800333321095,-0.0007086080149747431,-0.13339430783134432,-0.13339430783135542,209.51310228241726,209.51310228241724,209.6464965902486,209.49274872967487,0.020353552742363945,-0.6072241742754312,0.40481612279545515,0.21967884923311537,10.870578720933516,6.162133898626864,38.34778140371248,23.630151729471773,0.28418637421014736,0.0,-17.319310465073613,-0.012212131645426894
baseline,420000,946,Z_mode_existing_controller,25.326890419973232,50.158251678577635,5.5896866842595045,-0.09275978603788727,0.9287320971488953,False,False,-0.9287320971488953,-0.09287320822477341,-3.154643203897726,-3.154643203897728,191.07244587798482,191.07244587798482,194.22708908188255,191.06967475493488,0.002771123049939206,-3.396720393531364,2.966817632180277,0.9287320822477345,-0.0061724018305540085,-0.0006172402063384652,-0.13014638098874654,-0.1301463809887493,209.72131251616074,209.72131251616074,209.85145889714948,209.7641555105832,-0.04284299442247175,-0.6072241742754312,0.40481612279545515,0.2143300390569038,8.936535844348795,4.401832908466271,42.473543537617644,21.57432893785503,0.09731629101228734,0.0,-5.712708771925463,0.02570579665348305
baseline,420000,947,Z_mode_existing_controller,25.336895689773392,50.15565561410688,-0.8555672578040685,0.01343231833446792,0.9205705523490906,False,False,-0.9205705523490906,-0.09205705672502518,-3.1293888012864537,-3.1293888012864444,188.90965250156788,188.9096525015679,192.03904130285434,189.1787234546168,-0.26907095304889594,-3.3994013198075104,2.964136705904131,0.9205705672502489,-0.003542061895132065,-0.0003542061895132065,-0.11391313825627053,-0.11391313825625804,209.12656223856635,209.12656223856635,209.24047537682262,209.20356412634501,-0.07700188777866401,-0.6072241742754312,0.40481612279545515,0.18759651391050863,12.78667382165903,5.027852042500072,40.32760339935395,23.753355572673613,-0.004462138596103671,0.0,0.8138282637328302,0.046201132667192724
baseline,420000,948,Z_mode_existing_controller,25.28921466626306,50.15492361135164,-8.802983809889156,0.13966178891520004,0.9339053630828857,False,False,-0.9339053630828857,-0.09339053928852081,-3.1771362712204403,-3.1771362712204403,198.03259088543442,198.03259088543442,201.20972715665485,198.63677720844217,-0.6041863230077524,-3.4019894257222285,2.9615485999894124,0.9339053928852078,-0.004570184275507927,-0.0004570184391923249,-0.12128492219795062,-0.12128492219794576,211.04114738703612,211.04114738703612,211.16243230923408,211.17648774420752,-0.13534035717140114,-0.6072241742754312,0.40481612279545515,0.19973664971864585,9.870250393382923,4.343513695569713,42.22375887216554,25.194663441671747,-0.1349771231059158,0.0,8.85675671869285,0.08120421430284352
baseline,420000,949,Z_mode_existing_controller,25.28947174752075,50.155835661030366,-14.618052882489792,0.23226645349055944,0.9462632536888123,False,False,-0.9462632536888123,-0.09462632983922958,-3.2216501076679083,-3.2216501076679,197.68674863115154,197.68674863115154,200.90839873881944,198.53577817940837,-0.8490295482568229,-3.404602200192591,2.95893582551905,0.9462632983922932,-0.008864962495863438,-0.0008864962728694081,-0.14769233287112646,-0.14769233287111605,211.00824525065408,211.00824525065408,211.1559375835252,211.2052816017335,-0.19703635107941864,-0.6072241742754312,0.40481612279545515,0.24322538384995884,9.806551830286102,7.38277230048727,38.668839091070396,21.521267159857356,-0.22886336476999958,0.0,14.728694436612386,0.11822181064765402
baseline,420000,950,Z_mode_existing_controller,25.313927999328406,50.154198268396705,-18.47652592884424,0.28280421303097397,0.9333497285842896,False,False,-0.9333497285842896,-0.09333497285842896,-3.180140911878339,-3.1801409118783432,192.68461341879024,192.68461341879024,195.86475433066857,193.65521122990157,-0.9705978111113325,-3.4072339815237274,2.9563040441879136,0.9333497285842908,-0.0013268544571474195,-0.00013268545444589108,-0.10223082417063628,-0.10223082417062795,209.88778792966608,209.8877879296661,209.99001875383672,210.06875226460696,-0.18096433494085318,-0.6072241742754312,0.40481612279545515,0.16835763215885574,13.265045499495722,4.9526551179350315,33.58793430882076,28.453801795207127,-0.28930250204837193,0.0,18.657249829928332,0.10857860096452043
baseline,420000,951,Omega_safe_one_step_QP,25.257928587274222,50.15636034899766,-59.22554093240615,0.927918121960797,0.9444802403450012,False,False,-0.9444802403450012,-0.094448022544384,-4.777232261673181,-4.777232261673167,201.87080835284777,201.8708083528478,206.64804061452097,204.60558831049127,-2.734779957643468,-5.05805429587286,2.700734766627141,0.944480225443837,-0.2964535057544708,-0.029645351693034172,-0.9503482937115053,-0.9503482937115115,211.4722682892955,211.4722682892955,212.422616583007,212.5334316464875,-1.0611633571919867,-2.939791620278366,3.710599004721634,0.32327063154956676,9.26744451757286,3.442787589534108,42.562648905322945,23.901635830752653,-0.945358665720395,0.0,59.53420158381232,0.6366980143151864
baseline,420000,952,Omega_safe_one_step_QP,25.264082328543513,50.15693806991091,-44.21042844481599,0.6611344891257114,0.9431995153427124,False,False,-0.9431995153427124,-0.09431995451450348,-4.678034989024226,-4.678034989024238,200.98697374598407,200.98697374598405,205.66500873500829,203.0002617785356,-2.013288032551543,-4.959751107921591,2.7990379545784094,0.943199545145037,-0.24308301508426666,-0.024308301508426666,-0.6962968748175584,-0.6962968748175549,211.53630822564804,211.53630822564804,212.2326051004656,212.23935925111306,-0.7030510254650153,-2.920790472024225,3.729600152975775,0.23839329848778684,12.483080806137368,3.3786845224759317,39.866002944788754,23.433520318407787,-0.7025264004804015,0.0,44.491124230017704,0.42183061527902055
baseline,420000,953,Omega_safe_one_step_QP,25.21430530588256,50.15785142487027,-59.746083118893694,0.8909565576517391,0.9840258359909058,False,False,-0.9840258359909058,-0.09840258210897446,-5.867927877349771,-5.867927877349782,209.8314183700926,209.8314183700926,215.69934624744238,212.55465919606627,-2.723240825973676,-5.963184859165,1.7956042033350006,0.9840258210897463,-0.2235461324453354,-0.0223546139895916,-0.8079414020172152,-0.8079414020172152,213.6072633207027,213.6072633207027,214.41520472271992,214.34296387396932,-0.7357005532666108,-3.139050434249658,3.5113401907503423,0.2573840143509326,10.480231646757334,4.221433838970284,40.35828209842126,23.153705924649124,-0.955877976922956,0.0,60.260540763856625,0.4414203319599608
baseline,420000,954,Omega_safe_one_step_QP,25.212884365830575,50.15941908596493,-42.79945802643579,0.6587518444720626,0.97166508436203,False,False,-0.97166508436203,-0.097166508436203,-5.841751647818441,-5.841751647818441,210.3467871139635,210.3467871139635,216.18853876178196,212.43777670417754,-2.0909895902140363,-6.0121041105989566,1.746684951901044,0.9716650843620298,-0.1223256066441536,-0.01223256066441536,-0.3791255839956761,-0.3791255839956875,214.217767438798,214.217767438798,214.5968930227937,214.42452571737235,-0.20675827857434115,-3.1572192642570345,3.493171360742966,0.12008212045573731,8.618646085640131,4.012908530250732,44.56118688845939,27.253310431833192,-0.6869670531150722,0.0,43.3623701124061,0.12405496714461606
baseline,420000,955,Omega_safe_one_step_QP,25.241284274899797,50.163191527676624,-16.316747808617038,0.24932874915134698,0.9499930143356323,False,False,-0.9499930143356323,-0.09499930590391159,-5.196550349671073,-5.196550349671069,205.57187696267266,205.57187696267266,210.76842731234373,206.50643131713952,-0.9345543544668544,-5.470092965655136,2.2886960968448653,0.9499930590391155,-0.15555088222026825,-0.01555508840829134,-0.4394897793822128,-0.4394897793822055,213.20388503275476,213.20388503275476,213.64337481213695,213.38551682669043,-0.1816317939356793,-3.0618674431913613,3.5885231818086387,0.14353651408374773,10.363216954672001,5.81748307838456,44.01492428820881,24.02218383345845,-0.25563873371057255,0.0,16.463407465967066,0.10897907636142179
baseline,420000,956,Omega_safe_one_step_QP,25.25337165970054,50.16484234512994,-4.456608110051093,0.06826495887347944,0.9520992636680603,False,False,-0.9520992636680603,-0.09520992636680603,-5.000152149576276,-5.000152149576288,203.58447623387443,203.58447623387443,208.5846283834507,204.01793095403116,-0.4334547201567318,-5.251713072765834,2.5070759897341666,0.9520992636680624,-0.2197650671005249,-0.02197650633752346,-0.6870629325644372,-0.6870629325644497,212.5721942795712,212.57219427957116,213.25925721213562,212.94962577134453,-0.37743149177336477,-3.0234556831912265,3.6269349418087735,0.2272442544417459,10.777228722565116,6.729722334834571,40.60492708904238,21.286724639274013,-0.060738464172143125,0.0,4.290887679158004,0.22645889506401318
baseline,420000,957,Omega_safe_one_step_QP,25.264575482278307,50.164399832911506,4.781063510529748,-0.0796310931986864,0.9540709257125854,False,False,-0.9540709257125854,-0.09540709108114243,-4.82070767885105,-4.820707678851041,201.77456128013623,201.77456128013623,206.59526895898728,201.8162887475812,-0.04172746744498568,-5.052777130319489,2.7060119321805116,0.9540709108114225,-0.17294107377529144,-0.017294107005000114,-0.43471587260967903,-0.43471587260966515,212.3617500394302,212.3617500394302,212.79646591203988,212.44964244480536,-0.08789240537515752,-2.977176553181652,3.6732140718183484,0.14601615485151276,6.320465877822424,4.658072507213778,40.02352402538206,22.068804129819863,0.08321058203401677,0.0,-4.917009535789475,0.05273544322508883
baseline,420000,958,Z_mode_existing_controller,25.325303857800318,50.16276568544964,47.490334511624496,-0.7866517987974824,0.9498780369758606,False,False,-0.9498780369758606,-0.09498780220746994,-3.222715365416752,-3.222715365416743,191.62977627129848,191.62977627129848,194.85249163671523,189.87532346559678,1.7544528057017033,-3.3927675875453778,2.970770438166263,0.9498780220746965,0.013098601251840591,0.0013098601484671235,-0.019406187433429478,-0.019406187433429478,210.1627245571642,210.1627245571642,210.18213074459763,209.79807693592332,0.36464762124089134,-0.6072241742754312,0.40481612279545515,0.03195885186321158,9.314900395804726,4.370491839356594,35.11495498498377,21.343097381181728,0.7747666486696296,0.0,-48.04631258754944,-0.21878857274454333
baseline,420000,959,Z_mode_existing_controller,25.326832844877043,50.15969148121912,32.097382461069174,-0.5278162345144944,0.9656113982200623,False,False,-0.9656113982200623,-0.09656114131212234,-3.278868894004288,-3.2788688940042734,191.0445728910303,191.04457289103033,194.3234417850346,189.95136970347545,1.0932031875548773,-3.3956401606788553,2.9678978650327856,0.9656114131212192,0.03640270605683327,0.003640270559117198,0.11550573646952611,0.11550573646953721,210.01436324825153,210.01436324825156,209.898857511782,209.6147543043403,0.3996089439112609,-0.6072241742754312,0.40481612279545515,0.2853288937009551,9.750198126662731,3.4027655322299712,45.384290725028485,24.883877347271852,0.5245703530409358,0.0,-32.3821874477635,-0.23976536634675938
baseline,420000,960,Z_mode_existing_controller,25.316796119393242,50.159517388074015,20.748405964306585,-0.34235331609633946,0.9506219625473022,False,False,-0.9506219625473022,-0.09506219625473022,-3.2307318994918734,-3.2307318994918703,192.8065600183022,192.8065600183022,196.03729191779408,192.17111001551478,0.6354500027874224,-3.398545401617644,2.964992624093997,0.9506219625473011,-0.0021489975042641163,-0.00021489975915756077,-0.10879456137729698,-0.1087945613772949,210.15294838461756,210.15294838461756,210.26174294599485,210.06201435444382,0.09093403017374158,-0.6072241742754312,0.40481612279545515,0.17916704569134415,9.018740634156668,3.145880854768616,42.928818695610815,25.10471937757187,0.34261834101398847,0.0,-21.036463887216996,-0.054560418104244945
baseline,420000,961,Z_mode_existing_controller,25.31761658078306,50.15935789767134,12.555570905268723,-0.2036949554540097,0.9343542456626892,False,False,-0.9343542456626892,-0.09343542903661728,-3.1780346471715557,-3.1780346471715646,192.44492340143296,192.44492340143296,195.62295804860452,192.16556177458773,0.2793616268452297,-3.4013164812740215,2.9622215444376194,0.9343542903661752,0.0020608871709555387,0.00020608872000593692,-0.08248873203529489,-0.08248873203529211,210.08760030905285,210.08760030905285,210.17008904108815,210.03862256092637,0.04897774812647526,-0.6072241742754312,0.40481612279545515,0.13584559958226564,10.0279028850488,4.760403228999753,36.268213832331,28.34393714729017,0.21059729875643995,0.0,-12.736781555149719,-0.029386648875885157
baseline,420000,962,Z_mode_existing_controller,25.311934685346706,50.16087833326023,4.4256238079960895,-0.07353598496413215,0.9274260997772217,False,False,-0.9274260997772217,-0.09274261444807053,-3.1569117333525085,-3.1569117333525116,193.3264937437038,193.3264937437038,196.4834054770563,193.37930159358714,-0.052807849883350855,-3.403949470413261,2.9595885552983803,0.9274261444807059,-0.008372439071536064,-0.0008372439187951386,-0.14290097161695978,-0.142900971616957,210.30395950058883,210.30395950058883,210.4468604722058,210.37530715796893,-0.07134765738010174,-0.6072241742754312,0.40481612279545515,0.23533478683959388,8.324025911557218,4.139594218486735,39.75508847044169,22.998461543375626,0.07846925336247246,0.0,-4.546901655787224,0.042808594428066726
baseline,420000,963,Z_mode_existing_controller,25.330836699799455,50.15912394662,-1.8638542840744776,0.030794784459371935,0.9266606569290161,False,False,-0.9266606569290161,-0.09266606718301773,-3.1566667461494626,-3.1566667461494724,189.38716729672953,189.3871672967295,192.54383404287898,189.71003979074962,-0.32287249402011753,-3.4064969433902594,2.957041082321382,0.92666067183018,0.00023629888892173767,2.3629889255971648e-05,-0.09239766549661022,-0.09239766549661577,209.4173416376215,209.4173416376215,209.5097393031181,209.48370308773318,-0.06636145011168537,-0.6072241742754312,0.40481612279545515,0.1521640102798428,9.522520720451459,3.6125970700422134,44.576609525948626,24.951565236278054,-0.022918505475775675,0.0,1.8469559194827525,0.039816870066999854
baseline,420000,964,Z_mode_existing_controller,25.32462761767629,50.158616089626996,-7.25230958407974,0.11815895161398823,0.9222109317779541,False,False,-0.9222109317779541,-0.09222109615802765,-3.1438116004273686,-3.1438116004273806,190.40075767108632,190.40075767108632,193.5445692715137,190.94780818831128,-0.5470505172249602,-3.4089939627698818,2.9545440629417596,0.9222109615802796,-0.002214968204498291,-0.0002214968262705952,-0.10630567808964791,-0.10630567808965069,209.59307730627424,209.59307730627424,209.6993829843639,209.71426184925548,-0.12118454298123993,-0.6072241742754312,0.40481612279545515,0.17506825747920807,10.0761018700145,5.415651726812789,43.84092726543387,24.88411634607363,-0.10952755924851942,0.0,7.289126417540501,0.07271072578875248
baseline,420000,965,Z_mode_existing_controller,25.324921666975353,50.15833414512896,-12.683642007526942,0.20369150106287526,0.9271736741065979,False,False,-0.9271736741065979,-0.09271737188100815,-3.162980247159343,-3.1629802471593407,190.1040514160269,190.1040514160269,193.26703166318623,190.87035025711046,-0.766298841083568,-3.4114213798236834,2.952116645887958,0.9271737188100805,-0.005465806927531958,-0.0005465807043947279,-0.12584977537701408,-0.12584977537701408,209.50288996856187,209.50288996856187,209.6287397439389,209.6788625120011,-0.1759725434392294,-0.6072241742754312,0.40481612279545515,0.20725422456571996,10.981942564554325,5.0122029496312255,47.604463693731915,27.873725804174832,-0.19657070772914054,0.0,12.774629189192638,0.10558352606352628
baseline,420000,966,Z_mode_existing_controller,25.30921484769146,50.16038256477795,-17.98791255386368,0.29099513895417545,0.9449277520179749,False,False,-0.9449277520179749,-0.09449277818202972,-3.2258240577081794,-3.2258240577081807,192.89223102445052,192.89223102445052,196.1180550821587,193.8925734621827,-1.0003424377321721,-3.413831321049734,2.9497067046619074,0.9449277818202975,-0.006403161212801933,-0.0006403161096386611,-0.13313712614629464,-0.1331371261462988,210.22708563277808,210.22708563277808,210.36022275892438,210.4414879121569,-0.21440227937881673,-0.6072241742754312,0.40481612279545515,0.2192553125954914,9.8069628064602,6.114795350149746,41.30578045257763,23.948053206891803,-0.2831658888462165,0.0,18.142437075082853,0.12864136762729572
baseline,420000,967,Z_mode_existing_controller,25.320371202733014,50.15965075758003,-20.372874536556083,0.3358663927125548,0.9393571019172668,False,False,-0.9393571019172668,-0.09393571317195892,-3.209119558212234,-3.2091195582122283,190.49213767153552,190.49213767153552,193.70125722974774,191.6030510944125,-1.1109134228769904,-3.4162933881575084,2.947244637554133,0.9393571317195875,-0.004060747101902962,-0.00040607471601106226,-0.11885262242262995,-0.11885262242262024,209.6880701467779,209.6880701467779,209.80692276920053,209.91172234632924,-0.22365219955133853,-0.6072241742754312,0.40481612279545515,0.19573104539923966,9.203033911753455,4.261317900543087,41.012997775411826,24.384980579301427,-0.3222098536281379,0.0,20.56089307045295,0.13419131973080312
baseline,420000,968,Z_mode_existing_controller,25.324077418351536,50.15862719803349,-21.476019093500327,0.36589824183873987,0.9320247173309326,False,False,-0.9320247173309326,-0.09320247173309326,-3.1862947398339934,-3.186294739834006,189.57718523434028,189.57718523434025,192.76347997417426,190.76392226685428,-1.1867370325140314,-3.4186805141377388,2.944857511573902,0.9320247173309363,-0.004272459074854851,-0.00042724591912701726,-0.11935065957543456,-0.11935065957542068,209.43316323840008,209.4331632384001,209.55251389797553,209.6758775133815,-0.2427142749813811,-0.6072241742754312,0.40481612279545515,0.1965512320352456,7.469044541190016,5.800412559717388,42.02314731631406,24.40835460248784,-0.34114775115933016,0.0,21.67153827967013,0.14562856498882581
baseline,420000,969,Omega_safe_one_step_QP,25.364952233888673,50.15706343698321,-7.582291722552327,0.13307216435892782,0.8901313543319702,False,False,-0.8901313543319702,-0.08901313692331314,-2.531967745415216,-2.5319677454152103,181.98040707043688,181.98040707043688,184.5123748158521,182.5768418309188,-0.5964347604819125,-2.8444877160059714,4.914301346494029,0.8901313692331287,-0.03234393522143364,-0.00323439366184175,0.6196126951560674,0.6196126951560785,208.32435651636015,208.32435651636018,207.7047438212041,207.83997808301396,0.48437843334622244,-2.4680043440980755,4.182386280901925,0.14814812729886348,7.651637221433207,5.706782644894997,42.37124526468332,26.52507861103539,-0.1223638798627733,0.0,7.995282662423051,-0.2906270600077363
baseline,420000,970,Omega_safe_one_step_QP,25.396640207380226,50.15569659291829,9.134603222566511,-0.16142085305186643,0.9303268194198608,False,False,-0.9303268194198608,-0.09303268045186996,-2.0905187069152342,-2.0905187069152342,176.44777842236704,176.44777842236704,178.53829712928228,176.29525508132787,0.15252334103917065,-2.2470799473489893,5.511709115151012,0.9303268045187002,-0.29615476727485657,-0.029615476727485657,-0.3882460783756453,-0.3882460783756578,205.94798818540386,205.94798818540386,206.33623426377952,206.41843169662872,-0.4704435112248575,-2.3311533883556166,4.319237236644383,0.16654677479182292,8.76019837763457,6.3717926605468636,37.65962840709879,23.75113523707537,0.15930732897565392,0.0,-9.5761766582782,0.2822661067349088
baseline,420000,971,Omega_safe_one_step_QP,25.410428192820618,50.15184508476748,22.949688811043416,-0.3780215903580615,0.8820316195487976,False,False,-0.8820316195487976,-0.08820316195487976,-1.7684368128600387,-1.7684368128600247,174.3486460694198,174.34864606941983,176.11708288227985,173.70619258601778,0.6424534834020506,-2.0049585226487476,5.753830539851252,0.8820316195487903,-0.04850124195218086,-0.004850124474614859,0.7281010989905995,0.7281010989905967,206.3119869793208,206.3119869793208,205.5838858803302,205.6343229617942,0.6776640175266095,-2.255918550010686,4.394472074989314,0.16568568113892662,13.763844255954478,6.361624823931226,38.44504017069736,27.106257059033492,0.37605503385547934,0.0,-22.91914543438361,-0.40659841051596857
baseline,420000,972,Omega_safe_one_step_QP,25.348851677315725,50.15077471768083,-8.830182671877083,0.14417936040364518,0.9336916208267212,False,False,-0.9336916208267212,-0.09336916357278824,-3.0296235835561043,-3.029623583556096,185.4856701927861,185.48567019278613,188.51529377634222,186.08905003630804,-0.6033798435219069,-3.2447796120549848,4.514009450445015,0.9336916357278804,-0.24323423206806183,-0.024323424324393272,-0.32026065006892784,-0.3202606500689306,207.83656890522343,207.8365689052234,208.15682955529235,208.20475405659118,-0.36818515136778274,-2.5132129175068987,4.137177707493102,0.12743076714193735,11.114127020943233,6.6542120889998495,39.05449831792247,25.979206400278372,-0.1319407417742866,0.0,8.741212322830506,0.22091109082066396
baseline,420000,973,Omega_safe_one_step_QP,25.3387848254704,50.15030511990752,-4.359283312261141,0.07243296193521469,0.9032314419746399,False,False,-0.9032314419746399,-0.09032314270734787,-3.132362966021059,-3.1323629660210557,187.61465172307578,187.61465172307578,190.74701468909683,188.0620299441284,-0.4473782210526167,-3.4679517033304457,4.290837359169554,0.9032314270734776,-0.028881540521979332,-0.0028881540056318045,0.5659551342235392,0.5659551342235281,209.15903908124167,209.15903908124164,208.59308394701813,208.5966263416815,0.5624127395601306,-2.5568383566794766,4.093552268320524,0.13825526025486037,9.566079318742768,5.563110945820416,38.15247982506638,24.196402029803917,-0.06947457300808324,0.0,4.766205529005674,-0.33744764373608405
baseline,420000,974,Omega_safe_one_step_QP,25.34360429274101,50.14862210545727,4.477289431752979,-0.07309851209079755,0.8849731683731079,False,False,-0.8849731683731079,-0.08849731832742691,-3.0076724628009677,-3.007672462800971,187.04585459642516,187.04585459642516,190.05352705922613,187.12256091261227,-0.07670631618711354,-3.398602940343375,4.360186122156626,0.8849731832742701,-0.03889234736561775,-0.003889234736561775,0.5303853925405166,0.5303853925405069,208.86534897962167,208.86534897962164,208.33496358708115,208.2968149166907,0.5685340629309508,-2.5310263206857786,4.119364304314221,0.1287541847136542,10.852096634781304,4.9759148094542756,36.974365295202425,25.341011772445494,0.07492296069808191,0.0,-4.211091954692165,-0.34112043775857614
baseline,420000,975,Z_mode_existing_controller,25.322585820813554,50.147762797506424,3.7460185706186166,-0.06167618547794377,0.934846818447113,False,False,-0.934846818447113,-0.09348468482494354,-3.1832023478251057,-3.183202347825099,191.25603864891048,191.25603864891048,194.43924099673558,191.3422600348475,-0.08622138593702289,-3.4050522326580768,2.958485793053564,0.9348468482494333,-0.009126130491495132,-0.0009126130607910454,-0.14806673767846223,-0.14806673767845252,209.06114742373245,209.06114742373245,209.2092141614109,209.14284515010078,-0.08169772636833272,-0.6072241742754312,0.40481612279545515,0.24384196800980923,9.33162013298102,4.75843254790817,37.65493368340869,23.54648567917357,0.06828190375896526,0.0,-3.863319110198063,0.049018635820999634
baseline,420000,976,Z_mode_existing_controller,25.32751712953924,50.146183783063776,-2.4493060331924426,0.0404214714775592,0.9287012219429016,False,False,-0.9287012219429016,-0.09287012368440628,-3.1646652906701767,-3.1646652906701767,190.0847926760505,190.0847926760505,193.24945796672068,190.43321556012324,-0.3484228840727326,-3.4076247183910593,2.9559133073205817,0.9287012368440625,-0.005334471818059683,-0.0005334471934475005,-0.1252350685998077,-0.1252350685998091,208.74436206652408,208.74436206652408,208.86959713512388,208.85110503663248,-0.1067429701083995,-0.6072241742754312,0.40481612279545515,0.20624190192896313,9.422174006641939,7.099986859579387,40.92746994012747,29.406246639898235,-0.03206321657992106,0.0,2.417323467708229,0.06404578206503686
baseline,420000,977,Omega_safe_one_step_QP,25.34959847966009,50.14819560155025,-1.836572379066638,0.029676024132599902,0.8959115743637085,False,False,-0.8959115743637085,-0.08959116041660309,-2.9185539557567552,-2.918553955756748,185.72530438322516,185.72530438322516,188.64385833898191,186.05981480386285,-0.33451042063768455,-3.257636068318953,4.501152994181047,0.8959116041660288,-0.04572054371237755,-0.004572054371237755,0.5382137015365746,0.538213701536576,208.54485468609315,208.54485468609315,208.00664098455658,208.02825465429208,0.5166000318010617,-2.498194060433322,4.152196564566679,0.12962144088492683,11.75507432225549,5.488048277879395,38.08480711151067,20.456117306596077,-0.026538651594520957,0.0,2.1730710497413384,-0.3099600190806342
baseline,420000,978,Z_mode_existing_controller,25.318745693434202,50.14450968542416,-2.816509202169982,0.045953236518174845,0.9240378737449646,False,False,-0.9240378737449646,-0.09240379184484482,-3.1487007441902986,-3.148700744190301,191.8573682966774,191.8573682966774,195.00606904086771,192.21898887023303,-0.3616205735556264,-3.4075449517020706,2.955993074009571,0.9240379184484487,-0.014540846459567547,-0.0014540846459567547,-0.17868962536957272,-0.17868962536956856,208.9616738068151,208.9616738068151,209.14036343218467,209.12841489169136,-0.16674108487626427,-0.6072241742754312,0.40481612279545515,0.2942729109604201,9.679574605469416,4.651578938692864,42.65322090559256,28.18507154349659,-0.03727084624669885,0.0,2.753735397491255,0.10004465092575288
baseline,420000,979,Z_mode_existing_controller,25.319655463477925,50.146269199723115,-9.878838231443297,0.1567844453495231,0.9403178095817566,False,False,-0.9403178095817566,-0.09403178095817566,-3.2064972652084833,-3.2064972652084878,191.372776468621,191.372776468621,194.5792737338295,192.02171066946917,-0.6489342008481742,-3.4100143935747638,2.953523632136877,0.9403178095817577,-0.004297801759094,-0.00042978019337169826,-0.12033839946399144,-0.1203383994639956,209.0349224128068,209.0349224128068,209.1552608122708,209.18303904544575,-0.1481166326389598,-0.6072241742754312,0.40481612279545515,0.1981778798704599,11.40928828259684,5.17035500435503,41.014406200041726,24.03258746728868,-0.1509505709022534,0.0,9.940918822761887,0.08886997958337872
baseline,420000,980,Z_mode_existing_controller,25.29716765913249,50.14581733048055,-14.610536744609817,0.23336167274129063,0.9404049515724182,False,False,-0.9404049515724182,-0.09404049813747406,-3.2091573393528847,-3.2091573393528825,195.5779134831052,195.5779134831052,198.78707082245808,196.43481324120725,-0.8568997581020596,-3.4125269462753653,2.9510110794362756,0.9404049813747397,-0.008394397795200348,-0.0008394398028030992,-0.1443431064583861,-0.14434310645838472,209.8888186391778,209.8888186391778,210.0331617456362,210.09793693720013,-0.20911829802233228,-0.6072241742754312,0.40481612279545515,0.23770974966637617,9.966572079994211,4.210289190657441,41.03452560786995,20.35129750813665,-0.22822435724141954,0.0,14.71329012303704,0.12547097881341074
baseline,420000,981,Z_mode_existing_controller,25.292363293427254,50.14341068889479,-18.739214465514124,0.2929836896226079,0.9423624873161316,False,False,-0.9423624873161316,-0.09423624724149704,-3.2181623352122504,-3.21816233521225,196.31780261796288,196.31780261796288,199.53596495317512,197.33503578203917,-1.0172331640762877,-3.414994155025234,2.9485438706864078,0.9423624724149697,-0.005820618476718664,-0.000582061882596463,-0.12946525474399895,-0.12946525474398646,209.93025062657367,209.93025062657367,210.05971588131766,210.15185242121996,-0.22160179464628982,-0.6072241742754312,0.40481612279545515,0.21320833430004754,11.064629736448607,6.823079174721112,39.00511498107709,26.575491678011563,-0.2943552411537631,0.0,18.90060862988139,0.13296107678776536
baseline,420000,982,Z_mode_existing_controller,25.293707198621103,50.145006559335634,-21.058631187109313,0.35271341050104404,0.9487736821174622,False,False,-0.9487736821174622,-0.09487736970186234,-3.2423649173211735,-3.2423649173211846,195.7864953945012,195.78649539450117,199.02886031182237,196.96074430240273,-1.174248907901557,-3.417427071924329,2.9461109537873122,0.9487736970186262,-0.010573460720479488,-0.0010573461186140776,-0.15795395557594502,-0.15795395557593253,209.89010485861786,209.8901048586179,210.0480588141938,210.16527428620157,-0.2751694275836769,-0.6072241742754312,0.40481612279545515,0.260124616686104,7.054511890739401,4.184215658965653,44.82587131674505,21.098260163987856,-0.3343498591411489,0.0,21.22787938970032,0.16510165655020614
baseline,420000,983,Omega_safe_one_step_QP,25.336858858496644,50.142441488742975,-19.98916786042173,0.3436824323217547,0.9175319671630859,False,False,-0.9175319671630859,-0.09175319969654083,-3.1436683800312544,-3.14366838003126,187.1860499986181,187.18604999861807,190.32971837864935,188.33189174826262,-1.1458417496445463,-3.4262220722856958,4.332566990214304,0.9175319969654101,-0.0020220568403601646,-0.0002022056869463995,0.7460950125502797,0.7460950125502713,208.79349881589815,208.79349881589815,208.04740380334786,208.17722117639224,0.6162776395059097,-2.502270342312453,4.148120282687548,0.17986339876983506,7.483964831591392,5.152660100982403,37.71829101675514,24.770556981601576,-0.3253129819756756,0.0,20.684247426101138,-0.3697665837035373
baseline,420000,984,Omega_safe_one_step_QP,25.370413495191936,50.140520141447716,4.082599391941585,-0.06810203342089406,0.8917813897132874,False,False,-0.8917813897132874,-0.08917813748121262,-2.4902178602514535,-2.490217860251445,181.50136444886837,181.50136444886837,183.99158230911982,181.60027641465845,-0.0989119657900801,-2.7924084653327443,4.966380597167256,0.8917813748121229,-0.044673074036836624,-0.004467307589948177,0.6676155043626189,0.6676155043626328,207.2369820117362,207.2369820117362,206.56936650737356,206.6327702310891,0.6042117806470912,-2.3544666127150204,4.2959240122849796,0.1554067302991078,10.905741886090274,6.058516234231845,37.7216591809719,24.756267421781704,0.06835276497045584,0.0,-3.788425088522672,-0.36252706838826043
baseline,420000,985,Omega_safe_one_step_QP,25.35403683743239,50.138532414966,-0.6720778728240475,0.011222202712213565,0.908064067363739,False,False,-0.908064067363739,-0.09080640971660614,-2.853590110890594,-2.8535901108905986,184.6388930695607,184.6388930695607,187.4924831804513,184.91928560063712,-0.2803925310764157,-3.142498552465893,4.616290510034108,0.9080640971660623,-0.1815037578344345,-0.01815037615597248,0.02048835890402223,0.02048835890400974,207.20965228787338,207.20965228787335,207.18916392896935,207.22179734298976,-0.012145055116405956,-2.4164463548745996,4.2339442701254,0.004839071465483158,10.020678908220095,4.947398194330237,38.18756538114426,25.319666480786832,-0.0035370842774433697,0.0,0.6683279240323827,0.007287033069843574
baseline,420000,986,Omega_safe_one_step_QP,25.344392134647535,50.13722788023052,1.9625370685325834,-0.03212144945718731,0.884223461151123,False,False,-0.884223461151123,-0.08842235058546066,-2.9697307504776616,-2.9697307504776655,186.68351452245594,186.68351452245594,189.6532452729336,186.86148181882925,-0.17796729637331055,-3.358574761714123,4.400214300785878,0.8842235058546077,-0.10776146501302719,-0.010776146315038204,0.29278299013101583,0.2927829901310061,207.85497081395786,207.85497081395786,207.56218782382686,207.55666016304093,0.29831065091693176,-2.4537487443603507,4.19664188063965,0.06976601732011031,10.777335541142035,6.516268878870095,41.89125218065549,28.069505124061653,0.03677040490036987,0.0,-1.8203210828824012,-0.17898639055015053
baseline,420000,987,Omega_safe_one_step_QP,25.340118945203457,50.138366290831215,3.983950801438368,-0.06371037538502827,0.8904573321342468,False,False,-0.8904573321342468,-0.08904573321342468,-3.085787185460806,-3.0857871854608088,187.63566944290577,187.63566944290577,190.72145662836658,187.73942099149758,-0.10375154859181634,-3.4653958972574195,4.2933931652425805,0.8904573321342476,-0.04250142350792885,-0.004250142257660627,0.5625916861121225,0.56259168611211,208.4050878149925,208.4050878149925,207.84249612888038,207.8042334176325,0.6008543973599956,-2.481779574865704,4.168611050134297,0.13495902576326602,11.984442160840704,5.731258172028296,40.41759913520113,20.442023595679277,0.06750578232634297,0.0,-3.6909439453484083,-0.36051263841599734
baseline,420000,988,Z_mode_existing_controller,25.31092630153459,50.135270510922986,6.471518916097921,-0.1069204181327438,0.9133210182189941,False,False,-0.9133210182189941,-0.0913321003317833,-3.111298017907444,-3.1112980179074428,193.63596652132014,193.63596652132014,196.7472645392276,193.60565383603833,0.030312685281813856,-3.406576665383794,2.9569613603278473,0.9133210033178324,-0.011519129388034344,-0.0011519129620864987,-0.15990527001237542,-0.15990527001237403,208.77848535764647,208.7784853576465,208.93839062765886,208.87368997208569,-0.09520461443918293,-0.6072241742754312,0.40481612279545515,0.26333811594899137,8.604899858437795,5.772005075975167,41.06312656316781,25.17822670924093,0.11225021718381978,0.0,-6.640891901944997,0.057122768663518286
baseline,420000,989,Omega_safe_one_step_QP,25.33770714858255,50.13510240146355,-1.149180287760828,0.01927684060383267,0.9051916003227234,False,False,-0.9051916003227234,-0.09051916003227234,-3.1843547691952274,-3.1843547691952314,188.061935620201,188.061935620201,191.24629038939625,188.38146562277555,-0.31953000257453823,-3.5178792733603865,4.2409097891396135,0.9051916003227245,-0.0016394801205024123,-0.00016394801787100732,0.7637789835180764,0.763778983518064,208.52237098312477,208.52237098312474,207.7585919996067,207.74037291630262,0.7819980668221262,-2.473389161938333,4.177001463061667,0.18285341536802519,8.922956479312633,5.717712618306096,41.20304561034348,24.101759348349045,-0.01988103017800036,0.0,1.6382601580316987,-0.4691988400932843
baseline,420000,990,Omega_safe_one_step_QP,25.354916522110216,50.13351412280387,12.28426303247943,-0.20933441346626908,0.8820059299468994,False,False,-0.8820059299468994,-0.08820059150457382,-2.8258584012413683,-2.8258584012413768,185.28063528662216,185.28063528662216,188.10649368786352,185.0111673879317,0.26946789869046484,-3.2038996032071156,4.554889459292885,0.8820059150457404,-0.12839007377624512,-0.012839007191359997,0.25042853348017646,0.2504285334801723,207.23397028178454,207.23397028178454,206.98354174830436,206.9260582170345,0.30791206475004174,-2.3958841368081014,4.254506488191899,0.058861946544263154,8.786670325107746,7.201413738640875,37.566883937879666,24.603120855620837,0.20285529737000196,0.0,-12.302371090999259,-0.1847472388500364
baseline,420000,991,Omega_safe_one_step_QP,25.381544989729573,50.13154618838589,29.148458565656256,-0.5006965302352966,0.8376570343971252,False,False,-0.8376570343971252,-0.08376570791006088,-2.265202800533232,-2.2652028005332405,180.84442052994902,180.84442052994902,183.10962333048226,179.88247568899735,0.9619448409516735,-2.7042125674689883,5.054576495031013,0.8376570791006124,0.004877051804214716,0.00048770519788376987,0.9000291107981604,0.9000291107981534,206.69021666781387,206.69021666781387,205.7901875570157,205.70821473761976,0.9820019301941159,-2.276548717679237,4.373841907320763,0.20577540978143732,9.554410393158651,5.411287903481001,40.046617231579404,27.527653141142252,0.47073750658383773,0.0,-29.029994914123563,-0.5892011581164667
baseline,420000,992,Omega_safe_one_step_QP,25.380504439567407,50.13099736947225,26.995818239141045,-0.4414143745760034,0.8727117776870728,False,False,-0.8727117776870728,-0.08727117627859116,-2.39808730276775,-2.39808730276775,181.1479823744726,181.1479823744726,183.54606967724035,180.3136853590338,0.834297015438807,-2.7478572021447976,5.010931860355202,0.8727117627859118,-0.11846306174993515,-0.01184630673378706,0.3856833446106836,0.38568334461067805,206.22475025586084,206.2247502558608,205.83906691125014,205.75422757360033,0.47052268226048,-2.2814366531026784,4.368953971897321,0.08827818903369815,12.470459426299222,5.340381121898119,40.04668781949248,26.508819772832844,0.4426994944145761,0.0,-27.156204124200485,-0.28231360935627947
baseline,420000,993,Z_mode_existing_controller,25.3341447116784,50.13061098544774,6.637543029717563,-0.10572820580545061,0.9359778761863708,False,False,-0.9359778761863708,-0.09359779208898544,-3.181510955449783,-3.1815109554497694,189.72870885596024,189.72870885596026,192.91021981141003,189.6962316602229,0.03247719573735708,-3.399130347460602,2.964407678251039,0.9359779208898504,-0.022154249250888824,-0.00221542501822114,-0.22449365009553496,-0.22449365009553357,207.57977585970718,207.57977585970718,207.8042695098027,207.72127019117121,-0.14149433146403112,-0.6072241742754312,0.40481612279545515,0.3697047311454787,11.745937460129898,5.458083218365054,42.14108907603447,22.262606964243165,0.1173704367818047,0.0,-6.839810065378515,0.08489659887843004
baseline,420000,994,Z_mode_existing_controller,25.3084215240202,50.129076788002315,-1.455162279000433,0.023053721913615058,0.9334932565689087,False,False,-0.9334932565689087,-0.09334933012723923,-3.1755807653047237,-3.1755807653047308,194.57627068187844,194.5762706818784,197.75185144718316,194.8750099201177,-0.2987392382392784,-3.401824909698086,2.961713116013555,0.9334933012723942,-0.009150292724370956,-0.0009150292607955635,-0.1480712826225722,-0.14807128262256247,208.60767577464821,208.60767577464821,208.75574705727078,208.73112109373795,-0.12344531908973977,-0.6072241742754312,0.40481612279545515,0.24384945279763964,10.811736948478003,4.05207714806606,36.990345085855964,23.504339087503666,-0.014940819997384835,0.0,1.3960359075435917,0.07406719145384955
baseline,420000,995,Omega_safe_one_step_QP,25.286112862905583,50.128366132619014,-35.431565854906694,0.5566461009055552,0.9464174509048462,False,False,-0.9464174509048462,-0.09464174509048462,-4.339218344615715,-4.339218344615727,197.57716280827506,197.57716280827506,201.91638115289078,199.30455778866798,-1.7273949803929156,-4.584888349709841,3.173900712790159,0.9464174509048489,-0.11648578941822052,-0.011648579500615597,0.11450481065784363,0.11450481065785612,209.72438032317115,209.72438032317115,209.6098755125133,209.63148641812242,0.09289390504872586,-2.658517513228994,3.9918731117710062,0.02868448155834686,10.287516905205152,4.72366303340041,35.80028350775773,27.00969982253082,-0.5693215232347626,0.0,36.05662372117149,-0.055736343029238355
baseline,420000,996,Omega_safe_one_step_QP,25.28018756060962,50.12998611382882,-29.307742755782783,0.4553572940083707,0.9532895684242249,False,False,-0.9532895684242249,-0.09532895684242249,-4.501768546928425,-4.501768546928425,198.78924540485983,198.78924540485983,203.29101395178824,200.23859227339332,-1.449346868533496,-4.722351629599587,3.0364374329004127,0.9532895684242249,-0.26160213351249695,-0.026160214096307755,-0.559947997077108,-0.5599479970771204,209.42386815889233,209.4238681588923,209.98381615596944,209.9328204597707,-0.5089523008784056,-2.6959115775746074,3.954479047425393,0.20770265676921085,10.75624266166821,4.428498642336198,40.987713070353884,24.854407787309896,-0.46356448236626946,0.0,29.465935857621844,0.30537138052704904
baseline,420000,997,Omega_safe_one_step_QP,25.267346352967117,50.13106051296451,-24.508581358872107,0.39520917741430306,0.9478759765625,False,False,-0.9478759765625,-0.09478759765625,-4.735914416853849,-4.735914416853862,201.2950229077946,201.2950229077946,206.03093732464845,202.59062062835793,-1.295597720563336,-4.996343966885608,2.7624450956143933,0.9478759765625023,-0.3016635775566101,-0.03016635775566101,-0.8010982542942704,-0.8010982542942829,209.8170565546285,209.81705655462846,210.61815480892275,210.5020966741758,-0.6850401195473239,-2.75934544286994,3.8910451821300605,0.29032184294441826,8.003490955208784,5.303389176616846,38.913661276787956,24.988785979592112,-0.3857801586368901,0.0,24.483337445780307,0.4110240717283915
baseline,420000,998,Z_mode_existing_controller,25.30534645439339,50.13164694620082,21.676740359901487,-0.3351407781649796,0.9396299719810486,False,False,-0.9396299719810486,-0.09396299719810486,-3.192154259429071,-3.192154259429075,195.55728982843542,195.5572898284354,198.74944408786448,194.92804947202563,0.6292403564097526,-3.397246101780856,2.9662919239307852,0.9396299719810494,-0.009459446184337139,-0.0009459446300752461,-0.15050321168527947,-0.1505032116852767,208.933669578465,208.933669578465,209.08417279015026,208.90220284501538,0.031466733449605044,-0.6072241742754312,0.40481612279545515,0.24785444661333567,12.314361005217735,5.271478016405238,36.039264322774294,24.079010937936832,0.3605733500588997,0.0,-22.018433669890328,-0.018880040069760184
baseline,420000,999,Omega_safe_one_step_QP,25.271290224921074,50.131726770947594,-24.855869435888962,0.38965011738508587,0.9469466209411621,False,False,-0.9469466209411621,-0.09469466656446457,-4.653498706306398,-4.653498706306411,200.55614047800037,200.55614047800037,205.20963918430678,201.83835521717089,-1.282214739170513,-4.91421415285144,2.8445749096485597,0.9469466656446481,-0.2588777542114258,-0.025887776166200638,-0.5983230827361365,-0.5983230827361408,209.87614785702573,209.87614785702573,210.47447093976186,210.36921692326868,-0.49306906624295266,-2.7449770559538518,3.9054135690461482,0.21797015805227907,9.84346855275079,4.174504064372182,38.30876437611324,28.191295196243203,-0.3919962576364071,0.0,24.95202425378011,0.2958414397457716
